node_name,op_type,device,time_us,time_ms
f1gHrP3EuN,AddN,/job:localhost/replica:0/task:0/device:MUSA:0,22218.0,22.218
vfwkMpxJd8,BitwiseAnd,/job:localhost/replica:0/task:0/device:MUSA:0,21407.0,21.407
OrtjVLMQSq,AddN,/job:localhost/replica:0/task:0/device:MUSA:0,18386.0,18.386
5gLPWskr0B,AddN,/job:localhost/replica:0/task:0/device:MUSA:0,17954.0,17.954
aIkneiCD2o,AddN,/job:localhost/replica:0/task:0/device:MUSA:0,17831.0,17.831
1f0Wnr96M4,AddN,/job:localhost/replica:0/task:0/device:MUSA:0,17274.0,17.274
YprJVeS1bA,AddN,/job:localhost/replica:0/task:0/device:MUSA:0,16227.0,16.227
ktJP4SE57Y,Pack,/job:localhost/replica:0/task:0/device:MUSA:0,4665.0,4.665
GebSXHDvI0,BitwiseAnd,/job:localhost/replica:0/task:0/device:MUSA:0,4297.0,4.297
nAMVak4Kmo,BitwiseAnd,/job:localhost/replica:0/task:0/device:MUSA:0,4240.0,4.24
8kFmUW4f5C,Pack,/job:localhost/replica:0/task:0/device:MUSA:0,2803.0,2.803
FN2tGv7w0r,Slice,/job:localhost/replica:0/task:0/device:MUSA:0,2216.0,2.216
AELpXGoDSB,ConcatV2,/job:localhost/replica:0/task:0/device:MUSA:0,2062.0,2.062
P4nq8UHAfm,Slice,/job:localhost/replica:0/task:0/device:MUSA:0,2032.0,2.032
UDS8WR1atw,Slice,/job:localhost/replica:0/task:0/device:MUSA:0,1834.0,1.834
yR468PMnOB,Slice,/job:localhost/replica:0/task:0/device:MUSA:0,1708.0,1.708
GuUHQ4EjCW,Slice,/job:localhost/replica:0/task:0/device:MUSA:0,1707.0,1.707
L8Z139MmGB,Slice,/job:localhost/replica:0/task:0/device:MUSA:0,1706.0,1.706
0xQB5fHKVe,Sigmoid,/job:localhost/replica:0/task:0/device:MUSA:0,1636.0,1.636
jGUxv2Hdcm,Slice,/job:localhost/replica:0/task:0/device:MUSA:0,1634.0,1.634
9UxY10ynuH,Slice,/job:localhost/replica:0/task:0/device:MUSA:0,1570.0,1.57
u0hkVDCWx8,Slice,/job:localhost/replica:0/task:0/device:MUSA:0,1559.0,1.559
8QTwFKJCkE,Slice,/job:localhost/replica:0/task:0/device:MUSA:0,1531.0,1.531
Mj5p0PsWzm,Slice,/job:localhost/replica:0/task:0/device:MUSA:0,1522.0,1.522
qg93FKBi6A,Slice,/job:localhost/replica:0/task:0/device:MUSA:0,1513.0,1.513
cmMYZBJWT2,ConcatV2,/job:localhost/replica:0/task:0/device:MUSA:0,1474.0,1.474
H5N27WOnVj,Slice,/job:localhost/replica:0/task:0/device:MUSA:0,1407.0,1.407
SqWBJtvguR,Slice,/job:localhost/replica:0/task:0/device:MUSA:0,1388.0,1.388
965nVWqERs,Slice,/job:localhost/replica:0/task:0/device:MUSA:0,1323.0,1.323
8CIWRXPhaq,Const,/job:localhost/replica:0/task:0/device:MUSA:0,1315.0,1.315
o1yrOdncg4,Slice,/job:localhost/replica:0/task:0/device:MUSA:0,1266.0,1.266
7KJWUH6uO0,Reshape,/job:localhost/replica:0/task:0/device:MUSA:0,1203.0,1.203
CjZg2rT1M3,Slice,/job:localhost/replica:0/task:0/device:MUSA:0,1203.0,1.203
tlWJBoXkuz,Slice,/job:localhost/replica:0/task:0/device:MUSA:0,1202.0,1.202
EPHl6oIqfS,Slice,/job:localhost/replica:0/task:0/device:MUSA:0,1194.0,1.194
hqbowCp9JQ,Slice,/job:localhost/replica:0/task:0/device:MUSA:0,1181.0,1.181
G46iNSQ2Po,Slice,/job:localhost/replica:0/task:0/device:MUSA:0,1181.0,1.181
2OPszCmy3N,Slice,/job:localhost/replica:0/task:0/device:MUSA:0,1180.0,1.18
udGkSymo9O,Slice,/job:localhost/replica:0/task:0/device:MUSA:0,1180.0,1.18
oAS4EIBkdN,Slice,/job:localhost/replica:0/task:0/device:MUSA:0,1179.0,1.179
iPY10UzdBv,Slice,/job:localhost/replica:0/task:0/device:MUSA:0,1178.0,1.178
Fs4rUHYToR,Slice,/job:localhost/replica:0/task:0/device:MUSA:0,1178.0,1.178
hBrmbuLzqx,Slice,/job:localhost/replica:0/task:0/device:MUSA:0,1177.0,1.177
xt6pDjS3G5,StridedSlice,/job:localhost/replica:0/task:0/device:MUSA:0,1177.0,1.177
iZbmCVHljf,Slice,/job:localhost/replica:0/task:0/device:MUSA:0,1176.0,1.176
eW2k6J8Bip,Slice,/job:localhost/replica:0/task:0/device:MUSA:0,1175.0,1.175
zNMZ9FRWQX,Conv2D,/job:localhost/replica:0/task:0/device:MUSA:0,1175.0,1.175
5F8CneJm1u,Slice,/job:localhost/replica:0/task:0/device:MUSA:0,1174.0,1.174
azpSDv19JU,Slice,/job:localhost/replica:0/task:0/device:MUSA:0,1173.0,1.173
L8egv3nT6c,Slice,/job:localhost/replica:0/task:0/device:MUSA:0,1173.0,1.173
w8OQbif3NR,Prod,/job:localhost/replica:0/task:0/device:MUSA:0,1173.0,1.173
RCjd8zmJbh,Mean,/job:localhost/replica:0/task:0/device:MUSA:0,1173.0,1.173
1JoDpnvbEk,Slice,/job:localhost/replica:0/task:0/device:MUSA:0,1173.0,1.173
0oQ6HSB7R1,Slice,/job:localhost/replica:0/task:0/device:MUSA:0,1173.0,1.173
4Q2pTPrevJ,Slice,/job:localhost/replica:0/task:0/device:MUSA:0,1172.0,1.172
vlUqrEV1xt,Slice,/job:localhost/replica:0/task:0/device:MUSA:0,1172.0,1.172
L54RuswyIa,Slice,/job:localhost/replica:0/task:0/device:MUSA:0,1172.0,1.172
krmCKTew2F,Slice,/job:localhost/replica:0/task:0/device:MUSA:0,1170.0,1.17
ConstantFolding/pbxQ97ftHJ_const_axis,Pack,/job:localhost/replica:0/task:0/device:MUSA:0,1169.0,1.169
Q7bcwfuUv6,Slice,/job:localhost/replica:0/task:0/device:MUSA:0,1168.0,1.168
3dtGcJ42Ek,Slice,/job:localhost/replica:0/task:0/device:MUSA:0,1168.0,1.168
z9psGSfBqV,Slice,/job:localhost/replica:0/task:0/device:MUSA:0,1167.0,1.167
8DvxKWCNGu,Slice,/job:localhost/replica:0/task:0/device:MUSA:0,1166.0,1.166
DmNLt3sU4M,Equal,/job:localhost/replica:0/task:0/device:MUSA:0,1166.0,1.166
7B4GPWCFrd,Slice,/job:localhost/replica:0/task:0/device:MUSA:0,1166.0,1.166
gCbtPl2W5k,Slice,/job:localhost/replica:0/task:0/device:MUSA:0,1165.0,1.165
PCWoTbBZX3,Slice,/job:localhost/replica:0/task:0/device:MUSA:0,1165.0,1.165
91O84hfuC7,Slice,/job:localhost/replica:0/task:0/device:MUSA:0,1165.0,1.165
z2UXSc0Qny,Sigmoid,/job:localhost/replica:0/task:0/device:MUSA:0,1164.0,1.164
ConstantFolding/emCFzjnNEg_const_axis,Pack,/job:localhost/replica:0/task:0/device:MUSA:0,1164.0,1.164
bjQGINx1pe,Slice,/job:localhost/replica:0/task:0/device:MUSA:0,1164.0,1.164
UpWx4QcLde,Slice,/job:localhost/replica:0/task:0/device:MUSA:0,1162.0,1.162
SmovxtgDE2,Slice,/job:localhost/replica:0/task:0/device:MUSA:0,1162.0,1.162
L7sDdZQiyG,Slice,/job:localhost/replica:0/task:0/device:MUSA:0,1161.0,1.161
c3g9I1hdjN,Slice,/job:localhost/replica:0/task:0/device:MUSA:0,1160.0,1.16
sIpAWxgPer,Equal,/job:localhost/replica:0/task:0/device:MUSA:0,1159.0,1.159
MaGTyeSs4E,StridedSlice,/job:localhost/replica:0/task:0/device:MUSA:0,1158.0,1.158
p4gXeAwiyl,Equal,/job:localhost/replica:0/task:0/device:MUSA:0,1156.0,1.156
MRL3WHjy0N,Slice,/job:localhost/replica:0/task:0/device:MUSA:0,1156.0,1.156
9MPLpwESB0,Slice,/job:localhost/replica:0/task:0/device:MUSA:0,1155.0,1.155
BPdxjWGkmK,Slice,/job:localhost/replica:0/task:0/device:MUSA:0,1155.0,1.155
NTL2ZEIXkr,Greater,/job:localhost/replica:0/task:0/device:MUSA:0,1155.0,1.155
V3Rpiv7YdO,Slice,/job:localhost/replica:0/task:0/device:MUSA:0,1154.0,1.154
TKsvkJaniG,Slice,/job:localhost/replica:0/task:0/device:MUSA:0,1153.0,1.153
WXLAZ5SFMl,Slice,/job:localhost/replica:0/task:0/device:MUSA:0,1152.0,1.152
4jU6IDFtwZ,Pack,/job:localhost/replica:0/task:0/device:MUSA:0,1152.0,1.152
czb0nuxXa9,Slice,/job:localhost/replica:0/task:0/device:MUSA:0,1148.0,1.148
tWp8wnM3Pl,Slice,/job:localhost/replica:0/task:0/device:MUSA:0,1147.0,1.147
TEWyq4S21w,Slice,/job:localhost/replica:0/task:0/device:MUSA:0,1146.0,1.146
H1etncWw6X,Slice,/job:localhost/replica:0/task:0/device:MUSA:0,1146.0,1.146
85WKAvis74,ConcatV2,/job:localhost/replica:0/task:0/device:MUSA:0,1146.0,1.146
JRSWDvh5fm,Slice,/job:localhost/replica:0/task:0/device:MUSA:0,1145.0,1.145
Z6jshSCIHw,Slice,/job:localhost/replica:0/task:0/device:MUSA:0,1145.0,1.145
kcgbUnN4xz,Cast,/job:localhost/replica:0/task:0/device:MUSA:0,1143.0,1.143
KxHlFWgwvy,Slice,/job:localhost/replica:0/task:0/device:MUSA:0,1141.0,1.141
pP368JjIoE,Slice,/job:localhost/replica:0/task:0/device:MUSA:0,1140.0,1.14
AMIUWDERa3,Slice,/job:localhost/replica:0/task:0/device:MUSA:0,1140.0,1.14
Tq4kDK9P0d,Slice,/job:localhost/replica:0/task:0/device:MUSA:0,1139.0,1.139
XR4NkG0wK1,Slice,/job:localhost/replica:0/task:0/device:MUSA:0,1139.0,1.139
FUsvHobWSc,Slice,/job:localhost/replica:0/task:0/device:MUSA:0,1139.0,1.139
yqW4mAJ9pn,Equal,/job:localhost/replica:0/task:0/device:MUSA:0,1138.0,1.138
meXuZpYcaf,Slice,/job:localhost/replica:0/task:0/device:MUSA:0,1138.0,1.138
ZlPFoQHeac,Slice,/job:localhost/replica:0/task:0/device:MUSA:0,1137.0,1.137
nuspVQ032q,Slice,/job:localhost/replica:0/task:0/device:MUSA:0,1136.0,1.136
PcQKO3IEiS,Slice,/job:localhost/replica:0/task:0/device:MUSA:0,1136.0,1.136
gsB7PdI5UG,Less,/job:localhost/replica:0/task:0/device:MUSA:0,1134.0,1.134
UQ2fxSug1i,Slice,/job:localhost/replica:0/task:0/device:MUSA:0,1134.0,1.134
ConstantFolding/K2hDY4wcIa_const_axis,Pack,/job:localhost/replica:0/task:0/device:MUSA:0,1133.0,1.133
O4LQNg8rKh,Slice,/job:localhost/replica:0/task:0/device:MUSA:0,1133.0,1.133
FgQTk6zvHq,Slice,/job:localhost/replica:0/task:0/device:MUSA:0,1132.0,1.132
VlkPmUwoaz,Equal,/job:localhost/replica:0/task:0/device:MUSA:0,1131.0,1.131
16qwDNrcby,Slice,/job:localhost/replica:0/task:0/device:MUSA:0,1130.0,1.13
umAJVERS17,Slice,/job:localhost/replica:0/task:0/device:MUSA:0,1129.0,1.129
CH67zsca3i,ConcatV2,/job:localhost/replica:0/task:0/device:MUSA:0,1129.0,1.129
pT5fwlYatB,Fill,/job:localhost/replica:0/task:0/device:MUSA:0,1128.0,1.128
qo1z3NGPRs,Slice,/job:localhost/replica:0/task:0/device:MUSA:0,1128.0,1.128
CXbyL9IHuG,ConcatV2,/job:localhost/replica:0/task:0/device:MUSA:0,1127.0,1.127
RLPiUs65wM,Slice,/job:localhost/replica:0/task:0/device:MUSA:0,1127.0,1.127
TPuJyadMjb,Slice,/job:localhost/replica:0/task:0/device:MUSA:0,1127.0,1.127
E3zk6udwhR,Slice,/job:localhost/replica:0/task:0/device:MUSA:0,1126.0,1.126
WjzgMd3Kv9,Cast,/job:localhost/replica:0/task:0/device:MUSA:0,1126.0,1.126
u2J1kTxUin,Fill,/job:localhost/replica:0/task:0/device:MUSA:0,1126.0,1.126
6cQmgH7Rkt,Equal,/job:localhost/replica:0/task:0/device:MUSA:0,1126.0,1.126
oEwfPp4Ihd,Slice,/job:localhost/replica:0/task:0/device:MUSA:0,1125.0,1.125
l4QMRpiSxq,Slice,/job:localhost/replica:0/task:0/device:MUSA:0,1125.0,1.125
W35Y1NrocU,Select,/job:localhost/replica:0/task:0/device:MUSA:0,1124.0,1.124
EpGr5QZgoy,Slice,/job:localhost/replica:0/task:0/device:MUSA:0,1124.0,1.124
NmXojIrOyd,Slice,/job:localhost/replica:0/task:0/device:MUSA:0,1124.0,1.124
ConstantFolding/4jUPEnxl7X_const_axis,Pack,/job:localhost/replica:0/task:0/device:MUSA:0,1123.0,1.123
aQjzD90AJk,Slice,/job:localhost/replica:0/task:0/device:MUSA:0,1123.0,1.123
2fpvZyd5ue,Slice,/job:localhost/replica:0/task:0/device:MUSA:0,1123.0,1.123
ConstantFolding/Kifbv8qD60_const_axis,Pack,/job:localhost/replica:0/task:0/device:MUSA:0,1122.0,1.122
aMXdC7sOLt,Slice,/job:localhost/replica:0/task:0/device:MUSA:0,1121.0,1.121
1Jnf2UZM9L,Reshape,/job:localhost/replica:0/task:0/device:MUSA:0,1121.0,1.121
E4wfHdiGhB,Slice,/job:localhost/replica:0/task:0/device:MUSA:0,1121.0,1.121
ConstantFolding/oSh7smfZCJ_const_axis,Pack,/job:localhost/replica:0/task:0/device:MUSA:0,1120.0,1.12
9GBVWH7UfN,Slice,/job:localhost/replica:0/task:0/device:MUSA:0,1120.0,1.12
YHBpUA2J3o,Slice,/job:localhost/replica:0/task:0/device:MUSA:0,1120.0,1.12
cFv0KDEBXh,Slice,/job:localhost/replica:0/task:0/device:MUSA:0,1120.0,1.12
HTp3KQbEsa,Slice,/job:localhost/replica:0/task:0/device:MUSA:0,1119.0,1.119
l6JOqXVgfy,Slice,/job:localhost/replica:0/task:0/device:MUSA:0,1119.0,1.119
OJosWIEg8x,Slice,/job:localhost/replica:0/task:0/device:MUSA:0,1118.0,1.118
cd2B4LsawU,Slice,/job:localhost/replica:0/task:0/device:MUSA:0,1117.0,1.117
HxzpX1egAV,Slice,/job:localhost/replica:0/task:0/device:MUSA:0,1117.0,1.117
dYVwDFO8tf,Pack,/job:localhost/replica:0/task:0/device:MUSA:0,1117.0,1.117
2wivYnADp6,Slice,/job:localhost/replica:0/task:0/device:MUSA:0,1117.0,1.117
o2eAyHbntr,Slice,/job:localhost/replica:0/task:0/device:MUSA:0,1115.0,1.115
AxUrR27L3m,Slice,/job:localhost/replica:0/task:0/device:MUSA:0,1115.0,1.115
FskEVGxzAS,Slice,/job:localhost/replica:0/task:0/device:MUSA:0,1115.0,1.115
B19z3Tw2jL,Slice,/job:localhost/replica:0/task:0/device:MUSA:0,1113.0,1.113
IpAVRT4Mjq,Slice,/job:localhost/replica:0/task:0/device:MUSA:0,1113.0,1.113
vEyC0MDAFx,Slice,/job:localhost/replica:0/task:0/device:MUSA:0,1111.0,1.111
yzNTtARg4S,Prod,/job:localhost/replica:0/task:0/device:MUSA:0,1111.0,1.111
4wu1VgWhKQ,Slice,/job:localhost/replica:0/task:0/device:MUSA:0,1111.0,1.111
fErmtUnIW8,Slice,/job:localhost/replica:0/task:0/device:MUSA:0,1111.0,1.111
shitHbDzrE,Slice,/job:localhost/replica:0/task:0/device:MUSA:0,1111.0,1.111
78jZfKHOkW,Slice,/job:localhost/replica:0/task:0/device:MUSA:0,1109.0,1.109
xRj2QrDFBq,Slice,/job:localhost/replica:0/task:0/device:MUSA:0,1109.0,1.109
jcwYsBpGHF,Slice,/job:localhost/replica:0/task:0/device:MUSA:0,1108.0,1.108
m1t8cQZDXs,Slice,/job:localhost/replica:0/task:0/device:MUSA:0,1108.0,1.108
hRuGsyeXWB,Slice,/job:localhost/replica:0/task:0/device:MUSA:0,1105.0,1.105
CH783hyGap,Slice,/job:localhost/replica:0/task:0/device:MUSA:0,1105.0,1.105
IXLGUDKjHu,Slice,/job:localhost/replica:0/task:0/device:MUSA:0,1105.0,1.105
OnouUdAlZR,Slice,/job:localhost/replica:0/task:0/device:MUSA:0,1105.0,1.105
0ozwy2XlsP,Slice,/job:localhost/replica:0/task:0/device:MUSA:0,1104.0,1.104
xgl4kv7tfY,Slice,/job:localhost/replica:0/task:0/device:MUSA:0,1103.0,1.103
4K2HVJAkyc,Slice,/job:localhost/replica:0/task:0/device:MUSA:0,1102.0,1.102
Y8yzvNs0eg,Slice,/job:localhost/replica:0/task:0/device:MUSA:0,1100.0,1.1
bw1LjA2Upq,Slice,/job:localhost/replica:0/task:0/device:MUSA:0,1099.0,1.099
9JUCsqPljL,Slice,/job:localhost/replica:0/task:0/device:MUSA:0,1097.0,1.097
Hy6CnEjz51,Slice,/job:localhost/replica:0/task:0/device:MUSA:0,1097.0,1.097
uKdzfwVtCT,Slice,/job:localhost/replica:0/task:0/device:MUSA:0,1096.0,1.096
ZmSQKG5J9s,Slice,/job:localhost/replica:0/task:0/device:MUSA:0,1096.0,1.096
V3sbMuYa9h,Slice,/job:localhost/replica:0/task:0/device:MUSA:0,1096.0,1.096
EKFunQ28mk,Slice,/job:localhost/replica:0/task:0/device:MUSA:0,1095.0,1.095
QcPBOj9lr5,Slice,/job:localhost/replica:0/task:0/device:MUSA:0,1094.0,1.094
wiXvuxRnkf,Slice,/job:localhost/replica:0/task:0/device:MUSA:0,1094.0,1.094
fsM3Zmitqh,Slice,/job:localhost/replica:0/task:0/device:MUSA:0,1093.0,1.093
w1GvoIZ4tP,Slice,/job:localhost/replica:0/task:0/device:MUSA:0,1091.0,1.091
wxDko9TtNF,Slice,/job:localhost/replica:0/task:0/device:MUSA:0,1091.0,1.091
HwSGrPcmfd,Slice,/job:localhost/replica:0/task:0/device:MUSA:0,1090.0,1.09
ZoWuywGIRJ,Slice,/job:localhost/replica:0/task:0/device:MUSA:0,1090.0,1.09
wv1XAteZYl,Slice,/job:localhost/replica:0/task:0/device:MUSA:0,1090.0,1.09
aBylbgZVT9,Slice,/job:localhost/replica:0/task:0/device:MUSA:0,1090.0,1.09
2C9Avjdieb,Slice,/job:localhost/replica:0/task:0/device:MUSA:0,1089.0,1.089
bxoyfhO9si,Slice,/job:localhost/replica:0/task:0/device:MUSA:0,1088.0,1.088
ZNbFUEC8wv,Slice,/job:localhost/replica:0/task:0/device:MUSA:0,1087.0,1.087
THOMBqUvyb,Slice,/job:localhost/replica:0/task:0/device:MUSA:0,1086.0,1.086
rYMhWjQ4x5,Slice,/job:localhost/replica:0/task:0/device:MUSA:0,1085.0,1.085
mwaCKRk8qH,Slice,/job:localhost/replica:0/task:0/device:MUSA:0,1083.0,1.083
SxqHYzMbEZ,Slice,/job:localhost/replica:0/task:0/device:MUSA:0,1082.0,1.082
LBxXJhRAKH,Slice,/job:localhost/replica:0/task:0/device:MUSA:0,1082.0,1.082
AYfPrgqxMI,Slice,/job:localhost/replica:0/task:0/device:MUSA:0,1076.0,1.076
3FN1By9ZO8,Slice,/job:localhost/replica:0/task:0/device:MUSA:0,1076.0,1.076
VqyjvRPAdU,Slice,/job:localhost/replica:0/task:0/device:MUSA:0,1067.0,1.067
uDr2sH3PAg,Slice,/job:localhost/replica:0/task:0/device:MUSA:0,1066.0,1.066
U0Y8trl1gO,Fill,/job:localhost/replica:0/task:0/device:MUSA:0,1066.0,1.066
xfeGDtXgdK,Slice,/job:localhost/replica:0/task:0/device:MUSA:0,1060.0,1.06
m8eFUjn4Za,Cast,/job:localhost/replica:0/task:0/device:MUSA:0,1059.0,1.059
ayJ2jf3n0V,Slice,/job:localhost/replica:0/task:0/device:MUSA:0,1057.0,1.057
T4arOHRAmn,Slice,/job:localhost/replica:0/task:0/device:MUSA:0,1056.0,1.056
3pvfOt6zWY,Pow,/job:localhost/replica:0/task:0/device:MUSA:0,1055.0,1.055
wXhYpomfSH,Slice,/job:localhost/replica:0/task:0/device:MUSA:0,1054.0,1.054
qxY4AUswGM,Slice,/job:localhost/replica:0/task:0/device:MUSA:0,1053.0,1.053
1CylFMiHAu,Slice,/job:localhost/replica:0/task:0/device:MUSA:0,1052.0,1.052
h702cCSiIH,Slice,/job:localhost/replica:0/task:0/device:MUSA:0,1051.0,1.051
4eBRmk79Uv,Slice,/job:localhost/replica:0/task:0/device:MUSA:0,1050.0,1.05
4jdxV7ewWY,Slice,/job:localhost/replica:0/task:0/device:MUSA:0,1049.0,1.049
iWmboEqH50,Slice,/job:localhost/replica:0/task:0/device:MUSA:0,1044.0,1.044
5akzun4ZOs,ConcatV2,/job:localhost/replica:0/task:0/device:MUSA:0,1044.0,1.044
6SPGm8Z1Dk,RandomUniform,/job:localhost/replica:0/task:0/device:MUSA:0,1044.0,1.044
8dwQgcEAxq,Slice,/job:localhost/replica:0/task:0/device:MUSA:0,1044.0,1.044
yolQY9kFI7,Slice,/job:localhost/replica:0/task:0/device:MUSA:0,1043.0,1.043
brIeKl9ptO,Slice,/job:localhost/replica:0/task:0/device:MUSA:0,1043.0,1.043
VLR6dhAfeY,Slice,/job:localhost/replica:0/task:0/device:MUSA:0,1041.0,1.041
rg9ui5wf3P,Prod,/job:localhost/replica:0/task:0/device:MUSA:0,1041.0,1.041
1vHrAt4Eyn,Slice,/job:localhost/replica:0/task:0/device:MUSA:0,1041.0,1.041
6Wh42aZoiQ,Slice,/job:localhost/replica:0/task:0/device:MUSA:0,1039.0,1.039
Jq0l3nEeSG,Slice,/job:localhost/replica:0/task:0/device:MUSA:0,1038.0,1.038
KsDW95RjpO,Slice,/job:localhost/replica:0/task:0/device:MUSA:0,1037.0,1.037
DQLOrMJnqw,Slice,/job:localhost/replica:0/task:0/device:MUSA:0,1036.0,1.036
X1eVxTJgsZ,Slice,/job:localhost/replica:0/task:0/device:MUSA:0,1036.0,1.036
VZC2SWXGak,Slice,/job:localhost/replica:0/task:0/device:MUSA:0,1036.0,1.036
kV618r2WPu,Slice,/job:localhost/replica:0/task:0/device:MUSA:0,1036.0,1.036
komjfviQyU,Reshape,/job:localhost/replica:0/task:0/device:MUSA:0,1035.0,1.035
SxTCo59vrB,Slice,/job:localhost/replica:0/task:0/device:MUSA:0,1034.0,1.034
HoaiS93cfK,Slice,/job:localhost/replica:0/task:0/device:MUSA:0,1032.0,1.032
1V0jO8c6tL,Slice,/job:localhost/replica:0/task:0/device:MUSA:0,1030.0,1.03
2ta8ESICsd,Tanh,/job:localhost/replica:0/task:0/device:MUSA:0,1030.0,1.03
PRQdHmTh6Y,Slice,/job:localhost/replica:0/task:0/device:MUSA:0,1030.0,1.03
b0dtw78UXH,Sum,/job:localhost/replica:0/task:0/device:MUSA:0,1029.0,1.029
AyF6rDLYMO,Slice,/job:localhost/replica:0/task:0/device:MUSA:0,1029.0,1.029
IKepuUN205,Slice,/job:localhost/replica:0/task:0/device:MUSA:0,1027.0,1.027
icSmXBINnE,Slice,/job:localhost/replica:0/task:0/device:MUSA:0,1027.0,1.027
bLnrls5W7E,SquaredDifference,/job:localhost/replica:0/task:0/device:MUSA:0,1026.0,1.026
vOnaCqR1Gl,Prod,/job:localhost/replica:0/task:0/device:MUSA:0,1026.0,1.026
IKgOn4irbR,Fill,/job:localhost/replica:0/task:0/device:MUSA:0,1026.0,1.026
IAoH8Fe5G4,Slice,/job:localhost/replica:0/task:0/device:MUSA:0,1025.0,1.025
xknCWE7USo,Slice,/job:localhost/replica:0/task:0/device:MUSA:0,1025.0,1.025
TyOQbKp2cG,Slice,/job:localhost/replica:0/task:0/device:MUSA:0,1024.0,1.024
RjM8xVr7c6,Slice,/job:localhost/replica:0/task:0/device:MUSA:0,1024.0,1.024
U6xDSEQIJd,Slice,/job:localhost/replica:0/task:0/device:MUSA:0,1024.0,1.024
X0AziLFnhk,Slice,/job:localhost/replica:0/task:0/device:MUSA:0,1024.0,1.024
xGZ9lhAs5Y,Slice,/job:localhost/replica:0/task:0/device:MUSA:0,1024.0,1.024
7MuFknvUYL,Slice,/job:localhost/replica:0/task:0/device:MUSA:0,1023.0,1.023
krCVRKIfQW,Slice,/job:localhost/replica:0/task:0/device:MUSA:0,1023.0,1.023
DCJ0udWxr4,Slice,/job:localhost/replica:0/task:0/device:MUSA:0,1021.0,1.021
xaPk8KcQ3N,Slice,/job:localhost/replica:0/task:0/device:MUSA:0,1021.0,1.021
O90QpvFiek,Slice,/job:localhost/replica:0/task:0/device:MUSA:0,1021.0,1.021
tmwY0gW9d1,Slice,/job:localhost/replica:0/task:0/device:MUSA:0,1020.0,1.02
YMwSy6ZhJq,Slice,/job:localhost/replica:0/task:0/device:MUSA:0,1020.0,1.02
Kp1aDSPQLs,Slice,/job:localhost/replica:0/task:0/device:MUSA:0,1020.0,1.02
dVOkGRNHgm,Slice,/job:localhost/replica:0/task:0/device:MUSA:0,1019.0,1.019
eK8brp3kYT,Slice,/job:localhost/replica:0/task:0/device:MUSA:0,1019.0,1.019
rxmeDuzOcj,Slice,/job:localhost/replica:0/task:0/device:MUSA:0,1018.0,1.018
mN9uHKLpcs,Fill,/job:localhost/replica:0/task:0/device:MUSA:0,1016.0,1.016
xTp7rozZcK,Slice,/job:localhost/replica:0/task:0/device:MUSA:0,1016.0,1.016
NGgEmfey8M,Slice,/job:localhost/replica:0/task:0/device:MUSA:0,1015.0,1.015
Bs3J6AqQoC,Slice,/job:localhost/replica:0/task:0/device:MUSA:0,1015.0,1.015
wNo8pLXyVM,Slice,/job:localhost/replica:0/task:0/device:MUSA:0,1014.0,1.014
BRm0lFQUWA,Slice,/job:localhost/replica:0/task:0/device:MUSA:0,1014.0,1.014
zvQRxK3bDk,Slice,/job:localhost/replica:0/task:0/device:MUSA:0,1013.0,1.013
Xtsvd1a0lg,Pack,/job:localhost/replica:0/task:0/device:MUSA:0,1013.0,1.013
SdPybVZo83,Slice,/job:localhost/replica:0/task:0/device:MUSA:0,1013.0,1.013
cUBJemijPX,Prod,/job:localhost/replica:0/task:0/device:MUSA:0,1012.0,1.012
DfoBXYLazu,Slice,/job:localhost/replica:0/task:0/device:MUSA:0,1011.0,1.011
6ZRB5Q7OsG,Slice,/job:localhost/replica:0/task:0/device:MUSA:0,1011.0,1.011
FoJKlb2Qi0,Slice,/job:localhost/replica:0/task:0/device:MUSA:0,1011.0,1.011
sInQV1oDye,Slice,/job:localhost/replica:0/task:0/device:MUSA:0,1011.0,1.011
NKG5Y2FstO,Slice,/job:localhost/replica:0/task:0/device:MUSA:0,1010.0,1.01
sDHUNoWr9h,Slice,/job:localhost/replica:0/task:0/device:MUSA:0,1010.0,1.01
xwfb09YjtM,Slice,/job:localhost/replica:0/task:0/device:MUSA:0,1010.0,1.01
oGgIJhCcWF,Slice,/job:localhost/replica:0/task:0/device:MUSA:0,1009.0,1.009
j2DzwdgErl,Slice,/job:localhost/replica:0/task:0/device:MUSA:0,1009.0,1.009
wDPio3OZqz,Prod,/job:localhost/replica:0/task:0/device:MUSA:0,1008.0,1.008
Vs4Zyo5zMG,Slice,/job:localhost/replica:0/task:0/device:MUSA:0,1008.0,1.008
HxFbTZaQ7B,Slice,/job:localhost/replica:0/task:0/device:MUSA:0,1008.0,1.008
ZKkT1Pe0gD,Slice,/job:localhost/replica:0/task:0/device:MUSA:0,1008.0,1.008
J7MGhfb3PN,Slice,/job:localhost/replica:0/task:0/device:MUSA:0,1008.0,1.008
vFX0JHeSBa,Sigmoid,/job:localhost/replica:0/task:0/device:MUSA:0,1008.0,1.008
FWDg897x0I,Slice,/job:localhost/replica:0/task:0/device:MUSA:0,1007.0,1.007
KA5gs8G7Oo,Slice,/job:localhost/replica:0/task:0/device:MUSA:0,1007.0,1.007
DvG8bzxeNR,Slice,/job:localhost/replica:0/task:0/device:MUSA:0,1007.0,1.007
aHW4zuZA75,Select,/job:localhost/replica:0/task:0/device:MUSA:0,1007.0,1.007
m4p0xaTIle,Slice,/job:localhost/replica:0/task:0/device:MUSA:0,1007.0,1.007
EL3Srij0cP,Slice,/job:localhost/replica:0/task:0/device:MUSA:0,1006.0,1.006
JdSQ9yjWxB,Slice,/job:localhost/replica:0/task:0/device:MUSA:0,1006.0,1.006
Fbm4vcXOqN,Slice,/job:localhost/replica:0/task:0/device:MUSA:0,1006.0,1.006
6VNOLeKk0Q,Slice,/job:localhost/replica:0/task:0/device:MUSA:0,1006.0,1.006
6gDKNeSRzu,Slice,/job:localhost/replica:0/task:0/device:MUSA:0,1004.0,1.004
p1c0NWKevZ,Slice,/job:localhost/replica:0/task:0/device:MUSA:0,1004.0,1.004
V5Mk2TIKqU,Slice,/job:localhost/replica:0/task:0/device:MUSA:0,1003.0,1.003
nzXON2BCef,Slice,/job:localhost/replica:0/task:0/device:MUSA:0,1003.0,1.003
cLufJXwyln,Slice,/job:localhost/replica:0/task:0/device:MUSA:0,1003.0,1.003
9Nk8VDSIZf,Pack,/job:localhost/replica:0/task:0/device:MUSA:0,1003.0,1.003
x3ZfUEHDVa,Slice,/job:localhost/replica:0/task:0/device:MUSA:0,1003.0,1.003
8oa9bnf3jJ,Slice,/job:localhost/replica:0/task:0/device:MUSA:0,1002.0,1.002
jMCWrDbP9f,Slice,/job:localhost/replica:0/task:0/device:MUSA:0,1001.0,1.001
mpSHOtKvw6,Slice,/job:localhost/replica:0/task:0/device:MUSA:0,1001.0,1.001
eXLqndgs1I,Slice,/job:localhost/replica:0/task:0/device:MUSA:0,1001.0,1.001
vjzaotcT9S,Slice,/job:localhost/replica:0/task:0/device:MUSA:0,1001.0,1.001
a0zUkT3yen,Slice,/job:localhost/replica:0/task:0/device:MUSA:0,1001.0,1.001
Wb6drje8Ul,Slice,/job:localhost/replica:0/task:0/device:MUSA:0,1000.0,1.0
GX7Mu1k8ZR,Sum,/job:localhost/replica:0/task:0/device:MUSA:0,1000.0,1.0
hq9ikPo7FY,Slice,/job:localhost/replica:0/task:0/device:MUSA:0,999.0,0.999
us5wIv91TD,Slice,/job:localhost/replica:0/task:0/device:MUSA:0,998.0,0.998
NxqRDjU7Tm,Slice,/job:localhost/replica:0/task:0/device:MUSA:0,998.0,0.998
4NPJ7UGHXi,Slice,/job:localhost/replica:0/task:0/device:MUSA:0,998.0,0.998
0BlI6RazJC,Slice,/job:localhost/replica:0/task:0/device:MUSA:0,998.0,0.998
bIR2fmPVsQ,Slice,/job:localhost/replica:0/task:0/device:MUSA:0,998.0,0.998
TFNgBtVjaf,Slice,/job:localhost/replica:0/task:0/device:MUSA:0,998.0,0.998
1OrwHYk0zR,Slice,/job:localhost/replica:0/task:0/device:MUSA:0,997.0,0.997
GrcMvVsj4m,Slice,/job:localhost/replica:0/task:0/device:MUSA:0,997.0,0.997
4DhfXPcwou,Slice,/job:localhost/replica:0/task:0/device:MUSA:0,996.0,0.996
7swxdC1Vzi,Sigmoid,/job:localhost/replica:0/task:0/device:MUSA:0,996.0,0.996
nr4MCvideg,Slice,/job:localhost/replica:0/task:0/device:MUSA:0,996.0,0.996
w2YWVCTH0v,Slice,/job:localhost/replica:0/task:0/device:MUSA:0,996.0,0.996
myp1IFExjk,Slice,/job:localhost/replica:0/task:0/device:MUSA:0,995.0,0.995
h3bl41EoAM,Slice,/job:localhost/replica:0/task:0/device:MUSA:0,995.0,0.995
e6ElZ7rnhR,Slice,/job:localhost/replica:0/task:0/device:MUSA:0,995.0,0.995
h4aopcftMG,Slice,/job:localhost/replica:0/task:0/device:MUSA:0,994.0,0.994
yKkVRCZ4a3,Slice,/job:localhost/replica:0/task:0/device:MUSA:0,994.0,0.994
JrjvuxCN6K,Pow,/job:localhost/replica:0/task:0/device:MUSA:0,994.0,0.994
EzNLo9dF0w,Slice,/job:localhost/replica:0/task:0/device:MUSA:0,994.0,0.994
w0G2UdDyM3,Slice,/job:localhost/replica:0/task:0/device:MUSA:0,993.0,0.993
zdU7lHb42T,MatMul,/job:localhost/replica:0/task:0/device:MUSA:0,993.0,0.993
UCkVarqfdQ,Slice,/job:localhost/replica:0/task:0/device:MUSA:0,993.0,0.993
leEbiI0C8B,Slice,/job:localhost/replica:0/task:0/device:MUSA:0,992.0,0.992
4TD2MYWwg3,Slice,/job:localhost/replica:0/task:0/device:MUSA:0,992.0,0.992
Zwu18sKmMW,Slice,/job:localhost/replica:0/task:0/device:MUSA:0,991.0,0.991
xTGRDlAEju,Slice,/job:localhost/replica:0/task:0/device:MUSA:0,990.0,0.99
qwCzxFUi65,Slice,/job:localhost/replica:0/task:0/device:MUSA:0,990.0,0.99
4qfZRDPBKl,Slice,/job:localhost/replica:0/task:0/device:MUSA:0,989.0,0.989
QFfGBvnhUs,Mul,/job:localhost/replica:0/task:0/device:MUSA:0,989.0,0.989
vMH3cRusJE,Slice,/job:localhost/replica:0/task:0/device:MUSA:0,989.0,0.989
FqEcQBwlSO,Slice,/job:localhost/replica:0/task:0/device:MUSA:0,989.0,0.989
6YOQzng1Fq,Slice,/job:localhost/replica:0/task:0/device:MUSA:0,989.0,0.989
LDcJUVbQvT,RealDiv,/job:localhost/replica:0/task:0/device:MUSA:0,989.0,0.989
dsO7SmCHUa,Slice,/job:localhost/replica:0/task:0/device:MUSA:0,988.0,0.988
db8aVzqeHM,Slice,/job:localhost/replica:0/task:0/device:MUSA:0,987.0,0.987
B8lvMqmypo,Slice,/job:localhost/replica:0/task:0/device:MUSA:0,986.0,0.986
yIDYhmstf7,Slice,/job:localhost/replica:0/task:0/device:MUSA:0,985.0,0.985
x3jgPNdIR1,Slice,/job:localhost/replica:0/task:0/device:MUSA:0,984.0,0.984
XYEND5kpKx,Slice,/job:localhost/replica:0/task:0/device:MUSA:0,983.0,0.983
iEyMToxshc,Slice,/job:localhost/replica:0/task:0/device:MUSA:0,982.0,0.982
3qG6c49Agj,Slice,/job:localhost/replica:0/task:0/device:MUSA:0,981.0,0.981
Xa2jwxdKSI,Slice,/job:localhost/replica:0/task:0/device:MUSA:0,981.0,0.981
xzlMCW4A9j,Slice,/job:localhost/replica:0/task:0/device:MUSA:0,980.0,0.98
Q7h0LtOpbq,Slice,/job:localhost/replica:0/task:0/device:MUSA:0,980.0,0.98
9Sqk2JYA7R,Slice,/job:localhost/replica:0/task:0/device:MUSA:0,980.0,0.98
O3IsaxlruA,Slice,/job:localhost/replica:0/task:0/device:MUSA:0,980.0,0.98
pk1Ete9sPZ,Slice,/job:localhost/replica:0/task:0/device:MUSA:0,979.0,0.979
H5siGw8ELD,Slice,/job:localhost/replica:0/task:0/device:MUSA:0,979.0,0.979
jLfVag6At1,Slice,/job:localhost/replica:0/task:0/device:MUSA:0,978.0,0.978
tgxjr8nZbC,Slice,/job:localhost/replica:0/task:0/device:MUSA:0,978.0,0.978
Wpr2tvUG4F,Slice,/job:localhost/replica:0/task:0/device:MUSA:0,976.0,0.976
1AhQ0a26Tb,Mul,/job:localhost/replica:0/task:0/device:MUSA:0,976.0,0.976
xi8KAlpPkZ,Slice,/job:localhost/replica:0/task:0/device:MUSA:0,972.0,0.972
7bJhKACg4N,Slice,/job:localhost/replica:0/task:0/device:MUSA:0,971.0,0.971
7gYcdtbwq5,Slice,/job:localhost/replica:0/task:0/device:MUSA:0,970.0,0.97
5uJ4ZFhtnI,Slice,/job:localhost/replica:0/task:0/device:MUSA:0,969.0,0.969
rF4bjCWqZx,Slice,/job:localhost/replica:0/task:0/device:MUSA:0,969.0,0.969
xHhUytzBDo,Slice,/job:localhost/replica:0/task:0/device:MUSA:0,967.0,0.967
EBbf8xYXo7,Slice,/job:localhost/replica:0/task:0/device:MUSA:0,963.0,0.963
wz5Zx1Hi0d,Slice,/job:localhost/replica:0/task:0/device:MUSA:0,958.0,0.958
ktFPWYcA7w,Pow,/job:localhost/replica:0/task:0/device:MUSA:0,957.0,0.957
TRv3gMkCAS,Slice,/job:localhost/replica:0/task:0/device:MUSA:0,957.0,0.957
2zdWp1oSRm,Slice,/job:localhost/replica:0/task:0/device:MUSA:0,957.0,0.957
xPohmukczp,Slice,/job:localhost/replica:0/task:0/device:MUSA:0,956.0,0.956
ncajLE4YQe,Slice,/job:localhost/replica:0/task:0/device:MUSA:0,956.0,0.956
DtyMIXPRj3,Slice,/job:localhost/replica:0/task:0/device:MUSA:0,955.0,0.955
8ThZ61MVt3,Slice,/job:localhost/replica:0/task:0/device:MUSA:0,954.0,0.954
RndcNGCkmU,Slice,/job:localhost/replica:0/task:0/device:MUSA:0,954.0,0.954
n4Q60Ms5K2,Slice,/job:localhost/replica:0/task:0/device:MUSA:0,953.0,0.953
7LQfblwyPH,RealDiv,/job:localhost/replica:0/task:0/device:MUSA:0,953.0,0.953
aVnFu8KC6L,Slice,/job:localhost/replica:0/task:0/device:MUSA:0,952.0,0.952
E9FI5817fK,Slice,/job:localhost/replica:0/task:0/device:MUSA:0,952.0,0.952
Kifbv8qD60,Pack,/job:localhost/replica:0/task:0/device:MUSA:0,950.0,0.95
ru9GjBgIPZ,Slice,/job:localhost/replica:0/task:0/device:MUSA:0,949.0,0.949
kGgHUxtMBW,Slice,/job:localhost/replica:0/task:0/device:MUSA:0,949.0,0.949
9gk4KeyzwI,Fill,/job:localhost/replica:0/task:0/device:MUSA:0,949.0,0.949
dQAfyPFkwZ,Slice,/job:localhost/replica:0/task:0/device:MUSA:0,948.0,0.948
0SgkZ5YqLz,Slice,/job:localhost/replica:0/task:0/device:MUSA:0,948.0,0.948
4jUPEnxl7X,Pack,/job:localhost/replica:0/task:0/device:MUSA:0,948.0,0.948
ECgz8G6Pn9,Slice,/job:localhost/replica:0/task:0/device:MUSA:0,948.0,0.948
T6GMZ9UwrN,Slice,/job:localhost/replica:0/task:0/device:MUSA:0,947.0,0.947
Lj6Bm7Foqh,Slice,/job:localhost/replica:0/task:0/device:MUSA:0,947.0,0.947
TeM4VU6Rya,Slice,/job:localhost/replica:0/task:0/device:MUSA:0,947.0,0.947
EiFldGny5o,Slice,/job:localhost/replica:0/task:0/device:MUSA:0,947.0,0.947
KVdLjDwfxe,Slice,/job:localhost/replica:0/task:0/device:MUSA:0,947.0,0.947
zkvfN5Sapb,Slice,/job:localhost/replica:0/task:0/device:MUSA:0,946.0,0.946
FmkZNsKvOe,Slice,/job:localhost/replica:0/task:0/device:MUSA:0,946.0,0.946
KupDVB4WCd,Slice,/job:localhost/replica:0/task:0/device:MUSA:0,946.0,0.946
cGVygmTxA3,Slice,/job:localhost/replica:0/task:0/device:MUSA:0,945.0,0.945
68nqcmgXvS,Slice,/job:localhost/replica:0/task:0/device:MUSA:0,945.0,0.945
4aJhMGkKS2,Slice,/job:localhost/replica:0/task:0/device:MUSA:0,945.0,0.945
MHxtEz0ZGV,Slice,/job:localhost/replica:0/task:0/device:MUSA:0,944.0,0.944
EbZ7g6Y5pA,Slice,/job:localhost/replica:0/task:0/device:MUSA:0,944.0,0.944
c37vuYq0rQ,Slice,/job:localhost/replica:0/task:0/device:MUSA:0,943.0,0.943
9po7bwkJR3,Slice,/job:localhost/replica:0/task:0/device:MUSA:0,943.0,0.943
4SGTvWrEc7,Slice,/job:localhost/replica:0/task:0/device:MUSA:0,943.0,0.943
9c0khTxQly,Slice,/job:localhost/replica:0/task:0/device:MUSA:0,943.0,0.943
K2hDY4wcIa,Pack,/job:localhost/replica:0/task:0/device:MUSA:0,942.0,0.942
ConstantFolding/Xtsvd1a0lg_const_axis,Pack,/job:localhost/replica:0/task:0/device:MUSA:0,940.0,0.94
Bed3s7jMai,Slice,/job:localhost/replica:0/task:0/device:MUSA:0,940.0,0.94
y2UhQXzNru,Pow,/job:localhost/replica:0/task:0/device:MUSA:0,940.0,0.94
qrtb1MX4gf,Slice,/job:localhost/replica:0/task:0/device:MUSA:0,940.0,0.94
6rwX5C3dMu,Slice,/job:localhost/replica:0/task:0/device:MUSA:0,940.0,0.94
RuGszeZQmt,Slice,/job:localhost/replica:0/task:0/device:MUSA:0,939.0,0.939
yqbZeAuB1F,Slice,/job:localhost/replica:0/task:0/device:MUSA:0,939.0,0.939
AyNEjzDPim,Slice,/job:localhost/replica:0/task:0/device:MUSA:0,939.0,0.939
oSh7smfZCJ,Pack,/job:localhost/replica:0/task:0/device:MUSA:0,938.0,0.938
pRQkP6COFo,Slice,/job:localhost/replica:0/task:0/device:MUSA:0,937.0,0.937
9MqUTRhcPe,Slice,/job:localhost/replica:0/task:0/device:MUSA:0,937.0,0.937
12O0jHW3NK,Slice,/job:localhost/replica:0/task:0/device:MUSA:0,937.0,0.937
JlLbmhQSAe,Slice,/job:localhost/replica:0/task:0/device:MUSA:0,936.0,0.936
dHA1SxVbqL,Slice,/job:localhost/replica:0/task:0/device:MUSA:0,936.0,0.936
rOnpMZuymW,Slice,/job:localhost/replica:0/task:0/device:MUSA:0,936.0,0.936
D4Wo5CPATt,Slice,/job:localhost/replica:0/task:0/device:MUSA:0,936.0,0.936
LcCtXO2GHS,Slice,/job:localhost/replica:0/task:0/device:MUSA:0,935.0,0.935
PSYwH2cEV5,Slice,/job:localhost/replica:0/task:0/device:MUSA:0,933.0,0.933
JUhvTBLXuo,Slice,/job:localhost/replica:0/task:0/device:MUSA:0,933.0,0.933
jh1kM0EVlt,Slice,/job:localhost/replica:0/task:0/device:MUSA:0,933.0,0.933
tZSOW3meC7,Slice,/job:localhost/replica:0/task:0/device:MUSA:0,933.0,0.933
dGarLpWnON,Slice,/job:localhost/replica:0/task:0/device:MUSA:0,931.0,0.931
Kq9pGeLPoW,Slice,/job:localhost/replica:0/task:0/device:MUSA:0,931.0,0.931
pIh60qNMLX,Slice,/job:localhost/replica:0/task:0/device:MUSA:0,930.0,0.93
dUcgJH0Ey9,Slice,/job:localhost/replica:0/task:0/device:MUSA:0,930.0,0.93
rpuUL2AI8P,Slice,/job:localhost/replica:0/task:0/device:MUSA:0,930.0,0.93
sMpCbXt2V7,Slice,/job:localhost/replica:0/task:0/device:MUSA:0,930.0,0.93
5dh70EvGMi,Slice,/job:localhost/replica:0/task:0/device:MUSA:0,929.0,0.929
fh48aSJrH5,Slice,/job:localhost/replica:0/task:0/device:MUSA:0,929.0,0.929
2zSKPAj9RL,Greater,/job:localhost/replica:0/task:0/device:MUSA:0,928.0,0.928
59ptyiGzvB,Slice,/job:localhost/replica:0/task:0/device:MUSA:0,927.0,0.927
WbxohE8X3U,Slice,/job:localhost/replica:0/task:0/device:MUSA:0,927.0,0.927
A8DIHzhGXm,Slice,/job:localhost/replica:0/task:0/device:MUSA:0,926.0,0.926
ah2eAzymTX,Slice,/job:localhost/replica:0/task:0/device:MUSA:0,926.0,0.926
FxnS8M6DPs,Slice,/job:localhost/replica:0/task:0/device:MUSA:0,926.0,0.926
bOs7oyPiGa,Slice,/job:localhost/replica:0/task:0/device:MUSA:0,926.0,0.926
8TztdxaclH,Slice,/job:localhost/replica:0/task:0/device:MUSA:0,926.0,0.926
kacQ1Tq9Yi,Slice,/job:localhost/replica:0/task:0/device:MUSA:0,926.0,0.926
BKmoGczpyP,Slice,/job:localhost/replica:0/task:0/device:MUSA:0,925.0,0.925
qJ2XuKnpDQ,Slice,/job:localhost/replica:0/task:0/device:MUSA:0,925.0,0.925
iJq5Ts0CYw,Slice,/job:localhost/replica:0/task:0/device:MUSA:0,924.0,0.924
IlXEMHAeyq,Sub,/job:localhost/replica:0/task:0/device:MUSA:0,924.0,0.924
xpjn9BFGTC,Slice,/job:localhost/replica:0/task:0/device:MUSA:0,923.0,0.923
dsXfxUaw3b,Slice,/job:localhost/replica:0/task:0/device:MUSA:0,922.0,0.922
ztWkP4jwpR,Sum,/job:localhost/replica:0/task:0/device:MUSA:0,922.0,0.922
905gQTGAPI,Slice,/job:localhost/replica:0/task:0/device:MUSA:0,922.0,0.922
Cdtro4BEj8,Prod,/job:localhost/replica:0/task:0/device:MUSA:0,922.0,0.922
ZbkKiEPrCF,Slice,/job:localhost/replica:0/task:0/device:MUSA:0,922.0,0.922
L2BfIbkRtg,Slice,/job:localhost/replica:0/task:0/device:MUSA:0,922.0,0.922
yxmq4lzN52,Slice,/job:localhost/replica:0/task:0/device:MUSA:0,922.0,0.922
BFqY597j4y,Slice,/job:localhost/replica:0/task:0/device:MUSA:0,921.0,0.921
b9u0qK2MmE,Slice,/job:localhost/replica:0/task:0/device:MUSA:0,921.0,0.921
Pej4dgSXGK,Slice,/job:localhost/replica:0/task:0/device:MUSA:0,921.0,0.921
RBy0MEqHO4,Slice,/job:localhost/replica:0/task:0/device:MUSA:0,921.0,0.921
RdYgxnlXCI,Slice,/job:localhost/replica:0/task:0/device:MUSA:0,920.0,0.92
7xrvODP0zj,StridedSlice,/job:localhost/replica:0/task:0/device:MUSA:0,919.0,0.919
Zdbz3usSAf,Slice,/job:localhost/replica:0/task:0/device:MUSA:0,919.0,0.919
S0AIDLO7tZ,Pack,/job:localhost/replica:0/task:0/device:MUSA:0,919.0,0.919
kwEsNPtDbI,Slice,/job:localhost/replica:0/task:0/device:MUSA:0,919.0,0.919
78oWi3a2mD,Slice,/job:localhost/replica:0/task:0/device:MUSA:0,919.0,0.919
ZQWEtI975n,Slice,/job:localhost/replica:0/task:0/device:MUSA:0,918.0,0.918
9ZSvsUjWf0,Slice,/job:localhost/replica:0/task:0/device:MUSA:0,916.0,0.916
Os7Ko3q0Jx,Slice,/job:localhost/replica:0/task:0/device:MUSA:0,916.0,0.916
er8JkTN06K,AddV2,/job:localhost/replica:0/task:0/device:MUSA:0,913.0,0.913
4Ne9u8E5zi,Slice,/job:localhost/replica:0/task:0/device:MUSA:0,913.0,0.913
ACJ4xi2uoK,Slice,/job:localhost/replica:0/task:0/device:MUSA:0,912.0,0.912
Q0JjFBIREZ,Slice,/job:localhost/replica:0/task:0/device:MUSA:0,912.0,0.912
IudnORMLGm,Slice,/job:localhost/replica:0/task:0/device:MUSA:0,911.0,0.911
6QwhVUkTNP,Slice,/job:localhost/replica:0/task:0/device:MUSA:0,910.0,0.91
OR9In8zfBm,Slice,/job:localhost/replica:0/task:0/device:MUSA:0,910.0,0.91
rZB1bmosPL,Slice,/job:localhost/replica:0/task:0/device:MUSA:0,908.0,0.908
GZdemqLFz5,Slice,/job:localhost/replica:0/task:0/device:MUSA:0,908.0,0.908
OVoczkCAR0,Slice,/job:localhost/replica:0/task:0/device:MUSA:0,908.0,0.908
IkiEcJB8l4,Slice,/job:localhost/replica:0/task:0/device:MUSA:0,907.0,0.907
kTAsC1LMVp,Slice,/job:localhost/replica:0/task:0/device:MUSA:0,907.0,0.907
3wSxgYeFfD,Slice,/job:localhost/replica:0/task:0/device:MUSA:0,905.0,0.905
8l2S5aLmou,Slice,/job:localhost/replica:0/task:0/device:MUSA:0,901.0,0.901
j7XBcPiglI,Slice,/job:localhost/replica:0/task:0/device:MUSA:0,900.0,0.9
ro2Ka9WvYt,Slice,/job:localhost/replica:0/task:0/device:MUSA:0,897.0,0.897
FinbdIDqah,Slice,/job:localhost/replica:0/task:0/device:MUSA:0,895.0,0.895
rghXsuMIDE,Slice,/job:localhost/replica:0/task:0/device:MUSA:0,894.0,0.894
PcCw7pATID,Slice,/job:localhost/replica:0/task:0/device:MUSA:0,890.0,0.89
VMDTbB36dU,Pack,/job:localhost/replica:0/task:0/device:MUSA:0,886.0,0.886
5vHPMh6Kdw,Slice,/job:localhost/replica:0/task:0/device:MUSA:0,885.0,0.885
4NFSqnpHke,Slice,/job:localhost/replica:0/task:0/device:MUSA:0,882.0,0.882
t9rDdgBjqm,Slice,/job:localhost/replica:0/task:0/device:MUSA:0,879.0,0.879
DioRGzfALQ,Slice,/job:localhost/replica:0/task:0/device:MUSA:0,877.0,0.877
FcWw8oTp34,Slice,/job:localhost/replica:0/task:0/device:MUSA:0,876.0,0.876
6Kf3vaG5UE,Slice,/job:localhost/replica:0/task:0/device:MUSA:0,871.0,0.871
za1oHIGYBO,Slice,/job:localhost/replica:0/task:0/device:MUSA:0,866.0,0.866
A4Hm3JThN7,Slice,/job:localhost/replica:0/task:0/device:MUSA:0,858.0,0.858
TY8UHEA205,Slice,/job:localhost/replica:0/task:0/device:MUSA:0,857.0,0.857
XJeGgapIvF,Slice,/job:localhost/replica:0/task:0/device:MUSA:0,854.0,0.854
nzRlgkCKIV,Slice,/job:localhost/replica:0/task:0/device:MUSA:0,854.0,0.854
QC0wy3maTz,Fill,/job:localhost/replica:0/task:0/device:MUSA:0,853.0,0.853
xan6vVTN1f,Slice,/job:localhost/replica:0/task:0/device:MUSA:0,851.0,0.851
taogx457UM,Slice,/job:localhost/replica:0/task:0/device:MUSA:0,850.0,0.85
tjroqZYJCu,Slice,/job:localhost/replica:0/task:0/device:MUSA:0,850.0,0.85
R6WnYfBgo4,Slice,/job:localhost/replica:0/task:0/device:MUSA:0,847.0,0.847
iSd8mxAKDk,Slice,/job:localhost/replica:0/task:0/device:MUSA:0,845.0,0.845
hHRegaydAs,Slice,/job:localhost/replica:0/task:0/device:MUSA:0,845.0,0.845
veWwQKbgEz,Slice,/job:localhost/replica:0/task:0/device:MUSA:0,845.0,0.845
XH5dBZUCeS,Slice,/job:localhost/replica:0/task:0/device:MUSA:0,844.0,0.844
0PnjWhQsZX,Slice,/job:localhost/replica:0/task:0/device:MUSA:0,844.0,0.844
dfDKlZeFwb,Slice,/job:localhost/replica:0/task:0/device:MUSA:0,843.0,0.843
HMcmGNXftg,Slice,/job:localhost/replica:0/task:0/device:MUSA:0,843.0,0.843
tdQo2qNcCx,Slice,/job:localhost/replica:0/task:0/device:MUSA:0,843.0,0.843
LcuYVQNKfW,Slice,/job:localhost/replica:0/task:0/device:MUSA:0,838.0,0.838
DMncUkwhSb,Slice,/job:localhost/replica:0/task:0/device:MUSA:0,834.0,0.834
R5hW6tTjGP,Slice,/job:localhost/replica:0/task:0/device:MUSA:0,834.0,0.834
OF7qlGejir,Slice,/job:localhost/replica:0/task:0/device:MUSA:0,833.0,0.833
jdGQBHDc3X,Reshape,/job:localhost/replica:0/task:0/device:MUSA:0,831.0,0.831
imt1nFvRo8,Slice,/job:localhost/replica:0/task:0/device:MUSA:0,829.0,0.829
jzi0y4brH2,Slice,/job:localhost/replica:0/task:0/device:MUSA:0,829.0,0.829
q2GiDKHLbn,Slice,/job:localhost/replica:0/task:0/device:MUSA:0,827.0,0.827
Wvk5VZBsIa,Fill,/job:localhost/replica:0/task:0/device:MUSA:0,826.0,0.826
PyhmUFVLeb,Slice,/job:localhost/replica:0/task:0/device:MUSA:0,826.0,0.826
LJDBqUYvct,Slice,/job:localhost/replica:0/task:0/device:MUSA:0,816.0,0.816
7jtbNGIep6,Slice,/job:localhost/replica:0/task:0/device:MUSA:0,815.0,0.815
5vKHJgXm7M,Slice,/job:localhost/replica:0/task:0/device:MUSA:0,814.0,0.814
Cp38V2gwDu,Slice,/job:localhost/replica:0/task:0/device:MUSA:0,813.0,0.813
AIbTFkZBOR,Slice,/job:localhost/replica:0/task:0/device:MUSA:0,812.0,0.812
QD8FuBzvIR,Slice,/job:localhost/replica:0/task:0/device:MUSA:0,799.0,0.799
4fHgMrV0DP,Slice,/job:localhost/replica:0/task:0/device:MUSA:0,790.0,0.79
40Obwz5D8W,Slice,/job:localhost/replica:0/task:0/device:MUSA:0,788.0,0.788
biC0197dra,Slice,/job:localhost/replica:0/task:0/device:MUSA:0,786.0,0.786
jptJ0RxnLs,Slice,/job:localhost/replica:0/task:0/device:MUSA:0,786.0,0.786
EivhX20kLJ,Slice,/job:localhost/replica:0/task:0/device:MUSA:0,753.0,0.753
yj9JLYIzmd,Slice,/job:localhost/replica:0/task:0/device:MUSA:0,744.0,0.744
rCfJ6L0qa1,Slice,/job:localhost/replica:0/task:0/device:MUSA:0,743.0,0.743
8bw7UxAJjB,Slice,/job:localhost/replica:0/task:0/device:MUSA:0,743.0,0.743
3DCletGKPM,StridedSlice,/job:localhost/replica:0/task:0/device:MUSA:0,740.0,0.74
u3HNhrgtwX,Slice,/job:localhost/replica:0/task:0/device:MUSA:0,737.0,0.737
ZM0F6gz9LE,Slice,/job:localhost/replica:0/task:0/device:MUSA:0,727.0,0.727
erEGMlu5ZS,Slice,/job:localhost/replica:0/task:0/device:MUSA:0,713.0,0.713
B0nKA9I7k4,Slice,/job:localhost/replica:0/task:0/device:MUSA:0,707.0,0.707
0iZh3FtmTy,Slice,/job:localhost/replica:0/task:0/device:MUSA:0,695.0,0.695
rYds3kV6HE,Slice,/job:localhost/replica:0/task:0/device:MUSA:0,661.0,0.661
Ivi1WhRUJX,Slice,/job:localhost/replica:0/task:0/device:MUSA:0,659.0,0.659
AVyYlOgvRN,Slice,/job:localhost/replica:0/task:0/device:MUSA:0,648.0,0.648
k7pgz4ctKj,Slice,/job:localhost/replica:0/task:0/device:MUSA:0,646.0,0.646
l2Wbvy7COh,Slice,/job:localhost/replica:0/task:0/device:MUSA:0,645.0,0.645
g23bvmocsO,Slice,/job:localhost/replica:0/task:0/device:MUSA:0,643.0,0.643
3Azav7sIRM,Slice,/job:localhost/replica:0/task:0/device:MUSA:0,637.0,0.637
pOgQdPKUFx,Slice,/job:localhost/replica:0/task:0/device:MUSA:0,633.0,0.633
tROKxrjf2S,Slice,/job:localhost/replica:0/task:0/device:MUSA:0,625.0,0.625
gJ7hiUb3fx,Slice,/job:localhost/replica:0/task:0/device:MUSA:0,614.0,0.614
EGaIbkhp3e,Slice,/job:localhost/replica:0/task:0/device:MUSA:0,604.0,0.604
8BYK7lxQA5,Add,/job:localhost/replica:0/task:0/device:MUSA:0,576.0,0.576
CokydmIOY1,Slice,/job:localhost/replica:0/task:0/device:MUSA:0,575.0,0.575
csf13k8jmO,Slice,/job:localhost/replica:0/task:0/device:MUSA:0,564.0,0.564
gnqZsLJSla,Slice,/job:localhost/replica:0/task:0/device:MUSA:0,561.0,0.561
mQieBsdr8V,Slice,/job:localhost/replica:0/task:0/device:MUSA:0,559.0,0.559
35NYKHitkA,Slice,/job:localhost/replica:0/task:0/device:MUSA:0,555.0,0.555
taTgrcAd9x,Slice,/job:localhost/replica:0/task:0/device:MUSA:0,553.0,0.553
hn6j1KXywV,Slice,/job:localhost/replica:0/task:0/device:MUSA:0,551.0,0.551
NeIgxOWa7R,Slice,/job:localhost/replica:0/task:0/device:MUSA:0,550.0,0.55
nHyt93Th0s,Slice,/job:localhost/replica:0/task:0/device:MUSA:0,542.0,0.542
e0b9XvT5VR,Slice,/job:localhost/replica:0/task:0/device:MUSA:0,530.0,0.53
gT7GSecNtF,StridedSlice,/job:localhost/replica:0/task:0/device:MUSA:0,507.0,0.507
knloViyHep,Slice,/job:localhost/replica:0/task:0/device:MUSA:0,504.0,0.504
b1lQUCG6vt,Fill,/job:localhost/replica:0/task:0/device:MUSA:0,496.0,0.496
wrRsgLoN0J,Slice,/job:localhost/replica:0/task:0/device:MUSA:0,489.0,0.489
VenmgYl2d4,Slice,/job:localhost/replica:0/task:0/device:MUSA:0,482.0,0.482
D1W9ym6Zbw,AddV2,/job:localhost/replica:0/task:0/device:MUSA:0,473.0,0.473
3SXvCjIDwh,Slice,/job:localhost/replica:0/task:0/device:MUSA:0,466.0,0.466
SE8cawPvpM,Slice,/job:localhost/replica:0/task:0/device:MUSA:0,451.0,0.451
Ic5WjBfMEi,StridedSlice,/job:localhost/replica:0/task:0/device:MUSA:0,447.0,0.447
CM9pEQFdmS,Slice,/job:localhost/replica:0/task:0/device:MUSA:0,447.0,0.447
lw9ay4Yxkr,Slice,/job:localhost/replica:0/task:0/device:MUSA:0,440.0,0.44
sM3lGfioje,Slice,/job:localhost/replica:0/task:0/device:MUSA:0,425.0,0.425
zubWHRNv4C,Slice,/job:localhost/replica:0/task:0/device:MUSA:0,412.0,0.412
cQKZSbzRyB,Slice,/job:localhost/replica:0/task:0/device:MUSA:0,411.0,0.411
hxGpwSUQNj,Slice,/job:localhost/replica:0/task:0/device:MUSA:0,408.0,0.408
7iU5eIBvV6,Slice,/job:localhost/replica:0/task:0/device:MUSA:0,399.0,0.399
dHTSCGXWrJ,Slice,/job:localhost/replica:0/task:0/device:MUSA:0,393.0,0.393
xfs249bngX,StridedSlice,/job:localhost/replica:0/task:0/device:MUSA:0,390.0,0.39
GqIM7HiONy,Const,/job:localhost/replica:0/task:0/device:MUSA:0,388.0,0.388
Q5BxAdR0vP,Slice,/job:localhost/replica:0/task:0/device:MUSA:0,386.0,0.386
qgUVdAolGs,Slice,/job:localhost/replica:0/task:0/device:MUSA:0,384.0,0.384
Vu14e0ngqc,Slice,/job:localhost/replica:0/task:0/device:MUSA:0,375.0,0.375
NK31DwU7OE,Slice,/job:localhost/replica:0/task:0/device:MUSA:0,356.0,0.356
jw9DROUiMs,ConcatV2,/job:localhost/replica:0/task:0/device:MUSA:0,341.0,0.341
Jp2ANTR17j,StridedSlice,/job:localhost/replica:0/task:0/device:MUSA:0,333.0,0.333
wFAN3LOkKa,Slice,/job:localhost/replica:0/task:0/device:MUSA:0,329.0,0.329
zg6J9YfksU,Slice,/job:localhost/replica:0/task:0/device:MUSA:0,323.0,0.323
YSdvwnJIkq,Slice,/job:localhost/replica:0/task:0/device:MUSA:0,311.0,0.311
ElSt9KZ3Ln,Slice,/job:localhost/replica:0/task:0/device:MUSA:0,308.0,0.308
Mvwx16uGj3,Slice,/job:localhost/replica:0/task:0/device:MUSA:0,300.0,0.3
sfjqkhnCRp,Slice,/job:localhost/replica:0/task:0/device:MUSA:0,298.0,0.298
auIpwdV8Ks,Slice,/job:localhost/replica:0/task:0/device:MUSA:0,293.0,0.293
y8tzOTrjY7,Slice,/job:localhost/replica:0/task:0/device:MUSA:0,290.0,0.29
GkRFaTghxH,Slice,/job:localhost/replica:0/task:0/device:MUSA:0,285.0,0.285
W4OL2o6fHg,Slice,/job:localhost/replica:0/task:0/device:MUSA:0,279.0,0.279
AGMSWj7rcV,Slice,/job:localhost/replica:0/task:0/device:MUSA:0,278.0,0.278
FpH4fKlSyI,Slice,/job:localhost/replica:0/task:0/device:MUSA:0,276.0,0.276
4cREL0mOy3,Slice,/job:localhost/replica:0/task:0/device:MUSA:0,268.0,0.268
SaprZWs0nD,Slice,/job:localhost/replica:0/task:0/device:MUSA:0,258.0,0.258
uayjCb246G,Slice,/job:localhost/replica:0/task:0/device:MUSA:0,254.0,0.254
aAMmnQxb1B,Slice,/job:localhost/replica:0/task:0/device:MUSA:0,248.0,0.248
I02u8UcWvJ,Slice,/job:localhost/replica:0/task:0/device:MUSA:0,248.0,0.248
geM5ITBvPh,Slice,/job:localhost/replica:0/task:0/device:MUSA:0,237.0,0.237
Cjv8n0gok7,Slice,/job:localhost/replica:0/task:0/device:MUSA:0,235.0,0.235
oZarYzTLfR,Slice,/job:localhost/replica:0/task:0/device:MUSA:0,235.0,0.235
m7hzI1nf2Q,Slice,/job:localhost/replica:0/task:0/device:MUSA:0,227.0,0.227
RrqZwWJnLk,Slice,/job:localhost/replica:0/task:0/device:MUSA:0,227.0,0.227
SvkW1CAuGh,Slice,/job:localhost/replica:0/task:0/device:MUSA:0,220.0,0.22
hBpLPorj7R,Slice,/job:localhost/replica:0/task:0/device:MUSA:0,216.0,0.216
udyS57D1qG,Slice,/job:localhost/replica:0/task:0/device:MUSA:0,207.0,0.207
Wsd8QIXR9L,Slice,/job:localhost/replica:0/task:0/device:MUSA:0,202.0,0.202
9yAN8JVoq5,Slice,/job:localhost/replica:0/task:0/device:MUSA:0,200.0,0.2
lMEWQKY6Z4,Slice,/job:localhost/replica:0/task:0/device:MUSA:0,200.0,0.2
dTJGUZ295u,Slice,/job:localhost/replica:0/task:0/device:MUSA:0,199.0,0.199
znbpi6gVBq,Slice,/job:localhost/replica:0/task:0/device:MUSA:0,190.0,0.19
Wap80fh1OJ,Pow,/job:localhost/replica:0/task:0/device:MUSA:0,188.0,0.188
mYNgOW8uGU,Equal,/job:localhost/replica:0/task:0/device:MUSA:0,187.0,0.187
bZvs9kf0jW,Slice,/job:localhost/replica:0/task:0/device:MUSA:0,187.0,0.187
NzqktXLGYb,Slice,/job:localhost/replica:0/task:0/device:MUSA:0,185.0,0.185
jKAsv7OZpL,Slice,/job:localhost/replica:0/task:0/device:MUSA:0,184.0,0.184
PgMXcfpQjh,Slice,/job:localhost/replica:0/task:0/device:MUSA:0,184.0,0.184
IvdgtmCRXl,Slice,/job:localhost/replica:0/task:0/device:MUSA:0,183.0,0.183
Ptceiu3o6d,Slice,/job:localhost/replica:0/task:0/device:MUSA:0,181.0,0.181
QhqHPSozwD,Slice,/job:localhost/replica:0/task:0/device:MUSA:0,180.0,0.18
VqPpvjulS7,Slice,/job:localhost/replica:0/task:0/device:MUSA:0,175.0,0.175
3nfmRBKuM0,Slice,/job:localhost/replica:0/task:0/device:MUSA:0,168.0,0.168
MDhPJeFCxT,Slice,/job:localhost/replica:0/task:0/device:MUSA:0,166.0,0.166
lGP35zDmsY,Slice,/job:localhost/replica:0/task:0/device:MUSA:0,163.0,0.163
HQKphVsE21,Slice,/job:localhost/replica:0/task:0/device:MUSA:0,162.0,0.162
SoA58MkUOp,Unpack,/job:localhost/replica:0/task:0/device:MUSA:0,160.0,0.16
gW185e2ZTw,Slice,/job:localhost/replica:0/task:0/device:MUSA:0,159.0,0.159
Jo6O5LX1kn,Slice,/job:localhost/replica:0/task:0/device:MUSA:0,159.0,0.159
FdJc2e57mI,Fill,/job:localhost/replica:0/task:0/device:MUSA:0,159.0,0.159
d7WfHkgwJG,Slice,/job:localhost/replica:0/task:0/device:MUSA:0,157.0,0.157
7LnWbGorZR,Slice,/job:localhost/replica:0/task:0/device:MUSA:0,154.0,0.154
T5Hx73DOcY,Slice,/job:localhost/replica:0/task:0/device:MUSA:0,154.0,0.154
J7qFizNtnA,Slice,/job:localhost/replica:0/task:0/device:MUSA:0,154.0,0.154
vWqcuLaCY3,Slice,/job:localhost/replica:0/task:0/device:MUSA:0,153.0,0.153
bF6s2zCQuP,StridedSlice,/job:localhost/replica:0/task:0/device:MUSA:0,149.0,0.149
rvB5ux9FTg,Slice,/job:localhost/replica:0/task:0/device:MUSA:0,147.0,0.147
qegDycm4W7,Less,/job:localhost/replica:0/task:0/device:MUSA:0,147.0,0.147
xW0bejkVUE,Slice,/job:localhost/replica:0/task:0/device:MUSA:0,146.0,0.146
PS2s9VTw0b,Cast,/job:localhost/replica:0/task:0/device:MUSA:0,146.0,0.146
HBTxIKvV3h,Add,/job:localhost/replica:0/task:0/device:MUSA:0,144.0,0.144
7da9CzORYX,ConcatV2,/job:localhost/replica:0/task:0/device:MUSA:0,143.0,0.143
LZvDQVhSTe,Slice,/job:localhost/replica:0/task:0/device:MUSA:0,139.0,0.139
aiW2GERYAQ,Slice,/job:localhost/replica:0/task:0/device:MUSA:0,137.0,0.137
NTmnFtEUSa,Slice,/job:localhost/replica:0/task:0/device:MUSA:0,130.0,0.13
9lXTYyILda,Slice,/job:localhost/replica:0/task:0/device:MUSA:0,129.0,0.129
CiGIqp51JO,Slice,/job:localhost/replica:0/task:0/device:MUSA:0,126.0,0.126
pbOgDnwKk4,Slice,/job:localhost/replica:0/task:0/device:MUSA:0,125.0,0.125
iEM1aOgNnt,Slice,/job:localhost/replica:0/task:0/device:MUSA:0,125.0,0.125
Jts5IDxFhr,Slice,/job:localhost/replica:0/task:0/device:MUSA:0,124.0,0.124
hlwqvKB4sF,Slice,/job:localhost/replica:0/task:0/device:MUSA:0,124.0,0.124
LBPsG59AqW,AddV2,/job:localhost/replica:0/task:0/device:MUSA:0,123.0,0.123
4INbqaWdpz,Slice,/job:localhost/replica:0/task:0/device:MUSA:0,122.0,0.122
1kGI2srOxB,Unpack,/job:localhost/replica:0/task:0/device:MUSA:0,117.0,0.117
TFd3GmNq59,Slice,/job:localhost/replica:0/task:0/device:MUSA:0,116.0,0.116
nxEdyJ8z9R,Slice,/job:localhost/replica:0/task:0/device:MUSA:0,115.0,0.115
ASPCco03r7,Slice,/job:localhost/replica:0/task:0/device:MUSA:0,114.0,0.114
nNC2rlGiZt,ConcatV2,/job:localhost/replica:0/task:0/device:MUSA:0,111.0,0.111
a0Ax9ihqsl,MatMul,/job:localhost/replica:0/task:0/device:MUSA:0,111.0,0.111
ycUdSlKiTx,Slice,/job:localhost/replica:0/task:0/device:MUSA:0,110.0,0.11
74Uv5oDWPg,ZerosLike,/job:localhost/replica:0/task:0/device:MUSA:0,109.0,0.109
cjdzZDs5XJ,Slice,/job:localhost/replica:0/task:0/device:MUSA:0,109.0,0.109
PUwKsoNWg7,Slice,/job:localhost/replica:0/task:0/device:MUSA:0,109.0,0.109
f5mZ96w21X,Slice,/job:localhost/replica:0/task:0/device:MUSA:0,108.0,0.108
4MAuV5anbg,Split,/job:localhost/replica:0/task:0/device:MUSA:0,108.0,0.108
WGma4w6tB8,Slice,/job:localhost/replica:0/task:0/device:MUSA:0,107.0,0.107
QVz4KYlt0k,Select,/job:localhost/replica:0/task:0/device:MUSA:0,107.0,0.107
Dr8q0Tnox7,Sum,/job:localhost/replica:0/task:0/device:MUSA:0,106.0,0.106
a75isJTXAo,Slice,/job:localhost/replica:0/task:0/device:MUSA:0,105.0,0.105
Wtq28LkAPD,Slice,/job:localhost/replica:0/task:0/device:MUSA:0,105.0,0.105
lhUI3QYjrW,Slice,/job:localhost/replica:0/task:0/device:MUSA:0,104.0,0.104
R07xzO2BIy,Unpack,/job:localhost/replica:0/task:0/device:MUSA:0,103.0,0.103
b7DlpR8ynK,Slice,/job:localhost/replica:0/task:0/device:MUSA:0,102.0,0.102
ZxkPFXJDlh,Slice,/job:localhost/replica:0/task:0/device:MUSA:0,101.0,0.101
5YIqa9jSeW,Unpack,/job:localhost/replica:0/task:0/device:MUSA:0,101.0,0.101
DnQPZa3BhG,Split,/job:localhost/replica:0/task:0/device:MUSA:0,100.0,0.1
DTMwyWecE0,Slice,/job:localhost/replica:0/task:0/device:MUSA:0,99.0,0.099
dZVtjp7G41,Slice,/job:localhost/replica:0/task:0/device:MUSA:0,99.0,0.099
dAkTw9DEFI,ConcatV2,/job:localhost/replica:0/task:0/device:MUSA:0,99.0,0.099
axYcWqOuIr,Slice,/job:localhost/replica:0/task:0/device:MUSA:0,98.0,0.098
HqetgJ51bl,Slice,/job:localhost/replica:0/task:0/device:MUSA:0,97.0,0.097
KI8cwabuCy,Slice,/job:localhost/replica:0/task:0/device:MUSA:0,94.0,0.094
yM0lHCZnAf,Slice,/job:localhost/replica:0/task:0/device:MUSA:0,94.0,0.094
OWm2U0Rk9d,Unpack,/job:localhost/replica:0/task:0/device:MUSA:0,94.0,0.094
jKdotNbqTg,Slice,/job:localhost/replica:0/task:0/device:MUSA:0,92.0,0.092
9TEu0Wkd6i,Pack,/job:localhost/replica:0/task:0/device:MUSA:0,92.0,0.092
fNLZBomSqy,Slice,/job:localhost/replica:0/task:0/device:MUSA:0,91.0,0.091
scMDph5kYT,Unpack,/job:localhost/replica:0/task:0/device:MUSA:0,89.0,0.089
tIEmHb7rRD,Slice,/job:localhost/replica:0/task:0/device:MUSA:0,88.0,0.088
3raTLklnuy,Slice,/job:localhost/replica:0/task:0/device:MUSA:0,87.0,0.087
OgD2zG7kb3,Slice,/job:localhost/replica:0/task:0/device:MUSA:0,87.0,0.087
38bZHNdOEV,Slice,/job:localhost/replica:0/task:0/device:MUSA:0,87.0,0.087
1DLdeghrH3,Unpack,/job:localhost/replica:0/task:0/device:MUSA:0,87.0,0.087
UDiCH42LRF,Unpack,/job:localhost/replica:0/task:0/device:MUSA:0,87.0,0.087
CBfKcmsFEW,Slice,/job:localhost/replica:0/task:0/device:MUSA:0,86.0,0.086
f7R0nANKET,MatMul,/job:localhost/replica:0/task:0/device:MUSA:0,86.0,0.086
uPGfT1CirI,MatMul,/job:localhost/replica:0/task:0/device:MUSA:0,86.0,0.086
yJZsTPDvkC,Unpack,/job:localhost/replica:0/task:0/device:MUSA:0,85.0,0.085
sB46lcv5IF,MatMul,/job:localhost/replica:0/task:0/device:MUSA:0,84.0,0.084
yMTH3BsD6W,Split,/job:localhost/replica:0/task:0/device:MUSA:0,84.0,0.084
8gH1iJpLVX,Add,/job:localhost/replica:0/task:0/device:MUSA:0,83.0,0.083
b1Scgu5LBU,Sum,/job:localhost/replica:0/task:0/device:MUSA:0,83.0,0.083
uPGwA3c7il,MatMul,/job:localhost/replica:0/task:0/device:MUSA:0,83.0,0.083
3gCfn8y6GK,Split,/job:localhost/replica:0/task:0/device:MUSA:0,82.0,0.082
ATXuyPDEeK,Slice,/job:localhost/replica:0/task:0/device:MUSA:0,81.0,0.081
CI5P2GkYWJ,Slice,/job:localhost/replica:0/task:0/device:MUSA:0,80.0,0.08
mLStEPshBo,Slice,/job:localhost/replica:0/task:0/device:MUSA:0,80.0,0.08
LqWblInXC3,Slice,/job:localhost/replica:0/task:0/device:MUSA:0,79.0,0.079
CqIbOHWjm2,Slice,/job:localhost/replica:0/task:0/device:MUSA:0,77.0,0.077
36HhmuwWVZ,Slice,/job:localhost/replica:0/task:0/device:MUSA:0,77.0,0.077
QcVkm52Eq9,Sub,/job:localhost/replica:0/task:0/device:MUSA:0,77.0,0.077
ktoguymB2P,Slice,/job:localhost/replica:0/task:0/device:MUSA:0,76.0,0.076
bw5O1dIfSK,Const,/job:localhost/replica:0/task:0/device:MUSA:0,75.0,0.075
2wRdIfs36e,Slice,/job:localhost/replica:0/task:0/device:MUSA:0,75.0,0.075
csjzdJBuSa,Slice,/job:localhost/replica:0/task:0/device:MUSA:0,75.0,0.075
DmLXQ5HTce,Slice,/job:localhost/replica:0/task:0/device:MUSA:0,75.0,0.075
4VmQh3HMl0,MatMul,/job:localhost/replica:0/task:0/device:MUSA:0,75.0,0.075
vwlKCWLVRy,Slice,/job:localhost/replica:0/task:0/device:MUSA:0,74.0,0.074
nVgwHtdXaO,Slice,/job:localhost/replica:0/task:0/device:MUSA:0,73.0,0.073
LP4iOVqvFB,Slice,/job:localhost/replica:0/task:0/device:MUSA:0,72.0,0.072
ujoVXSZxqd,ConcatV2,/job:localhost/replica:0/task:0/device:MUSA:0,71.0,0.071
Fk1rvRzuOY,Mul,/job:localhost/replica:0/task:0/device:MUSA:0,70.0,0.07
q34E2DWZPe,Slice,/job:localhost/replica:0/task:0/device:MUSA:0,70.0,0.07
x19reZTkvW,Sub,/job:localhost/replica:0/task:0/device:MUSA:0,70.0,0.07
oB38Abk0Xj,Pack,/job:localhost/replica:0/task:0/device:MUSA:0,70.0,0.07
I4iR0Go6hU,MatMul,/job:localhost/replica:0/task:0/device:MUSA:0,69.0,0.069
x4Gb6lWkjD,Slice,/job:localhost/replica:0/task:0/device:MUSA:0,68.0,0.068
gtxDKWQATh,Prod,/job:localhost/replica:0/task:0/device:MUSA:0,68.0,0.068
W1u62rEZa5,Slice,/job:localhost/replica:0/task:0/device:MUSA:0,67.0,0.067
ltEInsgvJC,MatMul,/job:localhost/replica:0/task:0/device:MUSA:0,67.0,0.067
l20DBtFfzM,Slice,/job:localhost/replica:0/task:0/device:MUSA:0,65.0,0.065
ms5YwbrPdi,Slice,/job:localhost/replica:0/task:0/device:MUSA:0,65.0,0.065
y1qL845UIm,Slice,/job:localhost/replica:0/task:0/device:MUSA:0,65.0,0.065
RTgSiqQVOv,MatMul,/job:localhost/replica:0/task:0/device:MUSA:0,65.0,0.065
rfuNpZBcLW,ConcatV2,/job:localhost/replica:0/task:0/device:MUSA:0,65.0,0.065
WAlU26X0C8,MatMul,/job:localhost/replica:0/task:0/device:MUSA:0,64.0,0.064
Ev7cH3n89t,Unpack,/job:localhost/replica:0/task:0/device:MUSA:0,64.0,0.064
HnXTa3SlUI,Add,/job:localhost/replica:0/task:0/device:MUSA:0,63.0,0.063
kFV1CG9odT,Pack,/job:localhost/replica:0/task:0/device:MUSA:0,63.0,0.063
Esqv4O9DXV,Const,/job:localhost/replica:0/task:0/device:MUSA:0,62.0,0.062
wLGxuQoiTh,Const,/job:localhost/replica:0/task:0/device:MUSA:0,61.0,0.061
XHTdhi2bcO,Less,/job:localhost/replica:0/task:0/device:MUSA:0,61.0,0.061
TXUFAiDufc,Unpack,/job:localhost/replica:0/task:0/device:MUSA:0,61.0,0.061
JnTfiVYj9Q,MatMul,/job:localhost/replica:0/task:0/device:MUSA:0,61.0,0.061
dJ5uhpzxfH,Slice,/job:localhost/replica:0/task:0/device:MUSA:0,60.0,0.06
WgLDzZTxKj,StridedSlice,/job:localhost/replica:0/task:0/device:MUSA:0,60.0,0.06
t4ay1dOHP9,Unpack,/job:localhost/replica:0/task:0/device:MUSA:0,60.0,0.06
eABdUyX45a,Slice,/job:localhost/replica:0/task:0/device:MUSA:0,59.0,0.059
RICdykVD1n,Unpack,/job:localhost/replica:0/task:0/device:MUSA:0,59.0,0.059
swH8RSq1LQ,ConcatV2,/job:localhost/replica:0/task:0/device:MUSA:0,59.0,0.059
yQOuAzP54i,Select,/job:localhost/replica:0/task:0/device:MUSA:0,58.0,0.058
w4LXO3BUla,Slice,/job:localhost/replica:0/task:0/device:MUSA:0,58.0,0.058
0gxI2yuHt1,Unpack,/job:localhost/replica:0/task:0/device:MUSA:0,58.0,0.058
XB7v62QUcz,ConcatV2,/job:localhost/replica:0/task:0/device:MUSA:0,58.0,0.058
JPTprD58Ie,Slice,/job:localhost/replica:0/task:0/device:MUSA:0,57.0,0.057
qwBHoesrdY,Slice,/job:localhost/replica:0/task:0/device:MUSA:0,57.0,0.057
fL59k8o1qs,MatMul,/job:localhost/replica:0/task:0/device:MUSA:0,57.0,0.057
VeHfcQOdup,Pack,/job:localhost/replica:0/task:0/device:MUSA:0,57.0,0.057
4kLPSbtFTW,Unpack,/job:localhost/replica:0/task:0/device:MUSA:0,56.0,0.056
WG2E8Ob7rt,MatMul,/job:localhost/replica:0/task:0/device:MUSA:0,56.0,0.056
5quv3ex4p2,Unpack,/job:localhost/replica:0/task:0/device:MUSA:0,56.0,0.056
yEvw7rW0SK,Pack,/job:localhost/replica:0/task:0/device:MUSA:0,56.0,0.056
uiU7djBykS,Cast,/job:localhost/replica:0/task:0/device:MUSA:0,55.0,0.055
hu7yrgYkDP,Slice,/job:localhost/replica:0/task:0/device:MUSA:0,55.0,0.055
shmqv7lwFN,BatchMatMulV2,/job:localhost/replica:0/task:0/device:MUSA:0,55.0,0.055
c0O9M4QSkj,Unpack,/job:localhost/replica:0/task:0/device:MUSA:0,54.0,0.054
p1xP7jWdru,Slice,/job:localhost/replica:0/task:0/device:MUSA:0,53.0,0.053
GmUaCx8RPw,Sub,/job:localhost/replica:0/task:0/device:MUSA:0,53.0,0.053
y4NBAdPgfa,Pack,/job:localhost/replica:0/task:0/device:MUSA:0,53.0,0.053
5aFWtpA9ob,Add,/job:localhost/replica:0/task:0/device:MUSA:0,52.0,0.052
B0PbGAtOxv,Pack,/job:localhost/replica:0/task:0/device:MUSA:0,52.0,0.052
nSobjf3aOt,Slice,/job:localhost/replica:0/task:0/device:MUSA:0,51.0,0.051
2cAONKUsVT,Slice,/job:localhost/replica:0/task:0/device:MUSA:0,51.0,0.051
RAvVYpoeCg,MatMul,/job:localhost/replica:0/task:0/device:MUSA:0,51.0,0.051
4rXwSG2j1Z,MatMul,/job:localhost/replica:0/task:0/device:MUSA:0,51.0,0.051
fAlCbiKMh2,Prod,/job:localhost/replica:0/task:0/device:MUSA:0,51.0,0.051
NqnokXysjE,Slice,/job:localhost/replica:0/task:0/device:MUSA:0,50.0,0.05
VFECAkfhut,Slice,/job:localhost/replica:0/task:0/device:MUSA:0,49.0,0.049
7Ba2nDTlrR,Slice,/job:localhost/replica:0/task:0/device:MUSA:0,49.0,0.049
LoqSmEuPXG,Slice,/job:localhost/replica:0/task:0/device:MUSA:0,49.0,0.049
kv73xS9Qpm,Einsum,/job:localhost/replica:0/task:0/device:MUSA:0,49.0,0.049
OB9apq5XR8,MatMul,/job:localhost/replica:0/task:0/device:MUSA:0,49.0,0.049
lpqQg4KhIv,Unpack,/job:localhost/replica:0/task:0/device:MUSA:0,49.0,0.049
YRg8EfAXiU,Unpack,/job:localhost/replica:0/task:0/device:MUSA:0,49.0,0.049
ClMfOkTWS2,Unpack,/job:localhost/replica:0/task:0/device:MUSA:0,49.0,0.049
iEj7OThetq,Split,/job:localhost/replica:0/task:0/device:MUSA:0,48.0,0.048
RYbiElHtAJ,Prod,/job:localhost/replica:0/task:0/device:MUSA:0,47.0,0.047
N0HoLUtBJw,Slice,/job:localhost/replica:0/task:0/device:MUSA:0,47.0,0.047
Lj4psrWg7v,Unpack,/job:localhost/replica:0/task:0/device:MUSA:0,47.0,0.047
Ft3ViIaLxd,Less,/job:localhost/replica:0/task:0/device:MUSA:0,46.0,0.046
hiXNElfFCt,MatMul,/job:localhost/replica:0/task:0/device:MUSA:0,46.0,0.046
w7d1OMHvKW,Unpack,/job:localhost/replica:0/task:0/device:MUSA:0,46.0,0.046
S9yKQLxcGO,Reshape,/job:localhost/replica:0/task:0/device:MUSA:0,45.0,0.045
HLO9327SqX,Select,/job:localhost/replica:0/task:0/device:MUSA:0,45.0,0.045
xL7OK6aewZ,Unpack,/job:localhost/replica:0/task:0/device:MUSA:0,45.0,0.045
ITQ32yOHoE,Pack,/job:localhost/replica:0/task:0/device:MUSA:0,45.0,0.045
pytVh6rb2R,Minimum,/job:localhost/replica:0/task:0/device:MUSA:0,44.0,0.044
VU1MSetQFL,Equal,/job:localhost/replica:0/task:0/device:MUSA:0,44.0,0.044
9OvL2uAFpC,Unpack,/job:localhost/replica:0/task:0/device:MUSA:0,44.0,0.044
4Hgbsqeic8,Add,/job:localhost/replica:0/task:0/device:MUSA:0,44.0,0.044
7DeHlPjnUt,Const,/job:localhost/replica:0/task:0/device:MUSA:0,43.0,0.043
oMeTL5SzyI,Add,/job:localhost/replica:0/task:0/device:MUSA:0,43.0,0.043
iWglR5mwYI,Slice,/job:localhost/replica:0/task:0/device:MUSA:0,43.0,0.043
AkoEtI45lO,BatchMatMulV2,/job:localhost/replica:0/task:0/device:MUSA:0,43.0,0.043
Q7eJKHElS9,Unpack,/job:localhost/replica:0/task:0/device:MUSA:0,43.0,0.043
G07Ilc6aeZ,MatMul,/job:localhost/replica:0/task:0/device:MUSA:0,43.0,0.043
0A8kMYVUjQ,MatMul,/job:localhost/replica:0/task:0/device:MUSA:0,43.0,0.043
bncLhYulds,Reshape,/job:localhost/replica:0/task:0/device:MUSA:0,43.0,0.043
IGmqnxfFsB,Unpack,/job:localhost/replica:0/task:0/device:MUSA:0,42.0,0.042
wHvycOmlV0,Sub,/job:localhost/replica:0/task:0/device:MUSA:0,42.0,0.042
ZmBViw8dq7,Softplus,/job:localhost/replica:0/task:0/device:MUSA:0,42.0,0.042
4NuEIXt81M,Slice,/job:localhost/replica:0/task:0/device:MUSA:0,41.0,0.041
GoaA8OS17K,SplitV,/job:localhost/replica:0/task:0/device:MUSA:0,41.0,0.041
dxnfSm8APE,Slice,/job:localhost/replica:0/task:0/device:MUSA:0,40.0,0.04
68MKlEe1RH,Slice,/job:localhost/replica:0/task:0/device:MUSA:0,40.0,0.04
qizHPTsFmZ,Slice,/job:localhost/replica:0/task:0/device:MUSA:0,40.0,0.04
hUNSg3GzeV,Relu,/job:localhost/replica:0/task:0/device:MUSA:0,40.0,0.04
XvxZH4YCA1,MatMul,/job:localhost/replica:0/task:0/device:MUSA:0,40.0,0.04
fTYIl8R6qQ,Unpack,/job:localhost/replica:0/task:0/device:MUSA:0,40.0,0.04
8dHCgvDLUl,Minimum,/job:localhost/replica:0/task:0/device:MUSA:0,39.0,0.039
OIt8mqSfWQ,Slice,/job:localhost/replica:0/task:0/device:MUSA:0,39.0,0.039
eNBYTHalqi,Slice,/job:localhost/replica:0/task:0/device:MUSA:0,39.0,0.039
PRgw1kcmCa,Pack,/job:localhost/replica:0/task:0/device:MUSA:0,39.0,0.039
XLzIdlBnq0,Slice,/job:localhost/replica:0/task:0/device:MUSA:0,38.0,0.038
ONqwtfEWlS,Slice,/job:localhost/replica:0/task:0/device:MUSA:0,38.0,0.038
SvM1ItAcQW,Select,/job:localhost/replica:0/task:0/device:MUSA:0,38.0,0.038
qaASLlIE0y,MatMul,/job:localhost/replica:0/task:0/device:MUSA:0,38.0,0.038
nKaQBxqeIG,Less,/job:localhost/replica:0/task:0/device:MUSA:0,37.0,0.037
vtiH3NcSzb,RealDiv,/job:localhost/replica:0/task:0/device:MUSA:0,37.0,0.037
W028Dkv7JX,MatMul,/job:localhost/replica:0/task:0/device:MUSA:0,37.0,0.037
BR1EKUbOuA,SplitV,/job:localhost/replica:0/task:0/device:MUSA:0,37.0,0.037
D8Bxu1HvE4,Rsqrt,/job:localhost/replica:0/task:0/device:MUSA:0,36.0,0.036
OG5ySjER9L,Slice,/job:localhost/replica:0/task:0/device:MUSA:0,36.0,0.036
vch0UFMrNt,Relu,/job:localhost/replica:0/task:0/device:MUSA:0,36.0,0.036
DhecwP19X3,Pow,/job:localhost/replica:0/task:0/device:MUSA:0,36.0,0.036
DqpzCbKfyi,MatMul,/job:localhost/replica:0/task:0/device:MUSA:0,36.0,0.036
Bj2y6GWZaF,Unpack,/job:localhost/replica:0/task:0/device:MUSA:0,36.0,0.036
A3pwuLYZHN,MatMul,/job:localhost/replica:0/task:0/device:MUSA:0,36.0,0.036
lJh7xsPBEI,MatMul,/job:localhost/replica:0/task:0/device:MUSA:0,36.0,0.036
a2FXYOz4fl,MatMul,/job:localhost/replica:0/task:0/device:MUSA:0,36.0,0.036
vrtUnPEH0s,Slice,/job:localhost/replica:0/task:0/device:MUSA:0,35.0,0.035
Hd59MXO4Sv,Slice,/job:localhost/replica:0/task:0/device:MUSA:0,35.0,0.035
XqU21jJr8I,Slice,/job:localhost/replica:0/task:0/device:MUSA:0,35.0,0.035
abuCKIcdFx,Unpack,/job:localhost/replica:0/task:0/device:MUSA:0,35.0,0.035
U6iBS5Qmav,Unpack,/job:localhost/replica:0/task:0/device:MUSA:0,35.0,0.035
vXWBzNldg1,Unpack,/job:localhost/replica:0/task:0/device:MUSA:0,35.0,0.035
OXApRPaSZD,Pow,/job:localhost/replica:0/task:0/device:MUSA:0,35.0,0.035
xJOMsDefLd,ConcatV2,/job:localhost/replica:0/task:0/device:MUSA:0,35.0,0.035
lBftOas1YH,MatMul,/job:localhost/replica:0/task:0/device:MUSA:0,35.0,0.035
i2xT9z31Rp,SplitV,/job:localhost/replica:0/task:0/device:MUSA:0,35.0,0.035
LfQctZ4o2u,Slice,/job:localhost/replica:0/task:0/device:MUSA:0,34.0,0.034
o3SEK40kB7,Slice,/job:localhost/replica:0/task:0/device:MUSA:0,34.0,0.034
TCzRrtVNmu,Prod,/job:localhost/replica:0/task:0/device:MUSA:0,34.0,0.034
DAyr8ZaIKJ,SquaredDifference,/job:localhost/replica:0/task:0/device:MUSA:0,34.0,0.034
4HFsGc3oj6,Slice,/job:localhost/replica:0/task:0/device:MUSA:0,34.0,0.034
SXJEMljqVK,Slice,/job:localhost/replica:0/task:0/device:MUSA:0,34.0,0.034
39fHDpOTlG,Slice,/job:localhost/replica:0/task:0/device:MUSA:0,34.0,0.034
o4MNF9cJtZ,MatMul,/job:localhost/replica:0/task:0/device:MUSA:0,34.0,0.034
qwu80yi6f5,ConcatV2,/job:localhost/replica:0/task:0/device:MUSA:0,34.0,0.034
2voWzSDXTL,RealDiv,/job:localhost/replica:0/task:0/device:MUSA:0,34.0,0.034
DESHikZ7qK,Add,/job:localhost/replica:0/task:0/device:MUSA:0,34.0,0.034
RiXN5n21kP,ConcatV2,/job:localhost/replica:0/task:0/device:MUSA:0,34.0,0.034
G652OjLDBz,Const,/job:localhost/replica:0/task:0/device:MUSA:0,33.0,0.033
sScD5NxhZ4,Slice,/job:localhost/replica:0/task:0/device:MUSA:0,33.0,0.033
OjRU3EI4tT,Mean,/job:localhost/replica:0/task:0/device:MUSA:0,33.0,0.033
CW9wImuG3k,Slice,/job:localhost/replica:0/task:0/device:MUSA:0,33.0,0.033
QgYVNLZbWy,Slice,/job:localhost/replica:0/task:0/device:MUSA:0,33.0,0.033
qpxyHFO0ft,Slice,/job:localhost/replica:0/task:0/device:MUSA:0,33.0,0.033
thxIUevPfQ,RealDiv,/job:localhost/replica:0/task:0/device:MUSA:0,33.0,0.033
jRtDm2hd3v,ConcatV2,/job:localhost/replica:0/task:0/device:MUSA:0,33.0,0.033
ebgWTQJdXk,Reshape,/job:localhost/replica:0/task:0/device:MUSA:0,33.0,0.033
ltAXUQDpkf,MatMul,/job:localhost/replica:0/task:0/device:MUSA:0,33.0,0.033
ADR0peo7QW,Unpack,/job:localhost/replica:0/task:0/device:MUSA:0,33.0,0.033
YcFEUDyN47,Slice,/job:localhost/replica:0/task:0/device:MUSA:0,32.0,0.032
Tat25gVnfm,Slice,/job:localhost/replica:0/task:0/device:MUSA:0,32.0,0.032
85KbopZNxH,SquaredDifference,/job:localhost/replica:0/task:0/device:MUSA:0,32.0,0.032
1Ge8XCYqWK,SquaredDifference,/job:localhost/replica:0/task:0/device:MUSA:0,32.0,0.032
YLsPdikpuU,Slice,/job:localhost/replica:0/task:0/device:MUSA:0,32.0,0.032
6wzRIgDuQc,Unpack,/job:localhost/replica:0/task:0/device:MUSA:0,32.0,0.032
eXyw6LV0Kt,Unpack,/job:localhost/replica:0/task:0/device:MUSA:0,32.0,0.032
payO4WNef2,Einsum,/job:localhost/replica:0/task:0/device:MUSA:0,32.0,0.032
3AtsoviDgP,Unpack,/job:localhost/replica:0/task:0/device:MUSA:0,32.0,0.032
hTerXEjm46,Tile,/job:localhost/replica:0/task:0/device:MUSA:0,32.0,0.032
4RoafD53C7,MatMul,/job:localhost/replica:0/task:0/device:MUSA:0,32.0,0.032
5fviHxoAWp,Unpack,/job:localhost/replica:0/task:0/device:MUSA:0,32.0,0.032
WaMt8jTif4,ConcatV2,/job:localhost/replica:0/task:0/device:MUSA:0,32.0,0.032
mqCHJsV7rj,Slice,/job:localhost/replica:0/task:0/device:MUSA:0,31.0,0.031
0VDGbLmFZ5,Slice,/job:localhost/replica:0/task:0/device:MUSA:0,31.0,0.031
5xcX3420Sj,Slice,/job:localhost/replica:0/task:0/device:MUSA:0,31.0,0.031
4XcMlmdNC3,Slice,/job:localhost/replica:0/task:0/device:MUSA:0,31.0,0.031
Lf1hj5DtE0,Slice,/job:localhost/replica:0/task:0/device:MUSA:0,31.0,0.031
qn0KWE1B4N,MatMul,/job:localhost/replica:0/task:0/device:MUSA:0,31.0,0.031
zSKNAIBJ7x,Pack,/job:localhost/replica:0/task:0/device:MUSA:0,31.0,0.031
J3HxAEOZsv,MatMul,/job:localhost/replica:0/task:0/device:MUSA:0,31.0,0.031
ACVPQ6tXey,MatMul,/job:localhost/replica:0/task:0/device:MUSA:0,31.0,0.031
fRe1sXCpIm,RealDiv,/job:localhost/replica:0/task:0/device:MUSA:0,31.0,0.031
z4FJZ3X7kq,Reshape,/job:localhost/replica:0/task:0/device:CPU:0,31.0,0.031
Jn2Dweovix,Maximum,/job:localhost/replica:0/task:0/device:MUSA:0,30.0,0.03
tbBG53QdK8,Pack,/job:localhost/replica:0/task:0/device:MUSA:0,30.0,0.03
j5Qu6dGhI2,ZerosLike,/job:localhost/replica:0/task:0/device:MUSA:0,30.0,0.03
uQmGZ5hBAR,Slice,/job:localhost/replica:0/task:0/device:MUSA:0,30.0,0.03
Glv1fjF9tH,Slice,/job:localhost/replica:0/task:0/device:MUSA:0,30.0,0.03
R0LYAkDUbN,Slice,/job:localhost/replica:0/task:0/device:MUSA:0,30.0,0.03
oEBlNIWjUJ,ConcatV2,/job:localhost/replica:0/task:0/device:MUSA:0,30.0,0.03
UhFPSa2OdH,SquaredDifference,/job:localhost/replica:0/task:0/device:MUSA:0,30.0,0.03
bXqrQOBDNh,Slice,/job:localhost/replica:0/task:0/device:MUSA:0,30.0,0.03
wHi1MykvOr,MatMul,/job:localhost/replica:0/task:0/device:MUSA:0,30.0,0.03
eQ8ji9cr6W,MatMul,/job:localhost/replica:0/task:0/device:MUSA:0,30.0,0.03
xkYIcZFCXh,Minimum,/job:localhost/replica:0/task:0/device:MUSA:0,29.0,0.029
dFWr9Op8iG,Slice,/job:localhost/replica:0/task:0/device:MUSA:0,29.0,0.029
QKxBWlThio,Slice,/job:localhost/replica:0/task:0/device:MUSA:0,29.0,0.029
9YQskhX7dw,Slice,/job:localhost/replica:0/task:0/device:MUSA:0,29.0,0.029
f8ekUSuH6K,Prod,/job:localhost/replica:0/task:0/device:MUSA:0,29.0,0.029
1aAnZ8WwX0,Slice,/job:localhost/replica:0/task:0/device:MUSA:0,29.0,0.029
4PlnYqcUAK,SquaredDifference,/job:localhost/replica:0/task:0/device:MUSA:0,29.0,0.029
b5tBXLfy9h,Slice,/job:localhost/replica:0/task:0/device:MUSA:0,29.0,0.029
H6QOJoqztL,MatMul,/job:localhost/replica:0/task:0/device:MUSA:0,29.0,0.029
3TfwsxBmdW,Pow,/job:localhost/replica:0/task:0/device:MUSA:0,29.0,0.029
wANgHaxC7T,MatMul,/job:localhost/replica:0/task:0/device:MUSA:0,29.0,0.029
RSrXmbItuC,MatMul,/job:localhost/replica:0/task:0/device:MUSA:0,29.0,0.029
ekbsjSRzGA,Pow,/job:localhost/replica:0/task:0/device:MUSA:0,29.0,0.029
gXEn0yblpY,Split,/job:localhost/replica:0/task:0/device:MUSA:0,29.0,0.029
gvhtoNAxk3,Slice,/job:localhost/replica:0/task:0/device:MUSA:0,28.0,0.028
5Szrv1eKna,Slice,/job:localhost/replica:0/task:0/device:MUSA:0,28.0,0.028
Lrbkzvhy95,Slice,/job:localhost/replica:0/task:0/device:MUSA:0,28.0,0.028
jTcEwG27CP,Slice,/job:localhost/replica:0/task:0/device:MUSA:0,28.0,0.028
SUWk5Kz6YQ,Slice,/job:localhost/replica:0/task:0/device:MUSA:0,28.0,0.028
GLsrKmMSNv,Select,/job:localhost/replica:0/task:0/device:MUSA:0,28.0,0.028
oGDAu5j3XP,Less,/job:localhost/replica:0/task:0/device:MUSA:0,28.0,0.028
gJB7P0bZQj,Pow,/job:localhost/replica:0/task:0/device:MUSA:0,28.0,0.028
p703y4htsv,Greater,/job:localhost/replica:0/task:0/device:MUSA:0,28.0,0.028
7zOFvJ6l1s,Softmax,/job:localhost/replica:0/task:0/device:MUSA:0,28.0,0.028
J8fvSUPxMm,MatMul,/job:localhost/replica:0/task:0/device:MUSA:0,28.0,0.028
veYnFsLzqb,RealDiv,/job:localhost/replica:0/task:0/device:MUSA:0,28.0,0.028
5gNJVnYy2d,BatchMatMulV2,/job:localhost/replica:0/task:0/device:MUSA:0,28.0,0.028
6gspUSWQzd,Unpack,/job:localhost/replica:0/task:0/device:MUSA:0,28.0,0.028
vAgLSOkRtY,Unpack,/job:localhost/replica:0/task:0/device:MUSA:0,28.0,0.028
dQYi6KqtNp,MatMul,/job:localhost/replica:0/task:0/device:MUSA:0,28.0,0.028
jXskCzwUAQ,Split,/job:localhost/replica:0/task:0/device:MUSA:0,28.0,0.028
RJqphU2AYr,Sqrt,/job:localhost/replica:0/task:0/device:MUSA:0,27.0,0.027
R2aTBuj15K,RandomUniform,/job:localhost/replica:0/task:0/device:MUSA:0,27.0,0.027
ZgaV3Y0Aiq,Slice,/job:localhost/replica:0/task:0/device:MUSA:0,27.0,0.027
ftSkQx4dgp,Slice,/job:localhost/replica:0/task:0/device:MUSA:0,27.0,0.027
7OGtoYF8bv,Slice,/job:localhost/replica:0/task:0/device:MUSA:0,27.0,0.027
PK4BIrkusV,Slice,/job:localhost/replica:0/task:0/device:MUSA:0,27.0,0.027
YR5PzEtChg,Slice,/job:localhost/replica:0/task:0/device:MUSA:0,27.0,0.027
un1BMyxr0d,Slice,/job:localhost/replica:0/task:0/device:MUSA:0,27.0,0.027
u9DkgAC2EP,Select,/job:localhost/replica:0/task:0/device:MUSA:0,27.0,0.027
R1nscxwtFZ,Prod,/job:localhost/replica:0/task:0/device:MUSA:0,27.0,0.027
NqGtAeYX7d,SquaredDifference,/job:localhost/replica:0/task:0/device:MUSA:0,27.0,0.027
7KzfOdTove,Slice,/job:localhost/replica:0/task:0/device:MUSA:0,27.0,0.027
TCyMaYjfRh,Slice,/job:localhost/replica:0/task:0/device:MUSA:0,27.0,0.027
w5vTazDylI,Slice,/job:localhost/replica:0/task:0/device:MUSA:0,27.0,0.027
aLvtC3QnbJ,SplitV,/job:localhost/replica:0/task:0/device:MUSA:0,27.0,0.027
bAv4gS3Wzu,Prod,/job:localhost/replica:0/task:0/device:MUSA:0,27.0,0.027
NTksB7VZG8,Split,/job:localhost/replica:0/task:0/device:MUSA:0,27.0,0.027
cdsiVNaDUX,ZerosLike,/job:localhost/replica:0/task:0/device:MUSA:0,26.0,0.026
mKwg5iqGrE,Minimum,/job:localhost/replica:0/task:0/device:MUSA:0,26.0,0.026
fJ3WFxpUzN,ZerosLike,/job:localhost/replica:0/task:0/device:MUSA:0,26.0,0.026
Gc9dTsYUv3,Slice,/job:localhost/replica:0/task:0/device:MUSA:0,26.0,0.026
RAY5hIZsHe,Slice,/job:localhost/replica:0/task:0/device:MUSA:0,26.0,0.026
7Z82OYRWJo,Slice,/job:localhost/replica:0/task:0/device:MUSA:0,26.0,0.026
lLWV5zQd0R,Slice,/job:localhost/replica:0/task:0/device:MUSA:0,26.0,0.026
t2HqdN8ST9,Slice,/job:localhost/replica:0/task:0/device:MUSA:0,26.0,0.026
MDOmSRdHzQ,MatMul,/job:localhost/replica:0/task:0/device:MUSA:0,26.0,0.026
avATl5kgDP,Slice,/job:localhost/replica:0/task:0/device:MUSA:0,26.0,0.026
RI2H7BP8nZ,Max,/job:localhost/replica:0/task:0/device:MUSA:0,26.0,0.026
C2bAMepR6B,Slice,/job:localhost/replica:0/task:0/device:MUSA:0,26.0,0.026
aVQPZDtfTw,AddV2,/job:localhost/replica:0/task:0/device:MUSA:0,26.0,0.026
tFrnRhQpji,Slice,/job:localhost/replica:0/task:0/device:MUSA:0,26.0,0.026
Lo6KN7RVnU,Slice,/job:localhost/replica:0/task:0/device:MUSA:0,26.0,0.026
dmUc76tZKl,Pow,/job:localhost/replica:0/task:0/device:MUSA:0,26.0,0.026
DKdoQpx39C,ConcatV2,/job:localhost/replica:0/task:0/device:MUSA:0,26.0,0.026
cNZb0TGpo8,Mul,/job:localhost/replica:0/task:0/device:MUSA:0,26.0,0.026
P5FTZe2JVa,Unpack,/job:localhost/replica:0/task:0/device:MUSA:0,26.0,0.026
ry7x0FoJSR,Mul,/job:localhost/replica:0/task:0/device:MUSA:0,26.0,0.026
lykNsJfMWR,Pow,/job:localhost/replica:0/task:0/device:MUSA:0,26.0,0.026
cpw3L2kxOa,MatMul,/job:localhost/replica:0/task:0/device:MUSA:0,26.0,0.026
eU2g8NKl6A,Unpack,/job:localhost/replica:0/task:0/device:MUSA:0,26.0,0.026
9n7heiIN1M,MatMul,/job:localhost/replica:0/task:0/device:MUSA:0,26.0,0.026
D6kJy4qeQm,Prod,/job:localhost/replica:0/task:0/device:MUSA:0,26.0,0.026
Sn01Kw2Yed,ConcatV2,/job:localhost/replica:0/task:0/device:MUSA:0,26.0,0.026
dKrCH0cnv9,Round,/job:localhost/replica:0/task:0/device:MUSA:0,25.0,0.025
QMdAGLC2uX,Slice,/job:localhost/replica:0/task:0/device:MUSA:0,25.0,0.025
VCx4LXDRpe,Slice,/job:localhost/replica:0/task:0/device:MUSA:0,25.0,0.025
tTp6jaeRCE,Prod,/job:localhost/replica:0/task:0/device:MUSA:0,25.0,0.025
VBOKJvu5xD,Slice,/job:localhost/replica:0/task:0/device:MUSA:0,25.0,0.025
5zRw87hntD,Prod,/job:localhost/replica:0/task:0/device:MUSA:0,25.0,0.025
5Fv39r6VhN,Mean,/job:localhost/replica:0/task:0/device:MUSA:0,25.0,0.025
T3FWgeA6p7,Slice,/job:localhost/replica:0/task:0/device:MUSA:0,25.0,0.025
JcBuitjaQv,Slice,/job:localhost/replica:0/task:0/device:MUSA:0,25.0,0.025
e9MgUoRaJu,Select,/job:localhost/replica:0/task:0/device:MUSA:0,25.0,0.025
DEK7AkFcaW,Pow,/job:localhost/replica:0/task:0/device:MUSA:0,25.0,0.025
vYyLacXS6u,Slice,/job:localhost/replica:0/task:0/device:MUSA:0,25.0,0.025
hR0MmDCcfs,Add,/job:localhost/replica:0/task:0/device:MUSA:0,25.0,0.025
8UXNas97QL,Slice,/job:localhost/replica:0/task:0/device:MUSA:0,25.0,0.025
SCGPBV0fda,Slice,/job:localhost/replica:0/task:0/device:MUSA:0,25.0,0.025
CRtOvyHaF3,Slice,/job:localhost/replica:0/task:0/device:MUSA:0,25.0,0.025
0ekqcZGzvA,Pow,/job:localhost/replica:0/task:0/device:MUSA:0,25.0,0.025
w4Qm80TBV6,ConcatV2,/job:localhost/replica:0/task:0/device:MUSA:0,25.0,0.025
TKdSDsrMkn,Reshape,/job:localhost/replica:0/task:0/device:MUSA:0,25.0,0.025
IrlEY1XKtN,Unpack,/job:localhost/replica:0/task:0/device:MUSA:0,25.0,0.025
bJ0CSqZukN,Pack,/job:localhost/replica:0/task:0/device:MUSA:0,25.0,0.025
Z3bzsMmSkJ,Unpack,/job:localhost/replica:0/task:0/device:MUSA:0,25.0,0.025
uiJ6ZsEy34,Pack,/job:localhost/replica:0/task:0/device:MUSA:0,25.0,0.025
CAO71BDoVZ,ConcatV2,/job:localhost/replica:0/task:0/device:MUSA:0,25.0,0.025
4Q5v9hyzCj,Unpack,/job:localhost/replica:0/task:0/device:MUSA:0,25.0,0.025
FnYPiAcpUa,Tile,/job:localhost/replica:0/task:0/device:MUSA:0,25.0,0.025
imvMVCUqDw,Pow,/job:localhost/replica:0/task:0/device:MUSA:0,25.0,0.025
weY645HpQG,ZerosLike,/job:localhost/replica:0/task:0/device:MUSA:0,24.0,0.024
JklcoC8T9f,RandomUniform,/job:localhost/replica:0/task:0/device:MUSA:0,24.0,0.024
bE9mAYPrdp,Equal,/job:localhost/replica:0/task:0/device:MUSA:0,24.0,0.024
8Uf2qLRkYg,StridedSlice,/job:localhost/replica:0/task:0/device:MUSA:0,24.0,0.024
nAPg1ZSdIo,Slice,/job:localhost/replica:0/task:0/device:MUSA:0,24.0,0.024
gqyrUvSx7V,Slice,/job:localhost/replica:0/task:0/device:MUSA:0,24.0,0.024
mYxXn1slw7,Slice,/job:localhost/replica:0/task:0/device:MUSA:0,24.0,0.024
xCKAzRmUsy,Slice,/job:localhost/replica:0/task:0/device:MUSA:0,24.0,0.024
UOWkTdcV7D,Slice,/job:localhost/replica:0/task:0/device:MUSA:0,24.0,0.024
EfJLDVZOq7,Select,/job:localhost/replica:0/task:0/device:MUSA:0,24.0,0.024
WUXaVwejJN,Slice,/job:localhost/replica:0/task:0/device:MUSA:0,24.0,0.024
x4vamo19VK,Slice,/job:localhost/replica:0/task:0/device:MUSA:0,24.0,0.024
txGmHBpSl6,Slice,/job:localhost/replica:0/task:0/device:MUSA:0,24.0,0.024
XSUv5hxA9N,AddV2,/job:localhost/replica:0/task:0/device:MUSA:0,24.0,0.024
jPGFwh8JRD,Slice,/job:localhost/replica:0/task:0/device:MUSA:0,24.0,0.024
KY17cWFMgh,RealDiv,/job:localhost/replica:0/task:0/device:MUSA:0,24.0,0.024
kFImQCdONj,MatMul,/job:localhost/replica:0/task:0/device:MUSA:0,24.0,0.024
iAvu6mOgCY,MatMul,/job:localhost/replica:0/task:0/device:MUSA:0,24.0,0.024
4LJWyqDFKI,Unpack,/job:localhost/replica:0/task:0/device:MUSA:0,24.0,0.024
3Ml2hURKi8,MatMul,/job:localhost/replica:0/task:0/device:MUSA:0,24.0,0.024
NfVmsEo12A,MatMul,/job:localhost/replica:0/task:0/device:MUSA:0,24.0,0.024
aLnb80vHFz,Reshape,/job:localhost/replica:0/task:0/device:MUSA:0,24.0,0.024
MAsl0NR3OS,ConcatV2,/job:localhost/replica:0/task:0/device:MUSA:0,24.0,0.024
BJnbPUHOle,Mul,/job:localhost/replica:0/task:0/device:MUSA:0,24.0,0.024
fm8RKrc9Jq,SplitV,/job:localhost/replica:0/task:0/device:MUSA:0,24.0,0.024
Q7VyajLHbl,Prod,/job:localhost/replica:0/task:0/device:MUSA:0,24.0,0.024
DLo3217min,ConcatV2,/job:localhost/replica:0/task:0/device:MUSA:0,24.0,0.024
uJxCtb3Zvm,Split,/job:localhost/replica:0/task:0/device:MUSA:0,24.0,0.024
taIbFkeBQN,Reshape,/job:localhost/replica:0/task:0/device:MUSA:0,23.0,0.023
09reKtPdRD,ZerosLike,/job:localhost/replica:0/task:0/device:MUSA:0,23.0,0.023
kUTfCRlqXV,Fill,/job:localhost/replica:0/task:0/device:MUSA:0,23.0,0.023
Is7BopHNiL,Cast,/job:localhost/replica:0/task:0/device:MUSA:0,23.0,0.023
AXehWfzIFu,Slice,/job:localhost/replica:0/task:0/device:MUSA:0,23.0,0.023
NE1OukdzSK,Slice,/job:localhost/replica:0/task:0/device:MUSA:0,23.0,0.023
ueBSlJ16UN,Slice,/job:localhost/replica:0/task:0/device:MUSA:0,23.0,0.023
RqBtr53vuS,Slice,/job:localhost/replica:0/task:0/device:MUSA:0,23.0,0.023
Yycgd6FET2,Prod,/job:localhost/replica:0/task:0/device:MUSA:0,23.0,0.023
l7efwptN9o,Slice,/job:localhost/replica:0/task:0/device:MUSA:0,23.0,0.023
efZIBRyCbc,Slice,/job:localhost/replica:0/task:0/device:MUSA:0,23.0,0.023
QMJLKetNvi,Slice,/job:localhost/replica:0/task:0/device:MUSA:0,23.0,0.023
I8owGaxHAu,Slice,/job:localhost/replica:0/task:0/device:MUSA:0,23.0,0.023
PHUWbtyZhL,Slice,/job:localhost/replica:0/task:0/device:MUSA:0,23.0,0.023
xv60HBu4UT,Slice,/job:localhost/replica:0/task:0/device:MUSA:0,23.0,0.023
lojU9f7ay5,MatMul,/job:localhost/replica:0/task:0/device:MUSA:0,23.0,0.023
5kQLMrEDeX,Slice,/job:localhost/replica:0/task:0/device:MUSA:0,23.0,0.023
02lpGsZSQN,Prod,/job:localhost/replica:0/task:0/device:MUSA:0,23.0,0.023
mXRLYlj6D8,Slice,/job:localhost/replica:0/task:0/device:MUSA:0,23.0,0.023
b4lDHCeEWn,RealDiv,/job:localhost/replica:0/task:0/device:MUSA:0,23.0,0.023
p07clHWxu1,Slice,/job:localhost/replica:0/task:0/device:MUSA:0,23.0,0.023
lgV2frmwDi,Slice,/job:localhost/replica:0/task:0/device:MUSA:0,23.0,0.023
26XUyjZts9,Slice,/job:localhost/replica:0/task:0/device:MUSA:0,23.0,0.023
KvuOV7nX4q,Slice,/job:localhost/replica:0/task:0/device:MUSA:0,23.0,0.023
B6zVLeb3H9,Slice,/job:localhost/replica:0/task:0/device:MUSA:0,23.0,0.023
xN15caHRnO,Slice,/job:localhost/replica:0/task:0/device:MUSA:0,23.0,0.023
zHXmkIaDBT,Prod,/job:localhost/replica:0/task:0/device:MUSA:0,23.0,0.023
lswAQMdxEi,MatMul,/job:localhost/replica:0/task:0/device:MUSA:0,23.0,0.023
lv5WDBJaCh,Unpack,/job:localhost/replica:0/task:0/device:MUSA:0,23.0,0.023
ZORdxcLy7S,MatMul,/job:localhost/replica:0/task:0/device:MUSA:0,23.0,0.023
xRsGuiP7QD,Pow,/job:localhost/replica:0/task:0/device:MUSA:0,23.0,0.023
UMgnCia4kt,MatMul,/job:localhost/replica:0/task:0/device:MUSA:0,23.0,0.023
OXN60D4HaC,Pack,/job:localhost/replica:0/task:0/device:MUSA:0,23.0,0.023
IgNmcG6dz7,Pack,/job:localhost/replica:0/task:0/device:MUSA:0,23.0,0.023
FVCuhlI9oY,Unpack,/job:localhost/replica:0/task:0/device:MUSA:0,23.0,0.023
j3UfqiCD5k,RealDiv,/job:localhost/replica:0/task:0/device:MUSA:0,23.0,0.023
1dHsQTizGo,Sub,/job:localhost/replica:0/task:0/device:MUSA:0,23.0,0.023
V3je6qzaoN,Rsqrt,/job:localhost/replica:0/task:0/device:MUSA:0,23.0,0.023
DvRafYUprl,Mul,/job:localhost/replica:0/task:0/device:MUSA:0,23.0,0.023
ysxh74LAbF,ConcatV2,/job:localhost/replica:0/task:0/device:MUSA:0,23.0,0.023
eX5k8pwArI,ConcatV2,/job:localhost/replica:0/task:0/device:MUSA:0,23.0,0.023
3qYzM25rUN,Pack,/job:localhost/replica:0/task:0/device:MUSA:0,23.0,0.023
l6sCQBNwJ9,Pow,/job:localhost/replica:0/task:0/device:MUSA:0,23.0,0.023
1kwurjXl5D,AddV2,/job:localhost/replica:0/task:0/device:MUSA:0,23.0,0.023
9zUhw8yXru,Cast,/job:localhost/replica:0/task:0/device:MUSA:0,22.0,0.022
fkUv9FMK0W,Slice,/job:localhost/replica:0/task:0/device:MUSA:0,22.0,0.022
PSTXt3JhGv,ExpandDims,/job:localhost/replica:0/task:0/device:MUSA:0,22.0,0.022
WzgJfH075F,Slice,/job:localhost/replica:0/task:0/device:MUSA:0,22.0,0.022
OVTeWyCuF3,Slice,/job:localhost/replica:0/task:0/device:MUSA:0,22.0,0.022
d0wClztxrs,Slice,/job:localhost/replica:0/task:0/device:MUSA:0,22.0,0.022
RAfx5jgFN6,Mean,/job:localhost/replica:0/task:0/device:MUSA:0,22.0,0.022
FiWTBNZkGt,Slice,/job:localhost/replica:0/task:0/device:MUSA:0,22.0,0.022
i1Tl53In8m,Slice,/job:localhost/replica:0/task:0/device:MUSA:0,22.0,0.022
mfIPS89MUW,Slice,/job:localhost/replica:0/task:0/device:MUSA:0,22.0,0.022
kLXMit5zwa,Slice,/job:localhost/replica:0/task:0/device:MUSA:0,22.0,0.022
IM6Wkonilt,Slice,/job:localhost/replica:0/task:0/device:MUSA:0,22.0,0.022
4RAHBb13KZ,Slice,/job:localhost/replica:0/task:0/device:MUSA:0,22.0,0.022
zPn3iVjq2Y,Slice,/job:localhost/replica:0/task:0/device:MUSA:0,22.0,0.022
MfCvySWuKg,Slice,/job:localhost/replica:0/task:0/device:MUSA:0,22.0,0.022
sZKo1J9Uw7,Slice,/job:localhost/replica:0/task:0/device:MUSA:0,22.0,0.022
0HwQXZbKTA,Slice,/job:localhost/replica:0/task:0/device:MUSA:0,22.0,0.022
yE9xB21t5j,Slice,/job:localhost/replica:0/task:0/device:MUSA:0,22.0,0.022
SfiKBhomer,Slice,/job:localhost/replica:0/task:0/device:MUSA:0,22.0,0.022
27TqDYtjow,Slice,/job:localhost/replica:0/task:0/device:MUSA:0,22.0,0.022
z4gFWR5KsB,Slice,/job:localhost/replica:0/task:0/device:MUSA:0,22.0,0.022
duc9V2Oz1w,Slice,/job:localhost/replica:0/task:0/device:MUSA:0,22.0,0.022
Auw6QJzqiR,MatMul,/job:localhost/replica:0/task:0/device:MUSA:0,22.0,0.022
NbkoJPlieG,Select,/job:localhost/replica:0/task:0/device:MUSA:0,22.0,0.022
gWQjKvA9R1,RealDiv,/job:localhost/replica:0/task:0/device:MUSA:0,22.0,0.022
DyCBrbtSY7,Pack,/job:localhost/replica:0/task:0/device:MUSA:0,22.0,0.022
xP3GUl9kdt,Unpack,/job:localhost/replica:0/task:0/device:MUSA:0,22.0,0.022
5eSONMWxCP,Pow,/job:localhost/replica:0/task:0/device:MUSA:0,22.0,0.022
2vbDkKWIj0,Reshape,/job:localhost/replica:0/task:0/device:MUSA:0,22.0,0.022
HxCVRdOBkq,StridedSlice,/job:localhost/replica:0/task:0/device:MUSA:0,22.0,0.022
imzbaZr4kN,MatMul,/job:localhost/replica:0/task:0/device:MUSA:0,22.0,0.022
pLar6X0YsH,RealDiv,/job:localhost/replica:0/task:0/device:MUSA:0,22.0,0.022
Q7osvxktVF,Unpack,/job:localhost/replica:0/task:0/device:MUSA:0,22.0,0.022
Z0GfQwqbRD,SquaredDifference,/job:localhost/replica:0/task:0/device:MUSA:0,22.0,0.022
UtCGK9fqBF,MatMul,/job:localhost/replica:0/task:0/device:MUSA:0,22.0,0.022
4ViG15BDh0,ConcatV2,/job:localhost/replica:0/task:0/device:MUSA:0,22.0,0.022
BKM3mQ6jG2,Pack,/job:localhost/replica:0/task:0/device:MUSA:0,22.0,0.022
jn8fXvO7Gb,SplitV,/job:localhost/replica:0/task:0/device:MUSA:0,22.0,0.022
L5YTNW9gaK,MatMul,/job:localhost/replica:0/task:0/device:MUSA:0,22.0,0.022
ZH0C17er5U,Reshape,/job:localhost/replica:0/task:0/device:MUSA:0,21.0,0.021
4yNZCpl0TK,Maximum,/job:localhost/replica:0/task:0/device:MUSA:0,21.0,0.021
kUBhd5C9QE,Minimum,/job:localhost/replica:0/task:0/device:MUSA:0,21.0,0.021
YNw2FOEVhI,Slice,/job:localhost/replica:0/task:0/device:MUSA:0,21.0,0.021
4Razxs20Gr,Slice,/job:localhost/replica:0/task:0/device:MUSA:0,21.0,0.021
yLx6Y0imCv,Slice,/job:localhost/replica:0/task:0/device:MUSA:0,21.0,0.021
oELrXdVfBn,Slice,/job:localhost/replica:0/task:0/device:MUSA:0,21.0,0.021
iOIH3bT8kK,Slice,/job:localhost/replica:0/task:0/device:MUSA:0,21.0,0.021
zfYEVkwovB,Slice,/job:localhost/replica:0/task:0/device:MUSA:0,21.0,0.021
FDo5RuLm9c,Slice,/job:localhost/replica:0/task:0/device:MUSA:0,21.0,0.021
zO5QvwAEyb,Greater,/job:localhost/replica:0/task:0/device:MUSA:0,21.0,0.021
E38Ufm9GwT,Slice,/job:localhost/replica:0/task:0/device:MUSA:0,21.0,0.021
4xQnCKw8rV,Slice,/job:localhost/replica:0/task:0/device:MUSA:0,21.0,0.021
R1Zi3e0rEk,Slice,/job:localhost/replica:0/task:0/device:MUSA:0,21.0,0.021
4FlocRJexG,Slice,/job:localhost/replica:0/task:0/device:MUSA:0,21.0,0.021
BXs3rURkvT,MatMul,/job:localhost/replica:0/task:0/device:MUSA:0,21.0,0.021
2EuklfJNcW,Slice,/job:localhost/replica:0/task:0/device:MUSA:0,21.0,0.021
86XHtAvrDz,MatMul,/job:localhost/replica:0/task:0/device:MUSA:0,21.0,0.021
mpGLrlDWN7,Prod,/job:localhost/replica:0/task:0/device:MUSA:0,21.0,0.021
g1akdn4Gqi,MatMul,/job:localhost/replica:0/task:0/device:MUSA:0,21.0,0.021
1D74sFfeKH,Slice,/job:localhost/replica:0/task:0/device:MUSA:0,21.0,0.021
SlOdyT6XNc,ConcatV2,/job:localhost/replica:0/task:0/device:MUSA:0,21.0,0.021
JtEic4Sd8T,Slice,/job:localhost/replica:0/task:0/device:MUSA:0,21.0,0.021
HB2IaeqKYS,Slice,/job:localhost/replica:0/task:0/device:MUSA:0,21.0,0.021
YeH0LOul3p,Slice,/job:localhost/replica:0/task:0/device:MUSA:0,21.0,0.021
fOX7WoR9DL,Slice,/job:localhost/replica:0/task:0/device:MUSA:0,21.0,0.021
U01FSmdTvu,Slice,/job:localhost/replica:0/task:0/device:MUSA:0,21.0,0.021
UjwldHy8M4,Slice,/job:localhost/replica:0/task:0/device:MUSA:0,21.0,0.021
l5AW8LcKiF,Slice,/job:localhost/replica:0/task:0/device:MUSA:0,21.0,0.021
EdbXjclGuP,Slice,/job:localhost/replica:0/task:0/device:MUSA:0,21.0,0.021
zJyh5bSmjd,Slice,/job:localhost/replica:0/task:0/device:MUSA:0,21.0,0.021
Mxo9EDZXHb,Slice,/job:localhost/replica:0/task:0/device:MUSA:0,21.0,0.021
IFoapNKCsd,Slice,/job:localhost/replica:0/task:0/device:MUSA:0,21.0,0.021
oV91IwT4NL,SquaredDifference,/job:localhost/replica:0/task:0/device:MUSA:0,21.0,0.021
vebgFBhHSz,MatMul,/job:localhost/replica:0/task:0/device:MUSA:0,21.0,0.021
jLnptbhxvr,Mean,/job:localhost/replica:0/task:0/device:MUSA:0,21.0,0.021
sNS1VAFY0R,MatMul,/job:localhost/replica:0/task:0/device:MUSA:0,21.0,0.021
ldxwM5JDZN,Pow,/job:localhost/replica:0/task:0/device:MUSA:0,21.0,0.021
jDpV91LORS,Neg,/job:localhost/replica:0/task:0/device:MUSA:0,21.0,0.021
xc0Q9JYk5z,RealDiv,/job:localhost/replica:0/task:0/device:MUSA:0,21.0,0.021
WzdlJtVGmN,AddV2,/job:localhost/replica:0/task:0/device:MUSA:0,21.0,0.021
2hKgRBz1Hi,Sub,/job:localhost/replica:0/task:0/device:MUSA:0,21.0,0.021
o5w0sbdztG,Mul,/job:localhost/replica:0/task:0/device:MUSA:0,21.0,0.021
yndNR6LD8e,MatMul,/job:localhost/replica:0/task:0/device:MUSA:0,21.0,0.021
d69VRKInJL,Mul,/job:localhost/replica:0/task:0/device:MUSA:0,21.0,0.021
g17tzemjAk,Prod,/job:localhost/replica:0/task:0/device:MUSA:0,21.0,0.021
7rUoqI3H1b,Prod,/job:localhost/replica:0/task:0/device:MUSA:0,21.0,0.021
ZTShebMf7r,Conv2D,/job:localhost/replica:0/task:0/device:MUSA:0,21.0,0.021
BIHz1iK74y,Const,/job:localhost/replica:0/task:0/device:MUSA:0,20.0,0.02
bdpCEPOBMi,Const,/job:localhost/replica:0/task:0/device:MUSA:0,20.0,0.02
gC6exB10by,Reshape,/job:localhost/replica:0/task:0/device:MUSA:0,20.0,0.02
lYPZtzAWX0,RandomUniform,/job:localhost/replica:0/task:0/device:MUSA:0,20.0,0.02
NFWXjtOkVq,Slice,/job:localhost/replica:0/task:0/device:MUSA:0,20.0,0.02
2AI5Sxb1wW,Slice,/job:localhost/replica:0/task:0/device:MUSA:0,20.0,0.02
I35qO2XJxr,Slice,/job:localhost/replica:0/task:0/device:MUSA:0,20.0,0.02
CP8SlifF72,Slice,/job:localhost/replica:0/task:0/device:MUSA:0,20.0,0.02
N7znRj69mX,ConcatV2,/job:localhost/replica:0/task:0/device:MUSA:0,20.0,0.02
VWf3cP6UKR,Slice,/job:localhost/replica:0/task:0/device:MUSA:0,20.0,0.02
wi3r6ofHT5,Slice,/job:localhost/replica:0/task:0/device:MUSA:0,20.0,0.02
jmxRKsX6Ec,Conv2D,/job:localhost/replica:0/task:0/device:MUSA:0,20.0,0.02
owRdenc7hC,Slice,/job:localhost/replica:0/task:0/device:MUSA:0,20.0,0.02
DmRKClJqNn,Slice,/job:localhost/replica:0/task:0/device:MUSA:0,20.0,0.02
raGlQMnxbe,Slice,/job:localhost/replica:0/task:0/device:MUSA:0,20.0,0.02
V9rdw8Lfhu,Slice,/job:localhost/replica:0/task:0/device:MUSA:0,20.0,0.02
b8XV6f2tcD,Slice,/job:localhost/replica:0/task:0/device:MUSA:0,20.0,0.02
k5iadFVrSM,Slice,/job:localhost/replica:0/task:0/device:MUSA:0,20.0,0.02
WvkgLR4OZu,Slice,/job:localhost/replica:0/task:0/device:MUSA:0,20.0,0.02
Uf8A0a2iNs,Slice,/job:localhost/replica:0/task:0/device:MUSA:0,20.0,0.02
o9HpdlkVUS,Slice,/job:localhost/replica:0/task:0/device:MUSA:0,20.0,0.02
LQ5eM67aBY,Slice,/job:localhost/replica:0/task:0/device:MUSA:0,20.0,0.02
cyX8V1v7b9,Slice,/job:localhost/replica:0/task:0/device:MUSA:0,20.0,0.02
XO9SFuWDIT,Slice,/job:localhost/replica:0/task:0/device:MUSA:0,20.0,0.02
zi05eqsMoY,Slice,/job:localhost/replica:0/task:0/device:MUSA:0,20.0,0.02
sjgOKU4mn5,Slice,/job:localhost/replica:0/task:0/device:MUSA:0,20.0,0.02
Ve4iZlT1S2,Slice,/job:localhost/replica:0/task:0/device:MUSA:0,20.0,0.02
FHp419izED,Slice,/job:localhost/replica:0/task:0/device:MUSA:0,20.0,0.02
4TqODBoX0s,Slice,/job:localhost/replica:0/task:0/device:MUSA:0,20.0,0.02
AZyTxHw6sB,Slice,/job:localhost/replica:0/task:0/device:MUSA:0,20.0,0.02
NR86FqWiPK,Slice,/job:localhost/replica:0/task:0/device:MUSA:0,20.0,0.02
bwg8VATJKP,Slice,/job:localhost/replica:0/task:0/device:MUSA:0,20.0,0.02
fIV50FkWxD,SquaredDifference,/job:localhost/replica:0/task:0/device:MUSA:0,20.0,0.02
B39cmxlp0w,Add,/job:localhost/replica:0/task:0/device:MUSA:0,20.0,0.02
ab2ryQX5fB,Slice,/job:localhost/replica:0/task:0/device:MUSA:0,20.0,0.02
OSMWHlZf7z,Slice,/job:localhost/replica:0/task:0/device:MUSA:0,20.0,0.02
Yb8gz3yuIJ,Slice,/job:localhost/replica:0/task:0/device:MUSA:0,20.0,0.02
zTC0gqB9ls,Slice,/job:localhost/replica:0/task:0/device:MUSA:0,20.0,0.02
E5DmSGltYL,Slice,/job:localhost/replica:0/task:0/device:MUSA:0,20.0,0.02
YSi6nwIeoj,Slice,/job:localhost/replica:0/task:0/device:MUSA:0,20.0,0.02
hOKa5c8JNI,Pack,/job:localhost/replica:0/task:0/device:MUSA:0,20.0,0.02
48Nbov9sHE,Unpack,/job:localhost/replica:0/task:0/device:MUSA:0,20.0,0.02
YXW1f0cRht,Pack,/job:localhost/replica:0/task:0/device:MUSA:0,20.0,0.02
BHJngDu1by,RealDiv,/job:localhost/replica:0/task:0/device:MUSA:0,20.0,0.02
SK2bs69FNH,Pow,/job:localhost/replica:0/task:0/device:MUSA:0,20.0,0.02
6cjqhs85lg,Reshape,/job:localhost/replica:0/task:0/device:MUSA:0,20.0,0.02
vkzRqZKP6C,Pow,/job:localhost/replica:0/task:0/device:MUSA:0,20.0,0.02
ivzm2e4Sqt,Pack,/job:localhost/replica:0/task:0/device:MUSA:0,20.0,0.02
HDeRGVdiXm,SquaredDifference,/job:localhost/replica:0/task:0/device:MUSA:0,20.0,0.02
kMhVmyYIa5,Sum,/job:localhost/replica:0/task:0/device:MUSA:0,20.0,0.02
0KSFdctDnh,Pack,/job:localhost/replica:0/task:0/device:MUSA:0,20.0,0.02
C2rfMxYV9b,Log,/job:localhost/replica:0/task:0/device:MUSA:0,20.0,0.02
KXjlV4JbBH,MatMul,/job:localhost/replica:0/task:0/device:MUSA:0,20.0,0.02
AuOqoxgKaZ,MatMul,/job:localhost/replica:0/task:0/device:MUSA:0,20.0,0.02
LDxftNSGU8,Pow,/job:localhost/replica:0/task:0/device:MUSA:0,20.0,0.02
ynpjuI3zk0,Mul,/job:localhost/replica:0/task:0/device:MUSA:0,20.0,0.02
iGzXBFRUce,Pack,/job:localhost/replica:0/task:0/device:MUSA:0,20.0,0.02
5JEvVuhzMX,SplitV,/job:localhost/replica:0/task:0/device:MUSA:0,20.0,0.02
snST1EuvkZ,ConcatV2,/job:localhost/replica:0/task:0/device:MUSA:0,20.0,0.02
dnAmICT1UW,MatMul,/job:localhost/replica:0/task:0/device:MUSA:0,20.0,0.02
taUTIHkjQW,Prod,/job:localhost/replica:0/task:0/device:MUSA:0,20.0,0.02
EX3TCp8OfQ,MatMul,/job:localhost/replica:0/task:0/device:MUSA:0,20.0,0.02
MBm60kLUP7,RealDiv,/job:localhost/replica:0/task:0/device:MUSA:0,20.0,0.02
S3AYkWBy6C,Select,/job:localhost/replica:0/task:0/device:MUSA:0,20.0,0.02
5TYFOSilLN,Reshape,/job:localhost/replica:0/task:0/device:MUSA:0,19.0,0.019
IWHb3ngauk,Maximum,/job:localhost/replica:0/task:0/device:MUSA:0,19.0,0.019
0oZNzqOt4n,Equal,/job:localhost/replica:0/task:0/device:MUSA:0,19.0,0.019
xchTJLipAb,Slice,/job:localhost/replica:0/task:0/device:MUSA:0,19.0,0.019
Zb3Iq98Mkc,Slice,/job:localhost/replica:0/task:0/device:MUSA:0,19.0,0.019
HxNlI0Gzot,Slice,/job:localhost/replica:0/task:0/device:MUSA:0,19.0,0.019
seOdaUXiZn,Slice,/job:localhost/replica:0/task:0/device:MUSA:0,19.0,0.019
JwNCFEG6Yr,Slice,/job:localhost/replica:0/task:0/device:MUSA:0,19.0,0.019
K82HuPqfhZ,Slice,/job:localhost/replica:0/task:0/device:MUSA:0,19.0,0.019
vxlDUG45Hh,Slice,/job:localhost/replica:0/task:0/device:MUSA:0,19.0,0.019
eLRpTv1EBA,Slice,/job:localhost/replica:0/task:0/device:MUSA:0,19.0,0.019
HCganbmBq3,Slice,/job:localhost/replica:0/task:0/device:MUSA:0,19.0,0.019
9Cbve3GKPW,Sub,/job:localhost/replica:0/task:0/device:MUSA:0,19.0,0.019
yTBW0rtn6e,Slice,/job:localhost/replica:0/task:0/device:MUSA:0,19.0,0.019
eiNnaIlsZB,Slice,/job:localhost/replica:0/task:0/device:MUSA:0,19.0,0.019
oO9UGNAVIb,Slice,/job:localhost/replica:0/task:0/device:MUSA:0,19.0,0.019
zbvLmeKqMf,Slice,/job:localhost/replica:0/task:0/device:MUSA:0,19.0,0.019
Pr29OmBMjN,Slice,/job:localhost/replica:0/task:0/device:MUSA:0,19.0,0.019
GDqr7VHi9s,Prod,/job:localhost/replica:0/task:0/device:MUSA:0,19.0,0.019
y7bxcp4qtG,Slice,/job:localhost/replica:0/task:0/device:MUSA:0,19.0,0.019
psf2VkEj83,Slice,/job:localhost/replica:0/task:0/device:MUSA:0,19.0,0.019
tYTvfpi0bI,Slice,/job:localhost/replica:0/task:0/device:MUSA:0,19.0,0.019
UX0hPQOjsW,Slice,/job:localhost/replica:0/task:0/device:MUSA:0,19.0,0.019
sekUtDbwdr,Select,/job:localhost/replica:0/task:0/device:MUSA:0,19.0,0.019
DFyP0XWGOQ,Slice,/job:localhost/replica:0/task:0/device:MUSA:0,19.0,0.019
wjUg4HAmQf,Slice,/job:localhost/replica:0/task:0/device:MUSA:0,19.0,0.019
YJfnyugKSU,Slice,/job:localhost/replica:0/task:0/device:MUSA:0,19.0,0.019
9feFyRiGtd,Slice,/job:localhost/replica:0/task:0/device:MUSA:0,19.0,0.019
p1nNZcEWFg,Slice,/job:localhost/replica:0/task:0/device:MUSA:0,19.0,0.019
vSa810h6Ne,Slice,/job:localhost/replica:0/task:0/device:MUSA:0,19.0,0.019
auSkoGxq8y,Slice,/job:localhost/replica:0/task:0/device:MUSA:0,19.0,0.019
FVXjPQxLCn,Slice,/job:localhost/replica:0/task:0/device:MUSA:0,19.0,0.019
SuR2Ge8gYI,Slice,/job:localhost/replica:0/task:0/device:MUSA:0,19.0,0.019
RyBL7IgG9N,MatMul,/job:localhost/replica:0/task:0/device:MUSA:0,19.0,0.019
aLdBEnbGIU,Slice,/job:localhost/replica:0/task:0/device:MUSA:0,19.0,0.019
b0ykfGtj42,Slice,/job:localhost/replica:0/task:0/device:MUSA:0,19.0,0.019
MK5ypSGX6f,Slice,/job:localhost/replica:0/task:0/device:MUSA:0,19.0,0.019
QtKclXpSRW,Slice,/job:localhost/replica:0/task:0/device:MUSA:0,19.0,0.019
s0GOXxneZQ,Slice,/job:localhost/replica:0/task:0/device:MUSA:0,19.0,0.019
QInO1BE27m,Fill,/job:localhost/replica:0/task:0/device:MUSA:0,19.0,0.019
jg3oQrlW7E,Slice,/job:localhost/replica:0/task:0/device:MUSA:0,19.0,0.019
KMp4bZSfTr,Slice,/job:localhost/replica:0/task:0/device:MUSA:0,19.0,0.019
LlyHDC5mgo,Slice,/job:localhost/replica:0/task:0/device:MUSA:0,19.0,0.019
PC1Lwr3usS,Slice,/job:localhost/replica:0/task:0/device:MUSA:0,19.0,0.019
TvDPOCUo52,Slice,/job:localhost/replica:0/task:0/device:MUSA:0,19.0,0.019
JsGd4cnvLr,Select,/job:localhost/replica:0/task:0/device:MUSA:0,19.0,0.019
PAb3Lfluk7,Sub,/job:localhost/replica:0/task:0/device:MUSA:0,19.0,0.019
15ZI73NMsm,RealDiv,/job:localhost/replica:0/task:0/device:MUSA:0,19.0,0.019
PqfQBHJb3x,Fill,/job:localhost/replica:0/task:0/device:MUSA:0,19.0,0.019
sdEnDFVmeG,Pad,/job:localhost/replica:0/task:0/device:MUSA:0,19.0,0.019
6J7kZ0gohA,Select,/job:localhost/replica:0/task:0/device:MUSA:0,19.0,0.019
ilJLv5cd9H,StridedSlice,/job:localhost/replica:0/task:0/device:MUSA:0,19.0,0.019
BULfhSPXAJ,Unpack,/job:localhost/replica:0/task:0/device:MUSA:0,19.0,0.019
c75PgNWVMd,Sub,/job:localhost/replica:0/task:0/device:MUSA:0,19.0,0.019
fe0qbUm8cJ,BatchMatMulV2,/job:localhost/replica:0/task:0/device:MUSA:0,19.0,0.019
nMc4Nf2Urb,Mul,/job:localhost/replica:0/task:0/device:MUSA:0,19.0,0.019
CI7x3VLXqh,SquaredDifference,/job:localhost/replica:0/task:0/device:MUSA:0,19.0,0.019
iKAtwvnsp6,Unpack,/job:localhost/replica:0/task:0/device:MUSA:0,19.0,0.019
9O6R0KgofG,RealDiv,/job:localhost/replica:0/task:0/device:MUSA:0,19.0,0.019
vrezDjmEYB,Unpack,/job:localhost/replica:0/task:0/device:MUSA:0,19.0,0.019
npoIYWwqvu,Pow,/job:localhost/replica:0/task:0/device:MUSA:0,19.0,0.019
XOj4wxQ8Nb,Unpack,/job:localhost/replica:0/task:0/device:MUSA:0,19.0,0.019
zuHaT31KjV,MatMul,/job:localhost/replica:0/task:0/device:MUSA:0,19.0,0.019
ORzsbGwpBW,Pack,/job:localhost/replica:0/task:0/device:MUSA:0,19.0,0.019
8xK6S05srk,Pack,/job:localhost/replica:0/task:0/device:MUSA:0,19.0,0.019
QE3HXobcKZ,ConcatV2,/job:localhost/replica:0/task:0/device:MUSA:0,19.0,0.019
u9j0AQwZqh,ConcatV2,/job:localhost/replica:0/task:0/device:MUSA:0,19.0,0.019
HaIZciRQY0,Pack,/job:localhost/replica:0/task:0/device:MUSA:0,19.0,0.019
4NlqJQenkZ,Unpack,/job:localhost/replica:0/task:0/device:MUSA:0,19.0,0.019
sf9ZRGLIP2,Prod,/job:localhost/replica:0/task:0/device:MUSA:0,19.0,0.019
S9zXpQBJf6,Prod,/job:localhost/replica:0/task:0/device:MUSA:0,19.0,0.019
2dCPnNuxJK,SplitV,/job:localhost/replica:0/task:0/device:MUSA:0,19.0,0.019
jLhH26rExQ,Prod,/job:localhost/replica:0/task:0/device:MUSA:0,19.0,0.019
b3W4hay5zQ,MatMul,/job:localhost/replica:0/task:0/device:MUSA:0,19.0,0.019
yNStf39nHh,MatMul,/job:localhost/replica:0/task:0/device:MUSA:0,19.0,0.019
U2EnK3hjyW,Add,/job:localhost/replica:0/task:0/device:MUSA:0,19.0,0.019
dNDS8rTCkm,StridedSlice,/job:localhost/replica:0/task:0/device:MUSA:0,19.0,0.019
kdg2oXVUfr,Rsqrt,/job:localhost/replica:0/task:0/device:MUSA:0,19.0,0.019
eqMaJGnArF,Reshape,/job:localhost/replica:0/task:0/device:MUSA:0,18.0,0.018
KzcV76lU3t,Reshape,/job:localhost/replica:0/task:0/device:MUSA:0,18.0,0.018
ZLEATFh2XO,Reshape,/job:localhost/replica:0/task:0/device:MUSA:0,18.0,0.018
BZ7Ft6nrPp,Reshape,/job:localhost/replica:0/task:0/device:MUSA:0,18.0,0.018
ConstantFolding/tNnjlQcv5g_recip,RealDiv,/job:localhost/replica:0/task:0/device:MUSA:0,18.0,0.018
VmW3lHpM7E,Reshape,/job:localhost/replica:0/task:0/device:MUSA:0,18.0,0.018
rizp5HaR8g,Maximum,/job:localhost/replica:0/task:0/device:MUSA:0,18.0,0.018
ao5Xu6yNAR,Slice,/job:localhost/replica:0/task:0/device:MUSA:0,18.0,0.018
Ti5uwXO9Q1,Slice,/job:localhost/replica:0/task:0/device:MUSA:0,18.0,0.018
HcZl9A2uNo,Slice,/job:localhost/replica:0/task:0/device:MUSA:0,18.0,0.018
fGv8nVa0rQ,Slice,/job:localhost/replica:0/task:0/device:MUSA:0,18.0,0.018
ICwuWX4g1D,Slice,/job:localhost/replica:0/task:0/device:MUSA:0,18.0,0.018
irGyLeSBzR,Reshape,/job:localhost/replica:0/task:0/device:MUSA:0,18.0,0.018
QsZ0tWYyAM,Slice,/job:localhost/replica:0/task:0/device:MUSA:0,18.0,0.018
3ULoq15OXu,Slice,/job:localhost/replica:0/task:0/device:MUSA:0,18.0,0.018
QaYevPHp01,Slice,/job:localhost/replica:0/task:0/device:MUSA:0,18.0,0.018
DfElIH5Zmc,Slice,/job:localhost/replica:0/task:0/device:MUSA:0,18.0,0.018
A61uWm3gy2,Slice,/job:localhost/replica:0/task:0/device:MUSA:0,18.0,0.018
OWfi2rgnpY,Slice,/job:localhost/replica:0/task:0/device:MUSA:0,18.0,0.018
HicVd0h4Sk,Select,/job:localhost/replica:0/task:0/device:MUSA:0,18.0,0.018
TBLKgYWueV,Slice,/job:localhost/replica:0/task:0/device:MUSA:0,18.0,0.018
tp9SLcVUxE,Slice,/job:localhost/replica:0/task:0/device:MUSA:0,18.0,0.018
I8C0as9pG4,Slice,/job:localhost/replica:0/task:0/device:MUSA:0,18.0,0.018
1pytVLWvuQ,Slice,/job:localhost/replica:0/task:0/device:MUSA:0,18.0,0.018
wc4Y90zZmU,Slice,/job:localhost/replica:0/task:0/device:MUSA:0,18.0,0.018
Gz7brS8VMv,Slice,/job:localhost/replica:0/task:0/device:MUSA:0,18.0,0.018
UA9N4XPKlu,Cast,/job:localhost/replica:0/task:0/device:MUSA:0,18.0,0.018
6QNtc4pjf8,Slice,/job:localhost/replica:0/task:0/device:MUSA:0,18.0,0.018
l3vwo0E1Bk,Slice,/job:localhost/replica:0/task:0/device:MUSA:0,18.0,0.018
GRaWkbSqVo,ZerosLike,/job:localhost/replica:0/task:0/device:MUSA:0,18.0,0.018
m4FxbMLYE8,Slice,/job:localhost/replica:0/task:0/device:MUSA:0,18.0,0.018
wpqkKir9JI,Slice,/job:localhost/replica:0/task:0/device:MUSA:0,18.0,0.018
liQbTV0wBe,Slice,/job:localhost/replica:0/task:0/device:MUSA:0,18.0,0.018
RC0jVKIZkT,Slice,/job:localhost/replica:0/task:0/device:MUSA:0,18.0,0.018
3HJlD6Mrbo,Slice,/job:localhost/replica:0/task:0/device:MUSA:0,18.0,0.018
WUDrK9ChMb,Slice,/job:localhost/replica:0/task:0/device:MUSA:0,18.0,0.018
2mdxME0STQ,Slice,/job:localhost/replica:0/task:0/device:MUSA:0,18.0,0.018
m1FIBUWRfr,Slice,/job:localhost/replica:0/task:0/device:MUSA:0,18.0,0.018
9zJQvgqYAm,Max,/job:localhost/replica:0/task:0/device:MUSA:0,18.0,0.018
MdU9woWYuZ,Slice,/job:localhost/replica:0/task:0/device:MUSA:0,18.0,0.018
Nd146vkLlx,Slice,/job:localhost/replica:0/task:0/device:MUSA:0,18.0,0.018
CeEUV1PT8W,Slice,/job:localhost/replica:0/task:0/device:MUSA:0,18.0,0.018
RsDe5TlgrI,ConcatV2,/job:localhost/replica:0/task:0/device:MUSA:0,18.0,0.018
DXBE93vtNC,Slice,/job:localhost/replica:0/task:0/device:MUSA:0,18.0,0.018
B7rCktp9eK,RealDiv,/job:localhost/replica:0/task:0/device:MUSA:0,18.0,0.018
dk8TqWEnfo,Pow,/job:localhost/replica:0/task:0/device:MUSA:0,18.0,0.018
Jd17xonfsj,Slice,/job:localhost/replica:0/task:0/device:MUSA:0,18.0,0.018
nvjwToi8P6,Slice,/job:localhost/replica:0/task:0/device:MUSA:0,18.0,0.018
glfvJTXLsI,Slice,/job:localhost/replica:0/task:0/device:MUSA:0,18.0,0.018
z3xrs5Xmbn,Slice,/job:localhost/replica:0/task:0/device:MUSA:0,18.0,0.018
v0lJPYgrOT,Pow,/job:localhost/replica:0/task:0/device:MUSA:0,18.0,0.018
FZ0McshC5J,Slice,/job:localhost/replica:0/task:0/device:MUSA:0,18.0,0.018
9AmHYMilsW,Sub,/job:localhost/replica:0/task:0/device:MUSA:0,18.0,0.018
5nuHjJvhiA,SquaredDifference,/job:localhost/replica:0/task:0/device:MUSA:0,18.0,0.018
2syLmixR0S,BatchMatMulV2,/job:localhost/replica:0/task:0/device:MUSA:0,18.0,0.018
mhSFtOa7Xo,Less,/job:localhost/replica:0/task:0/device:MUSA:0,18.0,0.018
ORq1a6Ggur,Select,/job:localhost/replica:0/task:0/device:MUSA:0,18.0,0.018
z1P84cq3sW,Less,/job:localhost/replica:0/task:0/device:MUSA:0,18.0,0.018
UnNTLm2tyw,Select,/job:localhost/replica:0/task:0/device:MUSA:0,18.0,0.018
AlvI83ixeM,Unpack,/job:localhost/replica:0/task:0/device:MUSA:0,18.0,0.018
p6cFurmdZ3,Pack,/job:localhost/replica:0/task:0/device:MUSA:0,18.0,0.018
vIdlqpOXzM,Sub,/job:localhost/replica:0/task:0/device:MUSA:0,18.0,0.018
cThlQzg7vj,Unpack,/job:localhost/replica:0/task:0/device:MUSA:0,18.0,0.018
A9c3aoPhiF,Unpack,/job:localhost/replica:0/task:0/device:MUSA:0,18.0,0.018
mkPClIe8cj,RealDiv,/job:localhost/replica:0/task:0/device:MUSA:0,18.0,0.018
rLTsRaxBq1,Pack,/job:localhost/replica:0/task:0/device:MUSA:0,18.0,0.018
m04fF69kuh,Pow,/job:localhost/replica:0/task:0/device:MUSA:0,18.0,0.018
P5hiGIpxNZ,RealDiv,/job:localhost/replica:0/task:0/device:MUSA:0,18.0,0.018
nFJHbBK9dh,Prod,/job:localhost/replica:0/task:0/device:MUSA:0,18.0,0.018
3uyMxsaonS,Pow,/job:localhost/replica:0/task:0/device:MUSA:0,18.0,0.018
CHrymdp2s9,Tanh,/job:localhost/replica:0/task:0/device:MUSA:0,18.0,0.018
vuLCI4ETxi,Pack,/job:localhost/replica:0/task:0/device:MUSA:0,18.0,0.018
umHwdh4G6F,Pow,/job:localhost/replica:0/task:0/device:MUSA:0,18.0,0.018
u3apWKC8gq,RealDiv,/job:localhost/replica:0/task:0/device:MUSA:0,18.0,0.018
nHiIC4SwGM,MatMul,/job:localhost/replica:0/task:0/device:MUSA:0,18.0,0.018
zuExXike12,Add,/job:localhost/replica:0/task:0/device:MUSA:0,18.0,0.018
Cf6P2HAYa9,ConcatV2,/job:localhost/replica:0/task:0/device:MUSA:0,18.0,0.018
I6cxdhgL27,Reshape,/job:localhost/replica:0/task:0/device:MUSA:0,18.0,0.018
DWjBLadqYt,Conv2D,/job:localhost/replica:0/task:0/device:MUSA:0,18.0,0.018
MWsQzwDRgB,RealDiv,/job:localhost/replica:0/task:0/device:MUSA:0,18.0,0.018
9VyxFvfO6b,SplitV,/job:localhost/replica:0/task:0/device:MUSA:0,18.0,0.018
FqTkoBP1Ia,Add,/job:localhost/replica:0/task:0/device:MUSA:0,18.0,0.018
2hKewU1Tlf,Select,/job:localhost/replica:0/task:0/device:MUSA:0,18.0,0.018
RPJ1rHZ82s,Const,/job:localhost/replica:0/task:0/device:MUSA:0,17.0,0.017
I2PxWkHYLG,Reshape,/job:localhost/replica:0/task:0/device:MUSA:0,17.0,0.017
0QWNxkS5pF,Const,/job:localhost/replica:0/task:0/device:MUSA:0,17.0,0.017
wNGn13LPyZ,Const,/job:localhost/replica:0/task:0/device:MUSA:0,17.0,0.017
MiPD7lk2fm,ZerosLike,/job:localhost/replica:0/task:0/device:MUSA:0,17.0,0.017
xecrVnz8iD,RandomUniform,/job:localhost/replica:0/task:0/device:MUSA:0,17.0,0.017
1fpu6YFdzl,Slice,/job:localhost/replica:0/task:0/device:MUSA:0,17.0,0.017
D3RX7BoTH0,Slice,/job:localhost/replica:0/task:0/device:MUSA:0,17.0,0.017
pozLUHjfFJ,Slice,/job:localhost/replica:0/task:0/device:MUSA:0,17.0,0.017
2zhqWtEYbk,Slice,/job:localhost/replica:0/task:0/device:MUSA:0,17.0,0.017
HKFAuMvz95,Slice,/job:localhost/replica:0/task:0/device:MUSA:0,17.0,0.017
eodK19lVH0,Slice,/job:localhost/replica:0/task:0/device:MUSA:0,17.0,0.017
CcxW4EqpAM,Slice,/job:localhost/replica:0/task:0/device:MUSA:0,17.0,0.017
PHdx2eQzWN,Fill,/job:localhost/replica:0/task:0/device:MUSA:0,17.0,0.017
FZprsoT2LC,Slice,/job:localhost/replica:0/task:0/device:MUSA:0,17.0,0.017
T75GNlDKVE,Slice,/job:localhost/replica:0/task:0/device:MUSA:0,17.0,0.017
T1DOSQyw7v,Slice,/job:localhost/replica:0/task:0/device:MUSA:0,17.0,0.017
5PustIWgBf,Slice,/job:localhost/replica:0/task:0/device:MUSA:0,17.0,0.017
vNXdswUMLn,Slice,/job:localhost/replica:0/task:0/device:MUSA:0,17.0,0.017
IFgjJ2ONbv,Slice,/job:localhost/replica:0/task:0/device:MUSA:0,17.0,0.017
Oa70V4zPbt,Slice,/job:localhost/replica:0/task:0/device:MUSA:0,17.0,0.017
17UyHrwk28,Minimum,/job:localhost/replica:0/task:0/device:MUSA:0,17.0,0.017
ConstantFolding/YoiEpXe9d2_const_axis,Pack,/job:localhost/replica:0/task:0/device:MUSA:0,17.0,0.017
38vghNTVRF,Slice,/job:localhost/replica:0/task:0/device:MUSA:0,17.0,0.017
PjcLbzToFn,Slice,/job:localhost/replica:0/task:0/device:MUSA:0,17.0,0.017
IU5Vy7392k,Slice,/job:localhost/replica:0/task:0/device:MUSA:0,17.0,0.017
nDOPcwXyrs,Slice,/job:localhost/replica:0/task:0/device:MUSA:0,17.0,0.017
AbxLP3ijYg,Slice,/job:localhost/replica:0/task:0/device:MUSA:0,17.0,0.017
c3kZtN4AQP,Slice,/job:localhost/replica:0/task:0/device:MUSA:0,17.0,0.017
rZ3cBbLlqu,Slice,/job:localhost/replica:0/task:0/device:MUSA:0,17.0,0.017
XT23rOig7K,Slice,/job:localhost/replica:0/task:0/device:MUSA:0,17.0,0.017
O5QCI9VDA8,Sum,/job:localhost/replica:0/task:0/device:MUSA:0,17.0,0.017
ahZicwQGOb,Slice,/job:localhost/replica:0/task:0/device:MUSA:0,17.0,0.017
E2p6WXVR5J,Slice,/job:localhost/replica:0/task:0/device:MUSA:0,17.0,0.017
fkjwsp9q0h,Slice,/job:localhost/replica:0/task:0/device:MUSA:0,17.0,0.017
veXKSNI9gD,Slice,/job:localhost/replica:0/task:0/device:MUSA:0,17.0,0.017
tv0L965r7x,StridedSlice,/job:localhost/replica:0/task:0/device:MUSA:0,17.0,0.017
KvBVYzL3Uq,Slice,/job:localhost/replica:0/task:0/device:MUSA:0,17.0,0.017
nygoFbeKO4,Slice,/job:localhost/replica:0/task:0/device:MUSA:0,17.0,0.017
62YSDEJwMb,Slice,/job:localhost/replica:0/task:0/device:MUSA:0,17.0,0.017
N8yJab25T1,Slice,/job:localhost/replica:0/task:0/device:MUSA:0,17.0,0.017
jpuMGkrQTU,Slice,/job:localhost/replica:0/task:0/device:MUSA:0,17.0,0.017
VQR321UWnE,Slice,/job:localhost/replica:0/task:0/device:MUSA:0,17.0,0.017
Mo5BshPmT0,Slice,/job:localhost/replica:0/task:0/device:MUSA:0,17.0,0.017
AkC2HwY03r,Slice,/job:localhost/replica:0/task:0/device:MUSA:0,17.0,0.017
XFhjPEsG6I,Slice,/job:localhost/replica:0/task:0/device:MUSA:0,17.0,0.017
gHz3v8tu5x,Slice,/job:localhost/replica:0/task:0/device:MUSA:0,17.0,0.017
FDGhs4rx79,Slice,/job:localhost/replica:0/task:0/device:MUSA:0,17.0,0.017
EQuqRGUcBM,Slice,/job:localhost/replica:0/task:0/device:MUSA:0,17.0,0.017
FJletX1CHY,Sub,/job:localhost/replica:0/task:0/device:MUSA:0,17.0,0.017
nauQiWXHmL,Slice,/job:localhost/replica:0/task:0/device:MUSA:0,17.0,0.017
beBW89ORFU,Slice,/job:localhost/replica:0/task:0/device:MUSA:0,17.0,0.017
c3DbzhoxNU,Slice,/job:localhost/replica:0/task:0/device:MUSA:0,17.0,0.017
WLyNtUPmpG,Slice,/job:localhost/replica:0/task:0/device:MUSA:0,17.0,0.017
pKU75P8ZaW,Slice,/job:localhost/replica:0/task:0/device:MUSA:0,17.0,0.017
VurWne6RZv,Slice,/job:localhost/replica:0/task:0/device:MUSA:0,17.0,0.017
65GWQCl3jD,Slice,/job:localhost/replica:0/task:0/device:MUSA:0,17.0,0.017
KAjoG2HUI0,AddV2,/job:localhost/replica:0/task:0/device:MUSA:0,17.0,0.017
Gr3ImQi5oA,RealDiv,/job:localhost/replica:0/task:0/device:MUSA:0,17.0,0.017
NQEtopXVDw,Relu,/job:localhost/replica:0/task:0/device:MUSA:0,17.0,0.017
H4RPyqxL8e,AddV2,/job:localhost/replica:0/task:0/device:MUSA:0,17.0,0.017
WcATXZP3LG,Unpack,/job:localhost/replica:0/task:0/device:MUSA:0,17.0,0.017
KchjsGO3fB,Unpack,/job:localhost/replica:0/task:0/device:MUSA:0,17.0,0.017
EUoQdbki1D,Pow,/job:localhost/replica:0/task:0/device:MUSA:0,17.0,0.017
M1Dia9bCZu,Add,/job:localhost/replica:0/task:0/device:MUSA:0,17.0,0.017
gnDL9xXPrN,Sub,/job:localhost/replica:0/task:0/device:MUSA:0,17.0,0.017
oNbqDvEk31,MatMul,/job:localhost/replica:0/task:0/device:MUSA:0,17.0,0.017
B9TJ1iX4d8,Sub,/job:localhost/replica:0/task:0/device:MUSA:0,17.0,0.017
gCyko97jxd,Unpack,/job:localhost/replica:0/task:0/device:MUSA:0,17.0,0.017
Ls4v68fnVi,Unpack,/job:localhost/replica:0/task:0/device:MUSA:0,17.0,0.017
W97JuEowtT,Pack,/job:localhost/replica:0/task:0/device:MUSA:0,17.0,0.017
04HzKmAIJY,Unpack,/job:localhost/replica:0/task:0/device:MUSA:0,17.0,0.017
cAYrvlVwkN,Pack,/job:localhost/replica:0/task:0/device:MUSA:0,17.0,0.017
7FXGmSKTyf,RealDiv,/job:localhost/replica:0/task:0/device:MUSA:0,17.0,0.017
jAehlywrMW,MatMul,/job:localhost/replica:0/task:0/device:MUSA:0,17.0,0.017
t2iGEvZg7y,RealDiv,/job:localhost/replica:0/task:0/device:MUSA:0,17.0,0.017
tJfbXV6W2I,RealDiv,/job:localhost/replica:0/task:0/device:MUSA:0,17.0,0.017
S7e1oWBhf0,MatMul,/job:localhost/replica:0/task:0/device:MUSA:0,17.0,0.017
b3ywBFEZpu,Pack,/job:localhost/replica:0/task:0/device:MUSA:0,17.0,0.017
PEJk2mT7QD,Pack,/job:localhost/replica:0/task:0/device:MUSA:0,17.0,0.017
eYiqA6Sy4r,Sum,/job:localhost/replica:0/task:0/device:MUSA:0,17.0,0.017
vb06pBGMLZ,Relu,/job:localhost/replica:0/task:0/device:MUSA:0,17.0,0.017
XwJqkcbV6z,Split,/job:localhost/replica:0/task:0/device:MUSA:0,17.0,0.017
fetwpz85by,Pack,/job:localhost/replica:0/task:0/device:MUSA:0,17.0,0.017
jPRIBSAtFq,SplitV,/job:localhost/replica:0/task:0/device:MUSA:0,17.0,0.017
n14iyc3oZh,Prod,/job:localhost/replica:0/task:0/device:MUSA:0,17.0,0.017
NLem0gYByR,MatMul,/job:localhost/replica:0/task:0/device:MUSA:0,17.0,0.017
eq1XSVx8C6,Relu,/job:localhost/replica:0/task:0/device:MUSA:0,17.0,0.017
O6Zklq7QzA,AddV2,/job:localhost/replica:0/task:0/device:MUSA:0,17.0,0.017
vrqhcos9ZA,MatMul,/job:localhost/replica:0/task:0/device:MUSA:0,17.0,0.017
yn31Uh8evB,Const,/job:localhost/replica:0/task:0/device:MUSA:0,16.0,0.016
lAjMVgcvH0,Greater,/job:localhost/replica:0/task:0/device:MUSA:0,16.0,0.016
vD7UJXlBMA,Slice,/job:localhost/replica:0/task:0/device:MUSA:0,16.0,0.016
osm3vFekHf,Slice,/job:localhost/replica:0/task:0/device:MUSA:0,16.0,0.016
FMZ1a7dSiE,Slice,/job:localhost/replica:0/task:0/device:MUSA:0,16.0,0.016
Kv8FbmPuTa,Slice,/job:localhost/replica:0/task:0/device:MUSA:0,16.0,0.016
EMJIx8yj3K,Slice,/job:localhost/replica:0/task:0/device:MUSA:0,16.0,0.016
KVhJyfUzEg,Slice,/job:localhost/replica:0/task:0/device:MUSA:0,16.0,0.016
ConstantFolding/DXohEma30w_const_axis,Pack,/job:localhost/replica:0/task:0/device:MUSA:0,16.0,0.016
DlqQFRnwJO,Slice,/job:localhost/replica:0/task:0/device:MUSA:0,16.0,0.016
j56P0y9ABT,Slice,/job:localhost/replica:0/task:0/device:MUSA:0,16.0,0.016
5dnMamFfEJ,StridedSlice,/job:localhost/replica:0/task:0/device:MUSA:0,16.0,0.016
1zrcDeI2C5,Slice,/job:localhost/replica:0/task:0/device:MUSA:0,16.0,0.016
HbE6CZ08ij,Slice,/job:localhost/replica:0/task:0/device:MUSA:0,16.0,0.016
BYa2gPdsIF,Slice,/job:localhost/replica:0/task:0/device:MUSA:0,16.0,0.016
dAkvrWHiC0,Slice,/job:localhost/replica:0/task:0/device:MUSA:0,16.0,0.016
rARoE6Vv8l,Slice,/job:localhost/replica:0/task:0/device:MUSA:0,16.0,0.016
MdN2VZT6Hk,Slice,/job:localhost/replica:0/task:0/device:MUSA:0,16.0,0.016
MBKDjY8dC3,Slice,/job:localhost/replica:0/task:0/device:MUSA:0,16.0,0.016
WoxN0Tp4vL,Slice,/job:localhost/replica:0/task:0/device:MUSA:0,16.0,0.016
wHXNhAxeIo,Slice,/job:localhost/replica:0/task:0/device:MUSA:0,16.0,0.016
beOu78wsny,Cast,/job:localhost/replica:0/task:0/device:MUSA:0,16.0,0.016
tN8qzrZ1AU,Slice,/job:localhost/replica:0/task:0/device:MUSA:0,16.0,0.016
dP7RkKfIh1,Slice,/job:localhost/replica:0/task:0/device:MUSA:0,16.0,0.016
KTW7x2aEr3,Slice,/job:localhost/replica:0/task:0/device:MUSA:0,16.0,0.016
mVaptBwKLW,Slice,/job:localhost/replica:0/task:0/device:MUSA:0,16.0,0.016
EJiBLX7o4U,Slice,/job:localhost/replica:0/task:0/device:MUSA:0,16.0,0.016
RExYuDSf2b,Slice,/job:localhost/replica:0/task:0/device:MUSA:0,16.0,0.016
UZbHY3STtF,Pack,/job:localhost/replica:0/task:0/device:MUSA:0,16.0,0.016
eFlVA2Dv9j,Slice,/job:localhost/replica:0/task:0/device:MUSA:0,16.0,0.016
8Y5P9yoOHQ,Slice,/job:localhost/replica:0/task:0/device:MUSA:0,16.0,0.016
6nYRV8ysMp,Slice,/job:localhost/replica:0/task:0/device:MUSA:0,16.0,0.016
UcqiJ7K1vw,Slice,/job:localhost/replica:0/task:0/device:MUSA:0,16.0,0.016
HTVPhGcF14,Slice,/job:localhost/replica:0/task:0/device:MUSA:0,16.0,0.016
UXPtToAnhB,Slice,/job:localhost/replica:0/task:0/device:MUSA:0,16.0,0.016
hD0cM4JpPi,Sigmoid,/job:localhost/replica:0/task:0/device:MUSA:0,16.0,0.016
8mQ9o6iMAK,Slice,/job:localhost/replica:0/task:0/device:MUSA:0,16.0,0.016
uJr2kW0LAh,Slice,/job:localhost/replica:0/task:0/device:MUSA:0,16.0,0.016
lQVRiqd5tb,Slice,/job:localhost/replica:0/task:0/device:MUSA:0,16.0,0.016
NxWOUzvYmy,Slice,/job:localhost/replica:0/task:0/device:MUSA:0,16.0,0.016
mjEhJIkfgs,Slice,/job:localhost/replica:0/task:0/device:MUSA:0,16.0,0.016
bn6vRk0aFX,Slice,/job:localhost/replica:0/task:0/device:MUSA:0,16.0,0.016
3ji2t8Vv1P,Slice,/job:localhost/replica:0/task:0/device:MUSA:0,16.0,0.016
OfmwvpWPjI,Slice,/job:localhost/replica:0/task:0/device:MUSA:0,16.0,0.016
rLYBgEsJ8G,Slice,/job:localhost/replica:0/task:0/device:MUSA:0,16.0,0.016
KrqgiS0NoQ,MatMul,/job:localhost/replica:0/task:0/device:MUSA:0,16.0,0.016
Olh4YCtgVv,Pow,/job:localhost/replica:0/task:0/device:MUSA:0,16.0,0.016
vHXMzDJgu0,Slice,/job:localhost/replica:0/task:0/device:MUSA:0,16.0,0.016
B3mTudXRbq,Slice,/job:localhost/replica:0/task:0/device:MUSA:0,16.0,0.016
vZGJwlFzjy,Slice,/job:localhost/replica:0/task:0/device:MUSA:0,16.0,0.016
FSyTlDOGEz,Slice,/job:localhost/replica:0/task:0/device:MUSA:0,16.0,0.016
Lx7MuPs13m,Slice,/job:localhost/replica:0/task:0/device:MUSA:0,16.0,0.016
WZczbhNLsR,Sigmoid,/job:localhost/replica:0/task:0/device:MUSA:0,16.0,0.016
t4pJ9sNj0u,RealDiv,/job:localhost/replica:0/task:0/device:MUSA:0,16.0,0.016
b8MsdCzacF,Mul,/job:localhost/replica:0/task:0/device:MUSA:0,16.0,0.016
rhjMbL9EKy,Select,/job:localhost/replica:0/task:0/device:MUSA:0,16.0,0.016
h7z4PqgvpK,Select,/job:localhost/replica:0/task:0/device:MUSA:0,16.0,0.016
oPWImK4taT,MatMul,/job:localhost/replica:0/task:0/device:MUSA:0,16.0,0.016
TkEG6SwXxW,Pow,/job:localhost/replica:0/task:0/device:MUSA:0,16.0,0.016
noavLeuXrK,Transpose,/job:localhost/replica:0/task:0/device:MUSA:0,16.0,0.016
JQYbvLzEPs,MatMul,/job:localhost/replica:0/task:0/device:MUSA:0,16.0,0.016
kbmgL8J69f,Prod,/job:localhost/replica:0/task:0/device:MUSA:0,16.0,0.016
67VP5t03OS,MatMul,/job:localhost/replica:0/task:0/device:MUSA:0,16.0,0.016
yV2YCqnOh3,MatMul,/job:localhost/replica:0/task:0/device:MUSA:0,16.0,0.016
Gc5rCD89yU,MatMul,/job:localhost/replica:0/task:0/device:MUSA:0,16.0,0.016
tAfWwsCvnL,Pack,/job:localhost/replica:0/task:0/device:MUSA:0,16.0,0.016
2YzxPaGg8h,Pow,/job:localhost/replica:0/task:0/device:MUSA:0,16.0,0.016
gfM6DjJEG9,Sigmoid,/job:localhost/replica:0/task:0/device:MUSA:0,16.0,0.016
3N6ZvOt8Is,Sub,/job:localhost/replica:0/task:0/device:MUSA:0,16.0,0.016
DONWo8GA5I,MatMul,/job:localhost/replica:0/task:0/device:MUSA:0,16.0,0.016
ZchJtvd5W9,Pack,/job:localhost/replica:0/task:0/device:MUSA:0,16.0,0.016
c0hs8i3AVv,Add,/job:localhost/replica:0/task:0/device:MUSA:0,16.0,0.016
gqc2do4siP,Pow,/job:localhost/replica:0/task:0/device:MUSA:0,16.0,0.016
yL01i8flrQ,MatMul,/job:localhost/replica:0/task:0/device:MUSA:0,16.0,0.016
eOTpFiHS3g,RealDiv,/job:localhost/replica:0/task:0/device:MUSA:0,16.0,0.016
mAeFhbldc6,Softmax,/job:localhost/replica:0/task:0/device:MUSA:0,16.0,0.016
jPy5E6tzCO,Pack,/job:localhost/replica:0/task:0/device:MUSA:0,16.0,0.016
YxstnXver0,Pack,/job:localhost/replica:0/task:0/device:MUSA:0,16.0,0.016
Bkpz8J7maG,Mul,/job:localhost/replica:0/task:0/device:MUSA:0,16.0,0.016
yZtzoCJFEn,MatMul,/job:localhost/replica:0/task:0/device:MUSA:0,16.0,0.016
HTmnNvJYXl,Pack,/job:localhost/replica:0/task:0/device:MUSA:0,16.0,0.016
rxjmqC1VKp,Pack,/job:localhost/replica:0/task:0/device:MUSA:0,16.0,0.016
yOrkwlVq0P,RealDiv,/job:localhost/replica:0/task:0/device:MUSA:0,16.0,0.016
0ntCGMLifj,Pow,/job:localhost/replica:0/task:0/device:MUSA:0,16.0,0.016
fCGiuLUdjn,ConcatV2,/job:localhost/replica:0/task:0/device:MUSA:0,16.0,0.016
aF8EONKQUS,MatMul,/job:localhost/replica:0/task:0/device:MUSA:0,16.0,0.016
3RckfMKrSW,RealDiv,/job:localhost/replica:0/task:0/device:MUSA:0,16.0,0.016
RVsy0rN6hn,Unpack,/job:localhost/replica:0/task:0/device:MUSA:0,16.0,0.016
ylWOMhNfv6,Pack,/job:localhost/replica:0/task:0/device:MUSA:0,16.0,0.016
sZTI4YmBrl,Add,/job:localhost/replica:0/task:0/device:MUSA:0,16.0,0.016
cFVJekYRxG,Pow,/job:localhost/replica:0/task:0/device:MUSA:0,16.0,0.016
UnOHiCs9dE,Prod,/job:localhost/replica:0/task:0/device:MUSA:0,16.0,0.016
OCBHFsGypE,SplitV,/job:localhost/replica:0/task:0/device:MUSA:0,16.0,0.016
58YsTqbIWK,Prod,/job:localhost/replica:0/task:0/device:MUSA:0,16.0,0.016
3lFQjvzaDN,Prod,/job:localhost/replica:0/task:0/device:MUSA:0,16.0,0.016
tWV9whuTJf,Mul,/job:localhost/replica:0/task:0/device:MUSA:0,16.0,0.016
3WtsGg4lRP,Add,/job:localhost/replica:0/task:0/device:MUSA:0,16.0,0.016
mZXsgG5TKW,Pow,/job:localhost/replica:0/task:0/device:MUSA:0,16.0,0.016
znc8rKNpvP,ConcatV2,/job:localhost/replica:0/task:0/device:MUSA:0,16.0,0.016
Bp4T9WQ0Jw,Split,/job:localhost/replica:0/task:0/device:MUSA:0,16.0,0.016
2NfaOj0HY5,Sub,/job:localhost/replica:0/task:0/device:MUSA:0,16.0,0.016
ifjwyM1I53,Unpack,/job:localhost/replica:0/task:0/device:MUSA:0,16.0,0.016
ZckMGVx8id,Relu,/job:localhost/replica:0/task:0/device:MUSA:0,16.0,0.016
z9GEnNkYQ1,RealDiv,/job:localhost/replica:0/task:0/device:MUSA:0,16.0,0.016
6J0qsFSBUL,Mul,/job:localhost/replica:0/task:0/device:MUSA:0,16.0,0.016
JgErx89VjZ,ConcatV2,/job:localhost/replica:0/task:0/device:MUSA:0,16.0,0.016
pHhJc81uZw,Pow,/job:localhost/replica:0/task:0/device:MUSA:0,16.0,0.016
LaSQxHudh1,Pow,/job:localhost/replica:0/task:0/device:MUSA:0,16.0,0.016
r2ud4wjqfD,Pow,/job:localhost/replica:0/task:0/device:MUSA:0,16.0,0.016
KTbYXQW2xD,Prod,/job:localhost/replica:0/task:0/device:MUSA:0,16.0,0.016
CIrmNl8cg4,Add,/job:localhost/replica:0/task:0/device:MUSA:0,16.0,0.016
7NZaWmiADL,RealDiv,/job:localhost/replica:0/task:0/device:MUSA:0,16.0,0.016
hzUMSTJBog,GreaterEqual,/job:localhost/replica:0/task:0/device:MUSA:0,16.0,0.016
wND92lxZGs,Const,/job:localhost/replica:0/task:0/device:MUSA:0,15.0,0.015
aIiv3rwbdH,Const,/job:localhost/replica:0/task:0/device:MUSA:0,15.0,0.015
auwHEQFmAg,Reshape,/job:localhost/replica:0/task:0/device:MUSA:0,15.0,0.015
bWN7TRgUu3,Reshape,/job:localhost/replica:0/task:0/device:MUSA:0,15.0,0.015
FSXD0p3iAs,Reshape,/job:localhost/replica:0/task:0/device:MUSA:0,15.0,0.015
4EmOFygfQp,Reshape,/job:localhost/replica:0/task:0/device:MUSA:0,15.0,0.015
wqGozBXD9N,Const,/job:localhost/replica:0/task:0/device:MUSA:0,15.0,0.015
NRPYc8XMgn,RandomUniform,/job:localhost/replica:0/task:0/device:MUSA:0,15.0,0.015
rpsqmAZX3V,RandomUniform,/job:localhost/replica:0/task:0/device:MUSA:0,15.0,0.015
g5TkdLem6n,Tile,/job:localhost/replica:0/task:0/device:MUSA:0,15.0,0.015
86K9wXsQDa,ZerosLike,/job:localhost/replica:0/task:0/device:MUSA:0,15.0,0.015
75WXNj6whJ,Equal,/job:localhost/replica:0/task:0/device:MUSA:0,15.0,0.015
y07Nvns5bw,Slice,/job:localhost/replica:0/task:0/device:MUSA:0,15.0,0.015
bFjIuxY8pN,Slice,/job:localhost/replica:0/task:0/device:MUSA:0,15.0,0.015
9laxjhyQGJ,Slice,/job:localhost/replica:0/task:0/device:MUSA:0,15.0,0.015
65iY2fIbEB,Slice,/job:localhost/replica:0/task:0/device:MUSA:0,15.0,0.015
aJvmr2i8u0,Slice,/job:localhost/replica:0/task:0/device:MUSA:0,15.0,0.015
CKhbuPMWDZ,Slice,/job:localhost/replica:0/task:0/device:MUSA:0,15.0,0.015
1lTrMsvIxY,Slice,/job:localhost/replica:0/task:0/device:MUSA:0,15.0,0.015
QWZMaRG2f9,Slice,/job:localhost/replica:0/task:0/device:MUSA:0,15.0,0.015
fJotwDCWhi,Slice,/job:localhost/replica:0/task:0/device:MUSA:0,15.0,0.015
XN9eOI36QC,Slice,/job:localhost/replica:0/task:0/device:MUSA:0,15.0,0.015
gP7qaoL3x9,Slice,/job:localhost/replica:0/task:0/device:MUSA:0,15.0,0.015
02YFlyugUH,Slice,/job:localhost/replica:0/task:0/device:MUSA:0,15.0,0.015
lPti60Ur5z,Slice,/job:localhost/replica:0/task:0/device:MUSA:0,15.0,0.015
mubHn71YIz,AddV2,/job:localhost/replica:0/task:0/device:MUSA:0,15.0,0.015
53pol7tKhf,Slice,/job:localhost/replica:0/task:0/device:MUSA:0,15.0,0.015
PjIUhR1Nk6,Slice,/job:localhost/replica:0/task:0/device:MUSA:0,15.0,0.015
jUzS59tuZw,Slice,/job:localhost/replica:0/task:0/device:MUSA:0,15.0,0.015
mzjUM8WBdk,Slice,/job:localhost/replica:0/task:0/device:MUSA:0,15.0,0.015
R6gAhlEOSJ,Slice,/job:localhost/replica:0/task:0/device:MUSA:0,15.0,0.015
CFh81QtYcH,Slice,/job:localhost/replica:0/task:0/device:MUSA:0,15.0,0.015
UqKw7l0eJY,Slice,/job:localhost/replica:0/task:0/device:MUSA:0,15.0,0.015
cREvfyudUB,Slice,/job:localhost/replica:0/task:0/device:MUSA:0,15.0,0.015
8fD0ZBx7wz,Slice,/job:localhost/replica:0/task:0/device:MUSA:0,15.0,0.015
x9t8V6ifRG,Slice,/job:localhost/replica:0/task:0/device:MUSA:0,15.0,0.015
F27c13pdaN,Slice,/job:localhost/replica:0/task:0/device:MUSA:0,15.0,0.015
Ei4HFuwLaX,Slice,/job:localhost/replica:0/task:0/device:MUSA:0,15.0,0.015
EcLkOU3m1a,Slice,/job:localhost/replica:0/task:0/device:MUSA:0,15.0,0.015
tIAjK0SyPN,Slice,/job:localhost/replica:0/task:0/device:MUSA:0,15.0,0.015
oQKgdWFJln,Reshape,/job:localhost/replica:0/task:0/device:MUSA:0,15.0,0.015
Kenh2Cw5IF,Slice,/job:localhost/replica:0/task:0/device:MUSA:0,15.0,0.015
T5NEbmJqAt,Slice,/job:localhost/replica:0/task:0/device:MUSA:0,15.0,0.015
H94RIax7nh,Slice,/job:localhost/replica:0/task:0/device:MUSA:0,15.0,0.015
OQKsXnFVk3,Slice,/job:localhost/replica:0/task:0/device:MUSA:0,15.0,0.015
8SvDOMdWHm,Slice,/job:localhost/replica:0/task:0/device:MUSA:0,15.0,0.015
mv0jDTsoiC,Slice,/job:localhost/replica:0/task:0/device:MUSA:0,15.0,0.015
k1mduDRSew,Prod,/job:localhost/replica:0/task:0/device:MUSA:0,15.0,0.015
6HqGi34cmJ,Slice,/job:localhost/replica:0/task:0/device:MUSA:0,15.0,0.015
uWqGhfg3Bp,Slice,/job:localhost/replica:0/task:0/device:MUSA:0,15.0,0.015
LAwQupkU3e,Slice,/job:localhost/replica:0/task:0/device:MUSA:0,15.0,0.015
ktAbEj6CpK,Slice,/job:localhost/replica:0/task:0/device:MUSA:0,15.0,0.015
hxqvNI0oL5,Slice,/job:localhost/replica:0/task:0/device:MUSA:0,15.0,0.015
7xceTRFaiz,RealDiv,/job:localhost/replica:0/task:0/device:MUSA:0,15.0,0.015
VoZ3Nvdbsy,Slice,/job:localhost/replica:0/task:0/device:MUSA:0,15.0,0.015
4lMue1JVLj,RealDiv,/job:localhost/replica:0/task:0/device:MUSA:0,15.0,0.015
ye49ZLA2mF,Slice,/job:localhost/replica:0/task:0/device:MUSA:0,15.0,0.015
LWQM7UlHXC,Slice,/job:localhost/replica:0/task:0/device:MUSA:0,15.0,0.015
iK9wD2LlRX,Sum,/job:localhost/replica:0/task:0/device:MUSA:0,15.0,0.015
rLAzhwDd5g,Slice,/job:localhost/replica:0/task:0/device:MUSA:0,15.0,0.015
WfnVZamYU8,Slice,/job:localhost/replica:0/task:0/device:MUSA:0,15.0,0.015
vKR5EDyfsI,Slice,/job:localhost/replica:0/task:0/device:MUSA:0,15.0,0.015
itsxaMmZ4N,Slice,/job:localhost/replica:0/task:0/device:MUSA:0,15.0,0.015
3MjDs1imzK,Slice,/job:localhost/replica:0/task:0/device:MUSA:0,15.0,0.015
R7HodOqzFV,Slice,/job:localhost/replica:0/task:0/device:MUSA:0,15.0,0.015
3juDPtRETI,Slice,/job:localhost/replica:0/task:0/device:MUSA:0,15.0,0.015
hB2s7v6IdV,Sub,/job:localhost/replica:0/task:0/device:MUSA:0,15.0,0.015
Dxzj39gRXf,Slice,/job:localhost/replica:0/task:0/device:MUSA:0,15.0,0.015
tzCGiRJYhs,BatchMatMulV2,/job:localhost/replica:0/task:0/device:MUSA:0,15.0,0.015
JEMHPj04Of,AddV2,/job:localhost/replica:0/task:0/device:MUSA:0,15.0,0.015
idQBnRMsuo,Fill,/job:localhost/replica:0/task:0/device:MUSA:0,15.0,0.015
i0Ejp1JWSI,Fill,/job:localhost/replica:0/task:0/device:MUSA:0,15.0,0.015
aj0S4YQMJZ,SquaredDifference,/job:localhost/replica:0/task:0/device:MUSA:0,15.0,0.015
3odfnSEa7h,MatMul,/job:localhost/replica:0/task:0/device:MUSA:0,15.0,0.015
a60dpf9YOL,MatMul,/job:localhost/replica:0/task:0/device:MUSA:0,15.0,0.015
3k9i6I4cnh,MatMul,/job:localhost/replica:0/task:0/device:MUSA:0,15.0,0.015
tXYC01Shx5,Unpack,/job:localhost/replica:0/task:0/device:MUSA:0,15.0,0.015
PEgTnc637h,RealDiv,/job:localhost/replica:0/task:0/device:MUSA:0,15.0,0.015
NAkqzV2bcf,MatMul,/job:localhost/replica:0/task:0/device:MUSA:0,15.0,0.015
EgkA5hXIZ9,MatMul,/job:localhost/replica:0/task:0/device:MUSA:0,15.0,0.015
AagHnxU0tl,Pack,/job:localhost/replica:0/task:0/device:MUSA:0,15.0,0.015
zAGi8jmnfZ,Pack,/job:localhost/replica:0/task:0/device:MUSA:0,15.0,0.015
W84iMwUd7O,Pow,/job:localhost/replica:0/task:0/device:MUSA:0,15.0,0.015
N4vkOPqRXL,Add,/job:localhost/replica:0/task:0/device:MUSA:0,15.0,0.015
nXZwtD3hWi,RealDiv,/job:localhost/replica:0/task:0/device:MUSA:0,15.0,0.015
l8CbhUuved,Sub,/job:localhost/replica:0/task:0/device:MUSA:0,15.0,0.015
RM4FrI2gev,Pow,/job:localhost/replica:0/task:0/device:MUSA:0,15.0,0.015
lEuHhjWBtM,RealDiv,/job:localhost/replica:0/task:0/device:MUSA:0,15.0,0.015
4lCmdq1tHn,Sub,/job:localhost/replica:0/task:0/device:MUSA:0,15.0,0.015
6OP18ikQG3,Sub,/job:localhost/replica:0/task:0/device:MUSA:0,15.0,0.015
8KB1L5sCAT,MatMul,/job:localhost/replica:0/task:0/device:MUSA:0,15.0,0.015
4jYKs8rJmn,Unpack,/job:localhost/replica:0/task:0/device:MUSA:0,15.0,0.015
lNTEn56c4D,Pack,/job:localhost/replica:0/task:0/device:MUSA:0,15.0,0.015
LrqylbQdOY,Pow,/job:localhost/replica:0/task:0/device:MUSA:0,15.0,0.015
Fkc8OHGzyn,Pack,/job:localhost/replica:0/task:0/device:MUSA:0,15.0,0.015
9dEt4wxur2,MatMul,/job:localhost/replica:0/task:0/device:MUSA:0,15.0,0.015
mIcrLX7xvD,RealDiv,/job:localhost/replica:0/task:0/device:MUSA:0,15.0,0.015
JKBnkxIC4V,RealDiv,/job:localhost/replica:0/task:0/device:MUSA:0,15.0,0.015
BV0ZQMtSq7,Pack,/job:localhost/replica:0/task:0/device:MUSA:0,15.0,0.015
zEqljAtQbC,Pack,/job:localhost/replica:0/task:0/device:MUSA:0,15.0,0.015
ef2hGRx1qk,Pack,/job:localhost/replica:0/task:0/device:MUSA:0,15.0,0.015
UBH0dnSjGC,Tile,/job:localhost/replica:0/task:0/device:MUSA:0,15.0,0.015
hyxvQg2sDo,MatMul,/job:localhost/replica:0/task:0/device:MUSA:0,15.0,0.015
aY3BtWpzmw,MatMul,/job:localhost/replica:0/task:0/device:MUSA:0,15.0,0.015
PZsQrdy9cp,Mean,/job:localhost/replica:0/task:0/device:MUSA:0,15.0,0.015
Cj6ET5lqyb,Pow,/job:localhost/replica:0/task:0/device:MUSA:0,15.0,0.015
V4iCvKolIH,Prod,/job:localhost/replica:0/task:0/device:MUSA:0,15.0,0.015
kQGM7ilYxq,SplitV,/job:localhost/replica:0/task:0/device:MUSA:0,15.0,0.015
kQljc4BqNR,Slice,/job:localhost/replica:0/task:0/device:MUSA:0,15.0,0.015
ykKsUIBZ8T,Mean,/job:localhost/replica:0/task:0/device:MUSA:0,15.0,0.015
a2xcOnBld4,Prod,/job:localhost/replica:0/task:0/device:MUSA:0,15.0,0.015
4GZ37fVoup,RealDiv,/job:localhost/replica:0/task:0/device:MUSA:0,15.0,0.015
d3gqYfmjHK,Reshape,/job:localhost/replica:0/task:0/device:MUSA:0,14.0,0.014
C1rbOjmUJT,Reshape,/job:localhost/replica:0/task:0/device:MUSA:0,14.0,0.014
OfLGqAMdYt,Maximum,/job:localhost/replica:0/task:0/device:MUSA:0,14.0,0.014
MCqGxUYzfc,RandomUniform,/job:localhost/replica:0/task:0/device:MUSA:0,14.0,0.014
cw6CP8JZ4B,ZerosLike,/job:localhost/replica:0/task:0/device:MUSA:0,14.0,0.014
hy8KSipMUX,Slice,/job:localhost/replica:0/task:0/device:MUSA:0,14.0,0.014
aY1hlgwTNL,Slice,/job:localhost/replica:0/task:0/device:MUSA:0,14.0,0.014
FsAupv14Ng,Slice,/job:localhost/replica:0/task:0/device:MUSA:0,14.0,0.014
1EuUHzOgkW,Slice,/job:localhost/replica:0/task:0/device:MUSA:0,14.0,0.014
ufpIKQVgCv,Slice,/job:localhost/replica:0/task:0/device:MUSA:0,14.0,0.014
Pm2b3QeOiu,Slice,/job:localhost/replica:0/task:0/device:MUSA:0,14.0,0.014
gib127KPY5,Slice,/job:localhost/replica:0/task:0/device:MUSA:0,14.0,0.014
x3w5d1CSHD,Slice,/job:localhost/replica:0/task:0/device:MUSA:0,14.0,0.014
xHwh50VaW3,Slice,/job:localhost/replica:0/task:0/device:MUSA:0,14.0,0.014
1pWtlDbcwP,Slice,/job:localhost/replica:0/task:0/device:MUSA:0,14.0,0.014
ydhJwNkjZ2,Slice,/job:localhost/replica:0/task:0/device:MUSA:0,14.0,0.014
C0mtk6MfRF,Slice,/job:localhost/replica:0/task:0/device:MUSA:0,14.0,0.014
jO3XeiGnzN,Slice,/job:localhost/replica:0/task:0/device:MUSA:0,14.0,0.014
tL70r6uv5j,Slice,/job:localhost/replica:0/task:0/device:MUSA:0,14.0,0.014
FvQjDNAiCV,Slice,/job:localhost/replica:0/task:0/device:MUSA:0,14.0,0.014
LXHOB5NDek,Slice,/job:localhost/replica:0/task:0/device:MUSA:0,14.0,0.014
ConstantFolding/8kFmUW4f5C_const_axis,Pack,/job:localhost/replica:0/task:0/device:MUSA:0,14.0,0.014
F2Qud7e6V5,Slice,/job:localhost/replica:0/task:0/device:MUSA:0,14.0,0.014
0ncudH4KFX,Slice,/job:localhost/replica:0/task:0/device:MUSA:0,14.0,0.014
Y9jWHbcvB8,Slice,/job:localhost/replica:0/task:0/device:MUSA:0,14.0,0.014
d8qu0zGDov,Slice,/job:localhost/replica:0/task:0/device:MUSA:0,14.0,0.014
rJaAYiebPV,Slice,/job:localhost/replica:0/task:0/device:MUSA:0,14.0,0.014
qEc0YgBuXw,Rsqrt,/job:localhost/replica:0/task:0/device:MUSA:0,14.0,0.014
GeANqc9mJR,Slice,/job:localhost/replica:0/task:0/device:MUSA:0,14.0,0.014
AJP65sZEYD,Slice,/job:localhost/replica:0/task:0/device:MUSA:0,14.0,0.014
pxvoTjZaeD,Slice,/job:localhost/replica:0/task:0/device:MUSA:0,14.0,0.014
FOrZRMAS42,Slice,/job:localhost/replica:0/task:0/device:MUSA:0,14.0,0.014
jbQaA4u2xT,Slice,/job:localhost/replica:0/task:0/device:MUSA:0,14.0,0.014
wVYRi5f2Tg,Cast,/job:localhost/replica:0/task:0/device:MUSA:0,14.0,0.014
R34gFHCvtd,Slice,/job:localhost/replica:0/task:0/device:MUSA:0,14.0,0.014
QiXlFApkvY,Cast,/job:localhost/replica:0/task:0/device:MUSA:0,14.0,0.014
opNfSTZRYU,Slice,/job:localhost/replica:0/task:0/device:MUSA:0,14.0,0.014
FIagwbYh8k,Slice,/job:localhost/replica:0/task:0/device:MUSA:0,14.0,0.014
L7lBueStV0,Slice,/job:localhost/replica:0/task:0/device:MUSA:0,14.0,0.014
J1IRsvWCU3,Slice,/job:localhost/replica:0/task:0/device:MUSA:0,14.0,0.014
5eD3xKZYf2,Slice,/job:localhost/replica:0/task:0/device:MUSA:0,14.0,0.014
kAapncsBgm,Slice,/job:localhost/replica:0/task:0/device:MUSA:0,14.0,0.014
z1qJLFPsrk,Mean,/job:localhost/replica:0/task:0/device:MUSA:0,14.0,0.014
G5oCR0ny6e,Slice,/job:localhost/replica:0/task:0/device:MUSA:0,14.0,0.014
3SAPWtsJpK,Slice,/job:localhost/replica:0/task:0/device:MUSA:0,14.0,0.014
TdbFaUNh2v,Slice,/job:localhost/replica:0/task:0/device:MUSA:0,14.0,0.014
ZR5xwMmiYh,Slice,/job:localhost/replica:0/task:0/device:MUSA:0,14.0,0.014
9NldrKJouD,Slice,/job:localhost/replica:0/task:0/device:MUSA:0,14.0,0.014
FuU1n6ZpQz,Slice,/job:localhost/replica:0/task:0/device:MUSA:0,14.0,0.014
dMuUqXl8hW,Slice,/job:localhost/replica:0/task:0/device:MUSA:0,14.0,0.014
Jly3Gq6NP9,Slice,/job:localhost/replica:0/task:0/device:MUSA:0,14.0,0.014
96oOE0ukZp,Slice,/job:localhost/replica:0/task:0/device:MUSA:0,14.0,0.014
7tTfH0uagN,Slice,/job:localhost/replica:0/task:0/device:MUSA:0,14.0,0.014
2WHIhfRAEZ,Slice,/job:localhost/replica:0/task:0/device:MUSA:0,14.0,0.014
Q3pZPeovsT,Slice,/job:localhost/replica:0/task:0/device:MUSA:0,14.0,0.014
mX3ezxOWHd,Slice,/job:localhost/replica:0/task:0/device:MUSA:0,14.0,0.014
35uUaH2EMv,Slice,/job:localhost/replica:0/task:0/device:MUSA:0,14.0,0.014
bZTI4XdrRj,Slice,/job:localhost/replica:0/task:0/device:MUSA:0,14.0,0.014
beNhCk8P1w,Slice,/job:localhost/replica:0/task:0/device:MUSA:0,14.0,0.014
X2VrcfbxFa,Slice,/job:localhost/replica:0/task:0/device:MUSA:0,14.0,0.014
PusDaTwtZM,Slice,/job:localhost/replica:0/task:0/device:MUSA:0,14.0,0.014
RrohQU7afx,AddV2,/job:localhost/replica:0/task:0/device:MUSA:0,14.0,0.014
487BQbtagn,Prod,/job:localhost/replica:0/task:0/device:MUSA:0,14.0,0.014
JjUY2IrAyb,Slice,/job:localhost/replica:0/task:0/device:MUSA:0,14.0,0.014
K67byT83qF,Slice,/job:localhost/replica:0/task:0/device:MUSA:0,14.0,0.014
upcmIZ1AtQ,Slice,/job:localhost/replica:0/task:0/device:MUSA:0,14.0,0.014
bqonE5tHFk,Slice,/job:localhost/replica:0/task:0/device:MUSA:0,14.0,0.014
B1W8EzOGxv,Slice,/job:localhost/replica:0/task:0/device:MUSA:0,14.0,0.014
ktTNeK46mX,Slice,/job:localhost/replica:0/task:0/device:MUSA:0,14.0,0.014
syYKdH6Wl1,Slice,/job:localhost/replica:0/task:0/device:MUSA:0,14.0,0.014
wvbIR2ODNj,Slice,/job:localhost/replica:0/task:0/device:MUSA:0,14.0,0.014
Qq1I68Jyf9,Slice,/job:localhost/replica:0/task:0/device:MUSA:0,14.0,0.014
Pip21bcOGn,MatMul,/job:localhost/replica:0/task:0/device:MUSA:0,14.0,0.014
0d3p8YIxy7,Rsqrt,/job:localhost/replica:0/task:0/device:MUSA:0,14.0,0.014
Ya9sKHLWEw,ConcatV2,/job:localhost/replica:0/task:0/device:MUSA:0,14.0,0.014
3IxzELbwmc,Less,/job:localhost/replica:0/task:0/device:MUSA:0,14.0,0.014
i0zjg6nTkR,Mul,/job:localhost/replica:0/task:0/device:MUSA:0,14.0,0.014
9bkHQPlr0Z,StridedSlice,/job:localhost/replica:0/task:0/device:MUSA:0,14.0,0.014
9uHdPyD2LA,Pack,/job:localhost/replica:0/task:0/device:MUSA:0,14.0,0.014
IM7TQHn2s5,Pack,/job:localhost/replica:0/task:0/device:MUSA:0,14.0,0.014
Pdv7QsEzRX,Select,/job:localhost/replica:0/task:0/device:MUSA:0,14.0,0.014
6IySOfAPFH,Unpack,/job:localhost/replica:0/task:0/device:MUSA:0,14.0,0.014
She4ns8qG6,Pack,/job:localhost/replica:0/task:0/device:MUSA:0,14.0,0.014
AR6mI4YjNQ,Add,/job:localhost/replica:0/task:0/device:MUSA:0,14.0,0.014
g1v2q4YGkM,MatMul,/job:localhost/replica:0/task:0/device:MUSA:0,14.0,0.014
vaVCPwM7qj,Pack,/job:localhost/replica:0/task:0/device:MUSA:0,14.0,0.014
75Ls4V1ofe,RealDiv,/job:localhost/replica:0/task:0/device:MUSA:0,14.0,0.014
9tsBIhSNWK,MatMul,/job:localhost/replica:0/task:0/device:MUSA:0,14.0,0.014
Sf9xBKoQOT,Transpose,/job:localhost/replica:0/task:0/device:MUSA:0,14.0,0.014
hyeX7RpUEP,MatMul,/job:localhost/replica:0/task:0/device:MUSA:0,14.0,0.014
89P2CfJ5zb,Pack,/job:localhost/replica:0/task:0/device:MUSA:0,14.0,0.014
mKvDd0BwHp,Unpack,/job:localhost/replica:0/task:0/device:MUSA:0,14.0,0.014
fHc8nYbFao,Sub,/job:localhost/replica:0/task:0/device:MUSA:0,14.0,0.014
G6Ebl2KTw7,Reshape,/job:localhost/replica:0/task:0/device:MUSA:0,14.0,0.014
HtOR6Yyx4w,Mul,/job:localhost/replica:0/task:0/device:MUSA:0,14.0,0.014
x7ph89eCwR,Pow,/job:localhost/replica:0/task:0/device:MUSA:0,14.0,0.014
o1NnxR8JOe,ConcatV2,/job:localhost/replica:0/task:0/device:MUSA:0,14.0,0.014
kCU9Mp8LKi,MatMul,/job:localhost/replica:0/task:0/device:MUSA:0,14.0,0.014
m5wlV73vkU,Unpack,/job:localhost/replica:0/task:0/device:MUSA:0,14.0,0.014
BK0vxwZrlG,Unpack,/job:localhost/replica:0/task:0/device:MUSA:0,14.0,0.014
AV09J8gvhn,MatMul,/job:localhost/replica:0/task:0/device:MUSA:0,14.0,0.014
S09jGmKR8Q,MatMul,/job:localhost/replica:0/task:0/device:MUSA:0,14.0,0.014
TBXADdkhZG,Prod,/job:localhost/replica:0/task:0/device:MUSA:0,14.0,0.014
NLVfBzxD97,RealDiv,/job:localhost/replica:0/task:0/device:MUSA:0,14.0,0.014
WrvJQEoNiY,Split,/job:localhost/replica:0/task:0/device:MUSA:0,14.0,0.014
v0bDH4rtRo,Pow,/job:localhost/replica:0/task:0/device:MUSA:0,14.0,0.014
cQfWjh1voZ,RealDiv,/job:localhost/replica:0/task:0/device:MUSA:0,14.0,0.014
Kp4fzeqdEC,Mean,/job:localhost/replica:0/task:0/device:MUSA:0,14.0,0.014
DidOSyl8TE,ConcatV2,/job:localhost/replica:0/task:0/device:MUSA:0,14.0,0.014
8z23YJeBwM,Relu,/job:localhost/replica:0/task:0/device:MUSA:0,14.0,0.014
r4S8RXbL1Z,ConcatV2,/job:localhost/replica:0/task:0/device:MUSA:0,14.0,0.014
e9UzymRchj,Prod,/job:localhost/replica:0/task:0/device:MUSA:0,14.0,0.014
wX152KGJpg,MatMul,/job:localhost/replica:0/task:0/device:MUSA:0,14.0,0.014
rIKhw7FgtU,ConcatV2,/job:localhost/replica:0/task:0/device:MUSA:0,14.0,0.014
psGnehKW8t,Select,/job:localhost/replica:0/task:0/device:MUSA:0,14.0,0.014
n4BCcgR5It,StridedSlice,/job:localhost/replica:0/task:0/device:MUSA:0,14.0,0.014
KZ43oYSs5C,ConcatV2,/job:localhost/replica:0/task:0/device:MUSA:0,14.0,0.014
BVubtQWgxr,Sigmoid,/job:localhost/replica:0/task:0/device:MUSA:0,14.0,0.014
AusmGeoiMQ,AddN,/job:localhost/replica:0/task:0/device:MUSA:0,14.0,0.014
qPEQifzUv4,Reshape,/job:localhost/replica:0/task:0/device:MUSA:0,13.0,0.013
40VFwqatur,Reshape,/job:localhost/replica:0/task:0/device:MUSA:0,13.0,0.013
iOznf5I3Wq,Add,/job:localhost/replica:0/task:0/device:MUSA:0,13.0,0.013
7kKtQqCxFI,Reshape,/job:localhost/replica:0/task:0/device:MUSA:0,13.0,0.013
uDhIQ4ZjfV,Maximum,/job:localhost/replica:0/task:0/device:MUSA:0,13.0,0.013
ConstantFolding/KcbZwsPYuz_const_axis,Pack,/job:localhost/replica:0/task:0/device:MUSA:0,13.0,0.013
qDQo5pwkXL,ZerosLike,/job:localhost/replica:0/task:0/device:MUSA:0,13.0,0.013
rswt4xGpOY,Slice,/job:localhost/replica:0/task:0/device:MUSA:0,13.0,0.013
EYTMcVvt9d,Slice,/job:localhost/replica:0/task:0/device:MUSA:0,13.0,0.013
PkHx8zaND0,Slice,/job:localhost/replica:0/task:0/device:MUSA:0,13.0,0.013
8N02adMP3S,Slice,/job:localhost/replica:0/task:0/device:MUSA:0,13.0,0.013
ACWrmYkXHh,Slice,/job:localhost/replica:0/task:0/device:MUSA:0,13.0,0.013
kT7nhUzBWX,Slice,/job:localhost/replica:0/task:0/device:MUSA:0,13.0,0.013
RkaZrTibh8,Slice,/job:localhost/replica:0/task:0/device:MUSA:0,13.0,0.013
mIitzhJSBa,Slice,/job:localhost/replica:0/task:0/device:MUSA:0,13.0,0.013
UDHq0XCfb5,Reshape,/job:localhost/replica:0/task:0/device:MUSA:0,13.0,0.013
gUowFOfNJL,Slice,/job:localhost/replica:0/task:0/device:MUSA:0,13.0,0.013
ConstantFolding/dYVwDFO8tf_const_axis,Pack,/job:localhost/replica:0/task:0/device:MUSA:0,13.0,0.013
Cf5RWun4ZI,Slice,/job:localhost/replica:0/task:0/device:MUSA:0,13.0,0.013
RpXmHh4SO2,Slice,/job:localhost/replica:0/task:0/device:MUSA:0,13.0,0.013
fXYAm4rbBK,Slice,/job:localhost/replica:0/task:0/device:MUSA:0,13.0,0.013
dfalHESLk4,Slice,/job:localhost/replica:0/task:0/device:MUSA:0,13.0,0.013
L0SpwQW5q1,RealDiv,/job:localhost/replica:0/task:0/device:MUSA:0,13.0,0.013
DshcYf7HFL,Slice,/job:localhost/replica:0/task:0/device:MUSA:0,13.0,0.013
6FhuVUQ7MO,Slice,/job:localhost/replica:0/task:0/device:MUSA:0,13.0,0.013
1DujCbnZwL,Slice,/job:localhost/replica:0/task:0/device:MUSA:0,13.0,0.013
D6I9VUzZ02,Slice,/job:localhost/replica:0/task:0/device:MUSA:0,13.0,0.013
UdWr1TCeoi,Slice,/job:localhost/replica:0/task:0/device:MUSA:0,13.0,0.013
HQgoJfz2rR,Slice,/job:localhost/replica:0/task:0/device:MUSA:0,13.0,0.013
uqksoXE3SD,Slice,/job:localhost/replica:0/task:0/device:MUSA:0,13.0,0.013
iytN25SdrI,Slice,/job:localhost/replica:0/task:0/device:MUSA:0,13.0,0.013
rHqc4dGoSw,Slice,/job:localhost/replica:0/task:0/device:MUSA:0,13.0,0.013
hEezPLvpjx,Slice,/job:localhost/replica:0/task:0/device:MUSA:0,13.0,0.013
7DjelkLBFg,Slice,/job:localhost/replica:0/task:0/device:MUSA:0,13.0,0.013
T8yBFIksuK,Slice,/job:localhost/replica:0/task:0/device:MUSA:0,13.0,0.013
hXPfl0K3Dy,Slice,/job:localhost/replica:0/task:0/device:MUSA:0,13.0,0.013
joHEBKWIly,Slice,/job:localhost/replica:0/task:0/device:MUSA:0,13.0,0.013
ConstantFolding/VMDTbB36dU_const_axis,Pack,/job:localhost/replica:0/task:0/device:MUSA:0,13.0,0.013
DhnFXO5k4i,Slice,/job:localhost/replica:0/task:0/device:MUSA:0,13.0,0.013
htnua8T1dg,Slice,/job:localhost/replica:0/task:0/device:MUSA:0,13.0,0.013
m6rhZAcTt4,Slice,/job:localhost/replica:0/task:0/device:MUSA:0,13.0,0.013
MTcKuXHehi,Slice,/job:localhost/replica:0/task:0/device:MUSA:0,13.0,0.013
8GngruYkwQ,Slice,/job:localhost/replica:0/task:0/device:MUSA:0,13.0,0.013
0qSyZfoBHi,Slice,/job:localhost/replica:0/task:0/device:MUSA:0,13.0,0.013
qM8rAnLQYV,Slice,/job:localhost/replica:0/task:0/device:MUSA:0,13.0,0.013
vEu1KMaZhU,Slice,/job:localhost/replica:0/task:0/device:MUSA:0,13.0,0.013
WMk69vImrf,Slice,/job:localhost/replica:0/task:0/device:MUSA:0,13.0,0.013
4u3n6RswZb,Slice,/job:localhost/replica:0/task:0/device:MUSA:0,13.0,0.013
S6va3QZ2x9,Slice,/job:localhost/replica:0/task:0/device:MUSA:0,13.0,0.013
Mlsbi5tuK8,Slice,/job:localhost/replica:0/task:0/device:MUSA:0,13.0,0.013
zUZMx4NS3m,Slice,/job:localhost/replica:0/task:0/device:MUSA:0,13.0,0.013
UekIBaoAvO,Slice,/job:localhost/replica:0/task:0/device:MUSA:0,13.0,0.013
Fvfre2AX6c,Slice,/job:localhost/replica:0/task:0/device:MUSA:0,13.0,0.013
U1Iluv49HY,Slice,/job:localhost/replica:0/task:0/device:MUSA:0,13.0,0.013
tshFcoDXuC,Slice,/job:localhost/replica:0/task:0/device:MUSA:0,13.0,0.013
1mwndCfFte,Slice,/job:localhost/replica:0/task:0/device:MUSA:0,13.0,0.013
mWiAgrOf3d,Slice,/job:localhost/replica:0/task:0/device:MUSA:0,13.0,0.013
Y6k4rMD83J,Slice,/job:localhost/replica:0/task:0/device:MUSA:0,13.0,0.013
dSpacZUD7N,Slice,/job:localhost/replica:0/task:0/device:MUSA:0,13.0,0.013
BWpXwn7LdE,Slice,/job:localhost/replica:0/task:0/device:MUSA:0,13.0,0.013
2rHDUsa9g4,Slice,/job:localhost/replica:0/task:0/device:MUSA:0,13.0,0.013
CuBGJfrtSm,Slice,/job:localhost/replica:0/task:0/device:MUSA:0,13.0,0.013
1Lbr5RcOA8,Slice,/job:localhost/replica:0/task:0/device:MUSA:0,13.0,0.013
COT1rpvDtU,Slice,/job:localhost/replica:0/task:0/device:MUSA:0,13.0,0.013
D1oYJWH37O,Slice,/job:localhost/replica:0/task:0/device:MUSA:0,13.0,0.013
GpjXdCufLN,Slice,/job:localhost/replica:0/task:0/device:MUSA:0,13.0,0.013
OiMH2KGVkl,Slice,/job:localhost/replica:0/task:0/device:MUSA:0,13.0,0.013
dVqfDSJ1Li,Slice,/job:localhost/replica:0/task:0/device:MUSA:0,13.0,0.013
Za3qMG9mLF,Slice,/job:localhost/replica:0/task:0/device:MUSA:0,13.0,0.013
Ized9GyZR2,Slice,/job:localhost/replica:0/task:0/device:MUSA:0,13.0,0.013
zME86KbYye,Sub,/job:localhost/replica:0/task:0/device:MUSA:0,13.0,0.013
8LynWvQrU4,Slice,/job:localhost/replica:0/task:0/device:MUSA:0,13.0,0.013
c4SxK7bADY,Slice,/job:localhost/replica:0/task:0/device:MUSA:0,13.0,0.013
tiO0HANrGl,Slice,/job:localhost/replica:0/task:0/device:MUSA:0,13.0,0.013
mkFAuGNUxz,Slice,/job:localhost/replica:0/task:0/device:MUSA:0,13.0,0.013
JBEF8MWcvK,Slice,/job:localhost/replica:0/task:0/device:MUSA:0,13.0,0.013
Ohx85ocWAV,Slice,/job:localhost/replica:0/task:0/device:MUSA:0,13.0,0.013
vqhBMeGQEX,Slice,/job:localhost/replica:0/task:0/device:MUSA:0,13.0,0.013
H4maBv2YAz,Slice,/job:localhost/replica:0/task:0/device:MUSA:0,13.0,0.013
16QyC7ifeM,Slice,/job:localhost/replica:0/task:0/device:MUSA:0,13.0,0.013
uCIeSaTwGs,Less,/job:localhost/replica:0/task:0/device:MUSA:0,13.0,0.013
9DMv6HtGgm,Slice,/job:localhost/replica:0/task:0/device:MUSA:0,13.0,0.013
gk3MSHfQ40,Slice,/job:localhost/replica:0/task:0/device:MUSA:0,13.0,0.013
HW5JPVfkc3,RealDiv,/job:localhost/replica:0/task:0/device:MUSA:0,13.0,0.013
EgaRsDKGjv,Slice,/job:localhost/replica:0/task:0/device:MUSA:0,13.0,0.013
ViS1LXMBT2,Fill,/job:localhost/replica:0/task:0/device:MUSA:0,13.0,0.013
bn0CimKPuw,MatMul,/job:localhost/replica:0/task:0/device:MUSA:0,13.0,0.013
WchTtEQybG,ConcatV2,/job:localhost/replica:0/task:0/device:MUSA:0,13.0,0.013
Qjo5VdOC6T,Prod,/job:localhost/replica:0/task:0/device:MUSA:0,13.0,0.013
UGp1vqFE8W,RealDiv,/job:localhost/replica:0/task:0/device:MUSA:0,13.0,0.013
8fSsnBjlLY,MatMul,/job:localhost/replica:0/task:0/device:MUSA:0,13.0,0.013
UoaG3RfigY,Pack,/job:localhost/replica:0/task:0/device:MUSA:0,13.0,0.013
PHCw4lo9iF,Unpack,/job:localhost/replica:0/task:0/device:MUSA:0,13.0,0.013
FWEzLv8mDR,Unpack,/job:localhost/replica:0/task:0/device:MUSA:0,13.0,0.013
DxrKvekjZY,Unpack,/job:localhost/replica:0/task:0/device:MUSA:0,13.0,0.013
16sCHpeqTZ,Pow,/job:localhost/replica:0/task:0/device:MUSA:0,13.0,0.013
h6dbZAsmvk,RealDiv,/job:localhost/replica:0/task:0/device:MUSA:0,13.0,0.013
VMEaZgU7Xs,MatMul,/job:localhost/replica:0/task:0/device:MUSA:0,13.0,0.013
uKJxE4nwpQ,Reshape,/job:localhost/replica:0/task:0/device:MUSA:0,13.0,0.013
m7KYtOgkPA,AddV2,/job:localhost/replica:0/task:0/device:MUSA:0,13.0,0.013
diZ2Fjzon0,MatMul,/job:localhost/replica:0/task:0/device:MUSA:0,13.0,0.013
MLqz5jS8n7,RealDiv,/job:localhost/replica:0/task:0/device:MUSA:0,13.0,0.013
vR9mFGAg1X,Mul,/job:localhost/replica:0/task:0/device:MUSA:0,13.0,0.013
1N9cTSIrWO,Transpose,/job:localhost/replica:0/task:0/device:MUSA:0,13.0,0.013
AkfIm1S8nu,Unpack,/job:localhost/replica:0/task:0/device:MUSA:0,13.0,0.013
lhVBu63DNJ,Pack,/job:localhost/replica:0/task:0/device:MUSA:0,13.0,0.013
IX3WvsBmpi,SquaredDifference,/job:localhost/replica:0/task:0/device:MUSA:0,13.0,0.013
B3HFakiuSm,Unpack,/job:localhost/replica:0/task:0/device:MUSA:0,13.0,0.013
mqY8hxiNRA,MatMul,/job:localhost/replica:0/task:0/device:MUSA:0,13.0,0.013
FrfRnLoTWk,MatMul,/job:localhost/replica:0/task:0/device:MUSA:0,13.0,0.013
GBCkzSfKWj,MatMul,/job:localhost/replica:0/task:0/device:MUSA:0,13.0,0.013
R2HtlauQyT,Unpack,/job:localhost/replica:0/task:0/device:MUSA:0,13.0,0.013
O50cfeqA4N,RealDiv,/job:localhost/replica:0/task:0/device:MUSA:0,13.0,0.013
K3bF4LulTJ,Mul,/job:localhost/replica:0/task:0/device:MUSA:0,13.0,0.013
ft1wiKlVZM,Sub,/job:localhost/replica:0/task:0/device:MUSA:0,13.0,0.013
9k6l5imw72,MatMul,/job:localhost/replica:0/task:0/device:MUSA:0,13.0,0.013
fXQmxYhwla,Pow,/job:localhost/replica:0/task:0/device:MUSA:0,13.0,0.013
A0a9WoLHjG,Pow,/job:localhost/replica:0/task:0/device:MUSA:0,13.0,0.013
tRglDw09Bv,Unpack,/job:localhost/replica:0/task:0/device:MUSA:0,13.0,0.013
nAq29JjMf6,Unpack,/job:localhost/replica:0/task:0/device:MUSA:0,13.0,0.013
je2JiBNtHG,Prod,/job:localhost/replica:0/task:0/device:MUSA:0,13.0,0.013
o6QMc8GS0p,AddV2,/job:localhost/replica:0/task:0/device:MUSA:0,13.0,0.013
CqnFoWOG4K,Prod,/job:localhost/replica:0/task:0/device:MUSA:0,13.0,0.013
AJw0rhz8R4,ConcatV2,/job:localhost/replica:0/task:0/device:MUSA:0,13.0,0.013
qNyk7H3doQ,Sub,/job:localhost/replica:0/task:0/device:MUSA:0,13.0,0.013
bGwUphv5QK,Unpack,/job:localhost/replica:0/task:0/device:MUSA:0,13.0,0.013
R0sle6L23u,Pack,/job:localhost/replica:0/task:0/device:MUSA:0,13.0,0.013
vAIs1cQXbR,Pow,/job:localhost/replica:0/task:0/device:MUSA:0,13.0,0.013
pEjLPnV03S,Mul,/job:localhost/replica:0/task:0/device:MUSA:0,13.0,0.013
84eTNmWqv6,Pow,/job:localhost/replica:0/task:0/device:MUSA:0,13.0,0.013
AxDeFMrnVU,AddV2,/job:localhost/replica:0/task:0/device:MUSA:0,13.0,0.013
OgA0es9TjB,Unpack,/job:localhost/replica:0/task:0/device:MUSA:0,13.0,0.013
EKGzRQcgkb,Unpack,/job:localhost/replica:0/task:0/device:MUSA:0,13.0,0.013
6RbFj87s1o,Relu,/job:localhost/replica:0/task:0/device:MUSA:0,13.0,0.013
owMBzWn89l,Mean,/job:localhost/replica:0/task:0/device:MUSA:0,13.0,0.013
BhQHkb04vI,MatMul,/job:localhost/replica:0/task:0/device:MUSA:0,13.0,0.013
EA9e8VRFup,Log,/job:localhost/replica:0/task:0/device:MUSA:0,13.0,0.013
trjzhvWNIK,ConcatV2,/job:localhost/replica:0/task:0/device:MUSA:0,13.0,0.013
Onp1oWt49g,Maximum,/job:localhost/replica:0/task:0/device:MUSA:0,13.0,0.013
B2w7ztmT4O,Tanh,/job:localhost/replica:0/task:0/device:MUSA:0,13.0,0.013
3UDQbrX4cg,Select,/job:localhost/replica:0/task:0/device:MUSA:0,13.0,0.013
C3UaWBMox5,Reshape,/job:localhost/replica:0/task:0/device:MUSA:0,12.0,0.012
tuNKysH0A2,Const,/job:localhost/replica:0/task:0/device:MUSA:0,12.0,0.012
TU3bGkyotR,Const,/job:localhost/replica:0/task:0/device:MUSA:0,12.0,0.012
XkaRv4Ldh7,Reshape,/job:localhost/replica:0/task:0/device:MUSA:0,12.0,0.012
rcP4hCyDmO,Reshape,/job:localhost/replica:0/task:0/device:MUSA:0,12.0,0.012
Nk8eW6ofOZ,Const,/job:localhost/replica:0/task:0/device:MUSA:0,12.0,0.012
bYW0xGgv1e,Const,/job:localhost/replica:0/task:0/device:MUSA:0,12.0,0.012
J3EolKm4zI,Const,/job:localhost/replica:0/task:0/device:MUSA:0,12.0,0.012
4eGRy5ZPXB,Slice,/job:localhost/replica:0/task:0/device:MUSA:0,12.0,0.012
P932mE1Oyb,Fill,/job:localhost/replica:0/task:0/device:MUSA:0,12.0,0.012
dqT5CnZ9VM,Slice,/job:localhost/replica:0/task:0/device:MUSA:0,12.0,0.012
VRZjqUdx7t,Slice,/job:localhost/replica:0/task:0/device:MUSA:0,12.0,0.012
Ff0NL1c7em,Slice,/job:localhost/replica:0/task:0/device:MUSA:0,12.0,0.012
ConstantFolding/mSRuaqKnsf_const_axis,Pack,/job:localhost/replica:0/task:0/device:MUSA:0,12.0,0.012
hu4qLJIRdQ,Slice,/job:localhost/replica:0/task:0/device:MUSA:0,12.0,0.012
T5MxGILCaF,Slice,/job:localhost/replica:0/task:0/device:MUSA:0,12.0,0.012
etVdg9JsFa,Slice,/job:localhost/replica:0/task:0/device:MUSA:0,12.0,0.012
tcDRM9uBYQ,Slice,/job:localhost/replica:0/task:0/device:MUSA:0,12.0,0.012
2es3Jcmva4,Slice,/job:localhost/replica:0/task:0/device:MUSA:0,12.0,0.012
9IS6h02LDR,Slice,/job:localhost/replica:0/task:0/device:MUSA:0,12.0,0.012
9FweLBqE8p,Rsqrt,/job:localhost/replica:0/task:0/device:MUSA:0,12.0,0.012
4tjWmvX2Pd,Log,/job:localhost/replica:0/task:0/device:MUSA:0,12.0,0.012
XLhtFJykVT,Slice,/job:localhost/replica:0/task:0/device:MUSA:0,12.0,0.012
QvbDtIpnSG,Slice,/job:localhost/replica:0/task:0/device:MUSA:0,12.0,0.012
uyCbSMmUcG,Slice,/job:localhost/replica:0/task:0/device:MUSA:0,12.0,0.012
sJKh0d9v7a,Slice,/job:localhost/replica:0/task:0/device:MUSA:0,12.0,0.012
o9Mv6ksL2a,Slice,/job:localhost/replica:0/task:0/device:MUSA:0,12.0,0.012
DipgmIbwa2,Slice,/job:localhost/replica:0/task:0/device:MUSA:0,12.0,0.012
D13akdE6UN,Slice,/job:localhost/replica:0/task:0/device:MUSA:0,12.0,0.012
QpAc5JSZYu,Slice,/job:localhost/replica:0/task:0/device:MUSA:0,12.0,0.012
tdTmBWuErR,Slice,/job:localhost/replica:0/task:0/device:MUSA:0,12.0,0.012
CycLQTPsmg,Slice,/job:localhost/replica:0/task:0/device:MUSA:0,12.0,0.012
zaBAeIuR8b,Slice,/job:localhost/replica:0/task:0/device:MUSA:0,12.0,0.012
ConstantFolding/S0AIDLO7tZ_const_axis,Pack,/job:localhost/replica:0/task:0/device:MUSA:0,12.0,0.012
P0w1J9ZmFs,Slice,/job:localhost/replica:0/task:0/device:MUSA:0,12.0,0.012
zJ13AwHBfU,Sub,/job:localhost/replica:0/task:0/device:MUSA:0,12.0,0.012
qo3bxGQnmU,Slice,/job:localhost/replica:0/task:0/device:MUSA:0,12.0,0.012
sUCudMHLt9,Slice,/job:localhost/replica:0/task:0/device:MUSA:0,12.0,0.012
w3qchsY14F,Slice,/job:localhost/replica:0/task:0/device:MUSA:0,12.0,0.012
4p7kGvRI8O,Slice,/job:localhost/replica:0/task:0/device:MUSA:0,12.0,0.012
AHD5bNJcvW,Slice,/job:localhost/replica:0/task:0/device:MUSA:0,12.0,0.012
9uJXgvyZNT,Slice,/job:localhost/replica:0/task:0/device:MUSA:0,12.0,0.012
rCKDeVfxlH,Slice,/job:localhost/replica:0/task:0/device:MUSA:0,12.0,0.012
uOM3yVpvWR,Slice,/job:localhost/replica:0/task:0/device:MUSA:0,12.0,0.012
YRmUWqeEN1,Slice,/job:localhost/replica:0/task:0/device:MUSA:0,12.0,0.012
rKiDzevakd,Slice,/job:localhost/replica:0/task:0/device:MUSA:0,12.0,0.012
3DLEJcN1ni,Slice,/job:localhost/replica:0/task:0/device:MUSA:0,12.0,0.012
LrypvZHVwS,Slice,/job:localhost/replica:0/task:0/device:MUSA:0,12.0,0.012
JcPIYdxj1b,Maximum,/job:localhost/replica:0/task:0/device:MUSA:0,12.0,0.012
BEKoP9SQ6d,Slice,/job:localhost/replica:0/task:0/device:MUSA:0,12.0,0.012
r8RKu4mUWT,ZerosLike,/job:localhost/replica:0/task:0/device:MUSA:0,12.0,0.012
AqnhUbm0Z1,Slice,/job:localhost/replica:0/task:0/device:MUSA:0,12.0,0.012
d92BIGQ6Vg,Slice,/job:localhost/replica:0/task:0/device:MUSA:0,12.0,0.012
yArYezhBcR,Slice,/job:localhost/replica:0/task:0/device:MUSA:0,12.0,0.012
79kxbluHKg,Slice,/job:localhost/replica:0/task:0/device:MUSA:0,12.0,0.012
XBCwMxNoRA,Slice,/job:localhost/replica:0/task:0/device:MUSA:0,12.0,0.012
nz5kc0mlfO,Slice,/job:localhost/replica:0/task:0/device:MUSA:0,12.0,0.012
nESjmYMpoJ,Slice,/job:localhost/replica:0/task:0/device:MUSA:0,12.0,0.012
h2pTa3Zbzv,Sum,/job:localhost/replica:0/task:0/device:MUSA:0,12.0,0.012
6H3ErOkbdP,Slice,/job:localhost/replica:0/task:0/device:MUSA:0,12.0,0.012
gnfBqS2Gwj,Slice,/job:localhost/replica:0/task:0/device:MUSA:0,12.0,0.012
HuFVd4W2sv,Slice,/job:localhost/replica:0/task:0/device:MUSA:0,12.0,0.012
acgr3XLb4U,Slice,/job:localhost/replica:0/task:0/device:MUSA:0,12.0,0.012
cHXj2VE6FK,Slice,/job:localhost/replica:0/task:0/device:MUSA:0,12.0,0.012
KAcmyYv6Rk,Slice,/job:localhost/replica:0/task:0/device:MUSA:0,12.0,0.012
lLM7RuJEvj,Slice,/job:localhost/replica:0/task:0/device:MUSA:0,12.0,0.012
MNHQeuPwDS,Slice,/job:localhost/replica:0/task:0/device:MUSA:0,12.0,0.012
KqNbiJ4V6a,Slice,/job:localhost/replica:0/task:0/device:MUSA:0,12.0,0.012
hL6ciDM1nE,Slice,/job:localhost/replica:0/task:0/device:MUSA:0,12.0,0.012
b5iRJdnBWI,Slice,/job:localhost/replica:0/task:0/device:MUSA:0,12.0,0.012
hg5X7wylWQ,Slice,/job:localhost/replica:0/task:0/device:MUSA:0,12.0,0.012
znlAjTfyVZ,Slice,/job:localhost/replica:0/task:0/device:MUSA:0,12.0,0.012
p7zvjMXkE9,Slice,/job:localhost/replica:0/task:0/device:MUSA:0,12.0,0.012
6UVzte9LOE,Slice,/job:localhost/replica:0/task:0/device:MUSA:0,12.0,0.012
PRSHwTN7Cb,Slice,/job:localhost/replica:0/task:0/device:MUSA:0,12.0,0.012
SDOMPcdBZp,Slice,/job:localhost/replica:0/task:0/device:MUSA:0,12.0,0.012
X2UHdFZiBk,Slice,/job:localhost/replica:0/task:0/device:MUSA:0,12.0,0.012
7wM0a1DZPt,Slice,/job:localhost/replica:0/task:0/device:MUSA:0,12.0,0.012
ZvIiG7OKV8,Slice,/job:localhost/replica:0/task:0/device:MUSA:0,12.0,0.012
u47oGv5eqZ,Slice,/job:localhost/replica:0/task:0/device:MUSA:0,12.0,0.012
AOTQcbX2xN,Slice,/job:localhost/replica:0/task:0/device:MUSA:0,12.0,0.012
7u4n2vBGcl,Prod,/job:localhost/replica:0/task:0/device:MUSA:0,12.0,0.012
WMOZugcr7f,Slice,/job:localhost/replica:0/task:0/device:MUSA:0,12.0,0.012
uZJxTp17sh,Slice,/job:localhost/replica:0/task:0/device:MUSA:0,12.0,0.012
KWuVyRXrbM,Slice,/job:localhost/replica:0/task:0/device:MUSA:0,12.0,0.012
RezEuYCADp,Slice,/job:localhost/replica:0/task:0/device:MUSA:0,12.0,0.012
n7hFkcAH9x,Slice,/job:localhost/replica:0/task:0/device:MUSA:0,12.0,0.012
IXfStwAo9N,Slice,/job:localhost/replica:0/task:0/device:MUSA:0,12.0,0.012
VIs4ZHzeKj,Slice,/job:localhost/replica:0/task:0/device:MUSA:0,12.0,0.012
17h5lRSFfv,Slice,/job:localhost/replica:0/task:0/device:MUSA:0,12.0,0.012
TUaAnhjIBZ,Slice,/job:localhost/replica:0/task:0/device:MUSA:0,12.0,0.012
oElW9zbFhy,RandomUniform,/job:localhost/replica:0/task:0/device:MUSA:0,12.0,0.012
9TADtFKQOz,Slice,/job:localhost/replica:0/task:0/device:MUSA:0,12.0,0.012
79xfDSqnpa,Slice,/job:localhost/replica:0/task:0/device:MUSA:0,12.0,0.012
cusKQP2ZDM,Slice,/job:localhost/replica:0/task:0/device:MUSA:0,12.0,0.012
8m64FPuiYj,Slice,/job:localhost/replica:0/task:0/device:MUSA:0,12.0,0.012
pmy2s0nDEx,Slice,/job:localhost/replica:0/task:0/device:MUSA:0,12.0,0.012
GPT6Am3ozb,Slice,/job:localhost/replica:0/task:0/device:MUSA:0,12.0,0.012
CeS6zablHO,Slice,/job:localhost/replica:0/task:0/device:MUSA:0,12.0,0.012
SAgv3tdh8W,Slice,/job:localhost/replica:0/task:0/device:MUSA:0,12.0,0.012
5wAHbIU9s7,Slice,/job:localhost/replica:0/task:0/device:MUSA:0,12.0,0.012
Oh6a7KnmLt,Slice,/job:localhost/replica:0/task:0/device:MUSA:0,12.0,0.012
C8jZ6dncLQ,Slice,/job:localhost/replica:0/task:0/device:MUSA:0,12.0,0.012
gMA7TNypmr,RealDiv,/job:localhost/replica:0/task:0/device:MUSA:0,12.0,0.012
OsHNW5VXwY,Slice,/job:localhost/replica:0/task:0/device:MUSA:0,12.0,0.012
DwvjEZQbHz,Slice,/job:localhost/replica:0/task:0/device:MUSA:0,12.0,0.012
buDOMpARIx,RandomUniform,/job:localhost/replica:0/task:0/device:MUSA:0,12.0,0.012
gTHE9ImYB1,Tanh,/job:localhost/replica:0/task:0/device:MUSA:0,12.0,0.012
MrnpveyxPc,RealDiv,/job:localhost/replica:0/task:0/device:MUSA:0,12.0,0.012
RiT1rlW60c,Relu,/job:localhost/replica:0/task:0/device:MUSA:0,12.0,0.012
zVCgl79RPY,MatMul,/job:localhost/replica:0/task:0/device:MUSA:0,12.0,0.012
gtCQWmw2Bp,RealDiv,/job:localhost/replica:0/task:0/device:MUSA:0,12.0,0.012
zYcSaLb5RH,MatMul,/job:localhost/replica:0/task:0/device:MUSA:0,12.0,0.012
ChmcpIYQzJ,Fill,/job:localhost/replica:0/task:0/device:MUSA:0,12.0,0.012
RDznecZBJT,Less,/job:localhost/replica:0/task:0/device:MUSA:0,12.0,0.012
okgTy0d9zh,Less,/job:localhost/replica:0/task:0/device:MUSA:0,12.0,0.012
bTQij4DSNX,Less,/job:localhost/replica:0/task:0/device:MUSA:0,12.0,0.012
1WaneNJvqb,Prod,/job:localhost/replica:0/task:0/device:MUSA:0,12.0,0.012
5NtZHhWm4j,Less,/job:localhost/replica:0/task:0/device:MUSA:0,12.0,0.012
7fptdHAJrY,Select,/job:localhost/replica:0/task:0/device:MUSA:0,12.0,0.012
nKwND6jYMu,Less,/job:localhost/replica:0/task:0/device:MUSA:0,12.0,0.012
MjcbB0o8Gz,SquaredDifference,/job:localhost/replica:0/task:0/device:MUSA:0,12.0,0.012
funHl6dIPS,RealDiv,/job:localhost/replica:0/task:0/device:MUSA:0,12.0,0.012
VUcQO9bNT5,Pack,/job:localhost/replica:0/task:0/device:MUSA:0,12.0,0.012
ZqbaQHw43f,Transpose,/job:localhost/replica:0/task:0/device:MUSA:0,12.0,0.012
ounS9FWkjx,Sub,/job:localhost/replica:0/task:0/device:MUSA:0,12.0,0.012
wYTO3zZ64R,Pack,/job:localhost/replica:0/task:0/device:MUSA:0,12.0,0.012
6rEWO9RTSw,Pack,/job:localhost/replica:0/task:0/device:MUSA:0,12.0,0.012
gdIVtBC8wJ,AddV2,/job:localhost/replica:0/task:0/device:MUSA:0,12.0,0.012
6w7URAlFqi,AddV2,/job:localhost/replica:0/task:0/device:MUSA:0,12.0,0.012
7df3PkCv4O,MatMul,/job:localhost/replica:0/task:0/device:MUSA:0,12.0,0.012
1PCFiMtScb,Sub,/job:localhost/replica:0/task:0/device:MUSA:0,12.0,0.012
5iDbBkzLVa,RealDiv,/job:localhost/replica:0/task:0/device:MUSA:0,12.0,0.012
YU6Hob0kWe,Mul,/job:localhost/replica:0/task:0/device:MUSA:0,12.0,0.012
1BuKPxaX7h,Sub,/job:localhost/replica:0/task:0/device:MUSA:0,12.0,0.012
4D7SmB5G86,Reshape,/job:localhost/replica:0/task:0/device:MUSA:0,12.0,0.012
vMIjCnhkr3,AddV2,/job:localhost/replica:0/task:0/device:MUSA:0,12.0,0.012
PHnNA74Ga6,RealDiv,/job:localhost/replica:0/task:0/device:MUSA:0,12.0,0.012
S1ylgLrjmf,Sub,/job:localhost/replica:0/task:0/device:MUSA:0,12.0,0.012
BV1hbrXjIu,Sub,/job:localhost/replica:0/task:0/device:MUSA:0,12.0,0.012
KHjdsiEZmx,Mul,/job:localhost/replica:0/task:0/device:MUSA:0,12.0,0.012
gp2UY3C0Ts,Transpose,/job:localhost/replica:0/task:0/device:MUSA:0,12.0,0.012
jb5ko8Di7A,Transpose,/job:localhost/replica:0/task:0/device:MUSA:0,12.0,0.012
pzrdVu7aOU,Pack,/job:localhost/replica:0/task:0/device:MUSA:0,12.0,0.012
0itxoGIOYX,Unpack,/job:localhost/replica:0/task:0/device:MUSA:0,12.0,0.012
08kUz6NTFY,Unpack,/job:localhost/replica:0/task:0/device:MUSA:0,12.0,0.012
bd6TIq2xKg,Unpack,/job:localhost/replica:0/task:0/device:MUSA:0,12.0,0.012
XvxqZUL41z,RealDiv,/job:localhost/replica:0/task:0/device:MUSA:0,12.0,0.012
a7srm1GoFQ,RealDiv,/job:localhost/replica:0/task:0/device:MUSA:0,12.0,0.012
S4Tc1b27ni,Pow,/job:localhost/replica:0/task:0/device:MUSA:0,12.0,0.012
ArithmeticOptimizer/AddOpsRewrite_MDrjO8XWJb,AddV2,/job:localhost/replica:0/task:0/device:MUSA:0,12.0,0.012
S5AeDK8yT6,Pack,/job:localhost/replica:0/task:0/device:MUSA:0,12.0,0.012
3yD9awz0KM,Sigmoid,/job:localhost/replica:0/task:0/device:MUSA:0,12.0,0.012
u2Bj45IK1X,Unpack,/job:localhost/replica:0/task:0/device:MUSA:0,12.0,0.012
3axTwN4otj,Sub,/job:localhost/replica:0/task:0/device:MUSA:0,12.0,0.012
NBgmvyZbAk,Sub,/job:localhost/replica:0/task:0/device:MUSA:0,12.0,0.012
gSoAEaUZ52,Relu,/job:localhost/replica:0/task:0/device:MUSA:0,12.0,0.012
gJcI7Smwli,Relu,/job:localhost/replica:0/task:0/device:MUSA:0,12.0,0.012
l1g8rZUDPu,MatMul,/job:localhost/replica:0/task:0/device:MUSA:0,12.0,0.012
VPSaiYL8fk,MatMul,/job:localhost/replica:0/task:0/device:MUSA:0,12.0,0.012
oidjFPTerc,MatMul,/job:localhost/replica:0/task:0/device:MUSA:0,12.0,0.012
SpcQZRGqMe,MatMul,/job:localhost/replica:0/task:0/device:MUSA:0,12.0,0.012
02J5isYMvf,Tile,/job:localhost/replica:0/task:0/device:MUSA:0,12.0,0.012
xFvUVWHolS,Pack,/job:localhost/replica:0/task:0/device:MUSA:0,12.0,0.012
qOoXjI6irS,Pow,/job:localhost/replica:0/task:0/device:MUSA:0,12.0,0.012
7mqDVdZBON,AddV2,/job:localhost/replica:0/task:0/device:MUSA:0,12.0,0.012
HKzwpXTMJG,Mean,/job:localhost/replica:0/task:0/device:MUSA:0,12.0,0.012
LoJAI0Va8w,Prod,/job:localhost/replica:0/task:0/device:MUSA:0,12.0,0.012
jouvgP4dXb,Prod,/job:localhost/replica:0/task:0/device:MUSA:0,12.0,0.012
kOoVhI1qfi,Prod,/job:localhost/replica:0/task:0/device:MUSA:0,12.0,0.012
bAglfQt7hM,RealDiv,/job:localhost/replica:0/task:0/device:MUSA:0,12.0,0.012
CquJc05eGt,SplitV,/job:localhost/replica:0/task:0/device:MUSA:0,12.0,0.012
HCqyd1uE8P,ConcatV2,/job:localhost/replica:0/task:0/device:MUSA:0,12.0,0.012
uqtpl3R1ho,ConcatV2,/job:localhost/replica:0/task:0/device:MUSA:0,12.0,0.012
AQmixCtEOU,AddV2,/job:localhost/replica:0/task:0/device:MUSA:0,12.0,0.012
WxLbFAR7Zh,Add,/job:localhost/replica:0/task:0/device:MUSA:0,12.0,0.012
rZnCXMq52h,Log,/job:localhost/replica:0/task:0/device:MUSA:0,12.0,0.012
UAgLFyvMiw,RealDiv,/job:localhost/replica:0/task:0/device:MUSA:0,12.0,0.012
RJXD6rKYfw,Pow,/job:localhost/replica:0/task:0/device:MUSA:0,12.0,0.012
5wVlobDJky,Prod,/job:localhost/replica:0/task:0/device:MUSA:0,12.0,0.012
7VbdowNRDx,Prod,/job:localhost/replica:0/task:0/device:MUSA:0,12.0,0.012
17Sg3YCWxr,Sub,/job:localhost/replica:0/task:0/device:MUSA:0,12.0,0.012
YXUEaVDPbw,Pow,/job:localhost/replica:0/task:0/device:MUSA:0,12.0,0.012
IKjk7dApxN,Add,/job:localhost/replica:0/task:0/device:MUSA:0,12.0,0.012
vZjMcfoNX9,Pow,/job:localhost/replica:0/task:0/device:MUSA:0,12.0,0.012
SBsoC3h4Mm,Abs,/job:localhost/replica:0/task:0/device:MUSA:0,12.0,0.012
cLEh6x3AHr,Rsqrt,/job:localhost/replica:0/task:0/device:MUSA:0,12.0,0.012
08HsENJGQD,Sigmoid,/job:localhost/replica:0/task:0/device:MUSA:0,12.0,0.012
ym0TIejHi1,Minimum,/job:localhost/replica:0/task:0/device:MUSA:0,12.0,0.012
lwFnkfmCE8,Mul,/job:localhost/replica:0/task:0/device:MUSA:0,12.0,0.012
Bc8Xlj0pE2,Sub,/job:localhost/replica:0/task:0/device:MUSA:0,12.0,0.012
n3jzIH6uSc,Log,/job:localhost/replica:0/task:0/device:MUSA:0,12.0,0.012
NnM4hYKZOC,Const,/job:localhost/replica:0/task:0/device:MUSA:0,11.0,0.011
ZWvOhpX7IM,Const,/job:localhost/replica:0/task:0/device:MUSA:0,11.0,0.011
KJFtkLwXsd,Const,/job:localhost/replica:0/task:0/device:MUSA:0,11.0,0.011
L3YSz2iRQl,Reshape,/job:localhost/replica:0/task:0/device:MUSA:0,11.0,0.011
ChYeyLBSib,Const,/job:localhost/replica:0/task:0/device:MUSA:0,11.0,0.011
vTrZu36Wam,Const,/job:localhost/replica:0/task:0/device:MUSA:0,11.0,0.011
2Qhc1p7VdO,Minimum,/job:localhost/replica:0/task:0/device:MUSA:0,11.0,0.011
8bs4on9JWa,Sigmoid,/job:localhost/replica:0/task:0/device:MUSA:0,11.0,0.011
xEtd8NyBLm,Rsqrt,/job:localhost/replica:0/task:0/device:MUSA:0,11.0,0.011
r6dNtba9Qi,Slice,/job:localhost/replica:0/task:0/device:MUSA:0,11.0,0.011
OQcmh2fGeL,Equal,/job:localhost/replica:0/task:0/device:MUSA:0,11.0,0.011
ConstantFolding/a6bXjzi5ln_const_axis,Pack,/job:localhost/replica:0/task:0/device:MUSA:0,11.0,0.011
ConstantFolding/4jU6IDFtwZ_const_axis,Pack,/job:localhost/replica:0/task:0/device:MUSA:0,11.0,0.011
bTmWUdYygp,Slice,/job:localhost/replica:0/task:0/device:MUSA:0,11.0,0.011
AQKUGcBlYd,Slice,/job:localhost/replica:0/task:0/device:MUSA:0,11.0,0.011
6RrKLwcyu8,Slice,/job:localhost/replica:0/task:0/device:MUSA:0,11.0,0.011
Lp37ytaQZF,Slice,/job:localhost/replica:0/task:0/device:MUSA:0,11.0,0.011
UDongLxaYQ,Slice,/job:localhost/replica:0/task:0/device:MUSA:0,11.0,0.011
vbD2wsa1RV,Slice,/job:localhost/replica:0/task:0/device:MUSA:0,11.0,0.011
A90OdfvQTS,Slice,/job:localhost/replica:0/task:0/device:MUSA:0,11.0,0.011
cFZ3nCB9qR,Slice,/job:localhost/replica:0/task:0/device:MUSA:0,11.0,0.011
6UnHYExGAq,Slice,/job:localhost/replica:0/task:0/device:MUSA:0,11.0,0.011
y1lqrgW0KA,Slice,/job:localhost/replica:0/task:0/device:MUSA:0,11.0,0.011
LKGa49VoUv,Slice,/job:localhost/replica:0/task:0/device:MUSA:0,11.0,0.011
aeWKShq5C9,Slice,/job:localhost/replica:0/task:0/device:MUSA:0,11.0,0.011
o4ANeVBZig,Slice,/job:localhost/replica:0/task:0/device:MUSA:0,11.0,0.011
4WYg0btNEO,Slice,/job:localhost/replica:0/task:0/device:MUSA:0,11.0,0.011
lU0QDVgWIa,Slice,/job:localhost/replica:0/task:0/device:MUSA:0,11.0,0.011
ConstantFolding/9Nk8VDSIZf_const_axis,Pack,/job:localhost/replica:0/task:0/device:MUSA:0,11.0,0.011
JEzRFZ2Pxu,Slice,/job:localhost/replica:0/task:0/device:MUSA:0,11.0,0.011
PrBHxAeh5K,Slice,/job:localhost/replica:0/task:0/device:MUSA:0,11.0,0.011
s29BDTm35r,Slice,/job:localhost/replica:0/task:0/device:MUSA:0,11.0,0.011
Re7xirvTho,Slice,/job:localhost/replica:0/task:0/device:MUSA:0,11.0,0.011
icReHEN8jg,Slice,/job:localhost/replica:0/task:0/device:MUSA:0,11.0,0.011
Eyj3RxVtNZ,Reshape,/job:localhost/replica:0/task:0/device:MUSA:0,11.0,0.011
m9tvClyH6D,Slice,/job:localhost/replica:0/task:0/device:MUSA:0,11.0,0.011
xWJfTzXHDY,Slice,/job:localhost/replica:0/task:0/device:MUSA:0,11.0,0.011
wEaRy9OqjV,Slice,/job:localhost/replica:0/task:0/device:MUSA:0,11.0,0.011
wzKx7DZrSY,Slice,/job:localhost/replica:0/task:0/device:MUSA:0,11.0,0.011
yDfP7wSsnt,Slice,/job:localhost/replica:0/task:0/device:MUSA:0,11.0,0.011
EdzN9c7fMq,Slice,/job:localhost/replica:0/task:0/device:MUSA:0,11.0,0.011
QON42f96wL,Slice,/job:localhost/replica:0/task:0/device:MUSA:0,11.0,0.011
7AXwkFa6xp,Slice,/job:localhost/replica:0/task:0/device:MUSA:0,11.0,0.011
QsIrilzjva,Slice,/job:localhost/replica:0/task:0/device:MUSA:0,11.0,0.011
4aE3nokJrA,Slice,/job:localhost/replica:0/task:0/device:MUSA:0,11.0,0.011
SorAkEyIXf,Slice,/job:localhost/replica:0/task:0/device:MUSA:0,11.0,0.011
6Kg8SiETpv,Slice,/job:localhost/replica:0/task:0/device:MUSA:0,11.0,0.011
QjLZz8NPCA,Slice,/job:localhost/replica:0/task:0/device:MUSA:0,11.0,0.011
r7E8aZAXO0,Slice,/job:localhost/replica:0/task:0/device:MUSA:0,11.0,0.011
ufnscd4zyR,Slice,/job:localhost/replica:0/task:0/device:MUSA:0,11.0,0.011
Trfds5VQ6z,Slice,/job:localhost/replica:0/task:0/device:MUSA:0,11.0,0.011
JQ5EHcb1Ys,Slice,/job:localhost/replica:0/task:0/device:MUSA:0,11.0,0.011
8rkvj6sCeo,Slice,/job:localhost/replica:0/task:0/device:MUSA:0,11.0,0.011
Nos3H6SIZ4,Slice,/job:localhost/replica:0/task:0/device:MUSA:0,11.0,0.011
IgFQTZph9O,Slice,/job:localhost/replica:0/task:0/device:MUSA:0,11.0,0.011
hJmCEU7GVy,Slice,/job:localhost/replica:0/task:0/device:MUSA:0,11.0,0.011
vs47FKde6J,Slice,/job:localhost/replica:0/task:0/device:MUSA:0,11.0,0.011
AfNWBw37r2,Slice,/job:localhost/replica:0/task:0/device:MUSA:0,11.0,0.011
42epXQaijy,Slice,/job:localhost/replica:0/task:0/device:MUSA:0,11.0,0.011
BXFyUO3Duz,Slice,/job:localhost/replica:0/task:0/device:MUSA:0,11.0,0.011
jCqw1QBoUb,Slice,/job:localhost/replica:0/task:0/device:MUSA:0,11.0,0.011
CRfTnU92pJ,Slice,/job:localhost/replica:0/task:0/device:MUSA:0,11.0,0.011
amNwAtku41,Slice,/job:localhost/replica:0/task:0/device:MUSA:0,11.0,0.011
4YkeRM3F2P,Slice,/job:localhost/replica:0/task:0/device:MUSA:0,11.0,0.011
rmZsL1F4Gz,Slice,/job:localhost/replica:0/task:0/device:MUSA:0,11.0,0.011
2Acyhv51zW,Slice,/job:localhost/replica:0/task:0/device:MUSA:0,11.0,0.011
J3XV4yajLc,Slice,/job:localhost/replica:0/task:0/device:MUSA:0,11.0,0.011
cLE9q3kPJG,Sum,/job:localhost/replica:0/task:0/device:MUSA:0,11.0,0.011
XRoxy1pDj0,Slice,/job:localhost/replica:0/task:0/device:MUSA:0,11.0,0.011
NQZgT91vu7,Slice,/job:localhost/replica:0/task:0/device:MUSA:0,11.0,0.011
aV4SEr8nGT,Slice,/job:localhost/replica:0/task:0/device:MUSA:0,11.0,0.011
7svH954yTC,Slice,/job:localhost/replica:0/task:0/device:MUSA:0,11.0,0.011
1z8IORyDe9,Slice,/job:localhost/replica:0/task:0/device:MUSA:0,11.0,0.011
WEdjJIBeG6,Slice,/job:localhost/replica:0/task:0/device:MUSA:0,11.0,0.011
5pjr2XutOm,RandomUniform,/job:localhost/replica:0/task:0/device:MUSA:0,11.0,0.011
Uivh4F5nVE,Slice,/job:localhost/replica:0/task:0/device:MUSA:0,11.0,0.011
aOpCHyedZX,Slice,/job:localhost/replica:0/task:0/device:MUSA:0,11.0,0.011
ugelSK1hB9,Slice,/job:localhost/replica:0/task:0/device:MUSA:0,11.0,0.011
QFGiTKEJwt,Slice,/job:localhost/replica:0/task:0/device:MUSA:0,11.0,0.011
FemJWE6yRB,Slice,/job:localhost/replica:0/task:0/device:MUSA:0,11.0,0.011
bpgzi4AkFL,Slice,/job:localhost/replica:0/task:0/device:MUSA:0,11.0,0.011
74udYa1Iov,Slice,/job:localhost/replica:0/task:0/device:MUSA:0,11.0,0.011
znj0PX8ZQJ,Slice,/job:localhost/replica:0/task:0/device:MUSA:0,11.0,0.011
kAgyd3DBOz,Slice,/job:localhost/replica:0/task:0/device:MUSA:0,11.0,0.011
Y9yRDWbIaH,Slice,/job:localhost/replica:0/task:0/device:MUSA:0,11.0,0.011
9SpLGXAIok,Slice,/job:localhost/replica:0/task:0/device:MUSA:0,11.0,0.011
jV2EpLtavA,Pow,/job:localhost/replica:0/task:0/device:MUSA:0,11.0,0.011
on9BEcNVxT,Slice,/job:localhost/replica:0/task:0/device:MUSA:0,11.0,0.011
0gfHSnTsUo,Slice,/job:localhost/replica:0/task:0/device:MUSA:0,11.0,0.011
tIQ8BlyowC,Slice,/job:localhost/replica:0/task:0/device:MUSA:0,11.0,0.011
dARXGtewYL,Slice,/job:localhost/replica:0/task:0/device:MUSA:0,11.0,0.011
yljZUzDHKt,Add,/job:localhost/replica:0/task:0/device:MUSA:0,11.0,0.011
oIw4SzMPDb,Slice,/job:localhost/replica:0/task:0/device:MUSA:0,11.0,0.011
dFhx7yE8ep,Slice,/job:localhost/replica:0/task:0/device:MUSA:0,11.0,0.011
er89pktRJD,Slice,/job:localhost/replica:0/task:0/device:MUSA:0,11.0,0.011
B1SItK45Ne,Slice,/job:localhost/replica:0/task:0/device:MUSA:0,11.0,0.011
3qWPuwdhUV,Slice,/job:localhost/replica:0/task:0/device:MUSA:0,11.0,0.011
vjGkhmHI4o,Slice,/job:localhost/replica:0/task:0/device:MUSA:0,11.0,0.011
pScRibgTDu,Slice,/job:localhost/replica:0/task:0/device:MUSA:0,11.0,0.011
rEova9nLJ5,Slice,/job:localhost/replica:0/task:0/device:MUSA:0,11.0,0.011
FajsSMvL5B,Slice,/job:localhost/replica:0/task:0/device:MUSA:0,11.0,0.011
7gLjOWAZ4U,Prod,/job:localhost/replica:0/task:0/device:MUSA:0,11.0,0.011
vuPCWNBH9s,Sub,/job:localhost/replica:0/task:0/device:MUSA:0,11.0,0.011
v80sW9VzK1,AddV2,/job:localhost/replica:0/task:0/device:MUSA:0,11.0,0.011
ayeTWN63Dd,Fill,/job:localhost/replica:0/task:0/device:MUSA:0,11.0,0.011
c0UgRld1If,Less,/job:localhost/replica:0/task:0/device:MUSA:0,11.0,0.011
IR8taZDhb2,Select,/job:localhost/replica:0/task:0/device:MUSA:0,11.0,0.011
ueqXcLFEMV,RandomUniform,/job:localhost/replica:0/task:0/device:MUSA:0,11.0,0.011
WRxmnjlO01,RealDiv,/job:localhost/replica:0/task:0/device:MUSA:0,11.0,0.011
jTHu9db7VJ,AddV2,/job:localhost/replica:0/task:0/device:MUSA:0,11.0,0.011
SEezP79BAv,SquaredDifference,/job:localhost/replica:0/task:0/device:MUSA:0,11.0,0.011
LO3tbkrPjS,Pow,/job:localhost/replica:0/task:0/device:MUSA:0,11.0,0.011
WZrhX5CoNY,Transpose,/job:localhost/replica:0/task:0/device:MUSA:0,11.0,0.011
OrqL3JQbxs,MatMul,/job:localhost/replica:0/task:0/device:MUSA:0,11.0,0.011
GCgdNwK8om,Mul,/job:localhost/replica:0/task:0/device:MUSA:0,11.0,0.011
GduD36fzZm,Mul,/job:localhost/replica:0/task:0/device:MUSA:0,11.0,0.011
WsyP4wJ8kM,Pack,/job:localhost/replica:0/task:0/device:MUSA:0,11.0,0.011
MqtQwaSIzA,Pack,/job:localhost/replica:0/task:0/device:MUSA:0,11.0,0.011
koEic7hDjy,Pack,/job:localhost/replica:0/task:0/device:MUSA:0,11.0,0.011
s2iUhOTD3X,Add,/job:localhost/replica:0/task:0/device:MUSA:0,11.0,0.011
rRZEMCNXuG,Add,/job:localhost/replica:0/task:0/device:MUSA:0,11.0,0.011
lLyFMIQqfn,Sub,/job:localhost/replica:0/task:0/device:MUSA:0,11.0,0.011
y7CKpY2D18,Add,/job:localhost/replica:0/task:0/device:MUSA:0,11.0,0.011
tRODs50hST,MatMul,/job:localhost/replica:0/task:0/device:MUSA:0,11.0,0.011
DG4a86qwAY,Pow,/job:localhost/replica:0/task:0/device:MUSA:0,11.0,0.011
Wb2M4Z9owx,Sub,/job:localhost/replica:0/task:0/device:MUSA:0,11.0,0.011
kG8UJQg1aZ,Sub,/job:localhost/replica:0/task:0/device:MUSA:0,11.0,0.011
RnBga54bxA,RealDiv,/job:localhost/replica:0/task:0/device:MUSA:0,11.0,0.011
6tE3W2oP7f,Reshape,/job:localhost/replica:0/task:0/device:MUSA:0,11.0,0.011
9UeT4clMfa,Pack,/job:localhost/replica:0/task:0/device:MUSA:0,11.0,0.011
kLUFv89G3m,Pow,/job:localhost/replica:0/task:0/device:MUSA:0,11.0,0.011
Utfq4oigPN,Pow,/job:localhost/replica:0/task:0/device:MUSA:0,11.0,0.011
riTRJhtS2C,MatMul,/job:localhost/replica:0/task:0/device:MUSA:0,11.0,0.011
WcTaQxkYID,MatMul,/job:localhost/replica:0/task:0/device:MUSA:0,11.0,0.011
f8Tv4oRNpW,Pack,/job:localhost/replica:0/task:0/device:MUSA:0,11.0,0.011
X86KxLNti2,Unpack,/job:localhost/replica:0/task:0/device:MUSA:0,11.0,0.011
PGWp5nXx3v,Unpack,/job:localhost/replica:0/task:0/device:MUSA:0,11.0,0.011
fNbqRtj13d,Pow,/job:localhost/replica:0/task:0/device:MUSA:0,11.0,0.011
FBCwULnq2P,RealDiv,/job:localhost/replica:0/task:0/device:MUSA:0,11.0,0.011
vNzck3ybwp,Pow,/job:localhost/replica:0/task:0/device:MUSA:0,11.0,0.011
lw5gmjWnJh,MatMul,/job:localhost/replica:0/task:0/device:MUSA:0,11.0,0.011
3upSr6EkL4,MatMul,/job:localhost/replica:0/task:0/device:MUSA:0,11.0,0.011
YnT9pW17Lz,Pack,/job:localhost/replica:0/task:0/device:MUSA:0,11.0,0.011
rms4xt3IXk,Add,/job:localhost/replica:0/task:0/device:MUSA:0,11.0,0.011
l8b5kHXsge,Pow,/job:localhost/replica:0/task:0/device:MUSA:0,11.0,0.011
bxFyWGc47I,Sub,/job:localhost/replica:0/task:0/device:MUSA:0,11.0,0.011
8wPBa6WAFe,Pow,/job:localhost/replica:0/task:0/device:MUSA:0,11.0,0.011
1mh2ZqlroF,Sub,/job:localhost/replica:0/task:0/device:MUSA:0,11.0,0.011
VF9AiIjhXc,Unpack,/job:localhost/replica:0/task:0/device:MUSA:0,11.0,0.011
BubLIPlpRv,Pack,/job:localhost/replica:0/task:0/device:MUSA:0,11.0,0.011
Ggew2S67R5,Unpack,/job:localhost/replica:0/task:0/device:MUSA:0,11.0,0.011
bFYktJ8NWp,Pack,/job:localhost/replica:0/task:0/device:MUSA:0,11.0,0.011
G49HE8mTIC,Sub,/job:localhost/replica:0/task:0/device:MUSA:0,11.0,0.011
qpYnl9UAaM,Pow,/job:localhost/replica:0/task:0/device:MUSA:0,11.0,0.011
4CMqaT0grl,Pow,/job:localhost/replica:0/task:0/device:MUSA:0,11.0,0.011
7n0YNLUxlJ,Tile,/job:localhost/replica:0/task:0/device:MUSA:0,11.0,0.011
mt5sQ8OyP6,RealDiv,/job:localhost/replica:0/task:0/device:MUSA:0,11.0,0.011
zRuWYtlrdX,Tile,/job:localhost/replica:0/task:0/device:MUSA:0,11.0,0.011
zq9x6lyAav,Sub,/job:localhost/replica:0/task:0/device:MUSA:0,11.0,0.011
qV1MC3Wlmh,ConcatV2,/job:localhost/replica:0/task:0/device:MUSA:0,11.0,0.011
w7jrmF2Zti,Tile,/job:localhost/replica:0/task:0/device:MUSA:0,11.0,0.011
MJ23KnZgtY,Unpack,/job:localhost/replica:0/task:0/device:MUSA:0,11.0,0.011
bO6L0fWe5d,Unpack,/job:localhost/replica:0/task:0/device:MUSA:0,11.0,0.011
xQFen6EzZK,Unpack,/job:localhost/replica:0/task:0/device:MUSA:0,11.0,0.011
ZEKkGLcYBg,Pack,/job:localhost/replica:0/task:0/device:MUSA:0,11.0,0.011
AInbmhME1c,Pack,/job:localhost/replica:0/task:0/device:MUSA:0,11.0,0.011
Uq7P1HQFxL,Unpack,/job:localhost/replica:0/task:0/device:MUSA:0,11.0,0.011
9zYj1DeOkZ,RealDiv,/job:localhost/replica:0/task:0/device:MUSA:0,11.0,0.011
DFnBHzPf7i,Relu,/job:localhost/replica:0/task:0/device:MUSA:0,11.0,0.011
maAO6Ewqpi,RealDiv,/job:localhost/replica:0/task:0/device:MUSA:0,11.0,0.011
y5UBL2xeJN,Unpack,/job:localhost/replica:0/task:0/device:MUSA:0,11.0,0.011
Q2xVOpv87P,Unpack,/job:localhost/replica:0/task:0/device:MUSA:0,11.0,0.011
tSQHAwImTK,Unpack,/job:localhost/replica:0/task:0/device:MUSA:0,11.0,0.011
EKH9ntIwx5,Unpack,/job:localhost/replica:0/task:0/device:MUSA:0,11.0,0.011
RtP6s5Qda9,RealDiv,/job:localhost/replica:0/task:0/device:MUSA:0,11.0,0.011
16FSsxXIUn,Sub,/job:localhost/replica:0/task:0/device:MUSA:0,11.0,0.011
7Dq436JZOP,Mean,/job:localhost/replica:0/task:0/device:MUSA:0,11.0,0.011
jFdia1M6mJ,SplitV,/job:localhost/replica:0/task:0/device:MUSA:0,11.0,0.011
MVNDX9maEQ,Sub,/job:localhost/replica:0/task:0/device:MUSA:0,11.0,0.011
nA38pvL6OI,Pow,/job:localhost/replica:0/task:0/device:MUSA:0,11.0,0.011
cO9BfxsqGL,RealDiv,/job:localhost/replica:0/task:0/device:MUSA:0,11.0,0.011
1Gf6q9tjcu,AddV2,/job:localhost/replica:0/task:0/device:MUSA:0,11.0,0.011
YUZGRj92ID,ZerosLike,/job:localhost/replica:0/task:0/device:MUSA:0,11.0,0.011
nyW7RDBKHJ,RealDiv,/job:localhost/replica:0/task:0/device:MUSA:0,11.0,0.011
FfgKrwtVjv,Relu,/job:localhost/replica:0/task:0/device:MUSA:0,11.0,0.011
c1Ef8bP0Rz,AddV2,/job:localhost/replica:0/task:0/device:MUSA:0,11.0,0.011
6oasv82iNQ,StridedSlice,/job:localhost/replica:0/task:0/device:MUSA:0,11.0,0.011
eFTWiXpV02,ConcatV2,/job:localhost/replica:0/task:0/device:MUSA:0,11.0,0.011
0nVTb2M9Ro,Sub,/job:localhost/replica:0/task:0/device:MUSA:0,11.0,0.011
1do4uTtEqV,Pow,/job:localhost/replica:0/task:0/device:MUSA:0,11.0,0.011
ZwLSaODqC8,RealDiv,/job:localhost/replica:0/task:0/device:MUSA:0,11.0,0.011
NJohfHjExT,GreaterEqual,/job:localhost/replica:0/task:0/device:MUSA:0,11.0,0.011
UJ1hurkRxT,Select,/job:localhost/replica:0/task:0/device:MUSA:0,11.0,0.011
Mxtw1vrgRc,Exp,/job:localhost/replica:0/task:0/device:MUSA:0,11.0,0.011
1rpohfjJy4,Const,/job:localhost/replica:0/task:0/device:MUSA:0,10.0,0.01
SfKJI5aysX,Const,/job:localhost/replica:0/task:0/device:MUSA:0,10.0,0.01
CrXPwM7W3y,Reshape,/job:localhost/replica:0/task:0/device:MUSA:0,10.0,0.01
7BZnr8hY4J,Reshape,/job:localhost/replica:0/task:0/device:MUSA:0,10.0,0.01
Y5ma0On1dj,AddV2,/job:localhost/replica:0/task:0/device:MUSA:0,10.0,0.01
uLhqUv8ndf,Reshape,/job:localhost/replica:0/task:0/device:MUSA:0,10.0,0.01
Eeaj9gSkTb,Reshape,/job:localhost/replica:0/task:0/device:MUSA:0,10.0,0.01
q082JPKTBC,Reshape,/job:localhost/replica:0/task:0/device:MUSA:0,10.0,0.01
lGQTBKHSjN,Const,/job:localhost/replica:0/task:0/device:MUSA:0,10.0,0.01
yvk35TIXGS,Const,/job:localhost/replica:0/task:0/device:MUSA:0,10.0,0.01
vctukIHJjY,Const,/job:localhost/replica:0/task:0/device:MUSA:0,10.0,0.01
w6Xzft3IWD,Const,/job:localhost/replica:0/task:0/device:MUSA:0,10.0,0.01
ConstantFolding/W5PsY18AyF_const_axis,Pack,/job:localhost/replica:0/task:0/device:MUSA:0,10.0,0.01
fhU70TOvN9,Slice,/job:localhost/replica:0/task:0/device:MUSA:0,10.0,0.01
VwvlZ0iN1A,Fill,/job:localhost/replica:0/task:0/device:MUSA:0,10.0,0.01
unvEOB025F,Slice,/job:localhost/replica:0/task:0/device:MUSA:0,10.0,0.01
zI8AXoSMYW,Slice,/job:localhost/replica:0/task:0/device:MUSA:0,10.0,0.01
GdVcuX9hrv,Slice,/job:localhost/replica:0/task:0/device:MUSA:0,10.0,0.01
AQwoJCpUsP,Slice,/job:localhost/replica:0/task:0/device:MUSA:0,10.0,0.01
Vkq8gWapoM,Slice,/job:localhost/replica:0/task:0/device:MUSA:0,10.0,0.01
rU0ylcXZik,Slice,/job:localhost/replica:0/task:0/device:MUSA:0,10.0,0.01
g7zwoXNDKp,Slice,/job:localhost/replica:0/task:0/device:MUSA:0,10.0,0.01
0rQIU4JWKv,Slice,/job:localhost/replica:0/task:0/device:MUSA:0,10.0,0.01
mf7laqeIOY,Slice,/job:localhost/replica:0/task:0/device:MUSA:0,10.0,0.01
rNxby0TVCW,Slice,/job:localhost/replica:0/task:0/device:MUSA:0,10.0,0.01
aRkoITjVFd,Reshape,/job:localhost/replica:0/task:0/device:MUSA:0,10.0,0.01
bznc72GJKA,Slice,/job:localhost/replica:0/task:0/device:MUSA:0,10.0,0.01
ceSJsaMx8b,Slice,/job:localhost/replica:0/task:0/device:MUSA:0,10.0,0.01
NYu4iqy1v6,Slice,/job:localhost/replica:0/task:0/device:MUSA:0,10.0,0.01
53sWjZMicY,Slice,/job:localhost/replica:0/task:0/device:MUSA:0,10.0,0.01
HBmqQKzLyv,Slice,/job:localhost/replica:0/task:0/device:MUSA:0,10.0,0.01
IcB6E7seyf,Slice,/job:localhost/replica:0/task:0/device:MUSA:0,10.0,0.01
34IyDKEmT1,Slice,/job:localhost/replica:0/task:0/device:MUSA:0,10.0,0.01
hDlT6tkoVm,Slice,/job:localhost/replica:0/task:0/device:MUSA:0,10.0,0.01
TZ5IAv1Lir,Slice,/job:localhost/replica:0/task:0/device:MUSA:0,10.0,0.01
DKk3r5vTy8,Slice,/job:localhost/replica:0/task:0/device:MUSA:0,10.0,0.01
wNQvfaebAn,Slice,/job:localhost/replica:0/task:0/device:MUSA:0,10.0,0.01
RjP8axU0lz,Less,/job:localhost/replica:0/task:0/device:MUSA:0,10.0,0.01
ocqtIEm1NF,Slice,/job:localhost/replica:0/task:0/device:MUSA:0,10.0,0.01
fJ1a5yQRDH,Slice,/job:localhost/replica:0/task:0/device:MUSA:0,10.0,0.01
erPuGF3cW1,Slice,/job:localhost/replica:0/task:0/device:MUSA:0,10.0,0.01
ehTyL8F1ir,Slice,/job:localhost/replica:0/task:0/device:MUSA:0,10.0,0.01
PX42FBepf6,Slice,/job:localhost/replica:0/task:0/device:MUSA:0,10.0,0.01
Zm9Ed26Qu5,Slice,/job:localhost/replica:0/task:0/device:MUSA:0,10.0,0.01
N6iO4bZVoa,Slice,/job:localhost/replica:0/task:0/device:MUSA:0,10.0,0.01
NrWLyFZ4M3,Slice,/job:localhost/replica:0/task:0/device:MUSA:0,10.0,0.01
mapcjnOC67,Slice,/job:localhost/replica:0/task:0/device:MUSA:0,10.0,0.01
M5LbhdxRGW,Slice,/job:localhost/replica:0/task:0/device:MUSA:0,10.0,0.01
aD1PCZN65U,Slice,/job:localhost/replica:0/task:0/device:MUSA:0,10.0,0.01
dQJgGbWZYp,Slice,/job:localhost/replica:0/task:0/device:MUSA:0,10.0,0.01
SBfOTpVRFt,Slice,/job:localhost/replica:0/task:0/device:MUSA:0,10.0,0.01
JSXQvKPOa3,Slice,/job:localhost/replica:0/task:0/device:MUSA:0,10.0,0.01
5sMIL4kYRu,Slice,/job:localhost/replica:0/task:0/device:MUSA:0,10.0,0.01
MHbeTRiXyz,Slice,/job:localhost/replica:0/task:0/device:MUSA:0,10.0,0.01
hSyCMRgxpB,Slice,/job:localhost/replica:0/task:0/device:MUSA:0,10.0,0.01
byuqPkDXQV,Slice,/job:localhost/replica:0/task:0/device:MUSA:0,10.0,0.01
yR3JMIDXsq,Slice,/job:localhost/replica:0/task:0/device:MUSA:0,10.0,0.01
RvfGjbJowS,Slice,/job:localhost/replica:0/task:0/device:MUSA:0,10.0,0.01
tCk4cr3Wbo,Slice,/job:localhost/replica:0/task:0/device:MUSA:0,10.0,0.01
pfG7XHzK85,Slice,/job:localhost/replica:0/task:0/device:MUSA:0,10.0,0.01
hRjpi8mFCe,Slice,/job:localhost/replica:0/task:0/device:MUSA:0,10.0,0.01
MrQA0VUP5z,Slice,/job:localhost/replica:0/task:0/device:MUSA:0,10.0,0.01
QpKJI9CPVW,Slice,/job:localhost/replica:0/task:0/device:MUSA:0,10.0,0.01
94dTLXfIsz,Slice,/job:localhost/replica:0/task:0/device:MUSA:0,10.0,0.01
HrIJKphzZR,Slice,/job:localhost/replica:0/task:0/device:MUSA:0,10.0,0.01
0RkpaSxwCi,Slice,/job:localhost/replica:0/task:0/device:MUSA:0,10.0,0.01
tTEQK5SAdz,Slice,/job:localhost/replica:0/task:0/device:MUSA:0,10.0,0.01
0b3co7VrJG,Slice,/job:localhost/replica:0/task:0/device:MUSA:0,10.0,0.01
8IbUOxzKXi,Slice,/job:localhost/replica:0/task:0/device:MUSA:0,10.0,0.01
BsMiZzp6AL,Slice,/job:localhost/replica:0/task:0/device:MUSA:0,10.0,0.01
mql5kHNiur,Slice,/job:localhost/replica:0/task:0/device:MUSA:0,10.0,0.01
n3VXUAN9bE,Slice,/job:localhost/replica:0/task:0/device:MUSA:0,10.0,0.01
9uRLETqnk7,Slice,/job:localhost/replica:0/task:0/device:MUSA:0,10.0,0.01
lcNBM6x0E2,Slice,/job:localhost/replica:0/task:0/device:MUSA:0,10.0,0.01
lfyLwNOGgm,Slice,/job:localhost/replica:0/task:0/device:MUSA:0,10.0,0.01
uzyhwxJRCn,Slice,/job:localhost/replica:0/task:0/device:MUSA:0,10.0,0.01
E4eJbtrTaI,Slice,/job:localhost/replica:0/task:0/device:MUSA:0,10.0,0.01
m920ljYBQb,Slice,/job:localhost/replica:0/task:0/device:MUSA:0,10.0,0.01
O6Qfz0gYtj,Slice,/job:localhost/replica:0/task:0/device:MUSA:0,10.0,0.01
zOKjPQmVth,Slice,/job:localhost/replica:0/task:0/device:MUSA:0,10.0,0.01
NXrKlZmkIt,Slice,/job:localhost/replica:0/task:0/device:MUSA:0,10.0,0.01
IEi8vkK3Gg,Slice,/job:localhost/replica:0/task:0/device:MUSA:0,10.0,0.01
bz8NZcmYuQ,Slice,/job:localhost/replica:0/task:0/device:MUSA:0,10.0,0.01
0GPM93r28y,Slice,/job:localhost/replica:0/task:0/device:MUSA:0,10.0,0.01
tAJwovrL6y,Slice,/job:localhost/replica:0/task:0/device:MUSA:0,10.0,0.01
Z4Rzit7Elm,Slice,/job:localhost/replica:0/task:0/device:MUSA:0,10.0,0.01
a390NUph4j,Slice,/job:localhost/replica:0/task:0/device:MUSA:0,10.0,0.01
sQyZiqxYB1,Slice,/job:localhost/replica:0/task:0/device:MUSA:0,10.0,0.01
kS1UJ2cvXT,Slice,/job:localhost/replica:0/task:0/device:MUSA:0,10.0,0.01
Zb80jHzeTK,Slice,/job:localhost/replica:0/task:0/device:MUSA:0,10.0,0.01
TDPl3GAswq,Slice,/job:localhost/replica:0/task:0/device:MUSA:0,10.0,0.01
ZAjKqz2QpX,Slice,/job:localhost/replica:0/task:0/device:MUSA:0,10.0,0.01
8sBmY3aZcC,Slice,/job:localhost/replica:0/task:0/device:MUSA:0,10.0,0.01
ClSNXP2bps,RealDiv,/job:localhost/replica:0/task:0/device:MUSA:0,10.0,0.01
TmeVLDBuGv,Slice,/job:localhost/replica:0/task:0/device:MUSA:0,10.0,0.01
OldIchmW1X,Slice,/job:localhost/replica:0/task:0/device:MUSA:0,10.0,0.01
Z5vw8XTxWP,Slice,/job:localhost/replica:0/task:0/device:MUSA:0,10.0,0.01
S7wzrgPGoQ,Slice,/job:localhost/replica:0/task:0/device:MUSA:0,10.0,0.01
zVgMp40NXT,Slice,/job:localhost/replica:0/task:0/device:MUSA:0,10.0,0.01
F9yVWhxEd0,Slice,/job:localhost/replica:0/task:0/device:MUSA:0,10.0,0.01
THK9QOa3MA,Slice,/job:localhost/replica:0/task:0/device:MUSA:0,10.0,0.01
f2JNPeS8g9,Slice,/job:localhost/replica:0/task:0/device:MUSA:0,10.0,0.01
3dgcO2hAzI,Slice,/job:localhost/replica:0/task:0/device:MUSA:0,10.0,0.01
xoWa3KqOEF,RandomUniform,/job:localhost/replica:0/task:0/device:MUSA:0,10.0,0.01
fKVJPAouSi,Slice,/job:localhost/replica:0/task:0/device:MUSA:0,10.0,0.01
cf3DzN1eB5,Pow,/job:localhost/replica:0/task:0/device:MUSA:0,10.0,0.01
15cOd9bjXK,Add,/job:localhost/replica:0/task:0/device:MUSA:0,10.0,0.01
u0MbgTUesz,RealDiv,/job:localhost/replica:0/task:0/device:MUSA:0,10.0,0.01
4NVm6gnHuf,Slice,/job:localhost/replica:0/task:0/device:MUSA:0,10.0,0.01
WkgIjlVwvB,Fill,/job:localhost/replica:0/task:0/device:MUSA:0,10.0,0.01
9U2xrtiSlF,ConcatV2,/job:localhost/replica:0/task:0/device:MUSA:0,10.0,0.01
3fJ1Rr2Uxp,Fill,/job:localhost/replica:0/task:0/device:MUSA:0,10.0,0.01
L65PR8oDe1,Fill,/job:localhost/replica:0/task:0/device:MUSA:0,10.0,0.01
8oWh5OgX7b,Less,/job:localhost/replica:0/task:0/device:MUSA:0,10.0,0.01
SdXNFq6PMW,Add,/job:localhost/replica:0/task:0/device:MUSA:0,10.0,0.01
GEjHBd15mU,Fill,/job:localhost/replica:0/task:0/device:MUSA:0,10.0,0.01
nwxBMZV061,RealDiv,/job:localhost/replica:0/task:0/device:MUSA:0,10.0,0.01
o94gif6Vt1,Prod,/job:localhost/replica:0/task:0/device:MUSA:0,10.0,0.01
SgDMbXcqsf,Log,/job:localhost/replica:0/task:0/device:MUSA:0,10.0,0.01
v1wkmyNURe,Sub,/job:localhost/replica:0/task:0/device:MUSA:0,10.0,0.01
NsLb10VuI9,MatMul,/job:localhost/replica:0/task:0/device:MUSA:0,10.0,0.01
1PLiEXzhw0,MatMul,/job:localhost/replica:0/task:0/device:MUSA:0,10.0,0.01
TmtQgGyFHI,RealDiv,/job:localhost/replica:0/task:0/device:MUSA:0,10.0,0.01
msTK9SikqF,Pow,/job:localhost/replica:0/task:0/device:MUSA:0,10.0,0.01
J0EAtgxK8v,Mul,/job:localhost/replica:0/task:0/device:MUSA:0,10.0,0.01
sKfAhRP5I6,Sub,/job:localhost/replica:0/task:0/device:MUSA:0,10.0,0.01
RGUov9B4Vs,Neg,/job:localhost/replica:0/task:0/device:MUSA:0,10.0,0.01
Bn0lR5qjm7,Pow,/job:localhost/replica:0/task:0/device:MUSA:0,10.0,0.01
PD1sTX5HSk,MatMul,/job:localhost/replica:0/task:0/device:MUSA:0,10.0,0.01
6EqCOAXIh3,Pow,/job:localhost/replica:0/task:0/device:MUSA:0,10.0,0.01
PS6yiAo23F,MatMul,/job:localhost/replica:0/task:0/device:MUSA:0,10.0,0.01
FsBl3g60Em,Add,/job:localhost/replica:0/task:0/device:MUSA:0,10.0,0.01
mMpbiC4YWQ,RealDiv,/job:localhost/replica:0/task:0/device:MUSA:0,10.0,0.01
PBKol2pmxs,Pack,/job:localhost/replica:0/task:0/device:MUSA:0,10.0,0.01
HudsPR3EbV,RealDiv,/job:localhost/replica:0/task:0/device:MUSA:0,10.0,0.01
6qbnI9DcKv,Log,/job:localhost/replica:0/task:0/device:MUSA:0,10.0,0.01
qY1jXZm0cu,Mul,/job:localhost/replica:0/task:0/device:MUSA:0,10.0,0.01
evX8Va5SH4,Pack,/job:localhost/replica:0/task:0/device:MUSA:0,10.0,0.01
wZv5DGsxnF,MatMul,/job:localhost/replica:0/task:0/device:MUSA:0,10.0,0.01
kRdGPCSXxZ,Unpack,/job:localhost/replica:0/task:0/device:MUSA:0,10.0,0.01
gLbVlIsu43,RealDiv,/job:localhost/replica:0/task:0/device:MUSA:0,10.0,0.01
uxn5teGSVb,Pack,/job:localhost/replica:0/task:0/device:MUSA:0,10.0,0.01
2zPACTsNfW,RealDiv,/job:localhost/replica:0/task:0/device:MUSA:0,10.0,0.01
X1sGIl9Rze,RealDiv,/job:localhost/replica:0/task:0/device:MUSA:0,10.0,0.01
cANoBICPt0,Sub,/job:localhost/replica:0/task:0/device:MUSA:0,10.0,0.01
DA4smCvrno,Log,/job:localhost/replica:0/task:0/device:MUSA:0,10.0,0.01
O3oGVMuaUv,Pow,/job:localhost/replica:0/task:0/device:MUSA:0,10.0,0.01
9MJIHRcusy,Sub,/job:localhost/replica:0/task:0/device:MUSA:0,10.0,0.01
1OJMdsFDLZ,RealDiv,/job:localhost/replica:0/task:0/device:MUSA:0,10.0,0.01
rsILoTKjZO,RealDiv,/job:localhost/replica:0/task:0/device:MUSA:0,10.0,0.01
2150Q9CYyA,Reshape,/job:localhost/replica:0/task:0/device:MUSA:0,10.0,0.01
zmiYW6u73R,MatMul,/job:localhost/replica:0/task:0/device:MUSA:0,10.0,0.01
2AcYfBnPyC,Mul,/job:localhost/replica:0/task:0/device:MUSA:0,10.0,0.01
j4IB7bKN2O,Pow,/job:localhost/replica:0/task:0/device:MUSA:0,10.0,0.01
GL84xicBoe,Sub,/job:localhost/replica:0/task:0/device:MUSA:0,10.0,0.01
iaUxVQ8GAe,Pow,/job:localhost/replica:0/task:0/device:MUSA:0,10.0,0.01
oXxQYDCWBi,MatMul,/job:localhost/replica:0/task:0/device:MUSA:0,10.0,0.01
osgwxfuQhj,Pack,/job:localhost/replica:0/task:0/device:MUSA:0,10.0,0.01
EgsM49ujrO,Pack,/job:localhost/replica:0/task:0/device:MUSA:0,10.0,0.01
kYD3XgVRF5,Pack,/job:localhost/replica:0/task:0/device:MUSA:0,10.0,0.01
MH9cr5vbEQ,Sub,/job:localhost/replica:0/task:0/device:MUSA:0,10.0,0.01
XzjCvFLkPH,MatMul,/job:localhost/replica:0/task:0/device:MUSA:0,10.0,0.01
Rz6xpo0d8a,Tile,/job:localhost/replica:0/task:0/device:MUSA:0,10.0,0.01
PMFQBiHDoc,Reshape,/job:localhost/replica:0/task:0/device:MUSA:0,10.0,0.01
MaG8lOmBQA,Unpack,/job:localhost/replica:0/task:0/device:MUSA:0,10.0,0.01
0FlzQf2pac,Pack,/job:localhost/replica:0/task:0/device:MUSA:0,10.0,0.01
GMNzldrRiA,Unpack,/job:localhost/replica:0/task:0/device:MUSA:0,10.0,0.01
xUWX0wZ4vp,Pack,/job:localhost/replica:0/task:0/device:MUSA:0,10.0,0.01
kZsFfouhc7,Relu,/job:localhost/replica:0/task:0/device:MUSA:0,10.0,0.01
hl4mQeGzIH,Pack,/job:localhost/replica:0/task:0/device:MUSA:0,10.0,0.01
GorZniVcUE,Unpack,/job:localhost/replica:0/task:0/device:MUSA:0,10.0,0.01
4r5FvExbVp,Mean,/job:localhost/replica:0/task:0/device:MUSA:0,10.0,0.01
4pCyY3Dk8e,Add,/job:localhost/replica:0/task:0/device:MUSA:0,10.0,0.01
LQ91PVWXoq,Sub,/job:localhost/replica:0/task:0/device:MUSA:0,10.0,0.01
bEzhs6LOMc,Sub,/job:localhost/replica:0/task:0/device:MUSA:0,10.0,0.01
FPVpe46btH,Mean,/job:localhost/replica:0/task:0/device:MUSA:0,10.0,0.01
eRUwDKkZzJ,ConcatV2,/job:localhost/replica:0/task:0/device:MUSA:0,10.0,0.01
LzVse2Opgv,Pack,/job:localhost/replica:0/task:0/device:MUSA:0,10.0,0.01
mx0yWXRZoY,Mul,/job:localhost/replica:0/task:0/device:MUSA:0,10.0,0.01
ufUHPQcL6D,ConcatV2,/job:localhost/replica:0/task:0/device:MUSA:0,10.0,0.01
NxvWhzB3TV,Mean,/job:localhost/replica:0/task:0/device:MUSA:0,10.0,0.01
qJTu65Ls4d,Add,/job:localhost/replica:0/task:0/device:MUSA:0,10.0,0.01
TrV1xGgkEv,ConcatV2,/job:localhost/replica:0/task:0/device:MUSA:0,10.0,0.01
bR6j2GzvK7,MatMul,/job:localhost/replica:0/task:0/device:MUSA:0,10.0,0.01
967lZXTbCD,Rsqrt,/job:localhost/replica:0/task:0/device:MUSA:0,10.0,0.01
qeXzR5rwoH,Pow,/job:localhost/replica:0/task:0/device:MUSA:0,10.0,0.01
fxvmNKdOhM,Pow,/job:localhost/replica:0/task:0/device:MUSA:0,10.0,0.01
en2C7lKzqS,Mean,/job:localhost/replica:0/task:0/device:MUSA:0,10.0,0.01
FWKh7G391u,Pack,/job:localhost/replica:0/task:0/device:MUSA:0,10.0,0.01
Vn2eUiH4qF,MatMul,/job:localhost/replica:0/task:0/device:MUSA:0,10.0,0.01
u5UmAOtlE2,Mul,/job:localhost/replica:0/task:0/device:MUSA:0,10.0,0.01
TydFDOoJlR,Log1p,/job:localhost/replica:0/task:0/device:MUSA:0,10.0,0.01
bVkBFiIHQu,Sigmoid,/job:localhost/replica:0/task:0/device:MUSA:0,10.0,0.01
uwFxNsPvBo,Mean,/job:localhost/replica:0/task:0/device:MUSA:0,10.0,0.01
abBimeLqk8,Rsqrt,/job:localhost/replica:0/task:0/device:MUSA:0,10.0,0.01
UfakpLDRw3,Select,/job:localhost/replica:0/task:0/device:MUSA:0,10.0,0.01
u4wqaDJN3K,Const,/job:localhost/replica:0/task:0/device:MUSA:0,9.0,0.009
weX3nyIHdS,Reshape,/job:localhost/replica:0/task:0/device:MUSA:0,9.0,0.009
nr5B64a7gX,Const,/job:localhost/replica:0/task:0/device:MUSA:0,9.0,0.009
bdRrAT7IpK,Const,/job:localhost/replica:0/task:0/device:MUSA:0,9.0,0.009
D0Gh92mVAY,Const,/job:localhost/replica:0/task:0/device:MUSA:0,9.0,0.009
WYsxJbRIlL,Reshape,/job:localhost/replica:0/task:0/device:MUSA:0,9.0,0.009
3dmgqNHYXM,Reshape,/job:localhost/replica:0/task:0/device:MUSA:0,9.0,0.009
5OPAvqLDpU,Shape,/job:localhost/replica:0/task:0/device:MUSA:0,9.0,0.009
X5sJdWYjRc,Const,/job:localhost/replica:0/task:0/device:MUSA:0,9.0,0.009
EhKoZ26Xwz,Const,/job:localhost/replica:0/task:0/device:MUSA:0,9.0,0.009
teiXHwlLW1,Const,/job:localhost/replica:0/task:0/device:MUSA:0,9.0,0.009
CjuBiT58aI,Const,/job:localhost/replica:0/task:0/device:MUSA:0,9.0,0.009
qsbDJ48Wm5,Const,/job:localhost/replica:0/task:0/device:MUSA:0,9.0,0.009
tLmyuxRkv5,Maximum,/job:localhost/replica:0/task:0/device:MUSA:0,9.0,0.009
hVDL0NU31p,ZerosLike,/job:localhost/replica:0/task:0/device:MUSA:0,9.0,0.009
NJxOe8Q6HA,Shape,/job:localhost/replica:0/task:0/device:MUSA:0,9.0,0.009
JxqRjseghK,Tanh,/job:localhost/replica:0/task:0/device:MUSA:0,9.0,0.009
ConstantFolding/DUK43MwyJs_const_axis,Pack,/job:localhost/replica:0/task:0/device:MUSA:0,9.0,0.009
nmdH93r6sw,Slice,/job:localhost/replica:0/task:0/device:MUSA:0,9.0,0.009
xQTOap5o9W,Slice,/job:localhost/replica:0/task:0/device:MUSA:0,9.0,0.009
lIzXe8JqEm,Slice,/job:localhost/replica:0/task:0/device:MUSA:0,9.0,0.009
j7Wevmts5J,Slice,/job:localhost/replica:0/task:0/device:MUSA:0,9.0,0.009
wKEP4Uqhsk,Slice,/job:localhost/replica:0/task:0/device:MUSA:0,9.0,0.009
qXZLOz3k8C,Slice,/job:localhost/replica:0/task:0/device:MUSA:0,9.0,0.009
XMNJcWknpm,Slice,/job:localhost/replica:0/task:0/device:MUSA:0,9.0,0.009
L0QylEDget,Slice,/job:localhost/replica:0/task:0/device:MUSA:0,9.0,0.009
2Arlvjk8nt,Slice,/job:localhost/replica:0/task:0/device:MUSA:0,9.0,0.009
ConstantFolding/UZbHY3STtF_const_axis,Pack,/job:localhost/replica:0/task:0/device:MUSA:0,9.0,0.009
hzuaJyRq8S,Slice,/job:localhost/replica:0/task:0/device:MUSA:0,9.0,0.009
1FPcN7SAWB,Slice,/job:localhost/replica:0/task:0/device:MUSA:0,9.0,0.009
9uXj8OKmMU,Slice,/job:localhost/replica:0/task:0/device:MUSA:0,9.0,0.009
nsyuTqw2Lr,Slice,/job:localhost/replica:0/task:0/device:MUSA:0,9.0,0.009
xf3UKyStMV,Slice,/job:localhost/replica:0/task:0/device:MUSA:0,9.0,0.009
SoE21tWDcG,ZerosLike,/job:localhost/replica:0/task:0/device:MUSA:0,9.0,0.009
XML0WCg5fJ,Slice,/job:localhost/replica:0/task:0/device:MUSA:0,9.0,0.009
Tm0E5AUfjn,Slice,/job:localhost/replica:0/task:0/device:MUSA:0,9.0,0.009
GjvZHAMk0B,Slice,/job:localhost/replica:0/task:0/device:MUSA:0,9.0,0.009
Hwt2jPaybE,Slice,/job:localhost/replica:0/task:0/device:MUSA:0,9.0,0.009
OfEkxamGdz,Slice,/job:localhost/replica:0/task:0/device:MUSA:0,9.0,0.009
cvqBOT5zUA,Slice,/job:localhost/replica:0/task:0/device:MUSA:0,9.0,0.009
w7IeHhMnBv,Slice,/job:localhost/replica:0/task:0/device:MUSA:0,9.0,0.009
KYkh0iHAxJ,Slice,/job:localhost/replica:0/task:0/device:MUSA:0,9.0,0.009
RN52Ar1qDY,Slice,/job:localhost/replica:0/task:0/device:MUSA:0,9.0,0.009
wERm8Zvj2M,Slice,/job:localhost/replica:0/task:0/device:MUSA:0,9.0,0.009
FzYn9E16Jl,Slice,/job:localhost/replica:0/task:0/device:MUSA:0,9.0,0.009
xwLdaQjmB6,Slice,/job:localhost/replica:0/task:0/device:MUSA:0,9.0,0.009
esif59Uuz4,Slice,/job:localhost/replica:0/task:0/device:MUSA:0,9.0,0.009
qIDei07SdR,Slice,/job:localhost/replica:0/task:0/device:MUSA:0,9.0,0.009
DBALWX5R4d,Slice,/job:localhost/replica:0/task:0/device:MUSA:0,9.0,0.009
P8iHzFXwL9,Slice,/job:localhost/replica:0/task:0/device:MUSA:0,9.0,0.009
N8mcRSu2lU,Slice,/job:localhost/replica:0/task:0/device:MUSA:0,9.0,0.009
6Zk1W98gfP,Slice,/job:localhost/replica:0/task:0/device:MUSA:0,9.0,0.009
aIfxqFS4Ee,Slice,/job:localhost/replica:0/task:0/device:MUSA:0,9.0,0.009
5fA6NqDOVR,Slice,/job:localhost/replica:0/task:0/device:MUSA:0,9.0,0.009
hbj0mqlknU,Slice,/job:localhost/replica:0/task:0/device:MUSA:0,9.0,0.009
AlwS5TMcj8,Slice,/job:localhost/replica:0/task:0/device:MUSA:0,9.0,0.009
jI5iz3QYxc,Slice,/job:localhost/replica:0/task:0/device:MUSA:0,9.0,0.009
xycwq0KVdk,Slice,/job:localhost/replica:0/task:0/device:MUSA:0,9.0,0.009
kGAhwSbV9o,Slice,/job:localhost/replica:0/task:0/device:MUSA:0,9.0,0.009
Uycx1WSeOF,Slice,/job:localhost/replica:0/task:0/device:MUSA:0,9.0,0.009
uvsBl1medY,Slice,/job:localhost/replica:0/task:0/device:MUSA:0,9.0,0.009
Xy5GVBwo3M,Slice,/job:localhost/replica:0/task:0/device:MUSA:0,9.0,0.009
mv0qx2jCBY,Slice,/job:localhost/replica:0/task:0/device:MUSA:0,9.0,0.009
dxFEI1fKbY,Slice,/job:localhost/replica:0/task:0/device:MUSA:0,9.0,0.009
MbB4fUREAT,Slice,/job:localhost/replica:0/task:0/device:MUSA:0,9.0,0.009
N7K49olrQF,Slice,/job:localhost/replica:0/task:0/device:MUSA:0,9.0,0.009
0IJqEndUXu,Slice,/job:localhost/replica:0/task:0/device:MUSA:0,9.0,0.009
WiUbVl5XBn,Slice,/job:localhost/replica:0/task:0/device:MUSA:0,9.0,0.009
5QjnPVsF7Y,Slice,/job:localhost/replica:0/task:0/device:MUSA:0,9.0,0.009
PlAriMokSL,Slice,/job:localhost/replica:0/task:0/device:MUSA:0,9.0,0.009
futlJUnyrA,Slice,/job:localhost/replica:0/task:0/device:MUSA:0,9.0,0.009
vtIiQB86Wh,Slice,/job:localhost/replica:0/task:0/device:MUSA:0,9.0,0.009
ihCHZwBAf2,Slice,/job:localhost/replica:0/task:0/device:MUSA:0,9.0,0.009
5W9POfDpAe,Slice,/job:localhost/replica:0/task:0/device:MUSA:0,9.0,0.009
gFuhA2dZao,Slice,/job:localhost/replica:0/task:0/device:MUSA:0,9.0,0.009
UgTWluIKRf,Slice,/job:localhost/replica:0/task:0/device:MUSA:0,9.0,0.009
J9EwBuHiXk,Slice,/job:localhost/replica:0/task:0/device:MUSA:0,9.0,0.009
CRZjOfKSn2,Slice,/job:localhost/replica:0/task:0/device:MUSA:0,9.0,0.009
FEuT6RNJaZ,Slice,/job:localhost/replica:0/task:0/device:MUSA:0,9.0,0.009
HYCzWhDfTN,Slice,/job:localhost/replica:0/task:0/device:MUSA:0,9.0,0.009
1b4mIoL9PH,Slice,/job:localhost/replica:0/task:0/device:MUSA:0,9.0,0.009
6VSN0RHiKI,Slice,/job:localhost/replica:0/task:0/device:MUSA:0,9.0,0.009
MyIAXeirv4,Slice,/job:localhost/replica:0/task:0/device:MUSA:0,9.0,0.009
fh9KZj1xFJ,Slice,/job:localhost/replica:0/task:0/device:MUSA:0,9.0,0.009
Z3poFIdGYw,Slice,/job:localhost/replica:0/task:0/device:MUSA:0,9.0,0.009
3lAdVeW8CL,Slice,/job:localhost/replica:0/task:0/device:MUSA:0,9.0,0.009
EZYkSnH5ib,Slice,/job:localhost/replica:0/task:0/device:MUSA:0,9.0,0.009
dhLwYj8eQO,Slice,/job:localhost/replica:0/task:0/device:MUSA:0,9.0,0.009
4rmJgIA8Qo,Slice,/job:localhost/replica:0/task:0/device:MUSA:0,9.0,0.009
i2OE7PxBQe,Slice,/job:localhost/replica:0/task:0/device:MUSA:0,9.0,0.009
QTfaGXxchj,Slice,/job:localhost/replica:0/task:0/device:MUSA:0,9.0,0.009
utx7BH4UVW,Slice,/job:localhost/replica:0/task:0/device:MUSA:0,9.0,0.009
rEqbsUF9ND,Slice,/job:localhost/replica:0/task:0/device:MUSA:0,9.0,0.009
6DXYVoa3cB,Slice,/job:localhost/replica:0/task:0/device:MUSA:0,9.0,0.009
5DSMaOFycH,Slice,/job:localhost/replica:0/task:0/device:MUSA:0,9.0,0.009
IUR3Tvyxd2,Slice,/job:localhost/replica:0/task:0/device:MUSA:0,9.0,0.009
we4qnGfrOk,Slice,/job:localhost/replica:0/task:0/device:MUSA:0,9.0,0.009
HDUoyVthI5,Slice,/job:localhost/replica:0/task:0/device:MUSA:0,9.0,0.009
hxZS15k6Ce,Slice,/job:localhost/replica:0/task:0/device:MUSA:0,9.0,0.009
zcM210gDBm,Slice,/job:localhost/replica:0/task:0/device:MUSA:0,9.0,0.009
YKxmo10bLQ,Slice,/job:localhost/replica:0/task:0/device:MUSA:0,9.0,0.009
MERjeQnvcw,Slice,/job:localhost/replica:0/task:0/device:MUSA:0,9.0,0.009
MQrq85j1Pd,Slice,/job:localhost/replica:0/task:0/device:MUSA:0,9.0,0.009
GWzRjZdQrc,Slice,/job:localhost/replica:0/task:0/device:MUSA:0,9.0,0.009
rZiYuXgQp6,Slice,/job:localhost/replica:0/task:0/device:MUSA:0,9.0,0.009
YzedxXITCD,Slice,/job:localhost/replica:0/task:0/device:MUSA:0,9.0,0.009
1jaEtqv0no,RealDiv,/job:localhost/replica:0/task:0/device:MUSA:0,9.0,0.009
MOWcos1lmL,Slice,/job:localhost/replica:0/task:0/device:MUSA:0,9.0,0.009
g2xQDanGkq,Slice,/job:localhost/replica:0/task:0/device:MUSA:0,9.0,0.009
kgJtVuvayO,Pow,/job:localhost/replica:0/task:0/device:MUSA:0,9.0,0.009
4JDbCKLsNg,Select,/job:localhost/replica:0/task:0/device:MUSA:0,9.0,0.009
PaRtOskdl6,Select,/job:localhost/replica:0/task:0/device:MUSA:0,9.0,0.009
aUFV2YqClG,Select,/job:localhost/replica:0/task:0/device:MUSA:0,9.0,0.009
tE0YMFoDvR,Pow,/job:localhost/replica:0/task:0/device:MUSA:0,9.0,0.009
XbtHIwJOmP,Mul,/job:localhost/replica:0/task:0/device:MUSA:0,9.0,0.009
uNhgF24CZp,Pow,/job:localhost/replica:0/task:0/device:MUSA:0,9.0,0.009
AdK27Jv1UH,Relu,/job:localhost/replica:0/task:0/device:MUSA:0,9.0,0.009
vrE9tapMZB,Sum,/job:localhost/replica:0/task:0/device:MUSA:0,9.0,0.009
UzWV9TIBA1,Fill,/job:localhost/replica:0/task:0/device:MUSA:0,9.0,0.009
OzfiLDvrV0,Pack,/job:localhost/replica:0/task:0/device:MUSA:0,9.0,0.009
Uv6hoP8WZR,Pow,/job:localhost/replica:0/task:0/device:MUSA:0,9.0,0.009
ljn1PWbx5Y,Log,/job:localhost/replica:0/task:0/device:MUSA:0,9.0,0.009
1ISQonVfRu,Add,/job:localhost/replica:0/task:0/device:MUSA:0,9.0,0.009
2qkQJym3Ug,Mul,/job:localhost/replica:0/task:0/device:MUSA:0,9.0,0.009
vxfswmU9K0,Rsqrt,/job:localhost/replica:0/task:0/device:MUSA:0,9.0,0.009
9hs0KmMb8p,RealDiv,/job:localhost/replica:0/task:0/device:MUSA:0,9.0,0.009
kOu9QnrfaR,MatMul,/job:localhost/replica:0/task:0/device:MUSA:0,9.0,0.009
B3MgtOzIKW,Sub,/job:localhost/replica:0/task:0/device:MUSA:0,9.0,0.009
N21cxCDTn0,RealDiv,/job:localhost/replica:0/task:0/device:MUSA:0,9.0,0.009
S3hBM5c6L4,Mul,/job:localhost/replica:0/task:0/device:MUSA:0,9.0,0.009
KMJsBDUxYz,RealDiv,/job:localhost/replica:0/task:0/device:MUSA:0,9.0,0.009
n2pDUfezuT,AddV2,/job:localhost/replica:0/task:0/device:MUSA:0,9.0,0.009
FTnxGXloZp,RealDiv,/job:localhost/replica:0/task:0/device:MUSA:0,9.0,0.009
mDu05LgNrq,Mul,/job:localhost/replica:0/task:0/device:MUSA:0,9.0,0.009
MGswp7ecKb,Sigmoid,/job:localhost/replica:0/task:0/device:MUSA:0,9.0,0.009
6RLPx4EmpI,RealDiv,/job:localhost/replica:0/task:0/device:MUSA:0,9.0,0.009
NspSYLmXFQ,AddV2,/job:localhost/replica:0/task:0/device:MUSA:0,9.0,0.009
1NfbKHjF07,Sub,/job:localhost/replica:0/task:0/device:MUSA:0,9.0,0.009
EeFOsmB6gW,RealDiv,/job:localhost/replica:0/task:0/device:MUSA:0,9.0,0.009
bye4Jv8OmV,MatMul,/job:localhost/replica:0/task:0/device:MUSA:0,9.0,0.009
3sM01hlUut,MatMul,/job:localhost/replica:0/task:0/device:MUSA:0,9.0,0.009
JD5h9SEckI,Sigmoid,/job:localhost/replica:0/task:0/device:MUSA:0,9.0,0.009
g6Fb93oE0O,Sub,/job:localhost/replica:0/task:0/device:MUSA:0,9.0,0.009
o8Hw6fM0b4,RealDiv,/job:localhost/replica:0/task:0/device:MUSA:0,9.0,0.009
KLy0bXpzW6,Pack,/job:localhost/replica:0/task:0/device:MUSA:0,9.0,0.009
OGYQArRhXk,RealDiv,/job:localhost/replica:0/task:0/device:MUSA:0,9.0,0.009
F48lc96YU5,Pow,/job:localhost/replica:0/task:0/device:MUSA:0,9.0,0.009
Kd3tjCE0XJ,RealDiv,/job:localhost/replica:0/task:0/device:MUSA:0,9.0,0.009
8CLaI7eS9o,Prod,/job:localhost/replica:0/task:0/device:MUSA:0,9.0,0.009
7Upnbzyfjd,Mul,/job:localhost/replica:0/task:0/device:MUSA:0,9.0,0.009
ghquo5fwAt,Mul,/job:localhost/replica:0/task:0/device:MUSA:0,9.0,0.009
5ltprDHyxN,MatMul,/job:localhost/replica:0/task:0/device:MUSA:0,9.0,0.009
eRdKBtQ46F,MatMul,/job:localhost/replica:0/task:0/device:MUSA:0,9.0,0.009
72TmtuUyiW,Unpack,/job:localhost/replica:0/task:0/device:MUSA:0,9.0,0.009
ox1QZlifXc,Pack,/job:localhost/replica:0/task:0/device:MUSA:0,9.0,0.009
hwQSYmM5uI,Sum,/job:localhost/replica:0/task:0/device:MUSA:0,9.0,0.009
xfP4RpZ6V2,Reshape,/job:localhost/replica:0/task:0/device:MUSA:0,9.0,0.009
ok1bY5EDiO,MatMul,/job:localhost/replica:0/task:0/device:MUSA:0,9.0,0.009
2yzXcaMVeS,Pack,/job:localhost/replica:0/task:0/device:MUSA:0,9.0,0.009
x47GpvDql1,AddV2,/job:localhost/replica:0/task:0/device:MUSA:0,9.0,0.009
HlVgy6LXUP,Sub,/job:localhost/replica:0/task:0/device:MUSA:0,9.0,0.009
q5H0rUwV7E,MatMul,/job:localhost/replica:0/task:0/device:MUSA:0,9.0,0.009
uGiPA9mQr3,Rsqrt,/job:localhost/replica:0/task:0/device:MUSA:0,9.0,0.009
2m7UNfQ4nH,RealDiv,/job:localhost/replica:0/task:0/device:MUSA:0,9.0,0.009
SyHCNmMAlo,AddV2,/job:localhost/replica:0/task:0/device:MUSA:0,9.0,0.009
1LltNrnFuX,MatMul,/job:localhost/replica:0/task:0/device:MUSA:0,9.0,0.009
lXEmPSbZI7,Pack,/job:localhost/replica:0/task:0/device:MUSA:0,9.0,0.009
Jl6HOUhFcP,Sub,/job:localhost/replica:0/task:0/device:MUSA:0,9.0,0.009
Y1gvHIJGy5,RealDiv,/job:localhost/replica:0/task:0/device:MUSA:0,9.0,0.009
CTAvWhGucJ,MatMul,/job:localhost/replica:0/task:0/device:MUSA:0,9.0,0.009
nZBzKPH1qc,MatMul,/job:localhost/replica:0/task:0/device:MUSA:0,9.0,0.009
YwnVvzpKmu,RealDiv,/job:localhost/replica:0/task:0/device:MUSA:0,9.0,0.009
em8vxUrGHt,Tile,/job:localhost/replica:0/task:0/device:MUSA:0,9.0,0.009
vfCqSAPOzV,AddV2,/job:localhost/replica:0/task:0/device:MUSA:0,9.0,0.009
ztgeIjBVKG,Pow,/job:localhost/replica:0/task:0/device:MUSA:0,9.0,0.009
1oiQMrRcan,Tile,/job:localhost/replica:0/task:0/device:MUSA:0,9.0,0.009
l8MvtcDghj,Sub,/job:localhost/replica:0/task:0/device:MUSA:0,9.0,0.009
7QJ6xglCDY,RealDiv,/job:localhost/replica:0/task:0/device:MUSA:0,9.0,0.009
LCBDy8uWtc,Relu,/job:localhost/replica:0/task:0/device:MUSA:0,9.0,0.009
a8u9LorhRX,Relu,/job:localhost/replica:0/task:0/device:MUSA:0,9.0,0.009
8v3i1GMPUb,Pack,/job:localhost/replica:0/task:0/device:MUSA:0,9.0,0.009
8rwN0ksHpx,Pack,/job:localhost/replica:0/task:0/device:MUSA:0,9.0,0.009
niwVAyG1HJ,Pow,/job:localhost/replica:0/task:0/device:MUSA:0,9.0,0.009
YhAdRszBG6,Pow,/job:localhost/replica:0/task:0/device:MUSA:0,9.0,0.009
6IuFqDWhtv,RealDiv,/job:localhost/replica:0/task:0/device:MUSA:0,9.0,0.009
LSMQmxPF4g,Add,/job:localhost/replica:0/task:0/device:MUSA:0,9.0,0.009
ZiQagzOXVU,RealDiv,/job:localhost/replica:0/task:0/device:MUSA:0,9.0,0.009
d8YVqE4Mu2,AddV2,/job:localhost/replica:0/task:0/device:MUSA:0,9.0,0.009
epRUWzGNgu,RealDiv,/job:localhost/replica:0/task:0/device:MUSA:0,9.0,0.009
5qBKAcUDHb,Prod,/job:localhost/replica:0/task:0/device:MUSA:0,9.0,0.009
PMizVCkbHX,Prod,/job:localhost/replica:0/task:0/device:MUSA:0,9.0,0.009
odnmOjyFpQ,Pow,/job:localhost/replica:0/task:0/device:MUSA:0,9.0,0.009
oiTG1f54Ab,MatMul,/job:localhost/replica:0/task:0/device:MUSA:0,9.0,0.009
OtUksTYjF1,Slice,/job:localhost/replica:0/task:0/device:MUSA:0,9.0,0.009
aGXNt02CkM,Pow,/job:localhost/replica:0/task:0/device:MUSA:0,9.0,0.009
CmKb4Pq8es,Mul,/job:localhost/replica:0/task:0/device:MUSA:0,9.0,0.009
b3r7exJnWB,Add,/job:localhost/replica:0/task:0/device:MUSA:0,9.0,0.009
ypbwCE0gWt,Pow,/job:localhost/replica:0/task:0/device:MUSA:0,9.0,0.009
HPRm8nDYc7,Fill,/job:localhost/replica:0/task:0/device:MUSA:0,9.0,0.009
9y7cMQoXVv,Sub,/job:localhost/replica:0/task:0/device:MUSA:0,9.0,0.009
eR53b2GrOf,Prod,/job:localhost/replica:0/task:0/device:MUSA:0,9.0,0.009
QexKjl8kUb,Neg,/job:localhost/replica:0/task:0/device:MUSA:0,9.0,0.009
Mfxo34GvBm,StridedSlice,/job:localhost/replica:0/task:0/device:MUSA:0,9.0,0.009
i6QN9aqLZb,Exp,/job:localhost/replica:0/task:0/device:MUSA:0,9.0,0.009
HYLybWs3IJ,Log1p,/job:localhost/replica:0/task:0/device:MUSA:0,9.0,0.009
9bhAXVHDyu,Equal,/job:localhost/replica:0/task:0/device:CPU:0,9.0,0.009
oLgKtAU3qk,Const,/job:localhost/replica:0/task:0/device:MUSA:0,8.0,0.008
Ekp83be0hs,Reshape,/job:localhost/replica:0/task:0/device:MUSA:0,8.0,0.008
IJ9O1C4TX0,Const,/job:localhost/replica:0/task:0/device:MUSA:0,8.0,0.008
ZzKO3NJ0ye,Reshape,/job:localhost/replica:0/task:0/device:MUSA:0,8.0,0.008
yJgP04ctBU,Reshape,/job:localhost/replica:0/task:0/device:MUSA:0,8.0,0.008
5mLuZBjI6S,Sub,/job:localhost/replica:0/task:0/device:MUSA:0,8.0,0.008
ConstantFolding/tJfbXV6W2I_recip,RealDiv,/job:localhost/replica:0/task:0/device:MUSA:0,8.0,0.008
5pjElHxZfN,Reshape,/job:localhost/replica:0/task:0/device:MUSA:0,8.0,0.008
ConstantFolding/x5pHQhfuwT_recip,RealDiv,/job:localhost/replica:0/task:0/device:MUSA:0,8.0,0.008
AYmMZkGRr7,Reshape,/job:localhost/replica:0/task:0/device:MUSA:0,8.0,0.008
Gvx3JqOZTp,Reshape,/job:localhost/replica:0/task:0/device:MUSA:0,8.0,0.008
EqkfPGFtV7,Reshape,/job:localhost/replica:0/task:0/device:MUSA:0,8.0,0.008
VuZ2HCX73p,Const,/job:localhost/replica:0/task:0/device:MUSA:0,8.0,0.008
AdSuVJ0yrg,Const,/job:localhost/replica:0/task:0/device:MUSA:0,8.0,0.008
zWfCZ6Dl9e,Reshape,/job:localhost/replica:0/task:0/device:MUSA:0,8.0,0.008
04rhmQwXTu,Const,/job:localhost/replica:0/task:0/device:MUSA:0,8.0,0.008
ogJxMFqaIf,Const,/job:localhost/replica:0/task:0/device:MUSA:0,8.0,0.008
a1gFf8DCqS,Reshape,/job:localhost/replica:0/task:0/device:MUSA:0,8.0,0.008
uTF0v1Id6x,Reshape,/job:localhost/replica:0/task:0/device:MUSA:0,8.0,0.008
Fzf5UqSEXg,Shape,/job:localhost/replica:0/task:0/device:MUSA:0,8.0,0.008
2AFq48Jo3H,Const,/job:localhost/replica:0/task:0/device:MUSA:0,8.0,0.008
tUGuZQDFEs,Const,/job:localhost/replica:0/task:0/device:MUSA:0,8.0,0.008
JcS8Uk4bGH,Reshape,/job:localhost/replica:0/task:0/device:MUSA:0,8.0,0.008
Nfd5nqeVBh,Sqrt,/job:localhost/replica:0/task:0/device:MUSA:0,8.0,0.008
UYKRdGqumL,Const,/job:localhost/replica:0/task:0/device:MUSA:0,8.0,0.008
QZA32p6riF,Reshape,/job:localhost/replica:0/task:0/device:MUSA:0,8.0,0.008
8FLsgVcXy2,Minimum,/job:localhost/replica:0/task:0/device:MUSA:0,8.0,0.008
KcbZwsPYuz,Pack,/job:localhost/replica:0/task:0/device:MUSA:0,8.0,0.008
hDXZ2uBAga,Slice,/job:localhost/replica:0/task:0/device:MUSA:0,8.0,0.008
DeYzjc6tlO,Fill,/job:localhost/replica:0/task:0/device:MUSA:0,8.0,0.008
UaVzGkwclZ,Slice,/job:localhost/replica:0/task:0/device:MUSA:0,8.0,0.008
dt6fj2pMG5,Slice,/job:localhost/replica:0/task:0/device:MUSA:0,8.0,0.008
Hj9y42TkUA,Slice,/job:localhost/replica:0/task:0/device:MUSA:0,8.0,0.008
psTHmwARoW,Slice,/job:localhost/replica:0/task:0/device:MUSA:0,8.0,0.008
uwGiDAXWZP,Slice,/job:localhost/replica:0/task:0/device:MUSA:0,8.0,0.008
J0hlZFDfcC,Slice,/job:localhost/replica:0/task:0/device:MUSA:0,8.0,0.008
BVTv1k5cXy,Slice,/job:localhost/replica:0/task:0/device:MUSA:0,8.0,0.008
KSri9tfV6z,Slice,/job:localhost/replica:0/task:0/device:MUSA:0,8.0,0.008
V3iwa0uIAd,Slice,/job:localhost/replica:0/task:0/device:MUSA:0,8.0,0.008
7lX0ZDLMkh,Slice,/job:localhost/replica:0/task:0/device:MUSA:0,8.0,0.008
y5e09Jv83d,Slice,/job:localhost/replica:0/task:0/device:MUSA:0,8.0,0.008
3uZL87XPU9,Slice,/job:localhost/replica:0/task:0/device:MUSA:0,8.0,0.008
PMIN1f5ht9,Slice,/job:localhost/replica:0/task:0/device:MUSA:0,8.0,0.008
qpdKC35yua,Slice,/job:localhost/replica:0/task:0/device:MUSA:0,8.0,0.008
QEqJxXDg2w,Slice,/job:localhost/replica:0/task:0/device:MUSA:0,8.0,0.008
NpzrPxqZFf,Slice,/job:localhost/replica:0/task:0/device:MUSA:0,8.0,0.008
EPeyAz2fHn,Slice,/job:localhost/replica:0/task:0/device:MUSA:0,8.0,0.008
U7Zn9CacI2,Slice,/job:localhost/replica:0/task:0/device:MUSA:0,8.0,0.008
DRlmt2nAF3,Slice,/job:localhost/replica:0/task:0/device:MUSA:0,8.0,0.008
q9yeQal7SK,Slice,/job:localhost/replica:0/task:0/device:MUSA:0,8.0,0.008
z6TvhtFmi1,Slice,/job:localhost/replica:0/task:0/device:MUSA:0,8.0,0.008
QNAPXxncZk,Slice,/job:localhost/replica:0/task:0/device:MUSA:0,8.0,0.008
eaOWdLzlkZ,Slice,/job:localhost/replica:0/task:0/device:MUSA:0,8.0,0.008
YwlbyreoBq,Slice,/job:localhost/replica:0/task:0/device:MUSA:0,8.0,0.008
naTsbAWBeu,Slice,/job:localhost/replica:0/task:0/device:MUSA:0,8.0,0.008
GVkZv2MHpm,Slice,/job:localhost/replica:0/task:0/device:MUSA:0,8.0,0.008
9FxLa6C0sK,Slice,/job:localhost/replica:0/task:0/device:MUSA:0,8.0,0.008
RE3W2PDqbk,Slice,/job:localhost/replica:0/task:0/device:MUSA:0,8.0,0.008
fGsHCxzVaZ,Slice,/job:localhost/replica:0/task:0/device:MUSA:0,8.0,0.008
Z36EaCLyxP,Slice,/job:localhost/replica:0/task:0/device:MUSA:0,8.0,0.008
GuMqPA94pC,Slice,/job:localhost/replica:0/task:0/device:MUSA:0,8.0,0.008
AY9ldXU2fL,Slice,/job:localhost/replica:0/task:0/device:MUSA:0,8.0,0.008
ZAseaw3zXS,Slice,/job:localhost/replica:0/task:0/device:MUSA:0,8.0,0.008
kTuyZUPfDQ,Slice,/job:localhost/replica:0/task:0/device:MUSA:0,8.0,0.008
MGfScTCirJ,Slice,/job:localhost/replica:0/task:0/device:MUSA:0,8.0,0.008
p7dQ2q8T4a,Slice,/job:localhost/replica:0/task:0/device:MUSA:0,8.0,0.008
TDaPp8tVd9,Slice,/job:localhost/replica:0/task:0/device:MUSA:0,8.0,0.008
R6Y7igSCKL,Slice,/job:localhost/replica:0/task:0/device:MUSA:0,8.0,0.008
H9zG2nSehV,Slice,/job:localhost/replica:0/task:0/device:MUSA:0,8.0,0.008
7ADfZ49BuU,Slice,/job:localhost/replica:0/task:0/device:MUSA:0,8.0,0.008
WN4fMTnv5S,Slice,/job:localhost/replica:0/task:0/device:MUSA:0,8.0,0.008
xaVP8QYdMl,Slice,/job:localhost/replica:0/task:0/device:MUSA:0,8.0,0.008
ouiMOrRX5h,Slice,/job:localhost/replica:0/task:0/device:MUSA:0,8.0,0.008
rGuvlmWJhK,Slice,/job:localhost/replica:0/task:0/device:MUSA:0,8.0,0.008
82gyboc5hn,Slice,/job:localhost/replica:0/task:0/device:MUSA:0,8.0,0.008
YK2fb0t3VG,Slice,/job:localhost/replica:0/task:0/device:MUSA:0,8.0,0.008
4hyxKagrTW,Slice,/job:localhost/replica:0/task:0/device:MUSA:0,8.0,0.008
AupGiPg0qD,Slice,/job:localhost/replica:0/task:0/device:MUSA:0,8.0,0.008
20sEKkGnJU,Slice,/job:localhost/replica:0/task:0/device:MUSA:0,8.0,0.008
zvjFAEeQiX,Log,/job:localhost/replica:0/task:0/device:MUSA:0,8.0,0.008
ApVu3cQZvP,Fill,/job:localhost/replica:0/task:0/device:MUSA:0,8.0,0.008
YPZL9tSk60,Prod,/job:localhost/replica:0/task:0/device:MUSA:0,8.0,0.008
5nJWmwUbYh,RandomUniform,/job:localhost/replica:0/task:0/device:MUSA:0,8.0,0.008
kGWBUfDdPT,Fill,/job:localhost/replica:0/task:0/device:MUSA:0,8.0,0.008
adFkVpUPOj,MatMul,/job:localhost/replica:0/task:0/device:MUSA:0,8.0,0.008
Dpci4rJGEd,Sub,/job:localhost/replica:0/task:0/device:MUSA:0,8.0,0.008
KB6Sn0E4R3,RealDiv,/job:localhost/replica:0/task:0/device:MUSA:0,8.0,0.008
LPTsGiO6Sa,Select,/job:localhost/replica:0/task:0/device:MUSA:0,8.0,0.008
c7kHVxPnFJ,AddV2,/job:localhost/replica:0/task:0/device:MUSA:0,8.0,0.008
cqmawLCJ5Z,MatMul,/job:localhost/replica:0/task:0/device:MUSA:0,8.0,0.008
hNzJ9Kftrk,Pack,/job:localhost/replica:0/task:0/device:MUSA:0,8.0,0.008
Bc5gDKuXjv,Pack,/job:localhost/replica:0/task:0/device:MUSA:0,8.0,0.008
oIE7pYk8rX,Pack,/job:localhost/replica:0/task:0/device:MUSA:0,8.0,0.008
7ihd1eJLnW,Pack,/job:localhost/replica:0/task:0/device:MUSA:0,8.0,0.008
PuONjpBzTE,Mul,/job:localhost/replica:0/task:0/device:MUSA:0,8.0,0.008
zJHZLvNIXK,Pack,/job:localhost/replica:0/task:0/device:MUSA:0,8.0,0.008
S9F27s3KD4,Pack,/job:localhost/replica:0/task:0/device:MUSA:0,8.0,0.008
C3jzrTb4Ut,Pack,/job:localhost/replica:0/task:0/device:MUSA:0,8.0,0.008
tRDPkvOAmr,Mul,/job:localhost/replica:0/task:0/device:MUSA:0,8.0,0.008
DvhHTu0Cfi,RealDiv,/job:localhost/replica:0/task:0/device:MUSA:0,8.0,0.008
aZOxPuVc5X,Log,/job:localhost/replica:0/task:0/device:MUSA:0,8.0,0.008
XyFQdDUWlH,RealDiv,/job:localhost/replica:0/task:0/device:MUSA:0,8.0,0.008
6lus07cDKh,AddV2,/job:localhost/replica:0/task:0/device:MUSA:0,8.0,0.008
9WNPpGitnR,Sigmoid,/job:localhost/replica:0/task:0/device:MUSA:0,8.0,0.008
1SaXbiCoPL,Add,/job:localhost/replica:0/task:0/device:MUSA:0,8.0,0.008
IKt5GjpHqn,Reshape,/job:localhost/replica:0/task:0/device:MUSA:0,8.0,0.008
KEUaxhVJ8z,RealDiv,/job:localhost/replica:0/task:0/device:MUSA:0,8.0,0.008
cx5M1bUWHQ,Sub,/job:localhost/replica:0/task:0/device:MUSA:0,8.0,0.008
PAiCZeL69R,Mul,/job:localhost/replica:0/task:0/device:MUSA:0,8.0,0.008
5L4QT2ucDM,Reshape,/job:localhost/replica:0/task:0/device:MUSA:0,8.0,0.008
LIhbjUXWJT,Mul,/job:localhost/replica:0/task:0/device:MUSA:0,8.0,0.008
MoX0KYcDCG,Sub,/job:localhost/replica:0/task:0/device:MUSA:0,8.0,0.008
baEePo8xp9,RealDiv,/job:localhost/replica:0/task:0/device:MUSA:0,8.0,0.008
NHYVkIBoMc,RealDiv,/job:localhost/replica:0/task:0/device:MUSA:0,8.0,0.008
Fon7j96Hrg,Reshape,/job:localhost/replica:0/task:0/device:MUSA:0,8.0,0.008
fIECjPeOkT,Reshape,/job:localhost/replica:0/task:0/device:MUSA:0,8.0,0.008
SEfVaov8qU,Sigmoid,/job:localhost/replica:0/task:0/device:MUSA:0,8.0,0.008
sROqpiP6em,Add,/job:localhost/replica:0/task:0/device:MUSA:0,8.0,0.008
bhSCWmDzgK,Mul,/job:localhost/replica:0/task:0/device:MUSA:0,8.0,0.008
2TnZubMqOS,Pack,/job:localhost/replica:0/task:0/device:MUSA:0,8.0,0.008
yflxr7nmI3,Pack,/job:localhost/replica:0/task:0/device:MUSA:0,8.0,0.008
ghwO75zsjn,RealDiv,/job:localhost/replica:0/task:0/device:MUSA:0,8.0,0.008
Kh6iCmnkAB,Mul,/job:localhost/replica:0/task:0/device:MUSA:0,8.0,0.008
NmKh1A293j,Sub,/job:localhost/replica:0/task:0/device:MUSA:0,8.0,0.008
FgYKQeh6aG,Pack,/job:localhost/replica:0/task:0/device:MUSA:0,8.0,0.008
1twO6XBJkm,RealDiv,/job:localhost/replica:0/task:0/device:MUSA:0,8.0,0.008
mdQsFKenPb,Pack,/job:localhost/replica:0/task:0/device:MUSA:0,8.0,0.008
a5GxOUieKF,Pow,/job:localhost/replica:0/task:0/device:MUSA:0,8.0,0.008
SR2hOJy095,Mul,/job:localhost/replica:0/task:0/device:MUSA:0,8.0,0.008
q5zvHKnNxp,AddV2,/job:localhost/replica:0/task:0/device:MUSA:0,8.0,0.008
ArithmeticOptimizer/AddOpsRewrite_Leaf_1_MDrjO8XWJb,AddV2,/job:localhost/replica:0/task:0/device:MUSA:0,8.0,0.008
qW7Vk6L4gR,Pow,/job:localhost/replica:0/task:0/device:MUSA:0,8.0,0.008
ukFghRSm0M,Sub,/job:localhost/replica:0/task:0/device:MUSA:0,8.0,0.008
lgzf4atSiu,Sub,/job:localhost/replica:0/task:0/device:MUSA:0,8.0,0.008
W6qobPF789,RealDiv,/job:localhost/replica:0/task:0/device:MUSA:0,8.0,0.008
T4DglQxwV2,AddV2,/job:localhost/replica:0/task:0/device:MUSA:0,8.0,0.008
oTXy1cbwQG,MatMul,/job:localhost/replica:0/task:0/device:MUSA:0,8.0,0.008
ka8NJ20OiU,Sub,/job:localhost/replica:0/task:0/device:MUSA:0,8.0,0.008
txn8avBsIg,Sub,/job:localhost/replica:0/task:0/device:MUSA:0,8.0,0.008
eZdrLJGRp3,Reshape,/job:localhost/replica:0/task:0/device:MUSA:0,8.0,0.008
3cEWaBRKCL,MatMul,/job:localhost/replica:0/task:0/device:MUSA:0,8.0,0.008
msPyOQr9K5,Mul,/job:localhost/replica:0/task:0/device:MUSA:0,8.0,0.008
JmwRNeACgl,Sub,/job:localhost/replica:0/task:0/device:MUSA:0,8.0,0.008
D9yJomn2Gz,AddV2,/job:localhost/replica:0/task:0/device:MUSA:0,8.0,0.008
Plhz8CbykM,Pow,/job:localhost/replica:0/task:0/device:MUSA:0,8.0,0.008
9VxPFWpytI,Mul,/job:localhost/replica:0/task:0/device:MUSA:0,8.0,0.008
tNXFs9OrwR,Tanh,/job:localhost/replica:0/task:0/device:MUSA:0,8.0,0.008
ZKB3wFT2pg,MatMul,/job:localhost/replica:0/task:0/device:MUSA:0,8.0,0.008
ruQIKndlTp,MatMul,/job:localhost/replica:0/task:0/device:MUSA:0,8.0,0.008
2ZtnobGhRN,ConcatV2,/job:localhost/replica:0/task:0/device:MUSA:0,8.0,0.008
5elCu0kyam,MatMul,/job:localhost/replica:0/task:0/device:MUSA:0,8.0,0.008
WPwTajr08p,Reshape,/job:localhost/replica:0/task:0/device:MUSA:0,8.0,0.008
UaDIenJvX2,Reshape,/job:localhost/replica:0/task:0/device:MUSA:0,8.0,0.008
n6XyY7fHkR,Reshape,/job:localhost/replica:0/task:0/device:MUSA:0,8.0,0.008
3kBxnr8VvU,ConcatV2,/job:localhost/replica:0/task:0/device:MUSA:0,8.0,0.008
qPWTo1znKg,Pack,/job:localhost/replica:0/task:0/device:MUSA:0,8.0,0.008
mnJMiW2kQI,Relu,/job:localhost/replica:0/task:0/device:MUSA:0,8.0,0.008
tNnjlQcv5g,RealDiv,/job:localhost/replica:0/task:0/device:MUSA:0,8.0,0.008
LTy80h6EXp,Pack,/job:localhost/replica:0/task:0/device:MUSA:0,8.0,0.008
L3N4j2scIf,Pow,/job:localhost/replica:0/task:0/device:MUSA:0,8.0,0.008
UCcFJZf7N6,Reshape,/job:localhost/replica:0/task:0/device:MUSA:0,8.0,0.008
o6ZTFtMp05,Relu,/job:localhost/replica:0/task:0/device:MUSA:0,8.0,0.008
aid8HltEBU,AddV2,/job:localhost/replica:0/task:0/device:MUSA:0,8.0,0.008
3VrGINxduD,Pack,/job:localhost/replica:0/task:0/device:MUSA:0,8.0,0.008
AK8mxjSVBi,Fill,/job:localhost/replica:0/task:0/device:MUSA:0,8.0,0.008
sZ6hkUTJ7L,Relu,/job:localhost/replica:0/task:0/device:MUSA:0,8.0,0.008
PmuYIayqOt,Sigmoid,/job:localhost/replica:0/task:0/device:MUSA:0,8.0,0.008
SDPj5dyEwr,Log,/job:localhost/replica:0/task:0/device:MUSA:0,8.0,0.008
tOSrXIVqik,Sub,/job:localhost/replica:0/task:0/device:MUSA:0,8.0,0.008
jL6xSlrJcF,AddV2,/job:localhost/replica:0/task:0/device:MUSA:0,8.0,0.008
JgeC2KYduO,Pow,/job:localhost/replica:0/task:0/device:MUSA:0,8.0,0.008
hOewGf9DT1,Prod,/job:localhost/replica:0/task:0/device:MUSA:0,8.0,0.008
fPpgaUhQOy,StridedSlice,/job:localhost/replica:0/task:0/device:MUSA:0,8.0,0.008
QxDR1LNT2u,ZerosLike,/job:localhost/replica:0/task:0/device:MUSA:0,8.0,0.008
gwjDmsGzy0,Tanh,/job:localhost/replica:0/task:0/device:MUSA:0,8.0,0.008
rdV6XsiUW3,ZerosLike,/job:localhost/replica:0/task:0/device:MUSA:0,8.0,0.008
O4WypQX3n2,Sub,/job:localhost/replica:0/task:0/device:MUSA:0,8.0,0.008
f8YF6ARdIb,Sub,/job:localhost/replica:0/task:0/device:MUSA:0,7.0,0.007
S78UJ3KmNF,Const,/job:localhost/replica:0/task:0/device:MUSA:0,7.0,0.007
WBX37SQcpi,AddV2,/job:localhost/replica:0/task:0/device:MUSA:0,7.0,0.007
IB937Zzwys,Const,/job:localhost/replica:0/task:0/device:MUSA:0,7.0,0.007
C3Ytrs4gFp,Const,/job:localhost/replica:0/task:0/device:MUSA:0,7.0,0.007
6zOXRmYpHG,Const,/job:localhost/replica:0/task:0/device:MUSA:0,7.0,0.007
SOMraxnRBt,Reshape,/job:localhost/replica:0/task:0/device:MUSA:0,7.0,0.007
LTsy2BdA6K,Const,/job:localhost/replica:0/task:0/device:MUSA:0,7.0,0.007
nkzA2gqdN9,Reshape,/job:localhost/replica:0/task:0/device:MUSA:0,7.0,0.007
bxOLiFdTmC,Const,/job:localhost/replica:0/task:0/device:MUSA:0,7.0,0.007
M2zTZ0Qmpt,Reshape,/job:localhost/replica:0/task:0/device:MUSA:0,7.0,0.007
Ba1MdkZqJX,Reshape,/job:localhost/replica:0/task:0/device:MUSA:0,7.0,0.007
gbOCoBIkcZ,Reshape,/job:localhost/replica:0/task:0/device:MUSA:0,7.0,0.007
9Br3ilYRFL,Reshape,/job:localhost/replica:0/task:0/device:MUSA:0,7.0,0.007
ConstantFolding/2voWzSDXTL_recip,RealDiv,/job:localhost/replica:0/task:0/device:MUSA:0,7.0,0.007
CSliQhOpNU,Reshape,/job:localhost/replica:0/task:0/device:MUSA:0,7.0,0.007
ConstantFolding/MrnpveyxPc_recip,RealDiv,/job:localhost/replica:0/task:0/device:MUSA:0,7.0,0.007
oZtjszIf4M,Reshape,/job:localhost/replica:0/task:0/device:MUSA:0,7.0,0.007
t8I0wYsjZ2,Reshape,/job:localhost/replica:0/task:0/device:MUSA:0,7.0,0.007
B4vRf1FkVO,Reshape,/job:localhost/replica:0/task:0/device:MUSA:0,7.0,0.007
OzpCTybaoY,Reshape,/job:localhost/replica:0/task:0/device:MUSA:0,7.0,0.007
9RQG0b6p1E,Const,/job:localhost/replica:0/task:0/device:MUSA:0,7.0,0.007
Z2apQqMwek,Const,/job:localhost/replica:0/task:0/device:MUSA:0,7.0,0.007
asTLoxh6Iy,Const,/job:localhost/replica:0/task:0/device:MUSA:0,7.0,0.007
lItjVwrYfx,Reshape,/job:localhost/replica:0/task:0/device:MUSA:0,7.0,0.007
JyjTbK4gSR,Const,/job:localhost/replica:0/task:0/device:MUSA:0,7.0,0.007
jJFGN9AIdV,Const,/job:localhost/replica:0/task:0/device:MUSA:0,7.0,0.007
32JolZ9QEn,Const,/job:localhost/replica:0/task:0/device:MUSA:0,7.0,0.007
rh49A8b3zT,Sub,/job:localhost/replica:0/task:0/device:MUSA:0,7.0,0.007
Bx1NTt70Pm,Add,/job:localhost/replica:0/task:0/device:MUSA:0,7.0,0.007
i4MUvCWlQd,RealDiv,/job:localhost/replica:0/task:0/device:MUSA:0,7.0,0.007
VCQEcM5bNY,RealDiv,/job:localhost/replica:0/task:0/device:MUSA:0,7.0,0.007
MBjAYU1ZVv,Const,/job:localhost/replica:0/task:0/device:MUSA:0,7.0,0.007
qBRZmp2NoG,Const,/job:localhost/replica:0/task:0/device:MUSA:0,7.0,0.007
DuzcHI4QEt,Const,/job:localhost/replica:0/task:0/device:MUSA:0,7.0,0.007
Ajid6hzk72,Reshape,/job:localhost/replica:0/task:0/device:MUSA:0,7.0,0.007
Vc6JBvq2j8,Const,/job:localhost/replica:0/task:0/device:MUSA:0,7.0,0.007
1Rz5ydiGFW,Add,/job:localhost/replica:0/task:0/device:MUSA:0,7.0,0.007
2RHLKiqIZr,Const,/job:localhost/replica:0/task:0/device:MUSA:0,7.0,0.007
YCXi5yaUoj,Reshape,/job:localhost/replica:0/task:0/device:MUSA:0,7.0,0.007
WJIHXYiEvP,Reshape,/job:localhost/replica:0/task:0/device:MUSA:0,7.0,0.007
4P5SrYd3a2,Reshape,/job:localhost/replica:0/task:0/device:MUSA:0,7.0,0.007
7CIK8xeUsy,Shape,/job:localhost/replica:0/task:0/device:MUSA:0,7.0,0.007
J1QcThVN0u,RandomUniform,/job:localhost/replica:0/task:0/device:MUSA:0,7.0,0.007
BH0pxuQ5Dm,RandomUniform,/job:localhost/replica:0/task:0/device:MUSA:0,7.0,0.007
qc4CYkHT27,Reshape,/job:localhost/replica:0/task:0/device:MUSA:0,7.0,0.007
NSYVX0PLcr,Slice,/job:localhost/replica:0/task:0/device:MUSA:0,7.0,0.007
DXr91fZNw3,Slice,/job:localhost/replica:0/task:0/device:MUSA:0,7.0,0.007
i9tpvGz28h,Slice,/job:localhost/replica:0/task:0/device:MUSA:0,7.0,0.007
s2vRw53H1Y,Slice,/job:localhost/replica:0/task:0/device:MUSA:0,7.0,0.007
Pd92OjURFc,Slice,/job:localhost/replica:0/task:0/device:MUSA:0,7.0,0.007
yXlT8CmeNa,Slice,/job:localhost/replica:0/task:0/device:MUSA:0,7.0,0.007
PnDL4tF5am,Slice,/job:localhost/replica:0/task:0/device:MUSA:0,7.0,0.007
xGUt4fT10B,Slice,/job:localhost/replica:0/task:0/device:MUSA:0,7.0,0.007
0HV16W3xtc,Slice,/job:localhost/replica:0/task:0/device:MUSA:0,7.0,0.007
ohUuKiSXV6,Slice,/job:localhost/replica:0/task:0/device:MUSA:0,7.0,0.007
XToz5Z2wOH,Slice,/job:localhost/replica:0/task:0/device:MUSA:0,7.0,0.007
1jJSBuAP2p,Slice,/job:localhost/replica:0/task:0/device:MUSA:0,7.0,0.007
3JUaNo2mZi,Slice,/job:localhost/replica:0/task:0/device:MUSA:0,7.0,0.007
R3lQ8tFnaf,Slice,/job:localhost/replica:0/task:0/device:MUSA:0,7.0,0.007
BryYCslPF8,Slice,/job:localhost/replica:0/task:0/device:MUSA:0,7.0,0.007
V8nrAC4jlx,Slice,/job:localhost/replica:0/task:0/device:MUSA:0,7.0,0.007
OhxE6fjL95,Slice,/job:localhost/replica:0/task:0/device:MUSA:0,7.0,0.007
FBqdv27XZh,Slice,/job:localhost/replica:0/task:0/device:MUSA:0,7.0,0.007
VvcUJwT6Wg,Slice,/job:localhost/replica:0/task:0/device:MUSA:0,7.0,0.007
4QzZDu0Amd,Slice,/job:localhost/replica:0/task:0/device:MUSA:0,7.0,0.007
l7jYhf3Pub,Slice,/job:localhost/replica:0/task:0/device:MUSA:0,7.0,0.007
rSCVXFxzOa,Fill,/job:localhost/replica:0/task:0/device:MUSA:0,7.0,0.007
8e23RjwLtI,Less,/job:localhost/replica:0/task:0/device:MUSA:0,7.0,0.007
KvmQZ15lya,Select,/job:localhost/replica:0/task:0/device:MUSA:0,7.0,0.007
EoDg6mts0h,Relu,/job:localhost/replica:0/task:0/device:MUSA:0,7.0,0.007
DF85uH0qP4,Less,/job:localhost/replica:0/task:0/device:MUSA:0,7.0,0.007
0Bfhgsobu7,RandomUniform,/job:localhost/replica:0/task:0/device:MUSA:0,7.0,0.007
sEl7NbZKWi,Tanh,/job:localhost/replica:0/task:0/device:MUSA:0,7.0,0.007
rO2DeJqRNy,Select,/job:localhost/replica:0/task:0/device:MUSA:0,7.0,0.007
Yf4NZcupSL,Sum,/job:localhost/replica:0/task:0/device:MUSA:0,7.0,0.007
8lQn57vCpO,Pow,/job:localhost/replica:0/task:0/device:MUSA:0,7.0,0.007
ygf0Ovoj97,MatMul,/job:localhost/replica:0/task:0/device:MUSA:0,7.0,0.007
BH7r9bqNGT,Sub,/job:localhost/replica:0/task:0/device:MUSA:0,7.0,0.007
Ly80m397RA,Transpose,/job:localhost/replica:0/task:0/device:MUSA:0,7.0,0.007
qJH34Ftpbw,Mul,/job:localhost/replica:0/task:0/device:MUSA:0,7.0,0.007
z2AIoPwfyq,RealDiv,/job:localhost/replica:0/task:0/device:MUSA:0,7.0,0.007
Q6JEpRmDMe,AddV2,/job:localhost/replica:0/task:0/device:MUSA:0,7.0,0.007
8z4FJhZvQr,Sigmoid,/job:localhost/replica:0/task:0/device:MUSA:0,7.0,0.007
2TE0rD8Hpb,Reshape,/job:localhost/replica:0/task:0/device:MUSA:0,7.0,0.007
VYPzQG4uLH,Add,/job:localhost/replica:0/task:0/device:MUSA:0,7.0,0.007
x5WC1X8MEq,Pow,/job:localhost/replica:0/task:0/device:MUSA:0,7.0,0.007
nNdvsE9jCO,RealDiv,/job:localhost/replica:0/task:0/device:MUSA:0,7.0,0.007
HPq1lOnJ5t,Sub,/job:localhost/replica:0/task:0/device:MUSA:0,7.0,0.007
VsIXtgQ49U,RealDiv,/job:localhost/replica:0/task:0/device:MUSA:0,7.0,0.007
7PeR3wASOt,RealDiv,/job:localhost/replica:0/task:0/device:MUSA:0,7.0,0.007
8lE7KTAybz,Reshape,/job:localhost/replica:0/task:0/device:MUSA:0,7.0,0.007
oU7BtxeNd0,Pack,/job:localhost/replica:0/task:0/device:MUSA:0,7.0,0.007
2AVIu5HpSd,RealDiv,/job:localhost/replica:0/task:0/device:MUSA:0,7.0,0.007
lNU9CKryY5,Sigmoid,/job:localhost/replica:0/task:0/device:MUSA:0,7.0,0.007
vCTtcLWZUu,Sub,/job:localhost/replica:0/task:0/device:MUSA:0,7.0,0.007
wlfNXuW46S,Pow,/job:localhost/replica:0/task:0/device:MUSA:0,7.0,0.007
6X8jtIQlbn,Add,/job:localhost/replica:0/task:0/device:MUSA:0,7.0,0.007
ow1nXU29J6,Sub,/job:localhost/replica:0/task:0/device:MUSA:0,7.0,0.007
hXSU1njugI,Neg,/job:localhost/replica:0/task:0/device:MUSA:0,7.0,0.007
Rgs3LqaFwN,Log,/job:localhost/replica:0/task:0/device:MUSA:0,7.0,0.007
YZC8Lv4by9,Pow,/job:localhost/replica:0/task:0/device:MUSA:0,7.0,0.007
AoXTcR0fOt,AddV2,/job:localhost/replica:0/task:0/device:MUSA:0,7.0,0.007
KuDlmW83xt,Pow,/job:localhost/replica:0/task:0/device:MUSA:0,7.0,0.007
KfqGHYPV7I,Sub,/job:localhost/replica:0/task:0/device:MUSA:0,7.0,0.007
x5pHQhfuwT,RealDiv,/job:localhost/replica:0/task:0/device:MUSA:0,7.0,0.007
Ki7rxqp4nf,Pow,/job:localhost/replica:0/task:0/device:MUSA:0,7.0,0.007
rtqImLlsc1,Rsqrt,/job:localhost/replica:0/task:0/device:MUSA:0,7.0,0.007
2bjBrtDMan,Pow,/job:localhost/replica:0/task:0/device:MUSA:0,7.0,0.007
N4AkLi8a0l,Add,/job:localhost/replica:0/task:0/device:MUSA:0,7.0,0.007
sSEalL9Dwz,Rsqrt,/job:localhost/replica:0/task:0/device:MUSA:0,7.0,0.007
vYhRw8xoZE,AddV2,/job:localhost/replica:0/task:0/device:MUSA:0,7.0,0.007
Dofw36ZYLv,Sigmoid,/job:localhost/replica:0/task:0/device:MUSA:0,7.0,0.007
8lmdCIx6tZ,Pow,/job:localhost/replica:0/task:0/device:MUSA:0,7.0,0.007
Z4ALTJHsRu,Reshape,/job:localhost/replica:0/task:0/device:MUSA:0,7.0,0.007
05Ikmlovht,Sub,/job:localhost/replica:0/task:0/device:MUSA:0,7.0,0.007
ZeHpxF3cma,Pow,/job:localhost/replica:0/task:0/device:MUSA:0,7.0,0.007
1YWczw3mMi,MatMul,/job:localhost/replica:0/task:0/device:MUSA:0,7.0,0.007
lukKpCT4SQ,Relu,/job:localhost/replica:0/task:0/device:MUSA:0,7.0,0.007
OBwdutls0Z,Pow,/job:localhost/replica:0/task:0/device:MUSA:0,7.0,0.007
cJqoh1WnYj,MatMul,/job:localhost/replica:0/task:0/device:MUSA:0,7.0,0.007
TkcYdJ5X4W,Tile,/job:localhost/replica:0/task:0/device:MUSA:0,7.0,0.007
rLygt9XYB8,Reshape,/job:localhost/replica:0/task:0/device:MUSA:0,7.0,0.007
49wdQANJT7,Reshape,/job:localhost/replica:0/task:0/device:MUSA:0,7.0,0.007
9olXVDFI3d,Sub,/job:localhost/replica:0/task:0/device:MUSA:0,7.0,0.007
GAHUF5eX3d,Add,/job:localhost/replica:0/task:0/device:MUSA:0,7.0,0.007
OlVKRA1TDu,MatMul,/job:localhost/replica:0/task:0/device:MUSA:0,7.0,0.007
WwOxEgcmI0,MatMul,/job:localhost/replica:0/task:0/device:MUSA:0,7.0,0.007
VbtSrx1ud6,Log,/job:localhost/replica:0/task:0/device:MUSA:0,7.0,0.007
uJox21KHpc,Add,/job:localhost/replica:0/task:0/device:MUSA:0,7.0,0.007
b8RMZDgtuL,Sub,/job:localhost/replica:0/task:0/device:MUSA:0,7.0,0.007
iQ4W1ketbF,Pack,/job:localhost/replica:0/task:0/device:MUSA:0,7.0,0.007
kz8WBPmMVt,Pack,/job:localhost/replica:0/task:0/device:MUSA:0,7.0,0.007
wlD0uKyMd9,Fill,/job:localhost/replica:0/task:0/device:MUSA:0,7.0,0.007
lJ5PoEzA24,Relu,/job:localhost/replica:0/task:0/device:MUSA:0,7.0,0.007
OY84EDQktx,Exp,/job:localhost/replica:0/task:0/device:MUSA:0,7.0,0.007
YOouEd2qHb,RealDiv,/job:localhost/replica:0/task:0/device:MUSA:0,7.0,0.007
b1IN5ArORt,Sub,/job:localhost/replica:0/task:0/device:MUSA:0,7.0,0.007
THoNF1exib,Pow,/job:localhost/replica:0/task:0/device:MUSA:0,7.0,0.007
91jGzYhvRl,Const,/job:localhost/replica:0/task:0/device:MUSA:0,6.0,0.006
bB6crAs2J5,Const,/job:localhost/replica:0/task:0/device:MUSA:0,6.0,0.006
it8KBRT4As,Const,/job:localhost/replica:0/task:0/device:MUSA:0,6.0,0.006
1AXl0kNE5F,Const,/job:localhost/replica:0/task:0/device:MUSA:0,6.0,0.006
ConstantFolding/epRUWzGNgu_recip,RealDiv,/job:localhost/replica:0/task:0/device:MUSA:0,6.0,0.006
OQZdzLMKr5,Reshape,/job:localhost/replica:0/task:0/device:MUSA:0,6.0,0.006
ConstantFolding/xc0Q9JYk5z_recip,RealDiv,/job:localhost/replica:0/task:0/device:MUSA:0,6.0,0.006
TqQcdup9GH,Reshape,/job:localhost/replica:0/task:0/device:MUSA:0,6.0,0.006
hrsDPv8OuN,Reshape,/job:localhost/replica:0/task:0/device:MUSA:0,6.0,0.006
PCnTerjX40,Reshape,/job:localhost/replica:0/task:0/device:MUSA:0,6.0,0.006
NsOmrK3Vqn,Reshape,/job:localhost/replica:0/task:0/device:MUSA:0,6.0,0.006
NAB2MSDGaP,Reshape,/job:localhost/replica:0/task:0/device:MUSA:0,6.0,0.006
7jH8AtQdJn,Const,/job:localhost/replica:0/task:0/device:MUSA:0,6.0,0.006
AjqMHKgsyh,Const,/job:localhost/replica:0/task:0/device:MUSA:0,6.0,0.006
yV74sj1oJi,Reshape,/job:localhost/replica:0/task:0/device:MUSA:0,6.0,0.006
Andwv9GaUt,Reshape,/job:localhost/replica:0/task:0/device:MUSA:0,6.0,0.006
Z2dDOzELm8,Reshape,/job:localhost/replica:0/task:0/device:MUSA:0,6.0,0.006
wyFDrJvcio,Reshape,/job:localhost/replica:0/task:0/device:MUSA:0,6.0,0.006
akcUlQ5ioz,Reshape,/job:localhost/replica:0/task:0/device:MUSA:0,6.0,0.006
Nq5BYIHM7R,Reshape,/job:localhost/replica:0/task:0/device:MUSA:0,6.0,0.006
T5Kqltmx2c,Reshape,/job:localhost/replica:0/task:0/device:MUSA:0,6.0,0.006
RH4pVQA5ux,Reshape,/job:localhost/replica:0/task:0/device:MUSA:0,6.0,0.006
CBvsqpGVDy,Reshape,/job:localhost/replica:0/task:0/device:MUSA:0,6.0,0.006
IylQJoBOUp,Reshape,/job:localhost/replica:0/task:0/device:MUSA:0,6.0,0.006
6npIY0wyv2,Const,/job:localhost/replica:0/task:0/device:MUSA:0,6.0,0.006
ZSOgQ2RWIY,Const,/job:localhost/replica:0/task:0/device:MUSA:0,6.0,0.006
az5XtMfLOZ,Const,/job:localhost/replica:0/task:0/device:MUSA:0,6.0,0.006
oiqPgBWDHQ,Const,/job:localhost/replica:0/task:0/device:MUSA:0,6.0,0.006
g0qQerK7Pm,Reshape,/job:localhost/replica:0/task:0/device:MUSA:0,6.0,0.006
TLMhka2V3J,Const,/job:localhost/replica:0/task:0/device:MUSA:0,6.0,0.006
56bvewPSnu,Const,/job:localhost/replica:0/task:0/device:MUSA:0,6.0,0.006
N8BE71uqA0,Const,/job:localhost/replica:0/task:0/device:MUSA:0,6.0,0.006
WvMZPlhHUf,Reshape,/job:localhost/replica:0/task:0/device:MUSA:0,6.0,0.006
Lo5gHlD3Sj,Const,/job:localhost/replica:0/task:0/device:MUSA:0,6.0,0.006
nQBKkWcrf5,Const,/job:localhost/replica:0/task:0/device:MUSA:0,6.0,0.006
5xzSXhTaGn,Const,/job:localhost/replica:0/task:0/device:MUSA:0,6.0,0.006
MXjZ7CTyA5,Const,/job:localhost/replica:0/task:0/device:MUSA:0,6.0,0.006
EqvLhBT7WH,Sqrt,/job:localhost/replica:0/task:0/device:MUSA:0,6.0,0.006
cze6yh8guR,Reshape,/job:localhost/replica:0/task:0/device:MUSA:0,6.0,0.006
leH2dvOPj9,Const,/job:localhost/replica:0/task:0/device:MUSA:0,6.0,0.006
c8CSQxkjps,Sqrt,/job:localhost/replica:0/task:0/device:MUSA:0,6.0,0.006
5WZFY3mhbT,Const,/job:localhost/replica:0/task:0/device:MUSA:0,6.0,0.006
zAXZCGj5dL,Const,/job:localhost/replica:0/task:0/device:MUSA:0,6.0,0.006
tjTSBnCdlg,Sub,/job:localhost/replica:0/task:0/device:MUSA:0,6.0,0.006
aUM2sQEZ4I,Shape,/job:localhost/replica:0/task:0/device:MUSA:0,6.0,0.006
ConstantFolding/tbBG53QdK8_const_axis,Pack,/job:localhost/replica:0/task:0/device:MUSA:0,6.0,0.006
rcG5gXbMVu,Shape,/job:localhost/replica:0/task:0/device:MUSA:0,6.0,0.006
jdBNK3fzTI,Shape,/job:localhost/replica:0/task:0/device:MUSA:0,6.0,0.006
HM4D8n9lhZ,Shape,/job:localhost/replica:0/task:0/device:MUSA:0,6.0,0.006
lbz9cCxJQI,Shape,/job:localhost/replica:0/task:0/device:MUSA:0,6.0,0.006
gulTIfcCO1,Shape,/job:localhost/replica:0/task:0/device:MUSA:0,6.0,0.006
yeTFUcr3P1,Shape,/job:localhost/replica:0/task:0/device:MUSA:0,6.0,0.006
Mx3bUWswad,Shape,/job:localhost/replica:0/task:0/device:MUSA:0,6.0,0.006
DXohEma30w,Pack,/job:localhost/replica:0/task:0/device:MUSA:0,6.0,0.006
sz6dSNLH9E,Slice,/job:localhost/replica:0/task:0/device:MUSA:0,6.0,0.006
ODGvihfazr,Slice,/job:localhost/replica:0/task:0/device:MUSA:0,6.0,0.006
eu5wlGyHd7,Slice,/job:localhost/replica:0/task:0/device:MUSA:0,6.0,0.006
Dj3F1qXe0g,Slice,/job:localhost/replica:0/task:0/device:MUSA:0,6.0,0.006
FdPQ1pKXUr,Slice,/job:localhost/replica:0/task:0/device:MUSA:0,6.0,0.006
x54BP6wCi9,Slice,/job:localhost/replica:0/task:0/device:MUSA:0,6.0,0.006
VRJOTbidY3,Slice,/job:localhost/replica:0/task:0/device:MUSA:0,6.0,0.006
1vdyAfZC6R,MatMul,/job:localhost/replica:0/task:0/device:MUSA:0,6.0,0.006
HjtuO9izJP,MatMul,/job:localhost/replica:0/task:0/device:MUSA:0,6.0,0.006
56Iy3hjfZF,Sub,/job:localhost/replica:0/task:0/device:MUSA:0,6.0,0.006
LnoTxG4VbO,Prod,/job:localhost/replica:0/task:0/device:MUSA:0,6.0,0.006
jJc3LbyUPk,Fill,/job:localhost/replica:0/task:0/device:MUSA:0,6.0,0.006
AKkNwEaoqg,MatMul,/job:localhost/replica:0/task:0/device:MUSA:0,6.0,0.006
IyX7sroxBT,Log,/job:localhost/replica:0/task:0/device:MUSA:0,6.0,0.006
kjcTxRylLa,Relu,/job:localhost/replica:0/task:0/device:MUSA:0,6.0,0.006
D3s0F47GAf,Sub,/job:localhost/replica:0/task:0/device:MUSA:0,6.0,0.006
eB2W64USh1,Reshape,/job:localhost/replica:0/task:0/device:MUSA:0,6.0,0.006
B0HMZkFNpz,RealDiv,/job:localhost/replica:0/task:0/device:MUSA:0,6.0,0.006
qvm63ACaK2,RealDiv,/job:localhost/replica:0/task:0/device:MUSA:0,6.0,0.006
zKu2GihCtV,AddV2,/job:localhost/replica:0/task:0/device:MUSA:0,6.0,0.006
p3Bqi2MUDI,Reshape,/job:localhost/replica:0/task:0/device:MUSA:0,6.0,0.006
bmed0l9REZ,Pow,/job:localhost/replica:0/task:0/device:MUSA:0,6.0,0.006
8ZEwNzupGi,Sub,/job:localhost/replica:0/task:0/device:MUSA:0,6.0,0.006
hHPdkjFQqf,Reshape,/job:localhost/replica:0/task:0/device:MUSA:0,6.0,0.006
eDTOKmyFuf,Sub,/job:localhost/replica:0/task:0/device:MUSA:0,6.0,0.006
mCb65gVUwX,Reshape,/job:localhost/replica:0/task:0/device:MUSA:0,6.0,0.006
H2EGOZJrTt,Sub,/job:localhost/replica:0/task:0/device:MUSA:0,6.0,0.006
xp0leBasuN,RealDiv,/job:localhost/replica:0/task:0/device:MUSA:0,6.0,0.006
aCnhkpvbUq,Reshape,/job:localhost/replica:0/task:0/device:MUSA:0,6.0,0.006
XQh8HTO1Sb,Rsqrt,/job:localhost/replica:0/task:0/device:MUSA:0,6.0,0.006
4FxHuE72ow,Pow,/job:localhost/replica:0/task:0/device:MUSA:0,6.0,0.006
v079hoiHOG,RealDiv,/job:localhost/replica:0/task:0/device:MUSA:0,6.0,0.006
eaoBszD70p,AddV2,/job:localhost/replica:0/task:0/device:MUSA:0,6.0,0.006
DqexIbRi85,Sub,/job:localhost/replica:0/task:0/device:MUSA:0,6.0,0.006
pv7wrXHGiL,Log,/job:localhost/replica:0/task:0/device:MUSA:0,6.0,0.006
lkQ3i1OwHs,RealDiv,/job:localhost/replica:0/task:0/device:MUSA:0,6.0,0.006
M0iwLSnvaz,AddV2,/job:localhost/replica:0/task:0/device:MUSA:0,6.0,0.006
Y07H2gCf6B,Sub,/job:localhost/replica:0/task:0/device:MUSA:0,6.0,0.006
4ypO2b71Y5,MatMul,/job:localhost/replica:0/task:0/device:MUSA:0,6.0,0.006
3kn6facC1v,MatMul,/job:localhost/replica:0/task:0/device:MUSA:0,6.0,0.006
eiJC9WvpHr,Reshape,/job:localhost/replica:0/task:0/device:MUSA:0,6.0,0.006
ZLYEzfKj67,Reshape,/job:localhost/replica:0/task:0/device:MUSA:0,6.0,0.006
N8nqhaB4jV,Reshape,/job:localhost/replica:0/task:0/device:MUSA:0,6.0,0.006
IYU1Td7ktr,Reshape,/job:localhost/replica:0/task:0/device:MUSA:0,6.0,0.006
V7aBYZwPQl,Relu,/job:localhost/replica:0/task:0/device:MUSA:0,6.0,0.006
kIB3TOj4rY,Reshape,/job:localhost/replica:0/task:0/device:MUSA:0,6.0,0.006
YSWojGKFQ3,Relu,/job:localhost/replica:0/task:0/device:MUSA:0,6.0,0.006
cQmJL5kIsn,Pack,/job:localhost/replica:0/task:0/device:MUSA:0,6.0,0.006
OwrRHpE4zs,Sub,/job:localhost/replica:0/task:0/device:MUSA:0,6.0,0.006
EVxif49uXr,Pow,/job:localhost/replica:0/task:0/device:MUSA:0,6.0,0.006
1RChmWxKl9,Pow,/job:localhost/replica:0/task:0/device:MUSA:0,6.0,0.006
07j2tyAYwd,Pack,/job:localhost/replica:0/task:0/device:MUSA:0,6.0,0.006
KRnQ48ZLmc,MatMul,/job:localhost/replica:0/task:0/device:MUSA:0,6.0,0.006
uDiAOCagy5,Relu,/job:localhost/replica:0/task:0/device:MUSA:0,6.0,0.006
LVHTURKGqw,Log,/job:localhost/replica:0/task:0/device:MUSA:0,6.0,0.006
SIeaYLmkXi,Sigmoid,/job:localhost/replica:0/task:0/device:MUSA:0,6.0,0.006
jJpYXmhnvN,Add,/job:localhost/replica:0/task:0/device:MUSA:0,6.0,0.006
4hPZHAESym,Rsqrt,/job:localhost/replica:0/task:0/device:MUSA:0,6.0,0.006
oXBW49j2qc,AddV2,/job:localhost/replica:0/task:0/device:MUSA:0,6.0,0.006
EtvPF3hmlr,AddV2,/job:localhost/replica:0/task:0/device:MUSA:0,6.0,0.006
hT2SoP6ujL,Mul,/job:localhost/replica:0/task:0/device:MUSA:0,6.0,0.006
fDobswXJON,Pow,/job:localhost/replica:0/task:0/device:MUSA:0,6.0,0.006
dB9vzpwOUh,Add,/job:localhost/replica:0/task:0/device:MUSA:0,6.0,0.006
MDO28KCvSU,Add,/job:localhost/replica:0/task:0/device:MUSA:0,6.0,0.006
A79MqBSg03,Mul,/job:localhost/replica:0/task:0/device:MUSA:0,6.0,0.006
sFZiPKga0R,Pow,/job:localhost/replica:0/task:0/device:MUSA:0,6.0,0.006
CAjo9BOvlt,Sub,/job:localhost/replica:0/task:0/device:MUSA:0,6.0,0.006
wArtsRTyJc,Sub,/job:localhost/replica:0/task:0/device:MUSA:0,6.0,0.006
qUfwMzKCoP,Exp,/job:localhost/replica:0/task:0/device:MUSA:0,6.0,0.006
OpIHguYGjX,RealDiv,/job:localhost/replica:0/task:0/device:MUSA:0,6.0,0.006
n43Txvf7Io,Log1p,/job:localhost/replica:0/task:0/device:MUSA:0,6.0,0.006
sMQ4z1Zrpd,Neg,/job:localhost/replica:0/task:0/device:MUSA:0,6.0,0.006
bjzmTFs9xi,RealDiv,/job:localhost/replica:0/task:0/device:MUSA:0,6.0,0.006
GQ5byq6xjJ,Select,/job:localhost/replica:0/task:0/device:MUSA:0,6.0,0.006
2grZqwfROo,Sub,/job:localhost/replica:0/task:0/device:MUSA:0,6.0,0.006
kzYEUJuTIa,Const,/job:localhost/replica:0/task:0/device:MUSA:0,5.0,0.005
tpIKzsnw0S,Reshape,/job:localhost/replica:0/task:0/device:MUSA:0,5.0,0.005
yB0YoSjKhv,AddV2,/job:localhost/replica:0/task:0/device:MUSA:0,5.0,0.005
WruAsOfEnV,Reshape,/job:localhost/replica:0/task:0/device:MUSA:0,5.0,0.005
K610xpcsCj,Const,/job:localhost/replica:0/task:0/device:MUSA:0,5.0,0.005
wCh7H1zgyi,Const,/job:localhost/replica:0/task:0/device:MUSA:0,5.0,0.005
pSGl2B8N9O,Const,/job:localhost/replica:0/task:0/device:MUSA:0,5.0,0.005
ag8f1Lrn7t,Const,/job:localhost/replica:0/task:0/device:MUSA:0,5.0,0.005
0QiGoHIXx8,Const,/job:localhost/replica:0/task:0/device:MUSA:0,5.0,0.005
8vVMmuqwpY,Reshape,/job:localhost/replica:0/task:0/device:MUSA:0,5.0,0.005
1y5R7NrGVh,Const,/job:localhost/replica:0/task:0/device:MUSA:0,5.0,0.005
5yi9P7ct38,Reshape,/job:localhost/replica:0/task:0/device:MUSA:0,5.0,0.005
ConstantFolding/HudsPR3EbV_recip,RealDiv,/job:localhost/replica:0/task:0/device:MUSA:0,5.0,0.005
Sth9zMu38L,Const,/job:localhost/replica:0/task:0/device:MUSA:0,5.0,0.005
v1uwzoRicx,Const,/job:localhost/replica:0/task:0/device:MUSA:0,5.0,0.005
b8LcsuPXxk,Reshape,/job:localhost/replica:0/task:0/device:MUSA:0,5.0,0.005
QMIBrln0Sq,Reshape,/job:localhost/replica:0/task:0/device:MUSA:0,5.0,0.005
SpjmzT4Xr0,Const,/job:localhost/replica:0/task:0/device:MUSA:0,5.0,0.005
ConstantFolding/thxIUevPfQ_recip,RealDiv,/job:localhost/replica:0/task:0/device:MUSA:0,5.0,0.005
r8h0DLFzjn,Reshape,/job:localhost/replica:0/task:0/device:MUSA:0,5.0,0.005
PsafDviMk8,Const,/job:localhost/replica:0/task:0/device:MUSA:0,5.0,0.005
291qeA4NLg,Reshape,/job:localhost/replica:0/task:0/device:MUSA:0,5.0,0.005
fjMOqXCEBS,Const,/job:localhost/replica:0/task:0/device:MUSA:0,5.0,0.005
awqsNtTLXi,Reshape,/job:localhost/replica:0/task:0/device:MUSA:0,5.0,0.005
Pz19MdRtV6,Reshape,/job:localhost/replica:0/task:0/device:MUSA:0,5.0,0.005
ConstantFolding/OGYQArRhXk_recip,RealDiv,/job:localhost/replica:0/task:0/device:MUSA:0,5.0,0.005
Xs5yNVKbH9,Const,/job:localhost/replica:0/task:0/device:MUSA:0,5.0,0.005
o0irWxnQ1J,Const,/job:localhost/replica:0/task:0/device:MUSA:0,5.0,0.005
0Hc7OmQuTn,Reshape,/job:localhost/replica:0/task:0/device:MUSA:0,5.0,0.005
0AXRs7ul4b,Reshape,/job:localhost/replica:0/task:0/device:MUSA:0,5.0,0.005
4eyv32lhKd,Const,/job:localhost/replica:0/task:0/device:MUSA:0,5.0,0.005
y9SUGdwPTz,Const,/job:localhost/replica:0/task:0/device:MUSA:0,5.0,0.005
C0qh1fnKiY,Reshape,/job:localhost/replica:0/task:0/device:MUSA:0,5.0,0.005
Rxa0WDUMO9,Const,/job:localhost/replica:0/task:0/device:MUSA:0,5.0,0.005
KZMGjRsQL2,Const,/job:localhost/replica:0/task:0/device:MUSA:0,5.0,0.005
mMngOEVihb,Const,/job:localhost/replica:0/task:0/device:MUSA:0,5.0,0.005
XRcmFY8r3U,Const,/job:localhost/replica:0/task:0/device:MUSA:0,5.0,0.005
iN8LEBd09e,Reshape,/job:localhost/replica:0/task:0/device:MUSA:0,5.0,0.005
ZMDaYje0A8,Const,/job:localhost/replica:0/task:0/device:MUSA:0,5.0,0.005
7MSX1E02Zz,Reshape,/job:localhost/replica:0/task:0/device:MUSA:0,5.0,0.005
hLC1NaMKUT,Shape,/job:localhost/replica:0/task:0/device:MUSA:0,5.0,0.005
SIfgTXpUVP,Shape,/job:localhost/replica:0/task:0/device:MUSA:0,5.0,0.005
7swXfCAqMz,Shape,/job:localhost/replica:0/task:0/device:MUSA:0,5.0,0.005
1YXxabQtsq,Reshape,/job:localhost/replica:0/task:0/device:MUSA:0,5.0,0.005
xGrmnDbtTH,Slice,/job:localhost/replica:0/task:0/device:MUSA:0,5.0,0.005
eaRpNjKQqt,Slice,/job:localhost/replica:0/task:0/device:MUSA:0,5.0,0.005
tne9HU6Vha,RandomUniform,/job:localhost/replica:0/task:0/device:MUSA:0,5.0,0.005
UtK2Wc8kNQ,Tanh,/job:localhost/replica:0/task:0/device:MUSA:0,5.0,0.005
giEb8JFfMW,ZerosLike,/job:localhost/replica:0/task:0/device:MUSA:0,5.0,0.005
bWCDpYoUH0,Shape,/job:localhost/replica:0/task:0/device:MUSA:0,5.0,0.005
sOcyBmSRMT,Shape,/job:localhost/replica:0/task:0/device:MUSA:0,5.0,0.005
NjKvTFDsmt,RealDiv,/job:localhost/replica:0/task:0/device:MUSA:0,5.0,0.005
hygafTkbzv,Pack,/job:localhost/replica:0/task:0/device:MUSA:0,5.0,0.005
qIDucrJo2C,RealDiv,/job:localhost/replica:0/task:0/device:MUSA:0,5.0,0.005
0SNmApCbMI,RealDiv,/job:localhost/replica:0/task:0/device:MUSA:0,5.0,0.005
AEp1e3hUZX,Sub,/job:localhost/replica:0/task:0/device:MUSA:0,5.0,0.005
MoAenXI51v,Sub,/job:localhost/replica:0/task:0/device:MUSA:0,5.0,0.005
C4W6fbLcPS,Sum,/job:localhost/replica:0/task:0/device:MUSA:0,5.0,0.005
pRE94iCouk,Mul,/job:localhost/replica:0/task:0/device:MUSA:0,5.0,0.005
QiABmJD7bG,Reshape,/job:localhost/replica:0/task:0/device:MUSA:0,5.0,0.005
SEVPdLYOtH,Reshape,/job:localhost/replica:0/task:0/device:MUSA:0,5.0,0.005
28GvJodUDn,Sub,/job:localhost/replica:0/task:0/device:MUSA:0,5.0,0.005
MkZKVUG3ge,AddV2,/job:localhost/replica:0/task:0/device:MUSA:0,5.0,0.005
aHYGbKEqFw,Sub,/job:localhost/replica:0/task:0/device:MUSA:0,5.0,0.005
ABNdMkQWZR,AddV2,/job:localhost/replica:0/task:0/device:MUSA:0,5.0,0.005
2skVQ8Nr1v,Sub,/job:localhost/replica:0/task:0/device:MUSA:0,5.0,0.005
rOzgwXh0aE,Reshape,/job:localhost/replica:0/task:0/device:MUSA:0,5.0,0.005
pBLjFHzq9o,AddV2,/job:localhost/replica:0/task:0/device:MUSA:0,5.0,0.005
FNpRAaj7yr,Relu,/job:localhost/replica:0/task:0/device:MUSA:0,5.0,0.005
rhvFbHOgtG,Reshape,/job:localhost/replica:0/task:0/device:MUSA:0,5.0,0.005
kxg84ODfX5,Relu,/job:localhost/replica:0/task:0/device:MUSA:0,5.0,0.005
3Ao4ns2jxL,Reshape,/job:localhost/replica:0/task:0/device:MUSA:0,5.0,0.005
fKyxrlATaI,Pow,/job:localhost/replica:0/task:0/device:MUSA:0,5.0,0.005
NIcxF759ZM,Reshape,/job:localhost/replica:0/task:0/device:MUSA:0,5.0,0.005
x06sC5ycZ4,Reshape,/job:localhost/replica:0/task:0/device:MUSA:0,5.0,0.005
rGNvF5YoAp,Pack,/job:localhost/replica:0/task:0/device:MUSA:0,5.0,0.005
EZoFLqvHAm,Shape,/job:localhost/replica:0/task:0/device:MUSA:0,5.0,0.005
i17jvSI9tr,Pack,/job:localhost/replica:0/task:0/device:MUSA:0,5.0,0.005
ZrHDdPEQb7,ConcatV2,/job:localhost/replica:0/task:0/device:MUSA:0,5.0,0.005
Qs6ejO3tdq,Relu,/job:localhost/replica:0/task:0/device:MUSA:0,5.0,0.005
0NS7GrTiOa,RealDiv,/job:localhost/replica:0/task:0/device:MUSA:0,5.0,0.005
E9jp3BmyL2,Rsqrt,/job:localhost/replica:0/task:0/device:MUSA:0,5.0,0.005
1cWFpmawTn,Pow,/job:localhost/replica:0/task:0/device:MUSA:0,5.0,0.005
8KJ70PpqED,Sub,/job:localhost/replica:0/task:0/device:MUSA:0,5.0,0.005
N6I8idpGvj,Add,/job:localhost/replica:0/task:0/device:MUSA:0,5.0,0.005
mo6M9YTEK5,Log,/job:localhost/replica:0/task:0/device:MUSA:0,5.0,0.005
9PE0fakdoZ,Pow,/job:localhost/replica:0/task:0/device:MUSA:0,5.0,0.005
GgaziJlYTO,Mul,/job:localhost/replica:0/task:0/device:MUSA:0,5.0,0.005
cHeU8xbhZ0,RealDiv,/job:localhost/replica:0/task:0/device:MUSA:0,5.0,0.005
uTUxdleFCV,Prod,/job:localhost/replica:0/task:0/device:MUSA:0,5.0,0.005
fHgpZA0XIk,AddV2,/job:localhost/replica:0/task:0/device:MUSA:0,5.0,0.005
SYh8EHTMX3,Reshape,/job:localhost/replica:0/task:0/device:MUSA:0,4.0,0.004
be4V3Uhr2z,Const,/job:localhost/replica:0/task:0/device:MUSA:0,4.0,0.004
bsHuTIQfJj,Reshape,/job:localhost/replica:0/task:0/device:MUSA:0,4.0,0.004
yFIuMXiz61,Reshape,/job:localhost/replica:0/task:0/device:MUSA:0,4.0,0.004
wk7rvnZ9hz,Const,/job:localhost/replica:0/task:0/device:MUSA:0,4.0,0.004
Lq5uR68l4o,Const,/job:localhost/replica:0/task:0/device:MUSA:0,4.0,0.004
pAgvu5VRCt,Const,/job:localhost/replica:0/task:0/device:MUSA:0,4.0,0.004
6cjwP2R5T8,Reshape,/job:localhost/replica:0/task:0/device:MUSA:0,4.0,0.004
HYxdDFofjV,Const,/job:localhost/replica:0/task:0/device:MUSA:0,4.0,0.004
lNySZd4gGe,Reshape,/job:localhost/replica:0/task:0/device:MUSA:0,4.0,0.004
Wp2nhXMbCE,Reshape,/job:localhost/replica:0/task:0/device:MUSA:0,4.0,0.004
524WrnEeAV,Reshape,/job:localhost/replica:0/task:0/device:MUSA:0,4.0,0.004
B6RDqf19LT,Reshape,/job:localhost/replica:0/task:0/device:MUSA:0,4.0,0.004
t6GAioXq7d,Const,/job:localhost/replica:0/task:0/device:MUSA:0,4.0,0.004
raXSTQU6hs,Const,/job:localhost/replica:0/task:0/device:MUSA:0,4.0,0.004
wysWrT1Ed2,Reshape,/job:localhost/replica:0/task:0/device:MUSA:0,4.0,0.004
m5EHPaLlxB,Const,/job:localhost/replica:0/task:0/device:MUSA:0,4.0,0.004
Rd8m9IrAfl,Sub,/job:localhost/replica:0/task:0/device:MUSA:0,4.0,0.004
BuyoYnsdKR,Const,/job:localhost/replica:0/task:0/device:MUSA:0,4.0,0.004
h0yFTiCNmq,Reshape,/job:localhost/replica:0/task:0/device:MUSA:0,4.0,0.004
SPFrwlORGj,Const,/job:localhost/replica:0/task:0/device:MUSA:0,4.0,0.004
LQ09sptAID,Sub,/job:localhost/replica:0/task:0/device:MUSA:0,4.0,0.004
1HU4fabtcE,Reshape,/job:localhost/replica:0/task:0/device:MUSA:0,4.0,0.004
3loEYnMfDP,Reshape,/job:localhost/replica:0/task:0/device:MUSA:0,4.0,0.004
wW9otnyfDa,Reshape,/job:localhost/replica:0/task:0/device:MUSA:0,4.0,0.004
c2YdeAXV5G,Reshape,/job:localhost/replica:0/task:0/device:MUSA:0,4.0,0.004
UhYpLZFnT7,Reshape,/job:localhost/replica:0/task:0/device:MUSA:0,4.0,0.004
Cbqj87MwPk,Const,/job:localhost/replica:0/task:0/device:MUSA:0,4.0,0.004
GlBSi4tDnd,Reshape,/job:localhost/replica:0/task:0/device:MUSA:0,4.0,0.004
7yJ8oEqKHY,Reshape,/job:localhost/replica:0/task:0/device:MUSA:0,4.0,0.004
KJfsQIMWhi,Const,/job:localhost/replica:0/task:0/device:MUSA:0,4.0,0.004
cqswXzu9Ck,Reshape,/job:localhost/replica:0/task:0/device:MUSA:0,4.0,0.004
bAjC16dky2,Const,/job:localhost/replica:0/task:0/device:MUSA:0,4.0,0.004
5hfixpBvCs,Const,/job:localhost/replica:0/task:0/device:MUSA:0,4.0,0.004
bHwoD8W72n,Const,/job:localhost/replica:0/task:0/device:MUSA:0,4.0,0.004
2yY0pB5JWU,Const,/job:localhost/replica:0/task:0/device:MUSA:0,4.0,0.004
7hHz2oxQXt,Const,/job:localhost/replica:0/task:0/device:MUSA:0,4.0,0.004
hYftKEWdS2,Reshape,/job:localhost/replica:0/task:0/device:MUSA:0,4.0,0.004
otNIGhwsWd,Reshape,/job:localhost/replica:0/task:0/device:MUSA:0,4.0,0.004
9Y52WMaxKR,Sqrt,/job:localhost/replica:0/task:0/device:MUSA:0,4.0,0.004
5Rk2MqfCGa,Const,/job:localhost/replica:0/task:0/device:MUSA:0,4.0,0.004
Sx3RqUvC0l,Const,/job:localhost/replica:0/task:0/device:MUSA:0,4.0,0.004
gCzdVrof6P,Reshape,/job:localhost/replica:0/task:0/device:MUSA:0,4.0,0.004
yM7OBqVknD,Const,/job:localhost/replica:0/task:0/device:MUSA:0,4.0,0.004
HTnizjAup8,Const,/job:localhost/replica:0/task:0/device:MUSA:0,4.0,0.004
AzJq5FrMBe,Reshape,/job:localhost/replica:0/task:0/device:MUSA:0,4.0,0.004
STkG9RfXzi,Add,/job:localhost/replica:0/task:0/device:MUSA:0,4.0,0.004
atFEiAGSU6,Const,/job:localhost/replica:0/task:0/device:MUSA:0,4.0,0.004
nVc0ErW4Bg,Const,/job:localhost/replica:0/task:0/device:MUSA:0,4.0,0.004
2DU7tlySPu,Sub,/job:localhost/replica:0/task:0/device:MUSA:0,4.0,0.004
2cl5BIAEWD,Reshape,/job:localhost/replica:0/task:0/device:MUSA:0,4.0,0.004
9Y3ZQbInqA,Const,/job:localhost/replica:0/task:0/device:MUSA:0,4.0,0.004
SZzyiXpdtm,Const,/job:localhost/replica:0/task:0/device:MUSA:0,4.0,0.004
HyLmJupqXR,Const,/job:localhost/replica:0/task:0/device:MUSA:0,4.0,0.004
Q7Z618HenJ,Const,/job:localhost/replica:0/task:0/device:MUSA:0,4.0,0.004
5eOMJUDxwa,Reshape,/job:localhost/replica:0/task:0/device:MUSA:0,4.0,0.004
yaRAM6YEhr,Const,/job:localhost/replica:0/task:0/device:MUSA:0,4.0,0.004
sHG72EWp0B,Const,/job:localhost/replica:0/task:0/device:MUSA:0,4.0,0.004
8GdU4BX72Q,Reshape,/job:localhost/replica:0/task:0/device:MUSA:0,4.0,0.004
5oD1InFOWm,Const,/job:localhost/replica:0/task:0/device:MUSA:0,4.0,0.004
A64jnNXGx3,Const,/job:localhost/replica:0/task:0/device:MUSA:0,4.0,0.004
l0X1TtOkmh,Const,/job:localhost/replica:0/task:0/device:MUSA:0,4.0,0.004
OR6Y4nyuGv,Const,/job:localhost/replica:0/task:0/device:MUSA:0,4.0,0.004
snRz1A9qFI,Const,/job:localhost/replica:0/task:0/device:MUSA:0,4.0,0.004
iQ3a1pOsGf,Const,/job:localhost/replica:0/task:0/device:MUSA:0,4.0,0.004
UBfEAjxlhu,Const,/job:localhost/replica:0/task:0/device:MUSA:0,4.0,0.004
p3QOuMKRY9,Add,/job:localhost/replica:0/task:0/device:MUSA:0,4.0,0.004
jHutnimVP4,Shape,/job:localhost/replica:0/task:0/device:MUSA:0,4.0,0.004
emCFzjnNEg,Pack,/job:localhost/replica:0/task:0/device:MUSA:0,4.0,0.004
ea0YbK8lJd,Neg,/job:localhost/replica:0/task:0/device:MUSA:0,4.0,0.004
Dgo9mS4Xj2,Mul,/job:localhost/replica:0/task:0/device:MUSA:0,4.0,0.004
A0G6nW7fmE,Reshape,/job:localhost/replica:0/task:0/device:MUSA:0,4.0,0.004
jUzai09CFP,Reshape,/job:localhost/replica:0/task:0/device:MUSA:0,4.0,0.004
rfPpDKQlc7,Relu,/job:localhost/replica:0/task:0/device:MUSA:0,4.0,0.004
OpgcI4MykD,Shape,/job:localhost/replica:0/task:0/device:MUSA:0,4.0,0.004
XNDlVPm6tj,Relu,/job:localhost/replica:0/task:0/device:MUSA:0,4.0,0.004
qw08KEfWMX,Reshape,/job:localhost/replica:0/task:0/device:MUSA:0,4.0,0.004
fvw1arYR4S,Reshape,/job:localhost/replica:0/task:0/device:MUSA:0,4.0,0.004
DSEJOPunYf,Reshape,/job:localhost/replica:0/task:0/device:MUSA:0,4.0,0.004
07AyXbkMfp,Neg,/job:localhost/replica:0/task:0/device:MUSA:0,4.0,0.004
83kAqUrZtF,Relu,/job:localhost/replica:0/task:0/device:MUSA:0,4.0,0.004
c3QsI6UFlS,AddV2,/job:localhost/replica:0/task:0/device:MUSA:0,4.0,0.004
K7shNu2eoi,Exp,/job:localhost/replica:0/task:0/device:MUSA:0,4.0,0.004
rZNVXYdowF,AddV2,/job:localhost/replica:0/task:0/device:MUSA:0,4.0,0.004
Ooq5WuKaGs,Rsqrt,/job:localhost/replica:0/task:0/device:MUSA:0,4.0,0.004
PLJKcp4FHC,Neg,/job:localhost/replica:0/task:0/device:MUSA:0,4.0,0.004
Ql2uKZ1sbo,Log1p,/job:localhost/replica:0/task:0/device:MUSA:0,4.0,0.004
Lhso7F5yT1,Reshape,/job:localhost/replica:0/task:0/device:MUSA:0,3.0,0.003
0es5tA7YfK,Reshape,/job:localhost/replica:0/task:0/device:MUSA:0,3.0,0.003
2gSPEdfYOx,Sub,/job:localhost/replica:0/task:0/device:MUSA:0,3.0,0.003
9OjgXHwmzM,Const,/job:localhost/replica:0/task:0/device:MUSA:0,3.0,0.003
S9IhdzMKsw,Reshape,/job:localhost/replica:0/task:0/device:MUSA:0,3.0,0.003
QMdAWOH1Yz,Reshape,/job:localhost/replica:0/task:0/device:MUSA:0,3.0,0.003
cN8dTQPAW1,Reshape,/job:localhost/replica:0/task:0/device:MUSA:0,3.0,0.003
AtgnwBISZv,Const,/job:localhost/replica:0/task:0/device:MUSA:0,3.0,0.003
VpgYcWjh1K,Const,/job:localhost/replica:0/task:0/device:MUSA:0,3.0,0.003
LufUqDSFkN,Reshape,/job:localhost/replica:0/task:0/device:MUSA:0,3.0,0.003
37mdgZIh4w,Reshape,/job:localhost/replica:0/task:0/device:MUSA:0,3.0,0.003
FolBHcL53v,Reshape,/job:localhost/replica:0/task:0/device:MUSA:0,3.0,0.003
ConstantFolding/1twO6XBJkm_recip,RealDiv,/job:localhost/replica:0/task:0/device:MUSA:0,3.0,0.003
wVeYb79RS8,Reshape,/job:localhost/replica:0/task:0/device:MUSA:0,3.0,0.003
EleUZqoAfH,Reshape,/job:localhost/replica:0/task:0/device:MUSA:0,3.0,0.003
fwmVUM7qjv,Const,/job:localhost/replica:0/task:0/device:MUSA:0,3.0,0.003
CrEkblJQiY,Const,/job:localhost/replica:0/task:0/device:MUSA:0,3.0,0.003
3CYVw2AaHM,Const,/job:localhost/replica:0/task:0/device:MUSA:0,3.0,0.003
DWOr4aj9PI,Reshape,/job:localhost/replica:0/task:0/device:MUSA:0,3.0,0.003
uqHYer4JbZ,Reshape,/job:localhost/replica:0/task:0/device:MUSA:0,3.0,0.003
GkxdQ75I8p,Const,/job:localhost/replica:0/task:0/device:MUSA:0,3.0,0.003
NXC4IW3y9w,Const,/job:localhost/replica:0/task:0/device:MUSA:0,3.0,0.003
lxmTkiYFoH,Const,/job:localhost/replica:0/task:0/device:MUSA:0,3.0,0.003
G7OIU13PD0,Reshape,/job:localhost/replica:0/task:0/device:MUSA:0,3.0,0.003
S7qTxuLYdp,Const,/job:localhost/replica:0/task:0/device:MUSA:0,3.0,0.003
eFLRVAkN7o,Const,/job:localhost/replica:0/task:0/device:MUSA:0,3.0,0.003
0Dhxn9pYwt,Const,/job:localhost/replica:0/task:0/device:MUSA:0,3.0,0.003
1jwdG5vqVr,Reshape,/job:localhost/replica:0/task:0/device:MUSA:0,3.0,0.003
gDU9CL57PF,Const,/job:localhost/replica:0/task:0/device:MUSA:0,3.0,0.003
IvhCN4USOK,Const,/job:localhost/replica:0/task:0/device:MUSA:0,3.0,0.003
NERA2quntG,Reshape,/job:localhost/replica:0/task:0/device:MUSA:0,3.0,0.003
h81wtgdmaj,Add,/job:localhost/replica:0/task:0/device:MUSA:0,3.0,0.003
hr2HSzKwXB,Shape,/job:localhost/replica:0/task:0/device:MUSA:0,3.0,0.003
HvfnK2czJA,Shape,/job:localhost/replica:0/task:0/device:MUSA:0,3.0,0.003
DUK43MwyJs,Pack,/job:localhost/replica:0/task:0/device:MUSA:0,3.0,0.003
a6bXjzi5ln,Pack,/job:localhost/replica:0/task:0/device:MUSA:0,3.0,0.003
W5PsY18AyF,Pack,/job:localhost/replica:0/task:0/device:MUSA:0,3.0,0.003
mSRuaqKnsf,Pack,/job:localhost/replica:0/task:0/device:MUSA:0,3.0,0.003
pbxQ97ftHJ,Pack,/job:localhost/replica:0/task:0/device:MUSA:0,3.0,0.003
y2RXEuNMBF,Shape,/job:localhost/replica:0/task:0/device:MUSA:0,3.0,0.003
opNuF305OD,ExpandDims,/job:localhost/replica:0/task:0/device:MUSA:0,3.0,0.003
mB1yH69KU4,Shape,/job:localhost/replica:0/task:0/device:MUSA:0,3.0,0.003
OVrjWcEFsP,Shape,/job:localhost/replica:0/task:0/device:MUSA:0,3.0,0.003
8zfEnbPSNH,Shape,/job:localhost/replica:0/task:0/device:MUSA:0,3.0,0.003
BWUDfsuHRr,Shape,/job:localhost/replica:0/task:0/device:MUSA:0,3.0,0.003
UgxFLYmZtX,Shape,/job:localhost/replica:0/task:0/device:MUSA:0,3.0,0.003
keUuWEhOb1,Shape,/job:localhost/replica:0/task:0/device:MUSA:0,3.0,0.003
9Jk8dK7lnc,Shape,/job:localhost/replica:0/task:0/device:MUSA:0,3.0,0.003
HQjFJgvDIV,Shape,/job:localhost/replica:0/task:0/device:MUSA:0,3.0,0.003
DuLzTRbB8J,Shape,/job:localhost/replica:0/task:0/device:MUSA:0,3.0,0.003
TEP9tijw5c,Shape,/job:localhost/replica:0/task:0/device:MUSA:0,3.0,0.003
Jsqod4VaAv,Shape,/job:localhost/replica:0/task:0/device:MUSA:0,3.0,0.003
qgWONFhlwm,Shape,/job:localhost/replica:0/task:0/device:MUSA:0,3.0,0.003
XRJ09BbzTY,Shape,/job:localhost/replica:0/task:0/device:MUSA:0,3.0,0.003
GQvHdT95fp,Log,/job:localhost/replica:0/task:0/device:MUSA:0,3.0,0.003
snghWJZFS6,AddV2,/job:localhost/replica:0/task:0/device:MUSA:0,3.0,0.003
PLC6XicuOY,Shape,/job:localhost/replica:0/task:0/device:MUSA:0,2.0,0.002
axcQG8gHhS,Shape,/job:localhost/replica:0/task:0/device:MUSA:0,2.0,0.002
L9CQXS2gH7,Shape,/job:localhost/replica:0/task:0/device:MUSA:0,2.0,0.002
k0WDps5cxb,Shape,/job:localhost/replica:0/task:0/device:MUSA:0,2.0,0.002
ikbtzhw41e,Shape,/job:localhost/replica:0/task:0/device:MUSA:0,2.0,0.002
3bpNHOglRs,Reshape,/job:localhost/replica:0/task:0/device:MUSA:0,2.0,0.002
F3J4tN2nzi,Shape,/job:localhost/replica:0/task:0/device:MUSA:0,2.0,0.002
Qri8gPvCqU,Reshape,/job:localhost/replica:0/task:0/device:MUSA:0,2.0,0.002
bwkpoiWNQ1,Reshape,/job:localhost/replica:0/task:0/device:MUSA:0,2.0,0.002
T3WQkXA609,Reshape,/job:localhost/replica:0/task:0/device:MUSA:0,2.0,0.002
FZa9qB1Hw2,Reshape,/job:localhost/replica:0/task:0/device:MUSA:0,2.0,0.002
I0hE4HzFls,Reshape,/job:localhost/replica:0/task:0/device:MUSA:0,2.0,0.002
OKl65WgjDF,Reshape,/job:localhost/replica:0/task:0/device:MUSA:0,2.0,0.002
vMLm1luxfj,Reshape,/job:localhost/replica:0/task:0/device:MUSA:0,2.0,0.002
YoiEpXe9d2,Pack,/job:localhost/replica:0/task:0/device:MUSA:0,2.0,0.002
7QoHmlBEvs,Shape,/job:localhost/replica:0/task:0/device:MUSA:0,2.0,0.002
H4dS3rtmvj,Reshape,/job:localhost/replica:0/task:0/device:MUSA:0,2.0,0.002
vaMRrJlObG,Reshape,/job:localhost/replica:0/task:0/device:MUSA:0,2.0,0.002
va2ZCpn9wK,Reshape,/job:localhost/replica:0/task:0/device:MUSA:0,2.0,0.002
b2hvGfKXDp,Shape,/job:localhost/replica:0/task:0/device:MUSA:0,2.0,0.002
oaNgikqtV2,Reshape,/job:localhost/replica:0/task:0/device:MUSA:0,2.0,0.002
z0FxRUgOeI,Reshape,/job:localhost/replica:0/task:0/device:MUSA:0,2.0,0.002
R3MxOG8nK9,Reshape,/job:localhost/replica:0/task:0/device:MUSA:0,2.0,0.002
XdZJR2if96,Shape,/job:localhost/replica:0/task:0/device:MUSA:0,2.0,0.002
BpI4uz5rUl,Shape,/job:localhost/replica:0/task:0/device:MUSA:0,2.0,0.002
D9K5Y6gvJ8,Shape,/job:localhost/replica:0/task:0/device:MUSA:0,2.0,0.002
hbCiT043rx,Shape,/job:localhost/replica:0/task:0/device:MUSA:0,2.0,0.002
oIOzFsULGZ,Shape,/job:localhost/replica:0/task:0/device:MUSA:0,2.0,0.002
RxykQtpNDw,Reshape,/job:localhost/replica:0/task:0/device:MUSA:0,2.0,0.002
r284SsqhKN,Reshape,/job:localhost/replica:0/task:0/device:MUSA:0,2.0,0.002
PpZ54Ic0VM,Reshape,/job:localhost/replica:0/task:0/device:MUSA:0,2.0,0.002
1DtsQUpqPd,Reshape,/job:localhost/replica:0/task:0/device:MUSA:0,2.0,0.002
6SvT7CLiBe,Reshape,/job:localhost/replica:0/task:0/device:MUSA:0,2.0,0.002
XdLbuKZC4U,Shape,/job:localhost/replica:0/task:0/device:MUSA:0,2.0,0.002
wdjYADcSBr,Shape,/job:localhost/replica:0/task:0/device:MUSA:0,2.0,0.002
tHyNgKwfL3,Shape,/job:localhost/replica:0/task:0/device:MUSA:0,2.0,0.002
LNOIjsJcDV,Shape,/job:localhost/replica:0/task:0/device:MUSA:0,2.0,0.002
KSd0L4G3se,Shape,/job:localhost/replica:0/task:0/device:MUSA:0,2.0,0.002
T2ypYMj41a,Shape,/job:localhost/replica:0/task:0/device:MUSA:0,2.0,0.002
rAEYg6xjRH,Reshape,/job:localhost/replica:0/task:0/device:MUSA:0,2.0,0.002
iwhNBPISVn,Shape,/job:localhost/replica:0/task:0/device:MUSA:0,2.0,0.002
a1SoF6qAMP,Shape,/job:localhost/replica:0/task:0/device:MUSA:0,2.0,0.002
V9PieA4BLq,Shape,/job:localhost/replica:0/task:0/device:MUSA:0,2.0,0.002
Zz2dDkx3YP,Shape,/job:localhost/replica:0/task:0/device:MUSA:0,2.0,0.002
0sPQKRZ9Wz,Reshape,/job:localhost/replica:0/task:0/device:MUSA:0,2.0,0.002
u90c5lGdxX,Shape,/job:localhost/replica:0/task:0/device:MUSA:0,2.0,0.002
3pVtbkrKnC,Shape,/job:localhost/replica:0/task:0/device:MUSA:0,2.0,0.002
K40A3Ik9gZ,Shape,/job:localhost/replica:0/task:0/device:MUSA:0,2.0,0.002
uxvBTzlFWG,Shape,/job:localhost/replica:0/task:0/device:MUSA:0,2.0,0.002
0madx653DE,Shape,/job:localhost/replica:0/task:0/device:MUSA:0,2.0,0.002
gOh7yW3YBL,Shape,/job:localhost/replica:0/task:0/device:MUSA:0,2.0,0.002
rkLVn3vJyY,Shape,/job:localhost/replica:0/task:0/device:MUSA:0,2.0,0.002
xNBFCzbl7t,Shape,/job:localhost/replica:0/task:0/device:MUSA:0,2.0,0.002
81k6vhIl52,Reshape,/job:localhost/replica:0/task:0/device:MUSA:0,2.0,0.002
zt1AyCh5Pq,Shape,/job:localhost/replica:0/task:0/device:MUSA:0,2.0,0.002
EFH0YVi3kv,Shape,/job:localhost/replica:0/task:0/device:MUSA:0,2.0,0.002
aeTxzrSytg,Shape,/job:localhost/replica:0/task:0/device:MUSA:0,2.0,0.002
cZYCzFrOdD,Shape,/job:localhost/replica:0/task:0/device:MUSA:0,2.0,0.002
myNRcl0pFT,Shape,/job:localhost/replica:0/task:0/device:MUSA:0,2.0,0.002
lvjOAYLBdV,Shape,/job:localhost/replica:0/task:0/device:MUSA:0,2.0,0.002
2J8BMia1uR,Shape,/job:localhost/replica:0/task:0/device:MUSA:0,2.0,0.002
fO0uzwtM4D,Shape,/job:localhost/replica:0/task:0/device:MUSA:0,2.0,0.002
oWFMHDCe9I,Reshape,/job:localhost/replica:0/task:0/device:MUSA:0,2.0,0.002
Binzfp3MDj,Shape,/job:localhost/replica:0/task:0/device:MUSA:0,2.0,0.002
kJhXDYzHty,Shape,/job:localhost/replica:0/task:0/device:MUSA:0,2.0,0.002
Xdrs6WE7U4,Shape,/job:localhost/replica:0/task:0/device:MUSA:0,2.0,0.002
RUQlhPanTY,Shape,/job:localhost/replica:0/task:0/device:MUSA:0,2.0,0.002
rLgVENiYQx,Shape,/job:localhost/replica:0/task:0/device:MUSA:0,2.0,0.002
hFQemI6NBO,Shape,/job:localhost/replica:0/task:0/device:MUSA:0,2.0,0.002
m0dVIX9pi8,Shape,/job:localhost/replica:0/task:0/device:MUSA:0,2.0,0.002
dniw9zXENV,Shape,/job:localhost/replica:0/task:0/device:MUSA:0,2.0,0.002
_arg_zOC2anJTkj_0_961,Placeholder,/job:localhost/replica:0/task:0/device:CPU:0,2.0,0.002
uOTIURDgW8,Const,/job:localhost/replica:0/task:0/device:CPU:0,2.0,0.002
_retval_Ooq5WuKaGs_0_2,Rsqrt,/job:localhost/replica:0/task:0/device:CPU:0,2.0,0.002
AKMlPaT6W8,Shape,/job:localhost/replica:0/task:0/device:MUSA:0,1.0,0.001
I5Mc2NzpqA,Shape,/job:localhost/replica:0/task:0/device:MUSA:0,1.0,0.001
yKzYXRiCIq,Shape,/job:localhost/replica:0/task:0/device:MUSA:0,1.0,0.001
J0LP6WCIn2,Shape,/job:localhost/replica:0/task:0/device:MUSA:0,1.0,0.001
0WDKPL16Ve,Shape,/job:localhost/replica:0/task:0/device:MUSA:0,1.0,0.001
m0xhkKZIbi,Switch,/job:localhost/replica:0/task:0/device:MUSA:0,1.0,0.001
ConstantFoldingCtrl/m0xhkKZIbi_1,Switch,/job:localhost/replica:0/task:0/device:MUSA:0,1.0,0.001
duZRIUnc3C,Switch,/job:localhost/replica:0/task:0/device:MUSA:0,1.0,0.001
j08hzSsmAU,Switch,/job:localhost/replica:0/task:0/device:MUSA:0,1.0,0.001
HGqhYO01F4,Switch,/job:localhost/replica:0/task:0/device:MUSA:0,1.0,0.001
ConstantFoldingCtrl/HGqhYO01F4_1,Switch,/job:localhost/replica:0/task:0/device:MUSA:0,1.0,0.001
nRI2BFQAS4,Switch,/job:localhost/replica:0/task:0/device:MUSA:0,1.0,0.001
ConstantFoldingCtrl/nRI2BFQAS4_1,Switch,/job:localhost/replica:0/task:0/device:MUSA:0,1.0,0.001
l9URc3uTCN,Reshape,/job:localhost/replica:0/task:0/device:MUSA:0,1.0,0.001
uNr4TVWXjE,Switch,/job:localhost/replica:0/task:0/device:MUSA:0,1.0,0.001
ZvFGjLzRNH,Reshape,/job:localhost/replica:0/task:0/device:MUSA:0,1.0,0.001
ConstantFoldingCtrl/uNr4TVWXjE_1,Switch,/job:localhost/replica:0/task:0/device:MUSA:0,1.0,0.001
utpShgkqGP,Squeeze,/job:localhost/replica:0/task:0/device:MUSA:0,1.0,0.001
xzW8hrU0BS,Reshape,/job:localhost/replica:0/task:0/device:MUSA:0,1.0,0.001
2mVdofIB9s,Switch,/job:localhost/replica:0/task:0/device:MUSA:0,1.0,0.001
gUBAdEeVvm,Reshape,/job:localhost/replica:0/task:0/device:MUSA:0,1.0,0.001
ConstantFoldingCtrl/2mVdofIB9s_1,Switch,/job:localhost/replica:0/task:0/device:MUSA:0,1.0,0.001
heQosDTAa0,Reshape,/job:localhost/replica:0/task:0/device:MUSA:0,1.0,0.001
4rCTZ0cpIW,Reshape,/job:localhost/replica:0/task:0/device:MUSA:0,1.0,0.001
eyfCEW439p,Switch,/job:localhost/replica:0/task:0/device:MUSA:0,1.0,0.001
ConstantFoldingCtrl/eyfCEW439p_1,Switch,/job:localhost/replica:0/task:0/device:MUSA:0,1.0,0.001
vgp7Zo3Vqx,Switch,/job:localhost/replica:0/task:0/device:MUSA:0,1.0,0.001
ConstantFoldingCtrl/vgp7Zo3Vqx_1,Switch,/job:localhost/replica:0/task:0/device:MUSA:0,1.0,0.001
L2mgkuUCn7,Reshape,/job:localhost/replica:0/task:0/device:MUSA:0,1.0,0.001
F1W4VHpyMz,Reshape,/job:localhost/replica:0/task:0/device:MUSA:0,1.0,0.001
5QeSK7Es2V,Squeeze,/job:localhost/replica:0/task:0/device:MUSA:0,1.0,0.001
LVvmzNGy3l,Reshape,/job:localhost/replica:0/task:0/device:MUSA:0,1.0,0.001
c9Mpke5CJU,Reshape,/job:localhost/replica:0/task:0/device:MUSA:0,1.0,0.001
bHALczpOQq,Reshape,/job:localhost/replica:0/task:0/device:MUSA:0,1.0,0.001
M5tXPuGjTe,Reshape,/job:localhost/replica:0/task:0/device:MUSA:0,1.0,0.001
KBl2bZLCut,Reshape,/job:localhost/replica:0/task:0/device:MUSA:0,1.0,0.001
Df0gvrRbjB,Switch,/job:localhost/replica:0/task:0/device:MUSA:0,1.0,0.001
yU60xY7bnv,Switch,/job:localhost/replica:0/task:0/device:MUSA:0,1.0,0.001
3CgfvINT2b,Switch,/job:localhost/replica:0/task:0/device:MUSA:0,1.0,0.001
58DfjbZzPB,Switch,/job:localhost/replica:0/task:0/device:MUSA:0,1.0,0.001
OznlgrY5L0,Reshape,/job:localhost/replica:0/task:0/device:MUSA:0,1.0,0.001
Bk1cIQ4G9x,Reshape,/job:localhost/replica:0/task:0/device:MUSA:0,1.0,0.001
omkMrbixZ1,Switch,/job:localhost/replica:0/task:0/device:MUSA:0,1.0,0.001
nRcMQH8Eiq,Switch,/job:localhost/replica:0/task:0/device:MUSA:0,1.0,0.001
SNVF5JDQ9T,Switch,/job:localhost/replica:0/task:0/device:MUSA:0,1.0,0.001
V2erYSyOgD,Switch,/job:localhost/replica:0/task:0/device:MUSA:0,1.0,0.001
HwscnVJtuP,Reshape,/job:localhost/replica:0/task:0/device:MUSA:0,1.0,0.001
sQCB9unXSW,Reshape,/job:localhost/replica:0/task:0/device:MUSA:0,1.0,0.001
nK43ArsGve,Reshape,/job:localhost/replica:0/task:0/device:MUSA:0,1.0,0.001
nIUYTs4Kc7,Shape,/job:localhost/replica:0/task:0/device:MUSA:0,1.0,0.001
D6NtfHBWTu,Reshape,/job:localhost/replica:0/task:0/device:MUSA:0,1.0,0.001
c06GEflKN4,Reshape,/job:localhost/replica:0/task:0/device:MUSA:0,1.0,0.001
IeNJ40t3xG,Reshape,/job:localhost/replica:0/task:0/device:MUSA:0,1.0,0.001
M04n2Qo3af,Reshape,/job:localhost/replica:0/task:0/device:MUSA:0,1.0,0.001
qvd4b70kOw,Reshape,/job:localhost/replica:0/task:0/device:MUSA:0,1.0,0.001
ZjvRraMSoi,Reshape,/job:localhost/replica:0/task:0/device:MUSA:0,1.0,0.001
GKBmfxyp7J,Reshape,/job:localhost/replica:0/task:0/device:MUSA:0,1.0,0.001
y5gmw467B1,Reshape,/job:localhost/replica:0/task:0/device:MUSA:0,1.0,0.001
AZ3X6eOPis,Reshape,/job:localhost/replica:0/task:0/device:MUSA:0,1.0,0.001
YJUfgn6cpH,Shape,/job:localhost/replica:0/task:0/device:MUSA:0,1.0,0.001
SRH6I9KVNL,Shape,/job:localhost/replica:0/task:0/device:MUSA:0,1.0,0.001
1kPYS0Bh9e,Reshape,/job:localhost/replica:0/task:0/device:MUSA:0,1.0,0.001
FBZQOxA41M,Shape,/job:localhost/replica:0/task:0/device:MUSA:0,1.0,0.001
Npl1FxHJOQ,Shape,/job:localhost/replica:0/task:0/device:MUSA:0,1.0,0.001
ZXM4I1zRuy,Reshape,/job:localhost/replica:0/task:0/device:MUSA:0,1.0,0.001
6RomqNkVTz,Reshape,/job:localhost/replica:0/task:0/device:MUSA:0,1.0,0.001
Ia3hAjdpyq,Reshape,/job:localhost/replica:0/task:0/device:MUSA:0,1.0,0.001
xNIXivursV,Reshape,/job:localhost/replica:0/task:0/device:MUSA:0,1.0,0.001
SHW7zmFoYE,Reshape,/job:localhost/replica:0/task:0/device:MUSA:0,1.0,0.001
jnaLo2q4Ol,Reshape,/job:localhost/replica:0/task:0/device:MUSA:0,1.0,0.001
bEMpIzqgBc,Reshape,/job:localhost/replica:0/task:0/device:MUSA:0,1.0,0.001
OVo0M7UJtY,Reshape,/job:localhost/replica:0/task:0/device:MUSA:0,1.0,0.001
s7vBqIrY0A,Shape,/job:localhost/replica:0/task:0/device:MUSA:0,1.0,0.001
CGwkP7yJRm,Reshape,/job:localhost/replica:0/task:0/device:MUSA:0,1.0,0.001
R34EtBr6kV,Shape,/job:localhost/replica:0/task:0/device:MUSA:0,1.0,0.001
R8UZzXB1W6,Reshape,/job:localhost/replica:0/task:0/device:MUSA:0,1.0,0.001
dFjftNwRy0,Reshape,/job:localhost/replica:0/task:0/device:MUSA:0,1.0,0.001
kzG7ZFjgvr,Reshape,/job:localhost/replica:0/task:0/device:MUSA:0,1.0,0.001
KlfQuXVm2o,Shape,/job:localhost/replica:0/task:0/device:MUSA:0,1.0,0.001
juD0XrLSgl,Reshape,/job:localhost/replica:0/task:0/device:MUSA:0,1.0,0.001
d8cteMn1T2,Shape,/job:localhost/replica:0/task:0/device:MUSA:0,1.0,0.001
8RBTlJxQV7,Reshape,/job:localhost/replica:0/task:0/device:MUSA:0,1.0,0.001
9eLylUFiV7,Reshape,/job:localhost/replica:0/task:0/device:MUSA:0,1.0,0.001
cXdxzGsv2M,Shape,/job:localhost/replica:0/task:0/device:MUSA:0,1.0,0.001
K8y0qx4WYt,Reshape,/job:localhost/replica:0/task:0/device:MUSA:0,1.0,0.001
WoHKQpUmjV,Shape,/job:localhost/replica:0/task:0/device:MUSA:0,1.0,0.001
pDJQEtwU27,Shape,/job:localhost/replica:0/task:0/device:MUSA:0,1.0,0.001
aADu8FrhC0,Reshape,/job:localhost/replica:0/task:0/device:MUSA:0,1.0,0.001
p5PW9RK6Cl,Reshape,/job:localhost/replica:0/task:0/device:MUSA:0,1.0,0.001
SQenjCDM7d,Reshape,/job:localhost/replica:0/task:0/device:MUSA:0,1.0,0.001
ixEWhLuOcP,Reshape,/job:localhost/replica:0/task:0/device:MUSA:0,1.0,0.001
m02GO7AIYz,Reshape,/job:localhost/replica:0/task:0/device:MUSA:0,1.0,0.001
b4XYTu0IzJ,Reshape,/job:localhost/replica:0/task:0/device:MUSA:0,1.0,0.001
5kDFd8nvWI,Reshape,/job:localhost/replica:0/task:0/device:MUSA:0,1.0,0.001
ecf0rX7kVI,Reshape,/job:localhost/replica:0/task:0/device:MUSA:0,1.0,0.001
l2O0fS1mar,Reshape,/job:localhost/replica:0/task:0/device:MUSA:0,1.0,0.001
8kNtcyd6Mg,Reshape,/job:localhost/replica:0/task:0/device:MUSA:0,1.0,0.001
zv6V2Zof5B,Shape,/job:localhost/replica:0/task:0/device:MUSA:0,1.0,0.001
tpLHMBS7ev,Reshape,/job:localhost/replica:0/task:0/device:MUSA:0,1.0,0.001
vsCqbIB9So,Reshape,/job:localhost/replica:0/task:0/device:MUSA:0,1.0,0.001
fvAVn3Hcu7,Reshape,/job:localhost/replica:0/task:0/device:MUSA:0,1.0,0.001
aMZXxHmjLR,Shape,/job:localhost/replica:0/task:0/device:MUSA:0,1.0,0.001
oA8tj9WHpC,Shape,/job:localhost/replica:0/task:0/device:MUSA:0,1.0,0.001
glBUhvcNZz,Shape,/job:localhost/replica:0/task:0/device:MUSA:0,1.0,0.001
AdRqzXat8W,Reshape,/job:localhost/replica:0/task:0/device:MUSA:0,1.0,0.001
WLUa1xu6ol,Reshape,/job:localhost/replica:0/task:0/device:MUSA:0,1.0,0.001
pWqjgEvT2a,Reshape,/job:localhost/replica:0/task:0/device:MUSA:0,1.0,0.001
PGxj7LvhSu,Reshape,/job:localhost/replica:0/task:0/device:MUSA:0,1.0,0.001
nE2rP9yoA1,Reshape,/job:localhost/replica:0/task:0/device:MUSA:0,1.0,0.001
D8F6dkSq2x,Reshape,/job:localhost/replica:0/task:0/device:MUSA:0,1.0,0.001
40Lo2KWpGO,Reshape,/job:localhost/replica:0/task:0/device:MUSA:0,1.0,0.001
b9ZWnBH2uY,Reshape,/job:localhost/replica:0/task:0/device:MUSA:0,1.0,0.001
dQ2VUNjTOh,Reshape,/job:localhost/replica:0/task:0/device:MUSA:0,1.0,0.001
MIhHGQV64Z,Reshape,/job:localhost/replica:0/task:0/device:MUSA:0,1.0,0.001
Fak5BwYPsy,Reshape,/job:localhost/replica:0/task:0/device:MUSA:0,1.0,0.001
AkTFb9JO2P,Shape,/job:localhost/replica:0/task:0/device:MUSA:0,1.0,0.001
pq3woBbY4m,Shape,/job:localhost/replica:0/task:0/device:MUSA:0,1.0,0.001
yKh1I2malv,Shape,/job:localhost/replica:0/task:0/device:MUSA:0,1.0,0.001
kg38h0QtPU,Shape,/job:localhost/replica:0/task:0/device:MUSA:0,1.0,0.001
kQhOruc4ZK,Shape,/job:localhost/replica:0/task:0/device:MUSA:0,1.0,0.001
oetpnWPJ26,Reshape,/job:localhost/replica:0/task:0/device:MUSA:0,1.0,0.001
6zX3OD7kmw,Reshape,/job:localhost/replica:0/task:0/device:MUSA:0,1.0,0.001
pM8Z7XYvzl,Reshape,/job:localhost/replica:0/task:0/device:MUSA:0,1.0,0.001
XMgNcWuSPB,Shape,/job:localhost/replica:0/task:0/device:MUSA:0,1.0,0.001
aKPSHiszcl,Reshape,/job:localhost/replica:0/task:0/device:MUSA:0,1.0,0.001
U72flJ60kL,Reshape,/job:localhost/replica:0/task:0/device:MUSA:0,1.0,0.001
rj3nGxMuQ8,Shape,/job:localhost/replica:0/task:0/device:MUSA:0,1.0,0.001
lLoaSspJtd,Reshape,/job:localhost/replica:0/task:0/device:MUSA:0,1.0,0.001
aitmgIh1Vv,Reshape,/job:localhost/replica:0/task:0/device:MUSA:0,1.0,0.001
A1dkfiVY4t,Shape,/job:localhost/replica:0/task:0/device:MUSA:0,1.0,0.001
qmyJgQTDVn,Shape,/job:localhost/replica:0/task:0/device:MUSA:0,1.0,0.001
zHCpvGcxIF,Reshape,/job:localhost/replica:0/task:0/device:MUSA:0,1.0,0.001
8aU2fWstKM,Reshape,/job:localhost/replica:0/task:0/device:MUSA:0,1.0,0.001
PnDumXrMLt,Shape,/job:localhost/replica:0/task:0/device:MUSA:0,1.0,0.001
e4cWIVDsAR,Shape,/job:localhost/replica:0/task:0/device:MUSA:0,1.0,0.001
r3Ehmuw6aO,Reshape,/job:localhost/replica:0/task:0/device:MUSA:0,1.0,0.001
kAGn0rpEzi,Reshape,/job:localhost/replica:0/task:0/device:MUSA:0,1.0,0.001
O3L85VjShu,Shape,/job:localhost/replica:0/task:0/device:MUSA:0,1.0,0.001
PeDVKE8WwS,Shape,/job:localhost/replica:0/task:0/device:MUSA:0,1.0,0.001
SrA7kKNnbI,Reshape,/job:localhost/replica:0/task:0/device:MUSA:0,1.0,0.001
tz0gAFB9Oh,Reshape,/job:localhost/replica:0/task:0/device:MUSA:0,1.0,0.001
IPpX7fKMcY,Shape,/job:localhost/replica:0/task:0/device:MUSA:0,1.0,0.001
BLpNr0SQ4g,Reshape,/job:localhost/replica:0/task:0/device:MUSA:0,1.0,0.001
LmciY9VnkA,Shape,/job:localhost/replica:0/task:0/device:MUSA:0,1.0,0.001
iA6bGpFavO,Reshape,/job:localhost/replica:0/task:0/device:MUSA:0,1.0,0.001
R4g693C02O,Reshape,/job:localhost/replica:0/task:0/device:MUSA:0,1.0,0.001
cmw6vxrpWk,Reshape,/job:localhost/replica:0/task:0/device:MUSA:0,1.0,0.001
FMUAE2qs7Y,Reshape,/job:localhost/replica:0/task:0/device:MUSA:0,1.0,0.001
XzQy5ZDstW,Reshape,/job:localhost/replica:0/task:0/device:MUSA:0,1.0,0.001
QV0gAbfSPM,Reshape,/job:localhost/replica:0/task:0/device:MUSA:0,1.0,0.001
DExkFjB6nQ,Reshape,/job:localhost/replica:0/task:0/device:MUSA:0,1.0,0.001
WgrhfEUu6F,Reshape,/job:localhost/replica:0/task:0/device:MUSA:0,1.0,0.001
1JPyDKxL2m,Reshape,/job:localhost/replica:0/task:0/device:MUSA:0,1.0,0.001
YOIfemAQDr,Reshape,/job:localhost/replica:0/task:0/device:MUSA:0,1.0,0.001
Dyv9obmncz,Reshape,/job:localhost/replica:0/task:0/device:MUSA:0,1.0,0.001
RCujOsHVEQ,Reshape,/job:localhost/replica:0/task:0/device:MUSA:0,1.0,0.001
mXfsPqWIJC,Shape,/job:localhost/replica:0/task:0/device:MUSA:0,1.0,0.001
4Ac8ZVhkgD,Reshape,/job:localhost/replica:0/task:0/device:MUSA:0,1.0,0.001
GegIQAWjcE,Reshape,/job:localhost/replica:0/task:0/device:MUSA:0,1.0,0.001
wfnrPO1GK0,Shape,/job:localhost/replica:0/task:0/device:MUSA:0,1.0,0.001
UlxquFmaEL,Shape,/job:localhost/replica:0/task:0/device:MUSA:0,1.0,0.001
XCa5KoNsQ6,Shape,/job:localhost/replica:0/task:0/device:MUSA:0,1.0,0.001
pPh37G1OFN,Reshape,/job:localhost/replica:0/task:0/device:MUSA:0,1.0,0.001
o0AGt5pWaU,Shape,/job:localhost/replica:0/task:0/device:MUSA:0,1.0,0.001
NLDJ6FU59E,Reshape,/job:localhost/replica:0/task:0/device:MUSA:0,1.0,0.001
NI8CTm0k57,Reshape,/job:localhost/replica:0/task:0/device:MUSA:0,1.0,0.001
4s7gPI5yoz,Reshape,/job:localhost/replica:0/task:0/device:MUSA:0,1.0,0.001
tSyDjrhI6x,Reshape,/job:localhost/replica:0/task:0/device:MUSA:0,1.0,0.001
AE4YNiRCkw,Reshape,/job:localhost/replica:0/task:0/device:MUSA:0,1.0,0.001
FSnTzZpOqk,Shape,/job:localhost/replica:0/task:0/device:MUSA:0,1.0,0.001
nZ4KSvJLBT,Reshape,/job:localhost/replica:0/task:0/device:MUSA:0,1.0,0.001
OZrM6LyFpz,Reshape,/job:localhost/replica:0/task:0/device:MUSA:0,1.0,0.001
bDLq3ytTnm,Shape,/job:localhost/replica:0/task:0/device:MUSA:0,1.0,0.001
Zj0LFdNnmK,Reshape,/job:localhost/replica:0/task:0/device:MUSA:0,1.0,0.001
BXJrP196gE,Reshape,/job:localhost/replica:0/task:0/device:MUSA:0,1.0,0.001
xXdN7YTnbG,Shape,/job:localhost/replica:0/task:0/device:MUSA:0,1.0,0.001
0QpBxngXO2,Reshape,/job:localhost/replica:0/task:0/device:MUSA:0,1.0,0.001
NCvy3kpEBs,Shape,/job:localhost/replica:0/task:0/device:MUSA:0,1.0,0.001
FhMqfH3aCo,Shape,/job:localhost/replica:0/task:0/device:MUSA:0,1.0,0.001
2natNehSAb,Reshape,/job:localhost/replica:0/task:0/device:MUSA:0,1.0,0.001
J0MwDKqSFH,Shape,/job:localhost/replica:0/task:0/device:MUSA:0,1.0,0.001
odz3UiH5eX,Reshape,/job:localhost/replica:0/task:0/device:MUSA:0,1.0,0.001
3KUBNHgjea,Reshape,/job:localhost/replica:0/task:0/device:MUSA:0,1.0,0.001
Jvkt3BaRCu,Reshape,/job:localhost/replica:0/task:0/device:MUSA:0,1.0,0.001
XTJ9zrvbLK,Reshape,/job:localhost/replica:0/task:0/device:MUSA:0,1.0,0.001
uB4OvlCfEe,Reshape,/job:localhost/replica:0/task:0/device:MUSA:0,1.0,0.001
Pvn96zCoIg,Reshape,/job:localhost/replica:0/task:0/device:MUSA:0,1.0,0.001
qAETQGXbFH,Reshape,/job:localhost/replica:0/task:0/device:MUSA:0,1.0,0.001
4JCAlWRnTX,Reshape,/job:localhost/replica:0/task:0/device:MUSA:0,1.0,0.001
LA5xTwoqOD,Squeeze,/job:localhost/replica:0/task:0/device:MUSA:0,1.0,0.001
za3OGHgLFf,Shape,/job:localhost/replica:0/task:0/device:MUSA:0,1.0,0.001
kJj1oN5rhg,Reshape,/job:localhost/replica:0/task:0/device:MUSA:0,1.0,0.001
DIifKv8x7s,Squeeze,/job:localhost/replica:0/task:0/device:MUSA:0,1.0,0.001
Enm2pYKfSu,Shape,/job:localhost/replica:0/task:0/device:MUSA:0,1.0,0.001
ImCvuKH1s5,Reshape,/job:localhost/replica:0/task:0/device:MUSA:0,1.0,0.001
ct0EvmRuan,Reshape,/job:localhost/replica:0/task:0/device:MUSA:0,1.0,0.001
NP10F2hIyz,Reshape,/job:localhost/replica:0/task:0/device:MUSA:0,1.0,0.001
y8qY0GRnLx,Reshape,/job:localhost/replica:0/task:0/device:MUSA:0,1.0,0.001
hKon8J9fA0,Shape,/job:localhost/replica:0/task:0/device:MUSA:0,1.0,0.001
rlzdfxPsG7,Shape,/job:localhost/replica:0/task:0/device:MUSA:0,1.0,0.001
x5fNqH2UlP,Shape,/job:localhost/replica:0/task:0/device:MUSA:0,1.0,0.001
J9lZBKedWb,Fill,/job:localhost/replica:0/task:0/device:MUSA:0,1.0,0.001
7GtZw1cEzO,Reshape,/job:localhost/replica:0/task:0/device:MUSA:0,1.0,0.001
_arg_2pxUSfhkgi_0_46,Placeholder,/job:localhost/replica:0/task:0/device:CPU:0,1.0,0.001
_arg_3UVPIrYBzZ_0_54,Placeholder,/job:localhost/replica:0/task:0/device:CPU:0,1.0,0.001
_arg_3Ur9wxsIv6_0_55,Placeholder,/job:localhost/replica:0/task:0/device:CPU:0,1.0,0.001
_arg_4WgZJ3G9QI_0_81,Placeholder,/job:localhost/replica:0/task:0/device:CPU:0,1.0,0.001
_arg_4OK8HRUIjp_0_77,Placeholder,/job:localhost/replica:0/task:0/device:CPU:0,1.0,0.001
_arg_Aka3BRixOc_0_159,Placeholder,/job:localhost/replica:0/task:0/device:CPU:0,1.0,0.001
_arg_B84Ojc7FwW_0_163,Placeholder,/job:localhost/replica:0/task:0/device:CPU:0,1.0,0.001
_arg_4sh6U3nH0u_0_85,Placeholder,/job:localhost/replica:0/task:0/device:CPU:0,1.0,0.001
_arg_4VoA2FrGSk_0_80,Placeholder,/job:localhost/replica:0/task:0/device:CPU:0,1.0,0.001
_arg_5CKTpmeDcj_0_87,Placeholder,/job:localhost/replica:0/task:0/device:CPU:0,1.0,0.001
_arg_5af1Meg8WB_0_93,Placeholder,/job:localhost/replica:0/task:0/device:CPU:0,1.0,0.001
_arg_6h35CmObtz_0_108,Placeholder,/job:localhost/replica:0/task:0/device:CPU:0,1.0,0.001
_arg_5cIj9sefou_0_94,Placeholder,/job:localhost/replica:0/task:0/device:CPU:0,1.0,0.001
_arg_7CfcIK9wlL_0_113,Placeholder,/job:localhost/replica:0/task:0/device:CPU:0,1.0,0.001
_arg_5DgyxMruCq_0_88,Placeholder,/job:localhost/replica:0/task:0/device:CPU:0,1.0,0.001
_arg_6TEBuGrzJs_0_105,Placeholder,/job:localhost/replica:0/task:0/device:CPU:0,1.0,0.001
_arg_8oFPX9OZ5L_0_133,Placeholder,/job:localhost/replica:0/task:0/device:CPU:0,1.0,0.001
_arg_6wfRoIEUOJ_0_110,Placeholder,/job:localhost/replica:0/task:0/device:CPU:0,1.0,0.001
_arg_2kx9aPulmJ_0_43,Placeholder,/job:localhost/replica:0/task:0/device:CPU:0,1.0,0.001
_arg_J5EMIfoRsX_0_293,Placeholder,/job:localhost/replica:0/task:0/device:CPU:0,1.0,0.001
_arg_JFrGskNhD7_0_297,Placeholder,/job:localhost/replica:0/task:0/device:CPU:0,1.0,0.001
_arg_JcVqzFn7tR_0_304,Placeholder,/job:localhost/replica:0/task:0/device:CPU:0,1.0,0.001
_arg_J6c1OQY2fj_0_294,Placeholder,/job:localhost/replica:0/task:0/device:CPU:0,1.0,0.001
_arg_KjQXI79gV8_0_331,Placeholder,/job:localhost/replica:0/task:0/device:CPU:0,1.0,0.001
_arg_KuZEhjLC8y_0_335,Placeholder,/job:localhost/replica:0/task:0/device:CPU:0,1.0,0.001
_arg_KzjnxOCZhN_0_336,Placeholder,/job:localhost/replica:0/task:0/device:CPU:0,1.0,0.001
_arg_O3a6EcJrv2_0_388,Placeholder,/job:localhost/replica:0/task:0/device:CPU:0,1.0,0.001
_arg_KctRXxSQYV_0_328,Placeholder,/job:localhost/replica:0/task:0/device:CPU:0,1.0,0.001
_arg_LIa9uvixMS_0_341,Placeholder,/job:localhost/replica:0/task:0/device:CPU:0,1.0,0.001
_arg_K4FsiawldT_0_317,Placeholder,/job:localhost/replica:0/task:0/device:CPU:0,1.0,0.001
_arg_KuL6JnfiHC_0_334,Placeholder,/job:localhost/replica:0/task:0/device:CPU:0,1.0,0.001
_arg_MkUVQWE7fB_0_367,Placeholder,/job:localhost/replica:0/task:0/device:CPU:0,1.0,0.001
_arg_JKUErgRPbL_0_299,Placeholder,/job:localhost/replica:0/task:0/device:CPU:0,1.0,0.001
_arg_NGzMkVZonc_0_375,Placeholder,/job:localhost/replica:0/task:0/device:CPU:0,1.0,0.001
_arg_JUXHoeK3F6_0_303,Placeholder,/job:localhost/replica:0/task:0/device:CPU:0,1.0,0.001
_arg_LpyVu1z7oi_0_353,Placeholder,/job:localhost/replica:0/task:0/device:CPU:0,1.0,0.001
_arg_MJeY2X3TSW_0_360,Placeholder,/job:localhost/replica:0/task:0/device:CPU:0,1.0,0.001
_arg_N9DrkgwU6L_0_373,Placeholder,/job:localhost/replica:0/task:0/device:CPU:0,1.0,0.001
_arg_NJl2ok3w8H_0_377,Placeholder,/job:localhost/replica:0/task:0/device:CPU:0,1.0,0.001
_arg_Ndpzx3bQy9_0_380,Placeholder,/job:localhost/replica:0/task:0/device:CPU:0,1.0,0.001
_arg_NiwT9Uxqop_0_383,Placeholder,/job:localhost/replica:0/task:0/device:CPU:0,1.0,0.001
_arg_NoIX7aLkQm_0_386,Placeholder,/job:localhost/replica:0/task:0/device:CPU:0,1.0,0.001
_arg_MPClqv4pXT_0_361,Placeholder,/job:localhost/replica:0/task:0/device:CPU:0,1.0,0.001
_arg_OnmJw7Ck0g_0_403,Placeholder,/job:localhost/replica:0/task:0/device:CPU:0,1.0,0.001
_arg_Mb7giTSz5P_0_365,Placeholder,/job:localhost/replica:0/task:0/device:CPU:0,1.0,0.001
_arg_PsJFjIpN2c_0_418,Placeholder,/job:localhost/replica:0/task:0/device:CPU:0,1.0,0.001
_arg_OuymCBpj67_0_405,Placeholder,/job:localhost/replica:0/task:0/device:CPU:0,1.0,0.001
_arg_PIUitaVTXk_0_408,Placeholder,/job:localhost/replica:0/task:0/device:CPU:0,1.0,0.001
_arg_E3mOutPRfU_0_198,Placeholder,/job:localhost/replica:0/task:0/device:CPU:0,1.0,0.001
_arg_C1BS0WoQjG_0_173,Placeholder,/job:localhost/replica:0/task:0/device:CPU:0,1.0,0.001
_arg_CkYcLWjB4J_0_183,Placeholder,/job:localhost/replica:0/task:0/device:CPU:0,1.0,0.001
_arg_COU8oFEqwV_0_181,Placeholder,/job:localhost/replica:0/task:0/device:CPU:0,1.0,0.001
_arg_D8qrfMtRV9_0_188,Placeholder,/job:localhost/replica:0/task:0/device:CPU:0,1.0,0.001
_arg_CVSLsrcjHU_0_182,Placeholder,/job:localhost/replica:0/task:0/device:CPU:0,1.0,0.001
_arg_CqSbJHgFxn_0_185,Placeholder,/job:localhost/replica:0/task:0/device:CPU:0,1.0,0.001
_arg_DiU2tx6raJ_0_194,Placeholder,/job:localhost/replica:0/task:0/device:CPU:0,1.0,0.001
_arg_0sQiakHpXc_0_13,Placeholder,/job:localhost/replica:0/task:0/device:CPU:0,1.0,0.001
_arg_15WRIPBiYO_0_16,Placeholder,/job:localhost/replica:0/task:0/device:CPU:0,1.0,0.001
_arg_1QCP6H3GqE_0_23,Placeholder,/job:localhost/replica:0/task:0/device:CPU:0,1.0,0.001
_arg_1aqmoz7nri_0_25,Placeholder,/job:localhost/replica:0/task:0/device:CPU:0,1.0,0.001
_arg_2IdUoiEzKw_0_35,Placeholder,/job:localhost/replica:0/task:0/device:CPU:0,1.0,0.001
_arg_0gprBXiu7c_0_8,Placeholder,/job:localhost/replica:0/task:0/device:CPU:0,1.0,0.001
_arg_0HZzeElK9A_0_2,Placeholder,/job:localhost/replica:0/task:0/device:CPU:0,1.0,0.001
_arg_0RrpteHYAl_0_4,Placeholder,/job:localhost/replica:0/task:0/device:CPU:0,1.0,0.001
_arg_0hJT3WOLbo_0_9,Placeholder,/job:localhost/replica:0/task:0/device:CPU:0,1.0,0.001
_arg_14GtkHPXKc_0_15,Placeholder,/job:localhost/replica:0/task:0/device:CPU:0,1.0,0.001
_arg_176efWcyFM_0_18,Placeholder,/job:localhost/replica:0/task:0/device:CPU:0,1.0,0.001
ZxeBQjMP9i,Equal,/job:localhost/replica:0/task:0/device:CPU:0,1.0,0.001
_arg_0BmqGcadnH_0_0,Placeholder,/job:localhost/replica:0/task:0/device:CPU:0,1.0,0.001
_arg_0ribzS6mdJ_0_12,Placeholder,/job:localhost/replica:0/task:0/device:CPU:0,1.0,0.001
_arg_1jxaqyEBvH_0_26,Placeholder,/job:localhost/replica:0/task:0/device:CPU:0,1.0,0.001
ufrEUpHTFQ,Const,/job:localhost/replica:0/task:0/device:CPU:0,1.0,0.001
_arg_EZMBNid1Pc_0_208,Placeholder,/job:localhost/replica:0/task:0/device:CPU:0,1.0,0.001
_arg_1nYNtZksXL_0_27,Placeholder,/job:localhost/replica:0/task:0/device:CPU:0,1.0,0.001
_arg_26xCbIfzah_0_32,Placeholder,/job:localhost/replica:0/task:0/device:CPU:0,1.0,0.001
_arg_Ff4b1YvcDE_0_234,Placeholder,/job:localhost/replica:0/task:0/device:CPU:0,1.0,0.001
_arg_FLe8TzKl79_0_222,Placeholder,/job:localhost/replica:0/task:0/device:CPU:0,1.0,0.001
_arg_G5VhLOJvr0_0_239,Placeholder,/job:localhost/replica:0/task:0/device:CPU:0,1.0,0.001
_arg_FJoE92wbj0_0_220,Placeholder,/job:localhost/replica:0/task:0/device:CPU:0,1.0,0.001
_arg_FaZKx9OEbX_0_232,Placeholder,/job:localhost/replica:0/task:0/device:CPU:0,1.0,0.001
_arg_FbcQTJdpXV_0_233,Placeholder,/job:localhost/replica:0/task:0/device:CPU:0,1.0,0.001
_arg_Gt30sFv84H_0_248,Placeholder,/job:localhost/replica:0/task:0/device:CPU:0,1.0,0.001
_arg_HPebm3Ft1T_0_262,Placeholder,/job:localhost/replica:0/task:0/device:CPU:0,1.0,0.001
_arg_ICpwRovB5Y_0_274,Placeholder,/job:localhost/replica:0/task:0/device:CPU:0,1.0,0.001
_arg_IDaRuBfrHn_0_275,Placeholder,/job:localhost/replica:0/task:0/device:CPU:0,1.0,0.001
_arg_IjY8phPZbD_0_287,Placeholder,/job:localhost/replica:0/task:0/device:CPU:0,1.0,0.001
_arg_HG7gzSl1sw_0_257,Placeholder,/job:localhost/replica:0/task:0/device:CPU:0,1.0,0.001
_arg_HosilaJZcG_0_268,Placeholder,/job:localhost/replica:0/task:0/device:CPU:0,1.0,0.001
_arg_PQkVMbRFcx_0_409,Placeholder,/job:localhost/replica:0/task:0/device:CPU:0,1.0,0.001
_arg_gj4bFr5YN0_0_693,Placeholder,/job:localhost/replica:0/task:0/device:CPU:0,1.0,0.001
_arg_hSnkpXeWzg_0_705,Placeholder,/job:localhost/replica:0/task:0/device:CPU:0,1.0,0.001
_arg_iLA6sgBXhx_0_714,Placeholder,/job:localhost/replica:0/task:0/device:CPU:0,1.0,0.001
_arg_iOX4JmeZF0_0_717,Placeholder,/job:localhost/replica:0/task:0/device:CPU:0,1.0,0.001
_arg_icCnlQ7oZg_0_724,Placeholder,/job:localhost/replica:0/task:0/device:CPU:0,1.0,0.001
_arg_jT8xbAEhLG_0_732,Placeholder,/job:localhost/replica:0/task:0/device:CPU:0,1.0,0.001
_arg_k5ewyRlBDu_0_745,Placeholder,/job:localhost/replica:0/task:0/device:CPU:0,1.0,0.001
_arg_hjCgT65x1I_0_709,Placeholder,/job:localhost/replica:0/task:0/device:CPU:0,1.0,0.001
_arg_mq8oWzKxOa_0_782,Placeholder,/job:localhost/replica:0/task:0/device:CPU:0,1.0,0.001
_arg_n17NXZt6Ff_0_785,Placeholder,/job:localhost/replica:0/task:0/device:CPU:0,1.0,0.001
_arg_knloIc2fSy_0_756,Placeholder,/job:localhost/replica:0/task:0/device:CPU:0,1.0,0.001
_arg_l31idZRBVI_0_760,Placeholder,/job:localhost/replica:0/task:0/device:CPU:0,1.0,0.001
_arg_jDnzQxwI4T_0_729,Placeholder,/job:localhost/replica:0/task:0/device:CPU:0,1.0,0.001
_arg_hOUw2tZLHm_0_703,Placeholder,/job:localhost/replica:0/task:0/device:CPU:0,1.0,0.001
_arg_ipjOfrwt2Y_0_726,Placeholder,/job:localhost/replica:0/task:0/device:CPU:0,1.0,0.001
_arg_lBfwuQ8nzS_0_761,Placeholder,/job:localhost/replica:0/task:0/device:CPU:0,1.0,0.001
_arg_jILAuyslmK_0_730,Placeholder,/job:localhost/replica:0/task:0/device:CPU:0,1.0,0.001
_arg_jW4yILUTwH_0_734,Placeholder,/job:localhost/replica:0/task:0/device:CPU:0,1.0,0.001
_arg_hQCrO6geN4_0_704,Placeholder,/job:localhost/replica:0/task:0/device:CPU:0,1.0,0.001
_arg_knB6j8ybc3_0_755,Placeholder,/job:localhost/replica:0/task:0/device:CPU:0,1.0,0.001
_arg_gEQ2NkWzX5_0_678,Placeholder,/job:localhost/replica:0/task:0/device:CPU:0,1.0,0.001
_arg_gftCSszOo4_0_691,Placeholder,/job:localhost/replica:0/task:0/device:CPU:0,1.0,0.001
_arg_kDIKTExtQY_0_747,Placeholder,/job:localhost/replica:0/task:0/device:CPU:0,1.0,0.001
_arg_n6zIOHC3Z5_0_787,Placeholder,/job:localhost/replica:0/task:0/device:CPU:0,1.0,0.001
_arg_gRFzmilunx_0_682,Placeholder,/job:localhost/replica:0/task:0/device:CPU:0,1.0,0.001
_arg_nqEhUXQ8Sx_0_792,Placeholder,/job:localhost/replica:0/task:0/device:CPU:0,1.0,0.001
_arg_lc3zkUM87X_0_767,Placeholder,/job:localhost/replica:0/task:0/device:CPU:0,1.0,0.001
_arg_jSpok6TblP_0_731,Placeholder,/job:localhost/replica:0/task:0/device:CPU:0,1.0,0.001
_arg_gb7dkz8thf_0_688,Placeholder,/job:localhost/replica:0/task:0/device:CPU:0,1.0,0.001
_arg_nyuP3DjXt4_0_796,Placeholder,/job:localhost/replica:0/task:0/device:CPU:0,1.0,0.001
_arg_oEj2VzgK8T_0_800,Placeholder,/job:localhost/replica:0/task:0/device:CPU:0,1.0,0.001
_arg_lV2EfXxtcM_0_765,Placeholder,/job:localhost/replica:0/task:0/device:CPU:0,1.0,0.001
_arg_Q0tpdNxOXc_0_420,Placeholder,/job:localhost/replica:0/task:0/device:CPU:0,1.0,0.001
_arg_QfRHe6ioIr_0_429,Placeholder,/job:localhost/replica:0/task:0/device:CPU:0,1.0,0.001
_arg_Qms9IenXAo_0_433,Placeholder,/job:localhost/replica:0/task:0/device:CPU:0,1.0,0.001
_arg_QRLZnsIe0N_0_426,Placeholder,/job:localhost/replica:0/task:0/device:CPU:0,1.0,0.001
_arg_Q2co5U7Imn_0_422,Placeholder,/job:localhost/replica:0/task:0/device:CPU:0,1.0,0.001
_arg_QfzNqMBdky_0_430,Placeholder,/job:localhost/replica:0/task:0/device:CPU:0,1.0,0.001
_arg_QoOrcPJV6m_0_434,Placeholder,/job:localhost/replica:0/task:0/device:CPU:0,1.0,0.001
_arg_SBpr9nDORY_0_449,Placeholder,/job:localhost/replica:0/task:0/device:CPU:0,1.0,0.001
_arg_QChEcldjSp_0_424,Placeholder,/job:localhost/replica:0/task:0/device:CPU:0,1.0,0.001
_arg_RSdlupeyfQ_0_439,Placeholder,/job:localhost/replica:0/task:0/device:CPU:0,1.0,0.001
_arg_T8uZ0QUAnX_0_464,Placeholder,/job:localhost/replica:0/task:0/device:CPU:0,1.0,0.001
_arg_Qt9PMXzSTk_0_436,Placeholder,/job:localhost/replica:0/task:0/device:CPU:0,1.0,0.001
_arg_TouZ9Bq86L_0_476,Placeholder,/job:localhost/replica:0/task:0/device:CPU:0,1.0,0.001
_arg_TxFHEUhCbX_0_480,Placeholder,/job:localhost/replica:0/task:0/device:CPU:0,1.0,0.001
_arg_T8vIpKdkiE_0_465,Placeholder,/job:localhost/replica:0/task:0/device:CPU:0,1.0,0.001
_arg_VQ7TOudNyX_0_503,Placeholder,/job:localhost/replica:0/task:0/device:CPU:0,1.0,0.001
_arg_TqJoGtmCI7_0_478,Placeholder,/job:localhost/replica:0/task:0/device:CPU:0,1.0,0.001
_arg_UFEDr7b2dN_0_488,Placeholder,/job:localhost/replica:0/task:0/device:CPU:0,1.0,0.001
_arg_UPL1q30w5W_0_492,Placeholder,/job:localhost/replica:0/task:0/device:CPU:0,1.0,0.001
_arg_Un36eKL80R_0_495,Placeholder,/job:localhost/replica:0/task:0/device:CPU:0,1.0,0.001
_arg_UxwdfqS3DM_0_499,Placeholder,/job:localhost/replica:0/task:0/device:CPU:0,1.0,0.001
_arg_VAYN3u2Wby_0_500,Placeholder,/job:localhost/replica:0/task:0/device:CPU:0,1.0,0.001
_arg_Vxyjelg6Na_0_515,Placeholder,/job:localhost/replica:0/task:0/device:CPU:0,1.0,0.001
_arg_UNshugBP9F_0_490,Placeholder,/job:localhost/replica:0/task:0/device:CPU:0,1.0,0.001
_arg_VrxlI7dmwL_0_512,Placeholder,/job:localhost/replica:0/task:0/device:CPU:0,1.0,0.001
_arg_WiPYHft1Rn_0_526,Placeholder,/job:localhost/replica:0/task:0/device:CPU:0,1.0,0.001
_arg_Vzc9O3jAuJ_0_517,Placeholder,/job:localhost/replica:0/task:0/device:CPU:0,1.0,0.001
_arg_WZQuAp3h5e_0_524,Placeholder,/job:localhost/replica:0/task:0/device:CPU:0,1.0,0.001
_arg_WuLH3RTEcG_0_527,Placeholder,/job:localhost/replica:0/task:0/device:CPU:0,1.0,0.001
_arg_Xmp5LoZJ0g_0_539,Placeholder,/job:localhost/replica:0/task:0/device:CPU:0,1.0,0.001
_arg_USZ7Oy0Bf5_0_494,Placeholder,/job:localhost/replica:0/task:0/device:CPU:0,1.0,0.001
_arg_m5Eijvrkd3_0_775,Placeholder,/job:localhost/replica:0/task:0/device:CPU:0,1.0,0.001
_arg_nwHGPKYWyS_0_794,Placeholder,/job:localhost/replica:0/task:0/device:CPU:0,1.0,0.001
_arg_X8T5mwx07G_0_528,Placeholder,/job:localhost/replica:0/task:0/device:CPU:0,1.0,0.001
_arg_XoATQtCZSJ_0_540,Placeholder,/job:localhost/replica:0/task:0/device:CPU:0,1.0,0.001
_arg_lxjMduPhqi_0_773,Placeholder,/job:localhost/replica:0/task:0/device:CPU:0,1.0,0.001
_arg_oFBXA18thD_0_801,Placeholder,/job:localhost/replica:0/task:0/device:CPU:0,1.0,0.001
_arg_XruQ3whGEl_0_544,Placeholder,/job:localhost/replica:0/task:0/device:CPU:0,1.0,0.001
_arg_lbnj8qJCGu_0_766,Placeholder,/job:localhost/replica:0/task:0/device:CPU:0,1.0,0.001
_arg_lnUxAK7p8H_0_770,Placeholder,/job:localhost/replica:0/task:0/device:CPU:0,1.0,0.001
_arg_mGIvgUCw1s_0_777,Placeholder,/job:localhost/replica:0/task:0/device:CPU:0,1.0,0.001
_arg_nGXf3IQj6U_0_789,Placeholder,/job:localhost/replica:0/task:0/device:CPU:0,1.0,0.001
_arg_oLfYA3GFnS_0_803,Placeholder,/job:localhost/replica:0/task:0/device:CPU:0,1.0,0.001
_arg_odRYyFNP8L_0_811,Placeholder,/job:localhost/replica:0/task:0/device:CPU:0,1.0,0.001
_arg_oNZe2zgOGE_0_804,Placeholder,/job:localhost/replica:0/task:0/device:CPU:0,1.0,0.001
_arg_oZTmWtFygd_0_809,Placeholder,/job:localhost/replica:0/task:0/device:CPU:0,1.0,0.001
_arg_pi4yfTFDOZ_0_822,Placeholder,/job:localhost/replica:0/task:0/device:CPU:0,1.0,0.001
_arg_qKXchmVwju_0_830,Placeholder,/job:localhost/replica:0/task:0/device:CPU:0,1.0,0.001
_arg_pIXZEbHC1O_0_816,Placeholder,/job:localhost/replica:0/task:0/device:CPU:0,1.0,0.001
_arg_poeha5DckA_0_823,Placeholder,/job:localhost/replica:0/task:0/device:CPU:0,1.0,0.001
_arg_qaWmwVsT8B_0_834,Placeholder,/job:localhost/replica:0/task:0/device:CPU:0,1.0,0.001
_arg_rLU6AkoX2Q_0_841,Placeholder,/job:localhost/replica:0/task:0/device:CPU:0,1.0,0.001
_arg_sWykQFX5uP_0_857,Placeholder,/job:localhost/replica:0/task:0/device:CPU:0,1.0,0.001
_arg_qpdnvtUAc7_0_838,Placeholder,/job:localhost/replica:0/task:0/device:CPU:0,1.0,0.001
_arg_rMI5Y6Kx8f_0_842,Placeholder,/job:localhost/replica:0/task:0/device:CPU:0,1.0,0.001
_arg_sIxltMQfkm_0_853,Placeholder,/job:localhost/replica:0/task:0/device:CPU:0,1.0,0.001
_arg_qhEKQa5S82_0_836,Placeholder,/job:localhost/replica:0/task:0/device:CPU:0,1.0,0.001
_arg_rwI8vRJuYg_0_850,Placeholder,/job:localhost/replica:0/task:0/device:CPU:0,1.0,0.001
_arg_thVq9u604E_0_872,Placeholder,/job:localhost/replica:0/task:0/device:CPU:0,1.0,0.001
_arg_rt8x7g9mNa_0_848,Placeholder,/job:localhost/replica:0/task:0/device:CPU:0,1.0,0.001
_arg_tFJkuWHO9q_0_864,Placeholder,/job:localhost/replica:0/task:0/device:CPU:0,1.0,0.001
_arg_thcjXI2e4E_0_873,Placeholder,/job:localhost/replica:0/task:0/device:CPU:0,1.0,0.001
_arg_tpP6w7D0lN_0_877,Placeholder,/job:localhost/replica:0/task:0/device:CPU:0,1.0,0.001
_arg_uEKpxycL0S_0_884,Placeholder,/job:localhost/replica:0/task:0/device:CPU:0,1.0,0.001
_arg_unaIy2UZSm_0_892,Placeholder,/job:localhost/replica:0/task:0/device:CPU:0,1.0,0.001
_arg_v8q4K6x2zi_0_897,Placeholder,/job:localhost/replica:0/task:0/device:CPU:0,1.0,0.001
_arg_vIFh2p90nC_0_899,Placeholder,/job:localhost/replica:0/task:0/device:CPU:0,1.0,0.001
_arg_vI8UEGwQWg_0_898,Placeholder,/job:localhost/replica:0/task:0/device:CPU:0,1.0,0.001
_arg_vRAjBfx4d7_0_900,Placeholder,/job:localhost/replica:0/task:0/device:CPU:0,1.0,0.001
_arg_wYvfHjth9S_0_915,Placeholder,/job:localhost/replica:0/task:0/device:CPU:0,1.0,0.001
_arg_u39leAUH0R_0_879,Placeholder,/job:localhost/replica:0/task:0/device:CPU:0,1.0,0.001
_arg_ui2CfDw4Hq_0_890,Placeholder,/job:localhost/replica:0/task:0/device:CPU:0,1.0,0.001
_arg_wOSpM1r30I_0_912,Placeholder,/job:localhost/replica:0/task:0/device:CPU:0,1.0,0.001
_arg_YKjXI8mdge_0_548,Placeholder,/job:localhost/replica:0/task:0/device:CPU:0,1.0,0.001
_arg_YbEQICu86w_0_553,Placeholder,/job:localhost/replica:0/task:0/device:CPU:0,1.0,0.001
_arg_YVJNrCMLg9_0_550,Placeholder,/job:localhost/replica:0/task:0/device:CPU:0,1.0,0.001
_arg_YgUSz1sRHC_0_555,Placeholder,/job:localhost/replica:0/task:0/device:CPU:0,1.0,0.001
_arg_ZLoUTwtulF_0_569,Placeholder,/job:localhost/replica:0/task:0/device:CPU:0,1.0,0.001
_arg_ZV3zhv8own_0_570,Placeholder,/job:localhost/replica:0/task:0/device:CPU:0,1.0,0.001
_arg_ZyfIkFJ32R_0_577,Placeholder,/job:localhost/replica:0/task:0/device:CPU:0,1.0,0.001
_arg_Z9LcNBCSKe_0_564,Placeholder,/job:localhost/replica:0/task:0/device:CPU:0,1.0,0.001
_arg_a6URdpsTKv_0_578,Placeholder,/job:localhost/replica:0/task:0/device:CPU:0,1.0,0.001
_arg_aYWJpt4CFO_0_583,Placeholder,/job:localhost/replica:0/task:0/device:CPU:0,1.0,0.001
_arg_bcuoqRBvQA_0_597,Placeholder,/job:localhost/replica:0/task:0/device:CPU:0,1.0,0.001
_arg_bq8nuk6K7z_0_600,Placeholder,/job:localhost/replica:0/task:0/device:CPU:0,1.0,0.001
_arg_bm15OEwvRd_0_598,Placeholder,/job:localhost/replica:0/task:0/device:CPU:0,1.0,0.001
_arg_cVYf6pKlwR_0_609,Placeholder,/job:localhost/replica:0/task:0/device:CPU:0,1.0,0.001
_arg_ctvQIr0usq_0_618,Placeholder,/job:localhost/replica:0/task:0/device:CPU:0,1.0,0.001
_arg_d0C9wTRcAu_0_621,Placeholder,/job:localhost/replica:0/task:0/device:CPU:0,1.0,0.001
_arg_dGmq76NkHX_0_629,Placeholder,/job:localhost/replica:0/task:0/device:CPU:0,1.0,0.001
_arg_eQLw46iVSA_0_643,Placeholder,/job:localhost/replica:0/task:0/device:CPU:0,1.0,0.001
_arg_d2ogbiWn9c_0_622,Placeholder,/job:localhost/replica:0/task:0/device:CPU:0,1.0,0.001
_arg_eRP1risJy0_0_644,Placeholder,/job:localhost/replica:0/task:0/device:CPU:0,1.0,0.001
_arg_ejqndp4C2W_0_651,Placeholder,/job:localhost/replica:0/task:0/device:CPU:0,1.0,0.001
_arg_fLo7QhBa8d_0_663,Placeholder,/job:localhost/replica:0/task:0/device:CPU:0,1.0,0.001
_arg_eh4AYKj71F_0_649,Placeholder,/job:localhost/replica:0/task:0/device:CPU:0,1.0,0.001
_arg_ezACbR3xuw_0_656,Placeholder,/job:localhost/replica:0/task:0/device:CPU:0,1.0,0.001
_arg_wZiXVvSJx2_0_916,Placeholder,/job:localhost/replica:0/task:0/device:CPU:0,1.0,0.001
_arg_wgiGO9leCT_0_919,Placeholder,/job:localhost/replica:0/task:0/device:CPU:0,1.0,0.001
_arg_uQb5Vvgn0M_0_887,Placeholder,/job:localhost/replica:0/task:0/device:CPU:0,1.0,0.001
_arg_v4R1IDzs3b_0_895,Placeholder,/job:localhost/replica:0/task:0/device:CPU:0,1.0,0.001
_arg_w7gJeouv2O_0_906,Placeholder,/job:localhost/replica:0/task:0/device:CPU:0,1.0,0.001
_arg_eruTdOWUGS_0_654,Placeholder,/job:localhost/replica:0/task:0/device:CPU:0,1.0,0.001
_arg_fa1PDtd84s_0_666,Placeholder,/job:localhost/replica:0/task:0/device:CPU:0,1.0,0.001
_arg_whxSH4kruM_0_920,Placeholder,/job:localhost/replica:0/task:0/device:CPU:0,1.0,0.001
_arg_xQZjsE4yUi_0_931,Placeholder,/job:localhost/replica:0/task:0/device:CPU:0,1.0,0.001
_arg_xdiqPoUaWG_0_935,Placeholder,/job:localhost/replica:0/task:0/device:CPU:0,1.0,0.001
_arg_xjyK9TW8Pb_0_936,Placeholder,/job:localhost/replica:0/task:0/device:CPU:0,1.0,0.001
_arg_yMh5f1vkHG_0_946,Placeholder,/job:localhost/replica:0/task:0/device:CPU:0,1.0,0.001
_arg_yFTfnDoS9b_0_943,Placeholder,/job:localhost/replica:0/task:0/device:CPU:0,1.0,0.001
_arg_yMwWiZcOr7_0_947,Placeholder,/job:localhost/replica:0/task:0/device:CPU:0,1.0,0.001
_arg_yb482xgRKd_0_950,Placeholder,/job:localhost/replica:0/task:0/device:CPU:0,1.0,0.001
_arg_yrKvIpHRkx_0_954,Placeholder,/job:localhost/replica:0/task:0/device:CPU:0,1.0,0.001
_arg_zCg25KiIAd_0_958,Placeholder,/job:localhost/replica:0/task:0/device:CPU:0,1.0,0.001
_arg_zQfrH6ijop_0_962,Placeholder,/job:localhost/replica:0/task:0/device:CPU:0,1.0,0.001
YOvf7Mmrg9,Switch,/job:localhost/replica:0/task:0/device:CPU:0,1.0,0.001
_retval_EfJLDVZOq7_0_1,Select,/job:localhost/replica:0/task:0/device:CPU:0,1.0,0.001
_retval_SvM1ItAcQW_0_4,Select,/job:localhost/replica:0/task:0/device:CPU:0,1.0,0.001
_retval_PLJKcp4FHC_0_3,Neg,/job:localhost/replica:0/task:0/device:CPU:0,1.0,0.001
_retval_2grZqwfROo_0_0,Sub,/job:localhost/replica:0/task:0/device:CPU:0,1.0,0.001
_SOURCE,Unknown,/job:localhost/replica:0/task:0/device:MUSA:0,0.0,0.0
ConstantFoldingCtrl/duZRIUnc3C_1,Switch,/job:localhost/replica:0/task:0/device:MUSA:0,0.0,0.0
ConstantFoldingCtrl/j08hzSsmAU_1,Switch,/job:localhost/replica:0/task:0/device:MUSA:0,0.0,0.0
efL6blEK9T,Switch,/job:localhost/replica:0/task:0/device:MUSA:0,0.0,0.0
0eW5mKS1EN,Reshape,/job:localhost/replica:0/task:0/device:MUSA:0,0.0,0.0
H6lEf9abqW,Reshape,/job:localhost/replica:0/task:0/device:MUSA:0,0.0,0.0
oOuxF4C52p,Reshape,/job:localhost/replica:0/task:0/device:MUSA:0,0.0,0.0
vF1TRKEXom,Reshape,/job:localhost/replica:0/task:0/device:MUSA:0,0.0,0.0
yqBZSTr6PM,Reshape,/job:localhost/replica:0/task:0/device:MUSA:0,0.0,0.0
RxDpzbGZ4N,Reshape,/job:localhost/replica:0/task:0/device:MUSA:0,0.0,0.0
R56yJpIxeD,Reshape,/job:localhost/replica:0/task:0/device:MUSA:0,0.0,0.0
FTnLBjAGX4,Reshape,/job:localhost/replica:0/task:0/device:MUSA:0,0.0,0.0
aTWrI7gniZ,Reshape,/job:localhost/replica:0/task:0/device:MUSA:0,0.0,0.0
hsnWQU3oql,Reshape,/job:localhost/replica:0/task:0/device:MUSA:0,0.0,0.0
gRCSEkxjHh,Reshape,/job:localhost/replica:0/task:0/device:MUSA:0,0.0,0.0
7y4NHq5hBf,Reshape,/job:localhost/replica:0/task:0/device:MUSA:0,0.0,0.0
kfOBbLMteT,Reshape,/job:localhost/replica:0/task:0/device:MUSA:0,0.0,0.0
RFQUsTXyaf,Reshape,/job:localhost/replica:0/task:0/device:MUSA:0,0.0,0.0
DXSVO1xvbi,Reshape,/job:localhost/replica:0/task:0/device:MUSA:0,0.0,0.0
d9s7yFqxov,Reshape,/job:localhost/replica:0/task:0/device:MUSA:0,0.0,0.0
lULxpOdTn8,Reshape,/job:localhost/replica:0/task:0/device:MUSA:0,0.0,0.0
MyLQSau1w3,Reshape,/job:localhost/replica:0/task:0/device:MUSA:0,0.0,0.0
4KmDCQZxlt,Reshape,/job:localhost/replica:0/task:0/device:MUSA:0,0.0,0.0
47T0kOdSLn,Reshape,/job:localhost/replica:0/task:0/device:MUSA:0,0.0,0.0
Ofz4lLqUhe,Reshape,/job:localhost/replica:0/task:0/device:MUSA:0,0.0,0.0
KCsI8OR5cF,Reshape,/job:localhost/replica:0/task:0/device:MUSA:0,0.0,0.0
cwf3AMpurT,Reshape,/job:localhost/replica:0/task:0/device:MUSA:0,0.0,0.0
8jWcsbYiaS,Reshape,/job:localhost/replica:0/task:0/device:MUSA:0,0.0,0.0
HvotxQ7hSR,Reshape,/job:localhost/replica:0/task:0/device:MUSA:0,0.0,0.0
UFRQ6kJlo8,Reshape,/job:localhost/replica:0/task:0/device:MUSA:0,0.0,0.0
DfKGoATukl,Reshape,/job:localhost/replica:0/task:0/device:MUSA:0,0.0,0.0
o16JUyCPQs,Reshape,/job:localhost/replica:0/task:0/device:MUSA:0,0.0,0.0
lZm3zxeBrI,Reshape,/job:localhost/replica:0/task:0/device:MUSA:0,0.0,0.0
sLTAoYyHzR,Reshape,/job:localhost/replica:0/task:0/device:MUSA:0,0.0,0.0
EnT7hAQftH,Shape,/job:localhost/replica:0/task:0/device:MUSA:0,0.0,0.0
btoOwUxLfT,Reshape,/job:localhost/replica:0/task:0/device:MUSA:0,0.0,0.0
acHYmRf9Nv,Reshape,/job:localhost/replica:0/task:0/device:MUSA:0,0.0,0.0
vDJCqcQkuy,Reshape,/job:localhost/replica:0/task:0/device:MUSA:0,0.0,0.0
pHAhVJkbCn,Reshape,/job:localhost/replica:0/task:0/device:MUSA:0,0.0,0.0
NLMj9CGml1,Reshape,/job:localhost/replica:0/task:0/device:MUSA:0,0.0,0.0
DU1HFsZijM,Reshape,/job:localhost/replica:0/task:0/device:MUSA:0,0.0,0.0
lD5t9cBThO,Reshape,/job:localhost/replica:0/task:0/device:MUSA:0,0.0,0.0
35nK8sLvQV,Reshape,/job:localhost/replica:0/task:0/device:MUSA:0,0.0,0.0
WHcUwI5XJA,Reshape,/job:localhost/replica:0/task:0/device:MUSA:0,0.0,0.0
GacIzrZ0jq,Reshape,/job:localhost/replica:0/task:0/device:MUSA:0,0.0,0.0
7YDHntwxqu,Reshape,/job:localhost/replica:0/task:0/device:MUSA:0,0.0,0.0
CEOz5yarh6,Reshape,/job:localhost/replica:0/task:0/device:MUSA:0,0.0,0.0
Tag1iqbNpo,Reshape,/job:localhost/replica:0/task:0/device:MUSA:0,0.0,0.0
b0FtRGunrC,Reshape,/job:localhost/replica:0/task:0/device:MUSA:0,0.0,0.0
14MTt3Rmvz,Shape,/job:localhost/replica:0/task:0/device:MUSA:0,0.0,0.0
2KhlCZLfH3,Reshape,/job:localhost/replica:0/task:0/device:MUSA:0,0.0,0.0
0aY7twdhZ3,Reshape,/job:localhost/replica:0/task:0/device:MUSA:0,0.0,0.0
RSqHce9Lls,Reshape,/job:localhost/replica:0/task:0/device:MUSA:0,0.0,0.0
CI1bJFj9xf,Reshape,/job:localhost/replica:0/task:0/device:MUSA:0,0.0,0.0
SNrlOey08m,Reshape,/job:localhost/replica:0/task:0/device:MUSA:0,0.0,0.0
OPnoGbJ1mu,Reshape,/job:localhost/replica:0/task:0/device:MUSA:0,0.0,0.0
tcP3AgL8Iu,Reshape,/job:localhost/replica:0/task:0/device:MUSA:0,0.0,0.0
jsLi3DOf06,Reshape,/job:localhost/replica:0/task:0/device:MUSA:0,0.0,0.0
PsEtgAdTv7,Reshape,/job:localhost/replica:0/task:0/device:MUSA:0,0.0,0.0
b4B6fPq1Ze,Reshape,/job:localhost/replica:0/task:0/device:MUSA:0,0.0,0.0
cmSHLTeuUb,Reshape,/job:localhost/replica:0/task:0/device:MUSA:0,0.0,0.0
lo7XD6dUJM,Reshape,/job:localhost/replica:0/task:0/device:MUSA:0,0.0,0.0
isUJhfOR4H,Reshape,/job:localhost/replica:0/task:0/device:MUSA:0,0.0,0.0
iYCv1K0ZFx,Reshape,/job:localhost/replica:0/task:0/device:MUSA:0,0.0,0.0
abU8j5r3zD,Reshape,/job:localhost/replica:0/task:0/device:MUSA:0,0.0,0.0
jwL86G1aYn,Reshape,/job:localhost/replica:0/task:0/device:MUSA:0,0.0,0.0
z3uWVrakfs,Reshape,/job:localhost/replica:0/task:0/device:MUSA:0,0.0,0.0
iy7qh5sARo,Reshape,/job:localhost/replica:0/task:0/device:MUSA:0,0.0,0.0
XMbsdlfCkV,Reshape,/job:localhost/replica:0/task:0/device:MUSA:0,0.0,0.0
3YPa5mfsw2,Reshape,/job:localhost/replica:0/task:0/device:MUSA:0,0.0,0.0
6GSbaPdBKf,Reshape,/job:localhost/replica:0/task:0/device:MUSA:0,0.0,0.0
_SOURCE,Unknown,/job:localhost/replica:0/task:0/device:CPU:0,0.0,0.0
_arg_zuXdAvNHhB_0_965,Placeholder,/job:localhost/replica:0/task:0/device:CPU:0,0.0,0.0
_arg_2YdOPM6ce5_0_38,Placeholder,/job:localhost/replica:0/task:0/device:CPU:0,0.0,0.0
_arg_2h5Wj7SDup_0_41,Placeholder,/job:localhost/replica:0/task:0/device:CPU:0,0.0,0.0
_arg_3CABlqbZE2_0_49,Placeholder,/job:localhost/replica:0/task:0/device:CPU:0,0.0,0.0
_arg_3YbICoLqz5_0_59,Placeholder,/job:localhost/replica:0/task:0/device:CPU:0,0.0,0.0
_arg_3gOtvzcU0y_0_62,Placeholder,/job:localhost/replica:0/task:0/device:CPU:0,0.0,0.0
_arg_3hkd8Jtmwr_0_65,Placeholder,/job:localhost/replica:0/task:0/device:CPU:0,0.0,0.0
_arg_3qmCDvXO5y_0_69,Placeholder,/job:localhost/replica:0/task:0/device:CPU:0,0.0,0.0
_arg_3tndgw4BkY_0_70,Placeholder,/job:localhost/replica:0/task:0/device:CPU:0,0.0,0.0
_arg_3dm8BifeY7_0_60,Placeholder,/job:localhost/replica:0/task:0/device:CPU:0,0.0,0.0
_arg_41ENBvq5SR_0_73,Placeholder,/job:localhost/replica:0/task:0/device:CPU:0,0.0,0.0
_arg_3pOFJMfZcY_0_66,Placeholder,/job:localhost/replica:0/task:0/device:CPU:0,0.0,0.0
_arg_3VKdnIBD1A_0_56,Placeholder,/job:localhost/replica:0/task:0/device:CPU:0,0.0,0.0
_arg_5jkcwintlR_0_96,Placeholder,/job:localhost/replica:0/task:0/device:CPU:0,0.0,0.0
_arg_6M8d2EwhzO_0_103,Placeholder,/job:localhost/replica:0/task:0/device:CPU:0,0.0,0.0
_arg_3z6aS7hYot_0_71,Placeholder,/job:localhost/replica:0/task:0/device:CPU:0,0.0,0.0
_arg_4AOm5HQeXD_0_74,Placeholder,/job:localhost/replica:0/task:0/device:CPU:0,0.0,0.0
_arg_3gpi7vkcBr_0_63,Placeholder,/job:localhost/replica:0/task:0/device:CPU:0,0.0,0.0
_arg_3pXOMtyPvq_0_67,Placeholder,/job:localhost/replica:0/task:0/device:CPU:0,0.0,0.0
_arg_409EOAQVDv_0_72,Placeholder,/job:localhost/replica:0/task:0/device:CPU:0,0.0,0.0
_arg_3IBsOUja9T_0_50,Placeholder,/job:localhost/replica:0/task:0/device:CPU:0,0.0,0.0
_arg_4R02xFgoLe_0_78,Placeholder,/job:localhost/replica:0/task:0/device:CPU:0,0.0,0.0
_arg_4b5CQRpEIJ_0_82,Placeholder,/job:localhost/replica:0/task:0/device:CPU:0,0.0,0.0
_arg_3h4YsvU0yZ_0_64,Placeholder,/job:localhost/replica:0/task:0/device:CPU:0,0.0,0.0
_arg_5ES1nWKgU7_0_89,Placeholder,/job:localhost/replica:0/task:0/device:CPU:0,0.0,0.0
_arg_ASUXGRrW0y_0_154,Placeholder,/job:localhost/replica:0/task:0/device:CPU:0,0.0,0.0
_arg_AangNhvQMY_0_156,Placeholder,/job:localhost/replica:0/task:0/device:CPU:0,0.0,0.0
_arg_AhoLuOc7BF_0_157,Placeholder,/job:localhost/replica:0/task:0/device:CPU:0,0.0,0.0
_arg_AnWK42LouY_0_160,Placeholder,/job:localhost/replica:0/task:0/device:CPU:0,0.0,0.0
_arg_B8KP9OLwlA_0_164,Placeholder,/job:localhost/replica:0/task:0/device:CPU:0,0.0,0.0
_arg_Aj8eWLCUaB_0_158,Placeholder,/job:localhost/replica:0/task:0/device:CPU:0,0.0,0.0
_arg_B5RaQlwWbM_0_161,Placeholder,/job:localhost/replica:0/task:0/device:CPU:0,0.0,0.0
_arg_4ViX30MQvw_0_79,Placeholder,/job:localhost/replica:0/task:0/device:CPU:0,0.0,0.0
_arg_3KTD1Ef6aq_0_51,Placeholder,/job:localhost/replica:0/task:0/device:CPU:0,0.0,0.0
_arg_B7FDWM3Cxr_0_162,Placeholder,/job:localhost/replica:0/task:0/device:CPU:0,0.0,0.0
_arg_5YNFhoK3Ca_0_92,Placeholder,/job:localhost/replica:0/task:0/device:CPU:0,0.0,0.0
_arg_3pkXYZaQRl_0_68,Placeholder,/job:localhost/replica:0/task:0/device:CPU:0,0.0,0.0
_arg_5yBDY1fqiz_0_100,Placeholder,/job:localhost/replica:0/task:0/device:CPU:0,0.0,0.0
_arg_4MnvdxOz7J_0_75,Placeholder,/job:localhost/replica:0/task:0/device:CPU:0,0.0,0.0
_arg_36gukBz148_0_47,Placeholder,/job:localhost/replica:0/task:0/device:CPU:0,0.0,0.0
_arg_5ANjsmdk09_0_86,Placeholder,/job:localhost/replica:0/task:0/device:CPU:0,0.0,0.0
_arg_5RaWrczbqu_0_90,Placeholder,/job:localhost/replica:0/task:0/device:CPU:0,0.0,0.0
_arg_5iZjmFrcHo_0_95,Placeholder,/job:localhost/replica:0/task:0/device:CPU:0,0.0,0.0
_arg_5liHaDGNtT_0_97,Placeholder,/job:localhost/replica:0/task:0/device:CPU:0,0.0,0.0
_arg_8YsrqS7Qgd_0_132,Placeholder,/job:localhost/replica:0/task:0/device:CPU:0,0.0,0.0
_arg_6PawIlHMyN_0_104,Placeholder,/job:localhost/replica:0/task:0/device:CPU:0,0.0,0.0
_arg_4O5ISKiesQ_0_76,Placeholder,/job:localhost/replica:0/task:0/device:CPU:0,0.0,0.0
_arg_2cgpL6Bqy3_0_39,Placeholder,/job:localhost/replica:0/task:0/device:CPU:0,0.0,0.0
_arg_4ct9SlgUP1_0_83,Placeholder,/job:localhost/replica:0/task:0/device:CPU:0,0.0,0.0
_arg_3ME0JLnCyF_0_52,Placeholder,/job:localhost/replica:0/task:0/device:CPU:0,0.0,0.0
_arg_3YNf1Qmjc7_0_57,Placeholder,/job:localhost/replica:0/task:0/device:CPU:0,0.0,0.0
_arg_68MKr7Rlpf_0_101,Placeholder,/job:localhost/replica:0/task:0/device:CPU:0,0.0,0.0
_arg_9Czgx0yHlu_0_139,Placeholder,/job:localhost/replica:0/task:0/device:CPU:0,0.0,0.0
_arg_78wPTAbe6n_0_112,Placeholder,/job:localhost/replica:0/task:0/device:CPU:0,0.0,0.0
_arg_7GQyZvzeft_0_116,Placeholder,/job:localhost/replica:0/task:0/device:CPU:0,0.0,0.0
_arg_4pGjywgFbS_0_84,Placeholder,/job:localhost/replica:0/task:0/device:CPU:0,0.0,0.0
_arg_7waupGCsH6_0_124,Placeholder,/job:localhost/replica:0/task:0/device:CPU:0,0.0,0.0
_arg_5Tbv4PyKlU_0_91,Placeholder,/job:localhost/replica:0/task:0/device:CPU:0,0.0,0.0
_arg_3MIkigbP1x_0_53,Placeholder,/job:localhost/replica:0/task:0/device:CPU:0,0.0,0.0
_arg_3YZqw7y0tF_0_58,Placeholder,/job:localhost/replica:0/task:0/device:CPU:0,0.0,0.0
_arg_3g5jWhRn7s_0_61,Placeholder,/job:localhost/replica:0/task:0/device:CPU:0,0.0,0.0
_arg_9m5FCXHSda_0_147,Placeholder,/job:localhost/replica:0/task:0/device:CPU:0,0.0,0.0
_arg_7JU1GLx5EX_0_117,Placeholder,/job:localhost/replica:0/task:0/device:CPU:0,0.0,0.0
_arg_7f93e6kcDZ_0_120,Placeholder,/job:localhost/replica:0/task:0/device:CPU:0,0.0,0.0
_arg_8DBJn4bCOx_0_125,Placeholder,/job:localhost/replica:0/task:0/device:CPU:0,0.0,0.0
_arg_2lUFaX9npv_0_44,Placeholder,/job:localhost/replica:0/task:0/device:CPU:0,0.0,0.0
_arg_3C7US2iWsD_0_48,Placeholder,/job:localhost/replica:0/task:0/device:CPU:0,0.0,0.0
_arg_9G1Ee4c8oX_0_140,Placeholder,/job:localhost/replica:0/task:0/device:CPU:0,0.0,0.0
_arg_9VQj7IynsT_0_143,Placeholder,/job:localhost/replica:0/task:0/device:CPU:0,0.0,0.0
_arg_6ramYsOg30_0_109,Placeholder,/job:localhost/replica:0/task:0/device:CPU:0,0.0,0.0
_arg_7DTwaZsNtP_0_114,Placeholder,/job:localhost/replica:0/task:0/device:CPU:0,0.0,0.0
_arg_7WLb0kevsG_0_118,Placeholder,/job:localhost/replica:0/task:0/device:CPU:0,0.0,0.0
_arg_7n5jNWfFJP_0_121,Placeholder,/job:localhost/replica:0/task:0/device:CPU:0,0.0,0.0
_arg_8F2Bt0LVWm_0_126,Placeholder,/job:localhost/replica:0/task:0/device:CPU:0,0.0,0.0
_arg_8MZyWUiEJ3_0_128,Placeholder,/job:localhost/replica:0/task:0/device:CPU:0,0.0,0.0
_arg_96d152i3HU_0_136,Placeholder,/job:localhost/replica:0/task:0/device:CPU:0,0.0,0.0
_arg_2igQ6eAFHJ_0_42,Placeholder,/job:localhost/replica:0/task:0/device:CPU:0,0.0,0.0
_arg_2lshItLoXB_0_45,Placeholder,/job:localhost/replica:0/task:0/device:CPU:0,0.0,0.0
_arg_9t81ZovRnm_0_148,Placeholder,/job:localhost/replica:0/task:0/device:CPU:0,0.0,0.0
_arg_6aY49f2AOE_0_106,Placeholder,/job:localhost/replica:0/task:0/device:CPU:0,0.0,0.0
_arg_7DYwLCciNO_0_115,Placeholder,/job:localhost/replica:0/task:0/device:CPU:0,0.0,0.0
_arg_7ZFbo5fIE3_0_119,Placeholder,/job:localhost/replica:0/task:0/device:CPU:0,0.0,0.0
_arg_7nywVkSKAI_0_122,Placeholder,/job:localhost/replica:0/task:0/device:CPU:0,0.0,0.0
_arg_8FRgbEZKrt_0_127,Placeholder,/job:localhost/replica:0/task:0/device:CPU:0,0.0,0.0
_arg_8O2xqzF63i_0_129,Placeholder,/job:localhost/replica:0/task:0/device:CPU:0,0.0,0.0
_arg_8omhv0gJfn_0_134,Placeholder,/job:localhost/replica:0/task:0/device:CPU:0,0.0,0.0
_arg_98PUN6sX4i_0_137,Placeholder,/job:localhost/replica:0/task:0/device:CPU:0,0.0,0.0
_arg_9IawKHBMGD_0_141,Placeholder,/job:localhost/replica:0/task:0/device:CPU:0,0.0,0.0
_arg_2f3B7SgkmA_0_40,Placeholder,/job:localhost/replica:0/task:0/device:CPU:0,0.0,0.0
_arg_5nQe6EZpcr_0_98,Placeholder,/job:localhost/replica:0/task:0/device:CPU:0,0.0,0.0
_arg_A5eCyr7JS6_0_151,Placeholder,/job:localhost/replica:0/task:0/device:CPU:0,0.0,0.0
_arg_AZt40PzO3F_0_155,Placeholder,/job:localhost/replica:0/task:0/device:CPU:0,0.0,0.0
_arg_73U6XjW2H5_0_111,Placeholder,/job:localhost/replica:0/task:0/device:CPU:0,0.0,0.0
_arg_7tmiOdPTbs_0_123,Placeholder,/job:localhost/replica:0/task:0/device:CPU:0,0.0,0.0
_arg_8VS6lyfXtu_0_130,Placeholder,/job:localhost/replica:0/task:0/device:CPU:0,0.0,0.0
_arg_8vCGhOHU2K_0_135,Placeholder,/job:localhost/replica:0/task:0/device:CPU:0,0.0,0.0
_arg_9CmAphOdR0_0_138,Placeholder,/job:localhost/replica:0/task:0/device:CPU:0,0.0,0.0
_arg_9SNIyDKJtR_0_142,Placeholder,/job:localhost/replica:0/task:0/device:CPU:0,0.0,0.0
_arg_9Waf0ZCyuv_0_144,Placeholder,/job:localhost/replica:0/task:0/device:CPU:0,0.0,0.0
_arg_A19Xm52qg4_0_149,Placeholder,/job:localhost/replica:0/task:0/device:CPU:0,0.0,0.0
_arg_A7fa0RM8Zi_0_152,Placeholder,/job:localhost/replica:0/task:0/device:CPU:0,0.0,0.0
_arg_6g1KzWHYJx_0_107,Placeholder,/job:localhost/replica:0/task:0/device:CPU:0,0.0,0.0
_arg_8XIayuE0cS_0_131,Placeholder,/job:localhost/replica:0/task:0/device:CPU:0,0.0,0.0
_arg_9XRNGbLVsc_0_145,Placeholder,/job:localhost/replica:0/task:0/device:CPU:0,0.0,0.0
_arg_A1RPGgp09o_0_150,Placeholder,/job:localhost/replica:0/task:0/device:CPU:0,0.0,0.0
_arg_AQcTHNhSUw_0_153,Placeholder,/job:localhost/replica:0/task:0/device:CPU:0,0.0,0.0
_arg_5wqIfQps2l_0_99,Placeholder,/job:localhost/replica:0/task:0/device:CPU:0,0.0,0.0
_arg_6EXjrcMkh1_0_102,Placeholder,/job:localhost/replica:0/task:0/device:CPU:0,0.0,0.0
_arg_9ZBdD6xIbK_0_146,Placeholder,/job:localhost/replica:0/task:0/device:CPU:0,0.0,0.0
_arg_J9CVtTpxzm_0_296,Placeholder,/job:localhost/replica:0/task:0/device:CPU:0,0.0,0.0
_arg_JgbI9ULxzW_0_308,Placeholder,/job:localhost/replica:0/task:0/device:CPU:0,0.0,0.0
_arg_Jont740QX6_0_312,Placeholder,/job:localhost/replica:0/task:0/device:CPU:0,0.0,0.0
_arg_KIW9pRUAMN_0_320,Placeholder,/job:localhost/replica:0/task:0/device:CPU:0,0.0,0.0
_arg_KURN4gJt1r_0_323,Placeholder,/job:localhost/replica:0/task:0/device:CPU:0,0.0,0.0
_arg_KcRsBZDoEy_0_327,Placeholder,/job:localhost/replica:0/task:0/device:CPU:0,0.0,0.0
_arg_Kkemh9N7OQ_0_332,Placeholder,/job:localhost/replica:0/task:0/device:CPU:0,0.0,0.0
_arg_L6BPYDlkgW_0_339,Placeholder,/job:localhost/replica:0/task:0/device:CPU:0,0.0,0.0
_arg_JvTatsSWwl_0_313,Placeholder,/job:localhost/replica:0/task:0/device:CPU:0,0.0,0.0
_arg_M9djLnNXsE_0_357,Placeholder,/job:localhost/replica:0/task:0/device:CPU:0,0.0,0.0
_arg_M9nG65LIhC_0_358,Placeholder,/job:localhost/replica:0/task:0/device:CPU:0,0.0,0.0
_arg_MgNIs6lRXS_0_366,Placeholder,/job:localhost/replica:0/task:0/device:CPU:0,0.0,0.0
_arg_Jj3HLip2kK_0_309,Placeholder,/job:localhost/replica:0/task:0/device:CPU:0,0.0,0.0
_arg_KlBP7A2Nd1_0_333,Placeholder,/job:localhost/replica:0/task:0/device:CPU:0,0.0,0.0
_arg_JzoTxfS9ya_0_316,Placeholder,/job:localhost/replica:0/task:0/device:CPU:0,0.0,0.0
_arg_Ne8zlER3s5_0_381,Placeholder,/job:localhost/replica:0/task:0/device:CPU:0,0.0,0.0
_arg_NnvB1P32zS_0_385,Placeholder,/job:localhost/replica:0/task:0/device:CPU:0,0.0,0.0
_arg_O28vl6xJDY_0_387,Placeholder,/job:localhost/replica:0/task:0/device:CPU:0,0.0,0.0
_arg_L31rnJu5aK_0_337,Placeholder,/job:localhost/replica:0/task:0/device:CPU:0,0.0,0.0
_arg_O8fjKHoLWC_0_389,Placeholder,/job:localhost/replica:0/task:0/device:CPU:0,0.0,0.0
_arg_KNI6SHXsjP_0_321,Placeholder,/job:localhost/replica:0/task:0/device:CPU:0,0.0,0.0
_arg_JIj4nGRTQW_0_298,Placeholder,/job:localhost/replica:0/task:0/device:CPU:0,0.0,0.0
_arg_JNPYdfpvTl_0_300,Placeholder,/job:localhost/replica:0/task:0/device:CPU:0,0.0,0.0
_arg_JdCtXxDvwP_0_305,Placeholder,/job:localhost/replica:0/task:0/device:CPU:0,0.0,0.0
_arg_Jks0z3WtZ4_0_310,Placeholder,/job:localhost/replica:0/task:0/device:CPU:0,0.0,0.0
_arg_LHUKacgu06_0_340,Placeholder,/job:localhost/replica:0/task:0/device:CPU:0,0.0,0.0
_arg_LMTZifpVUq_0_343,Placeholder,/job:localhost/replica:0/task:0/device:CPU:0,0.0,0.0
_arg_KQhWE6FBT8_0_322,Placeholder,/job:localhost/replica:0/task:0/device:CPU:0,0.0,0.0
_arg_J9AMghrQSP_0_295,Placeholder,/job:localhost/replica:0/task:0/device:CPU:0,0.0,0.0
_arg_JOjcSiNXZG_0_301,Placeholder,/job:localhost/replica:0/task:0/device:CPU:0,0.0,0.0
_arg_JdvqLW9VAb_0_306,Placeholder,/job:localhost/replica:0/task:0/device:CPU:0,0.0,0.0
_arg_JvaIUphrN5_0_314,Placeholder,/job:localhost/replica:0/task:0/device:CPU:0,0.0,0.0
_arg_Lnvfwhsok7_0_351,Placeholder,/job:localhost/replica:0/task:0/device:CPU:0,0.0,0.0
_arg_KYxBlF9M4J_0_324,Placeholder,/job:localhost/replica:0/task:0/device:CPU:0,0.0,0.0
_arg_Kd1uRvIPD4_0_329,Placeholder,/job:localhost/replica:0/task:0/device:CPU:0,0.0,0.0
_arg_L5VodrCeaz_0_338,Placeholder,/job:localhost/replica:0/task:0/device:CPU:0,0.0,0.0
_arg_JgCeTHzBvf_0_307,Placeholder,/job:localhost/replica:0/task:0/device:CPU:0,0.0,0.0
_arg_LT3A6vFO5E_0_344,Placeholder,/job:localhost/replica:0/task:0/device:CPU:0,0.0,0.0
_arg_LXjFwis9ET_0_347,Placeholder,/job:localhost/replica:0/task:0/device:CPU:0,0.0,0.0
_arg_K8q7oZSXVj_0_318,Placeholder,/job:localhost/replica:0/task:0/device:CPU:0,0.0,0.0
_arg_LzZwKxkjrT_0_355,Placeholder,/job:localhost/replica:0/task:0/device:CPU:0,0.0,0.0
_arg_Kc5DEAmJI2_0_325,Placeholder,/job:localhost/replica:0/task:0/device:CPU:0,0.0,0.0
_arg_KdA9Hb8hqz_0_330,Placeholder,/job:localhost/replica:0/task:0/device:CPU:0,0.0,0.0
_arg_JQoc0up9kK_0_302,Placeholder,/job:localhost/replica:0/task:0/device:CPU:0,0.0,0.0
_arg_Nagq7dikKY_0_378,Placeholder,/job:localhost/replica:0/task:0/device:CPU:0,0.0,0.0
_arg_JmtRyOIfXU_0_311,Placeholder,/job:localhost/replica:0/task:0/device:CPU:0,0.0,0.0
_arg_Jviza69WuE_0_315,Placeholder,/job:localhost/replica:0/task:0/device:CPU:0,0.0,0.0
_arg_OAzNC2ZfFy_0_390,Placeholder,/job:localhost/replica:0/task:0/device:CPU:0,0.0,0.0
_arg_OFJ6f9TRuU_0_394,Placeholder,/job:localhost/replica:0/task:0/device:CPU:0,0.0,0.0
_arg_KcIofnJSE4_0_326,Placeholder,/job:localhost/replica:0/task:0/device:CPU:0,0.0,0.0
_arg_OgfdYoijG7_0_402,Placeholder,/job:localhost/replica:0/task:0/device:CPU:0,0.0,0.0
_arg_MvwnxT6Wkq_0_371,Placeholder,/job:localhost/replica:0/task:0/device:CPU:0,0.0,0.0
_arg_LIrR3K2j51_0_342,Placeholder,/job:localhost/replica:0/task:0/device:CPU:0,0.0,0.0
_arg_LUVfjdasTH_0_345,Placeholder,/job:localhost/replica:0/task:0/device:CPU:0,0.0,0.0
_arg_LgkcW0ZoHB_0_348,Placeholder,/job:localhost/replica:0/task:0/device:CPU:0,0.0,0.0
_arg_Lovt0prmcB_0_352,Placeholder,/job:localhost/replica:0/task:0/device:CPU:0,0.0,0.0
_arg_OILbUAskzY_0_395,Placeholder,/job:localhost/replica:0/task:0/device:CPU:0,0.0,0.0
_arg_MFd1axZIVr_0_359,Placeholder,/job:localhost/replica:0/task:0/device:CPU:0,0.0,0.0
_arg_MRFXoCjdB9_0_363,Placeholder,/job:localhost/replica:0/task:0/device:CPU:0,0.0,0.0
_arg_MkVsKDtqL8_0_368,Placeholder,/job:localhost/replica:0/task:0/device:CPU:0,0.0,0.0
_arg_N3jX5AqPSl_0_372,Placeholder,/job:localhost/replica:0/task:0/device:CPU:0,0.0,0.0
_arg_NHuyPIMz2G_0_376,Placeholder,/job:localhost/replica:0/task:0/device:CPU:0,0.0,0.0
_arg_NanzbIrwqU_0_379,Placeholder,/job:localhost/replica:0/task:0/device:CPU:0,0.0,0.0
_arg_Nf8nXoJbhE_0_382,Placeholder,/job:localhost/replica:0/task:0/device:CPU:0,0.0,0.0
_arg_LWqG0cYehB_0_346,Placeholder,/job:localhost/replica:0/task:0/device:CPU:0,0.0,0.0
_arg_OVMsx8Y7jl_0_398,Placeholder,/job:localhost/replica:0/task:0/device:CPU:0,0.0,0.0
_arg_KADWpN9qgL_0_319,Placeholder,/job:localhost/replica:0/task:0/device:CPU:0,0.0,0.0
_arg_MoJPaNlEnL_0_369,Placeholder,/job:localhost/replica:0/task:0/device:CPU:0,0.0,0.0
_arg_OB9dTY4fVI_0_391,Placeholder,/job:localhost/replica:0/task:0/device:CPU:0,0.0,0.0
_arg_LmXgOnJ48w_0_349,Placeholder,/job:localhost/replica:0/task:0/device:CPU:0,0.0,0.0
_arg_Och4lmwYKP_0_399,Placeholder,/job:localhost/replica:0/task:0/device:CPU:0,0.0,0.0
_arg_M7X2fJeyzi_0_356,Placeholder,/job:localhost/replica:0/task:0/device:CPU:0,0.0,0.0
_arg_MT1KmjECYJ_0_364,Placeholder,/job:localhost/replica:0/task:0/device:CPU:0,0.0,0.0
_arg_MtG3LNQsVu_0_370,Placeholder,/job:localhost/replica:0/task:0/device:CPU:0,0.0,0.0
_arg_NAOBogRkWX_0_374,Placeholder,/job:localhost/replica:0/task:0/device:CPU:0,0.0,0.0
_arg_NmAji7PeCo_0_384,Placeholder,/job:localhost/replica:0/task:0/device:CPU:0,0.0,0.0
_arg_OBwTEjpyYH_0_392,Placeholder,/job:localhost/replica:0/task:0/device:CPU:0,0.0,0.0
_arg_OKWD6kNTMd_0_396,Placeholder,/job:localhost/replica:0/task:0/device:CPU:0,0.0,0.0
_arg_Og4uls5Tzd_0_400,Placeholder,/job:localhost/replica:0/task:0/device:CPU:0,0.0,0.0
_arg_P7LweMgB9E_0_406,Placeholder,/job:localhost/replica:0/task:0/device:CPU:0,0.0,0.0
_arg_MR3Qd967eH_0_362,Placeholder,/job:localhost/replica:0/task:0/device:CPU:0,0.0,0.0
_arg_Pmda3cIn6k_0_417,Placeholder,/job:localhost/replica:0/task:0/device:CPU:0,0.0,0.0
_arg_OCWXAytp8K_0_393,Placeholder,/job:localhost/replica:0/task:0/device:CPU:0,0.0,0.0
_arg_OQTDHZNtpE_0_397,Placeholder,/job:localhost/replica:0/task:0/device:CPU:0,0.0,0.0
_arg_OgEnyjVGNF_0_401,Placeholder,/job:localhost/replica:0/task:0/device:CPU:0,0.0,0.0
_arg_Ln0xU9Rc7z_0_350,Placeholder,/job:localhost/replica:0/task:0/device:CPU:0,0.0,0.0
_arg_Ls012FUxvz_0_354,Placeholder,/job:localhost/replica:0/task:0/device:CPU:0,0.0,0.0
_arg_PRWqAjvJLB_0_410,Placeholder,/job:localhost/replica:0/task:0/device:CPU:0,0.0,0.0
_arg_PcpHJOtGqe_0_414,Placeholder,/job:localhost/replica:0/task:0/device:CPU:0,0.0,0.0
_arg_OpVWnoYMdE_0_404,Placeholder,/job:localhost/replica:0/task:0/device:CPU:0,0.0,0.0
_arg_P84JTfMvWa_0_407,Placeholder,/job:localhost/replica:0/task:0/device:CPU:0,0.0,0.0
_arg_PU9s4XZY0i_0_411,Placeholder,/job:localhost/replica:0/task:0/device:CPU:0,0.0,0.0
_arg_PjiAgYy5DF_0_415,Placeholder,/job:localhost/replica:0/task:0/device:CPU:0,0.0,0.0
_arg_PvKZGp81sQ_0_419,Placeholder,/job:localhost/replica:0/task:0/device:CPU:0,0.0,0.0
_arg_PXc3tVzqHh_0_412,Placeholder,/job:localhost/replica:0/task:0/device:CPU:0,0.0,0.0
_arg_PlgyXxiub1_0_416,Placeholder,/job:localhost/replica:0/task:0/device:CPU:0,0.0,0.0
_arg_BCa12MspOU_0_165,Placeholder,/job:localhost/replica:0/task:0/device:CPU:0,0.0,0.0
_arg_BIgKNWkTSt_0_166,Placeholder,/job:localhost/replica:0/task:0/device:CPU:0,0.0,0.0
_arg_Ba3IKOs7vf_0_167,Placeholder,/job:localhost/replica:0/task:0/device:CPU:0,0.0,0.0
_arg_Bp4KMj7GV6_0_171,Placeholder,/job:localhost/replica:0/task:0/device:CPU:0,0.0,0.0
_arg_BcURMfPGVn_0_168,Placeholder,/job:localhost/replica:0/task:0/device:CPU:0,0.0,0.0
_arg_Bt4ETWia18_0_172,Placeholder,/job:localhost/replica:0/task:0/device:CPU:0,0.0,0.0
_arg_BfaF6pRIxy_0_169,Placeholder,/job:localhost/replica:0/task:0/device:CPU:0,0.0,0.0
_arg_CBdwfvD9I6_0_175,Placeholder,/job:localhost/replica:0/task:0/device:CPU:0,0.0,0.0
_arg_CJFE5pwU8x_0_179,Placeholder,/job:localhost/replica:0/task:0/device:CPU:0,0.0,0.0
_arg_BmiCVhr7Md_0_170,Placeholder,/job:localhost/replica:0/task:0/device:CPU:0,0.0,0.0
_arg_DLYknyaTMj_0_191,Placeholder,/job:localhost/replica:0/task:0/device:CPU:0,0.0,0.0
_arg_CJzFIkKLQu_0_180,Placeholder,/job:localhost/replica:0/task:0/device:CPU:0,0.0,0.0
_arg_D4MiRf5vSC_0_187,Placeholder,/job:localhost/replica:0/task:0/device:CPU:0,0.0,0.0
_arg_CA9oHB3Dni_0_174,Placeholder,/job:localhost/replica:0/task:0/device:CPU:0,0.0,0.0
_arg_CGDOQfT7zh_0_176,Placeholder,/job:localhost/replica:0/task:0/device:CPU:0,0.0,0.0
_arg_CnEQeIOd3q_0_184,Placeholder,/job:localhost/replica:0/task:0/device:CPU:0,0.0,0.0
_arg_DOj27c4BU1_0_192,Placeholder,/job:localhost/replica:0/task:0/device:CPU:0,0.0,0.0
_arg_Dibk6fZ2qI_0_195,Placeholder,/job:localhost/replica:0/task:0/device:CPU:0,0.0,0.0
_arg_CHEnjf4JcD_0_177,Placeholder,/job:localhost/replica:0/task:0/device:CPU:0,0.0,0.0
_arg_DHMhAe1xLZ_0_189,Placeholder,/job:localhost/replica:0/task:0/device:CPU:0,0.0,0.0
_arg_DgIR4waVLT_0_193,Placeholder,/job:localhost/replica:0/task:0/device:CPU:0,0.0,0.0
_arg_DmQgN4AR7T_0_196,Placeholder,/job:localhost/replica:0/task:0/device:CPU:0,0.0,0.0
_arg_E7ecklGDfN_0_199,Placeholder,/job:localhost/replica:0/task:0/device:CPU:0,0.0,0.0
_arg_CHVGuqR08A_0_178,Placeholder,/job:localhost/replica:0/task:0/device:CPU:0,0.0,0.0
_arg_EXyBTqKlHZ_0_207,Placeholder,/job:localhost/replica:0/task:0/device:CPU:0,0.0,0.0
_arg_D2hnSNdTve_0_186,Placeholder,/job:localhost/replica:0/task:0/device:CPU:0,0.0,0.0
_arg_DL7fVxk5zX_0_190,Placeholder,/job:localhost/replica:0/task:0/device:CPU:0,0.0,0.0
_arg_DvfO7Y49PJ_0_197,Placeholder,/job:localhost/replica:0/task:0/device:CPU:0,0.0,0.0
_arg_0CKcwRxnX3_0_1,Placeholder,/job:localhost/replica:0/task:0/device:CPU:0,0.0,0.0
_arg_0fNen2EVkx_0_7,Placeholder,/job:localhost/replica:0/task:0/device:CPU:0,0.0,0.0
_arg_0lONKiAPGU_0_10,Placeholder,/job:localhost/replica:0/task:0/device:CPU:0,0.0,0.0
_arg_1tlTFqIdxw_0_29,Placeholder,/job:localhost/replica:0/task:0/device:CPU:0,0.0,0.0
_arg_2AMt3GCJLF_0_33,Placeholder,/job:localhost/replica:0/task:0/device:CPU:0,0.0,0.0
_arg_2LBpmYaDS3_0_36,Placeholder,/job:localhost/replica:0/task:0/device:CPU:0,0.0,0.0
_arg_2NVJu9cCB1_0_37,Placeholder,/job:localhost/replica:0/task:0/device:CPU:0,0.0,0.0
_arg_2Ej9ehqdGz_0_34,Placeholder,/job:localhost/replica:0/task:0/device:CPU:0,0.0,0.0
_arg_0rGg1FhVDc_0_11,Placeholder,/job:localhost/replica:0/task:0/device:CPU:0,0.0,0.0
_arg_1wum0DClPq_0_30,Placeholder,/job:localhost/replica:0/task:0/device:CPU:0,0.0,0.0
_arg_1DJ0potFmI_0_20,Placeholder,/job:localhost/replica:0/task:0/device:CPU:0,0.0,0.0
_arg_0XamB7kbJw_0_6,Placeholder,/job:localhost/replica:0/task:0/device:CPU:0,0.0,0.0
_arg_10Qhqv2fw9_0_14,Placeholder,/job:localhost/replica:0/task:0/device:CPU:0,0.0,0.0
_arg_15ocHfk3A7_0_17,Placeholder,/job:localhost/replica:0/task:0/device:CPU:0,0.0,0.0
_arg_1FDsSz069l_0_21,Placeholder,/job:localhost/replica:0/task:0/device:CPU:0,0.0,0.0
_arg_1H8Bbk3gY7_0_22,Placeholder,/job:localhost/replica:0/task:0/device:CPU:0,0.0,0.0
_arg_0V6DYc2AEx_0_5,Placeholder,/job:localhost/replica:0/task:0/device:CPU:0,0.0,0.0
_arg_FA1ZdhOmpM_0_215,Placeholder,/job:localhost/replica:0/task:0/device:CPU:0,0.0,0.0
_arg_1BIhYke5jo_0_19,Placeholder,/job:localhost/replica:0/task:0/device:CPU:0,0.0,0.0
_arg_FRA7BaETbO_0_226,Placeholder,/job:localhost/replica:0/task:0/device:CPU:0,0.0,0.0
_arg_0PDBcXevVZ_0_3,Placeholder,/job:localhost/replica:0/task:0/device:CPU:0,0.0,0.0
_arg_EBCOcwbtD0_0_200,Placeholder,/job:localhost/replica:0/task:0/device:CPU:0,0.0,0.0
_arg_EQBlHKA3ng_0_203,Placeholder,/job:localhost/replica:0/task:0/device:CPU:0,0.0,0.0
_arg_El4iGHoDOZ_0_211,Placeholder,/job:localhost/replica:0/task:0/device:CPU:0,0.0,0.0
_arg_FDo8t3IeE9_0_216,Placeholder,/job:localhost/replica:0/task:0/device:CPU:0,0.0,0.0
_arg_25auN3pGRW_0_31,Placeholder,/job:localhost/replica:0/task:0/device:CPU:0,0.0,0.0
_arg_FTufmv6Hej_0_230,Placeholder,/job:localhost/replica:0/task:0/device:CPU:0,0.0,0.0
_arg_Fu8mskwLEH_0_238,Placeholder,/job:localhost/replica:0/task:0/device:CPU:0,0.0,0.0
_arg_GEX3comF48_0_242,Placeholder,/job:localhost/replica:0/task:0/device:CPU:0,0.0,0.0
_arg_EBFvJbs9ir_0_201,Placeholder,/job:localhost/replica:0/task:0/device:CPU:0,0.0,0.0
_arg_EQJNn3KtBp_0_204,Placeholder,/job:localhost/replica:0/task:0/device:CPU:0,0.0,0.0
_arg_1R63kvSwm9_0_24,Placeholder,/job:localhost/replica:0/task:0/device:CPU:0,0.0,0.0
_arg_1qdwZ59Vb3_0_28,Placeholder,/job:localhost/replica:0/task:0/device:CPU:0,0.0,0.0
_arg_FE6Im4HBdM_0_217,Placeholder,/job:localhost/replica:0/task:0/device:CPU:0,0.0,0.0
_arg_FIk8G2DHtl_0_219,Placeholder,/job:localhost/replica:0/task:0/device:CPU:0,0.0,0.0
_arg_FRJPj9oHgd_0_227,Placeholder,/job:localhost/replica:0/task:0/device:CPU:0,0.0,0.0
_arg_FXb5kWgICS_0_231,Placeholder,/job:localhost/replica:0/task:0/device:CPU:0,0.0,0.0
_arg_Fk3RerUGQ2_0_235,Placeholder,/job:localhost/replica:0/task:0/device:CPU:0,0.0,0.0
_arg_GKFrhdajIE_0_243,Placeholder,/job:localhost/replica:0/task:0/device:CPU:0,0.0,0.0
_arg_Gd4KJhs1ZE_0_246,Placeholder,/job:localhost/replica:0/task:0/device:CPU:0,0.0,0.0
_arg_EJGHRVU36C_0_202,Placeholder,/job:localhost/replica:0/task:0/device:CPU:0,0.0,0.0
_arg_ESG4Nsd0hz_0_205,Placeholder,/job:localhost/replica:0/task:0/device:CPU:0,0.0,0.0
_arg_EeFfmVNgQT_0_209,Placeholder,/job:localhost/replica:0/task:0/device:CPU:0,0.0,0.0
_arg_EnzLV7GY2q_0_212,Placeholder,/job:localhost/replica:0/task:0/device:CPU:0,0.0,0.0
_arg_FGhJ4xUvLW_0_218,Placeholder,/job:localhost/replica:0/task:0/device:CPU:0,0.0,0.0
_arg_FMK8dyrORq_0_223,Placeholder,/job:localhost/replica:0/task:0/device:CPU:0,0.0,0.0
_arg_FSaMh5rovA_0_228,Placeholder,/job:localhost/replica:0/task:0/device:CPU:0,0.0,0.0
_arg_FrD2QRtHLJ_0_236,Placeholder,/job:localhost/replica:0/task:0/device:CPU:0,0.0,0.0
_arg_GC57nyxMNB_0_240,Placeholder,/job:localhost/replica:0/task:0/device:CPU:0,0.0,0.0
_arg_GZhSQHoyIc_0_244,Placeholder,/job:localhost/replica:0/task:0/device:CPU:0,0.0,0.0
_arg_GjE6vfBhLp_0_247,Placeholder,/job:localhost/replica:0/task:0/device:CPU:0,0.0,0.0
_arg_H15gbGFKV6_0_250,Placeholder,/job:localhost/replica:0/task:0/device:CPU:0,0.0,0.0
_arg_H963Nq2Ivi_0_254,Placeholder,/job:localhost/replica:0/task:0/device:CPU:0,0.0,0.0
_arg_EVcHSqg1dp_0_206,Placeholder,/job:localhost/replica:0/task:0/device:CPU:0,0.0,0.0
_arg_EktKPem6ZB_0_210,Placeholder,/job:localhost/replica:0/task:0/device:CPU:0,0.0,0.0
_arg_Es9lFOByno_0_213,Placeholder,/job:localhost/replica:0/task:0/device:CPU:0,0.0,0.0
_arg_HtnbfwaSLD_0_270,Placeholder,/job:localhost/replica:0/task:0/device:CPU:0,0.0,0.0
_arg_FKY3QZa7Ru_0_221,Placeholder,/job:localhost/replica:0/task:0/device:CPU:0,0.0,0.0
_arg_FNITlocvfu_0_224,Placeholder,/job:localhost/replica:0/task:0/device:CPU:0,0.0,0.0
_arg_FSwsQEnWiN_0_229,Placeholder,/job:localhost/replica:0/task:0/device:CPU:0,0.0,0.0
_arg_FsdhEgmtL3_0_237,Placeholder,/job:localhost/replica:0/task:0/device:CPU:0,0.0,0.0
_arg_GDugT9HI6j_0_241,Placeholder,/job:localhost/replica:0/task:0/device:CPU:0,0.0,0.0
_arg_GbKjDVg8Iy_0_245,Placeholder,/job:localhost/replica:0/task:0/device:CPU:0,0.0,0.0
_arg_H1yjizkQlG_0_251,Placeholder,/job:localhost/replica:0/task:0/device:CPU:0,0.0,0.0
_arg_HA9oBFidlE_0_255,Placeholder,/job:localhost/replica:0/task:0/device:CPU:0,0.0,0.0
_arg_HJ82MTKFU5_0_258,Placeholder,/job:localhost/replica:0/task:0/device:CPU:0,0.0,0.0
_arg_He8hfrlcxm_0_266,Placeholder,/job:localhost/replica:0/task:0/device:CPU:0,0.0,0.0
_arg_F7CzkfyeKI_0_214,Placeholder,/job:localhost/replica:0/task:0/device:CPU:0,0.0,0.0
_arg_IQOstAEZpi_0_278,Placeholder,/job:localhost/replica:0/task:0/device:CPU:0,0.0,0.0
_arg_FNvEyf3TaK_0_225,Placeholder,/job:localhost/replica:0/task:0/device:CPU:0,0.0,0.0
_arg_IiTDVQ3OXU_0_286,Placeholder,/job:localhost/replica:0/task:0/device:CPU:0,0.0,0.0
_arg_IxEFuUBoO5_0_289,Placeholder,/job:localhost/replica:0/task:0/device:CPU:0,0.0,0.0
_arg_Gx8Nh9pTv3_0_249,Placeholder,/job:localhost/replica:0/task:0/device:CPU:0,0.0,0.0
_arg_H597zAGUcD_0_252,Placeholder,/job:localhost/replica:0/task:0/device:CPU:0,0.0,0.0
_arg_HFhMgOeL6U_0_256,Placeholder,/job:localhost/replica:0/task:0/device:CPU:0,0.0,0.0
_arg_HM37mJISqw_0_259,Placeholder,/job:localhost/replica:0/task:0/device:CPU:0,0.0,0.0
_arg_HUx93JWEju_0_263,Placeholder,/job:localhost/replica:0/task:0/device:CPU:0,0.0,0.0
_arg_HoFEpLVbg1_0_267,Placeholder,/job:localhost/replica:0/task:0/device:CPU:0,0.0,0.0
_arg_HvOJIg0ShV_0_271,Placeholder,/job:localhost/replica:0/task:0/device:CPU:0,0.0,0.0
_arg_IS082yp594_0_279,Placeholder,/job:localhost/replica:0/task:0/device:CPU:0,0.0,0.0
_arg_IUYnMw6dgr_0_282,Placeholder,/job:localhost/replica:0/task:0/device:CPU:0,0.0,0.0
_arg_IzJXZTwaQu_0_290,Placeholder,/job:localhost/replica:0/task:0/device:CPU:0,0.0,0.0
_arg_H7I3UoGkCE_0_253,Placeholder,/job:localhost/replica:0/task:0/device:CPU:0,0.0,0.0
_arg_HNZsUic9Ia_0_260,Placeholder,/job:localhost/replica:0/task:0/device:CPU:0,0.0,0.0
_arg_HXUJAjrS8i_0_264,Placeholder,/job:localhost/replica:0/task:0/device:CPU:0,0.0,0.0
_arg_I9CrY8JaF0_0_272,Placeholder,/job:localhost/replica:0/task:0/device:CPU:0,0.0,0.0
_arg_IKugeX6sjS_0_276,Placeholder,/job:localhost/replica:0/task:0/device:CPU:0,0.0,0.0
_arg_ITJ6DPCm2X_0_280,Placeholder,/job:localhost/replica:0/task:0/device:CPU:0,0.0,0.0
_arg_IUgzXTVAsv_0_283,Placeholder,/job:localhost/replica:0/task:0/device:CPU:0,0.0,0.0
_arg_Ik9VQmrYNy_0_288,Placeholder,/job:localhost/replica:0/task:0/device:CPU:0,0.0,0.0
_arg_J0kGxfmRAX_0_291,Placeholder,/job:localhost/replica:0/task:0/device:CPU:0,0.0,0.0
_arg_HNefozM0Er_0_261,Placeholder,/job:localhost/replica:0/task:0/device:CPU:0,0.0,0.0
_arg_HZYQbtPwyW_0_265,Placeholder,/job:localhost/replica:0/task:0/device:CPU:0,0.0,0.0
_arg_HqzT7s3CuQ_0_269,Placeholder,/job:localhost/replica:0/task:0/device:CPU:0,0.0,0.0
_arg_IA4KCVeETk_0_273,Placeholder,/job:localhost/replica:0/task:0/device:CPU:0,0.0,0.0
_arg_ILh1gxDyYu_0_277,Placeholder,/job:localhost/replica:0/task:0/device:CPU:0,0.0,0.0
_arg_ITcgRaGPWb_0_281,Placeholder,/job:localhost/replica:0/task:0/device:CPU:0,0.0,0.0
_arg_Ibu5TZcG1q_0_284,Placeholder,/job:localhost/replica:0/task:0/device:CPU:0,0.0,0.0
_arg_J3Vx61FoCd_0_292,Placeholder,/job:localhost/replica:0/task:0/device:CPU:0,0.0,0.0
_arg_PckSbEnsDz_0_413,Placeholder,/job:localhost/replica:0/task:0/device:CPU:0,0.0,0.0
_arg_IgdGSlUyMu_0_285,Placeholder,/job:localhost/replica:0/task:0/device:CPU:0,0.0,0.0
_arg_g8NwdBb6T5_0_675,Placeholder,/job:localhost/replica:0/task:0/device:CPU:0,0.0,0.0
_arg_gDuO891FMa_0_677,Placeholder,/job:localhost/replica:0/task:0/device:CPU:0,0.0,0.0
_arg_gQdzxW8ha4_0_681,Placeholder,/job:localhost/replica:0/task:0/device:CPU:0,0.0,0.0
_arg_gUlsIxtw3Z_0_685,Placeholder,/job:localhost/replica:0/task:0/device:CPU:0,0.0,0.0
_arg_gdpvWSC2wE_0_689,Placeholder,/job:localhost/replica:0/task:0/device:CPU:0,0.0,0.0
_arg_gzs26ydXKN_0_697,Placeholder,/job:localhost/replica:0/task:0/device:CPU:0,0.0,0.0
_arg_hHa4UQfpDB_0_701,Placeholder,/job:localhost/replica:0/task:0/device:CPU:0,0.0,0.0
_arg_hUPmzIGk8l_0_706,Placeholder,/job:localhost/replica:0/task:0/device:CPU:0,0.0,0.0
_arg_i21RcvHrOt_0_713,Placeholder,/job:localhost/replica:0/task:0/device:CPU:0,0.0,0.0
_arg_iWJ7jyzMF9_0_720,Placeholder,/job:localhost/replica:0/task:0/device:CPU:0,0.0,0.0
_arg_j7SHauLWqw_0_728,Placeholder,/job:localhost/replica:0/task:0/device:CPU:0,0.0,0.0
_arg_jboVOgGphi_0_736,Placeholder,/job:localhost/replica:0/task:0/device:CPU:0,0.0,0.0
_arg_k4fvUh9oE3_0_744,Placeholder,/job:localhost/replica:0/task:0/device:CPU:0,0.0,0.0
_arg_kJTXGBawuA_0_748,Placeholder,/job:localhost/replica:0/task:0/device:CPU:0,0.0,0.0
_arg_kQWaFy95is_0_752,Placeholder,/job:localhost/replica:0/task:0/device:CPU:0,0.0,0.0
_arg_kKAOxJ9rqY_0_749,Placeholder,/job:localhost/replica:0/task:0/device:CPU:0,0.0,0.0
_arg_ilykrBCgtT_0_725,Placeholder,/job:localhost/replica:0/task:0/device:CPU:0,0.0,0.0
_arg_iLB6IPYlZr_0_715,Placeholder,/job:localhost/replica:0/task:0/device:CPU:0,0.0,0.0
_arg_iUEpuKgCZn_0_718,Placeholder,/job:localhost/replica:0/task:0/device:CPU:0,0.0,0.0
_arg_n4EzDhO1Al_0_786,Placeholder,/job:localhost/replica:0/task:0/device:CPU:0,0.0,0.0
_arg_jV570A4fYO_0_733,Placeholder,/job:localhost/replica:0/task:0/device:CPU:0,0.0,0.0
_arg_jfdBKSzNn5_0_737,Placeholder,/job:localhost/replica:0/task:0/device:CPU:0,0.0,0.0
_arg_jrSx9lcwOJ_0_740,Placeholder,/job:localhost/replica:0/task:0/device:CPU:0,0.0,0.0
_arg_iYnbvGQBpt_0_721,Placeholder,/job:localhost/replica:0/task:0/device:CPU:0,0.0,0.0
_arg_kLuRq6IBG4_0_750,Placeholder,/job:localhost/replica:0/task:0/device:CPU:0,0.0,0.0
_arg_hNaKUlcX54_0_702,Placeholder,/job:localhost/replica:0/task:0/device:CPU:0,0.0,0.0
_arg_iLDdC7Q5fh_0_716,Placeholder,/job:localhost/replica:0/task:0/device:CPU:0,0.0,0.0
_arg_gXxwPJ2BFp_0_686,Placeholder,/job:localhost/replica:0/task:0/device:CPU:0,0.0,0.0
_arg_gerhYzE80f_0_690,Placeholder,/job:localhost/replica:0/task:0/device:CPU:0,0.0,0.0
_arg_kT2ErKHqSV_0_753,Placeholder,/job:localhost/replica:0/task:0/device:CPU:0,0.0,0.0
_arg_hUpTaBqxuM_0_707,Placeholder,/job:localhost/replica:0/task:0/device:CPU:0,0.0,0.0
_arg_hjDHnu0RaJ_0_710,Placeholder,/job:localhost/replica:0/task:0/device:CPU:0,0.0,0.0
_arg_kBiAJ7Yh9M_0_746,Placeholder,/job:localhost/replica:0/task:0/device:CPU:0,0.0,0.0
_arg_iVo85HrY1X_0_719,Placeholder,/job:localhost/replica:0/task:0/device:CPU:0,0.0,0.0
_arg_iaNJ4Sx2T9_0_722,Placeholder,/job:localhost/replica:0/task:0/device:CPU:0,0.0,0.0
_arg_grOSMBCL5w_0_694,Placeholder,/job:localhost/replica:0/task:0/device:CPU:0,0.0,0.0
_arg_h6FP3IsxjZ_0_698,Placeholder,/job:localhost/replica:0/task:0/device:CPU:0,0.0,0.0
_arg_jh4TcmHZxL_0_738,Placeholder,/job:localhost/replica:0/task:0/device:CPU:0,0.0,0.0
_arg_jvBqtPNdkb_0_741,Placeholder,/job:localhost/replica:0/task:0/device:CPU:0,0.0,0.0
_arg_hjQz8AsTkV_0_711,Placeholder,/job:localhost/replica:0/task:0/device:CPU:0,0.0,0.0
_arg_kM2dCEgqaA_0_751,Placeholder,/job:localhost/replica:0/task:0/device:CPU:0,0.0,0.0
_arg_kUQG3SqpCE_0_754,Placeholder,/job:localhost/replica:0/task:0/device:CPU:0,0.0,0.0
_arg_kxViRsbHlp_0_757,Placeholder,/job:localhost/replica:0/task:0/device:CPU:0,0.0,0.0
_arg_hC2Y0m41Db_0_699,Placeholder,/job:localhost/replica:0/task:0/device:CPU:0,0.0,0.0
_arg_hgWTzxrnXl_0_708,Placeholder,/job:localhost/replica:0/task:0/device:CPU:0,0.0,0.0
_arg_hystXNo079_0_712,Placeholder,/job:localhost/replica:0/task:0/device:CPU:0,0.0,0.0
_arg_gD7M9CeY5k_0_676,Placeholder,/job:localhost/replica:0/task:0/device:CPU:0,0.0,0.0
_arg_lG5B0WSCy6_0_763,Placeholder,/job:localhost/replica:0/task:0/device:CPU:0,0.0,0.0
_arg_gZ2AONRC0V_0_687,Placeholder,/job:localhost/replica:0/task:0/device:CPU:0,0.0,0.0
_arg_gro2R9CMBw_0_695,Placeholder,/job:localhost/replica:0/task:0/device:CPU:0,0.0,0.0
_arg_jygNZ8iHUx_0_742,Placeholder,/job:localhost/replica:0/task:0/device:CPU:0,0.0,0.0
_arg_nYhTaZ5BPq_0_791,Placeholder,/job:localhost/replica:0/task:0/device:CPU:0,0.0,0.0
_arg_kzlOpry7Db_0_758,Placeholder,/job:localhost/replica:0/task:0/device:CPU:0,0.0,0.0
_arg_lBx1VpktX3_0_762,Placeholder,/job:localhost/replica:0/task:0/device:CPU:0,0.0,0.0
_arg_ibTolxetmr_0_723,Placeholder,/job:localhost/replica:0/task:0/device:CPU:0,0.0,0.0
_arg_j6iB5lCnEt_0_727,Placeholder,/job:localhost/replica:0/task:0/device:CPU:0,0.0,0.0
_arg_jagsiBpZvP_0_735,Placeholder,/job:localhost/replica:0/task:0/device:CPU:0,0.0,0.0
_arg_jiTrNwmJcD_0_739,Placeholder,/job:localhost/replica:0/task:0/device:CPU:0,0.0,0.0
_arg_gyrV5FBoCz_0_696,Placeholder,/job:localhost/replica:0/task:0/device:CPU:0,0.0,0.0
_arg_hHE8QAxjL2_0_700,Placeholder,/job:localhost/replica:0/task:0/device:CPU:0,0.0,0.0
_arg_nwjQ3fWmSX_0_795,Placeholder,/job:localhost/replica:0/task:0/device:CPU:0,0.0,0.0
_arg_oCqPRv5hba_0_799,Placeholder,/job:localhost/replica:0/task:0/device:CPU:0,0.0,0.0
_arg_lOR2cTiyN9_0_764,Placeholder,/job:localhost/replica:0/task:0/device:CPU:0,0.0,0.0
_arg_loPZG6wpdi_0_771,Placeholder,/job:localhost/replica:0/task:0/device:CPU:0,0.0,0.0
_arg_gUAnC3cPKz_0_683,Placeholder,/job:localhost/replica:0/task:0/device:CPU:0,0.0,0.0
_arg_gi1walpeZm_0_692,Placeholder,/job:localhost/replica:0/task:0/device:CPU:0,0.0,0.0
_arg_nuEGzgN78x_0_793,Placeholder,/job:localhost/replica:0/task:0/device:CPU:0,0.0,0.0
_arg_l2QFdmRAcx_0_759,Placeholder,/job:localhost/replica:0/task:0/device:CPU:0,0.0,0.0
_arg_lfIkpDLK0a_0_768,Placeholder,/job:localhost/replica:0/task:0/device:CPU:0,0.0,0.0
_arg_Q1dG40WyAP_0_421,Placeholder,/job:localhost/replica:0/task:0/device:CPU:0,0.0,0.0
_arg_QIpvtKPu58_0_425,Placeholder,/job:localhost/replica:0/task:0/device:CPU:0,0.0,0.0
_arg_RGDs8ytlz2_0_437,Placeholder,/job:localhost/replica:0/task:0/device:CPU:0,0.0,0.0
_arg_QVIKXkxFOT_0_427,Placeholder,/job:localhost/replica:0/task:0/device:CPU:0,0.0,0.0
_arg_QAW3N5G7Vu_0_423,Placeholder,/job:localhost/replica:0/task:0/device:CPU:0,0.0,0.0
_arg_RdxBeozrhf_0_441,Placeholder,/job:localhost/replica:0/task:0/device:CPU:0,0.0,0.0
_arg_RpD54L6ZKW_0_445,Placeholder,/job:localhost/replica:0/task:0/device:CPU:0,0.0,0.0
_arg_RQ7T9lvozd_0_438,Placeholder,/job:localhost/replica:0/task:0/device:CPU:0,0.0,0.0
_arg_Qbqv8uKfVx_0_428,Placeholder,/job:localhost/replica:0/task:0/device:CPU:0,0.0,0.0
_arg_QisjqLN8XW_0_431,Placeholder,/job:localhost/replica:0/task:0/device:CPU:0,0.0,0.0
_arg_SF8M7aGf4h_0_453,Placeholder,/job:localhost/replica:0/task:0/device:CPU:0,0.0,0.0
_arg_Rlgrxd48L6_0_442,Placeholder,/job:localhost/replica:0/task:0/device:CPU:0,0.0,0.0
_arg_RrQYMEpwV0_0_446,Placeholder,/job:localhost/replica:0/task:0/device:CPU:0,0.0,0.0
_arg_SBwW26hNkI_0_450,Placeholder,/job:localhost/replica:0/task:0/device:CPU:0,0.0,0.0
_arg_Ql69YyogNG_0_432,Placeholder,/job:localhost/replica:0/task:0/device:CPU:0,0.0,0.0
_arg_SfxawQNsO4_0_457,Placeholder,/job:localhost/replica:0/task:0/device:CPU:0,0.0,0.0
_arg_Ra38OlQ5ci_0_440,Placeholder,/job:localhost/replica:0/task:0/device:CPU:0,0.0,0.0
_arg_RoKwUTSsAr_0_443,Placeholder,/job:localhost/replica:0/task:0/device:CPU:0,0.0,0.0
_arg_RtsrheyHju_0_447,Placeholder,/job:localhost/replica:0/task:0/device:CPU:0,0.0,0.0
_arg_TXvt2QAYiO_0_472,Placeholder,/job:localhost/replica:0/task:0/device:CPU:0,0.0,0.0
_arg_SMkOyC7avj_0_454,Placeholder,/job:localhost/replica:0/task:0/device:CPU:0,0.0,0.0
_arg_SlY5ZEfVBb_0_458,Placeholder,/job:localhost/replica:0/task:0/device:CPU:0,0.0,0.0
_arg_QsOyN32cqF_0_435,Placeholder,/job:localhost/replica:0/task:0/device:CPU:0,0.0,0.0
_arg_RoUGJyE3Oa_0_444,Placeholder,/job:localhost/replica:0/task:0/device:CPU:0,0.0,0.0
_arg_S0VTH3mzgq_0_448,Placeholder,/job:localhost/replica:0/task:0/device:CPU:0,0.0,0.0
_arg_SCAL9Zf3e1_0_451,Placeholder,/job:localhost/replica:0/task:0/device:CPU:0,0.0,0.0
_arg_SNmfKut6xE_0_455,Placeholder,/job:localhost/replica:0/task:0/device:CPU:0,0.0,0.0
_arg_SqbaAIN7Ld_0_459,Placeholder,/job:localhost/replica:0/task:0/device:CPU:0,0.0,0.0
_arg_SsvbyUnCh8_0_461,Placeholder,/job:localhost/replica:0/task:0/device:CPU:0,0.0,0.0
_arg_TGoBp9YucA_0_468,Placeholder,/job:localhost/replica:0/task:0/device:CPU:0,0.0,0.0
_arg_TZKtpIu5b3_0_473,Placeholder,/job:localhost/replica:0/task:0/device:CPU:0,0.0,0.0
_arg_U4BQ9zZqF6_0_484,Placeholder,/job:localhost/replica:0/task:0/device:CPU:0,0.0,0.0
_arg_Sr1vN3PVAF_0_460,Placeholder,/job:localhost/replica:0/task:0/device:CPU:0,0.0,0.0
_arg_T3GBHhjnKq_0_462,Placeholder,/job:localhost/replica:0/task:0/device:CPU:0,0.0,0.0
_arg_TO7XLbdho2_0_469,Placeholder,/job:localhost/replica:0/task:0/device:CPU:0,0.0,0.0
_arg_Tb6MncUxhB_0_474,Placeholder,/job:localhost/replica:0/task:0/device:CPU:0,0.0,0.0
_arg_TpcJCUsQkn_0_477,Placeholder,/job:localhost/replica:0/task:0/device:CPU:0,0.0,0.0
_arg_TyvP4rM58L_0_481,Placeholder,/job:localhost/replica:0/task:0/device:CPU:0,0.0,0.0
_arg_SF4xBs9QO0_0_452,Placeholder,/job:localhost/replica:0/task:0/device:CPU:0,0.0,0.0
_arg_SZiXGOm3zE_0_456,Placeholder,/job:localhost/replica:0/task:0/device:CPU:0,0.0,0.0
_arg_UOI0m3vilp_0_491,Placeholder,/job:localhost/replica:0/task:0/device:CPU:0,0.0,0.0
_arg_T6aLYVEmOx_0_463,Placeholder,/job:localhost/replica:0/task:0/device:CPU:0,0.0,0.0
_arg_TA7aNi5p4S_0_466,Placeholder,/job:localhost/replica:0/task:0/device:CPU:0,0.0,0.0
_arg_Td3xitn0uS_0_475,Placeholder,/job:localhost/replica:0/task:0/device:CPU:0,0.0,0.0
_arg_Tzv3g01cYl_0_482,Placeholder,/job:localhost/replica:0/task:0/device:CPU:0,0.0,0.0
_arg_UAdMneZfbr_0_485,Placeholder,/job:localhost/replica:0/task:0/device:CPU:0,0.0,0.0
_arg_TFH8vgnMC3_0_467,Placeholder,/job:localhost/replica:0/task:0/device:CPU:0,0.0,0.0
_arg_TOfaMhvIGl_0_470,Placeholder,/job:localhost/replica:0/task:0/device:CPU:0,0.0,0.0
_arg_VptjJwnm1T_0_511,Placeholder,/job:localhost/replica:0/task:0/device:CPU:0,0.0,0.0
_arg_TrYVjEZ5Pd_0_479,Placeholder,/job:localhost/replica:0/task:0/device:CPU:0,0.0,0.0
_arg_W2MibOaAKt_0_519,Placeholder,/job:localhost/replica:0/task:0/device:CPU:0,0.0,0.0
_arg_UB4aPqyedD_0_486,Placeholder,/job:localhost/replica:0/task:0/device:CPU:0,0.0,0.0
_arg_UI5C10xM9B_0_489,Placeholder,/job:localhost/replica:0/task:0/device:CPU:0,0.0,0.0
_arg_URWtk6vfea_0_493,Placeholder,/job:localhost/replica:0/task:0/device:CPU:0,0.0,0.0
_arg_UnLAWsGh7Y_0_496,Placeholder,/job:localhost/replica:0/task:0/device:CPU:0,0.0,0.0
_arg_VS9QN4Yrzp_0_504,Placeholder,/job:localhost/replica:0/task:0/device:CPU:0,0.0,0.0
_arg_Vc3xjRYOT7_0_507,Placeholder,/job:localhost/replica:0/task:0/device:CPU:0,0.0,0.0
_arg_TUDsbC42Xf_0_471,Placeholder,/job:localhost/replica:0/task:0/device:CPU:0,0.0,0.0
_arg_W6OgQTcGIN_0_520,Placeholder,/job:localhost/replica:0/task:0/device:CPU:0,0.0,0.0
_arg_U2QX9SgBwG_0_483,Placeholder,/job:localhost/replica:0/task:0/device:CPU:0,0.0,0.0
_arg_UCcDsBpmvo_0_487,Placeholder,/job:localhost/replica:0/task:0/device:CPU:0,0.0,0.0
_arg_Xef3IsRQxN_0_534,Placeholder,/job:localhost/replica:0/task:0/device:CPU:0,0.0,0.0
_arg_UtAeMybOsN_0_497,Placeholder,/job:localhost/replica:0/task:0/device:CPU:0,0.0,0.0
_arg_VAZNc1zd6s_0_501,Placeholder,/job:localhost/replica:0/task:0/device:CPU:0,0.0,0.0
_arg_VURXYZ3Jcu_0_505,Placeholder,/job:localhost/replica:0/task:0/device:CPU:0,0.0,0.0
_arg_ViT8jSLz5U_0_508,Placeholder,/job:localhost/replica:0/task:0/device:CPU:0,0.0,0.0
_arg_Vz5egEJ0Gn_0_516,Placeholder,/job:localhost/replica:0/task:0/device:CPU:0,0.0,0.0
_arg_W6eJE1r8j0_0_521,Placeholder,/job:localhost/replica:0/task:0/device:CPU:0,0.0,0.0
_arg_WFJ3gEmvc5_0_523,Placeholder,/job:localhost/replica:0/task:0/device:CPU:0,0.0,0.0
_arg_XHyMlUBZVD_0_530,Placeholder,/job:localhost/replica:0/task:0/device:CPU:0,0.0,0.0
_arg_Xf4gcqK28R_0_535,Placeholder,/job:localhost/replica:0/task:0/device:CPU:0,0.0,0.0
_arg_XjUGgpfMsV_0_538,Placeholder,/job:localhost/replica:0/task:0/device:CPU:0,0.0,0.0
_arg_UuQXweHVJa_0_498,Placeholder,/job:localhost/replica:0/task:0/device:CPU:0,0.0,0.0
_arg_VPO9aAb2fJ_0_502,Placeholder,/job:localhost/replica:0/task:0/device:CPU:0,0.0,0.0
_arg_VW4kdCoMpb_0_506,Placeholder,/job:localhost/replica:0/task:0/device:CPU:0,0.0,0.0
_arg_VjrvgcxSEb_0_509,Placeholder,/job:localhost/replica:0/task:0/device:CPU:0,0.0,0.0
_arg_VtYPdkuAsg_0_513,Placeholder,/job:localhost/replica:0/task:0/device:CPU:0,0.0,0.0
_arg_W8cYe6Pvrm_0_522,Placeholder,/job:localhost/replica:0/task:0/device:CPU:0,0.0,0.0
_arg_XPJjUVGOot_0_531,Placeholder,/job:localhost/replica:0/task:0/device:CPU:0,0.0,0.0
_arg_Xj9i0O6FPb_0_536,Placeholder,/job:localhost/replica:0/task:0/device:CPU:0,0.0,0.0
_arg_Y8h9NuaG7j_0_546,Placeholder,/job:localhost/replica:0/task:0/device:CPU:0,0.0,0.0
_arg_lwOmtP1zc9_0_772,Placeholder,/job:localhost/replica:0/task:0/device:CPU:0,0.0,0.0
_arg_VmW3afXIi8_0_510,Placeholder,/job:localhost/replica:0/task:0/device:CPU:0,0.0,0.0
_arg_VvbUKL3h1T_0_514,Placeholder,/job:localhost/replica:0/task:0/device:CPU:0,0.0,0.0
_arg_W0uyOTrkIa_0_518,Placeholder,/job:localhost/replica:0/task:0/device:CPU:0,0.0,0.0
_arg_WiGNjdTzVx_0_525,Placeholder,/job:localhost/replica:0/task:0/device:CPU:0,0.0,0.0
_arg_XW9JwgECAo_0_532,Placeholder,/job:localhost/replica:0/task:0/device:CPU:0,0.0,0.0
_arg_XjQaweUthR_0_537,Placeholder,/job:localhost/replica:0/task:0/device:CPU:0,0.0,0.0
_arg_XqKEVdGgB7_0_542,Placeholder,/job:localhost/replica:0/task:0/device:CPU:0,0.0,0.0
_arg_k3Gmr7u9CN_0_743,Placeholder,/job:localhost/replica:0/task:0/device:CPU:0,0.0,0.0
_arg_gEwQP5TYSR_0_679,Placeholder,/job:localhost/replica:0/task:0/device:CPU:0,0.0,0.0
_arg_gUB14muJfx_0_684,Placeholder,/job:localhost/replica:0/task:0/device:CPU:0,0.0,0.0
_arg_lj6OVnXrH3_0_769,Placeholder,/job:localhost/replica:0/task:0/device:CPU:0,0.0,0.0
_arg_XFATe9m0B6_0_529,Placeholder,/job:localhost/replica:0/task:0/device:CPU:0,0.0,0.0
_arg_XdElb8v4YF_0_533,Placeholder,/job:localhost/replica:0/task:0/device:CPU:0,0.0,0.0
_arg_muzyjlZCT5_0_783,Placeholder,/job:localhost/replica:0/task:0/device:CPU:0,0.0,0.0
_arg_XpWfVTLxJc_0_541,Placeholder,/job:localhost/replica:0/task:0/device:CPU:0,0.0,0.0
_arg_XrjkIafAvd_0_543,Placeholder,/job:localhost/replica:0/task:0/device:CPU:0,0.0,0.0
_arg_o7Rgb0XwCE_0_797,Placeholder,/job:localhost/replica:0/task:0/device:CPU:0,0.0,0.0
_arg_gMBNj4X2Hi_0_680,Placeholder,/job:localhost/replica:0/task:0/device:CPU:0,0.0,0.0
_arg_m2ETJo4P1L_0_774,Placeholder,/job:localhost/replica:0/task:0/device:CPU:0,0.0,0.0
_arg_m8p9YUStoC_0_776,Placeholder,/job:localhost/replica:0/task:0/device:CPU:0,0.0,0.0
_arg_mcV081DBo5_0_779,Placeholder,/job:localhost/replica:0/task:0/device:CPU:0,0.0,0.0
_arg_n0ND6dPzg8_0_784,Placeholder,/job:localhost/replica:0/task:0/device:CPU:0,0.0,0.0
_arg_nEe53U6rDh_0_788,Placeholder,/job:localhost/replica:0/task:0/device:CPU:0,0.0,0.0
_arg_oAF8tx6a3G_0_798,Placeholder,/job:localhost/replica:0/task:0/device:CPU:0,0.0,0.0
_arg_XvT08nfIbA_0_545,Placeholder,/job:localhost/replica:0/task:0/device:CPU:0,0.0,0.0
_arg_mkiuLZctgI_0_780,Placeholder,/job:localhost/replica:0/task:0/device:CPU:0,0.0,0.0
_arg_mUk746TFyD_0_778,Placeholder,/job:localhost/replica:0/task:0/device:CPU:0,0.0,0.0
_arg_mkiyqPhGje_0_781,Placeholder,/job:localhost/replica:0/task:0/device:CPU:0,0.0,0.0
_arg_nL0lsVFrhm_0_790,Placeholder,/job:localhost/replica:0/task:0/device:CPU:0,0.0,0.0
_arg_oK3LvcO7Xq_0_802,Placeholder,/job:localhost/replica:0/task:0/device:CPU:0,0.0,0.0
_arg_oU0E5qg7Dd_0_806,Placeholder,/job:localhost/replica:0/task:0/device:CPU:0,0.0,0.0
_arg_ocNiQBkzXH_0_810,Placeholder,/job:localhost/replica:0/task:0/device:CPU:0,0.0,0.0
_arg_oUmYxZ8bf0_0_807,Placeholder,/job:localhost/replica:0/task:0/device:CPU:0,0.0,0.0
_arg_oVOlzf48qc_0_808,Placeholder,/job:localhost/replica:0/task:0/device:CPU:0,0.0,0.0
_arg_of1JQ9C4j0_0_812,Placeholder,/job:localhost/replica:0/task:0/device:CPU:0,0.0,0.0
_arg_p9b0agHPrj_0_814,Placeholder,/job:localhost/replica:0/task:0/device:CPU:0,0.0,0.0
_arg_oQEDtFklaR_0_805,Placeholder,/job:localhost/replica:0/task:0/device:CPU:0,0.0,0.0
_arg_ot1nNTaKBv_0_813,Placeholder,/job:localhost/replica:0/task:0/device:CPU:0,0.0,0.0
_arg_pC3QnAho2e_0_815,Placeholder,/job:localhost/replica:0/task:0/device:CPU:0,0.0,0.0
_arg_pQcuSsnR6P_0_818,Placeholder,/job:localhost/replica:0/task:0/device:CPU:0,0.0,0.0
_arg_q4VhmMBpyS_0_826,Placeholder,/job:localhost/replica:0/task:0/device:CPU:0,0.0,0.0
_arg_pVvEDP2sTa_0_819,Placeholder,/job:localhost/replica:0/task:0/device:CPU:0,0.0,0.0
_arg_q6xuWgBn0H_0_827,Placeholder,/job:localhost/replica:0/task:0/device:CPU:0,0.0,0.0
_arg_qKx8i6VA1Y_0_831,Placeholder,/job:localhost/replica:0/task:0/device:CPU:0,0.0,0.0
_arg_qUv3bMFDap_0_833,Placeholder,/job:localhost/replica:0/task:0/device:CPU:0,0.0,0.0
_arg_pKqZMI3xFJ_0_817,Placeholder,/job:localhost/replica:0/task:0/device:CPU:0,0.0,0.0
_arg_pZFedo1nzi_0_820,Placeholder,/job:localhost/replica:0/task:0/device:CPU:0,0.0,0.0
_arg_ps9f02Byti_0_824,Placeholder,/job:localhost/replica:0/task:0/device:CPU:0,0.0,0.0
_arg_qF18jCYBNZ_0_828,Placeholder,/job:localhost/replica:0/task:0/device:CPU:0,0.0,0.0
_arg_qSTwtkd9RY_0_832,Placeholder,/job:localhost/replica:0/task:0/device:CPU:0,0.0,0.0
_arg_qlb6mMA9Y1_0_837,Placeholder,/job:localhost/replica:0/task:0/device:CPU:0,0.0,0.0
_arg_pbfFnUBdh9_0_821,Placeholder,/job:localhost/replica:0/task:0/device:CPU:0,0.0,0.0
_arg_q1EXLeB8QC_0_825,Placeholder,/job:localhost/replica:0/task:0/device:CPU:0,0.0,0.0
_arg_qIieFWQfmu_0_829,Placeholder,/job:localhost/replica:0/task:0/device:CPU:0,0.0,0.0
_arg_qbnZt1P7MV_0_835,Placeholder,/job:localhost/replica:0/task:0/device:CPU:0,0.0,0.0
_arg_rkCB4PtNVp_0_845,Placeholder,/job:localhost/replica:0/task:0/device:CPU:0,0.0,0.0
_arg_rtNsn9UMpX_0_849,Placeholder,/job:localhost/replica:0/task:0/device:CPU:0,0.0,0.0
_arg_sXZkVGU6M7_0_858,Placeholder,/job:localhost/replica:0/task:0/device:CPU:0,0.0,0.0
_arg_stNjHToSbp_0_861,Placeholder,/job:localhost/replica:0/task:0/device:CPU:0,0.0,0.0
_arg_qzSNkARPrF_0_839,Placeholder,/job:localhost/replica:0/task:0/device:CPU:0,0.0,0.0
_arg_revYdJHR8f_0_843,Placeholder,/job:localhost/replica:0/task:0/device:CPU:0,0.0,0.0
_arg_rkz54XZaed_0_846,Placeholder,/job:localhost/replica:0/task:0/device:CPU:0,0.0,0.0
_arg_sMuFD6J15a_0_854,Placeholder,/job:localhost/replica:0/task:0/device:CPU:0,0.0,0.0
_arg_sZvOHoTh7S_0_859,Placeholder,/job:localhost/replica:0/task:0/device:CPU:0,0.0,0.0
_arg_t2bnTEiLoV_0_862,Placeholder,/job:localhost/replica:0/task:0/device:CPU:0,0.0,0.0
_arg_tGeCB2wmu6_0_865,Placeholder,/job:localhost/replica:0/task:0/device:CPU:0,0.0,0.0
_arg_tPU3L1nSAs_0_868,Placeholder,/job:localhost/replica:0/task:0/device:CPU:0,0.0,0.0
_arg_r0lfN73wzi_0_840,Placeholder,/job:localhost/replica:0/task:0/device:CPU:0,0.0,0.0
_arg_rinDbXHIBK_0_844,Placeholder,/job:localhost/replica:0/task:0/device:CPU:0,0.0,0.0
_arg_roO1dKtbaC_0_847,Placeholder,/job:localhost/replica:0/task:0/device:CPU:0,0.0,0.0
_arg_s4vYB90lHp_0_851,Placeholder,/job:localhost/replica:0/task:0/device:CPU:0,0.0,0.0
_arg_sOkWGFfCPj_0_855,Placeholder,/job:localhost/replica:0/task:0/device:CPU:0,0.0,0.0
_arg_shFDc7q92y_0_860,Placeholder,/job:localhost/replica:0/task:0/device:CPU:0,0.0,0.0
_arg_tCuzLI1qJP_0_863,Placeholder,/job:localhost/replica:0/task:0/device:CPU:0,0.0,0.0
_arg_tHGISeQvf3_0_866,Placeholder,/job:localhost/replica:0/task:0/device:CPU:0,0.0,0.0
_arg_tTA5Vak1PD_0_869,Placeholder,/job:localhost/replica:0/task:0/device:CPU:0,0.0,0.0
_arg_tmYv1LAOyF_0_876,Placeholder,/job:localhost/replica:0/task:0/device:CPU:0,0.0,0.0
_arg_u4tZjSB9UQ_0_880,Placeholder,/job:localhost/replica:0/task:0/device:CPU:0,0.0,0.0
_arg_s8gjVZnhLO_0_852,Placeholder,/job:localhost/replica:0/task:0/device:CPU:0,0.0,0.0
_arg_sWg7vV4txf_0_856,Placeholder,/job:localhost/replica:0/task:0/device:CPU:0,0.0,0.0
_arg_v5FnTdRPx1_0_896,Placeholder,/job:localhost/replica:0/task:0/device:CPU:0,0.0,0.0
_arg_tOBaU9jRG8_0_867,Placeholder,/job:localhost/replica:0/task:0/device:CPU:0,0.0,0.0
_arg_tWKnycE9fa_0_870,Placeholder,/job:localhost/replica:0/task:0/device:CPU:0,0.0,0.0
_arg_u5emkA1l2G_0_881,Placeholder,/job:localhost/replica:0/task:0/device:CPU:0,0.0,0.0
_arg_uXQGrHMTs5_0_888,Placeholder,/job:localhost/replica:0/task:0/device:CPU:0,0.0,0.0
_arg_vgDlx4oBU6_0_903,Placeholder,/job:localhost/replica:0/task:0/device:CPU:0,0.0,0.0
_arg_wDosOX4mYg_0_907,Placeholder,/job:localhost/replica:0/task:0/device:CPU:0,0.0,0.0
_arg_tYRB2GJkmd_0_871,Placeholder,/job:localhost/replica:0/task:0/device:CPU:0,0.0,0.0
_arg_tip1RODehq_0_874,Placeholder,/job:localhost/replica:0/task:0/device:CPU:0,0.0,0.0
_arg_tvy5d6ePhb_0_878,Placeholder,/job:localhost/replica:0/task:0/device:CPU:0,0.0,0.0
_arg_u93Hx7OV1r_0_882,Placeholder,/job:localhost/replica:0/task:0/device:CPU:0,0.0,0.0
_arg_uKoknaUcHD_0_885,Placeholder,/job:localhost/replica:0/task:0/device:CPU:0,0.0,0.0
_arg_uhHtl2XUG4_0_889,Placeholder,/job:localhost/replica:0/task:0/device:CPU:0,0.0,0.0
_arg_v1m2GgOfPe_0_893,Placeholder,/job:localhost/replica:0/task:0/device:CPU:0,0.0,0.0
_arg_vrTM3NE0Uk_0_904,Placeholder,/job:localhost/replica:0/task:0/device:CPU:0,0.0,0.0
_arg_wFf21mJjrV_0_908,Placeholder,/job:localhost/replica:0/task:0/device:CPU:0,0.0,0.0
_arg_wNWZKJES76_0_911,Placeholder,/job:localhost/replica:0/task:0/device:CPU:0,0.0,0.0
_arg_tlfaLxkVqi_0_875,Placeholder,/job:localhost/replica:0/task:0/device:CPU:0,0.0,0.0
_arg_uDgTNYkibd_0_883,Placeholder,/job:localhost/replica:0/task:0/device:CPU:0,0.0,0.0
_arg_uOj4Fqmx79_0_886,Placeholder,/job:localhost/replica:0/task:0/device:CPU:0,0.0,0.0
_arg_v2Pf0N1SBg_0_894,Placeholder,/job:localhost/replica:0/task:0/device:CPU:0,0.0,0.0
_arg_vYMZKpTVFy_0_901,Placeholder,/job:localhost/replica:0/task:0/device:CPU:0,0.0,0.0
_arg_w60RMl5kKs_0_905,Placeholder,/job:localhost/replica:0/task:0/device:CPU:0,0.0,0.0
_arg_wFudntyaQ1_0_909,Placeholder,/job:localhost/replica:0/task:0/device:CPU:0,0.0,0.0
_arg_YKcl3pktHh_0_547,Placeholder,/job:localhost/replica:0/task:0/device:CPU:0,0.0,0.0
_arg_YUgVNJuIF9_0_549,Placeholder,/job:localhost/replica:0/task:0/device:CPU:0,0.0,0.0
_arg_YfBdnzgxZe_0_554,Placeholder,/job:localhost/replica:0/task:0/device:CPU:0,0.0,0.0
_arg_YmptSNIW2R_0_557,Placeholder,/job:localhost/replica:0/task:0/device:CPU:0,0.0,0.0
_arg_YWmOVjhSLc_0_551,Placeholder,/job:localhost/replica:0/task:0/device:CPU:0,0.0,0.0
_arg_YoUHTO3PNy_0_558,Placeholder,/job:localhost/replica:0/task:0/device:CPU:0,0.0,0.0
_arg_Z2Rbx45m1A_0_561,Placeholder,/job:localhost/replica:0/task:0/device:CPU:0,0.0,0.0
_arg_YZzaN2oTdL_0_552,Placeholder,/job:localhost/replica:0/task:0/device:CPU:0,0.0,0.0
_arg_Yi8QVGrPUk_0_556,Placeholder,/job:localhost/replica:0/task:0/device:CPU:0,0.0,0.0
_arg_YtSNdqGXm5_0_559,Placeholder,/job:localhost/replica:0/task:0/device:CPU:0,0.0,0.0
_arg_Z5vltuKpyf_0_562,Placeholder,/job:localhost/replica:0/task:0/device:CPU:0,0.0,0.0
_arg_Z9dfOks8vw_0_565,Placeholder,/job:localhost/replica:0/task:0/device:CPU:0,0.0,0.0
_arg_ZnxTCgOAbQ_0_573,Placeholder,/job:localhost/replica:0/task:0/device:CPU:0,0.0,0.0
_arg_Z1GkmK89rS_0_560,Placeholder,/job:localhost/replica:0/task:0/device:CPU:0,0.0,0.0
_arg_Z8Ble25qxL_0_563,Placeholder,/job:localhost/replica:0/task:0/device:CPU:0,0.0,0.0
_arg_ZCSyBxnagU_0_566,Placeholder,/job:localhost/replica:0/task:0/device:CPU:0,0.0,0.0
_arg_Zqw6MvJrQx_0_574,Placeholder,/job:localhost/replica:0/task:0/device:CPU:0,0.0,0.0
_arg_aEkgjvAnTw_0_581,Placeholder,/job:localhost/replica:0/task:0/device:CPU:0,0.0,0.0
_arg_ZKociQnRjf_0_567,Placeholder,/job:localhost/replica:0/task:0/device:CPU:0,0.0,0.0
_arg_ZlQGr69zRu_0_571,Placeholder,/job:localhost/replica:0/task:0/device:CPU:0,0.0,0.0
_arg_ZsgTXHzCcY_0_575,Placeholder,/job:localhost/replica:0/task:0/device:CPU:0,0.0,0.0
_arg_aL2t7QPs5j_0_582,Placeholder,/job:localhost/replica:0/task:0/device:CPU:0,0.0,0.0
_arg_ackeLbPGFl_0_585,Placeholder,/job:localhost/replica:0/task:0/device:CPU:0,0.0,0.0
_arg_b1daLAf78I_0_589,Placeholder,/job:localhost/replica:0/task:0/device:CPU:0,0.0,0.0
_arg_ZLYWSJEuxD_0_568,Placeholder,/job:localhost/replica:0/task:0/device:CPU:0,0.0,0.0
_arg_Zlaet51Cdu_0_572,Placeholder,/job:localhost/replica:0/task:0/device:CPU:0,0.0,0.0
_arg_ZvfEDJspBq_0_576,Placeholder,/job:localhost/replica:0/task:0/device:CPU:0,0.0,0.0
_arg_a8pALuWzix_0_579,Placeholder,/job:localhost/replica:0/task:0/device:CPU:0,0.0,0.0
_arg_ag31UR7JxT_0_586,Placeholder,/job:localhost/replica:0/task:0/device:CPU:0,0.0,0.0
_arg_b60DFXkKUy_0_590,Placeholder,/job:localhost/replica:0/task:0/device:CPU:0,0.0,0.0
_arg_bGaXqAoVIk_0_593,Placeholder,/job:localhost/replica:0/task:0/device:CPU:0,0.0,0.0
_arg_c2iaAQxqP6_0_604,Placeholder,/job:localhost/replica:0/task:0/device:CPU:0,0.0,0.0
_arg_aBVF1bIUh8_0_580,Placeholder,/job:localhost/replica:0/task:0/device:CPU:0,0.0,0.0
_arg_aZogrnhk7R_0_584,Placeholder,/job:localhost/replica:0/task:0/device:CPU:0,0.0,0.0
_arg_aoUIhVw5rj_0_587,Placeholder,/job:localhost/replica:0/task:0/device:CPU:0,0.0,0.0
_arg_b7FIDCVQ6j_0_591,Placeholder,/job:localhost/replica:0/task:0/device:CPU:0,0.0,0.0
_arg_bQm3gIzWvG_0_594,Placeholder,/job:localhost/replica:0/task:0/device:CPU:0,0.0,0.0
_arg_btne4vP9sd_0_601,Placeholder,/job:localhost/replica:0/task:0/device:CPU:0,0.0,0.0
_arg_c8Lg3ZOrVH_0_605,Placeholder,/job:localhost/replica:0/task:0/device:CPU:0,0.0,0.0
_arg_cSJmC1DYrT_0_608,Placeholder,/job:localhost/replica:0/task:0/device:CPU:0,0.0,0.0
_arg_caU8PWiXlt_0_612,Placeholder,/job:localhost/replica:0/task:0/device:CPU:0,0.0,0.0
_arg_ct8x7bJrfj_0_616,Placeholder,/job:localhost/replica:0/task:0/device:CPU:0,0.0,0.0
_arg_azqdM486ls_0_588,Placeholder,/job:localhost/replica:0/task:0/device:CPU:0,0.0,0.0
_arg_bG3BcQM79a_0_592,Placeholder,/job:localhost/replica:0/task:0/device:CPU:0,0.0,0.0
_arg_bQtUChED5P_0_595,Placeholder,/job:localhost/replica:0/task:0/device:CPU:0,0.0,0.0
_arg_bnr6K3x1Y0_0_599,Placeholder,/job:localhost/replica:0/task:0/device:CPU:0,0.0,0.0
_arg_bvt65Ljkc9_0_602,Placeholder,/job:localhost/replica:0/task:0/device:CPU:0,0.0,0.0
_arg_cFBNAytwM7_0_606,Placeholder,/job:localhost/replica:0/task:0/device:CPU:0,0.0,0.0
_arg_ceADZkJ9C7_0_613,Placeholder,/job:localhost/replica:0/task:0/device:CPU:0,0.0,0.0
_arg_ctBFUafOKQ_0_617,Placeholder,/job:localhost/replica:0/task:0/device:CPU:0,0.0,0.0
_arg_czqYaB0x2j_0_620,Placeholder,/job:localhost/replica:0/task:0/device:CPU:0,0.0,0.0
_arg_d5Gkyo8tv2_0_624,Placeholder,/job:localhost/replica:0/task:0/device:CPU:0,0.0,0.0
_arg_dAnUEga3lb_0_628,Placeholder,/job:localhost/replica:0/task:0/device:CPU:0,0.0,0.0
_arg_bWZuxhDGdn_0_596,Placeholder,/job:localhost/replica:0/task:0/device:CPU:0,0.0,0.0
_arg_dZq8Yu59wH_0_635,Placeholder,/job:localhost/replica:0/task:0/device:CPU:0,0.0,0.0
_arg_byXLTR92W0_0_603,Placeholder,/job:localhost/replica:0/task:0/device:CPU:0,0.0,0.0
_arg_cG7ISN0qlC_0_607,Placeholder,/job:localhost/replica:0/task:0/device:CPU:0,0.0,0.0
_arg_cZBaPTkSyR_0_610,Placeholder,/job:localhost/replica:0/task:0/device:CPU:0,0.0,0.0
_arg_ciUqu9fA8L_0_614,Placeholder,/job:localhost/replica:0/task:0/device:CPU:0,0.0,0.0
_arg_d5WwCBkug3_0_625,Placeholder,/job:localhost/replica:0/task:0/device:CPU:0,0.0,0.0
_arg_dRs6UD9Yre_0_632,Placeholder,/job:localhost/replica:0/task:0/device:CPU:0,0.0,0.0
_arg_dy6XufQ4N8_0_636,Placeholder,/job:localhost/replica:0/task:0/device:CPU:0,0.0,0.0
_arg_eFVRzU0D32_0_639,Placeholder,/job:localhost/replica:0/task:0/device:CPU:0,0.0,0.0
_arg_eZt4Y5jrBW_0_647,Placeholder,/job:localhost/replica:0/task:0/device:CPU:0,0.0,0.0
_arg_cZyUS5Lt6h_0_611,Placeholder,/job:localhost/replica:0/task:0/device:CPU:0,0.0,0.0
_arg_cnTjVm1267_0_615,Placeholder,/job:localhost/replica:0/task:0/device:CPU:0,0.0,0.0
_arg_cysrGz0PUx_0_619,Placeholder,/job:localhost/replica:0/task:0/device:CPU:0,0.0,0.0
_arg_d5YQxPRjAl_0_626,Placeholder,/job:localhost/replica:0/task:0/device:CPU:0,0.0,0.0
_arg_dPmyVlRtM9_0_630,Placeholder,/job:localhost/replica:0/task:0/device:CPU:0,0.0,0.0
_arg_dTPZsMA7gR_0_633,Placeholder,/job:localhost/replica:0/task:0/device:CPU:0,0.0,0.0
_arg_eCJQoA83Dc_0_637,Placeholder,/job:localhost/replica:0/task:0/device:CPU:0,0.0,0.0
_arg_eImu3Rz0GX_0_640,Placeholder,/job:localhost/replica:0/task:0/device:CPU:0,0.0,0.0
_arg_egwjnvOsfu_0_648,Placeholder,/job:localhost/replica:0/task:0/device:CPU:0,0.0,0.0
_arg_etYqX8mcDN_0_655,Placeholder,/job:localhost/replica:0/task:0/device:CPU:0,0.0,0.0
_arg_f2zAVw0v5g_0_659,Placeholder,/job:localhost/replica:0/task:0/device:CPU:0,0.0,0.0
_arg_d4RTh6NusD_0_623,Placeholder,/job:localhost/replica:0/task:0/device:CPU:0,0.0,0.0
_arg_d7voCjJmXw_0_627,Placeholder,/job:localhost/replica:0/task:0/device:CPU:0,0.0,0.0
_arg_dR1QqyToUL_0_631,Placeholder,/job:localhost/replica:0/task:0/device:CPU:0,0.0,0.0
_arg_dUzpRYL3sn_0_634,Placeholder,/job:localhost/replica:0/task:0/device:CPU:0,0.0,0.0
_arg_eDt1ubzUpB_0_638,Placeholder,/job:localhost/replica:0/task:0/device:CPU:0,0.0,0.0
_arg_eJ5yPdlDcM_0_641,Placeholder,/job:localhost/replica:0/task:0/device:CPU:0,0.0,0.0
_arg_eTZ3nx8JXz_0_645,Placeholder,/job:localhost/replica:0/task:0/device:CPU:0,0.0,0.0
_arg_ekmhFAl1ZH_0_652,Placeholder,/job:localhost/replica:0/task:0/device:CPU:0,0.0,0.0
_arg_f3erNipzC8_0_660,Placeholder,/job:localhost/replica:0/task:0/device:CPU:0,0.0,0.0
_arg_fSKDLgbZ1t_0_664,Placeholder,/job:localhost/replica:0/task:0/device:CPU:0,0.0,0.0
_arg_faCdj3NU91_0_667,Placeholder,/job:localhost/replica:0/task:0/device:CPU:0,0.0,0.0
_arg_fj5BU2XK7b_0_671,Placeholder,/job:localhost/replica:0/task:0/device:CPU:0,0.0,0.0
_arg_wP0MHlKche_0_913,Placeholder,/job:localhost/replica:0/task:0/device:CPU:0,0.0,0.0
_arg_wuTkgZlv4C_0_923,Placeholder,/job:localhost/replica:0/task:0/device:CPU:0,0.0,0.0
_arg_eNj5LGAy3I_0_642,Placeholder,/job:localhost/replica:0/task:0/device:CPU:0,0.0,0.0
_arg_eUL7gf0GMS_0_646,Placeholder,/job:localhost/replica:0/task:0/device:CPU:0,0.0,0.0
_arg_ejRoCuTaUv_0_650,Placeholder,/job:localhost/replica:0/task:0/device:CPU:0,0.0,0.0
_arg_ephTjBM4N6_0_653,Placeholder,/job:localhost/replica:0/task:0/device:CPU:0,0.0,0.0
_arg_f0KExPW6wh_0_657,Placeholder,/job:localhost/replica:0/task:0/device:CPU:0,0.0,0.0
_arg_f7RnJ4udlo_0_661,Placeholder,/job:localhost/replica:0/task:0/device:CPU:0,0.0,0.0
_arg_fUmzPG2j4B_0_665,Placeholder,/job:localhost/replica:0/task:0/device:CPU:0,0.0,0.0
_arg_fbqoHIS12P_0_668,Placeholder,/job:localhost/replica:0/task:0/device:CPU:0,0.0,0.0
_arg_fmFcnXzISG_0_672,Placeholder,/job:localhost/replica:0/task:0/device:CPU:0,0.0,0.0
_arg_umpd5sY1Gn_0_891,Placeholder,/job:localhost/replica:0/task:0/device:CPU:0,0.0,0.0
_arg_vf5qdk0UxC_0_902,Placeholder,/job:localhost/replica:0/task:0/device:CPU:0,0.0,0.0
_arg_wH7gOt5aQ0_0_910,Placeholder,/job:localhost/replica:0/task:0/device:CPU:0,0.0,0.0
_arg_wQDn1236gu_0_914,Placeholder,/job:localhost/replica:0/task:0/device:CPU:0,0.0,0.0
_arg_f1cKF0BJ32_0_658,Placeholder,/job:localhost/replica:0/task:0/device:CPU:0,0.0,0.0
_arg_f8yxjZKgJN_0_662,Placeholder,/job:localhost/replica:0/task:0/device:CPU:0,0.0,0.0
_arg_fgYL6lb8BW_0_669,Placeholder,/job:localhost/replica:0/task:0/device:CPU:0,0.0,0.0
_arg_fqLmBndvP5_0_673,Placeholder,/job:localhost/replica:0/task:0/device:CPU:0,0.0,0.0
_arg_fi3EOxUHlZ_0_670,Placeholder,/job:localhost/replica:0/task:0/device:CPU:0,0.0,0.0
_arg_fwZPRux1Ko_0_674,Placeholder,/job:localhost/replica:0/task:0/device:CPU:0,0.0,0.0
_arg_werANnbXiP_0_917,Placeholder,/job:localhost/replica:0/task:0/device:CPU:0,0.0,0.0
_arg_x3koeIyTa8_0_924,Placeholder,/job:localhost/replica:0/task:0/device:CPU:0,0.0,0.0
_arg_xC5X64PswK_0_927,Placeholder,/job:localhost/replica:0/task:0/device:CPU:0,0.0,0.0
_arg_wg39FKSPtX_0_918,Placeholder,/job:localhost/replica:0/task:0/device:CPU:0,0.0,0.0
_arg_wsIvtC28T4_0_921,Placeholder,/job:localhost/replica:0/task:0/device:CPU:0,0.0,0.0
_arg_x6aLnYFbI7_0_925,Placeholder,/job:localhost/replica:0/task:0/device:CPU:0,0.0,0.0
_arg_xIz7Ty3oEr_0_928,Placeholder,/job:localhost/replica:0/task:0/device:CPU:0,0.0,0.0
_arg_wuEKvaNz1r_0_922,Placeholder,/job:localhost/replica:0/task:0/device:CPU:0,0.0,0.0
_arg_x7yzJvqm3o_0_926,Placeholder,/job:localhost/replica:0/task:0/device:CPU:0,0.0,0.0
_arg_xKcOVzsIlP_0_929,Placeholder,/job:localhost/replica:0/task:0/device:CPU:0,0.0,0.0
_arg_xMtWq8hcZu_0_930,Placeholder,/job:localhost/replica:0/task:0/device:CPU:0,0.0,0.0
_arg_xaGSKWEtyR_0_934,Placeholder,/job:localhost/replica:0/task:0/device:CPU:0,0.0,0.0
_arg_xTzQbgKidB_0_932,Placeholder,/job:localhost/replica:0/task:0/device:CPU:0,0.0,0.0
_arg_xoTl57saQu_0_938,Placeholder,/job:localhost/replica:0/task:0/device:CPU:0,0.0,0.0
_arg_xYVDCTLIen_0_933,Placeholder,/job:localhost/replica:0/task:0/device:CPU:0,0.0,0.0
_arg_xpy8Lu1mSw_0_939,Placeholder,/job:localhost/replica:0/task:0/device:CPU:0,0.0,0.0
_arg_yFPsTJOz1B_0_942,Placeholder,/job:localhost/replica:0/task:0/device:CPU:0,0.0,0.0
_arg_xkFawVIlZc_0_937,Placeholder,/job:localhost/replica:0/task:0/device:CPU:0,0.0,0.0
_arg_y6QjqGMLBi_0_940,Placeholder,/job:localhost/replica:0/task:0/device:CPU:0,0.0,0.0
_arg_yDREc5A8kM_0_941,Placeholder,/job:localhost/replica:0/task:0/device:CPU:0,0.0,0.0
_arg_yLZRWzvrEM_0_944,Placeholder,/job:localhost/replica:0/task:0/device:CPU:0,0.0,0.0
_arg_yTVmMt8pFh_0_948,Placeholder,/job:localhost/replica:0/task:0/device:CPU:0,0.0,0.0
_arg_ych0Cjif7t_0_951,Placeholder,/job:localhost/replica:0/task:0/device:CPU:0,0.0,0.0
_arg_yrSQz7l9xu_0_955,Placeholder,/job:localhost/replica:0/task:0/device:CPU:0,0.0,0.0
_arg_yLb1Q9r5gB_0_945,Placeholder,/job:localhost/replica:0/task:0/device:CPU:0,0.0,0.0
_arg_yUJfZSwaPK_0_949,Placeholder,/job:localhost/replica:0/task:0/device:CPU:0,0.0,0.0
_arg_yfFp4ZzV8m_0_952,Placeholder,/job:localhost/replica:0/task:0/device:CPU:0,0.0,0.0
_arg_z1R9KIB4HO_0_956,Placeholder,/job:localhost/replica:0/task:0/device:CPU:0,0.0,0.0
_arg_zE0b632KDi_0_959,Placeholder,/job:localhost/replica:0/task:0/device:CPU:0,0.0,0.0
_arg_zk64hIKLbV_0_963,Placeholder,/job:localhost/replica:0/task:0/device:CPU:0,0.0,0.0
_arg_zvrJbKMeT2_0_966,Placeholder,/job:localhost/replica:0/task:0/device:CPU:0,0.0,0.0
_arg_yhf6Co8l1d_0_953,Placeholder,/job:localhost/replica:0/task:0/device:CPU:0,0.0,0.0
_arg_zAJXlGHx2n_0_957,Placeholder,/job:localhost/replica:0/task:0/device:CPU:0,0.0,0.0
_arg_zEegdbJKi6_0_960,Placeholder,/job:localhost/replica:0/task:0/device:CPU:0,0.0,0.0
_arg_zqIvsF9eG0_0_964,Placeholder,/job:localhost/replica:0/task:0/device:CPU:0,0.0,0.0
XhGNLvAFcK,Switch,/job:localhost/replica:0/task:0/device:CPU:0,0.0,0.0
X1fpc3IkiD,Switch,/job:localhost/replica:0/task:0/device:CPU:0,0.0,0.0
wCyoYaIgAZ,Switch,/job:localhost/replica:0/task:0/device:CPU:0,0.0,0.0
VmZGr4sqvi,Switch,/job:localhost/replica:0/task:0/device:CPU:0,0.0,0.0
gdRzWEmQZl,Switch,/job:localhost/replica:0/task:0/device:CPU:0,0.0,0.0
bzgNlGtUhB,Switch,/job:localhost/replica:0/task:0/device:CPU:0,0.0,0.0
7TMcae8ORJ,Switch,/job:localhost/replica:0/task:0/device:CPU:0,0.0,0.0
jUQOyLVocS,Switch,/job:localhost/replica:0/task:0/device:CPU:0,0.0,0.0
