node_name,op_type,device,time_us,time_ms
7FTwLhA5Qa,SplitV,/job:localhost/replica:0/task:0/device:MUSA:0,21640.0,21.64
6Qd03F9Klu,AddN,/job:localhost/replica:0/task:0/device:MUSA:0,5452.0,5.452
pakQNyrlFA,AddN,/job:localhost/replica:0/task:0/device:MUSA:0,5351.0,5.351
ArithmeticOptimizer/AddOpsRewrite_uvIxOBUcPs,AddN,/job:localhost/replica:0/task:0/device:MUSA:0,5174.0,5.174
ArithmeticOptimizer/AddOpsRewrite_nqimusOrw7,AddN,/job:localhost/replica:0/task:0/device:MUSA:0,5107.0,5.107
ArithmeticOptimizer/AddOpsRewrite_0iXUjfLNmy,AddN,/job:localhost/replica:0/task:0/device:MUSA:0,5047.0,5.047
ArithmeticOptimizer/AddOpsRewrite_uVbpcqomRj,AddN,/job:localhost/replica:0/task:0/device:MUSA:0,4929.0,4.929
ArithmeticOptimizer/AddOpsRewrite_e7EK6AT1Zf,AddN,/job:localhost/replica:0/task:0/device:MUSA:0,4912.0,4.912
4XKnuOhVbE,ConcatV2,/job:localhost/replica:0/task:0/device:MUSA:0,2039.0,2.039
4bFIRTYHa0,AddN,/job:localhost/replica:0/task:0/device:MUSA:0,1687.0,1.687
J8nlYktKUm,AddN,/job:localhost/replica:0/task:0/device:MUSA:0,1623.0,1.623
Xd65tcYEqA,AddN,/job:localhost/replica:0/task:0/device:MUSA:0,1572.0,1.572
VhpHdeIjOk,AddN,/job:localhost/replica:0/task:0/device:MUSA:0,1535.0,1.535
RHF2dJXkn0,AddN,/job:localhost/replica:0/task:0/device:MUSA:0,1522.0,1.522
F9yIODZSwm,AddN,/job:localhost/replica:0/task:0/device:MUSA:0,1479.0,1.479
Qi4cNTfv1r,AddN,/job:localhost/replica:0/task:0/device:MUSA:0,1476.0,1.476
ak4Xun9Ujx,AddN,/job:localhost/replica:0/task:0/device:MUSA:0,1450.0,1.45
iTh8yQKoZW,AddN,/job:localhost/replica:0/task:0/device:MUSA:0,1447.0,1.447
fR4pXQ9UHE,AddN,/job:localhost/replica:0/task:0/device:MUSA:0,1428.0,1.428
peXIEQUHca,AddN,/job:localhost/replica:0/task:0/device:MUSA:0,1415.0,1.415
pRoTiQWMNz,AddN,/job:localhost/replica:0/task:0/device:MUSA:0,1392.0,1.392
6j5CumFlzv,AddN,/job:localhost/replica:0/task:0/device:MUSA:0,1377.0,1.377
8DXPeIq4hW,AddN,/job:localhost/replica:0/task:0/device:MUSA:0,1320.0,1.32
AvwltDUfrW,AddN,/job:localhost/replica:0/task:0/device:MUSA:0,1302.0,1.302
oeRbuE29JQ,AddN,/job:localhost/replica:0/task:0/device:MUSA:0,1235.0,1.235
f4xlBZ0yMU,ConcatV2,/job:localhost/replica:0/task:0/device:MUSA:0,1200.0,1.2
UltmN8EFpK,AddN,/job:localhost/replica:0/task:0/device:MUSA:0,766.0,0.766
yitAcB5q3J,Sign,/job:localhost/replica:0/task:0/device:MUSA:0,731.0,0.731
jgq2RN3tMf,ConcatV2,/job:localhost/replica:0/task:0/device:MUSA:0,612.0,0.612
JrmVToQUDc,StridedSlice,/job:localhost/replica:0/task:0/device:MUSA:0,500.0,0.5
Sl9jiAe0mb,StridedSlice,/job:localhost/replica:0/task:0/device:MUSA:0,496.0,0.496
yEnWbgAv47,StridedSlice,/job:localhost/replica:0/task:0/device:MUSA:0,490.0,0.49
0wsOTZ4dBo,Select,/job:localhost/replica:0/task:0/device:MUSA:0,483.0,0.483
VKSrBPTpbz,Prod,/job:localhost/replica:0/task:0/device:MUSA:0,465.0,0.465
8LDURoOE4P,Mean,/job:localhost/replica:0/task:0/device:MUSA:0,461.0,0.461
Wo3h8zCu16,Equal,/job:localhost/replica:0/task:0/device:MUSA:0,461.0,0.461
0tbO3Uj4dx,StridedSlice,/job:localhost/replica:0/task:0/device:MUSA:0,457.0,0.457
iD763RW1bT,Fill,/job:localhost/replica:0/task:0/device:MUSA:0,456.0,0.456
Y097qVLmdG,Maximum,/job:localhost/replica:0/task:0/device:MUSA:0,454.0,0.454
CeUZtNAqdV,Sub,/job:localhost/replica:0/task:0/device:MUSA:0,453.0,0.453
dyIKjcF8DZ,StridedSlice,/job:localhost/replica:0/task:0/device:MUSA:0,450.0,0.45
DNdJIlAMVc,StridedSlice,/job:localhost/replica:0/task:0/device:MUSA:0,444.0,0.444
sLnMGJgalF,Mean,/job:localhost/replica:0/task:0/device:MUSA:0,435.0,0.435
BKwGdOM2le,Prod,/job:localhost/replica:0/task:0/device:MUSA:0,431.0,0.431
rA4THQvE7Z,Equal,/job:localhost/replica:0/task:0/device:MUSA:0,423.0,0.423
iJXRngwUS8,Prod,/job:localhost/replica:0/task:0/device:MUSA:0,423.0,0.423
V6rzJYSx5L,NotEqual,/job:localhost/replica:0/task:0/device:MUSA:0,410.0,0.41
e7QXmfCdca,AddV2,/job:localhost/replica:0/task:0/device:MUSA:0,406.0,0.406
vcM28bLDC9,StridedSlice,/job:localhost/replica:0/task:0/device:MUSA:0,405.0,0.405
V5JGhpcKdM,Mean,/job:localhost/replica:0/task:0/device:MUSA:0,403.0,0.403
YdyG3MfBiv,Mean,/job:localhost/replica:0/task:0/device:MUSA:0,403.0,0.403
xLVj0GTX5v,Select,/job:localhost/replica:0/task:0/device:MUSA:0,386.0,0.386
Dcs0ZdHaVt,Select,/job:localhost/replica:0/task:0/device:MUSA:0,384.0,0.384
C2t0xj673G,Sum,/job:localhost/replica:0/task:0/device:MUSA:0,383.0,0.383
IyAdaFQx2C,Fill,/job:localhost/replica:0/task:0/device:MUSA:0,376.0,0.376
ZoMcjFRtOE,RealDiv,/job:localhost/replica:0/task:0/device:MUSA:0,372.0,0.372
zrK2qgXAHn,Minimum,/job:localhost/replica:0/task:0/device:MUSA:0,366.0,0.366
n7s0Ik19r2,ExpandDims,/job:localhost/replica:0/task:0/device:MUSA:0,366.0,0.366
ytQpxWL9hb,StridedSlice,/job:localhost/replica:0/task:0/device:MUSA:0,365.0,0.365
DVbLSgh0QW,RealDiv,/job:localhost/replica:0/task:0/device:MUSA:0,365.0,0.365
jnWOv3LTGl,Select,/job:localhost/replica:0/task:0/device:MUSA:0,354.0,0.354
U0Y1hXlvrA,RealDiv,/job:localhost/replica:0/task:0/device:MUSA:0,353.0,0.353
sxjkI7ZpSc,StridedSlice,/job:localhost/replica:0/task:0/device:MUSA:0,351.0,0.351
FgyRpir7OA,Prod,/job:localhost/replica:0/task:0/device:MUSA:0,350.0,0.35
BPC4c6ZaXN,ExpandDims,/job:localhost/replica:0/task:0/device:MUSA:0,350.0,0.35
6xSeK9t7hG,Mean,/job:localhost/replica:0/task:0/device:MUSA:0,349.0,0.349
7tcIlrxpOw,Prod,/job:localhost/replica:0/task:0/device:MUSA:0,348.0,0.348
F0y3Vvl91s,Prod,/job:localhost/replica:0/task:0/device:MUSA:0,348.0,0.348
U19IXf2cME,Mean,/job:localhost/replica:0/task:0/device:MUSA:0,346.0,0.346
bGaQ8BgcXE,Equal,/job:localhost/replica:0/task:0/device:MUSA:0,340.0,0.34
7Vbwv8CaXi,LogicalAnd,/job:localhost/replica:0/task:0/device:MUSA:0,339.0,0.339
FqZVvLJo0a,Log,/job:localhost/replica:0/task:0/device:MUSA:0,337.0,0.337
US3hbvTOjz,Pow,/job:localhost/replica:0/task:0/device:MUSA:0,335.0,0.335
8RhCSczF0G,StridedSlice,/job:localhost/replica:0/task:0/device:MUSA:0,331.0,0.331
T7Zu8ABoRL,StridedSlice,/job:localhost/replica:0/task:0/device:MUSA:0,329.0,0.329
alDw7W6NEU,Prod,/job:localhost/replica:0/task:0/device:MUSA:0,328.0,0.328
L8XovAgKiP,StridedSlice,/job:localhost/replica:0/task:0/device:MUSA:0,325.0,0.325
brkwXVOGcA,Mul,/job:localhost/replica:0/task:0/device:MUSA:0,324.0,0.324
5Y3XvdeybA,RealDiv,/job:localhost/replica:0/task:0/device:MUSA:0,323.0,0.323
Cafve6My3k,Greater,/job:localhost/replica:0/task:0/device:MUSA:0,322.0,0.322
oTAdep3WS5,NotEqual,/job:localhost/replica:0/task:0/device:MUSA:0,320.0,0.32
zkB4bXevHg,StridedSlice,/job:localhost/replica:0/task:0/device:MUSA:0,320.0,0.32
iH7N4hBGw3,Mul,/job:localhost/replica:0/task:0/device:MUSA:0,319.0,0.319
FdxZ1aWk7i,Add,/job:localhost/replica:0/task:0/device:MUSA:0,317.0,0.317
bv0OckYZ8U,Mul,/job:localhost/replica:0/task:0/device:MUSA:0,315.0,0.315
LAcng7Qfrw,Select,/job:localhost/replica:0/task:0/device:MUSA:0,312.0,0.312
EsZhdbpiMo,StridedSlice,/job:localhost/replica:0/task:0/device:MUSA:0,312.0,0.312
65SMi9O4IE,Fill,/job:localhost/replica:0/task:0/device:MUSA:0,309.0,0.309
76P1JAfyZI,SquaredDifference,/job:localhost/replica:0/task:0/device:MUSA:0,296.0,0.296
DpFMldk82P,StridedSlice,/job:localhost/replica:0/task:0/device:MUSA:0,291.0,0.291
isoIfMHyE5,Fill,/job:localhost/replica:0/task:0/device:MUSA:0,290.0,0.29
S1KsUVv7mh,Minimum,/job:localhost/replica:0/task:0/device:MUSA:0,287.0,0.287
VRfs9LPJEC,Prod,/job:localhost/replica:0/task:0/device:MUSA:0,282.0,0.282
xuG7OdVpUA,AddV2,/job:localhost/replica:0/task:0/device:MUSA:0,281.0,0.281
w56CNMt4VD,StridedSlice,/job:localhost/replica:0/task:0/device:MUSA:0,278.0,0.278
W3DoBCQJe5,Fill,/job:localhost/replica:0/task:0/device:MUSA:0,271.0,0.271
L2p4i0sVOI,Pow,/job:localhost/replica:0/task:0/device:MUSA:0,268.0,0.268
Oiau4PHB2e,Reshape,/job:localhost/replica:0/task:0/device:MUSA:0,260.0,0.26
cDK9qEwY0s,AddN,/job:localhost/replica:0/task:0/device:MUSA:0,260.0,0.26
Hdsa5lUNS8,Select,/job:localhost/replica:0/task:0/device:MUSA:0,259.0,0.259
cCj28GyHuO,StridedSlice,/job:localhost/replica:0/task:0/device:MUSA:0,258.0,0.258
09wlrNXCpJ,Mean,/job:localhost/replica:0/task:0/device:MUSA:0,252.0,0.252
kaqYbv0O8C,Mul,/job:localhost/replica:0/task:0/device:MUSA:0,251.0,0.251
bkUoweTfzt,Prod,/job:localhost/replica:0/task:0/device:MUSA:0,244.0,0.244
doOSjMxbZE,Select,/job:localhost/replica:0/task:0/device:MUSA:0,230.0,0.23
M1djRSY0NL,StridedSlice,/job:localhost/replica:0/task:0/device:MUSA:0,227.0,0.227
v6iQRga5s0,Mean,/job:localhost/replica:0/task:0/device:MUSA:0,226.0,0.226
VBxfr9HF6D,ConcatV2,/job:localhost/replica:0/task:0/device:MUSA:0,221.0,0.221
Lae2Vn76Df,StridedSlice,/job:localhost/replica:0/task:0/device:MUSA:0,219.0,0.219
n13c5OTR6M,Prod,/job:localhost/replica:0/task:0/device:MUSA:0,216.0,0.216
PCgVSh1sLY,Prod,/job:localhost/replica:0/task:0/device:MUSA:0,212.0,0.212
Qy69isOhrZ,Prod,/job:localhost/replica:0/task:0/device:MUSA:0,211.0,0.211
UAvfSh9rYn,Mean,/job:localhost/replica:0/task:0/device:MUSA:0,210.0,0.21
i7nkoU0Smj,Prod,/job:localhost/replica:0/task:0/device:MUSA:0,209.0,0.209
76El9yTsFt,MatMul,/job:localhost/replica:0/task:0/device:MUSA:0,208.0,0.208
vtUdRpbyGP,Prod,/job:localhost/replica:0/task:0/device:MUSA:0,207.0,0.207
D8rQHeRvMt,Pow,/job:localhost/replica:0/task:0/device:MUSA:0,206.0,0.206
W4xrdVwLjX,Mul,/job:localhost/replica:0/task:0/device:MUSA:0,205.0,0.205
4pXRPAgKmL,Relu,/job:localhost/replica:0/task:0/device:MUSA:0,199.0,0.199
mPkixgrO5U,MatMul,/job:localhost/replica:0/task:0/device:MUSA:0,199.0,0.199
KaPpdn39l7,AddV2,/job:localhost/replica:0/task:0/device:MUSA:0,197.0,0.197
AaVIQSFNEk,MatMul,/job:localhost/replica:0/task:0/device:MUSA:0,197.0,0.197
oCpA7M3dNj,LogicalAnd,/job:localhost/replica:0/task:0/device:MUSA:0,196.0,0.196
YiUaT7kAjz,LogicalAnd,/job:localhost/replica:0/task:0/device:MUSA:0,196.0,0.196
sQx4jWEiDz,Slice,/job:localhost/replica:0/task:0/device:MUSA:0,194.0,0.194
evBzpYVFQx,Prod,/job:localhost/replica:0/task:0/device:MUSA:0,193.0,0.193
IPSNfhbz35,ExpandDims,/job:localhost/replica:0/task:0/device:MUSA:0,193.0,0.193
X7lr5fY3UO,AddN,/job:localhost/replica:0/task:0/device:MUSA:0,191.0,0.191
1SYJrnVZd0,Relu,/job:localhost/replica:0/task:0/device:MUSA:0,190.0,0.19
BeLKRsAbXJ,Slice,/job:localhost/replica:0/task:0/device:MUSA:0,189.0,0.189
jmZ8oYPz5s,StridedSlice,/job:localhost/replica:0/task:0/device:MUSA:0,189.0,0.189
Q8zcqX6k9N,Prod,/job:localhost/replica:0/task:0/device:MUSA:0,189.0,0.189
S3VI8adom7,Sub,/job:localhost/replica:0/task:0/device:MUSA:0,189.0,0.189
zPTpFotVba,ConcatV2,/job:localhost/replica:0/task:0/device:MUSA:0,188.0,0.188
WIAqHnbuJ0,MatMul,/job:localhost/replica:0/task:0/device:MUSA:0,188.0,0.188
XK4cwQDglm,Mean,/job:localhost/replica:0/task:0/device:MUSA:0,188.0,0.188
LQWq7nMmiK,AddN,/job:localhost/replica:0/task:0/device:MUSA:0,187.0,0.187
vmwr6tSFKX,AddN,/job:localhost/replica:0/task:0/device:MUSA:0,185.0,0.185
4wAfEhUrBg,Select,/job:localhost/replica:0/task:0/device:MUSA:0,181.0,0.181
YTNSL1CxVp,Mean,/job:localhost/replica:0/task:0/device:MUSA:0,181.0,0.181
dqJsc56KFE,Mean,/job:localhost/replica:0/task:0/device:MUSA:0,180.0,0.18
vUQd8XMw3b,ExpandDims,/job:localhost/replica:0/task:0/device:MUSA:0,180.0,0.18
NH1qBndJxb,AddV2,/job:localhost/replica:0/task:0/device:MUSA:0,178.0,0.178
nt2yTdRINB,BatchMatMulV2,/job:localhost/replica:0/task:0/device:MUSA:0,177.0,0.177
vTb9lyEX0r,MatMul,/job:localhost/replica:0/task:0/device:MUSA:0,173.0,0.173
lLongahXw2,Prod,/job:localhost/replica:0/task:0/device:MUSA:0,172.0,0.172
Fb0sVKjEeO,Equal,/job:localhost/replica:0/task:0/device:MUSA:0,172.0,0.172
F5JouaA19m,AddN,/job:localhost/replica:0/task:0/device:MUSA:0,172.0,0.172
jFkdp7CQW3,Mul,/job:localhost/replica:0/task:0/device:MUSA:0,171.0,0.171
WnraQSUjIO,Select,/job:localhost/replica:0/task:0/device:MUSA:0,169.0,0.169
jUAaiJZz0m,Slice,/job:localhost/replica:0/task:0/device:MUSA:0,167.0,0.167
aN4uMmWRYv,Pow,/job:localhost/replica:0/task:0/device:MUSA:0,167.0,0.167
xbWqZyoePD,ConcatV2,/job:localhost/replica:0/task:0/device:MUSA:0,167.0,0.167
Y7PFQCjZTD,StridedSlice,/job:localhost/replica:0/task:0/device:MUSA:0,165.0,0.165
Hv4eR1ra5D,BatchMatMulV2,/job:localhost/replica:0/task:0/device:MUSA:0,165.0,0.165
TGwWM0iBOt,NotEqual,/job:localhost/replica:0/task:0/device:MUSA:0,164.0,0.164
vZKw3DOtyS,AddN,/job:localhost/replica:0/task:0/device:MUSA:0,164.0,0.164
Zf4qOl6c7D,Slice,/job:localhost/replica:0/task:0/device:MUSA:0,163.0,0.163
rDNOaBH6IE,Mul,/job:localhost/replica:0/task:0/device:MUSA:0,163.0,0.163
PV2tSayBNw,Select,/job:localhost/replica:0/task:0/device:MUSA:0,162.0,0.162
AqNuLHcok0,ExpandDims,/job:localhost/replica:0/task:0/device:MUSA:0,161.0,0.161
yvFCu8sNxL,Mul,/job:localhost/replica:0/task:0/device:MUSA:0,160.0,0.16
zAFa9pC8Ho,Relu,/job:localhost/replica:0/task:0/device:MUSA:0,160.0,0.16
ARQIxEGg1H,Add,/job:localhost/replica:0/task:0/device:MUSA:0,159.0,0.159
sFELBkcNCh,AddN,/job:localhost/replica:0/task:0/device:MUSA:0,157.0,0.157
kPu9B4te3Z,MatMul,/job:localhost/replica:0/task:0/device:MUSA:0,157.0,0.157
hVS3f1DKYA,Sub,/job:localhost/replica:0/task:0/device:MUSA:0,156.0,0.156
aZkHnIwmoP,AddN,/job:localhost/replica:0/task:0/device:MUSA:0,154.0,0.154
XQ6q39zY7K,ExpandDims,/job:localhost/replica:0/task:0/device:MUSA:0,154.0,0.154
ZsRw0Eidoq,MatMul,/job:localhost/replica:0/task:0/device:MUSA:0,153.0,0.153
F2knDRiXQI,Select,/job:localhost/replica:0/task:0/device:MUSA:0,151.0,0.151
3zjAGfqu6X,Mul,/job:localhost/replica:0/task:0/device:MUSA:0,151.0,0.151
aBwPs8md6v,Fill,/job:localhost/replica:0/task:0/device:MUSA:0,150.0,0.15
S8tNbdwics,MatMul,/job:localhost/replica:0/task:0/device:MUSA:0,149.0,0.149
Vi4Wqzvrnb,Mul,/job:localhost/replica:0/task:0/device:MUSA:0,147.0,0.147
1uWDLXE6wG,AddN,/job:localhost/replica:0/task:0/device:MUSA:0,146.0,0.146
GVZIXisAqS,RealDiv,/job:localhost/replica:0/task:0/device:MUSA:0,144.0,0.144
AFUE9Yazlj,Mul,/job:localhost/replica:0/task:0/device:MUSA:0,144.0,0.144
cbsKDSiwyk,Select,/job:localhost/replica:0/task:0/device:MUSA:0,143.0,0.143
GQd3Hntsau,AddN,/job:localhost/replica:0/task:0/device:MUSA:0,142.0,0.142
ecV9mqGYQK,Mul,/job:localhost/replica:0/task:0/device:MUSA:0,141.0,0.141
Sb5n4a2GzL,ConcatV2,/job:localhost/replica:0/task:0/device:MUSA:0,140.0,0.14
rFdmGhHtZK,Add,/job:localhost/replica:0/task:0/device:MUSA:0,140.0,0.14
jPJDZuyWlm,ExpandDims,/job:localhost/replica:0/task:0/device:MUSA:0,140.0,0.14
qeld0pL3ZF,StridedSlice,/job:localhost/replica:0/task:0/device:MUSA:0,139.0,0.139
FA93YdIVJ4,Sub,/job:localhost/replica:0/task:0/device:MUSA:0,139.0,0.139
REyiTNQmtk,ExpandDims,/job:localhost/replica:0/task:0/device:MUSA:0,138.0,0.138
G5k9xE18o3,Relu,/job:localhost/replica:0/task:0/device:MUSA:0,136.0,0.136
bJXfMorEkR,Pow,/job:localhost/replica:0/task:0/device:MUSA:0,136.0,0.136
KkztNGndho,NotEqual,/job:localhost/replica:0/task:0/device:MUSA:0,135.0,0.135
aEm9StV0Ar,Exp,/job:localhost/replica:0/task:0/device:MUSA:0,134.0,0.134
8vw2ykRz9f,Mul,/job:localhost/replica:0/task:0/device:MUSA:0,133.0,0.133
hzZBspCIQM,Tile,/job:localhost/replica:0/task:0/device:MUSA:0,132.0,0.132
EnAZjcV7rm,Rsqrt,/job:localhost/replica:0/task:0/device:MUSA:0,132.0,0.132
UtKLANMoyk,Fill,/job:localhost/replica:0/task:0/device:MUSA:0,130.0,0.13
5UAHlrKamg,Slice,/job:localhost/replica:0/task:0/device:MUSA:0,130.0,0.13
ORkjP3uAX7,NotEqual,/job:localhost/replica:0/task:0/device:MUSA:0,128.0,0.128
w7RMs09uOy,NotEqual,/job:localhost/replica:0/task:0/device:MUSA:0,128.0,0.128
D4zX5OsM1m,AddN,/job:localhost/replica:0/task:0/device:MUSA:0,128.0,0.128
kzgMI4oFSE,MatMul,/job:localhost/replica:0/task:0/device:MUSA:0,128.0,0.128
APIUFRtjah,AddV2,/job:localhost/replica:0/task:0/device:MUSA:0,127.0,0.127
I9lAfr1wgH,ConcatV2,/job:localhost/replica:0/task:0/device:MUSA:0,127.0,0.127
fGAaeQVNMq,Relu,/job:localhost/replica:0/task:0/device:MUSA:0,127.0,0.127
2t0QfXr3Ei,RealDiv,/job:localhost/replica:0/task:0/device:MUSA:0,127.0,0.127
S5PMgIlGnm,ExpandDims,/job:localhost/replica:0/task:0/device:MUSA:0,126.0,0.126
64137HIvfQ,BatchMatMulV2,/job:localhost/replica:0/task:0/device:MUSA:0,126.0,0.126
rHGkgltJ6m,MatMul,/job:localhost/replica:0/task:0/device:MUSA:0,126.0,0.126
exRbiKBvu7,AddV2,/job:localhost/replica:0/task:0/device:MUSA:0,126.0,0.126
BGON3wkR7r,AddN,/job:localhost/replica:0/task:0/device:MUSA:0,124.0,0.124
Ne85DJBd3c,Pow,/job:localhost/replica:0/task:0/device:MUSA:0,124.0,0.124
ujtP91fvaJ,Fill,/job:localhost/replica:0/task:0/device:MUSA:0,123.0,0.123
h05NG79kDM,Sub,/job:localhost/replica:0/task:0/device:MUSA:0,123.0,0.123
1XzN0isL3d,Mean,/job:localhost/replica:0/task:0/device:MUSA:0,122.0,0.122
kWlyNXhHfI,ExpandDims,/job:localhost/replica:0/task:0/device:MUSA:0,122.0,0.122
NFiMaHDdgO,AddV2,/job:localhost/replica:0/task:0/device:MUSA:0,122.0,0.122
Usea4b0tOR,Relu,/job:localhost/replica:0/task:0/device:MUSA:0,121.0,0.121
QXjklGBs8N,Pow,/job:localhost/replica:0/task:0/device:MUSA:0,121.0,0.121
Qx9ufPXgm0,MatMul,/job:localhost/replica:0/task:0/device:MUSA:0,121.0,0.121
NVOTBx8aUA,ExpandDims,/job:localhost/replica:0/task:0/device:MUSA:0,121.0,0.121
WZSebMQVKu,BatchMatMulV2,/job:localhost/replica:0/task:0/device:MUSA:0,121.0,0.121
ij4Xzy9tIM,Add,/job:localhost/replica:0/task:0/device:MUSA:0,121.0,0.121
Gik2npzVdX,MatMul,/job:localhost/replica:0/task:0/device:MUSA:0,119.0,0.119
BoDHuS7NdC,Relu,/job:localhost/replica:0/task:0/device:MUSA:0,119.0,0.119
PlfdNkBQuq,Pow,/job:localhost/replica:0/task:0/device:MUSA:0,119.0,0.119
GIdFPe2qSl,RealDiv,/job:localhost/replica:0/task:0/device:MUSA:0,119.0,0.119
bj1qiOVJAE,Sub,/job:localhost/replica:0/task:0/device:MUSA:0,119.0,0.119
WQDtUMFydV,AddN,/job:localhost/replica:0/task:0/device:MUSA:0,118.0,0.118
XuKLh0Sbxq,Fill,/job:localhost/replica:0/task:0/device:MUSA:0,118.0,0.118
FPpa4yn70b,Select,/job:localhost/replica:0/task:0/device:MUSA:0,118.0,0.118
VvG102FCED,Maximum,/job:localhost/replica:0/task:0/device:MUSA:0,117.0,0.117
kvNT3AmJzF,Sub,/job:localhost/replica:0/task:0/device:MUSA:0,117.0,0.117
B5STN7dFtw,Select,/job:localhost/replica:0/task:0/device:MUSA:0,116.0,0.116
aQFp89MrKX,Sub,/job:localhost/replica:0/task:0/device:MUSA:0,116.0,0.116
WVdNebTUmx,ExpandDims,/job:localhost/replica:0/task:0/device:MUSA:0,116.0,0.116
a8Fo1AgzTO,Fill,/job:localhost/replica:0/task:0/device:MUSA:0,116.0,0.116
0eJpI9ZquO,Pow,/job:localhost/replica:0/task:0/device:MUSA:0,116.0,0.116
lMwEZNGWf0,AddV2,/job:localhost/replica:0/task:0/device:MUSA:0,116.0,0.116
pPwsEc52YU,Add,/job:localhost/replica:0/task:0/device:MUSA:0,116.0,0.116
nqUO2uI8kG,Relu,/job:localhost/replica:0/task:0/device:MUSA:0,115.0,0.115
p7kxcN1AGB,Sub,/job:localhost/replica:0/task:0/device:MUSA:0,115.0,0.115
iyjuhEZtvb,Mul,/job:localhost/replica:0/task:0/device:MUSA:0,115.0,0.115
W9LuwxHOFN,Pow,/job:localhost/replica:0/task:0/device:MUSA:0,115.0,0.115
xsbijw17Or,MatMul,/job:localhost/replica:0/task:0/device:MUSA:0,114.0,0.114
rgPmep1jRd,Pow,/job:localhost/replica:0/task:0/device:MUSA:0,114.0,0.114
K0F15EjV2Z,Equal,/job:localhost/replica:0/task:0/device:MUSA:0,113.0,0.113
evCyQXW9Bh,RealDiv,/job:localhost/replica:0/task:0/device:MUSA:0,113.0,0.113
qdlz0sKwra,Add,/job:localhost/replica:0/task:0/device:MUSA:0,113.0,0.113
h10zfaQWr7,Rsqrt,/job:localhost/replica:0/task:0/device:MUSA:0,112.0,0.112
mavSjye53Q,RealDiv,/job:localhost/replica:0/task:0/device:MUSA:0,111.0,0.111
rPmS2TWRGv,Rsqrt,/job:localhost/replica:0/task:0/device:MUSA:0,110.0,0.11
8tEC3u1RLl,Relu,/job:localhost/replica:0/task:0/device:MUSA:0,110.0,0.11
dSyBFRt0PM,Relu,/job:localhost/replica:0/task:0/device:MUSA:0,110.0,0.11
VoGLSDUrN0,Exp,/job:localhost/replica:0/task:0/device:MUSA:0,110.0,0.11
uOvEHIwJAL,AddV2,/job:localhost/replica:0/task:0/device:MUSA:0,110.0,0.11
mFyz0Hiqux,MatMul,/job:localhost/replica:0/task:0/device:MUSA:0,109.0,0.109
Qa0Zi4CNVj,ExpandDims,/job:localhost/replica:0/task:0/device:MUSA:0,109.0,0.109
trqTNG72Oo,Relu,/job:localhost/replica:0/task:0/device:MUSA:0,109.0,0.109
FOgnYaux3E,Minimum,/job:localhost/replica:0/task:0/device:MUSA:0,109.0,0.109
KCp3S4fm5A,RealDiv,/job:localhost/replica:0/task:0/device:MUSA:0,109.0,0.109
6nTGwPKm8p,NotEqual,/job:localhost/replica:0/task:0/device:MUSA:0,108.0,0.108
ConstantFolding/Xmbquc41QN_const_axis,Pack,/job:localhost/replica:0/task:0/device:MUSA:0,108.0,0.108
594jUAqzwL,Relu,/job:localhost/replica:0/task:0/device:MUSA:0,107.0,0.107
FsRW065qLe,MatMul,/job:localhost/replica:0/task:0/device:MUSA:0,107.0,0.107
WLOteYSwV9,Sub,/job:localhost/replica:0/task:0/device:MUSA:0,107.0,0.107
b6Azfyp1Pr,Add,/job:localhost/replica:0/task:0/device:MUSA:0,107.0,0.107
TClasD5p2h,Sigmoid,/job:localhost/replica:0/task:0/device:CPU:0,106.0,0.106
9QwE2dLKfj,Log,/job:localhost/replica:0/task:0/device:MUSA:0,106.0,0.106
3XklZWrANc,MatMul,/job:localhost/replica:0/task:0/device:MUSA:0,106.0,0.106
gPIOidxs3z,Relu,/job:localhost/replica:0/task:0/device:MUSA:0,106.0,0.106
gGhOPNC6Wk,Minimum,/job:localhost/replica:0/task:0/device:MUSA:0,106.0,0.106
tbnKB9i0WH,IsNan,/job:localhost/replica:0/task:0/device:MUSA:0,106.0,0.106
18kZo3EPeQ,Mul,/job:localhost/replica:0/task:0/device:MUSA:0,106.0,0.106
LYtP2EVvH8,Relu,/job:localhost/replica:0/task:0/device:MUSA:0,105.0,0.105
QuG73lZIg1,Mul,/job:localhost/replica:0/task:0/device:MUSA:0,105.0,0.105
8Kma47gsyx,Relu,/job:localhost/replica:0/task:0/device:MUSA:0,103.0,0.103
pbWz7SFOEo,ExpandDims,/job:localhost/replica:0/task:0/device:MUSA:0,103.0,0.103
1VBfTMh2p6,MatMul,/job:localhost/replica:0/task:0/device:MUSA:0,102.0,0.102
NwDrtj2efZ,Maximum,/job:localhost/replica:0/task:0/device:MUSA:0,102.0,0.102
UAYGDtB6yp,IsNan,/job:localhost/replica:0/task:0/device:MUSA:0,102.0,0.102
1TRIZFftig,Pow,/job:localhost/replica:0/task:0/device:MUSA:0,102.0,0.102
rB6OAMxp2E,Pow,/job:localhost/replica:0/task:0/device:MUSA:0,102.0,0.102
CD3ToMPAZl,AddN,/job:localhost/replica:0/task:0/device:MUSA:0,101.0,0.101
tFKWGEQDy2,MatMul,/job:localhost/replica:0/task:0/device:MUSA:0,101.0,0.101
RhdbuMsXGg,BatchMatMulV2,/job:localhost/replica:0/task:0/device:MUSA:0,101.0,0.101
XDzZuEBrh2,Select,/job:localhost/replica:0/task:0/device:MUSA:0,101.0,0.101
9yVasWpBRO,ConcatV2,/job:localhost/replica:0/task:0/device:MUSA:0,100.0,0.1
GYhgQNF8DX,RealDiv,/job:localhost/replica:0/task:0/device:MUSA:0,100.0,0.1
OpGE4uSRTD,Mul,/job:localhost/replica:0/task:0/device:MUSA:0,100.0,0.1
lKO9Qw07ms,MatMul,/job:localhost/replica:0/task:0/device:MUSA:0,99.0,0.099
YsyZKU1vDW,Mean,/job:localhost/replica:0/task:0/device:MUSA:0,99.0,0.099
TauMOwmxSt,Exp,/job:localhost/replica:0/task:0/device:MUSA:0,99.0,0.099
z6DWrfcwYK,Maximum,/job:localhost/replica:0/task:0/device:MUSA:0,99.0,0.099
jpQhO51xCn,Sub,/job:localhost/replica:0/task:0/device:MUSA:0,99.0,0.099
ay09uDUgph,Log,/job:localhost/replica:0/task:0/device:MUSA:0,98.0,0.098
GSO6PmJK23,RealDiv,/job:localhost/replica:0/task:0/device:MUSA:0,98.0,0.098
xR2fyI8TlL,AddV2,/job:localhost/replica:0/task:0/device:MUSA:0,97.0,0.097
sGyj4UefoE,MatMul,/job:localhost/replica:0/task:0/device:MUSA:0,97.0,0.097
mCaUyXBVFY,Sigmoid,/job:localhost/replica:0/task:0/device:MUSA:0,97.0,0.097
S5RZkHipYU,Select,/job:localhost/replica:0/task:0/device:MUSA:0,97.0,0.097
o1BP5I0lYS,AddV2,/job:localhost/replica:0/task:0/device:MUSA:0,97.0,0.097
MGXbNqB9eC,RealDiv,/job:localhost/replica:0/task:0/device:MUSA:0,97.0,0.097
IxP2ELRYGM,Slice,/job:localhost/replica:0/task:0/device:MUSA:0,96.0,0.096
mQPNGhHruc,Sub,/job:localhost/replica:0/task:0/device:MUSA:0,96.0,0.096
j5JqZI3T4D,Exp,/job:localhost/replica:0/task:0/device:MUSA:0,96.0,0.096
0ScVlNEdKt,Mul,/job:localhost/replica:0/task:0/device:MUSA:0,96.0,0.096
skBiXbxIUT,Relu,/job:localhost/replica:0/task:0/device:MUSA:0,95.0,0.095
cSobQmX3DP,Relu,/job:localhost/replica:0/task:0/device:MUSA:0,95.0,0.095
09mTkiOqne,Mul,/job:localhost/replica:0/task:0/device:MUSA:0,95.0,0.095
hNaruYegWM,AddN,/job:localhost/replica:0/task:0/device:MUSA:0,94.0,0.094
oh362AaU89,Minimum,/job:localhost/replica:0/task:0/device:MUSA:0,94.0,0.094
TN8o2O5zRc,Select,/job:localhost/replica:0/task:0/device:MUSA:0,94.0,0.094
PwBtd5QSbA,Select,/job:localhost/replica:0/task:0/device:MUSA:0,93.0,0.093
T3keXux9dy,Sub,/job:localhost/replica:0/task:0/device:MUSA:0,93.0,0.093
ZxvRnWgBiH,IsNan,/job:localhost/replica:0/task:0/device:MUSA:0,92.0,0.092
PZRwVhYosS,Mul,/job:localhost/replica:0/task:0/device:MUSA:0,92.0,0.092
oTNUalr2fq,Pow,/job:localhost/replica:0/task:0/device:MUSA:0,92.0,0.092
ELNbuCpxn7,Relu,/job:localhost/replica:0/task:0/device:MUSA:0,91.0,0.091
HnpZbzI0AK,MatMul,/job:localhost/replica:0/task:0/device:MUSA:0,91.0,0.091
cj0zRM5HOp,Sub,/job:localhost/replica:0/task:0/device:MUSA:0,91.0,0.091
mAUG5gZxPS,Minimum,/job:localhost/replica:0/task:0/device:MUSA:0,90.0,0.09
D0tc1vyVxW,RealDiv,/job:localhost/replica:0/task:0/device:MUSA:0,90.0,0.09
8ef1BhtLFX,Mul,/job:localhost/replica:0/task:0/device:MUSA:0,89.0,0.089
zSTMgcENAJ,AddV2,/job:localhost/replica:0/task:0/device:MUSA:0,89.0,0.089
FNKVmHiLGc,BatchMatMulV2,/job:localhost/replica:0/task:0/device:MUSA:0,89.0,0.089
ptkZVR63S9,RealDiv,/job:localhost/replica:0/task:0/device:MUSA:0,89.0,0.089
3xcTs5aUAu,AddN,/job:localhost/replica:0/task:0/device:MUSA:0,88.0,0.088
29kEJrV3Wy,MatMul,/job:localhost/replica:0/task:0/device:MUSA:0,88.0,0.088
m2lhBZ8jYJ,RealDiv,/job:localhost/replica:0/task:0/device:MUSA:0,88.0,0.088
480CgEnzka,Prod,/job:localhost/replica:0/task:0/device:MUSA:0,88.0,0.088
Rc2uCdGMXn,MatMul,/job:localhost/replica:0/task:0/device:MUSA:0,87.0,0.087
cJSAZX9EoY,IsNan,/job:localhost/replica:0/task:0/device:MUSA:0,87.0,0.087
csJfgrdHqL,Mul,/job:localhost/replica:0/task:0/device:MUSA:0,87.0,0.087
O47ZuANf5Q,Mul,/job:localhost/replica:0/task:0/device:MUSA:0,87.0,0.087
9PXzQU7fOR,RealDiv,/job:localhost/replica:0/task:0/device:MUSA:0,87.0,0.087
hytW4gYjQ2,Fill,/job:localhost/replica:0/task:0/device:MUSA:0,86.0,0.086
cMQF8aG7X0,RealDiv,/job:localhost/replica:0/task:0/device:MUSA:0,86.0,0.086
9GrL2CxfQX,Add,/job:localhost/replica:0/task:0/device:MUSA:0,86.0,0.086
arM489Y5Cg,Add,/job:localhost/replica:0/task:0/device:MUSA:0,85.0,0.085
WLY10rXUFq,Mean,/job:localhost/replica:0/task:0/device:MUSA:0,85.0,0.085
4hKXIEqzOl,Log,/job:localhost/replica:0/task:0/device:MUSA:0,85.0,0.085
eB3PxOyXL5,Rsqrt,/job:localhost/replica:0/task:0/device:MUSA:0,85.0,0.085
GbQyAap3lr,Mean,/job:localhost/replica:0/task:0/device:MUSA:0,84.0,0.084
BbhqTIVP4o,AddN,/job:localhost/replica:0/task:0/device:MUSA:0,84.0,0.084
kqXjxnIBgQ,ConcatV2,/job:localhost/replica:0/task:0/device:MUSA:0,84.0,0.084
H257YnOlNQ,Add,/job:localhost/replica:0/task:0/device:MUSA:0,84.0,0.084
IOajUbGpXz,Reshape,/job:localhost/replica:0/task:0/device:MUSA:0,83.0,0.083
ozLSmyBHJX,ConcatV2,/job:localhost/replica:0/task:0/device:MUSA:0,83.0,0.083
LmNcMzqywP,Sum,/job:localhost/replica:0/task:0/device:MUSA:0,83.0,0.083
XROTtKQnZb,Relu,/job:localhost/replica:0/task:0/device:MUSA:0,83.0,0.083
2FxSZs1woa,RealDiv,/job:localhost/replica:0/task:0/device:MUSA:0,83.0,0.083
mPYquS96ZT,Rsqrt,/job:localhost/replica:0/task:0/device:MUSA:0,83.0,0.083
ayADs5Vgbd,BatchMatMulV2,/job:localhost/replica:0/task:0/device:MUSA:0,82.0,0.082
DqVLQOPzZv,Pow,/job:localhost/replica:0/task:0/device:MUSA:0,82.0,0.082
WY3A5ubadL,Add,/job:localhost/replica:0/task:0/device:MUSA:0,82.0,0.082
R1T8HY3lhJ,RealDiv,/job:localhost/replica:0/task:0/device:MUSA:0,82.0,0.082
vDS20blZUu,StridedSlice,/job:localhost/replica:0/task:0/device:MUSA:0,82.0,0.082
dOAPxcFbuL,Select,/job:localhost/replica:0/task:0/device:MUSA:0,81.0,0.081
K5z3A9Pn7t,AddN,/job:localhost/replica:0/task:0/device:MUSA:0,81.0,0.081
u1bSo52AaZ,AddN,/job:localhost/replica:0/task:0/device:MUSA:0,81.0,0.081
V5u2mQSGat,Tanh,/job:localhost/replica:0/task:0/device:MUSA:0,81.0,0.081
BOrwy3icRI,Transpose,/job:localhost/replica:0/task:0/device:MUSA:0,81.0,0.081
oC7ANh45zI,AddN,/job:localhost/replica:0/task:0/device:MUSA:0,80.0,0.08
8FW93SOmEh,AddN,/job:localhost/replica:0/task:0/device:MUSA:0,80.0,0.08
cYMJCPIn7A,AddN,/job:localhost/replica:0/task:0/device:MUSA:0,80.0,0.08
X1J6ZhiKmb,RealDiv,/job:localhost/replica:0/task:0/device:MUSA:0,80.0,0.08
cxRFM75yrQ,MatMul,/job:localhost/replica:0/task:0/device:MUSA:0,79.0,0.079
Af3zHZsl5L,Maximum,/job:localhost/replica:0/task:0/device:MUSA:0,79.0,0.079
ISFusMqiJo,Cast,/job:localhost/replica:0/task:0/device:MUSA:0,78.0,0.078
kcqpXwWsVN,AddN,/job:localhost/replica:0/task:0/device:MUSA:0,78.0,0.078
3FTNvBfyJd,Sub,/job:localhost/replica:0/task:0/device:MUSA:0,78.0,0.078
MX4mgDGiYN,SquaredDifference,/job:localhost/replica:0/task:0/device:MUSA:0,78.0,0.078
k0nQMxNlwZ,Unpack,/job:localhost/replica:0/task:0/device:MUSA:0,78.0,0.078
HpiZakvVPW,Pow,/job:localhost/replica:0/task:0/device:MUSA:0,78.0,0.078
ReknNmjA40,MatMul,/job:localhost/replica:0/task:0/device:MUSA:0,78.0,0.078
jxi2dCAsEw,Rsqrt,/job:localhost/replica:0/task:0/device:MUSA:0,78.0,0.078
7bA9aXhcZ8,Mul,/job:localhost/replica:0/task:0/device:MUSA:0,77.0,0.077
jpdmXQAnRH,AddN,/job:localhost/replica:0/task:0/device:MUSA:0,76.0,0.076
myn39uXEfi,Unpack,/job:localhost/replica:0/task:0/device:MUSA:0,76.0,0.076
qCY9AcrfnF,ConcatV2,/job:localhost/replica:0/task:0/device:MUSA:0,76.0,0.076
Op8uJwPnXg,Pow,/job:localhost/replica:0/task:0/device:MUSA:0,76.0,0.076
63tcA9Xkup,Add,/job:localhost/replica:0/task:0/device:MUSA:0,75.0,0.075
kaQp9mLX8i,AddN,/job:localhost/replica:0/task:0/device:MUSA:0,74.0,0.074
XFLT8j1OeK,Pow,/job:localhost/replica:0/task:0/device:MUSA:0,74.0,0.074
FP6WK9SMBO,Mean,/job:localhost/replica:0/task:0/device:MUSA:0,74.0,0.074
GWHuk2QeML,Unpack,/job:localhost/replica:0/task:0/device:MUSA:0,74.0,0.074
eN4mKD702I,Pow,/job:localhost/replica:0/task:0/device:MUSA:0,74.0,0.074
hK7boaNvcY,Sigmoid,/job:localhost/replica:0/task:0/device:MUSA:0,74.0,0.074
8qyXRzDs1Z,RealDiv,/job:localhost/replica:0/task:0/device:MUSA:0,74.0,0.074
k3YMeaGgLC,Prod,/job:localhost/replica:0/task:0/device:MUSA:0,74.0,0.074
XZLqlc4bCx,AddN,/job:localhost/replica:0/task:0/device:MUSA:0,73.0,0.073
C2sRUbNxlg,Mul,/job:localhost/replica:0/task:0/device:MUSA:0,73.0,0.073
6UIrmb2l9G,Prod,/job:localhost/replica:0/task:0/device:MUSA:0,73.0,0.073
iGfZQyCg9o,ConcatV2,/job:localhost/replica:0/task:0/device:MUSA:0,72.0,0.072
2JtpPEqWvZ,AddN,/job:localhost/replica:0/task:0/device:MUSA:0,72.0,0.072
paARdxjghD,Pow,/job:localhost/replica:0/task:0/device:MUSA:0,72.0,0.072
PsK3mQWUYR,Mul,/job:localhost/replica:0/task:0/device:MUSA:0,71.0,0.071
0loIJjObrW,StridedSlice,/job:localhost/replica:0/task:0/device:MUSA:0,71.0,0.071
OJjVoEvwQf,MatMul,/job:localhost/replica:0/task:0/device:MUSA:0,70.0,0.07
XJcyZe6NAk,Pow,/job:localhost/replica:0/task:0/device:MUSA:0,70.0,0.07
yHoxB40Y6Q,RealDiv,/job:localhost/replica:0/task:0/device:MUSA:0,70.0,0.07
aIOzACBmr4,Pow,/job:localhost/replica:0/task:0/device:MUSA:0,70.0,0.07
kBoFIU9tLV,Fill,/job:localhost/replica:0/task:0/device:MUSA:0,69.0,0.069
jCFJ5Y1pen,Prod,/job:localhost/replica:0/task:0/device:MUSA:0,69.0,0.069
ConstantFolding/WIxUAGhcqb_const_axis,Pack,/job:localhost/replica:0/task:0/device:MUSA:0,69.0,0.069
IqRgGbm964,Unpack,/job:localhost/replica:0/task:0/device:MUSA:0,68.0,0.068
7OCRyHQZba,Pow,/job:localhost/replica:0/task:0/device:MUSA:0,68.0,0.068
fMq0PKOwVZ,RealDiv,/job:localhost/replica:0/task:0/device:MUSA:0,68.0,0.068
nmLtXMJcyk,Prod,/job:localhost/replica:0/task:0/device:MUSA:0,68.0,0.068
RdP0utNr4b,Pow,/job:localhost/replica:0/task:0/device:MUSA:0,67.0,0.067
3eNVgxEZwh,Sub,/job:localhost/replica:0/task:0/device:MUSA:0,67.0,0.067
lHo3reh4vd,Log,/job:localhost/replica:0/task:0/device:MUSA:0,66.0,0.066
acolLKUWTn,RealDiv,/job:localhost/replica:0/task:0/device:MUSA:0,66.0,0.066
3s1fuZyJGl,ConcatV2,/job:localhost/replica:0/task:0/device:MUSA:0,65.0,0.065
ehOmNS2ydL,Rsqrt,/job:localhost/replica:0/task:0/device:MUSA:0,65.0,0.065
Fjswb8ZOPv,RealDiv,/job:localhost/replica:0/task:0/device:MUSA:0,65.0,0.065
ylU4NJvEAi,Prod,/job:localhost/replica:0/task:0/device:MUSA:0,64.0,0.064
eHolWVGy6x,SplitV,/job:localhost/replica:0/task:0/device:MUSA:0,64.0,0.064
a7xsDnHzFM,RealDiv,/job:localhost/replica:0/task:0/device:MUSA:0,64.0,0.064
3YJSe0igqF,AddV2,/job:localhost/replica:0/task:0/device:MUSA:0,64.0,0.064
kA9ayvb7UZ,MatMul,/job:localhost/replica:0/task:0/device:MUSA:0,64.0,0.064
X9GOSpL5M6,Neg,/job:localhost/replica:0/task:0/device:MUSA:0,63.0,0.063
WOKazVEIsC,Prod,/job:localhost/replica:0/task:0/device:MUSA:0,63.0,0.063
A8EVh1RwCa,MatMul,/job:localhost/replica:0/task:0/device:MUSA:0,62.0,0.062
lgRCFNto2e,Mul,/job:localhost/replica:0/task:0/device:MUSA:0,62.0,0.062
ajdDl01up3,SquaredDifference,/job:localhost/replica:0/task:0/device:MUSA:0,62.0,0.062
ez3rEYoCJW,ConcatV2,/job:localhost/replica:0/task:0/device:MUSA:0,62.0,0.062
fKrDPIEyai,Relu,/job:localhost/replica:0/task:0/device:MUSA:0,62.0,0.062
AoyvRbEN09,Mul,/job:localhost/replica:0/task:0/device:MUSA:0,62.0,0.062
vCOK94uZWU,Select,/job:localhost/replica:0/task:0/device:MUSA:0,61.0,0.061
XGDCtZSImx,Prod,/job:localhost/replica:0/task:0/device:MUSA:0,61.0,0.061
ndoZbxr0WG,MatMul,/job:localhost/replica:0/task:0/device:MUSA:0,61.0,0.061
YVMbzH8p26,Tanh,/job:localhost/replica:0/task:0/device:MUSA:0,60.0,0.06
WXI3EKlSm8,MatMul,/job:localhost/replica:0/task:0/device:MUSA:0,60.0,0.06
se362VKnbl,ConcatV2,/job:localhost/replica:0/task:0/device:MUSA:0,59.0,0.059
0UOlaztiKs,Sub,/job:localhost/replica:0/task:0/device:MUSA:0,59.0,0.059
ynXkeh1j8w,Prod,/job:localhost/replica:0/task:0/device:MUSA:0,59.0,0.059
Fd7yKwBvjU,Mul,/job:localhost/replica:0/task:0/device:MUSA:0,58.0,0.058
gLYAKjw6bD,Sub,/job:localhost/replica:0/task:0/device:MUSA:0,58.0,0.058
hOJmL9FEn8,MatMul,/job:localhost/replica:0/task:0/device:MUSA:0,57.0,0.057
JIdMKslkDF,SquaredDifference,/job:localhost/replica:0/task:0/device:MUSA:0,57.0,0.057
MFdVEobiSj,Pow,/job:localhost/replica:0/task:0/device:MUSA:0,56.0,0.056
LXOrUQmFGB,ConcatV2,/job:localhost/replica:0/task:0/device:MUSA:0,56.0,0.056
0ti4d8Jpg2,MatMul,/job:localhost/replica:0/task:0/device:MUSA:0,56.0,0.056
X9JFdGaQwn,Sub,/job:localhost/replica:0/task:0/device:MUSA:0,55.0,0.055
LW6P2gvX8c,SquaredDifference,/job:localhost/replica:0/task:0/device:MUSA:0,55.0,0.055
gdPw7UOSYA,ConcatV2,/job:localhost/replica:0/task:0/device:MUSA:0,55.0,0.055
AwONuyje7B,Unpack,/job:localhost/replica:0/task:0/device:MUSA:0,54.0,0.054
zDSvWYlpdC,ConcatV2,/job:localhost/replica:0/task:0/device:MUSA:0,53.0,0.053
S8qmMDA9TJ,Select,/job:localhost/replica:0/task:0/device:MUSA:0,53.0,0.053
PZkADLCBGI,MatMul,/job:localhost/replica:0/task:0/device:MUSA:0,52.0,0.052
EZIKhFOz6w,Mean,/job:localhost/replica:0/task:0/device:MUSA:0,51.0,0.051
8y1rQSUWEI,Pow,/job:localhost/replica:0/task:0/device:MUSA:0,51.0,0.051
wefy74xms8,ConcatV2,/job:localhost/replica:0/task:0/device:MUSA:0,51.0,0.051
DTC6q1Feux,Pow,/job:localhost/replica:0/task:0/device:MUSA:0,51.0,0.051
mDTq6SGRbu,Add,/job:localhost/replica:0/task:0/device:MUSA:0,50.0,0.05
WM8LxEJwCp,Unpack,/job:localhost/replica:0/task:0/device:MUSA:0,50.0,0.05
xnEK31hR4A,RealDiv,/job:localhost/replica:0/task:0/device:MUSA:0,50.0,0.05
FYQBDxXfiv,AddV2,/job:localhost/replica:0/task:0/device:MUSA:0,50.0,0.05
2XaKR1Ifm3,Pow,/job:localhost/replica:0/task:0/device:MUSA:0,49.0,0.049
HhvtmEfSya,Mean,/job:localhost/replica:0/task:0/device:MUSA:0,49.0,0.049
DE1a3xgR9q,ConcatV2,/job:localhost/replica:0/task:0/device:MUSA:0,49.0,0.049
favAIqz6lM,Mean,/job:localhost/replica:0/task:0/device:MUSA:0,49.0,0.049
Vr2MFsGNSQ,Mul,/job:localhost/replica:0/task:0/device:MUSA:0,49.0,0.049
ConstantFolding/wh7V1UctN5_const_axis,Pack,/job:localhost/replica:0/task:0/device:MUSA:0,49.0,0.049
nYev1Jw4Er,MatMul,/job:localhost/replica:0/task:0/device:MUSA:0,48.0,0.048
uSDRXCmGb0,Prod,/job:localhost/replica:0/task:0/device:MUSA:0,48.0,0.048
lhM2eCYwxn,RealDiv,/job:localhost/replica:0/task:0/device:MUSA:0,48.0,0.048
oBFxb0I9LK,Mul,/job:localhost/replica:0/task:0/device:MUSA:0,47.0,0.047
3VCPRI2U8g,ConcatV2,/job:localhost/replica:0/task:0/device:MUSA:0,47.0,0.047
ConstantFolding/g8GFnVSD43_const_axis,Pack,/job:localhost/replica:0/task:0/device:MUSA:0,47.0,0.047
vQPsMH0XKO,RealDiv,/job:localhost/replica:0/task:0/device:MUSA:0,46.0,0.046
63AwRcsXva,Add,/job:localhost/replica:0/task:0/device:MUSA:0,46.0,0.046
OzHm0Wr7ub,Pow,/job:localhost/replica:0/task:0/device:MUSA:0,45.0,0.045
6WAwzX21nv,StridedSlice,/job:localhost/replica:0/task:0/device:MUSA:0,45.0,0.045
0zEnlTK8vk,Select,/job:localhost/replica:0/task:0/device:MUSA:0,45.0,0.045
VTBExmMo4c,ConcatV2,/job:localhost/replica:0/task:0/device:MUSA:0,45.0,0.045
gQ2l4SXUfu,ConcatV2,/job:localhost/replica:0/task:0/device:MUSA:0,45.0,0.045
mOfryVCw0t,Mul,/job:localhost/replica:0/task:0/device:MUSA:0,45.0,0.045
bRzeUQpltV,ExpandDims,/job:localhost/replica:0/task:0/device:MUSA:0,45.0,0.045
ch9WBNfqn7,Mean,/job:localhost/replica:0/task:0/device:MUSA:0,45.0,0.045
p2dDWUknNQ,MatMul,/job:localhost/replica:0/task:0/device:MUSA:0,45.0,0.045
5Q3aoANl0W,AddV2,/job:localhost/replica:0/task:0/device:MUSA:0,45.0,0.045
dOw6IFR2p4,Mul,/job:localhost/replica:0/task:0/device:MUSA:0,44.0,0.044
LCxSWect3y,MatMul,/job:localhost/replica:0/task:0/device:MUSA:0,44.0,0.044
3NjgmRIawv,MatMul,/job:localhost/replica:0/task:0/device:MUSA:0,44.0,0.044
NHIeLiKStR,MatMul,/job:localhost/replica:0/task:0/device:MUSA:0,44.0,0.044
HdyGKXhLtQ,Add,/job:localhost/replica:0/task:0/device:MUSA:0,44.0,0.044
6JZKACQoah,Pack,/job:localhost/replica:0/task:0/device:MUSA:0,43.0,0.043
onyBZgHYs0,Mean,/job:localhost/replica:0/task:0/device:MUSA:0,43.0,0.043
0SqodO89ZI,Relu,/job:localhost/replica:0/task:0/device:MUSA:0,43.0,0.043
yOIpLuUY64,Pow,/job:localhost/replica:0/task:0/device:MUSA:0,43.0,0.043
XsZ0NK8tjP,Select,/job:localhost/replica:0/task:0/device:MUSA:0,43.0,0.043
iuPK9vrkON,RealDiv,/job:localhost/replica:0/task:0/device:MUSA:0,43.0,0.043
nLP38rgh4k,Unpack,/job:localhost/replica:0/task:0/device:MUSA:0,43.0,0.043
ukRPXI9nL1,Prod,/job:localhost/replica:0/task:0/device:MUSA:0,43.0,0.043
ZN6SGX0HAx,MatMul,/job:localhost/replica:0/task:0/device:MUSA:0,42.0,0.042
Xi48xtSmsJ,Pow,/job:localhost/replica:0/task:0/device:MUSA:0,42.0,0.042
FZg51Ru9wa,ConcatV2,/job:localhost/replica:0/task:0/device:MUSA:0,42.0,0.042
NQaOuPcDlE,MatMul,/job:localhost/replica:0/task:0/device:MUSA:0,42.0,0.042
K6hJxSlROP,Sum,/job:localhost/replica:0/task:0/device:MUSA:0,41.0,0.041
T6SCDothzB,ConcatV2,/job:localhost/replica:0/task:0/device:MUSA:0,41.0,0.041
qawneSWlJ0,ConcatV2,/job:localhost/replica:0/task:0/device:MUSA:0,41.0,0.041
qHgZJBQxXk,SquaredDifference,/job:localhost/replica:0/task:0/device:MUSA:0,41.0,0.041
Vv4SAThQeD,Unpack,/job:localhost/replica:0/task:0/device:MUSA:0,41.0,0.041
N4aBxKymVq,ConcatV2,/job:localhost/replica:0/task:0/device:MUSA:0,41.0,0.041
6i0BU4hpny,Prod,/job:localhost/replica:0/task:0/device:MUSA:0,41.0,0.041
8AWxONeJrq,MatMul,/job:localhost/replica:0/task:0/device:MUSA:0,41.0,0.041
gQSpqW5JvU,StridedSlice,/job:localhost/replica:0/task:0/device:MUSA:0,41.0,0.041
2UH0Fi4pVK,MatMul,/job:localhost/replica:0/task:0/device:MUSA:0,40.0,0.04
ID4qM9Td8E,Relu,/job:localhost/replica:0/task:0/device:MUSA:0,40.0,0.04
W896VAbIBQ,Prod,/job:localhost/replica:0/task:0/device:MUSA:0,40.0,0.04
SiVjxPAyf0,Relu,/job:localhost/replica:0/task:0/device:MUSA:0,40.0,0.04
Lx4tgl58a2,Sub,/job:localhost/replica:0/task:0/device:MUSA:0,40.0,0.04
0V81Pt2Yfi,Select,/job:localhost/replica:0/task:0/device:MUSA:0,39.0,0.039
7natB3YrAT,Sum,/job:localhost/replica:0/task:0/device:MUSA:0,39.0,0.039
UGNqjchr32,MatMul,/job:localhost/replica:0/task:0/device:MUSA:0,39.0,0.039
pah856W2Il,Unpack,/job:localhost/replica:0/task:0/device:MUSA:0,39.0,0.039
2XR14FywNr,Unpack,/job:localhost/replica:0/task:0/device:MUSA:0,39.0,0.039
dCy0mZigNL,MatMul,/job:localhost/replica:0/task:0/device:MUSA:0,39.0,0.039
rj5BJaxACE,StridedSlice,/job:localhost/replica:0/task:0/device:MUSA:0,39.0,0.039
n7dvZJzHgk,Minimum,/job:localhost/replica:0/task:0/device:MUSA:0,38.0,0.038
7PxsJf6avn,BatchMatMulV2,/job:localhost/replica:0/task:0/device:MUSA:0,38.0,0.038
h7GFP4owUB,RealDiv,/job:localhost/replica:0/task:0/device:MUSA:0,38.0,0.038
bRNMpHejXk,Select,/job:localhost/replica:0/task:0/device:MUSA:0,38.0,0.038
pv8qLUo7au,Add,/job:localhost/replica:0/task:0/device:MUSA:0,38.0,0.038
Vl9EpCqtP7,Tanh,/job:localhost/replica:0/task:0/device:MUSA:0,38.0,0.038
13rUli4zef,ConcatV2,/job:localhost/replica:0/task:0/device:MUSA:0,38.0,0.038
ReqFWImC0o,ConcatV2,/job:localhost/replica:0/task:0/device:MUSA:0,37.0,0.037
tkEMKnecCR,Mul,/job:localhost/replica:0/task:0/device:MUSA:0,37.0,0.037
H4Qrq1i3gy,BatchMatMulV2,/job:localhost/replica:0/task:0/device:MUSA:0,37.0,0.037
APR8KNhamb,Pow,/job:localhost/replica:0/task:0/device:MUSA:0,37.0,0.037
FVrmGZutQW,Pow,/job:localhost/replica:0/task:0/device:MUSA:0,37.0,0.037
38cJi2paAs,Pack,/job:localhost/replica:0/task:0/device:MUSA:0,37.0,0.037
KlhpRsYMBG,Split,/job:localhost/replica:0/task:0/device:MUSA:0,37.0,0.037
9KR1WSAcN5,StridedSlice,/job:localhost/replica:0/task:0/device:MUSA:0,37.0,0.037
2YEO4PFtor,Const,/job:localhost/replica:0/task:0/device:MUSA:0,36.0,0.036
v4aIVHLW3K,StridedSlice,/job:localhost/replica:0/task:0/device:MUSA:0,36.0,0.036
k89jIzy5CF,Select,/job:localhost/replica:0/task:0/device:MUSA:0,36.0,0.036
dOJhZmDNfT,Select,/job:localhost/replica:0/task:0/device:MUSA:0,36.0,0.036
hDeysI5PUA,MatMul,/job:localhost/replica:0/task:0/device:MUSA:0,36.0,0.036
aqv0uP5CIx,MatMul,/job:localhost/replica:0/task:0/device:MUSA:0,36.0,0.036
FoWTfVmA6q,ConcatV2,/job:localhost/replica:0/task:0/device:MUSA:0,36.0,0.036
Dpf12UMwoI,MatMul,/job:localhost/replica:0/task:0/device:MUSA:0,36.0,0.036
fn1H2gv7rl,Pack,/job:localhost/replica:0/task:0/device:MUSA:0,36.0,0.036
hqedu3azoi,Rsqrt,/job:localhost/replica:0/task:0/device:MUSA:0,36.0,0.036
vKDBcV9Pfe,RealDiv,/job:localhost/replica:0/task:0/device:MUSA:0,35.0,0.035
Vrsm5GyBh4,StridedSlice,/job:localhost/replica:0/task:0/device:MUSA:0,35.0,0.035
wfnmD30WGR,Mean,/job:localhost/replica:0/task:0/device:MUSA:0,35.0,0.035
jp9xhum263,StridedSlice,/job:localhost/replica:0/task:0/device:MUSA:0,35.0,0.035
hKzMbZ4k0O,ConcatV2,/job:localhost/replica:0/task:0/device:MUSA:0,35.0,0.035
ygdHJxUSC7,ConcatV2,/job:localhost/replica:0/task:0/device:MUSA:0,35.0,0.035
T5HsgmMQD8,MatMul,/job:localhost/replica:0/task:0/device:MUSA:0,35.0,0.035
aQt95sOlun,BatchMatMulV2,/job:localhost/replica:0/task:0/device:MUSA:0,35.0,0.035
J1YcUwXfL0,BatchMatMulV2,/job:localhost/replica:0/task:0/device:MUSA:0,35.0,0.035
HRKi0LlngY,ConcatV2,/job:localhost/replica:0/task:0/device:MUSA:0,35.0,0.035
4Qv6eXLUiy,SquaredDifference,/job:localhost/replica:0/task:0/device:MUSA:0,35.0,0.035
9K8n2BoGJQ,SquaredDifference,/job:localhost/replica:0/task:0/device:MUSA:0,35.0,0.035
suOlmvAoIq,MatMul,/job:localhost/replica:0/task:0/device:MUSA:0,35.0,0.035
tCPoX1TMz8,MatMul,/job:localhost/replica:0/task:0/device:MUSA:0,35.0,0.035
Y8ZSBiCU40,Sub,/job:localhost/replica:0/task:0/device:MUSA:0,35.0,0.035
zVb2kj5qGB,Pack,/job:localhost/replica:0/task:0/device:MUSA:0,35.0,0.035
ezcHsm081n,StridedSlice,/job:localhost/replica:0/task:0/device:MUSA:0,35.0,0.035
GN627aBhTq,StridedSlice,/job:localhost/replica:0/task:0/device:MUSA:0,34.0,0.034
4tEmh7f3dX,Prod,/job:localhost/replica:0/task:0/device:MUSA:0,34.0,0.034
pb0mvaAkhQ,Tile,/job:localhost/replica:0/task:0/device:MUSA:0,34.0,0.034
FhSOEa4qHR,ConcatV2,/job:localhost/replica:0/task:0/device:MUSA:0,34.0,0.034
S4bAcKgy63,MatMul,/job:localhost/replica:0/task:0/device:MUSA:0,34.0,0.034
OWh6FAuNz7,BatchMatMulV2,/job:localhost/replica:0/task:0/device:MUSA:0,34.0,0.034
H3mYURJ9ih,RealDiv,/job:localhost/replica:0/task:0/device:MUSA:0,34.0,0.034
fEwDI3lrHL,MatMul,/job:localhost/replica:0/task:0/device:MUSA:0,34.0,0.034
oJA9ZFdOSX,MatMul,/job:localhost/replica:0/task:0/device:MUSA:0,34.0,0.034
aCp4PGJ8Bd,Unpack,/job:localhost/replica:0/task:0/device:MUSA:0,34.0,0.034
vop1NRqnxi,Mul,/job:localhost/replica:0/task:0/device:MUSA:0,34.0,0.034
cmWEGyblOZ,MatMul,/job:localhost/replica:0/task:0/device:MUSA:0,34.0,0.034
bmgf1DuWs4,StridedSlice,/job:localhost/replica:0/task:0/device:MUSA:0,34.0,0.034
B7hNuHS1Do,BatchMatMulV2,/job:localhost/replica:0/task:0/device:MUSA:0,34.0,0.034
qcBzeHVkIO,Reshape,/job:localhost/replica:0/task:0/device:MUSA:0,33.0,0.033
yF6IKauQOR,Const,/job:localhost/replica:0/task:0/device:MUSA:0,33.0,0.033
qgjbcKLVUl,Fill,/job:localhost/replica:0/task:0/device:MUSA:0,33.0,0.033
x4TEPelKRB,MatMul,/job:localhost/replica:0/task:0/device:MUSA:0,33.0,0.033
ArithmeticOptimizer/AddOpsRewrite_Leaf_0_vabouensVA,AddV2,/job:localhost/replica:0/task:0/device:MUSA:0,33.0,0.033
vGyZwOkhTo,MatMul,/job:localhost/replica:0/task:0/device:MUSA:0,33.0,0.033
14Ar9TCtHa,ZerosLike,/job:localhost/replica:0/task:0/device:MUSA:0,33.0,0.033
t0RawxcGBL,Pow,/job:localhost/replica:0/task:0/device:MUSA:0,33.0,0.033
Vlb6pY8xd4,MatMul,/job:localhost/replica:0/task:0/device:MUSA:0,33.0,0.033
SfjsxPdv95,MatMul,/job:localhost/replica:0/task:0/device:MUSA:0,33.0,0.033
68o203S7cW,Sum,/job:localhost/replica:0/task:0/device:MUSA:0,33.0,0.033
Mzt8Ecn7sI,AddV2,/job:localhost/replica:0/task:0/device:MUSA:0,33.0,0.033
SBAQwU1Km8,Prod,/job:localhost/replica:0/task:0/device:MUSA:0,33.0,0.033
HhzD6fQUNj,Maximum,/job:localhost/replica:0/task:0/device:MUSA:0,32.0,0.032
qGQ9JAjRT2,ExpandDims,/job:localhost/replica:0/task:0/device:MUSA:0,32.0,0.032
sZcD9YlE26,Slice,/job:localhost/replica:0/task:0/device:MUSA:0,32.0,0.032
pJv5kWOaSF,AddV2,/job:localhost/replica:0/task:0/device:MUSA:0,32.0,0.032
LHwoV39XtW,ConcatV2,/job:localhost/replica:0/task:0/device:MUSA:0,32.0,0.032
5r2P6jO4KH,ZerosLike,/job:localhost/replica:0/task:0/device:MUSA:0,32.0,0.032
0sx2E6HAU7,Mul,/job:localhost/replica:0/task:0/device:MUSA:0,32.0,0.032
zpi1LF4JVw,MatMul,/job:localhost/replica:0/task:0/device:MUSA:0,32.0,0.032
LHwxkdrcz4,SquaredDifference,/job:localhost/replica:0/task:0/device:MUSA:0,32.0,0.032
5crJtGZ64u,Pack,/job:localhost/replica:0/task:0/device:MUSA:0,32.0,0.032
jdVmRKXoJc,MatMul,/job:localhost/replica:0/task:0/device:MUSA:0,32.0,0.032
0TGaOHoWdB,StridedSlice,/job:localhost/replica:0/task:0/device:MUSA:0,32.0,0.032
fQm3Ak620K,Maximum,/job:localhost/replica:0/task:0/device:MUSA:0,31.0,0.031
V25lD7PuYz,Maximum,/job:localhost/replica:0/task:0/device:MUSA:0,31.0,0.031
qOgLMU8nEG,Maximum,/job:localhost/replica:0/task:0/device:MUSA:0,31.0,0.031
68B0eqPgAo,Slice,/job:localhost/replica:0/task:0/device:MUSA:0,31.0,0.031
w8F1VfsCbD,Slice,/job:localhost/replica:0/task:0/device:MUSA:0,31.0,0.031
1LT4ytRiAV,Prod,/job:localhost/replica:0/task:0/device:MUSA:0,31.0,0.031
1SGpHKeyQU,Prod,/job:localhost/replica:0/task:0/device:MUSA:0,31.0,0.031
ScAsyzajVT,StridedSlice,/job:localhost/replica:0/task:0/device:MUSA:0,31.0,0.031
JtLVpSP7vT,Fill,/job:localhost/replica:0/task:0/device:MUSA:0,31.0,0.031
TM98WiXveP,ConcatV2,/job:localhost/replica:0/task:0/device:MUSA:0,31.0,0.031
ko649Xa3nB,ConcatV2,/job:localhost/replica:0/task:0/device:MUSA:0,31.0,0.031
szqXJTnC15,MatMul,/job:localhost/replica:0/task:0/device:MUSA:0,31.0,0.031
l7V8wZh9fb,MatMul,/job:localhost/replica:0/task:0/device:MUSA:0,31.0,0.031
BUjz2gt469,Add,/job:localhost/replica:0/task:0/device:MUSA:0,31.0,0.031
Ht75K0LGwm,MatMul,/job:localhost/replica:0/task:0/device:MUSA:0,31.0,0.031
8gu2SM3wKZ,Prod,/job:localhost/replica:0/task:0/device:MUSA:0,31.0,0.031
Lk9aW5fj6X,Cast,/job:localhost/replica:0/task:0/device:MUSA:0,30.0,0.03
Sitzavhdcs,Pow,/job:localhost/replica:0/task:0/device:MUSA:0,30.0,0.03
oXAUOqd7gh,StridedSlice,/job:localhost/replica:0/task:0/device:MUSA:0,30.0,0.03
DbA1ESZVFg,RealDiv,/job:localhost/replica:0/task:0/device:MUSA:0,30.0,0.03
HwWrBAEYND,StridedSlice,/job:localhost/replica:0/task:0/device:MUSA:0,30.0,0.03
NJW4OZkQB2,Mean,/job:localhost/replica:0/task:0/device:MUSA:0,30.0,0.03
xrLfITnB7M,ConcatV2,/job:localhost/replica:0/task:0/device:MUSA:0,30.0,0.03
CGSBgvdb0Y,Mul,/job:localhost/replica:0/task:0/device:MUSA:0,30.0,0.03
4rY3HUpdSZ,Select,/job:localhost/replica:0/task:0/device:MUSA:0,30.0,0.03
o82uviUElH,Select,/job:localhost/replica:0/task:0/device:MUSA:0,30.0,0.03
pufRwnx2Ch,StridedSlice,/job:localhost/replica:0/task:0/device:MUSA:0,30.0,0.03
RPzmJQBXyu,Pack,/job:localhost/replica:0/task:0/device:MUSA:0,30.0,0.03
05s9SHGoqd,Unpack,/job:localhost/replica:0/task:0/device:MUSA:0,30.0,0.03
CVsnL2Jg6S,Mul,/job:localhost/replica:0/task:0/device:MUSA:0,30.0,0.03
bqARBWM5e9,ConcatV2,/job:localhost/replica:0/task:0/device:MUSA:0,30.0,0.03
KzW5Y3M7qR,Maximum,/job:localhost/replica:0/task:0/device:MUSA:0,29.0,0.029
DGjagIcJW4,NotEqual,/job:localhost/replica:0/task:0/device:MUSA:0,29.0,0.029
r69VG8OIEu,LogicalAnd,/job:localhost/replica:0/task:0/device:MUSA:0,29.0,0.029
FBLGH4WNl5,Sum,/job:localhost/replica:0/task:0/device:MUSA:0,29.0,0.029
QDcKls4hEz,StridedSlice,/job:localhost/replica:0/task:0/device:MUSA:0,29.0,0.029
fAqznxvp1J,Slice,/job:localhost/replica:0/task:0/device:MUSA:0,29.0,0.029
W24AnYbVB3,RealDiv,/job:localhost/replica:0/task:0/device:MUSA:0,29.0,0.029
MuUIYx6y85,Select,/job:localhost/replica:0/task:0/device:MUSA:0,29.0,0.029
G05Dir3qJf,Select,/job:localhost/replica:0/task:0/device:MUSA:0,29.0,0.029
cmwanujCWp,Pow,/job:localhost/replica:0/task:0/device:MUSA:0,29.0,0.029
ny0qEFHtV8,AddV2,/job:localhost/replica:0/task:0/device:MUSA:0,29.0,0.029
OwfgtpiFTd,MatMul,/job:localhost/replica:0/task:0/device:MUSA:0,29.0,0.029
thCYndU5EX,Pow,/job:localhost/replica:0/task:0/device:MUSA:0,29.0,0.029
jPy0IqEO9Y,Prod,/job:localhost/replica:0/task:0/device:MUSA:0,29.0,0.029
3L7SbhEdvU,SplitV,/job:localhost/replica:0/task:0/device:MUSA:0,29.0,0.029
koFigyIVwc,Prod,/job:localhost/replica:0/task:0/device:MUSA:0,29.0,0.029
beIK5nmdqN,Const,/job:localhost/replica:0/task:0/device:MUSA:0,28.0,0.028
F9B4w0lpj3,Const,/job:localhost/replica:0/task:0/device:MUSA:0,28.0,0.028
8ST3PzBqwk,Equal,/job:localhost/replica:0/task:0/device:MUSA:0,28.0,0.028
XVeA630COo,LogicalNot,/job:localhost/replica:0/task:0/device:MUSA:0,28.0,0.028
Va5ts2gNwL,MatMul,/job:localhost/replica:0/task:0/device:MUSA:0,28.0,0.028
Q2xTIjR7vS,MatMul,/job:localhost/replica:0/task:0/device:MUSA:0,28.0,0.028
XJYzPHWmAN,ExpandDims,/job:localhost/replica:0/task:0/device:MUSA:0,28.0,0.028
CvYf6tN02I,Fill,/job:localhost/replica:0/task:0/device:MUSA:0,28.0,0.028
8tH17xJzgG,LogicalNot,/job:localhost/replica:0/task:0/device:MUSA:0,28.0,0.028
LtI1Ey2vpV,Prod,/job:localhost/replica:0/task:0/device:MUSA:0,28.0,0.028
Bn4AbV6JDK,Mul,/job:localhost/replica:0/task:0/device:MUSA:0,28.0,0.028
chW0FoyfRI,AddV2,/job:localhost/replica:0/task:0/device:MUSA:0,28.0,0.028
6i7wy3V5dr,MatMul,/job:localhost/replica:0/task:0/device:MUSA:0,28.0,0.028
iOlLotwcrE,Pack,/job:localhost/replica:0/task:0/device:MUSA:0,28.0,0.028
Gm56Zf7yBJ,GatherV2,/job:localhost/replica:0/task:0/device:MUSA:0,28.0,0.028
zFDnZNP4EK,RealDiv,/job:localhost/replica:0/task:0/device:MUSA:0,28.0,0.028
UZvt1X0HFk,Unpack,/job:localhost/replica:0/task:0/device:MUSA:0,28.0,0.028
oI1vtKlkZb,MatMul,/job:localhost/replica:0/task:0/device:MUSA:0,28.0,0.028
rW5EloFkBp,ConcatV2,/job:localhost/replica:0/task:0/device:MUSA:0,28.0,0.028
tOEiTkb2BP,ConcatV2,/job:localhost/replica:0/task:0/device:MUSA:0,28.0,0.028
Jnxotdywf4,Pack,/job:localhost/replica:0/task:0/device:MUSA:0,28.0,0.028
Tyr6v5UJPW,Rsqrt,/job:localhost/replica:0/task:0/device:MUSA:0,28.0,0.028
R1BeMuFOds,Pow,/job:localhost/replica:0/task:0/device:MUSA:0,28.0,0.028
XKJM0aRUv6,Cast,/job:localhost/replica:0/task:0/device:MUSA:0,27.0,0.027
WE2QjMpRrZ,Add,/job:localhost/replica:0/task:0/device:MUSA:0,27.0,0.027
yrXnCkvJfa,Maximum,/job:localhost/replica:0/task:0/device:MUSA:0,27.0,0.027
VI3M2hFPtR,StridedSlice,/job:localhost/replica:0/task:0/device:MUSA:0,27.0,0.027
pohebDngLU,Fill,/job:localhost/replica:0/task:0/device:MUSA:0,27.0,0.027
htQTIGYykC,Prod,/job:localhost/replica:0/task:0/device:MUSA:0,27.0,0.027
pZ4w1cV25H,Add,/job:localhost/replica:0/task:0/device:MUSA:0,27.0,0.027
JKEz7FWtZy,Select,/job:localhost/replica:0/task:0/device:MUSA:0,27.0,0.027
4crEiKPyLF,MatMul,/job:localhost/replica:0/task:0/device:MUSA:0,27.0,0.027
XJcWHn5rNq,BatchMatMulV2,/job:localhost/replica:0/task:0/device:MUSA:0,27.0,0.027
sJMkXUZ3nB,Mean,/job:localhost/replica:0/task:0/device:MUSA:0,27.0,0.027
7WKybrSNEo,Sub,/job:localhost/replica:0/task:0/device:MUSA:0,27.0,0.027
F0aIAmC4RO,Mul,/job:localhost/replica:0/task:0/device:MUSA:0,27.0,0.027
LdB26t0M8x,Pow,/job:localhost/replica:0/task:0/device:MUSA:0,27.0,0.027
JmEif0Zh1g,MatMul,/job:localhost/replica:0/task:0/device:MUSA:0,27.0,0.027
DE4n5NPUZS,Sub,/job:localhost/replica:0/task:0/device:MUSA:0,27.0,0.027
gAnMCT3fjy,MatMul,/job:localhost/replica:0/task:0/device:MUSA:0,27.0,0.027
qYuxv7dEeC,Cast,/job:localhost/replica:0/task:0/device:MUSA:0,27.0,0.027
lFt41HCZjY,BatchMatMulV2,/job:localhost/replica:0/task:0/device:MUSA:0,27.0,0.027
YEN9Ft6bSL,MatMul,/job:localhost/replica:0/task:0/device:MUSA:0,27.0,0.027
uTzR4Qnp3E,Mul,/job:localhost/replica:0/task:0/device:MUSA:0,27.0,0.027
gOobqlwcQD,StridedSlice,/job:localhost/replica:0/task:0/device:MUSA:0,27.0,0.027
tJ78XLe4fv,StridedSlice,/job:localhost/replica:0/task:0/device:MUSA:0,27.0,0.027
N5XJlVW8Ix,Sub,/job:localhost/replica:0/task:0/device:MUSA:0,26.0,0.026
jfb0lQEYLp,Maximum,/job:localhost/replica:0/task:0/device:MUSA:0,26.0,0.026
sh6njIzCGX,Equal,/job:localhost/replica:0/task:0/device:MUSA:0,26.0,0.026
RQOxc2szSK,Equal,/job:localhost/replica:0/task:0/device:MUSA:0,26.0,0.026
XKRrOwsx7D,StridedSlice,/job:localhost/replica:0/task:0/device:MUSA:0,26.0,0.026
7rI0YCklH5,Pow,/job:localhost/replica:0/task:0/device:MUSA:0,26.0,0.026
AscCpyq5di,Select,/job:localhost/replica:0/task:0/device:MUSA:0,26.0,0.026
lSIMspU3x0,StridedSlice,/job:localhost/replica:0/task:0/device:MUSA:0,26.0,0.026
mOMYwI6Tt4,Mean,/job:localhost/replica:0/task:0/device:MUSA:0,26.0,0.026
eO7iCRTld9,Prod,/job:localhost/replica:0/task:0/device:MUSA:0,26.0,0.026
aik4TmPj1M,NotEqual,/job:localhost/replica:0/task:0/device:MUSA:0,26.0,0.026
M3BPr6EsHD,Prod,/job:localhost/replica:0/task:0/device:MUSA:0,26.0,0.026
x2hrs1KEqT,ConcatV2,/job:localhost/replica:0/task:0/device:MUSA:0,26.0,0.026
UmywWD5RHG,ConcatV2,/job:localhost/replica:0/task:0/device:MUSA:0,26.0,0.026
VQPWb7N5Hk,MatMul,/job:localhost/replica:0/task:0/device:MUSA:0,26.0,0.026
8IVUwxykH4,MatMul,/job:localhost/replica:0/task:0/device:MUSA:0,26.0,0.026
v0Qo2I7bOZ,MatMul,/job:localhost/replica:0/task:0/device:MUSA:0,26.0,0.026
Z34NlPnoWj,MatMul,/job:localhost/replica:0/task:0/device:MUSA:0,26.0,0.026
lmLPMxczB1,AddV2,/job:localhost/replica:0/task:0/device:MUSA:0,26.0,0.026
1WDktQUofH,ConcatV2,/job:localhost/replica:0/task:0/device:MUSA:0,26.0,0.026
9Ra8Q04tNz,ConcatV2,/job:localhost/replica:0/task:0/device:MUSA:0,26.0,0.026
ohKMyvFbgi,SquaredDifference,/job:localhost/replica:0/task:0/device:MUSA:0,26.0,0.026
CJimkZOR24,Pow,/job:localhost/replica:0/task:0/device:MUSA:0,26.0,0.026
P7RlDXCqMH,Prod,/job:localhost/replica:0/task:0/device:MUSA:0,26.0,0.026
0GsNpr9Maj,Softmax,/job:localhost/replica:0/task:0/device:MUSA:0,26.0,0.026
Vn64fDORrM,Unpack,/job:localhost/replica:0/task:0/device:MUSA:0,26.0,0.026
Pvzi1nIteu,MatMul,/job:localhost/replica:0/task:0/device:MUSA:0,26.0,0.026
SprkaP1XVZ,Unpack,/job:localhost/replica:0/task:0/device:MUSA:0,26.0,0.026
KZyprR4Ii7,ConcatV2,/job:localhost/replica:0/task:0/device:MUSA:0,26.0,0.026
IpsqdunK2b,RealDiv,/job:localhost/replica:0/task:0/device:MUSA:0,26.0,0.026
cHnG2aBCA3,MatMul,/job:localhost/replica:0/task:0/device:MUSA:0,26.0,0.026
gAhb7kXRvC,Mean,/job:localhost/replica:0/task:0/device:MUSA:0,26.0,0.026
6GA08w9Pq2,Log,/job:localhost/replica:0/task:0/device:MUSA:0,26.0,0.026
k5ViBtcqAz,Log,/job:localhost/replica:0/task:0/device:MUSA:0,26.0,0.026
1D5FvfdO2e,Relu,/job:localhost/replica:0/task:0/device:MUSA:0,25.0,0.025
Q9c4iIsHgF,Equal,/job:localhost/replica:0/task:0/device:MUSA:0,25.0,0.025
chNzfsp4Wa,Equal,/job:localhost/replica:0/task:0/device:MUSA:0,25.0,0.025
MxeHAZCW6X,StridedSlice,/job:localhost/replica:0/task:0/device:MUSA:0,25.0,0.025
eJaGcUB6gw,Select,/job:localhost/replica:0/task:0/device:MUSA:0,25.0,0.025
D4jEFtQLHC,RealDiv,/job:localhost/replica:0/task:0/device:MUSA:0,25.0,0.025
r6bTezMRZK,StridedSlice,/job:localhost/replica:0/task:0/device:MUSA:0,25.0,0.025
UpNPtoxIrK,Transpose,/job:localhost/replica:0/task:0/device:MUSA:0,25.0,0.025
QeVmBihZkO,ConcatV2,/job:localhost/replica:0/task:0/device:MUSA:0,25.0,0.025
6pnxCS3FJq,MatMul,/job:localhost/replica:0/task:0/device:MUSA:0,25.0,0.025
voxZ2C3Wlu,BatchMatMulV2,/job:localhost/replica:0/task:0/device:MUSA:0,25.0,0.025
YF6lUty1KP,Mean,/job:localhost/replica:0/task:0/device:MUSA:0,25.0,0.025
KnsDVCEvTw,MatMul,/job:localhost/replica:0/task:0/device:MUSA:0,25.0,0.025
PBeqWLuMRr,MatMul,/job:localhost/replica:0/task:0/device:MUSA:0,25.0,0.025
mBlAMQI2ZN,Pack,/job:localhost/replica:0/task:0/device:MUSA:0,25.0,0.025
BMn3gDuLxs,GatherV2,/job:localhost/replica:0/task:0/device:MUSA:0,25.0,0.025
YutkiyAJE6,BatchMatMulV2,/job:localhost/replica:0/task:0/device:MUSA:0,25.0,0.025
dnSWChryz8,Unpack,/job:localhost/replica:0/task:0/device:MUSA:0,25.0,0.025
bEsLk6MXhx,Pack,/job:localhost/replica:0/task:0/device:MUSA:0,25.0,0.025
iloUKV02HA,MatMul,/job:localhost/replica:0/task:0/device:MUSA:0,25.0,0.025
D4FTrdGygK,Split,/job:localhost/replica:0/task:0/device:MUSA:0,25.0,0.025
UdE9MKmTDv,Pow,/job:localhost/replica:0/task:0/device:MUSA:0,25.0,0.025
9MRsPj3DU1,StridedSlice,/job:localhost/replica:0/task:0/device:MUSA:0,25.0,0.025
PVIBOinuts,Reshape,/job:localhost/replica:0/task:0/device:MUSA:0,24.0,0.024
GvgKxAWmHp,Const,/job:localhost/replica:0/task:0/device:MUSA:0,24.0,0.024
1Jf5tZ3Ylx,Reshape,/job:localhost/replica:0/task:0/device:MUSA:0,24.0,0.024
hF1yDUz6g8,Minimum,/job:localhost/replica:0/task:0/device:MUSA:0,24.0,0.024
dpm124oWru,Minimum,/job:localhost/replica:0/task:0/device:MUSA:0,24.0,0.024
h9W54yGwHS,Sign,/job:localhost/replica:0/task:0/device:MUSA:0,24.0,0.024
h9KsXHCl17,Sigmoid,/job:localhost/replica:0/task:0/device:MUSA:0,24.0,0.024
sx5C9UVHXf,Fill,/job:localhost/replica:0/task:0/device:MUSA:0,24.0,0.024
fV76siI2YU,Select,/job:localhost/replica:0/task:0/device:MUSA:0,24.0,0.024
ELTeyrFBgW,Select,/job:localhost/replica:0/task:0/device:MUSA:0,24.0,0.024
TOX0FGR84U,Slice,/job:localhost/replica:0/task:0/device:MUSA:0,24.0,0.024
zEpCfOuMcr,Mul,/job:localhost/replica:0/task:0/device:MUSA:0,24.0,0.024
L2oZknt1uB,Slice,/job:localhost/replica:0/task:0/device:MUSA:0,24.0,0.024
8AduCIELQy,Equal,/job:localhost/replica:0/task:0/device:MUSA:0,24.0,0.024
f2JQj9GE1e,Mean,/job:localhost/replica:0/task:0/device:MUSA:0,24.0,0.024
IF9SJKebnL,Mean,/job:localhost/replica:0/task:0/device:MUSA:0,24.0,0.024
eJyU1D0Wjp,StridedSlice,/job:localhost/replica:0/task:0/device:MUSA:0,24.0,0.024
0PuWY537xz,Prod,/job:localhost/replica:0/task:0/device:MUSA:0,24.0,0.024
NSliJZE68p,Prod,/job:localhost/replica:0/task:0/device:MUSA:0,24.0,0.024
G7jgiY56xR,ConcatV2,/job:localhost/replica:0/task:0/device:MUSA:0,24.0,0.024
sIyhO8aLHr,ConcatV2,/job:localhost/replica:0/task:0/device:MUSA:0,24.0,0.024
zfL4U7ir9F,RealDiv,/job:localhost/replica:0/task:0/device:MUSA:0,24.0,0.024
zf6Olmy7PB,MatMul,/job:localhost/replica:0/task:0/device:MUSA:0,24.0,0.024
mUo4BcJNGw,MatMul,/job:localhost/replica:0/task:0/device:MUSA:0,24.0,0.024
TCkxj3gMoy,Sub,/job:localhost/replica:0/task:0/device:MUSA:0,24.0,0.024
Au3B0mQOTk,MatMul,/job:localhost/replica:0/task:0/device:MUSA:0,24.0,0.024
VDM2qUeOxZ,MatMul,/job:localhost/replica:0/task:0/device:MUSA:0,24.0,0.024
ZzP9yT2B5A,ConcatV2,/job:localhost/replica:0/task:0/device:MUSA:0,24.0,0.024
e3L8qu2KFD,Select,/job:localhost/replica:0/task:0/device:MUSA:0,24.0,0.024
t7qShlo9kj,Pack,/job:localhost/replica:0/task:0/device:MUSA:0,24.0,0.024
AB396TtDZm,Pack,/job:localhost/replica:0/task:0/device:MUSA:0,24.0,0.024
j407FRGKNW,RealDiv,/job:localhost/replica:0/task:0/device:MUSA:0,24.0,0.024
K59x6sZHoQ,RealDiv,/job:localhost/replica:0/task:0/device:MUSA:0,24.0,0.024
vmyrSpJzEe,MatMul,/job:localhost/replica:0/task:0/device:MUSA:0,24.0,0.024
c29t0qjzUm,Unpack,/job:localhost/replica:0/task:0/device:MUSA:0,24.0,0.024
61q2Y8V7En,Pack,/job:localhost/replica:0/task:0/device:MUSA:0,24.0,0.024
hT4vWw02Sf,ConcatV2,/job:localhost/replica:0/task:0/device:MUSA:0,24.0,0.024
jMd9VLJyck,Relu,/job:localhost/replica:0/task:0/device:MUSA:0,24.0,0.024
SCwJ5HUOQL,Mean,/job:localhost/replica:0/task:0/device:MUSA:0,24.0,0.024
D6TXJp7Fca,Prod,/job:localhost/replica:0/task:0/device:MUSA:0,24.0,0.024
sSeZHXA6P9,Cast,/job:localhost/replica:0/task:0/device:MUSA:0,23.0,0.023
AcmtHkXPui,Reshape,/job:localhost/replica:0/task:0/device:MUSA:0,23.0,0.023
ofr8ZKScpn,Reshape,/job:localhost/replica:0/task:0/device:MUSA:0,23.0,0.023
JHcxODVUYR,MatMul,/job:localhost/replica:0/task:0/device:MUSA:0,23.0,0.023
3t9G0C5hcf,Equal,/job:localhost/replica:0/task:0/device:MUSA:0,23.0,0.023
jYN9dUEToB,Fill,/job:localhost/replica:0/task:0/device:MUSA:0,23.0,0.023
k2X1Q5HiYn,Equal,/job:localhost/replica:0/task:0/device:MUSA:0,23.0,0.023
eIOsaq8zwk,NotEqual,/job:localhost/replica:0/task:0/device:MUSA:0,23.0,0.023
Ins3DTkQLF,StridedSlice,/job:localhost/replica:0/task:0/device:MUSA:0,23.0,0.023
aGwr5JPMKW,StridedSlice,/job:localhost/replica:0/task:0/device:MUSA:0,23.0,0.023
LxI1TYvBl7,Select,/job:localhost/replica:0/task:0/device:MUSA:0,23.0,0.023
lPOyk2HcgY,Prod,/job:localhost/replica:0/task:0/device:MUSA:0,23.0,0.023
m7sv9K0OA5,Mean,/job:localhost/replica:0/task:0/device:MUSA:0,23.0,0.023
xjSPKAVX1T,ConcatV2,/job:localhost/replica:0/task:0/device:MUSA:0,23.0,0.023
98dqzrnJiR,SquaredDifference,/job:localhost/replica:0/task:0/device:MUSA:0,23.0,0.023
2TVapNMBug,ConcatV2,/job:localhost/replica:0/task:0/device:MUSA:0,23.0,0.023
3hDjvia9Pk,Mul,/job:localhost/replica:0/task:0/device:MUSA:0,23.0,0.023
awn7HcmGSE,Prod,/job:localhost/replica:0/task:0/device:MUSA:0,23.0,0.023
oX4ZAuFWRv,Pow,/job:localhost/replica:0/task:0/device:MUSA:0,23.0,0.023
0pvQcGr6C1,Relu,/job:localhost/replica:0/task:0/device:MUSA:0,23.0,0.023
E5xn4j0821,Mean,/job:localhost/replica:0/task:0/device:MUSA:0,23.0,0.023
KvnjPTmAh0,Unpack,/job:localhost/replica:0/task:0/device:MUSA:0,23.0,0.023
kQZ7cNgjMp,MatMul,/job:localhost/replica:0/task:0/device:MUSA:0,23.0,0.023
TpJC5oDjgO,MatMul,/job:localhost/replica:0/task:0/device:MUSA:0,23.0,0.023
1qXClGKuYz,MatMul,/job:localhost/replica:0/task:0/device:MUSA:0,23.0,0.023
nahFoQrwNj,MatMul,/job:localhost/replica:0/task:0/device:MUSA:0,23.0,0.023
lvS89rKYJ6,MatMul,/job:localhost/replica:0/task:0/device:MUSA:0,23.0,0.023
M4auvYAQ3n,MatMul,/job:localhost/replica:0/task:0/device:MUSA:0,23.0,0.023
lYAwOfT1IS,StridedSlice,/job:localhost/replica:0/task:0/device:MUSA:0,23.0,0.023
x5NWUa1Xow,Reshape,/job:localhost/replica:0/task:0/device:MUSA:0,22.0,0.022
bCZKVOHTJt,AddV2,/job:localhost/replica:0/task:0/device:MUSA:0,22.0,0.022
NZSDsOnJWQ,Const,/job:localhost/replica:0/task:0/device:MUSA:0,22.0,0.022
VNi7SEG8Bu,Maximum,/job:localhost/replica:0/task:0/device:MUSA:0,22.0,0.022
up5CNocXK3,MatMul,/job:localhost/replica:0/task:0/device:MUSA:0,22.0,0.022
ykjD76lqR0,Add,/job:localhost/replica:0/task:0/device:MUSA:0,22.0,0.022
IaGMZDOkXR,Fill,/job:localhost/replica:0/task:0/device:MUSA:0,22.0,0.022
prWR2fEP4N,Fill,/job:localhost/replica:0/task:0/device:MUSA:0,22.0,0.022
J4cWIbFxT3,StridedSlice,/job:localhost/replica:0/task:0/device:MUSA:0,22.0,0.022
IvbZNcEu5i,LogicalOr,/job:localhost/replica:0/task:0/device:MUSA:0,22.0,0.022
I7bzoZBOmP,Add,/job:localhost/replica:0/task:0/device:MUSA:0,22.0,0.022
bZSJEvipfU,Mul,/job:localhost/replica:0/task:0/device:MUSA:0,22.0,0.022
cwTEnVJ5vZ,Select,/job:localhost/replica:0/task:0/device:MUSA:0,22.0,0.022
putU9X1zCO,Add,/job:localhost/replica:0/task:0/device:MUSA:0,22.0,0.022
ep0K9txs3T,MatMul,/job:localhost/replica:0/task:0/device:MUSA:0,22.0,0.022
xnrSM9Ho4B,LogicalAnd,/job:localhost/replica:0/task:0/device:MUSA:0,22.0,0.022
SPBLdX4ecu,Rsqrt,/job:localhost/replica:0/task:0/device:MUSA:0,22.0,0.022
B82jcXi5V0,Select,/job:localhost/replica:0/task:0/device:MUSA:0,22.0,0.022
cJ2uXhjAp7,RandomUniform,/job:localhost/replica:0/task:0/device:MUSA:0,22.0,0.022
FbfYDhOKd0,Mean,/job:localhost/replica:0/task:0/device:MUSA:0,22.0,0.022
scO5jzprtG,SquaredDifference,/job:localhost/replica:0/task:0/device:MUSA:0,22.0,0.022
1b6qc0knCl,MatMul,/job:localhost/replica:0/task:0/device:MUSA:0,22.0,0.022
ZpHMeTLb17,MatMul,/job:localhost/replica:0/task:0/device:MUSA:0,22.0,0.022
WC1i8FXEpZ,Pack,/job:localhost/replica:0/task:0/device:MUSA:0,22.0,0.022
7zhbmLEgw5,Sum,/job:localhost/replica:0/task:0/device:MUSA:0,22.0,0.022
91jCm40Mpi,Mul,/job:localhost/replica:0/task:0/device:MUSA:0,22.0,0.022
vJ3bwTEW2O,MatMul,/job:localhost/replica:0/task:0/device:MUSA:0,22.0,0.022
8X6eWLIHOx,Pack,/job:localhost/replica:0/task:0/device:MUSA:0,22.0,0.022
iZtg81CYrd,DiagPart,/job:localhost/replica:0/task:0/device:MUSA:0,22.0,0.022
boQtfl4cjU,Mul,/job:localhost/replica:0/task:0/device:MUSA:0,22.0,0.022
XIq2SpdiLY,Pack,/job:localhost/replica:0/task:0/device:MUSA:0,22.0,0.022
u7sbEQtqPC,Unpack,/job:localhost/replica:0/task:0/device:MUSA:0,22.0,0.022
k8zbDajXdN,SquaredDifference,/job:localhost/replica:0/task:0/device:MUSA:0,22.0,0.022
2zbrhIxNW4,Unpack,/job:localhost/replica:0/task:0/device:MUSA:0,22.0,0.022
3ernThUMms,Unpack,/job:localhost/replica:0/task:0/device:MUSA:0,22.0,0.022
HJBSwgcx3G,Pow,/job:localhost/replica:0/task:0/device:MUSA:0,22.0,0.022
dpRlzW4NKE,SquaredDifference,/job:localhost/replica:0/task:0/device:MUSA:0,22.0,0.022
KTkGASF57Z,Neg,/job:localhost/replica:0/task:0/device:MUSA:0,22.0,0.022
j9oV5tFBh0,BatchMatMulV2,/job:localhost/replica:0/task:0/device:MUSA:0,22.0,0.022
nqgiuyYx6L,MatMul,/job:localhost/replica:0/task:0/device:MUSA:0,22.0,0.022
t4C8odQHE5,Pow,/job:localhost/replica:0/task:0/device:MUSA:0,22.0,0.022
jA6d0Ma713,Neg,/job:localhost/replica:0/task:0/device:MUSA:0,22.0,0.022
vliN1zMLXC,RealDiv,/job:localhost/replica:0/task:0/device:MUSA:0,22.0,0.022
WtPZkva1ou,ConcatV2,/job:localhost/replica:0/task:0/device:MUSA:0,22.0,0.022
3w0EqI6UDM,Select,/job:localhost/replica:0/task:0/device:MUSA:0,22.0,0.022
ZLUhnEX65e,Fill,/job:localhost/replica:0/task:0/device:MUSA:0,22.0,0.022
kZAx6fRbHM,Reshape,/job:localhost/replica:0/task:0/device:MUSA:0,21.0,0.021
F3P9ZaryEj,Reshape,/job:localhost/replica:0/task:0/device:MUSA:0,21.0,0.021
E5xRgGHcIC,AddV2,/job:localhost/replica:0/task:0/device:MUSA:0,21.0,0.021
jkeKcf7zox,Reshape,/job:localhost/replica:0/task:0/device:MUSA:0,21.0,0.021
zSFgpUodw5,Maximum,/job:localhost/replica:0/task:0/device:MUSA:0,21.0,0.021
O5jsgw4N6l,Equal,/job:localhost/replica:0/task:0/device:MUSA:0,21.0,0.021
WExZ2PDHjp,LogicalOr,/job:localhost/replica:0/task:0/device:MUSA:0,21.0,0.021
YlaP4B8XcK,Cast,/job:localhost/replica:0/task:0/device:MUSA:0,21.0,0.021
YI7NdW0FEG,Fill,/job:localhost/replica:0/task:0/device:MUSA:0,21.0,0.021
al5XgSnZP1,RealDiv,/job:localhost/replica:0/task:0/device:MUSA:0,21.0,0.021
iyT7wkP2te,StridedSlice,/job:localhost/replica:0/task:0/device:MUSA:0,21.0,0.021
OcVMAlLnjN,Equal,/job:localhost/replica:0/task:0/device:MUSA:0,21.0,0.021
6SxuMWVwFb,Mean,/job:localhost/replica:0/task:0/device:MUSA:0,21.0,0.021
Q7uCcw4jvd,Minimum,/job:localhost/replica:0/task:0/device:MUSA:0,21.0,0.021
GMKNZfChSr,Prod,/job:localhost/replica:0/task:0/device:MUSA:0,21.0,0.021
yhLS5sVkOC,Prod,/job:localhost/replica:0/task:0/device:MUSA:0,21.0,0.021
3lcpU9BRtX,NotEqual,/job:localhost/replica:0/task:0/device:MUSA:0,21.0,0.021
vAKJNqi2Mp,LogicalOr,/job:localhost/replica:0/task:0/device:MUSA:0,21.0,0.021
TDRKCowb9n,Mul,/job:localhost/replica:0/task:0/device:MUSA:0,21.0,0.021
nqHMybheFf,AddV2,/job:localhost/replica:0/task:0/device:MUSA:0,21.0,0.021
GeOv1ILpf7,AddV2,/job:localhost/replica:0/task:0/device:MUSA:0,21.0,0.021
VJLvfH3pCN,Pow,/job:localhost/replica:0/task:0/device:MUSA:0,21.0,0.021
znxvdOfQhU,Select,/job:localhost/replica:0/task:0/device:MUSA:0,21.0,0.021
DOq7bABn13,ConcatV2,/job:localhost/replica:0/task:0/device:MUSA:0,21.0,0.021
tpWGAyCFoJ,ConcatV2,/job:localhost/replica:0/task:0/device:MUSA:0,21.0,0.021
oCzN7cWqXr,MatMul,/job:localhost/replica:0/task:0/device:MUSA:0,21.0,0.021
Dj8ORnAL1M,Mean,/job:localhost/replica:0/task:0/device:MUSA:0,21.0,0.021
UH8XyIW4Pl,Add,/job:localhost/replica:0/task:0/device:MUSA:0,21.0,0.021
xotsCQqvWi,SquaredDifference,/job:localhost/replica:0/task:0/device:MUSA:0,21.0,0.021
ZEVgdpbqKF,Pow,/job:localhost/replica:0/task:0/device:MUSA:0,21.0,0.021
yR5w4YLFqG,Transpose,/job:localhost/replica:0/task:0/device:MUSA:0,21.0,0.021
JXRour0MyE,Transpose,/job:localhost/replica:0/task:0/device:MUSA:0,21.0,0.021
7Aakj2hs3e,MatMul,/job:localhost/replica:0/task:0/device:MUSA:0,21.0,0.021
HseTy0Zgo4,Pack,/job:localhost/replica:0/task:0/device:MUSA:0,21.0,0.021
MbX3KvSgaY,AddV2,/job:localhost/replica:0/task:0/device:MUSA:0,21.0,0.021
km9c2ehzbW,Prod,/job:localhost/replica:0/task:0/device:MUSA:0,21.0,0.021
HYaEJwGdqP,MatMul,/job:localhost/replica:0/task:0/device:MUSA:0,21.0,0.021
FvXVdfgGwN,Pow,/job:localhost/replica:0/task:0/device:MUSA:0,21.0,0.021
Rt5G6wlhvu,MatMul,/job:localhost/replica:0/task:0/device:MUSA:0,21.0,0.021
FxWqvdlwXK,Softmax,/job:localhost/replica:0/task:0/device:MUSA:0,21.0,0.021
BHnFOuTleK,AddV2,/job:localhost/replica:0/task:0/device:MUSA:0,21.0,0.021
lOjoW2dtuH,Mean,/job:localhost/replica:0/task:0/device:MUSA:0,21.0,0.021
p7tuJKxmvy,Pow,/job:localhost/replica:0/task:0/device:MUSA:0,21.0,0.021
psM9KubRjm,Add,/job:localhost/replica:0/task:0/device:MUSA:0,21.0,0.021
Qcf7CODmdl,Sub,/job:localhost/replica:0/task:0/device:MUSA:0,21.0,0.021
m7uA0njGU9,Mul,/job:localhost/replica:0/task:0/device:MUSA:0,21.0,0.021
RoMGDLn3lb,Mul,/job:localhost/replica:0/task:0/device:MUSA:0,21.0,0.021
pwtAKEbvZN,Prod,/job:localhost/replica:0/task:0/device:MUSA:0,21.0,0.021
Lt8rDp73nA,Sign,/job:localhost/replica:0/task:0/device:MUSA:0,20.0,0.02
y9rw7WnObv,Minimum,/job:localhost/replica:0/task:0/device:MUSA:0,20.0,0.02
hzYXWBmLRJ,MatMul,/job:localhost/replica:0/task:0/device:MUSA:0,20.0,0.02
J6DBpqxQ72,StridedSlice,/job:localhost/replica:0/task:0/device:MUSA:0,20.0,0.02
EbNpheTjHQ,Mul,/job:localhost/replica:0/task:0/device:MUSA:0,20.0,0.02
3WfOr6pMPD,Fill,/job:localhost/replica:0/task:0/device:MUSA:0,20.0,0.02
jGHbKZsrkE,Mean,/job:localhost/replica:0/task:0/device:MUSA:0,20.0,0.02
ZFLjUch5Tw,Add,/job:localhost/replica:0/task:0/device:MUSA:0,20.0,0.02
ptL0EPxG5r,Add,/job:localhost/replica:0/task:0/device:MUSA:0,20.0,0.02
3FPQKvZLMp,Mean,/job:localhost/replica:0/task:0/device:MUSA:0,20.0,0.02
aNo4TBrmuS,Mean,/job:localhost/replica:0/task:0/device:MUSA:0,20.0,0.02
pKIG8V2vrO,Select,/job:localhost/replica:0/task:0/device:MUSA:0,20.0,0.02
flpEGuVemr,Mean,/job:localhost/replica:0/task:0/device:MUSA:0,20.0,0.02
0xHaDEOzUs,Prod,/job:localhost/replica:0/task:0/device:MUSA:0,20.0,0.02
QIDb6Hz7Nf,ZerosLike,/job:localhost/replica:0/task:0/device:MUSA:0,20.0,0.02
T4qZS0shcX,ConcatV2,/job:localhost/replica:0/task:0/device:MUSA:0,20.0,0.02
vHUCB3kgA1,ConcatV2,/job:localhost/replica:0/task:0/device:MUSA:0,20.0,0.02
Oz0slLYjaG,AddV2,/job:localhost/replica:0/task:0/device:MUSA:0,20.0,0.02
wL72aQAuKl,MatMul,/job:localhost/replica:0/task:0/device:MUSA:0,20.0,0.02
8ElXogYKcS,Relu,/job:localhost/replica:0/task:0/device:MUSA:0,20.0,0.02
DZAfVMOai3,Prod,/job:localhost/replica:0/task:0/device:MUSA:0,20.0,0.02
Z8w3uR9OTL,MatMul,/job:localhost/replica:0/task:0/device:MUSA:0,20.0,0.02
GHs7dvtr3o,Prod,/job:localhost/replica:0/task:0/device:MUSA:0,20.0,0.02
kRh1sGSycC,Pow,/job:localhost/replica:0/task:0/device:MUSA:0,20.0,0.02
7K34k6j1mP,Pow,/job:localhost/replica:0/task:0/device:MUSA:0,20.0,0.02
XmjD0649uE,ConcatV2,/job:localhost/replica:0/task:0/device:MUSA:0,20.0,0.02
IAvSnsh7id,ConcatV2,/job:localhost/replica:0/task:0/device:MUSA:0,20.0,0.02
m3AK1X70LH,MatMul,/job:localhost/replica:0/task:0/device:MUSA:0,20.0,0.02
tZ4FLB2XcE,Pow,/job:localhost/replica:0/task:0/device:MUSA:0,20.0,0.02
vps5wGPq8Y,MatMul,/job:localhost/replica:0/task:0/device:MUSA:0,20.0,0.02
5SKzFc2axG,MatMul,/job:localhost/replica:0/task:0/device:MUSA:0,20.0,0.02
ej1lBzr08L,Relu,/job:localhost/replica:0/task:0/device:MUSA:0,20.0,0.02
Y2uxwOkygS,Pack,/job:localhost/replica:0/task:0/device:MUSA:0,20.0,0.02
KfyqcrQSF5,Neg,/job:localhost/replica:0/task:0/device:MUSA:0,20.0,0.02
vVawPz3f84,MatMul,/job:localhost/replica:0/task:0/device:MUSA:0,20.0,0.02
ZSUKklXYN7,Sum,/job:localhost/replica:0/task:0/device:MUSA:0,20.0,0.02
KM8b4CnNA2,Rsqrt,/job:localhost/replica:0/task:0/device:MUSA:0,20.0,0.02
5ykSv7m0Kt,Sum,/job:localhost/replica:0/task:0/device:MUSA:0,20.0,0.02
UNsrWIFOD8,MatMul,/job:localhost/replica:0/task:0/device:MUSA:0,20.0,0.02
JtzCSYeRhM,BatchMatMulV2,/job:localhost/replica:0/task:0/device:MUSA:0,20.0,0.02
AaLtm0DXzq,Minimum,/job:localhost/replica:0/task:0/device:MUSA:0,20.0,0.02
nNklscwrU9,Select,/job:localhost/replica:0/task:0/device:MUSA:0,20.0,0.02
ConstantFolding/j0NgHw2Vov_const_axis,Pack,/job:localhost/replica:0/task:0/device:MUSA:0,20.0,0.02
ConstantFolding/bq2OhtAyGI_recip,RealDiv,/job:localhost/replica:0/task:0/device:MUSA:0,19.0,0.019
b2DSXkM7Ct,Const,/job:localhost/replica:0/task:0/device:MUSA:0,19.0,0.019
NGbw8xHcvK,Cast,/job:localhost/replica:0/task:0/device:MUSA:0,19.0,0.019
Y1t38nuehp,LogicalOr,/job:localhost/replica:0/task:0/device:MUSA:0,19.0,0.019
tzw8XUeWmi,Minimum,/job:localhost/replica:0/task:0/device:MUSA:0,19.0,0.019
hqsZNSkTi5,Relu,/job:localhost/replica:0/task:0/device:MUSA:0,19.0,0.019
XhoErm9kHz,MatMul,/job:localhost/replica:0/task:0/device:MUSA:0,19.0,0.019
NLx4HrQCvZ,NotEqual,/job:localhost/replica:0/task:0/device:MUSA:0,19.0,0.019
hPma0YdFvg,Fill,/job:localhost/replica:0/task:0/device:MUSA:0,19.0,0.019
EpRDHgKoFf,NotEqual,/job:localhost/replica:0/task:0/device:MUSA:0,19.0,0.019
jEJBc4e7Rs,StridedSlice,/job:localhost/replica:0/task:0/device:MUSA:0,19.0,0.019
K3dq5MflJW,RealDiv,/job:localhost/replica:0/task:0/device:MUSA:0,19.0,0.019
VTYbQCkmtf,StridedSlice,/job:localhost/replica:0/task:0/device:MUSA:0,19.0,0.019
Spdi4lDU2n,RealDiv,/job:localhost/replica:0/task:0/device:MUSA:0,19.0,0.019
LX4H1AlwmY,Select,/job:localhost/replica:0/task:0/device:MUSA:0,19.0,0.019
dI7lMBH6TE,Mean,/job:localhost/replica:0/task:0/device:MUSA:0,19.0,0.019
5IPsD1wbpH,Select,/job:localhost/replica:0/task:0/device:MUSA:0,19.0,0.019
CMEyKIkiZY,StridedSlice,/job:localhost/replica:0/task:0/device:MUSA:0,19.0,0.019
FWA9GB1IZ3,StridedSlice,/job:localhost/replica:0/task:0/device:MUSA:0,19.0,0.019
eKQujnRl9Z,Mean,/job:localhost/replica:0/task:0/device:MUSA:0,19.0,0.019
8Yh2XP4tVO,MatMul,/job:localhost/replica:0/task:0/device:MUSA:0,19.0,0.019
qQXRjlUSCy,StridedSlice,/job:localhost/replica:0/task:0/device:MUSA:0,19.0,0.019
a8Gc1zpy3r,StridedSlice,/job:localhost/replica:0/task:0/device:MUSA:0,19.0,0.019
UL7EeJ9cTu,MatMul,/job:localhost/replica:0/task:0/device:MUSA:0,19.0,0.019
wegES3N0XA,MatMul,/job:localhost/replica:0/task:0/device:MUSA:0,19.0,0.019
0o7hOwR1rN,Relu,/job:localhost/replica:0/task:0/device:MUSA:0,19.0,0.019
2BzlVRFA9n,MatMul,/job:localhost/replica:0/task:0/device:MUSA:0,19.0,0.019
CqdS3N6hTE,ConcatV2,/job:localhost/replica:0/task:0/device:MUSA:0,19.0,0.019
ncCOF6aYNE,MatMul,/job:localhost/replica:0/task:0/device:MUSA:0,19.0,0.019
wqny1GvfYg,RealDiv,/job:localhost/replica:0/task:0/device:MUSA:0,19.0,0.019
JbX9vdyOFW,ConcatV2,/job:localhost/replica:0/task:0/device:MUSA:0,19.0,0.019
pKRW08S9AY,ConcatV2,/job:localhost/replica:0/task:0/device:MUSA:0,19.0,0.019
Ryj2FQcKsf,Mul,/job:localhost/replica:0/task:0/device:MUSA:0,19.0,0.019
8faIFl1wzA,MatMul,/job:localhost/replica:0/task:0/device:MUSA:0,19.0,0.019
5Q34hWtd8K,Pow,/job:localhost/replica:0/task:0/device:MUSA:0,19.0,0.019
8KUGCoNJf6,MatMul,/job:localhost/replica:0/task:0/device:MUSA:0,19.0,0.019
dlxk3PysLw,MatMul,/job:localhost/replica:0/task:0/device:MUSA:0,19.0,0.019
vUmP3ijnte,SquaredDifference,/job:localhost/replica:0/task:0/device:MUSA:0,19.0,0.019
Y7hZRFf9Po,Prod,/job:localhost/replica:0/task:0/device:MUSA:0,19.0,0.019
5rRfix9e6z,ConcatV2,/job:localhost/replica:0/task:0/device:MUSA:0,19.0,0.019
Pvzn0XNiM2,Sum,/job:localhost/replica:0/task:0/device:MUSA:0,19.0,0.019
qRdklZHMxf,Mul,/job:localhost/replica:0/task:0/device:MUSA:0,19.0,0.019
wpgz9jJ2PD,SquaredDifference,/job:localhost/replica:0/task:0/device:MUSA:0,19.0,0.019
nRCkPtU2AI,Add,/job:localhost/replica:0/task:0/device:MUSA:0,19.0,0.019
e5Sb24WIFN,MatMul,/job:localhost/replica:0/task:0/device:MUSA:0,19.0,0.019
5FgXj6BrRf,Mul,/job:localhost/replica:0/task:0/device:MUSA:0,19.0,0.019
XUjfFOCdqm,MatMul,/job:localhost/replica:0/task:0/device:MUSA:0,19.0,0.019
7frIVx6wm2,RealDiv,/job:localhost/replica:0/task:0/device:MUSA:0,19.0,0.019
LgXM5lEGC1,SquaredDifference,/job:localhost/replica:0/task:0/device:MUSA:0,19.0,0.019
8Ut6G7kA1B,Transpose,/job:localhost/replica:0/task:0/device:MUSA:0,19.0,0.019
ac2inFtSsL,BatchMatMulV2,/job:localhost/replica:0/task:0/device:MUSA:0,19.0,0.019
Sdy5bhQxMK,BatchMatMulV2,/job:localhost/replica:0/task:0/device:MUSA:0,19.0,0.019
r3fhZCONmR,Unpack,/job:localhost/replica:0/task:0/device:MUSA:0,19.0,0.019
WxfTSi49vQ,Add,/job:localhost/replica:0/task:0/device:MUSA:0,19.0,0.019
eFyRwJ3k0G,AddV2,/job:localhost/replica:0/task:0/device:MUSA:0,19.0,0.019
LUDpvfyuj2,MatMul,/job:localhost/replica:0/task:0/device:MUSA:0,19.0,0.019
B4dwy6M5Gs,BatchMatMulV2,/job:localhost/replica:0/task:0/device:MUSA:0,19.0,0.019
Bvx5LNAq1R,Prod,/job:localhost/replica:0/task:0/device:MUSA:0,19.0,0.019
YpP72XHMIb,Minimum,/job:localhost/replica:0/task:0/device:MUSA:0,19.0,0.019
znVrkXU3hM,AddV2,/job:localhost/replica:0/task:0/device:MUSA:0,19.0,0.019
ScoUHI4XN3,Log,/job:localhost/replica:0/task:0/device:MUSA:0,19.0,0.019
tTbrPEcyBq,ConcatV2,/job:localhost/replica:0/task:0/device:MUSA:0,19.0,0.019
wh7V1UctN5,Pack,/job:localhost/replica:0/task:0/device:MUSA:0,19.0,0.019
IX3T8xFA7b,Cast,/job:localhost/replica:0/task:0/device:MUSA:0,18.0,0.018
ZRmSjaO3MH,Reshape,/job:localhost/replica:0/task:0/device:MUSA:0,18.0,0.018
oIVCAB3NrE,Reshape,/job:localhost/replica:0/task:0/device:MUSA:0,18.0,0.018
0Vl72NTgxO,Const,/job:localhost/replica:0/task:0/device:MUSA:0,18.0,0.018
vqVhbZjyHx,StridedSlice,/job:localhost/replica:0/task:0/device:MUSA:0,18.0,0.018
wy1Fx0f8mY,Const,/job:localhost/replica:0/task:0/device:MUSA:0,18.0,0.018
k3oEeU87yn,Cast,/job:localhost/replica:0/task:0/device:MUSA:0,18.0,0.018
SvgFyUdhOk,Pow,/job:localhost/replica:0/task:0/device:MUSA:0,18.0,0.018
ZTrFzsCqwI,ExpandDims,/job:localhost/replica:0/task:0/device:MUSA:0,18.0,0.018
CPHJ8Smq7a,RealDiv,/job:localhost/replica:0/task:0/device:MUSA:0,18.0,0.018
cdzQLHn5B0,StridedSlice,/job:localhost/replica:0/task:0/device:MUSA:0,18.0,0.018
vAkglxN2Yb,Sigmoid,/job:localhost/replica:0/task:0/device:MUSA:0,18.0,0.018
sWXUj031HE,Sigmoid,/job:localhost/replica:0/task:0/device:MUSA:0,18.0,0.018
Wsd0tnmMDv,RealDiv,/job:localhost/replica:0/task:0/device:MUSA:0,18.0,0.018
gSTCpFiKU4,Add,/job:localhost/replica:0/task:0/device:MUSA:0,18.0,0.018
IzComBXFfH,StridedSlice,/job:localhost/replica:0/task:0/device:MUSA:0,18.0,0.018
v9ABGMhSDu,ZerosLike,/job:localhost/replica:0/task:0/device:MUSA:0,18.0,0.018
ugMvZYCsqG,Greater,/job:localhost/replica:0/task:0/device:MUSA:0,18.0,0.018
iWquDO8QAw,Mean,/job:localhost/replica:0/task:0/device:MUSA:0,18.0,0.018
fX92YP1b4h,Pow,/job:localhost/replica:0/task:0/device:MUSA:0,18.0,0.018
bkHP5X4SRT,MatMul,/job:localhost/replica:0/task:0/device:MUSA:0,18.0,0.018
Mo8F02dcPN,Pow,/job:localhost/replica:0/task:0/device:MUSA:0,18.0,0.018
luAL7BpMqk,Prod,/job:localhost/replica:0/task:0/device:MUSA:0,18.0,0.018
bzsRafIEVL,Sub,/job:localhost/replica:0/task:0/device:MUSA:0,18.0,0.018
5VaqlzurHI,Mean,/job:localhost/replica:0/task:0/device:MUSA:0,18.0,0.018
cM6zjAKEfU,Select,/job:localhost/replica:0/task:0/device:MUSA:0,18.0,0.018
QifLWnO240,Select,/job:localhost/replica:0/task:0/device:MUSA:0,18.0,0.018
Vduqk9IfTs,Select,/job:localhost/replica:0/task:0/device:MUSA:0,18.0,0.018
0FCHDQMcNp,ConcatV2,/job:localhost/replica:0/task:0/device:MUSA:0,18.0,0.018
PfmWrCsJxh,ConcatV2,/job:localhost/replica:0/task:0/device:MUSA:0,18.0,0.018
Z3aUEWxiy8,SquaredDifference,/job:localhost/replica:0/task:0/device:MUSA:0,18.0,0.018
DMjeB62raF,Prod,/job:localhost/replica:0/task:0/device:MUSA:0,18.0,0.018
i5z3JMB840,Pow,/job:localhost/replica:0/task:0/device:MUSA:0,18.0,0.018
CSYVhuvz7c,MatMul,/job:localhost/replica:0/task:0/device:MUSA:0,18.0,0.018
wjdR1qzepM,ConcatV2,/job:localhost/replica:0/task:0/device:MUSA:0,18.0,0.018
nAHy7Otz29,Pow,/job:localhost/replica:0/task:0/device:MUSA:0,18.0,0.018
8bx5uK0dhY,Pow,/job:localhost/replica:0/task:0/device:MUSA:0,18.0,0.018
0knx1puayw,Prod,/job:localhost/replica:0/task:0/device:MUSA:0,18.0,0.018
47Gqmb1oMF,RealDiv,/job:localhost/replica:0/task:0/device:MUSA:0,18.0,0.018
2QTr5LsPBc,Relu,/job:localhost/replica:0/task:0/device:MUSA:0,18.0,0.018
1QC7JRN2Vd,Relu,/job:localhost/replica:0/task:0/device:MUSA:0,18.0,0.018
GPjvFEXKpa,ConcatV2,/job:localhost/replica:0/task:0/device:MUSA:0,18.0,0.018
0WcBP8Kk3x,Mul,/job:localhost/replica:0/task:0/device:MUSA:0,18.0,0.018
KQ5idtUZRG,ConcatV2,/job:localhost/replica:0/task:0/device:MUSA:0,18.0,0.018
mBwl6TFjQd,Select,/job:localhost/replica:0/task:0/device:MUSA:0,18.0,0.018
Ndq3lp0YRS,Select,/job:localhost/replica:0/task:0/device:MUSA:0,18.0,0.018
Ymn1bKt9AS,Pack,/job:localhost/replica:0/task:0/device:MUSA:0,18.0,0.018
EGHDT8odze,ConcatV2,/job:localhost/replica:0/task:0/device:MUSA:0,18.0,0.018
DRW638vxKH,Tile,/job:localhost/replica:0/task:0/device:MUSA:0,18.0,0.018
NTpr53SJ2b,ConcatV2,/job:localhost/replica:0/task:0/device:MUSA:0,18.0,0.018
kXnlH51WZQ,BatchMatMulV2,/job:localhost/replica:0/task:0/device:MUSA:0,18.0,0.018
Zr1AB3862l,Unpack,/job:localhost/replica:0/task:0/device:MUSA:0,18.0,0.018
UkaHCtLN6V,Unpack,/job:localhost/replica:0/task:0/device:MUSA:0,18.0,0.018
sv0jH8MZqc,MatMul,/job:localhost/replica:0/task:0/device:MUSA:0,18.0,0.018
xcSpdjNBCF,Unpack,/job:localhost/replica:0/task:0/device:MUSA:0,18.0,0.018
YrHOnD39xy,RealDiv,/job:localhost/replica:0/task:0/device:MUSA:0,18.0,0.018
hUqFXwxegI,SquaredDifference,/job:localhost/replica:0/task:0/device:MUSA:0,18.0,0.018
QqdyIXfAFJ,Pack,/job:localhost/replica:0/task:0/device:MUSA:0,18.0,0.018
kFTtIcgX2Q,Sub,/job:localhost/replica:0/task:0/device:MUSA:0,18.0,0.018
Wu4HGxr1q6,MatMul,/job:localhost/replica:0/task:0/device:MUSA:0,18.0,0.018
QCkPjgYSqO,MatMul,/job:localhost/replica:0/task:0/device:MUSA:0,18.0,0.018
tP2wHEjVgU,MatMul,/job:localhost/replica:0/task:0/device:MUSA:0,18.0,0.018
DiJmEGlKPQ,MatMul,/job:localhost/replica:0/task:0/device:MUSA:0,18.0,0.018
ev7m19Y2pN,MatMul,/job:localhost/replica:0/task:0/device:MUSA:0,18.0,0.018
IpJEMaTR1d,Unpack,/job:localhost/replica:0/task:0/device:MUSA:0,18.0,0.018
xcIp06nKlL,Split,/job:localhost/replica:0/task:0/device:MUSA:0,18.0,0.018
YULbwrqdp5,ConcatV2,/job:localhost/replica:0/task:0/device:MUSA:0,18.0,0.018
hi4gKLkO1e,Log,/job:localhost/replica:0/task:0/device:MUSA:0,18.0,0.018
DLwe5YJvOn,Mean,/job:localhost/replica:0/task:0/device:MUSA:0,18.0,0.018
f1nJMkO946,IsNan,/job:localhost/replica:0/task:0/device:MUSA:0,18.0,0.018
sxkIN0Ywq2,Minimum,/job:localhost/replica:0/task:0/device:MUSA:0,18.0,0.018
e5QjLbscJY,Mul,/job:localhost/replica:0/task:0/device:MUSA:0,18.0,0.018
G8pSeKbOmW,Rsqrt,/job:localhost/replica:0/task:0/device:MUSA:0,18.0,0.018
nQSrjaATzH,AddN,/job:localhost/replica:0/task:0/device:MUSA:0,18.0,0.018
0wv65HG9NV,Tanh,/job:localhost/replica:0/task:0/device:MUSA:0,18.0,0.018
dilmjxwq5n,Rsqrt,/job:localhost/replica:0/task:0/device:MUSA:0,18.0,0.018
MX2UIR3omt,StridedSlice,/job:localhost/replica:0/task:0/device:MUSA:0,18.0,0.018
ConstantFolding/4VJesFASrp_const_axis,Pack,/job:localhost/replica:0/task:0/device:MUSA:0,18.0,0.018
ConstantFolding/RtcvK9WZhO_const_axis,Pack,/job:localhost/replica:0/task:0/device:MUSA:0,18.0,0.018
ConstantFolding/sdNnVyWMbX_const_axis,Pack,/job:localhost/replica:0/task:0/device:MUSA:0,18.0,0.018
GAemXn0aZU,Prod,/job:localhost/replica:0/task:0/device:MUSA:0,18.0,0.018
bpK3Wc0ZqN,GatherV2,/job:localhost/replica:0/task:0/device:MUSA:0,18.0,0.018
DWVyQlCd8o,ZerosLike,/job:localhost/replica:0/task:0/device:MUSA:0,17.0,0.017
biE3I4APpC,Equal,/job:localhost/replica:0/task:0/device:MUSA:0,17.0,0.017
MUrpqw5omV,Reshape,/job:localhost/replica:0/task:0/device:MUSA:0,17.0,0.017
zqS8uageMp,Reshape,/job:localhost/replica:0/task:0/device:MUSA:0,17.0,0.017
fTn5kSIcsv,Reshape,/job:localhost/replica:0/task:0/device:MUSA:0,17.0,0.017
Jj6fOrlGq8,Reshape,/job:localhost/replica:0/task:0/device:MUSA:0,17.0,0.017
NdxCbsW4DI,Const,/job:localhost/replica:0/task:0/device:MUSA:0,17.0,0.017
bUPC1K6R54,Const,/job:localhost/replica:0/task:0/device:MUSA:0,17.0,0.017
hQEFaPdmfD,Reshape,/job:localhost/replica:0/task:0/device:MUSA:0,17.0,0.017
pxM1ELwvku,Const,/job:localhost/replica:0/task:0/device:MUSA:0,17.0,0.017
Jj8Snhemp3,Const,/job:localhost/replica:0/task:0/device:MUSA:0,17.0,0.017
VKICUdjcmk,Reshape,/job:localhost/replica:0/task:0/device:MUSA:0,17.0,0.017
nePotJzBhX,Cast,/job:localhost/replica:0/task:0/device:MUSA:0,17.0,0.017
83iXv0Qsw5,Sub,/job:localhost/replica:0/task:0/device:MUSA:0,17.0,0.017
dSRHnGVBlj,Select,/job:localhost/replica:0/task:0/device:MUSA:0,17.0,0.017
T4EURIHM7B,Pow,/job:localhost/replica:0/task:0/device:MUSA:0,17.0,0.017
m5DeHjbIWw,Slice,/job:localhost/replica:0/task:0/device:MUSA:0,17.0,0.017
5BmQX3N9UI,RealDiv,/job:localhost/replica:0/task:0/device:MUSA:0,17.0,0.017
GWCY4y2kcK,LogicalAnd,/job:localhost/replica:0/task:0/device:MUSA:0,17.0,0.017
t80Dw91ZFa,Equal,/job:localhost/replica:0/task:0/device:MUSA:0,17.0,0.017
c62SwOR8fz,RealDiv,/job:localhost/replica:0/task:0/device:MUSA:0,17.0,0.017
hpJS8V1syZ,Fill,/job:localhost/replica:0/task:0/device:MUSA:0,17.0,0.017
M3I2tOYch0,NotEqual,/job:localhost/replica:0/task:0/device:MUSA:0,17.0,0.017
doYuJRlymx,StridedSlice,/job:localhost/replica:0/task:0/device:MUSA:0,17.0,0.017
DQlCrHmfTR,Mean,/job:localhost/replica:0/task:0/device:MUSA:0,17.0,0.017
QI4N9bJxMH,Fill,/job:localhost/replica:0/task:0/device:MUSA:0,17.0,0.017
IPckmCFbKd,RealDiv,/job:localhost/replica:0/task:0/device:MUSA:0,17.0,0.017
DgbSWyn1aP,Select,/job:localhost/replica:0/task:0/device:MUSA:0,17.0,0.017
8UJPuXA4Cf,ConcatV2,/job:localhost/replica:0/task:0/device:MUSA:0,17.0,0.017
YJFBecnHz1,SquaredDifference,/job:localhost/replica:0/task:0/device:MUSA:0,17.0,0.017
GtW20EhbiV,Sub,/job:localhost/replica:0/task:0/device:MUSA:0,17.0,0.017
EepATxRo7Y,Mean,/job:localhost/replica:0/task:0/device:MUSA:0,17.0,0.017
yfiUhszF1c,RealDiv,/job:localhost/replica:0/task:0/device:MUSA:0,17.0,0.017
3WHoq870dj,MatMul,/job:localhost/replica:0/task:0/device:MUSA:0,17.0,0.017
niRJMDH7Cy,Relu,/job:localhost/replica:0/task:0/device:MUSA:0,17.0,0.017
XMChN6fzZu,Maximum,/job:localhost/replica:0/task:0/device:MUSA:0,17.0,0.017
l08GEQsOFZ,MatMul,/job:localhost/replica:0/task:0/device:MUSA:0,17.0,0.017
cV1ATbJXDN,RealDiv,/job:localhost/replica:0/task:0/device:MUSA:0,17.0,0.017
AHTgitKw16,Sub,/job:localhost/replica:0/task:0/device:MUSA:0,17.0,0.017
TqZpycAaIb,MatMul,/job:localhost/replica:0/task:0/device:MUSA:0,17.0,0.017
rMmZ2aRuhC,StridedSlice,/job:localhost/replica:0/task:0/device:MUSA:0,17.0,0.017
R5qnQ0T3mZ,Pack,/job:localhost/replica:0/task:0/device:MUSA:0,17.0,0.017
2uCink4sf1,Tile,/job:localhost/replica:0/task:0/device:MUSA:0,17.0,0.017
OZYzXaQcDp,MatMul,/job:localhost/replica:0/task:0/device:MUSA:0,17.0,0.017
O2L1p8jlqM,Unpack,/job:localhost/replica:0/task:0/device:MUSA:0,17.0,0.017
ih2lnz3ayu,RealDiv,/job:localhost/replica:0/task:0/device:MUSA:0,17.0,0.017
HSIfXML6g2,Unpack,/job:localhost/replica:0/task:0/device:MUSA:0,17.0,0.017
2nbuSAQVKN,Pow,/job:localhost/replica:0/task:0/device:MUSA:0,17.0,0.017
oBtQrJPn5Y,MatMul,/job:localhost/replica:0/task:0/device:MUSA:0,17.0,0.017
ib8cCTvdRt,Pack,/job:localhost/replica:0/task:0/device:MUSA:0,17.0,0.017
cV8knxAuP9,MatMul,/job:localhost/replica:0/task:0/device:MUSA:0,17.0,0.017
LNeCPqyuXr,Relu,/job:localhost/replica:0/task:0/device:MUSA:0,17.0,0.017
zHw6ixLkAI,Pow,/job:localhost/replica:0/task:0/device:MUSA:0,17.0,0.017
GZUu4N1VgO,MatMul,/job:localhost/replica:0/task:0/device:MUSA:0,17.0,0.017
dCxSE2Rg8c,Pack,/job:localhost/replica:0/task:0/device:MUSA:0,17.0,0.017
iZdhBOSGNW,Mul,/job:localhost/replica:0/task:0/device:MUSA:0,17.0,0.017
QNG5Aelv6E,Pow,/job:localhost/replica:0/task:0/device:MUSA:0,17.0,0.017
kb98WHIC5J,Pow,/job:localhost/replica:0/task:0/device:MUSA:0,17.0,0.017
eJj7mgyYx9,Mul,/job:localhost/replica:0/task:0/device:MUSA:0,17.0,0.017
2QoShBlKUg,RealDiv,/job:localhost/replica:0/task:0/device:MUSA:0,17.0,0.017
F62NqsCMde,MatMul,/job:localhost/replica:0/task:0/device:MUSA:0,17.0,0.017
fsVl98Mxj6,StridedSlice,/job:localhost/replica:0/task:0/device:MUSA:0,17.0,0.017
9sEtpWLyMk,SquaredDifference,/job:localhost/replica:0/task:0/device:MUSA:0,17.0,0.017
J7SEeklWFN,MatMul,/job:localhost/replica:0/task:0/device:MUSA:0,17.0,0.017
kMpcHAtfxC,Sub,/job:localhost/replica:0/task:0/device:MUSA:0,17.0,0.017
dkVcy0UQnA,Prod,/job:localhost/replica:0/task:0/device:MUSA:0,17.0,0.017
HfA8eLUwSP,Pow,/job:localhost/replica:0/task:0/device:MUSA:0,17.0,0.017
4twBIdF0QO,Sub,/job:localhost/replica:0/task:0/device:MUSA:0,17.0,0.017
cCyhOQwq9g,Prod,/job:localhost/replica:0/task:0/device:MUSA:0,17.0,0.017
sDWtae4zTk,Relu,/job:localhost/replica:0/task:0/device:MUSA:0,17.0,0.017
uBxXVTikr8,Select,/job:localhost/replica:0/task:0/device:MUSA:0,17.0,0.017
MCAK5vzuNi,Minimum,/job:localhost/replica:0/task:0/device:MUSA:0,17.0,0.017
E1s8yWwIjZ,IsNan,/job:localhost/replica:0/task:0/device:MUSA:0,17.0,0.017
ZakXpJjQEF,Maximum,/job:localhost/replica:0/task:0/device:MUSA:0,17.0,0.017
SGP0UEienT,Select,/job:localhost/replica:0/task:0/device:MUSA:0,17.0,0.017
VDPjSvn9QH,StridedSlice,/job:localhost/replica:0/task:0/device:MUSA:0,17.0,0.017
7h2j8oCSGX,Prod,/job:localhost/replica:0/task:0/device:MUSA:0,17.0,0.017
s4TUra3Zjo,Reshape,/job:localhost/replica:0/task:0/device:MUSA:0,16.0,0.016
ZgdF1cxMQj,Reshape,/job:localhost/replica:0/task:0/device:MUSA:0,16.0,0.016
l2fwAgNuZt,Reshape,/job:localhost/replica:0/task:0/device:MUSA:0,16.0,0.016
gxT10BQ9Uo,Const,/job:localhost/replica:0/task:0/device:MUSA:0,16.0,0.016
Ug4Dq8Px2L,Const,/job:localhost/replica:0/task:0/device:MUSA:0,16.0,0.016
dzxPwcpN4H,Const,/job:localhost/replica:0/task:0/device:MUSA:0,16.0,0.016
jcO830gEsI,LogicalOr,/job:localhost/replica:0/task:0/device:MUSA:0,16.0,0.016
mZypsRiLJM,Sign,/job:localhost/replica:0/task:0/device:MUSA:0,16.0,0.016
jULHNkZX04,Relu,/job:localhost/replica:0/task:0/device:MUSA:0,16.0,0.016
hFlioAn1gw,MatMul,/job:localhost/replica:0/task:0/device:MUSA:0,16.0,0.016
hEmAYqVrOw,RealDiv,/job:localhost/replica:0/task:0/device:MUSA:0,16.0,0.016
sYV86JNSz9,Fill,/job:localhost/replica:0/task:0/device:MUSA:0,16.0,0.016
Xb53poslV2,AddV2,/job:localhost/replica:0/task:0/device:MUSA:0,16.0,0.016
WYnvm76rxM,Slice,/job:localhost/replica:0/task:0/device:MUSA:0,16.0,0.016
F6BN5nKaQl,Sub,/job:localhost/replica:0/task:0/device:MUSA:0,16.0,0.016
OkhGFaebVA,StridedSlice,/job:localhost/replica:0/task:0/device:MUSA:0,16.0,0.016
avUjrMn65o,Greater,/job:localhost/replica:0/task:0/device:MUSA:0,16.0,0.016
2r4Ouow3t8,LogicalAnd,/job:localhost/replica:0/task:0/device:MUSA:0,16.0,0.016
ZbkCcYytF1,Select,/job:localhost/replica:0/task:0/device:MUSA:0,16.0,0.016
qZEr8mT1Ng,Pow,/job:localhost/replica:0/task:0/device:MUSA:0,16.0,0.016
7pode5kE8b,StridedSlice,/job:localhost/replica:0/task:0/device:MUSA:0,16.0,0.016
RwMW2nEuxN,Prod,/job:localhost/replica:0/task:0/device:MUSA:0,16.0,0.016
JY9yXejq4V,AddV2,/job:localhost/replica:0/task:0/device:MUSA:0,16.0,0.016
qyfsbgXtx3,Add,/job:localhost/replica:0/task:0/device:MUSA:0,16.0,0.016
2izP4otd1s,NotEqual,/job:localhost/replica:0/task:0/device:MUSA:0,16.0,0.016
FGcz5qQ6Md,Maximum,/job:localhost/replica:0/task:0/device:MUSA:0,16.0,0.016
fp2mtGX4ck,StridedSlice,/job:localhost/replica:0/task:0/device:MUSA:0,16.0,0.016
y5tnDlqSGo,Mean,/job:localhost/replica:0/task:0/device:MUSA:0,16.0,0.016
EJCji56MaO,Select,/job:localhost/replica:0/task:0/device:MUSA:0,16.0,0.016
D8JQqK5vwX,Select,/job:localhost/replica:0/task:0/device:MUSA:0,16.0,0.016
WegQ8JhiA7,Select,/job:localhost/replica:0/task:0/device:MUSA:0,16.0,0.016
rSK23Zx7CH,Sum,/job:localhost/replica:0/task:0/device:MUSA:0,16.0,0.016
xWCRO4XKrZ,Sum,/job:localhost/replica:0/task:0/device:MUSA:0,16.0,0.016
gfDZLiH051,Relu,/job:localhost/replica:0/task:0/device:MUSA:0,16.0,0.016
wbZQKETqsJ,Mean,/job:localhost/replica:0/task:0/device:MUSA:0,16.0,0.016
SLkJn4FYCi,Mean,/job:localhost/replica:0/task:0/device:MUSA:0,16.0,0.016
PmCrNQcGiU,Prod,/job:localhost/replica:0/task:0/device:MUSA:0,16.0,0.016
3JnibWPBEN,Sub,/job:localhost/replica:0/task:0/device:MUSA:0,16.0,0.016
oxa4byRes0,Mean,/job:localhost/replica:0/task:0/device:MUSA:0,16.0,0.016
fYDMhOXNu8,MatMul,/job:localhost/replica:0/task:0/device:MUSA:0,16.0,0.016
QMZLHf725V,MatMul,/job:localhost/replica:0/task:0/device:MUSA:0,16.0,0.016
a8nHRpJBqo,Sum,/job:localhost/replica:0/task:0/device:MUSA:0,16.0,0.016
cwuXLKohQR,Prod,/job:localhost/replica:0/task:0/device:MUSA:0,16.0,0.016
Gu5jPNBvIn,RealDiv,/job:localhost/replica:0/task:0/device:MUSA:0,16.0,0.016
a1ArR8nVtx,StridedSlice,/job:localhost/replica:0/task:0/device:MUSA:0,16.0,0.016
U0ciYohIMO,Tile,/job:localhost/replica:0/task:0/device:MUSA:0,16.0,0.016
6wuZnRFoD7,Tile,/job:localhost/replica:0/task:0/device:MUSA:0,16.0,0.016
XzjcrTLu5Q,RealDiv,/job:localhost/replica:0/task:0/device:MUSA:0,16.0,0.016
GuAVYnqzRK,StridedSlice,/job:localhost/replica:0/task:0/device:MUSA:0,16.0,0.016
GQC8IiwBLg,ConcatV2,/job:localhost/replica:0/task:0/device:MUSA:0,16.0,0.016
PDrg85oaHY,ConcatV2,/job:localhost/replica:0/task:0/device:MUSA:0,16.0,0.016
IsRDhKto1i,Select,/job:localhost/replica:0/task:0/device:MUSA:0,16.0,0.016
J9GEX2u4tZ,ConcatV2,/job:localhost/replica:0/task:0/device:MUSA:0,16.0,0.016
dfFhX5yQTP,Transpose,/job:localhost/replica:0/task:0/device:MUSA:0,16.0,0.016
ZKJUBh6g7D,Mul,/job:localhost/replica:0/task:0/device:MUSA:0,16.0,0.016
9gAMKedXa1,RealDiv,/job:localhost/replica:0/task:0/device:MUSA:0,16.0,0.016
QnlmbevkXh,Pow,/job:localhost/replica:0/task:0/device:MUSA:0,16.0,0.016
JEhePF5sfl,Unpack,/job:localhost/replica:0/task:0/device:MUSA:0,16.0,0.016
GQExPvwTqW,MatMul,/job:localhost/replica:0/task:0/device:MUSA:0,16.0,0.016
qAzPgB1XUt,Mul,/job:localhost/replica:0/task:0/device:MUSA:0,16.0,0.016
6iV4twAjaP,Sum,/job:localhost/replica:0/task:0/device:MUSA:0,16.0,0.016
Q9sdNmBG2M,Pow,/job:localhost/replica:0/task:0/device:MUSA:0,16.0,0.016
ArithmeticOptimizer/AddOpsRewrite_I7NQqt2OhB,Add,/job:localhost/replica:0/task:0/device:MUSA:0,16.0,0.016
7twNVMDaSe,SquaredDifference,/job:localhost/replica:0/task:0/device:MUSA:0,16.0,0.016
8UnDJT5AkZ,Softmax,/job:localhost/replica:0/task:0/device:MUSA:0,16.0,0.016
lzCygKUHx9,BatchMatMulV2,/job:localhost/replica:0/task:0/device:MUSA:0,16.0,0.016
9kEaqCR2x4,Prod,/job:localhost/replica:0/task:0/device:MUSA:0,16.0,0.016
9YOaIoCRnt,SquaredDifference,/job:localhost/replica:0/task:0/device:MUSA:0,16.0,0.016
R48hdCZauc,BatchMatMulV2,/job:localhost/replica:0/task:0/device:MUSA:0,16.0,0.016
YmICAJliya,ConcatV2,/job:localhost/replica:0/task:0/device:MUSA:0,16.0,0.016
btwXYgLfG5,Mean,/job:localhost/replica:0/task:0/device:MUSA:0,16.0,0.016
Cb0sHnkm2J,Mean,/job:localhost/replica:0/task:0/device:MUSA:0,16.0,0.016
xuskNETlMh,ConcatV2,/job:localhost/replica:0/task:0/device:MUSA:0,16.0,0.016
mSIicxhuVB,Sub,/job:localhost/replica:0/task:0/device:MUSA:0,16.0,0.016
TVzdQLrDjb,Pow,/job:localhost/replica:0/task:0/device:MUSA:0,16.0,0.016
FHuME79Y6m,Exp,/job:localhost/replica:0/task:0/device:MUSA:0,16.0,0.016
xJ8nWVz3IL,Exp,/job:localhost/replica:0/task:0/device:MUSA:0,16.0,0.016
Ome7D2paZE,Tanh,/job:localhost/replica:0/task:0/device:MUSA:0,16.0,0.016
zWeo1fA2si,Prod,/job:localhost/replica:0/task:0/device:MUSA:0,16.0,0.016
UqkLfQdw5c,Reshape,/job:localhost/replica:0/task:0/device:MUSA:0,15.0,0.015
VBgWm7dwS6,Reshape,/job:localhost/replica:0/task:0/device:MUSA:0,15.0,0.015
icFtI8sgLj,Pow,/job:localhost/replica:0/task:0/device:MUSA:0,15.0,0.015
tXAgP4chE1,Reshape,/job:localhost/replica:0/task:0/device:MUSA:0,15.0,0.015
rhYdGRWE7q,Reshape,/job:localhost/replica:0/task:0/device:MUSA:0,15.0,0.015
ho9Fjm6QN5,Minimum,/job:localhost/replica:0/task:0/device:MUSA:0,15.0,0.015
RctBKb2vLM,Relu,/job:localhost/replica:0/task:0/device:MUSA:0,15.0,0.015
Yr3JmG1R2h,RealDiv,/job:localhost/replica:0/task:0/device:MUSA:0,15.0,0.015
UbxlCY3uz2,Minimum,/job:localhost/replica:0/task:0/device:MUSA:0,15.0,0.015
4cjQvAWbV1,Greater,/job:localhost/replica:0/task:0/device:MUSA:0,15.0,0.015
WgV5q3sMQd,ExpandDims,/job:localhost/replica:0/task:0/device:MUSA:0,15.0,0.015
6retb4nX8O,Tile,/job:localhost/replica:0/task:0/device:MUSA:0,15.0,0.015
YGHxVgIv79,Pow,/job:localhost/replica:0/task:0/device:MUSA:0,15.0,0.015
fbWmMZP2QK,LogicalAnd,/job:localhost/replica:0/task:0/device:MUSA:0,15.0,0.015
1ecSbw0LK9,LogicalOr,/job:localhost/replica:0/task:0/device:MUSA:0,15.0,0.015
C7WgQXZJG1,Select,/job:localhost/replica:0/task:0/device:MUSA:0,15.0,0.015
AfUcJhitVd,Add,/job:localhost/replica:0/task:0/device:MUSA:0,15.0,0.015
0IiBSAEGJb,Fill,/job:localhost/replica:0/task:0/device:MUSA:0,15.0,0.015
YLWORbjNuC,Mean,/job:localhost/replica:0/task:0/device:MUSA:0,15.0,0.015
BrwP0g2NXl,StridedSlice,/job:localhost/replica:0/task:0/device:MUSA:0,15.0,0.015
ezDxF8nqmh,StridedSlice,/job:localhost/replica:0/task:0/device:MUSA:0,15.0,0.015
72mEqYhx0u,Add,/job:localhost/replica:0/task:0/device:MUSA:0,15.0,0.015
x1F7lzva96,StridedSlice,/job:localhost/replica:0/task:0/device:MUSA:0,15.0,0.015
fJUTWQtyNa,Add,/job:localhost/replica:0/task:0/device:MUSA:0,15.0,0.015
pGOLDw17BM,RealDiv,/job:localhost/replica:0/task:0/device:MUSA:0,15.0,0.015
NlZXK1mOQR,ConcatV2,/job:localhost/replica:0/task:0/device:MUSA:0,15.0,0.015
PZ7rGBLKSd,ConcatV2,/job:localhost/replica:0/task:0/device:MUSA:0,15.0,0.015
vZR0VtO8Js,SquaredDifference,/job:localhost/replica:0/task:0/device:MUSA:0,15.0,0.015
SBY7uhIQnm,StridedSlice,/job:localhost/replica:0/task:0/device:MUSA:0,15.0,0.015
uZdPmoyLzq,ConcatV2,/job:localhost/replica:0/task:0/device:MUSA:0,15.0,0.015
WvT7VKNCyB,MatMul,/job:localhost/replica:0/task:0/device:MUSA:0,15.0,0.015
dV9eZwY6mQ,Prod,/job:localhost/replica:0/task:0/device:MUSA:0,15.0,0.015
LDhXKcIMeQ,MatMul,/job:localhost/replica:0/task:0/device:MUSA:0,15.0,0.015
oO1a8LmbMP,Mean,/job:localhost/replica:0/task:0/device:MUSA:0,15.0,0.015
E4PUQqYLCi,Log,/job:localhost/replica:0/task:0/device:MUSA:0,15.0,0.015
QHCd1yYsUc,Sub,/job:localhost/replica:0/task:0/device:MUSA:0,15.0,0.015
MurQGPWTDn,AddV2,/job:localhost/replica:0/task:0/device:MUSA:0,15.0,0.015
urCSj548VO,Prod,/job:localhost/replica:0/task:0/device:MUSA:0,15.0,0.015
A4br78igxc,Pack,/job:localhost/replica:0/task:0/device:MUSA:0,15.0,0.015
pCKTjhk7ow,Relu,/job:localhost/replica:0/task:0/device:MUSA:0,15.0,0.015
bKDImr2wPF,Relu,/job:localhost/replica:0/task:0/device:MUSA:0,15.0,0.015
qXCkRSc3G2,Mul,/job:localhost/replica:0/task:0/device:MUSA:0,15.0,0.015
h5VPFGjKcM,Relu,/job:localhost/replica:0/task:0/device:MUSA:0,15.0,0.015
HWA9e8kGCs,MatMul,/job:localhost/replica:0/task:0/device:MUSA:0,15.0,0.015
XpZ76tAFgm,Sub,/job:localhost/replica:0/task:0/device:MUSA:0,15.0,0.015
myCTLjMakJ,Relu,/job:localhost/replica:0/task:0/device:MUSA:0,15.0,0.015
9mv7xJQ3Yi,AddV2,/job:localhost/replica:0/task:0/device:MUSA:0,15.0,0.015
fr5vMEHm1q,AddV2,/job:localhost/replica:0/task:0/device:MUSA:0,15.0,0.015
t6oNqsF23J,MatMul,/job:localhost/replica:0/task:0/device:MUSA:0,15.0,0.015
ORwMz9ExvA,Reshape,/job:localhost/replica:0/task:0/device:MUSA:0,15.0,0.015
YWTrtDduSp,StridedSlice,/job:localhost/replica:0/task:0/device:MUSA:0,15.0,0.015
P13aZ76ip9,Pack,/job:localhost/replica:0/task:0/device:MUSA:0,15.0,0.015
pM5aTXxrob,StridedSlice,/job:localhost/replica:0/task:0/device:MUSA:0,15.0,0.015
1aVSK4stjf,ConcatV2,/job:localhost/replica:0/task:0/device:MUSA:0,15.0,0.015
Rrjsw3pKUk,Reshape,/job:localhost/replica:0/task:0/device:MUSA:0,15.0,0.015
jSXimvkH0o,ConcatV2,/job:localhost/replica:0/task:0/device:MUSA:0,15.0,0.015
GPVdjkS5Yw,AddV2,/job:localhost/replica:0/task:0/device:MUSA:0,15.0,0.015
53ysgA9urD,Prod,/job:localhost/replica:0/task:0/device:MUSA:0,15.0,0.015
SRBiD0jAZT,Tile,/job:localhost/replica:0/task:0/device:MUSA:0,15.0,0.015
QMR04IjyVW,Select,/job:localhost/replica:0/task:0/device:MUSA:0,15.0,0.015
iaLAPXjM9T,Select,/job:localhost/replica:0/task:0/device:MUSA:0,15.0,0.015
bTCxi9BWS5,Select,/job:localhost/replica:0/task:0/device:MUSA:0,15.0,0.015
FgZTMqj4wI,Mul,/job:localhost/replica:0/task:0/device:MUSA:0,15.0,0.015
GEiQrgoFD6,Softmax,/job:localhost/replica:0/task:0/device:MUSA:0,15.0,0.015
tSGxdw9uDO,BatchMatMulV2,/job:localhost/replica:0/task:0/device:MUSA:0,15.0,0.015
oVT7C1N48a,Pow,/job:localhost/replica:0/task:0/device:MUSA:0,15.0,0.015
ZFOjtpAs2P,Unpack,/job:localhost/replica:0/task:0/device:MUSA:0,15.0,0.015
nfrNwyFDRV,Pow,/job:localhost/replica:0/task:0/device:MUSA:0,15.0,0.015
gGblh3iODc,MatMul,/job:localhost/replica:0/task:0/device:MUSA:0,15.0,0.015
ytTo83I7pj,RealDiv,/job:localhost/replica:0/task:0/device:MUSA:0,15.0,0.015
fdO1JkHnUC,Sum,/job:localhost/replica:0/task:0/device:MUSA:0,15.0,0.015
M0Ozc634Qs,Prod,/job:localhost/replica:0/task:0/device:MUSA:0,15.0,0.015
3wMJsVYr76,Transpose,/job:localhost/replica:0/task:0/device:MUSA:0,15.0,0.015
oAXCuqSByc,Unpack,/job:localhost/replica:0/task:0/device:MUSA:0,15.0,0.015
biwSPyCeju,MatMul,/job:localhost/replica:0/task:0/device:MUSA:0,15.0,0.015
qWjNk8SOFC,Pack,/job:localhost/replica:0/task:0/device:MUSA:0,15.0,0.015
lzFV7IaZwm,MatMul,/job:localhost/replica:0/task:0/device:MUSA:0,15.0,0.015
qY9bG3oV0u,RealDiv,/job:localhost/replica:0/task:0/device:MUSA:0,15.0,0.015
2hy94kGrZl,AddV2,/job:localhost/replica:0/task:0/device:MUSA:0,15.0,0.015
BdvSq36io8,MatMul,/job:localhost/replica:0/task:0/device:MUSA:0,15.0,0.015
EyzVbjwvGY,MatMul,/job:localhost/replica:0/task:0/device:MUSA:0,15.0,0.015
LTNlEuCSHe,Pow,/job:localhost/replica:0/task:0/device:MUSA:0,15.0,0.015
ysZ72qkfRm,SquaredDifference,/job:localhost/replica:0/task:0/device:MUSA:0,15.0,0.015
s0ifPEw4uQ,Pow,/job:localhost/replica:0/task:0/device:MUSA:0,15.0,0.015
hjzqGIKmup,RealDiv,/job:localhost/replica:0/task:0/device:MUSA:0,15.0,0.015
vbf1mYJn0K,MatMul,/job:localhost/replica:0/task:0/device:MUSA:0,15.0,0.015
t73eUuOaKT,Prod,/job:localhost/replica:0/task:0/device:MUSA:0,15.0,0.015
TXzQbAjV8a,Prod,/job:localhost/replica:0/task:0/device:MUSA:0,15.0,0.015
0EJFKQ5ARs,Rsqrt,/job:localhost/replica:0/task:0/device:MUSA:0,15.0,0.015
x2PmwGTvDb,Add,/job:localhost/replica:0/task:0/device:MUSA:0,15.0,0.015
4r9KvhaGD3,Pow,/job:localhost/replica:0/task:0/device:MUSA:0,15.0,0.015
382xbEBqPn,Add,/job:localhost/replica:0/task:0/device:MUSA:0,15.0,0.015
vMWl3euDyi,AddV2,/job:localhost/replica:0/task:0/device:MUSA:0,15.0,0.015
ConstantFolding/wzCVWElAxo_const_axis,Pack,/job:localhost/replica:0/task:0/device:MUSA:0,15.0,0.015
Ga1wEjTCeh,ConcatV2,/job:localhost/replica:0/task:0/device:MUSA:0,15.0,0.015
OxgA61Evy9,ConcatV2,/job:localhost/replica:0/task:0/device:MUSA:0,15.0,0.015
ConstantFolding/vQPsMH0XKO_recip,RealDiv,/job:localhost/replica:0/task:0/device:MUSA:0,14.0,0.014
vbuy31x95s,RealDiv,/job:localhost/replica:0/task:0/device:MUSA:0,14.0,0.014
mi7sytakd6,Reshape,/job:localhost/replica:0/task:0/device:MUSA:0,14.0,0.014
D8ZuvfG4yc,Const,/job:localhost/replica:0/task:0/device:MUSA:0,14.0,0.014
AcneLvVFx7,Const,/job:localhost/replica:0/task:0/device:MUSA:0,14.0,0.014
f9A7WYlZtT,Const,/job:localhost/replica:0/task:0/device:MUSA:0,14.0,0.014
XtMWCcgTOh,Equal,/job:localhost/replica:0/task:0/device:MUSA:0,14.0,0.014
dN421GuDS3,Equal,/job:localhost/replica:0/task:0/device:MUSA:0,14.0,0.014
wKCPi2n6eE,NotEqual,/job:localhost/replica:0/task:0/device:MUSA:0,14.0,0.014
wcf9s8Z1hF,Add,/job:localhost/replica:0/task:0/device:MUSA:0,14.0,0.014
MiEks4fZdJ,Slice,/job:localhost/replica:0/task:0/device:MUSA:0,14.0,0.014
VTsuzqPNtC,Add,/job:localhost/replica:0/task:0/device:MUSA:0,14.0,0.014
j32uWym1wQ,NotEqual,/job:localhost/replica:0/task:0/device:MUSA:0,14.0,0.014
MPRj39G5ur,Select,/job:localhost/replica:0/task:0/device:MUSA:0,14.0,0.014
WCaATLefMl,NotEqual,/job:localhost/replica:0/task:0/device:MUSA:0,14.0,0.014
UaGqDQkpOb,RealDiv,/job:localhost/replica:0/task:0/device:MUSA:0,14.0,0.014
C3oAZ0hk5l,StridedSlice,/job:localhost/replica:0/task:0/device:MUSA:0,14.0,0.014
RtJahEfKHg,StridedSlice,/job:localhost/replica:0/task:0/device:MUSA:0,14.0,0.014
8KNpCnbvyH,StridedSlice,/job:localhost/replica:0/task:0/device:MUSA:0,14.0,0.014
QIS6oFfxT4,RealDiv,/job:localhost/replica:0/task:0/device:MUSA:0,14.0,0.014
UyehMWnxA0,Log,/job:localhost/replica:0/task:0/device:MUSA:0,14.0,0.014
mWFdo6ZUDA,StridedSlice,/job:localhost/replica:0/task:0/device:MUSA:0,14.0,0.014
2YNwRaDjS4,RealDiv,/job:localhost/replica:0/task:0/device:MUSA:0,14.0,0.014
nIbYwAOGd0,Mean,/job:localhost/replica:0/task:0/device:MUSA:0,14.0,0.014
OMeyX5bIST,Maximum,/job:localhost/replica:0/task:0/device:MUSA:0,14.0,0.014
cDz7NOYtFk,Mean,/job:localhost/replica:0/task:0/device:MUSA:0,14.0,0.014
8uI7R092GF,Fill,/job:localhost/replica:0/task:0/device:MUSA:0,14.0,0.014
fTAoMI7ird,Select,/job:localhost/replica:0/task:0/device:MUSA:0,14.0,0.014
WPrpqiMkZV,Prod,/job:localhost/replica:0/task:0/device:MUSA:0,14.0,0.014
M3ZFlN5O0R,MatMul,/job:localhost/replica:0/task:0/device:MUSA:0,14.0,0.014
KJw1sBhcyQ,MatMul,/job:localhost/replica:0/task:0/device:MUSA:0,14.0,0.014
yQmoxWTzvV,ConcatV2,/job:localhost/replica:0/task:0/device:MUSA:0,14.0,0.014
e8c15Nnv7M,Mul,/job:localhost/replica:0/task:0/device:MUSA:0,14.0,0.014
61k8uoc0em,Sum,/job:localhost/replica:0/task:0/device:MUSA:0,14.0,0.014
XcnMuG7dm1,Relu,/job:localhost/replica:0/task:0/device:MUSA:0,14.0,0.014
XRCvLtnkeA,Relu,/job:localhost/replica:0/task:0/device:MUSA:0,14.0,0.014
aNjTWicbr3,Tanh,/job:localhost/replica:0/task:0/device:MUSA:0,14.0,0.014
pECXVd8c4e,MatMul,/job:localhost/replica:0/task:0/device:MUSA:0,14.0,0.014
Cf29dusIp6,RealDiv,/job:localhost/replica:0/task:0/device:MUSA:0,14.0,0.014
auzinFOCrt,Prod,/job:localhost/replica:0/task:0/device:MUSA:0,14.0,0.014
kKET04WLNj,Relu,/job:localhost/replica:0/task:0/device:MUSA:0,14.0,0.014
yewplNS57X,Pow,/job:localhost/replica:0/task:0/device:MUSA:0,14.0,0.014
tHZKMpCGbI,MatMul,/job:localhost/replica:0/task:0/device:MUSA:0,14.0,0.014
d8LbUmtHI0,Relu,/job:localhost/replica:0/task:0/device:MUSA:0,14.0,0.014
GcfTbBXdwo,MatMul,/job:localhost/replica:0/task:0/device:MUSA:0,14.0,0.014
dL80jOTCV1,Add,/job:localhost/replica:0/task:0/device:MUSA:0,14.0,0.014
KbMvamoc9C,SquaredDifference,/job:localhost/replica:0/task:0/device:MUSA:0,14.0,0.014
XtgHlqyYw9,MatMul,/job:localhost/replica:0/task:0/device:MUSA:0,14.0,0.014
fT6Me2qG4I,Pow,/job:localhost/replica:0/task:0/device:MUSA:0,14.0,0.014
y7kS2VjPLD,AddV2,/job:localhost/replica:0/task:0/device:MUSA:0,14.0,0.014
yv3JQYkhnW,Mul,/job:localhost/replica:0/task:0/device:MUSA:0,14.0,0.014
AgvcPtZKNY,StridedSlice,/job:localhost/replica:0/task:0/device:MUSA:0,14.0,0.014
EvFcVyq5nT,Pack,/job:localhost/replica:0/task:0/device:MUSA:0,14.0,0.014
tWmKGnLJZh,Pack,/job:localhost/replica:0/task:0/device:MUSA:0,14.0,0.014
uZxdwOPWIy,Tile,/job:localhost/replica:0/task:0/device:MUSA:0,14.0,0.014
ONq64k9g3B,ConcatV2,/job:localhost/replica:0/task:0/device:MUSA:0,14.0,0.014
z05t4y9ruo,MatMul,/job:localhost/replica:0/task:0/device:MUSA:0,14.0,0.014
SYa5ROCsfv,SquaredDifference,/job:localhost/replica:0/task:0/device:MUSA:0,14.0,0.014
SkO78MC4sr,Pack,/job:localhost/replica:0/task:0/device:MUSA:0,14.0,0.014
USBOqMiehf,Mul,/job:localhost/replica:0/task:0/device:MUSA:0,14.0,0.014
OvTcajV4Pg,Pack,/job:localhost/replica:0/task:0/device:MUSA:0,14.0,0.014
UugcofVsAe,Add,/job:localhost/replica:0/task:0/device:MUSA:0,14.0,0.014
CScy1EPTpv,Relu,/job:localhost/replica:0/task:0/device:MUSA:0,14.0,0.014
ugAqjit9aY,Relu,/job:localhost/replica:0/task:0/device:MUSA:0,14.0,0.014
dqSTaco5FD,Unpack,/job:localhost/replica:0/task:0/device:MUSA:0,14.0,0.014
B8niHRgqVG,Mul,/job:localhost/replica:0/task:0/device:MUSA:0,14.0,0.014
EZ9MBj7SOa,Pack,/job:localhost/replica:0/task:0/device:MUSA:0,14.0,0.014
UCA9iOEeQF,Mean,/job:localhost/replica:0/task:0/device:MUSA:0,14.0,0.014
U5b9Xde8QE,Mul,/job:localhost/replica:0/task:0/device:MUSA:0,14.0,0.014
4KfyDGOot7,Sum,/job:localhost/replica:0/task:0/device:MUSA:0,14.0,0.014
GzVXgqAYC7,Pow,/job:localhost/replica:0/task:0/device:MUSA:0,14.0,0.014
MAqQcHJpb0,Mul,/job:localhost/replica:0/task:0/device:MUSA:0,14.0,0.014
cAZ0NhOmjU,Mul,/job:localhost/replica:0/task:0/device:MUSA:0,14.0,0.014
eS7QFY8X0C,Pack,/job:localhost/replica:0/task:0/device:MUSA:0,14.0,0.014
1eM6N8l4Li,Transpose,/job:localhost/replica:0/task:0/device:MUSA:0,14.0,0.014
apz6gQbSeX,Mul,/job:localhost/replica:0/task:0/device:MUSA:0,14.0,0.014
pHD2TxUkrV,RealDiv,/job:localhost/replica:0/task:0/device:MUSA:0,14.0,0.014
w8BjS7nx3N,Unpack,/job:localhost/replica:0/task:0/device:MUSA:0,14.0,0.014
MRWBpZCImq,Unpack,/job:localhost/replica:0/task:0/device:MUSA:0,14.0,0.014
KayoTW4LJH,Softmax,/job:localhost/replica:0/task:0/device:MUSA:0,14.0,0.014
wpJzRO9dE8,RealDiv,/job:localhost/replica:0/task:0/device:MUSA:0,14.0,0.014
OQmHrg5Uql,Log,/job:localhost/replica:0/task:0/device:MUSA:0,14.0,0.014
GPR6hokuT1,Sub,/job:localhost/replica:0/task:0/device:MUSA:0,14.0,0.014
wtpaWiVDJG,Sub,/job:localhost/replica:0/task:0/device:MUSA:0,14.0,0.014
lJxwPBCqdD,Sigmoid,/job:localhost/replica:0/task:0/device:MUSA:0,14.0,0.014
XF2qiOAwJn,Relu,/job:localhost/replica:0/task:0/device:MUSA:0,14.0,0.014
cj8HMBzGOE,Prod,/job:localhost/replica:0/task:0/device:MUSA:0,14.0,0.014
M8qmpY0R3K,Prod,/job:localhost/replica:0/task:0/device:MUSA:0,14.0,0.014
fOatPF6zBN,Pow,/job:localhost/replica:0/task:0/device:MUSA:0,14.0,0.014
lSVZJEKxuz,Prod,/job:localhost/replica:0/task:0/device:MUSA:0,14.0,0.014
dCpKXEiszV,Prod,/job:localhost/replica:0/task:0/device:MUSA:0,14.0,0.014
uQ8hdS9ani,Select,/job:localhost/replica:0/task:0/device:MUSA:0,14.0,0.014
AmvN26KCVs,Sub,/job:localhost/replica:0/task:0/device:MUSA:0,14.0,0.014
wfg2rOsSzy,Rsqrt,/job:localhost/replica:0/task:0/device:MUSA:0,14.0,0.014
XArlcbmDNw,Sub,/job:localhost/replica:0/task:0/device:MUSA:0,14.0,0.014
vhqSz0t7Tu,Sub,/job:localhost/replica:0/task:0/device:MUSA:0,14.0,0.014
otfBsUNZq5,StridedSlice,/job:localhost/replica:0/task:0/device:MUSA:0,14.0,0.014
ek7Y8rO4Cf,Prod,/job:localhost/replica:0/task:0/device:MUSA:0,14.0,0.014
toeGKWXaQd,Equal,/job:localhost/replica:0/task:0/device:CPU:0,13.0,0.013
Mw1NqHZi98,Cast,/job:localhost/replica:0/task:0/device:MUSA:0,13.0,0.013
qEsd1PGKSw,Const,/job:localhost/replica:0/task:0/device:MUSA:0,13.0,0.013
1WmoZ2ap3y,Reshape,/job:localhost/replica:0/task:0/device:MUSA:0,13.0,0.013
oay3uiF8mg,NotEqual,/job:localhost/replica:0/task:0/device:MUSA:0,13.0,0.013
AWa53Jzwvt,Maximum,/job:localhost/replica:0/task:0/device:MUSA:0,13.0,0.013
YsDlwta3J8,Minimum,/job:localhost/replica:0/task:0/device:MUSA:0,13.0,0.013
GU0VB47b39,MatMul,/job:localhost/replica:0/task:0/device:MUSA:0,13.0,0.013
vjXPnBQ1Uz,LogicalAnd,/job:localhost/replica:0/task:0/device:MUSA:0,13.0,0.013
Rnwr9jxshP,MatMul,/job:localhost/replica:0/task:0/device:MUSA:0,13.0,0.013
N8hjGMgYbE,Fill,/job:localhost/replica:0/task:0/device:MUSA:0,13.0,0.013
xl5SOADn6v,LogicalAnd,/job:localhost/replica:0/task:0/device:MUSA:0,13.0,0.013
v3XTFA5nEg,RealDiv,/job:localhost/replica:0/task:0/device:MUSA:0,13.0,0.013
ALwWIxXqgo,Select,/job:localhost/replica:0/task:0/device:MUSA:0,13.0,0.013
OJapCA8s0q,Add,/job:localhost/replica:0/task:0/device:MUSA:0,13.0,0.013
MygFKPphur,NotEqual,/job:localhost/replica:0/task:0/device:MUSA:0,13.0,0.013
sjBS9WQ3NU,Mul,/job:localhost/replica:0/task:0/device:MUSA:0,13.0,0.013
PrM05kxAT7,Tanh,/job:localhost/replica:0/task:0/device:MUSA:0,13.0,0.013
6warYpWN0o,StridedSlice,/job:localhost/replica:0/task:0/device:MUSA:0,13.0,0.013
yQ4XfMZiFD,Fill,/job:localhost/replica:0/task:0/device:MUSA:0,13.0,0.013
9sWj1Zqof0,Select,/job:localhost/replica:0/task:0/device:MUSA:0,13.0,0.013
tSXEUDw9dR,StridedSlice,/job:localhost/replica:0/task:0/device:MUSA:0,13.0,0.013
7xR6BacqdU,StridedSlice,/job:localhost/replica:0/task:0/device:MUSA:0,13.0,0.013
FYPZWaVTnH,Equal,/job:localhost/replica:0/task:0/device:MUSA:0,13.0,0.013
BfgILWq3RE,AddV2,/job:localhost/replica:0/task:0/device:MUSA:0,13.0,0.013
f6WxShlmAk,LogicalAnd,/job:localhost/replica:0/task:0/device:MUSA:0,13.0,0.013
Nszlqu7v2t,Select,/job:localhost/replica:0/task:0/device:MUSA:0,13.0,0.013
zGQuNO4xva,NotEqual,/job:localhost/replica:0/task:0/device:MUSA:0,13.0,0.013
SP5Vye4fzg,Rsqrt,/job:localhost/replica:0/task:0/device:MUSA:0,13.0,0.013
puG3yTeFtJ,AddV2,/job:localhost/replica:0/task:0/device:MUSA:0,13.0,0.013
qpPRX9cnse,Sum,/job:localhost/replica:0/task:0/device:MUSA:0,13.0,0.013
kiMK3BZWm6,ConcatV2,/job:localhost/replica:0/task:0/device:MUSA:0,13.0,0.013
2VEI3SlXj8,ConcatV2,/job:localhost/replica:0/task:0/device:MUSA:0,13.0,0.013
n1EONCKAyx,MatMul,/job:localhost/replica:0/task:0/device:MUSA:0,13.0,0.013
ArithmeticOptimizer/AddOpsRewrite_Internal_0_7CpmGdvZqK,Add,/job:localhost/replica:0/task:0/device:MUSA:0,13.0,0.013
lebCojmTzp,Mul,/job:localhost/replica:0/task:0/device:MUSA:0,13.0,0.013
3RBzVF4fhp,Sub,/job:localhost/replica:0/task:0/device:MUSA:0,13.0,0.013
McV8Sz5PCU,Slice,/job:localhost/replica:0/task:0/device:MUSA:0,13.0,0.013
0Z9OgM65Nw,MatMul,/job:localhost/replica:0/task:0/device:MUSA:0,13.0,0.013
S3H5hEbape,Pow,/job:localhost/replica:0/task:0/device:MUSA:0,13.0,0.013
CO0anZdRc2,RealDiv,/job:localhost/replica:0/task:0/device:MUSA:0,13.0,0.013
IjfF2MV3gX,ConcatV2,/job:localhost/replica:0/task:0/device:MUSA:0,13.0,0.013
kNwTBUuKSv,Relu,/job:localhost/replica:0/task:0/device:MUSA:0,13.0,0.013
vW7CJ14rgH,MatMul,/job:localhost/replica:0/task:0/device:MUSA:0,13.0,0.013
gtxRSZ69VA,StridedSlice,/job:localhost/replica:0/task:0/device:MUSA:0,13.0,0.013
fgOwoHBhdZ,Sum,/job:localhost/replica:0/task:0/device:MUSA:0,13.0,0.013
UcHfA0tW79,MatMul,/job:localhost/replica:0/task:0/device:MUSA:0,13.0,0.013
yMi6ChZK4s,MatMul,/job:localhost/replica:0/task:0/device:MUSA:0,13.0,0.013
xfuOFwq2hH,Maximum,/job:localhost/replica:0/task:0/device:MUSA:0,13.0,0.013
qGRYU6CZ3S,ConcatV2,/job:localhost/replica:0/task:0/device:MUSA:0,13.0,0.013
8EPQR0BHq9,MatMul,/job:localhost/replica:0/task:0/device:MUSA:0,13.0,0.013
NeCcRYudKl,MatMul,/job:localhost/replica:0/task:0/device:MUSA:0,13.0,0.013
VKhFw5qrIs,Mul,/job:localhost/replica:0/task:0/device:MUSA:0,13.0,0.013
nKy7q0zexZ,Pow,/job:localhost/replica:0/task:0/device:MUSA:0,13.0,0.013
Oh5lsCaijE,RealDiv,/job:localhost/replica:0/task:0/device:MUSA:0,13.0,0.013
nklmC8wsDL,MatMul,/job:localhost/replica:0/task:0/device:MUSA:0,13.0,0.013
h9jfcPurZb,MatMul,/job:localhost/replica:0/task:0/device:MUSA:0,13.0,0.013
f6jB5PAHC3,Sum,/job:localhost/replica:0/task:0/device:MUSA:0,13.0,0.013
S9FUA0LENa,Select,/job:localhost/replica:0/task:0/device:MUSA:0,13.0,0.013
Ulz6Ld5jbB,MatMul,/job:localhost/replica:0/task:0/device:MUSA:0,13.0,0.013
T1YAMaHgxc,MatMul,/job:localhost/replica:0/task:0/device:MUSA:0,13.0,0.013
VeOlN1hWi8,Select,/job:localhost/replica:0/task:0/device:MUSA:0,13.0,0.013
fISm3dFu4R,StridedSlice,/job:localhost/replica:0/task:0/device:MUSA:0,13.0,0.013
XZEFK0MgWT,Pack,/job:localhost/replica:0/task:0/device:MUSA:0,13.0,0.013
6aCkHYb7lo,Mul,/job:localhost/replica:0/task:0/device:MUSA:0,13.0,0.013
MmVi8BcWau,Tile,/job:localhost/replica:0/task:0/device:MUSA:0,13.0,0.013
yZQq9ap0cr,Sub,/job:localhost/replica:0/task:0/device:MUSA:0,13.0,0.013
dnQBLRsO7k,AddV2,/job:localhost/replica:0/task:0/device:MUSA:0,13.0,0.013
HJfgSoj8ds,ConcatV2,/job:localhost/replica:0/task:0/device:MUSA:0,13.0,0.013
KiU2jFsmRc,Relu,/job:localhost/replica:0/task:0/device:MUSA:0,13.0,0.013
ArithmeticOptimizer/FoldTransposeIntoMatMul_U17iMzHmGo,BatchMatMulV2,/job:localhost/replica:0/task:0/device:MUSA:0,13.0,0.013
FWqcvOdCVI,AddN,/job:localhost/replica:0/task:0/device:MUSA:0,13.0,0.013
NPvCKAXILT,Sum,/job:localhost/replica:0/task:0/device:MUSA:0,13.0,0.013
wMEPmycBa5,Mul,/job:localhost/replica:0/task:0/device:MUSA:0,13.0,0.013
XJQTuAHt5L,RealDiv,/job:localhost/replica:0/task:0/device:MUSA:0,13.0,0.013
gr0eacZq6k,Mul,/job:localhost/replica:0/task:0/device:MUSA:0,13.0,0.013
jLpOvJQXVs,Prod,/job:localhost/replica:0/task:0/device:MUSA:0,13.0,0.013
H0v3TAwgWV,Pow,/job:localhost/replica:0/task:0/device:MUSA:0,13.0,0.013
QiTajeGXoz,RealDiv,/job:localhost/replica:0/task:0/device:MUSA:0,13.0,0.013
527ishlX1T,Unpack,/job:localhost/replica:0/task:0/device:MUSA:0,13.0,0.013
lsLYHkGr6C,AddV2,/job:localhost/replica:0/task:0/device:MUSA:0,13.0,0.013
wq5gTbJXFd,Mean,/job:localhost/replica:0/task:0/device:MUSA:0,13.0,0.013
EnbpXKjVIC,Prod,/job:localhost/replica:0/task:0/device:MUSA:0,13.0,0.013
PKmuSsrhWT,Pow,/job:localhost/replica:0/task:0/device:MUSA:0,13.0,0.013
PsFw4DAMGr,AddV2,/job:localhost/replica:0/task:0/device:MUSA:0,13.0,0.013
VjiTAIBaHK,Sum,/job:localhost/replica:0/task:0/device:MUSA:0,13.0,0.013
iUjcJv1S7m,ConcatV2,/job:localhost/replica:0/task:0/device:MUSA:0,13.0,0.013
cWywAvh1CB,Prod,/job:localhost/replica:0/task:0/device:MUSA:0,13.0,0.013
BcGPl1DEV5,Prod,/job:localhost/replica:0/task:0/device:MUSA:0,13.0,0.013
3ecjRCOkB5,Pack,/job:localhost/replica:0/task:0/device:MUSA:0,13.0,0.013
u1nIvMErOw,MatMul,/job:localhost/replica:0/task:0/device:MUSA:0,13.0,0.013
wGrDS012iI,Cast,/job:localhost/replica:0/task:0/device:MUSA:0,13.0,0.013
toQEfrg5Fx,Pow,/job:localhost/replica:0/task:0/device:MUSA:0,13.0,0.013
CNrkp7D1mW,Unpack,/job:localhost/replica:0/task:0/device:MUSA:0,13.0,0.013
mkWnNEC8Ql,Mul,/job:localhost/replica:0/task:0/device:MUSA:0,13.0,0.013
z8cdiSrZhw,Transpose,/job:localhost/replica:0/task:0/device:MUSA:0,13.0,0.013
KviGs2mVu9,Unpack,/job:localhost/replica:0/task:0/device:MUSA:0,13.0,0.013
irEkAXYHVR,Sub,/job:localhost/replica:0/task:0/device:MUSA:0,13.0,0.013
vBXnrEdgKG,Sub,/job:localhost/replica:0/task:0/device:MUSA:0,13.0,0.013
ZWpiaOrNIn,MatMul,/job:localhost/replica:0/task:0/device:MUSA:0,13.0,0.013
kMcyIs1JxU,ConcatV2,/job:localhost/replica:0/task:0/device:MUSA:0,13.0,0.013
AFWeO47BIN,StridedSlice,/job:localhost/replica:0/task:0/device:MUSA:0,13.0,0.013
mIjkKASbPT,Prod,/job:localhost/replica:0/task:0/device:MUSA:0,13.0,0.013
dwGxhtQymL,MatMul,/job:localhost/replica:0/task:0/device:MUSA:0,13.0,0.013
gdfrtOaPhS,MatMul,/job:localhost/replica:0/task:0/device:MUSA:0,13.0,0.013
GK5IlN0r4S,Relu,/job:localhost/replica:0/task:0/device:MUSA:0,13.0,0.013
9OmQxLaiVM,MatMul,/job:localhost/replica:0/task:0/device:MUSA:0,13.0,0.013
zZ5wTQAe4n,Fill,/job:localhost/replica:0/task:0/device:MUSA:0,13.0,0.013
7vWCbP2qp0,Select,/job:localhost/replica:0/task:0/device:MUSA:0,13.0,0.013
ioI67m1XAp,Select,/job:localhost/replica:0/task:0/device:MUSA:0,13.0,0.013
5Pk3208gRq,RealDiv,/job:localhost/replica:0/task:0/device:MUSA:0,13.0,0.013
xhATJy9Ue5,Exp,/job:localhost/replica:0/task:0/device:MUSA:0,13.0,0.013
j2G7HZn4gx,Pow,/job:localhost/replica:0/task:0/device:MUSA:0,13.0,0.013
6tg1JQsD9E,RealDiv,/job:localhost/replica:0/task:0/device:MUSA:0,13.0,0.013
Ch7BvlOIXS,AddV2,/job:localhost/replica:0/task:0/device:MUSA:0,13.0,0.013
oKaEbPnlqu,Sub,/job:localhost/replica:0/task:0/device:MUSA:0,13.0,0.013
X25tRIOAzM,Prod,/job:localhost/replica:0/task:0/device:MUSA:0,13.0,0.013
AxLX4MY190,Prod,/job:localhost/replica:0/task:0/device:MUSA:0,13.0,0.013
OEDeUZ5Mqh,Prod,/job:localhost/replica:0/task:0/device:MUSA:0,13.0,0.013
BZGP6SNC54,Cast,/job:localhost/replica:0/task:0/device:MUSA:0,12.0,0.012
e9L6wAyaJt,Cast,/job:localhost/replica:0/task:0/device:MUSA:0,12.0,0.012
Lh4WFZSfXU,Reshape,/job:localhost/replica:0/task:0/device:MUSA:0,12.0,0.012
VSMZfbjp6F,Cast,/job:localhost/replica:0/task:0/device:MUSA:0,12.0,0.012
p5zuiGgyqn,Reshape,/job:localhost/replica:0/task:0/device:MUSA:0,12.0,0.012
YAR4dPQENJ,Add,/job:localhost/replica:0/task:0/device:MUSA:0,12.0,0.012
S6WO8jtGRQ,Reshape,/job:localhost/replica:0/task:0/device:MUSA:0,12.0,0.012
ConstantFolding/5Y3XvdeybA_recip,RealDiv,/job:localhost/replica:0/task:0/device:MUSA:0,12.0,0.012
alQs1r6w57,Reshape,/job:localhost/replica:0/task:0/device:MUSA:0,12.0,0.012
2O7qvrE8zU,Reshape,/job:localhost/replica:0/task:0/device:MUSA:0,12.0,0.012
gwn1IeX9os,Const,/job:localhost/replica:0/task:0/device:MUSA:0,12.0,0.012
gT51vUtor7,Reshape,/job:localhost/replica:0/task:0/device:MUSA:0,12.0,0.012
0dzBDXGrfn,Reshape,/job:localhost/replica:0/task:0/device:MUSA:0,12.0,0.012
ConstantFolding/W24AnYbVB3_recip,RealDiv,/job:localhost/replica:0/task:0/device:MUSA:0,12.0,0.012
BD3mJ8ybiF,Sign,/job:localhost/replica:0/task:0/device:MUSA:0,12.0,0.012
64tjVMQxZz,Reshape,/job:localhost/replica:0/task:0/device:MUSA:0,12.0,0.012
nkXLevRBHt,Add,/job:localhost/replica:0/task:0/device:MUSA:0,12.0,0.012
rCyEjN8wc3,Reshape,/job:localhost/replica:0/task:0/device:MUSA:0,12.0,0.012
pYED5nh8vC,Maximum,/job:localhost/replica:0/task:0/device:MUSA:0,12.0,0.012
vr4A6FJTkZ,Equal,/job:localhost/replica:0/task:0/device:MUSA:0,12.0,0.012
ozwVjksPKX,Minimum,/job:localhost/replica:0/task:0/device:MUSA:0,12.0,0.012
pxqfC16EdZ,LogicalOr,/job:localhost/replica:0/task:0/device:MUSA:0,12.0,0.012
uxIvE0byAW,Minimum,/job:localhost/replica:0/task:0/device:MUSA:0,12.0,0.012
gBIaPU3b2h,LogicalOr,/job:localhost/replica:0/task:0/device:MUSA:0,12.0,0.012
G3y8NdUlQD,MatMul,/job:localhost/replica:0/task:0/device:MUSA:0,12.0,0.012
Tmy51hEzoj,MatMul,/job:localhost/replica:0/task:0/device:MUSA:0,12.0,0.012
K8tu5SwFlR,Add,/job:localhost/replica:0/task:0/device:MUSA:0,12.0,0.012
toiY29KWwB,Relu,/job:localhost/replica:0/task:0/device:MUSA:0,12.0,0.012
5etzX810oA,Sub,/job:localhost/replica:0/task:0/device:MUSA:0,12.0,0.012
z0VNymeQOs,NotEqual,/job:localhost/replica:0/task:0/device:MUSA:0,12.0,0.012
k4p89TYsLb,NotEqual,/job:localhost/replica:0/task:0/device:MUSA:0,12.0,0.012
7QUo9tHBPE,LogicalOr,/job:localhost/replica:0/task:0/device:MUSA:0,12.0,0.012
N6wq0eE4Yk,Log,/job:localhost/replica:0/task:0/device:MUSA:0,12.0,0.012
MvDi6EhcHU,Fill,/job:localhost/replica:0/task:0/device:MUSA:0,12.0,0.012
vmcyT5jQq0,RealDiv,/job:localhost/replica:0/task:0/device:MUSA:0,12.0,0.012
fU0BXmJ4ct,Select,/job:localhost/replica:0/task:0/device:MUSA:0,12.0,0.012
j2tLW8KJIu,StridedSlice,/job:localhost/replica:0/task:0/device:MUSA:0,12.0,0.012
JYXHAFx6jC,Add,/job:localhost/replica:0/task:0/device:MUSA:0,12.0,0.012
N6EmFshgux,StridedSlice,/job:localhost/replica:0/task:0/device:MUSA:0,12.0,0.012
n7TMSBFALY,StridedSlice,/job:localhost/replica:0/task:0/device:MUSA:0,12.0,0.012
DArIkRvxSo,LogicalOr,/job:localhost/replica:0/task:0/device:MUSA:0,12.0,0.012
7CbaXivq2G,RealDiv,/job:localhost/replica:0/task:0/device:MUSA:0,12.0,0.012
RyTHf6B4Vq,NotEqual,/job:localhost/replica:0/task:0/device:MUSA:0,12.0,0.012
SVgPnWQFop,StridedSlice,/job:localhost/replica:0/task:0/device:MUSA:0,12.0,0.012
Xq2Zw0sPV5,StridedSlice,/job:localhost/replica:0/task:0/device:MUSA:0,12.0,0.012
4Hrtw2iBqs,StridedSlice,/job:localhost/replica:0/task:0/device:MUSA:0,12.0,0.012
YmrJUqfuhQ,Fill,/job:localhost/replica:0/task:0/device:MUSA:0,12.0,0.012
A4IM7FePZc,LogicalAnd,/job:localhost/replica:0/task:0/device:MUSA:0,12.0,0.012
3Q5TqfOMaC,Mul,/job:localhost/replica:0/task:0/device:MUSA:0,12.0,0.012
ZmBh1MVTDE,AddV2,/job:localhost/replica:0/task:0/device:MUSA:0,12.0,0.012
1K4Tu0YrFw,RealDiv,/job:localhost/replica:0/task:0/device:MUSA:0,12.0,0.012
lu6Dsmj5Lr,Add,/job:localhost/replica:0/task:0/device:MUSA:0,12.0,0.012
0Xpf3bMi48,Sub,/job:localhost/replica:0/task:0/device:MUSA:0,12.0,0.012
mMZSDaWkfC,Less,/job:localhost/replica:0/task:0/device:MUSA:0,12.0,0.012
ZG6fgHkWLr,ConcatV2,/job:localhost/replica:0/task:0/device:MUSA:0,12.0,0.012
kMV9UJHR2T,AddN,/job:localhost/replica:0/task:0/device:MUSA:0,12.0,0.012
vN8s9KCJre,RealDiv,/job:localhost/replica:0/task:0/device:MUSA:0,12.0,0.012
xe3MSFfXDJ,Prod,/job:localhost/replica:0/task:0/device:MUSA:0,12.0,0.012
JnefqFLthC,SquaredDifference,/job:localhost/replica:0/task:0/device:MUSA:0,12.0,0.012
wfnkFeqYTo,Prod,/job:localhost/replica:0/task:0/device:MUSA:0,12.0,0.012
mbFPIYehcW,MatMul,/job:localhost/replica:0/task:0/device:MUSA:0,12.0,0.012
BYQpRCVscr,Select,/job:localhost/replica:0/task:0/device:MUSA:0,12.0,0.012
I9bBlQnodR,MatMul,/job:localhost/replica:0/task:0/device:MUSA:0,12.0,0.012
R9VWcCn01x,MatMul,/job:localhost/replica:0/task:0/device:MUSA:0,12.0,0.012
qmNO7fTbco,Mul,/job:localhost/replica:0/task:0/device:MUSA:0,12.0,0.012
eRuK4UZPgt,RealDiv,/job:localhost/replica:0/task:0/device:MUSA:0,12.0,0.012
q1XNYnplwg,Add,/job:localhost/replica:0/task:0/device:MUSA:0,12.0,0.012
V1H4qifKMb,RealDiv,/job:localhost/replica:0/task:0/device:MUSA:0,12.0,0.012
dp2DQi8BgC,AddV2,/job:localhost/replica:0/task:0/device:MUSA:0,12.0,0.012
MYWGorEmdf,Sum,/job:localhost/replica:0/task:0/device:MUSA:0,12.0,0.012
5Bsjoq4axp,Sum,/job:localhost/replica:0/task:0/device:MUSA:0,12.0,0.012
zR3eOXnGCr,AddV2,/job:localhost/replica:0/task:0/device:MUSA:0,12.0,0.012
kVF2azferN,ConcatV2,/job:localhost/replica:0/task:0/device:MUSA:0,12.0,0.012
X2iWCBYN1O,MatMul,/job:localhost/replica:0/task:0/device:MUSA:0,12.0,0.012
kiKGS9a13C,MatMul,/job:localhost/replica:0/task:0/device:MUSA:0,12.0,0.012
kylbsISBdx,MatMul,/job:localhost/replica:0/task:0/device:MUSA:0,12.0,0.012
4UEepjL9nh,AddV2,/job:localhost/replica:0/task:0/device:MUSA:0,12.0,0.012
lxtJwISDKH,Minimum,/job:localhost/replica:0/task:0/device:MUSA:0,12.0,0.012
c6URNySld4,Relu,/job:localhost/replica:0/task:0/device:MUSA:0,12.0,0.012
FEPTVougIQ,Maximum,/job:localhost/replica:0/task:0/device:MUSA:0,12.0,0.012
KNLT4VxfRw,Mul,/job:localhost/replica:0/task:0/device:MUSA:0,12.0,0.012
l7oKJ3TZna,Pow,/job:localhost/replica:0/task:0/device:MUSA:0,12.0,0.012
wf9Zbpjlus,Select,/job:localhost/replica:0/task:0/device:MUSA:0,12.0,0.012
uKHJ2AqMhj,Relu,/job:localhost/replica:0/task:0/device:MUSA:0,12.0,0.012
ryXmEjoTBc,MatMul,/job:localhost/replica:0/task:0/device:MUSA:0,12.0,0.012
xmtI05FRg9,MatMul,/job:localhost/replica:0/task:0/device:MUSA:0,12.0,0.012
MLRtbumwPF,ConcatV2,/job:localhost/replica:0/task:0/device:MUSA:0,12.0,0.012
d2BrTZnQCq,MatMul,/job:localhost/replica:0/task:0/device:MUSA:0,12.0,0.012
l1pfgxiWGn,MatMul,/job:localhost/replica:0/task:0/device:MUSA:0,12.0,0.012
HsbYxEnavK,MatMul,/job:localhost/replica:0/task:0/device:MUSA:0,12.0,0.012
HrDkgZbYA5,RealDiv,/job:localhost/replica:0/task:0/device:MUSA:0,12.0,0.012
32awqLdjzx,StridedSlice,/job:localhost/replica:0/task:0/device:MUSA:0,12.0,0.012
7zUFI9Audh,Pack,/job:localhost/replica:0/task:0/device:MUSA:0,12.0,0.012
wJ3skWv7aT,Pack,/job:localhost/replica:0/task:0/device:MUSA:0,12.0,0.012
n753hPcEQz,StridedSlice,/job:localhost/replica:0/task:0/device:MUSA:0,12.0,0.012
GuvRXDlVQ6,AddV2,/job:localhost/replica:0/task:0/device:MUSA:0,12.0,0.012
jWvLFGQ3o9,Tile,/job:localhost/replica:0/task:0/device:MUSA:0,12.0,0.012
tpFwEjvWUC,Pack,/job:localhost/replica:0/task:0/device:MUSA:0,12.0,0.012
59uBnwv4hs,Mul,/job:localhost/replica:0/task:0/device:MUSA:0,12.0,0.012
9NXExfbykR,Add,/job:localhost/replica:0/task:0/device:MUSA:0,12.0,0.012
Fyj8MDBWn0,Pack,/job:localhost/replica:0/task:0/device:MUSA:0,12.0,0.012
ZXEe4QktTp,Pack,/job:localhost/replica:0/task:0/device:MUSA:0,12.0,0.012
oL5cFmWTEv,RealDiv,/job:localhost/replica:0/task:0/device:MUSA:0,12.0,0.012
INJT34EB5p,ConcatV2,/job:localhost/replica:0/task:0/device:MUSA:0,12.0,0.012
Mfisc6YTV0,Add,/job:localhost/replica:0/task:0/device:MUSA:0,12.0,0.012
FX9RbycwDe,Prod,/job:localhost/replica:0/task:0/device:MUSA:0,12.0,0.012
iVjuy2x7JU,MatMul,/job:localhost/replica:0/task:0/device:MUSA:0,12.0,0.012
ArithmeticOptimizer/AddOpsRewrite_Leaf_1_I7NQqt2OhB,Add,/job:localhost/replica:0/task:0/device:MUSA:0,12.0,0.012
mQZ2j9IxSg,Sub,/job:localhost/replica:0/task:0/device:MUSA:0,12.0,0.012
OrYpN8zGEj,MatMul,/job:localhost/replica:0/task:0/device:MUSA:0,12.0,0.012
uefZMtGXPr,Unpack,/job:localhost/replica:0/task:0/device:MUSA:0,12.0,0.012
WEBA1pGPSg,SquaredDifference,/job:localhost/replica:0/task:0/device:MUSA:0,12.0,0.012
JU2Ne41OWh,StridedSlice,/job:localhost/replica:0/task:0/device:MUSA:0,12.0,0.012
mYe8LdC5Nl,Unpack,/job:localhost/replica:0/task:0/device:MUSA:0,12.0,0.012
h6p4X9eBJm,Pow,/job:localhost/replica:0/task:0/device:MUSA:0,12.0,0.012
gbSU4atTNP,MatMul,/job:localhost/replica:0/task:0/device:MUSA:0,12.0,0.012
ayAleCr2fq,MatMul,/job:localhost/replica:0/task:0/device:MUSA:0,12.0,0.012
Ld9yuBpPDU,SquaredDifference,/job:localhost/replica:0/task:0/device:MUSA:0,12.0,0.012
UMAn71HpXf,Unpack,/job:localhost/replica:0/task:0/device:MUSA:0,12.0,0.012
zLNbMUn6t2,Pack,/job:localhost/replica:0/task:0/device:MUSA:0,12.0,0.012
E8JSDHayWv,Transpose,/job:localhost/replica:0/task:0/device:MUSA:0,12.0,0.012
Y3CUqXjM1m,AddV2,/job:localhost/replica:0/task:0/device:MUSA:0,12.0,0.012
aZdMejKn8c,Add,/job:localhost/replica:0/task:0/device:MUSA:0,12.0,0.012
CrTS8sVDiW,Pack,/job:localhost/replica:0/task:0/device:MUSA:0,12.0,0.012
0KSiYe6fgk,RealDiv,/job:localhost/replica:0/task:0/device:MUSA:0,12.0,0.012
LSRt7uhXNb,Unpack,/job:localhost/replica:0/task:0/device:MUSA:0,12.0,0.012
uXPcEhCYM3,Unpack,/job:localhost/replica:0/task:0/device:MUSA:0,12.0,0.012
SLsEjuxNTy,Pow,/job:localhost/replica:0/task:0/device:MUSA:0,12.0,0.012
I9i703DNPL,SquaredDifference,/job:localhost/replica:0/task:0/device:MUSA:0,12.0,0.012
ArithmeticOptimizer/AddOpsRewrite_Internal_0_jr6c8UYsbt,Add,/job:localhost/replica:0/task:0/device:MUSA:0,12.0,0.012
I3dD9GebRN,Mul,/job:localhost/replica:0/task:0/device:MUSA:0,12.0,0.012
w8xYf3Ltdr,Cast,/job:localhost/replica:0/task:0/device:MUSA:0,12.0,0.012
mS8QDrVU9d,RealDiv,/job:localhost/replica:0/task:0/device:MUSA:0,12.0,0.012
7DlxbiSd3Q,AddV2,/job:localhost/replica:0/task:0/device:MUSA:0,12.0,0.012
zuD7htSg5l,MatMul,/job:localhost/replica:0/task:0/device:MUSA:0,12.0,0.012
J0yIfW3F79,Prod,/job:localhost/replica:0/task:0/device:MUSA:0,12.0,0.012
MHNgBeUprl,Prod,/job:localhost/replica:0/task:0/device:MUSA:0,12.0,0.012
7MGvyatL8n,Sigmoid,/job:localhost/replica:0/task:0/device:MUSA:0,12.0,0.012
z0iqVIHLeU,StridedSlice,/job:localhost/replica:0/task:0/device:MUSA:0,12.0,0.012
VgIOQkAudq,Relu,/job:localhost/replica:0/task:0/device:MUSA:0,12.0,0.012
t8jBGcsdZM,Sub,/job:localhost/replica:0/task:0/device:MUSA:0,12.0,0.012
XHvBpsK2z1,RealDiv,/job:localhost/replica:0/task:0/device:MUSA:0,12.0,0.012
t1xONzckYj,Mean,/job:localhost/replica:0/task:0/device:MUSA:0,12.0,0.012
gMI2O5kxZ4,Prod,/job:localhost/replica:0/task:0/device:MUSA:0,12.0,0.012
kurjBSMEeT,MatMul,/job:localhost/replica:0/task:0/device:MUSA:0,12.0,0.012
Rv7QjyNISn,MatMul,/job:localhost/replica:0/task:0/device:MUSA:0,12.0,0.012
tDg1Lz2hCc,MatMul,/job:localhost/replica:0/task:0/device:MUSA:0,12.0,0.012
h4ygQTv1CX,MatMul,/job:localhost/replica:0/task:0/device:MUSA:0,12.0,0.012
Ck0gOsGRF7,Mul,/job:localhost/replica:0/task:0/device:MUSA:0,12.0,0.012
CD4QlPEnzN,Relu,/job:localhost/replica:0/task:0/device:MUSA:0,12.0,0.012
NuSTo5hy9D,Pow,/job:localhost/replica:0/task:0/device:MUSA:0,12.0,0.012
Ib0E6hHcWw,RealDiv,/job:localhost/replica:0/task:0/device:MUSA:0,12.0,0.012
VYQ6PNTzaw,Mul,/job:localhost/replica:0/task:0/device:MUSA:0,12.0,0.012
Ri5DmyhOAf,RealDiv,/job:localhost/replica:0/task:0/device:MUSA:0,12.0,0.012
ciPCUFtrBk,Select,/job:localhost/replica:0/task:0/device:MUSA:0,12.0,0.012
DdvK3puTfJ,Maximum,/job:localhost/replica:0/task:0/device:MUSA:0,12.0,0.012
oXu5bzEfSw,Maximum,/job:localhost/replica:0/task:0/device:MUSA:0,12.0,0.012
cZ3HlJdWnu,IsNan,/job:localhost/replica:0/task:0/device:MUSA:0,12.0,0.012
mvA85bOzPx,Pow,/job:localhost/replica:0/task:0/device:MUSA:0,12.0,0.012
2YyMnguJsd,Fill,/job:localhost/replica:0/task:0/device:MUSA:0,12.0,0.012
fLEGezgYUh,RealDiv,/job:localhost/replica:0/task:0/device:MUSA:0,12.0,0.012
aku07A2BgT,Select,/job:localhost/replica:0/task:0/device:MUSA:0,12.0,0.012
tp1doh2vQ0,RealDiv,/job:localhost/replica:0/task:0/device:MUSA:0,12.0,0.012
Atkpo7QSgF,Pow,/job:localhost/replica:0/task:0/device:MUSA:0,12.0,0.012
nE7mj6eU2v,Mul,/job:localhost/replica:0/task:0/device:MUSA:0,12.0,0.012
YVGuPbMyLO,RealDiv,/job:localhost/replica:0/task:0/device:MUSA:0,12.0,0.012
QYJACK7hiE,Pow,/job:localhost/replica:0/task:0/device:MUSA:0,12.0,0.012
Y8k6cLmg5B,Rsqrt,/job:localhost/replica:0/task:0/device:MUSA:0,12.0,0.012
58MDkiBlh3,Pow,/job:localhost/replica:0/task:0/device:MUSA:0,12.0,0.012
iI7n1pGtW4,Pack,/job:localhost/replica:0/task:0/device:MUSA:0,12.0,0.012
5F3idovJOb,GatherV2,/job:localhost/replica:0/task:0/device:MUSA:0,12.0,0.012
HzxwhMYV68,Prod,/job:localhost/replica:0/task:0/device:MUSA:0,12.0,0.012
9wkMs24QRu,GatherV2,/job:localhost/replica:0/task:0/device:MUSA:0,12.0,0.012
VrNq8K1cXL,Sign,/job:localhost/replica:0/task:0/device:MUSA:0,11.0,0.011
PYfwqortAT,Sign,/job:localhost/replica:0/task:0/device:MUSA:0,11.0,0.011
5iTweQ6IYN,Sign,/job:localhost/replica:0/task:0/device:MUSA:0,11.0,0.011
JY8ohfq2vy,Reshape,/job:localhost/replica:0/task:0/device:MUSA:0,11.0,0.011
sZ3AmRYW9V,Reshape,/job:localhost/replica:0/task:0/device:MUSA:0,11.0,0.011
xAFoD7jCZ2,Reshape,/job:localhost/replica:0/task:0/device:MUSA:0,11.0,0.011
c4eRhKWdpz,Pow,/job:localhost/replica:0/task:0/device:MUSA:0,11.0,0.011
aSYK5qOExG,Reshape,/job:localhost/replica:0/task:0/device:MUSA:0,11.0,0.011
e4JvcF2hsT,Reshape,/job:localhost/replica:0/task:0/device:MUSA:0,11.0,0.011
aZKth6rAM7,Const,/job:localhost/replica:0/task:0/device:MUSA:0,11.0,0.011
ConstantFolding/9gAMKedXa1_recip,RealDiv,/job:localhost/replica:0/task:0/device:MUSA:0,11.0,0.011
hGJUAPgVlL,Reshape,/job:localhost/replica:0/task:0/device:MUSA:0,11.0,0.011
dHKGvaStnP,Const,/job:localhost/replica:0/task:0/device:MUSA:0,11.0,0.011
D06N3wYodV,Const,/job:localhost/replica:0/task:0/device:MUSA:0,11.0,0.011
ihtPo7xryY,Add,/job:localhost/replica:0/task:0/device:MUSA:0,11.0,0.011
yPQW5plOC6,Reshape,/job:localhost/replica:0/task:0/device:MUSA:0,11.0,0.011
0nfpJFmi4D,Reshape,/job:localhost/replica:0/task:0/device:MUSA:0,11.0,0.011
USjzb1QuJ8,Const,/job:localhost/replica:0/task:0/device:MUSA:0,11.0,0.011
Uozkmje0Ei,Const,/job:localhost/replica:0/task:0/device:MUSA:0,11.0,0.011
7bZifxS2gc,Reshape,/job:localhost/replica:0/task:0/device:MUSA:0,11.0,0.011
whVfIcmB80,Reshape,/job:localhost/replica:0/task:0/device:MUSA:0,11.0,0.011
03PiukQpog,Const,/job:localhost/replica:0/task:0/device:MUSA:0,11.0,0.011
Sczu5NswhW,Const,/job:localhost/replica:0/task:0/device:MUSA:0,11.0,0.011
OB9ZXfbAur,Const,/job:localhost/replica:0/task:0/device:MUSA:0,11.0,0.011
5GKYyqRhdv,Const,/job:localhost/replica:0/task:0/device:MUSA:0,11.0,0.011
3qMd28VTzf,Minimum,/job:localhost/replica:0/task:0/device:MUSA:0,11.0,0.011
8vkE7mshe0,MatMul,/job:localhost/replica:0/task:0/device:MUSA:0,11.0,0.011
vuo0VGMY2N,ZerosLike,/job:localhost/replica:0/task:0/device:MUSA:0,11.0,0.011
1ejMKH6bVg,Log,/job:localhost/replica:0/task:0/device:MUSA:0,11.0,0.011
aI6bTdAM7s,Add,/job:localhost/replica:0/task:0/device:MUSA:0,11.0,0.011
p0tWaEFom2,StridedSlice,/job:localhost/replica:0/task:0/device:MUSA:0,11.0,0.011
ikuvaAKF1D,Log,/job:localhost/replica:0/task:0/device:MUSA:0,11.0,0.011
RoijLF3wS7,Tanh,/job:localhost/replica:0/task:0/device:MUSA:0,11.0,0.011
MnZrbpxdoe,Tanh,/job:localhost/replica:0/task:0/device:MUSA:0,11.0,0.011
achVWs0rQ5,StridedSlice,/job:localhost/replica:0/task:0/device:MUSA:0,11.0,0.011
bILTCcSuev,StridedSlice,/job:localhost/replica:0/task:0/device:MUSA:0,11.0,0.011
mUOwX1gTHv,Mul,/job:localhost/replica:0/task:0/device:MUSA:0,11.0,0.011
95Ti1tBEm8,NotEqual,/job:localhost/replica:0/task:0/device:MUSA:0,11.0,0.011
iwWfDgsB8z,Fill,/job:localhost/replica:0/task:0/device:MUSA:0,11.0,0.011
FvKTPN3OsJ,Log,/job:localhost/replica:0/task:0/device:MUSA:0,11.0,0.011
jqn6VLy8zp,MatMul,/job:localhost/replica:0/task:0/device:MUSA:0,11.0,0.011
VTdmXozfeQ,AddV2,/job:localhost/replica:0/task:0/device:MUSA:0,11.0,0.011
rdj1VeMKG6,StridedSlice,/job:localhost/replica:0/task:0/device:MUSA:0,11.0,0.011
O4I8DLiSJa,Prod,/job:localhost/replica:0/task:0/device:MUSA:0,11.0,0.011
0L7rC5fdN8,Less,/job:localhost/replica:0/task:0/device:MUSA:0,11.0,0.011
MC5o9xDSAp,Less,/job:localhost/replica:0/task:0/device:MUSA:0,11.0,0.011
idTNk0bHWA,MatMul,/job:localhost/replica:0/task:0/device:MUSA:0,11.0,0.011
qvSUg41lA2,ConcatV2,/job:localhost/replica:0/task:0/device:MUSA:0,11.0,0.011
rXBSnujkfq,ConcatV2,/job:localhost/replica:0/task:0/device:MUSA:0,11.0,0.011
8nGDPvAb07,ConcatV2,/job:localhost/replica:0/task:0/device:MUSA:0,11.0,0.011
dEVrTOBUKs,ConcatV2,/job:localhost/replica:0/task:0/device:MUSA:0,11.0,0.011
siyHApILgY,ConcatV2,/job:localhost/replica:0/task:0/device:MUSA:0,11.0,0.011
Fsf31T9xeU,Pow,/job:localhost/replica:0/task:0/device:MUSA:0,11.0,0.011
YV6ogUPZxG,ConcatV2,/job:localhost/replica:0/task:0/device:MUSA:0,11.0,0.011
pxDf9IOTkZ,MatMul,/job:localhost/replica:0/task:0/device:MUSA:0,11.0,0.011
vr0l4ZOsNC,ConcatV2,/job:localhost/replica:0/task:0/device:MUSA:0,11.0,0.011
m9QDYV1K8L,MatMul,/job:localhost/replica:0/task:0/device:MUSA:0,11.0,0.011
nNA2SE3b7z,Relu,/job:localhost/replica:0/task:0/device:MUSA:0,11.0,0.011
gNjmhuCScW,Mul,/job:localhost/replica:0/task:0/device:MUSA:0,11.0,0.011
EJzPXq1KO0,Pow,/job:localhost/replica:0/task:0/device:MUSA:0,11.0,0.011
xTZrAO3721,MatMul,/job:localhost/replica:0/task:0/device:MUSA:0,11.0,0.011
DVlXYmB7Mg,RealDiv,/job:localhost/replica:0/task:0/device:MUSA:0,11.0,0.011
tnMmx2r5kg,Pow,/job:localhost/replica:0/task:0/device:MUSA:0,11.0,0.011
ECfHKNLYFg,AddV2,/job:localhost/replica:0/task:0/device:MUSA:0,11.0,0.011
W71vKN6sgb,Sub,/job:localhost/replica:0/task:0/device:MUSA:0,11.0,0.011
GvxtHkCXrp,Add,/job:localhost/replica:0/task:0/device:MUSA:0,11.0,0.011
OLua52NysZ,ConcatV2,/job:localhost/replica:0/task:0/device:MUSA:0,11.0,0.011
0sMzfEglJG,Mul,/job:localhost/replica:0/task:0/device:MUSA:0,11.0,0.011
n8R1w9V6DJ,MatMul,/job:localhost/replica:0/task:0/device:MUSA:0,11.0,0.011
jZ7xObBGe1,MatMul,/job:localhost/replica:0/task:0/device:MUSA:0,11.0,0.011
BcI9nPRSh5,Mul,/job:localhost/replica:0/task:0/device:MUSA:0,11.0,0.011
LKr9EiTPYA,MatMul,/job:localhost/replica:0/task:0/device:MUSA:0,11.0,0.011
lpVcfh5e8L,Mul,/job:localhost/replica:0/task:0/device:MUSA:0,11.0,0.011
ptNga2vhQk,Cast,/job:localhost/replica:0/task:0/device:MUSA:0,11.0,0.011
L5062ZkihN,MatMul,/job:localhost/replica:0/task:0/device:MUSA:0,11.0,0.011
dl1mQ8VL7n,Pack,/job:localhost/replica:0/task:0/device:MUSA:0,11.0,0.011
1Dtqy462w3,Pack,/job:localhost/replica:0/task:0/device:MUSA:0,11.0,0.011
MN2VrqxoDB,Mul,/job:localhost/replica:0/task:0/device:MUSA:0,11.0,0.011
Pk7ZblRJtC,Minimum,/job:localhost/replica:0/task:0/device:MUSA:0,11.0,0.011
yMa7kpBSJ9,Pow,/job:localhost/replica:0/task:0/device:MUSA:0,11.0,0.011
r659BfXtGj,Prod,/job:localhost/replica:0/task:0/device:MUSA:0,11.0,0.011
SHYixkncaC,Pow,/job:localhost/replica:0/task:0/device:MUSA:0,11.0,0.011
bnxTzc0BZy,Mul,/job:localhost/replica:0/task:0/device:MUSA:0,11.0,0.011
FMv7OeKQ2g,Pack,/job:localhost/replica:0/task:0/device:MUSA:0,11.0,0.011
UPzyc5v7rj,Pack,/job:localhost/replica:0/task:0/device:MUSA:0,11.0,0.011
QdoPymMW69,Relu,/job:localhost/replica:0/task:0/device:MUSA:0,11.0,0.011
RsOmi4zDBF,Mul,/job:localhost/replica:0/task:0/device:MUSA:0,11.0,0.011
yuU7nj0iP2,Pack,/job:localhost/replica:0/task:0/device:MUSA:0,11.0,0.011
mkCvo3tBpD,Add,/job:localhost/replica:0/task:0/device:MUSA:0,11.0,0.011
Z1qVlXgtr6,Pow,/job:localhost/replica:0/task:0/device:MUSA:0,11.0,0.011
c2l7QiA0Wq,RealDiv,/job:localhost/replica:0/task:0/device:MUSA:0,11.0,0.011
nBFAwNaKPl,Relu,/job:localhost/replica:0/task:0/device:MUSA:0,11.0,0.011
KfU0Xhd3A4,Pack,/job:localhost/replica:0/task:0/device:MUSA:0,11.0,0.011
FfkPm4I2VB,ConcatV2,/job:localhost/replica:0/task:0/device:MUSA:0,11.0,0.011
BoXHAk8n62,Pow,/job:localhost/replica:0/task:0/device:MUSA:0,11.0,0.011
4v0F2DokIE,ConcatV2,/job:localhost/replica:0/task:0/device:MUSA:0,11.0,0.011
pKJtNnsh5r,AddV2,/job:localhost/replica:0/task:0/device:MUSA:0,11.0,0.011
21UKCjLoW6,Pow,/job:localhost/replica:0/task:0/device:MUSA:0,11.0,0.011
f1cQa0FLVl,ConcatV2,/job:localhost/replica:0/task:0/device:MUSA:0,11.0,0.011
4uHRE7VUbo,ConcatV2,/job:localhost/replica:0/task:0/device:MUSA:0,11.0,0.011
GEKZAbliMe,RealDiv,/job:localhost/replica:0/task:0/device:MUSA:0,11.0,0.011
Ytqexl9nZ3,MatMul,/job:localhost/replica:0/task:0/device:MUSA:0,11.0,0.011
VhKRSsFJLi,Prod,/job:localhost/replica:0/task:0/device:MUSA:0,11.0,0.011
C8py5b3cA7,RealDiv,/job:localhost/replica:0/task:0/device:MUSA:0,11.0,0.011
xqLYBdA7zb,RealDiv,/job:localhost/replica:0/task:0/device:MUSA:0,11.0,0.011
xlH1jmVDry,SquaredDifference,/job:localhost/replica:0/task:0/device:MUSA:0,11.0,0.011
7I9QhNLFfd,MatMul,/job:localhost/replica:0/task:0/device:MUSA:0,11.0,0.011
soZCOS4xLt,RealDiv,/job:localhost/replica:0/task:0/device:MUSA:0,11.0,0.011
GE3w1g2ArY,Pack,/job:localhost/replica:0/task:0/device:MUSA:0,11.0,0.011
jngHocyDAI,Pow,/job:localhost/replica:0/task:0/device:MUSA:0,11.0,0.011
E4YZ6HxA2t,Pow,/job:localhost/replica:0/task:0/device:MUSA:0,11.0,0.011
xF9tpInyld,Prod,/job:localhost/replica:0/task:0/device:MUSA:0,11.0,0.011
dH3sAULkZm,RealDiv,/job:localhost/replica:0/task:0/device:MUSA:0,11.0,0.011
R3AC9O0duY,Sub,/job:localhost/replica:0/task:0/device:MUSA:0,11.0,0.011
jaFq1xQCGg,Mul,/job:localhost/replica:0/task:0/device:MUSA:0,11.0,0.011
SiB7HlesJx,Unpack,/job:localhost/replica:0/task:0/device:MUSA:0,11.0,0.011
v3GmRFVUrM,Sum,/job:localhost/replica:0/task:0/device:MUSA:0,11.0,0.011
fI2EBFbcdV,MatMul,/job:localhost/replica:0/task:0/device:MUSA:0,11.0,0.011
NwB0f2ZPWA,Mul,/job:localhost/replica:0/task:0/device:MUSA:0,11.0,0.011
QWi5ObmGZq,ConcatV2,/job:localhost/replica:0/task:0/device:MUSA:0,11.0,0.011
COYI38LW0v,Mean,/job:localhost/replica:0/task:0/device:MUSA:0,11.0,0.011
bWtlKuNAG1,RealDiv,/job:localhost/replica:0/task:0/device:MUSA:0,11.0,0.011
oA7O1BWJ0j,Prod,/job:localhost/replica:0/task:0/device:MUSA:0,11.0,0.011
vzDrc9FflT,Mean,/job:localhost/replica:0/task:0/device:MUSA:0,11.0,0.011
DWHAZOws1L,MatMul,/job:localhost/replica:0/task:0/device:MUSA:0,11.0,0.011
0ZPWm6xXQu,Prod,/job:localhost/replica:0/task:0/device:MUSA:0,11.0,0.011
jPq3Jwklno,Sub,/job:localhost/replica:0/task:0/device:MUSA:0,11.0,0.011
t5sJdcIqwz,Relu,/job:localhost/replica:0/task:0/device:MUSA:0,11.0,0.011
p7BqgiCMF8,MatMul,/job:localhost/replica:0/task:0/device:MUSA:0,11.0,0.011
9DNn0mHegl,Minimum,/job:localhost/replica:0/task:0/device:MUSA:0,11.0,0.011
F0xwzAnmqY,Fill,/job:localhost/replica:0/task:0/device:MUSA:0,11.0,0.011
QoHhKE5Cvf,Minimum,/job:localhost/replica:0/task:0/device:MUSA:0,11.0,0.011
9fADXubFB3,Maximum,/job:localhost/replica:0/task:0/device:MUSA:0,11.0,0.011
vJBQX0wNoK,Minimum,/job:localhost/replica:0/task:0/device:MUSA:0,11.0,0.011
a2CgFSRmew,Minimum,/job:localhost/replica:0/task:0/device:MUSA:0,11.0,0.011
vnHlgVcurW,Fill,/job:localhost/replica:0/task:0/device:MUSA:0,11.0,0.011
WGuN3bYxRO,Fill,/job:localhost/replica:0/task:0/device:MUSA:0,11.0,0.011
zvQIp2CF6Z,Sub,/job:localhost/replica:0/task:0/device:MUSA:0,11.0,0.011
PhL65gEFNI,RealDiv,/job:localhost/replica:0/task:0/device:MUSA:0,11.0,0.011
GEQvZt9g7X,AddV2,/job:localhost/replica:0/task:0/device:MUSA:0,11.0,0.011
fYxAZl5SH1,Mul,/job:localhost/replica:0/task:0/device:MUSA:0,11.0,0.011
WfCm6acyP7,Mul,/job:localhost/replica:0/task:0/device:MUSA:0,11.0,0.011
VYmywR6pnv,Rsqrt,/job:localhost/replica:0/task:0/device:MUSA:0,11.0,0.011
NOIrGPkjFi,Mul,/job:localhost/replica:0/task:0/device:MUSA:0,11.0,0.011
2YdepUDbLO,Rsqrt,/job:localhost/replica:0/task:0/device:MUSA:0,11.0,0.011
8SM9aWrZqw,Rsqrt,/job:localhost/replica:0/task:0/device:MUSA:0,11.0,0.011
9YQDknfSev,Sub,/job:localhost/replica:0/task:0/device:MUSA:0,11.0,0.011
M0YARmGs3T,StridedSlice,/job:localhost/replica:0/task:0/device:MUSA:0,11.0,0.011
tVKoaHYq2O,StridedSlice,/job:localhost/replica:0/task:0/device:MUSA:0,11.0,0.011
2g15FP0bYn,ConcatV2,/job:localhost/replica:0/task:0/device:MUSA:0,11.0,0.011
fvz3ymkF8g,GatherV2,/job:localhost/replica:0/task:0/device:MUSA:0,11.0,0.011
4iTkmPSqfJ,Prod,/job:localhost/replica:0/task:0/device:MUSA:0,11.0,0.011
20pt4ALBNq,GatherV2,/job:localhost/replica:0/task:0/device:MUSA:0,11.0,0.011
3jo7FkzObM,Reshape,/job:localhost/replica:0/task:0/device:MUSA:0,10.0,0.01
do8qMETZWF,Const,/job:localhost/replica:0/task:0/device:MUSA:0,10.0,0.01
QAtugyMUsP,Reshape,/job:localhost/replica:0/task:0/device:MUSA:0,10.0,0.01
ax4pLNzlqi,Reshape,/job:localhost/replica:0/task:0/device:MUSA:0,10.0,0.01
RDsgiCLqhM,Sub,/job:localhost/replica:0/task:0/device:MUSA:0,10.0,0.01
1s2vkfnd5K,Reshape,/job:localhost/replica:0/task:0/device:MUSA:0,10.0,0.01
ZmutTQhziH,Reshape,/job:localhost/replica:0/task:0/device:MUSA:0,10.0,0.01
Ec0afFA6OB,Reshape,/job:localhost/replica:0/task:0/device:MUSA:0,10.0,0.01
ConstantFolding/ih2lnz3ayu_recip,RealDiv,/job:localhost/replica:0/task:0/device:MUSA:0,10.0,0.01
djkfIpPsZN,RealDiv,/job:localhost/replica:0/task:0/device:MUSA:0,10.0,0.01
IFm2iGr1tu,Reshape,/job:localhost/replica:0/task:0/device:MUSA:0,10.0,0.01
btmqBEQO1n,StridedSlice,/job:localhost/replica:0/task:0/device:MUSA:0,10.0,0.01
ConstantFolding/fMq0PKOwVZ_recip,RealDiv,/job:localhost/replica:0/task:0/device:MUSA:0,10.0,0.01
ToirveAlLY,Reshape,/job:localhost/replica:0/task:0/device:MUSA:0,10.0,0.01
4RYBuTdjgn,Reshape,/job:localhost/replica:0/task:0/device:MUSA:0,10.0,0.01
ConstantFolding/U0Y1hXlvrA_recip,RealDiv,/job:localhost/replica:0/task:0/device:MUSA:0,10.0,0.01
MAOg9J6fVx,Const,/job:localhost/replica:0/task:0/device:MUSA:0,10.0,0.01
OJRthcID7p,Reshape,/job:localhost/replica:0/task:0/device:MUSA:0,10.0,0.01
mXc43lMWgy,Const,/job:localhost/replica:0/task:0/device:MUSA:0,10.0,0.01
tKUSDLQXMC,Add,/job:localhost/replica:0/task:0/device:MUSA:0,10.0,0.01
iVgsxcyet7,Const,/job:localhost/replica:0/task:0/device:MUSA:0,10.0,0.01
Qf8LWkPCXo,Reshape,/job:localhost/replica:0/task:0/device:MUSA:0,10.0,0.01
g0iwUXdkm9,Const,/job:localhost/replica:0/task:0/device:MUSA:0,10.0,0.01
JQ8VvFBIau,Reshape,/job:localhost/replica:0/task:0/device:MUSA:0,10.0,0.01
8SnJgwaO4K,Const,/job:localhost/replica:0/task:0/device:MUSA:0,10.0,0.01
q5bxM6IUt3,Const,/job:localhost/replica:0/task:0/device:MUSA:0,10.0,0.01
SUzmMIWVjD,Reshape,/job:localhost/replica:0/task:0/device:MUSA:0,10.0,0.01
czvF2GEBJA,Const,/job:localhost/replica:0/task:0/device:MUSA:0,10.0,0.01
uzYoxjSKyN,Reshape,/job:localhost/replica:0/task:0/device:MUSA:0,10.0,0.01
3aUIpLscGN,Maximum,/job:localhost/replica:0/task:0/device:MUSA:0,10.0,0.01
5Q0bkmluPf,Equal,/job:localhost/replica:0/task:0/device:MUSA:0,10.0,0.01
qNptJ83AfH,ExpandDims,/job:localhost/replica:0/task:0/device:MUSA:0,10.0,0.01
UyJWpsThBP,Add,/job:localhost/replica:0/task:0/device:MUSA:0,10.0,0.01
TDgK3qtRQo,Mul,/job:localhost/replica:0/task:0/device:MUSA:0,10.0,0.01
0eRA43VD7L,NotEqual,/job:localhost/replica:0/task:0/device:MUSA:0,10.0,0.01
mpuR0ZOx1V,Fill,/job:localhost/replica:0/task:0/device:MUSA:0,10.0,0.01
h1smYtopMH,StridedSlice,/job:localhost/replica:0/task:0/device:MUSA:0,10.0,0.01
qL1ltPzcRm,StridedSlice,/job:localhost/replica:0/task:0/device:MUSA:0,10.0,0.01
cAwXMsKSap,StridedSlice,/job:localhost/replica:0/task:0/device:MUSA:0,10.0,0.01
IqW8pYiOM3,NotEqual,/job:localhost/replica:0/task:0/device:MUSA:0,10.0,0.01
zyIiXouLFR,Equal,/job:localhost/replica:0/task:0/device:MUSA:0,10.0,0.01
wuPZsqT8Sv,Maximum,/job:localhost/replica:0/task:0/device:MUSA:0,10.0,0.01
7u8Pz9kwNy,Fill,/job:localhost/replica:0/task:0/device:MUSA:0,10.0,0.01
Vos0I7tRmu,Equal,/job:localhost/replica:0/task:0/device:MUSA:0,10.0,0.01
DkefLoFIHW,StridedSlice,/job:localhost/replica:0/task:0/device:MUSA:0,10.0,0.01
GDM1lvzpo7,StridedSlice,/job:localhost/replica:0/task:0/device:MUSA:0,10.0,0.01
md4SoWPKOU,StridedSlice,/job:localhost/replica:0/task:0/device:MUSA:0,10.0,0.01
kiIY3zDU7x,StridedSlice,/job:localhost/replica:0/task:0/device:MUSA:0,10.0,0.01
0qwkHRMU6T,StridedSlice,/job:localhost/replica:0/task:0/device:MUSA:0,10.0,0.01
6JixhR4rZF,Fill,/job:localhost/replica:0/task:0/device:MUSA:0,10.0,0.01
wyThcsEbtP,Mean,/job:localhost/replica:0/task:0/device:MUSA:0,10.0,0.01
FidGXlYnzL,LogicalOr,/job:localhost/replica:0/task:0/device:MUSA:0,10.0,0.01
EQxgOdShFi,Select,/job:localhost/replica:0/task:0/device:MUSA:0,10.0,0.01
WGc6TAQ7Sr,Equal,/job:localhost/replica:0/task:0/device:MUSA:0,10.0,0.01
yerw6hj93f,LogicalOr,/job:localhost/replica:0/task:0/device:MUSA:0,10.0,0.01
0Rc3v9Hmz1,Minimum,/job:localhost/replica:0/task:0/device:MUSA:0,10.0,0.01
FxdDckXf4g,StridedSlice,/job:localhost/replica:0/task:0/device:MUSA:0,10.0,0.01
mPnGjoKvlf,RandomUniform,/job:localhost/replica:0/task:0/device:MUSA:0,10.0,0.01
hYXZ7oI0WC,Select,/job:localhost/replica:0/task:0/device:MUSA:0,10.0,0.01
wqUt8CEgZL,Sub,/job:localhost/replica:0/task:0/device:MUSA:0,10.0,0.01
9GkrqQUc41,RealDiv,/job:localhost/replica:0/task:0/device:MUSA:0,10.0,0.01
sHjGhA9Q85,ConcatV2,/job:localhost/replica:0/task:0/device:MUSA:0,10.0,0.01
VY1PvclEui,Mul,/job:localhost/replica:0/task:0/device:MUSA:0,10.0,0.01
XVoCnBU5SW,AddV2,/job:localhost/replica:0/task:0/device:MUSA:0,10.0,0.01
BuaM5kJrzA,Sum,/job:localhost/replica:0/task:0/device:MUSA:0,10.0,0.01
BkYzfIernx,Sum,/job:localhost/replica:0/task:0/device:MUSA:0,10.0,0.01
dZm4ALVEuD,Prod,/job:localhost/replica:0/task:0/device:MUSA:0,10.0,0.01
7oLugdeGCp,MatMul,/job:localhost/replica:0/task:0/device:MUSA:0,10.0,0.01
9SOuYmqHi5,ConcatV2,/job:localhost/replica:0/task:0/device:MUSA:0,10.0,0.01
hZAJun1D9g,ConcatV2,/job:localhost/replica:0/task:0/device:MUSA:0,10.0,0.01
fcO5WZCEGM,MatMul,/job:localhost/replica:0/task:0/device:MUSA:0,10.0,0.01
i1p5R6AzrZ,MatMul,/job:localhost/replica:0/task:0/device:MUSA:0,10.0,0.01
FTCiuRIaQt,Relu,/job:localhost/replica:0/task:0/device:MUSA:0,10.0,0.01
LPD5eAlZN6,Relu,/job:localhost/replica:0/task:0/device:MUSA:0,10.0,0.01
4sVSUtQlTH,Maximum,/job:localhost/replica:0/task:0/device:MUSA:0,10.0,0.01
CzO8kMlASj,Add,/job:localhost/replica:0/task:0/device:MUSA:0,10.0,0.01
fG8j3iacJ4,MatMul,/job:localhost/replica:0/task:0/device:MUSA:0,10.0,0.01
gMOIws2vpj,Pow,/job:localhost/replica:0/task:0/device:MUSA:0,10.0,0.01
FcjrluoVEQ,Tanh,/job:localhost/replica:0/task:0/device:MUSA:0,10.0,0.01
8FqUlnS0Tw,Sub,/job:localhost/replica:0/task:0/device:MUSA:0,10.0,0.01
fXgjZsoh42,Relu,/job:localhost/replica:0/task:0/device:MUSA:0,10.0,0.01
Ym9GxfWSQh,ConcatV2,/job:localhost/replica:0/task:0/device:MUSA:0,10.0,0.01
nr24hJW7jZ,MatMul,/job:localhost/replica:0/task:0/device:MUSA:0,10.0,0.01
3AK2nLjpm8,RealDiv,/job:localhost/replica:0/task:0/device:MUSA:0,10.0,0.01
oh5KdjCaOl,ConcatV2,/job:localhost/replica:0/task:0/device:MUSA:0,10.0,0.01
ZykivsBm9S,Sub,/job:localhost/replica:0/task:0/device:MUSA:0,10.0,0.01
510ZRyJis2,MatMul,/job:localhost/replica:0/task:0/device:MUSA:0,10.0,0.01
6vGsTErKwV,MatMul,/job:localhost/replica:0/task:0/device:MUSA:0,10.0,0.01
YDJTOMgmIo,Pow,/job:localhost/replica:0/task:0/device:MUSA:0,10.0,0.01
osTqzOFGdQ,Sub,/job:localhost/replica:0/task:0/device:MUSA:0,10.0,0.01
13faXwSAxL,MatMul,/job:localhost/replica:0/task:0/device:MUSA:0,10.0,0.01
CVKD0O2RFe,RealDiv,/job:localhost/replica:0/task:0/device:MUSA:0,10.0,0.01
PLKNlqhzng,MatMul,/job:localhost/replica:0/task:0/device:MUSA:0,10.0,0.01
Z98TaUR7fG,MatMul,/job:localhost/replica:0/task:0/device:MUSA:0,10.0,0.01
5ZcKL8JyDk,Relu,/job:localhost/replica:0/task:0/device:MUSA:0,10.0,0.01
ZOxLiaYm49,MatMul,/job:localhost/replica:0/task:0/device:MUSA:0,10.0,0.01
K9mHR7ou1B,Pack,/job:localhost/replica:0/task:0/device:MUSA:0,10.0,0.01
ZyR0FAhrQu,Pack,/job:localhost/replica:0/task:0/device:MUSA:0,10.0,0.01
pcx9aM4fR1,Mul,/job:localhost/replica:0/task:0/device:MUSA:0,10.0,0.01
gKHLOtvxX2,RealDiv,/job:localhost/replica:0/task:0/device:MUSA:0,10.0,0.01
I7Xwd41SjL,ConcatV2,/job:localhost/replica:0/task:0/device:MUSA:0,10.0,0.01
Ep2uKoDXxB,Tile,/job:localhost/replica:0/task:0/device:MUSA:0,10.0,0.01
z35fZjDOMp,Pack,/job:localhost/replica:0/task:0/device:MUSA:0,10.0,0.01
FnP32vQWEk,MatMul,/job:localhost/replica:0/task:0/device:MUSA:0,10.0,0.01
YDBbxW6KA5,MatMul,/job:localhost/replica:0/task:0/device:MUSA:0,10.0,0.01
PqWr0wsxB9,Sub,/job:localhost/replica:0/task:0/device:MUSA:0,10.0,0.01
AgrH1WJxvX,Mul,/job:localhost/replica:0/task:0/device:MUSA:0,10.0,0.01
cq0vzWBJXe,Pack,/job:localhost/replica:0/task:0/device:MUSA:0,10.0,0.01
zWEOyTLo72,Pack,/job:localhost/replica:0/task:0/device:MUSA:0,10.0,0.01
71DaBf8QFH,Relu,/job:localhost/replica:0/task:0/device:MUSA:0,10.0,0.01
MxSJQcRoml,Pack,/job:localhost/replica:0/task:0/device:MUSA:0,10.0,0.01
rHtNTisKj3,Pack,/job:localhost/replica:0/task:0/device:MUSA:0,10.0,0.01
G0J4tHnver,Cast,/job:localhost/replica:0/task:0/device:MUSA:0,10.0,0.01
nPgdm5r4yD,Reshape,/job:localhost/replica:0/task:0/device:MUSA:0,10.0,0.01
pJX2bSfWhv,Mul,/job:localhost/replica:0/task:0/device:MUSA:0,10.0,0.01
hXjeWPC9GH,Unpack,/job:localhost/replica:0/task:0/device:MUSA:0,10.0,0.01
hlx1uvVmQL,Log,/job:localhost/replica:0/task:0/device:MUSA:0,10.0,0.01
ObZqr75lQe,AddV2,/job:localhost/replica:0/task:0/device:MUSA:0,10.0,0.01
quY4t1KsL5,Mean,/job:localhost/replica:0/task:0/device:MUSA:0,10.0,0.01
ezrMJxb2Cg,Sub,/job:localhost/replica:0/task:0/device:MUSA:0,10.0,0.01
gu21nI0fZK,Prod,/job:localhost/replica:0/task:0/device:MUSA:0,10.0,0.01
fcerRiLSlJ,Sub,/job:localhost/replica:0/task:0/device:MUSA:0,10.0,0.01
ozH83gPA5I,Rsqrt,/job:localhost/replica:0/task:0/device:MUSA:0,10.0,0.01
CcEre0P61u,Prod,/job:localhost/replica:0/task:0/device:MUSA:0,10.0,0.01
Dy3Yzt2ahI,Reshape,/job:localhost/replica:0/task:0/device:MUSA:0,10.0,0.01
zRqxLekZ5c,RealDiv,/job:localhost/replica:0/task:0/device:MUSA:0,10.0,0.01
f6X7rieuj4,RealDiv,/job:localhost/replica:0/task:0/device:MUSA:0,10.0,0.01
j6Y8Iomvla,Prod,/job:localhost/replica:0/task:0/device:MUSA:0,10.0,0.01
ArithmeticOptimizer/AddOpsRewrite_N140Vy2L8F,Add,/job:localhost/replica:0/task:0/device:MUSA:0,10.0,0.01
Z5gB4z2RAx,Mul,/job:localhost/replica:0/task:0/device:MUSA:0,10.0,0.01
bIXp7U4oYs,AddV2,/job:localhost/replica:0/task:0/device:MUSA:0,10.0,0.01
rOChK7ZxXN,Unpack,/job:localhost/replica:0/task:0/device:MUSA:0,10.0,0.01
qFZGRxak03,Prod,/job:localhost/replica:0/task:0/device:MUSA:0,10.0,0.01
4VsJc0aPMi,Sum,/job:localhost/replica:0/task:0/device:MUSA:0,10.0,0.01
VSmFgE7bNn,Mul,/job:localhost/replica:0/task:0/device:MUSA:0,10.0,0.01
Zq6fiVvz7H,Pow,/job:localhost/replica:0/task:0/device:MUSA:0,10.0,0.01
AyVamzl4RI,Pack,/job:localhost/replica:0/task:0/device:MUSA:0,10.0,0.01
Lu3lhZc0eR,Pow,/job:localhost/replica:0/task:0/device:MUSA:0,10.0,0.01
m7ez1KoW8B,MatMul,/job:localhost/replica:0/task:0/device:MUSA:0,10.0,0.01
8x5V6od1LO,Transpose,/job:localhost/replica:0/task:0/device:MUSA:0,10.0,0.01
2yOeToCfx1,Pow,/job:localhost/replica:0/task:0/device:MUSA:0,10.0,0.01
FSHAi0IZUp,RealDiv,/job:localhost/replica:0/task:0/device:MUSA:0,10.0,0.01
qk6gOyDTo7,Reshape,/job:localhost/replica:0/task:0/device:MUSA:0,10.0,0.01
sKv0A6b7uN,RealDiv,/job:localhost/replica:0/task:0/device:MUSA:0,10.0,0.01
RWO3Vfpn1L,Mul,/job:localhost/replica:0/task:0/device:MUSA:0,10.0,0.01
jZEX5QSRUN,Sub,/job:localhost/replica:0/task:0/device:MUSA:0,10.0,0.01
5ydr9IZhPB,Unpack,/job:localhost/replica:0/task:0/device:MUSA:0,10.0,0.01
vTl5bVfpUk,Sum,/job:localhost/replica:0/task:0/device:MUSA:0,10.0,0.01
d52avicIuC,Unpack,/job:localhost/replica:0/task:0/device:MUSA:0,10.0,0.01
tLuAv7z9JB,Sum,/job:localhost/replica:0/task:0/device:MUSA:0,10.0,0.01
20vCc1F5kE,RealDiv,/job:localhost/replica:0/task:0/device:MUSA:0,10.0,0.01
iErAYg5w8e,Pack,/job:localhost/replica:0/task:0/device:MUSA:0,10.0,0.01
PaBHUR1I7j,Pack,/job:localhost/replica:0/task:0/device:MUSA:0,10.0,0.01
9ZsSohKQaL,AddV2,/job:localhost/replica:0/task:0/device:MUSA:0,10.0,0.01
thIy8KBxXP,Pow,/job:localhost/replica:0/task:0/device:MUSA:0,10.0,0.01
HjIJvVle7Y,Pow,/job:localhost/replica:0/task:0/device:MUSA:0,10.0,0.01
oLdR1TjtcI,Prod,/job:localhost/replica:0/task:0/device:MUSA:0,10.0,0.01
LvcZymdVnX,Fill,/job:localhost/replica:0/task:0/device:MUSA:0,10.0,0.01
MotBlCvK28,Sub,/job:localhost/replica:0/task:0/device:MUSA:0,10.0,0.01
UAOase5Ng1,Mean,/job:localhost/replica:0/task:0/device:MUSA:0,10.0,0.01
mdvXNrZH6V,Pow,/job:localhost/replica:0/task:0/device:MUSA:0,10.0,0.01
bMZ3cSvhY5,Log,/job:localhost/replica:0/task:0/device:MUSA:0,10.0,0.01
KYSVPzwJmq,Prod,/job:localhost/replica:0/task:0/device:MUSA:0,10.0,0.01
N3asrYeAXH,AddV2,/job:localhost/replica:0/task:0/device:MUSA:0,10.0,0.01
EUeGtLbDm4,RealDiv,/job:localhost/replica:0/task:0/device:MUSA:0,10.0,0.01
wgnc61kOMi,Pow,/job:localhost/replica:0/task:0/device:MUSA:0,10.0,0.01
Rz9Uw5nLFq,MatMul,/job:localhost/replica:0/task:0/device:MUSA:0,10.0,0.01
d8WNsjkBzZ,MatMul,/job:localhost/replica:0/task:0/device:MUSA:0,10.0,0.01
LdCrfSBFoi,Relu,/job:localhost/replica:0/task:0/device:MUSA:0,10.0,0.01
IghYSTt570,BatchMatMulV2,/job:localhost/replica:0/task:0/device:MUSA:0,10.0,0.01
xvipqPzS1b,BatchMatMulV2,/job:localhost/replica:0/task:0/device:MUSA:0,10.0,0.01
TMPmbQ82sB,Add,/job:localhost/replica:0/task:0/device:MUSA:0,10.0,0.01
ByZD3R8qhN,Maximum,/job:localhost/replica:0/task:0/device:MUSA:0,10.0,0.01
9lU8ZzQKgP,Maximum,/job:localhost/replica:0/task:0/device:MUSA:0,10.0,0.01
iL3lgMebBT,Maximum,/job:localhost/replica:0/task:0/device:MUSA:0,10.0,0.01
hRlOEca7gm,IsNan,/job:localhost/replica:0/task:0/device:MUSA:0,10.0,0.01
vSa4WHfmF2,Select,/job:localhost/replica:0/task:0/device:MUSA:0,10.0,0.01
4VreHInzOE,Mul,/job:localhost/replica:0/task:0/device:MUSA:0,10.0,0.01
v4fADj1RJx,Sub,/job:localhost/replica:0/task:0/device:MUSA:0,10.0,0.01
LxtuE6D9b8,Minimum,/job:localhost/replica:0/task:0/device:MUSA:0,10.0,0.01
v9TA5KErpn,Maximum,/job:localhost/replica:0/task:0/device:MUSA:0,10.0,0.01
BCfX1HrcUF,AddV2,/job:localhost/replica:0/task:0/device:MUSA:0,10.0,0.01
1MVC0iLjeK,RealDiv,/job:localhost/replica:0/task:0/device:MUSA:0,10.0,0.01
hubLZ4FSsm,Pow,/job:localhost/replica:0/task:0/device:MUSA:0,10.0,0.01
C2WAgMJ7eq,Tanh,/job:localhost/replica:0/task:0/device:MUSA:0,10.0,0.01
nO7ZzU2tI6,Pow,/job:localhost/replica:0/task:0/device:MUSA:0,10.0,0.01
V7Y9Z86gCD,Mul,/job:localhost/replica:0/task:0/device:MUSA:0,10.0,0.01
1TAybeBH2J,Pow,/job:localhost/replica:0/task:0/device:MUSA:0,10.0,0.01
If4lwEaMms,RealDiv,/job:localhost/replica:0/task:0/device:MUSA:0,10.0,0.01
TIDsCnWlAU,Pow,/job:localhost/replica:0/task:0/device:MUSA:0,10.0,0.01
SyF4uqoT3m,Add,/job:localhost/replica:0/task:0/device:MUSA:0,10.0,0.01
IJowb09pTg,Pow,/job:localhost/replica:0/task:0/device:MUSA:0,10.0,0.01
x7IkBFSvtG,RealDiv,/job:localhost/replica:0/task:0/device:MUSA:0,10.0,0.01
bLS8sl5913,Mul,/job:localhost/replica:0/task:0/device:MUSA:0,10.0,0.01
pGl24FcnRo,Minimum,/job:localhost/replica:0/task:0/device:MUSA:0,10.0,0.01
HDw29Nx0gk,Tanh,/job:localhost/replica:0/task:0/device:MUSA:0,10.0,0.01
gKLN7lt5cM,RealDiv,/job:localhost/replica:0/task:0/device:MUSA:0,10.0,0.01
uU8NH2OsPF,Add,/job:localhost/replica:0/task:0/device:MUSA:0,10.0,0.01
KtZESIRhTc,Add,/job:localhost/replica:0/task:0/device:MUSA:0,10.0,0.01
1IcKZXdtgC,Rsqrt,/job:localhost/replica:0/task:0/device:MUSA:0,10.0,0.01
ZT3UzYwFKI,Prod,/job:localhost/replica:0/task:0/device:MUSA:0,10.0,0.01
ConstantFolding/EkNlsWnUxc_const_axis,Pack,/job:localhost/replica:0/task:0/device:MUSA:0,10.0,0.01
I5FBrsjWpE,ConcatV2,/job:localhost/replica:0/task:0/device:MUSA:0,10.0,0.01
NySxqXH8ht,GatherV2,/job:localhost/replica:0/task:0/device:MUSA:0,10.0,0.01
JGY3ceNDQd,Reshape,/job:localhost/replica:0/task:0/device:MUSA:0,9.0,0.009
GaZTDvgRbz,Const,/job:localhost/replica:0/task:0/device:MUSA:0,9.0,0.009
SlX0I78beK,Reshape,/job:localhost/replica:0/task:0/device:MUSA:0,9.0,0.009
VMr6oRHfe2,Reshape,/job:localhost/replica:0/task:0/device:MUSA:0,9.0,0.009
movH4URfBx,Reshape,/job:localhost/replica:0/task:0/device:MUSA:0,9.0,0.009
ConstantFolding/YrHOnD39xy_recip,RealDiv,/job:localhost/replica:0/task:0/device:MUSA:0,9.0,0.009
g6mvFC3r8b,Const,/job:localhost/replica:0/task:0/device:MUSA:0,9.0,0.009
Y7O5DU4fgV,Reshape,/job:localhost/replica:0/task:0/device:MUSA:0,9.0,0.009
fXS3OhMubJ,Reshape,/job:localhost/replica:0/task:0/device:MUSA:0,9.0,0.009
PmvKM3QSYf,Add,/job:localhost/replica:0/task:0/device:MUSA:0,9.0,0.009
CUZyr37AeL,Sub,/job:localhost/replica:0/task:0/device:MUSA:0,9.0,0.009
eWKtJ28pRi,Reshape,/job:localhost/replica:0/task:0/device:MUSA:0,9.0,0.009
4gV0pWbFIr,Const,/job:localhost/replica:0/task:0/device:MUSA:0,9.0,0.009
zrKqCAZhl0,AddV2,/job:localhost/replica:0/task:0/device:MUSA:0,9.0,0.009
ConstantFolding/j407FRGKNW_recip,RealDiv,/job:localhost/replica:0/task:0/device:MUSA:0,9.0,0.009
Nh0feFzBox,Reshape,/job:localhost/replica:0/task:0/device:MUSA:0,9.0,0.009
FI8ADhLg93,Cast,/job:localhost/replica:0/task:0/device:MUSA:0,9.0,0.009
7RoYza2BPj,Const,/job:localhost/replica:0/task:0/device:MUSA:0,9.0,0.009
rDfzuNSXiW,Const,/job:localhost/replica:0/task:0/device:MUSA:0,9.0,0.009
a6GAfkEVwr,Const,/job:localhost/replica:0/task:0/device:MUSA:0,9.0,0.009
9daoXWwmKA,Reshape,/job:localhost/replica:0/task:0/device:MUSA:0,9.0,0.009
bLV2mBluWO,Reshape,/job:localhost/replica:0/task:0/device:MUSA:0,9.0,0.009
q67CfD29UF,Const,/job:localhost/replica:0/task:0/device:MUSA:0,9.0,0.009
L9a2EymIlb,Const,/job:localhost/replica:0/task:0/device:MUSA:0,9.0,0.009
scqZu3KIP9,Const,/job:localhost/replica:0/task:0/device:MUSA:0,9.0,0.009
tAbYRQ8O2k,Const,/job:localhost/replica:0/task:0/device:MUSA:0,9.0,0.009
lsHaJSy18M,Reshape,/job:localhost/replica:0/task:0/device:MUSA:0,9.0,0.009
Tc5UFr17vw,Reshape,/job:localhost/replica:0/task:0/device:MUSA:0,9.0,0.009
nCzIJWxQVi,Reshape,/job:localhost/replica:0/task:0/device:MUSA:0,9.0,0.009
Tf5IdeFJoM,Reshape,/job:localhost/replica:0/task:0/device:MUSA:0,9.0,0.009
SRTZe7VHWm,Reshape,/job:localhost/replica:0/task:0/device:MUSA:0,9.0,0.009
GCP4xRJtqm,Const,/job:localhost/replica:0/task:0/device:MUSA:0,9.0,0.009
ri3GhHRXKm,Mul,/job:localhost/replica:0/task:0/device:MUSA:0,9.0,0.009
XtNF6RWr0Y,Const,/job:localhost/replica:0/task:0/device:MUSA:0,9.0,0.009
Ilt8pHAYTh,Reshape,/job:localhost/replica:0/task:0/device:MUSA:0,9.0,0.009
9t0rsqHzRf,Reshape,/job:localhost/replica:0/task:0/device:MUSA:0,9.0,0.009
dpRge6bZqx,Reshape,/job:localhost/replica:0/task:0/device:MUSA:0,9.0,0.009
Z6admyDCeY,Reshape,/job:localhost/replica:0/task:0/device:MUSA:0,9.0,0.009
ZdQzuH1X7f,Reshape,/job:localhost/replica:0/task:0/device:MUSA:0,9.0,0.009
3EHK67DSTs,Const,/job:localhost/replica:0/task:0/device:MUSA:0,9.0,0.009
Ox01AQVpFk,Const,/job:localhost/replica:0/task:0/device:MUSA:0,9.0,0.009
9AE4J5UcHR,Const,/job:localhost/replica:0/task:0/device:MUSA:0,9.0,0.009
1TdIaHeX34,Maximum,/job:localhost/replica:0/task:0/device:MUSA:0,9.0,0.009
ctRnselI3w,Minimum,/job:localhost/replica:0/task:0/device:MUSA:0,9.0,0.009
DrCwiKQ6f7,LogicalOr,/job:localhost/replica:0/task:0/device:MUSA:0,9.0,0.009
UIOjTPWg5r,Minimum,/job:localhost/replica:0/task:0/device:MUSA:0,9.0,0.009
Zyq46rwcF3,Fill,/job:localhost/replica:0/task:0/device:MUSA:0,9.0,0.009
JUjv3gCNFR,Fill,/job:localhost/replica:0/task:0/device:MUSA:0,9.0,0.009
8dstcewDn2,NotEqual,/job:localhost/replica:0/task:0/device:MUSA:0,9.0,0.009
9i7PQWcxBG,NotEqual,/job:localhost/replica:0/task:0/device:MUSA:0,9.0,0.009
AjEN2k3wTX,NotEqual,/job:localhost/replica:0/task:0/device:MUSA:0,9.0,0.009
R0iq6o1b7H,Mul,/job:localhost/replica:0/task:0/device:MUSA:0,9.0,0.009
8QkKV4bjwR,Equal,/job:localhost/replica:0/task:0/device:MUSA:0,9.0,0.009
n2oAVN0zjX,StridedSlice,/job:localhost/replica:0/task:0/device:MUSA:0,9.0,0.009
fDKjQ02cGd,AddV2,/job:localhost/replica:0/task:0/device:MUSA:0,9.0,0.009
4vLgiK5ZSb,GatherV2,/job:localhost/replica:0/task:0/device:MUSA:0,9.0,0.009
Wot1rqm5S2,Fill,/job:localhost/replica:0/task:0/device:MUSA:0,9.0,0.009
AExKaLp95B,AddV2,/job:localhost/replica:0/task:0/device:MUSA:0,9.0,0.009
pTzXCARmUH,StridedSlice,/job:localhost/replica:0/task:0/device:MUSA:0,9.0,0.009
bQUVPwsqHK,StridedSlice,/job:localhost/replica:0/task:0/device:MUSA:0,9.0,0.009
DNLCAspx7S,StridedSlice,/job:localhost/replica:0/task:0/device:MUSA:0,9.0,0.009
Wi5m7Azgfp,ZerosLike,/job:localhost/replica:0/task:0/device:MUSA:0,9.0,0.009
ConstantFolding/5m2D6PNQqk_const_axis,Pack,/job:localhost/replica:0/task:0/device:MUSA:0,9.0,0.009
ExAakZ2csv,Relu,/job:localhost/replica:0/task:0/device:MUSA:0,9.0,0.009
09Y3AKkWVm,Pow,/job:localhost/replica:0/task:0/device:MUSA:0,9.0,0.009
2LD9x1yrVh,RealDiv,/job:localhost/replica:0/task:0/device:MUSA:0,9.0,0.009
60EKwRsgGr,AddV2,/job:localhost/replica:0/task:0/device:MUSA:0,9.0,0.009
SGshIHwvVu,Pow,/job:localhost/replica:0/task:0/device:MUSA:0,9.0,0.009
fSYpqI5UT7,MatMul,/job:localhost/replica:0/task:0/device:MUSA:0,9.0,0.009
BRZLpqIXQl,Pow,/job:localhost/replica:0/task:0/device:MUSA:0,9.0,0.009
JsxM7ViZrG,Sub,/job:localhost/replica:0/task:0/device:MUSA:0,9.0,0.009
gYmLGMilP3,Pack,/job:localhost/replica:0/task:0/device:MUSA:0,9.0,0.009
DlrYQnU7tA,Add,/job:localhost/replica:0/task:0/device:MUSA:0,9.0,0.009
8NhixRqBGS,Fill,/job:localhost/replica:0/task:0/device:MUSA:0,9.0,0.009
jQepbv9JBK,Relu,/job:localhost/replica:0/task:0/device:MUSA:0,9.0,0.009
jbkwWx2REP,Relu,/job:localhost/replica:0/task:0/device:MUSA:0,9.0,0.009
vT7OPRh01y,Square,/job:localhost/replica:0/task:0/device:MUSA:0,9.0,0.009
kbK2iuo8dh,Relu,/job:localhost/replica:0/task:0/device:MUSA:0,9.0,0.009
HL7ORPNAMX,MatMul,/job:localhost/replica:0/task:0/device:MUSA:0,9.0,0.009
mbUlS8EkYL,ConcatV2,/job:localhost/replica:0/task:0/device:MUSA:0,9.0,0.009
6Gmy2v5sre,MatMul,/job:localhost/replica:0/task:0/device:MUSA:0,9.0,0.009
AlqUZtyXJK,Relu,/job:localhost/replica:0/task:0/device:MUSA:0,9.0,0.009
tqBdsexW9X,MatMul,/job:localhost/replica:0/task:0/device:MUSA:0,9.0,0.009
lbGEgr8TZF,MatMul,/job:localhost/replica:0/task:0/device:MUSA:0,9.0,0.009
jGiwrLMCT3,AddV2,/job:localhost/replica:0/task:0/device:MUSA:0,9.0,0.009
rl2SciU3ap,Pow,/job:localhost/replica:0/task:0/device:MUSA:0,9.0,0.009
TAmkCE8xt1,AddV2,/job:localhost/replica:0/task:0/device:MUSA:0,9.0,0.009
L16l4kXQHM,Prod,/job:localhost/replica:0/task:0/device:MUSA:0,9.0,0.009
0CG7SX8bhJ,MatMul,/job:localhost/replica:0/task:0/device:MUSA:0,9.0,0.009
ksmt43LCYq,Add,/job:localhost/replica:0/task:0/device:MUSA:0,9.0,0.009
XHmb3GJkrl,MatMul,/job:localhost/replica:0/task:0/device:MUSA:0,9.0,0.009
82FZnXHKbO,Mul,/job:localhost/replica:0/task:0/device:MUSA:0,9.0,0.009
TuIogj0qeE,MatMul,/job:localhost/replica:0/task:0/device:MUSA:0,9.0,0.009
Egyn0Ke63z,MatMul,/job:localhost/replica:0/task:0/device:MUSA:0,9.0,0.009
WNkgs24TM1,Relu,/job:localhost/replica:0/task:0/device:MUSA:0,9.0,0.009
RAelmDGCnQ,MatMul,/job:localhost/replica:0/task:0/device:MUSA:0,9.0,0.009
CJKuIf7ZQw,MatMul,/job:localhost/replica:0/task:0/device:MUSA:0,9.0,0.009
ZiFTAxvEIX,Pack,/job:localhost/replica:0/task:0/device:MUSA:0,9.0,0.009
VLzhQceEa9,Pow,/job:localhost/replica:0/task:0/device:MUSA:0,9.0,0.009
knFOSYwa2b,AddV2,/job:localhost/replica:0/task:0/device:MUSA:0,9.0,0.009
GB1mzHbXI5,Reshape,/job:localhost/replica:0/task:0/device:MUSA:0,9.0,0.009
yta4p5NKmS,Pow,/job:localhost/replica:0/task:0/device:MUSA:0,9.0,0.009
lKvbeh9Qg4,Add,/job:localhost/replica:0/task:0/device:MUSA:0,9.0,0.009
Tgz65YhyJj,Prod,/job:localhost/replica:0/task:0/device:MUSA:0,9.0,0.009
n0uDgMjPkv,MatMul,/job:localhost/replica:0/task:0/device:MUSA:0,9.0,0.009
8mHi5NLc7P,Prod,/job:localhost/replica:0/task:0/device:MUSA:0,9.0,0.009
UPqj5LlFwM,MatMul,/job:localhost/replica:0/task:0/device:MUSA:0,9.0,0.009
Eb6WQ5yi8J,Prod,/job:localhost/replica:0/task:0/device:MUSA:0,9.0,0.009
7Xsby0a1MZ,Pack,/job:localhost/replica:0/task:0/device:MUSA:0,9.0,0.009
3RHtiMQB6D,Transpose,/job:localhost/replica:0/task:0/device:MUSA:0,9.0,0.009
lIRJcubvG1,Pack,/job:localhost/replica:0/task:0/device:MUSA:0,9.0,0.009
YN8isx5dV7,Relu,/job:localhost/replica:0/task:0/device:MUSA:0,9.0,0.009
Olu8rpU05D,Cast,/job:localhost/replica:0/task:0/device:MUSA:0,9.0,0.009
rBU8G7MEcw,Reshape,/job:localhost/replica:0/task:0/device:MUSA:0,9.0,0.009
tLnkDf35XA,Mul,/job:localhost/replica:0/task:0/device:MUSA:0,9.0,0.009
FaDQUMuo2s,Pack,/job:localhost/replica:0/task:0/device:MUSA:0,9.0,0.009
ZoFnDWRCmE,Pack,/job:localhost/replica:0/task:0/device:MUSA:0,9.0,0.009
J9Cyfkdo0r,AddV2,/job:localhost/replica:0/task:0/device:MUSA:0,9.0,0.009
8q1znQtbHG,Pow,/job:localhost/replica:0/task:0/device:MUSA:0,9.0,0.009
50EgqHIimK,RealDiv,/job:localhost/replica:0/task:0/device:MUSA:0,9.0,0.009
pcqQnNO0Wm,Rsqrt,/job:localhost/replica:0/task:0/device:MUSA:0,9.0,0.009
FHNxeSjf1u,ConcatV2,/job:localhost/replica:0/task:0/device:MUSA:0,9.0,0.009
tgE150wBka,ConcatV2,/job:localhost/replica:0/task:0/device:MUSA:0,9.0,0.009
5NcobhiByG,Pow,/job:localhost/replica:0/task:0/device:MUSA:0,9.0,0.009
vE3uj0BCQZ,Pow,/job:localhost/replica:0/task:0/device:MUSA:0,9.0,0.009
nPx9Q5Jpqc,RealDiv,/job:localhost/replica:0/task:0/device:MUSA:0,9.0,0.009
qFXtLYmlUj,Mul,/job:localhost/replica:0/task:0/device:MUSA:0,9.0,0.009
hJKu6xwosf,RealDiv,/job:localhost/replica:0/task:0/device:MUSA:0,9.0,0.009
ArithmeticOptimizer/AddOpsRewrite_Internal_0_I7NQqt2OhB,Add,/job:localhost/replica:0/task:0/device:MUSA:0,9.0,0.009
gDjtwiaHUW,Pow,/job:localhost/replica:0/task:0/device:MUSA:0,9.0,0.009
uvg6BInXwy,Pow,/job:localhost/replica:0/task:0/device:MUSA:0,9.0,0.009
flr1UCa9Is,Pow,/job:localhost/replica:0/task:0/device:MUSA:0,9.0,0.009
Z2xRn36O0t,RealDiv,/job:localhost/replica:0/task:0/device:MUSA:0,9.0,0.009
8UvE351yFc,Mul,/job:localhost/replica:0/task:0/device:MUSA:0,9.0,0.009
4Bvtknzqsa,Mul,/job:localhost/replica:0/task:0/device:MUSA:0,9.0,0.009
EXu6xo8myG,RealDiv,/job:localhost/replica:0/task:0/device:MUSA:0,9.0,0.009
1ZgsQocCkn,Reshape,/job:localhost/replica:0/task:0/device:MUSA:0,9.0,0.009
IAE3ZvRTwW,Unpack,/job:localhost/replica:0/task:0/device:MUSA:0,9.0,0.009
2b4SD31IMF,Pow,/job:localhost/replica:0/task:0/device:MUSA:0,9.0,0.009
cBNG1hPiqM,AddV2,/job:localhost/replica:0/task:0/device:MUSA:0,9.0,0.009
RqfjluYscE,Cast,/job:localhost/replica:0/task:0/device:MUSA:0,9.0,0.009
o2dE7hFfal,Prod,/job:localhost/replica:0/task:0/device:MUSA:0,9.0,0.009
HdP7LfijB2,Sub,/job:localhost/replica:0/task:0/device:MUSA:0,9.0,0.009
aHQWs1jAoK,Pack,/job:localhost/replica:0/task:0/device:MUSA:0,9.0,0.009
IpUP2jZYCo,Pow,/job:localhost/replica:0/task:0/device:MUSA:0,9.0,0.009
J5v2oC97lx,Sub,/job:localhost/replica:0/task:0/device:MUSA:0,9.0,0.009
ce3sYgStjJ,Mul,/job:localhost/replica:0/task:0/device:MUSA:0,9.0,0.009
yq64cguSb9,RealDiv,/job:localhost/replica:0/task:0/device:MUSA:0,9.0,0.009
LSMwV2OD61,Transpose,/job:localhost/replica:0/task:0/device:MUSA:0,9.0,0.009
bDUIBWmyvA,Unpack,/job:localhost/replica:0/task:0/device:MUSA:0,9.0,0.009
Us1EABXNzx,Pow,/job:localhost/replica:0/task:0/device:MUSA:0,9.0,0.009
KJd1ChOPuF,Mul,/job:localhost/replica:0/task:0/device:MUSA:0,9.0,0.009
WkCuXG9S7y,Sub,/job:localhost/replica:0/task:0/device:MUSA:0,9.0,0.009
cd72HOQ3UD,Pow,/job:localhost/replica:0/task:0/device:MUSA:0,9.0,0.009
by2alJGXwR,Add,/job:localhost/replica:0/task:0/device:MUSA:0,9.0,0.009
2u5C4g9VDG,Sub,/job:localhost/replica:0/task:0/device:MUSA:0,9.0,0.009
En9fUJCzY3,Prod,/job:localhost/replica:0/task:0/device:MUSA:0,9.0,0.009
0UL9Ry5WNC,AddV2,/job:localhost/replica:0/task:0/device:MUSA:0,9.0,0.009
oiI0ctAanU,Sub,/job:localhost/replica:0/task:0/device:MUSA:0,9.0,0.009
saL2d74BCY,Pow,/job:localhost/replica:0/task:0/device:MUSA:0,9.0,0.009
qIZSiJvzPe,Cast,/job:localhost/replica:0/task:0/device:MUSA:0,9.0,0.009
M4YdxysCUw,Add,/job:localhost/replica:0/task:0/device:MUSA:0,9.0,0.009
HNmFzxli4R,AddV2,/job:localhost/replica:0/task:0/device:MUSA:0,9.0,0.009
J1wgyfDFkG,Mul,/job:localhost/replica:0/task:0/device:MUSA:0,9.0,0.009
FE3y5H9gXb,Add,/job:localhost/replica:0/task:0/device:MUSA:0,9.0,0.009
agqJ42UN31,Sub,/job:localhost/replica:0/task:0/device:MUSA:0,9.0,0.009
PfzlVMykIn,MatMul,/job:localhost/replica:0/task:0/device:MUSA:0,9.0,0.009
T4bicdYrpR,Prod,/job:localhost/replica:0/task:0/device:MUSA:0,9.0,0.009
pexU0PIrjD,Pack,/job:localhost/replica:0/task:0/device:MUSA:0,9.0,0.009
t4osecG8zu,Add,/job:localhost/replica:0/task:0/device:MUSA:0,9.0,0.009
UTMjLk2xS4,ConcatV2,/job:localhost/replica:0/task:0/device:MUSA:0,9.0,0.009
hjIm6V5Xyo,AddV2,/job:localhost/replica:0/task:0/device:MUSA:0,9.0,0.009
Q7ks4cIDpe,Fill,/job:localhost/replica:0/task:0/device:MUSA:0,9.0,0.009
tFeNXEUqbG,MatMul,/job:localhost/replica:0/task:0/device:MUSA:0,9.0,0.009
mylLYrNBe3,Relu,/job:localhost/replica:0/task:0/device:MUSA:0,9.0,0.009
TWeGQSZpfd,Pow,/job:localhost/replica:0/task:0/device:MUSA:0,9.0,0.009
SFkIflRvbr,Relu,/job:localhost/replica:0/task:0/device:MUSA:0,9.0,0.009
TMK84gDlyU,ExpandDims,/job:localhost/replica:0/task:0/device:MUSA:0,9.0,0.009
8rhNR4SKB0,Pow,/job:localhost/replica:0/task:0/device:MUSA:0,9.0,0.009
zILPk6XTcp,Pow,/job:localhost/replica:0/task:0/device:MUSA:0,9.0,0.009
t8CFHcf9N3,Sub,/job:localhost/replica:0/task:0/device:MUSA:0,9.0,0.009
P0QaueIcBX,AddV2,/job:localhost/replica:0/task:0/device:MUSA:0,9.0,0.009
DsiMWUcdq5,Mean,/job:localhost/replica:0/task:0/device:MUSA:0,9.0,0.009
MsJTKi2pwx,Maximum,/job:localhost/replica:0/task:0/device:MUSA:0,9.0,0.009
G1UoxYBfeQ,Maximum,/job:localhost/replica:0/task:0/device:MUSA:0,9.0,0.009
cF0UrH234Z,IsNan,/job:localhost/replica:0/task:0/device:MUSA:0,9.0,0.009
1CRN2OjpSe,Fill,/job:localhost/replica:0/task:0/device:MUSA:0,9.0,0.009
Qj5cPZzbdu,Fill,/job:localhost/replica:0/task:0/device:MUSA:0,9.0,0.009
ciKzIVxXkG,Minimum,/job:localhost/replica:0/task:0/device:MUSA:0,9.0,0.009
IuKFwMrLWs,Maximum,/job:localhost/replica:0/task:0/device:MUSA:0,9.0,0.009
cXiywO08SB,Fill,/job:localhost/replica:0/task:0/device:MUSA:0,9.0,0.009
zFtQr1e2DI,RealDiv,/job:localhost/replica:0/task:0/device:MUSA:0,9.0,0.009
1o9p4a5uwE,Mul,/job:localhost/replica:0/task:0/device:MUSA:0,9.0,0.009
gdfymCzcT9,Log,/job:localhost/replica:0/task:0/device:MUSA:0,9.0,0.009
ISeCJzZRk1,Pow,/job:localhost/replica:0/task:0/device:MUSA:0,9.0,0.009
NC9keEltbI,Pow,/job:localhost/replica:0/task:0/device:MUSA:0,9.0,0.009
w219LHpmAe,RealDiv,/job:localhost/replica:0/task:0/device:MUSA:0,9.0,0.009
xk2b49sEjM,Pow,/job:localhost/replica:0/task:0/device:MUSA:0,9.0,0.009
b9cQrKF1Iv,Exp,/job:localhost/replica:0/task:0/device:MUSA:0,9.0,0.009
TF0urZWmVB,Mul,/job:localhost/replica:0/task:0/device:MUSA:0,9.0,0.009
KczFqB2k9p,Pow,/job:localhost/replica:0/task:0/device:MUSA:0,9.0,0.009
GSir0B8HUy,Sigmoid,/job:localhost/replica:0/task:0/device:MUSA:0,9.0,0.009
p6XCKWYyxq,Sub,/job:localhost/replica:0/task:0/device:MUSA:0,9.0,0.009
ibjKG46CUZ,Pow,/job:localhost/replica:0/task:0/device:MUSA:0,9.0,0.009
CW3gLBXlaw,Pow,/job:localhost/replica:0/task:0/device:MUSA:0,9.0,0.009
3CXYOJa98w,Rsqrt,/job:localhost/replica:0/task:0/device:MUSA:0,9.0,0.009
nXC4ufIZ3y,Rsqrt,/job:localhost/replica:0/task:0/device:MUSA:0,9.0,0.009
haJe82ntos,Sub,/job:localhost/replica:0/task:0/device:MUSA:0,9.0,0.009
zJk1KsWmRV,StridedSlice,/job:localhost/replica:0/task:0/device:MUSA:0,9.0,0.009
h2AXbdPvjs,ConcatV2,/job:localhost/replica:0/task:0/device:MUSA:0,9.0,0.009
yiMK0sqDUv,ConcatV2,/job:localhost/replica:0/task:0/device:MUSA:0,9.0,0.009
EgVH4uW7NZ,GatherV2,/job:localhost/replica:0/task:0/device:MUSA:0,9.0,0.009
ClXtsiuOk7,Cast,/job:localhost/replica:0/task:0/device:CPU:0,8.0,0.008
bVOm8NuKGB,Shape,/job:localhost/replica:0/task:0/device:MUSA:0,8.0,0.008
kQt7ir3X6A,Reshape,/job:localhost/replica:0/task:0/device:MUSA:0,8.0,0.008
7B24AQEYjP,Reshape,/job:localhost/replica:0/task:0/device:MUSA:0,8.0,0.008
FuXyH8rtx5,Mul,/job:localhost/replica:0/task:0/device:MUSA:0,8.0,0.008
K7o4gTQaYF,Reshape,/job:localhost/replica:0/task:0/device:MUSA:0,8.0,0.008
dDfum0ep7h,Reshape,/job:localhost/replica:0/task:0/device:MUSA:0,8.0,0.008
2KSbFpXuve,Reshape,/job:localhost/replica:0/task:0/device:MUSA:0,8.0,0.008
EkXL5fuv1I,Reshape,/job:localhost/replica:0/task:0/device:MUSA:0,8.0,0.008
mLIC0zQ2dc,Reshape,/job:localhost/replica:0/task:0/device:MUSA:0,8.0,0.008
HbEZgFz7i4,Reshape,/job:localhost/replica:0/task:0/device:MUSA:0,8.0,0.008
Wm4CFzOlaB,Reshape,/job:localhost/replica:0/task:0/device:MUSA:0,8.0,0.008
msOwpUtGZ9,Reshape,/job:localhost/replica:0/task:0/device:MUSA:0,8.0,0.008
rohj1z3uac,Add,/job:localhost/replica:0/task:0/device:MUSA:0,8.0,0.008
8jFDMq1UVG,Pow,/job:localhost/replica:0/task:0/device:MUSA:0,8.0,0.008
JiFaWReE1Y,Reshape,/job:localhost/replica:0/task:0/device:MUSA:0,8.0,0.008
ConstantFolding/hJKu6xwosf_recip,RealDiv,/job:localhost/replica:0/task:0/device:MUSA:0,8.0,0.008
G9WnSozwV0,Const,/job:localhost/replica:0/task:0/device:MUSA:0,8.0,0.008
AJmOqroj90,Reshape,/job:localhost/replica:0/task:0/device:MUSA:0,8.0,0.008
C9lV38obeA,Reshape,/job:localhost/replica:0/task:0/device:MUSA:0,8.0,0.008
WkVtMBLn82,Const,/job:localhost/replica:0/task:0/device:MUSA:0,8.0,0.008
QIVhuAYdZ9,Const,/job:localhost/replica:0/task:0/device:MUSA:0,8.0,0.008
VZlHcwJ8LN,Reshape,/job:localhost/replica:0/task:0/device:MUSA:0,8.0,0.008
ChRym50fVr,Const,/job:localhost/replica:0/task:0/device:MUSA:0,8.0,0.008
tmoFXWzcPR,Reshape,/job:localhost/replica:0/task:0/device:MUSA:0,8.0,0.008
wxnKVc4ZQs,Reshape,/job:localhost/replica:0/task:0/device:MUSA:0,8.0,0.008
jKYeNzcrLC,Reshape,/job:localhost/replica:0/task:0/device:MUSA:0,8.0,0.008
Rq1KJ8xT5b,Reshape,/job:localhost/replica:0/task:0/device:MUSA:0,8.0,0.008
6UJ7tuYPf3,Const,/job:localhost/replica:0/task:0/device:MUSA:0,8.0,0.008
gqDiPs76wY,Const,/job:localhost/replica:0/task:0/device:MUSA:0,8.0,0.008
uC71j2aIK6,Reshape,/job:localhost/replica:0/task:0/device:MUSA:0,8.0,0.008
aRVylWbtBG,Const,/job:localhost/replica:0/task:0/device:MUSA:0,8.0,0.008
sgxl3kOHhc,Reshape,/job:localhost/replica:0/task:0/device:MUSA:0,8.0,0.008
7rCUKLJXR2,Const,/job:localhost/replica:0/task:0/device:MUSA:0,8.0,0.008
0rNliYzny1,Reshape,/job:localhost/replica:0/task:0/device:MUSA:0,8.0,0.008
nPsuNdVtZT,Const,/job:localhost/replica:0/task:0/device:MUSA:0,8.0,0.008
Jvudr8bx2W,Const,/job:localhost/replica:0/task:0/device:MUSA:0,8.0,0.008
EOoUKmDGVN,Reshape,/job:localhost/replica:0/task:0/device:MUSA:0,8.0,0.008
9SWrNqn8da,Const,/job:localhost/replica:0/task:0/device:MUSA:0,8.0,0.008
wP7WmBFkOd,Const,/job:localhost/replica:0/task:0/device:MUSA:0,8.0,0.008
nP37eUSrF1,Reshape,/job:localhost/replica:0/task:0/device:MUSA:0,8.0,0.008
YouRfvEhsy,Equal,/job:localhost/replica:0/task:0/device:MUSA:0,8.0,0.008
QqzbUd2McB,Equal,/job:localhost/replica:0/task:0/device:MUSA:0,8.0,0.008
dHZPAjYR2b,LogicalOr,/job:localhost/replica:0/task:0/device:MUSA:0,8.0,0.008
Imu9WAT3Pg,ExpandDims,/job:localhost/replica:0/task:0/device:MUSA:0,8.0,0.008
G6B2lfMgFK,Pow,/job:localhost/replica:0/task:0/device:MUSA:0,8.0,0.008
IsCpyRHAGD,Sub,/job:localhost/replica:0/task:0/device:MUSA:0,8.0,0.008
nkUvsejQuf,LogicalAnd,/job:localhost/replica:0/task:0/device:MUSA:0,8.0,0.008
tqWrkL4mzx,Tile,/job:localhost/replica:0/task:0/device:MUSA:0,8.0,0.008
NeilArv8DC,GatherV2,/job:localhost/replica:0/task:0/device:MUSA:0,8.0,0.008
5HEKFRGqWj,GatherV2,/job:localhost/replica:0/task:0/device:MUSA:0,8.0,0.008
aWDF9VHzY3,Add,/job:localhost/replica:0/task:0/device:MUSA:0,8.0,0.008
RLvQXoksCe,Prod,/job:localhost/replica:0/task:0/device:MUSA:0,8.0,0.008
ConstantFolding/CUaEeb2PjW_const_axis,Pack,/job:localhost/replica:0/task:0/device:MUSA:0,8.0,0.008
aBsTCSuend,MatMul,/job:localhost/replica:0/task:0/device:MUSA:0,8.0,0.008
zbdKWpwCe0,MatMul,/job:localhost/replica:0/task:0/device:MUSA:0,8.0,0.008
HLPcRBlyvC,ConcatV2,/job:localhost/replica:0/task:0/device:MUSA:0,8.0,0.008
IsPWNupDd3,MatMul,/job:localhost/replica:0/task:0/device:MUSA:0,8.0,0.008
ADOKeFf3rp,ConcatV2,/job:localhost/replica:0/task:0/device:MUSA:0,8.0,0.008
oqGfSEstrn,Sub,/job:localhost/replica:0/task:0/device:MUSA:0,8.0,0.008
y6GF37TKJO,MatMul,/job:localhost/replica:0/task:0/device:MUSA:0,8.0,0.008
L3H0OsqtKA,MatMul,/job:localhost/replica:0/task:0/device:MUSA:0,8.0,0.008
wVBmdaeqgR,RealDiv,/job:localhost/replica:0/task:0/device:MUSA:0,8.0,0.008
6ExOtci7NX,Mul,/job:localhost/replica:0/task:0/device:MUSA:0,8.0,0.008
NfsoFAar04,Sum,/job:localhost/replica:0/task:0/device:MUSA:0,8.0,0.008
Y9rcJiOkxL,Sub,/job:localhost/replica:0/task:0/device:MUSA:0,8.0,0.008
SVd7l0cKk4,Prod,/job:localhost/replica:0/task:0/device:MUSA:0,8.0,0.008
qOxAlwjL5E,Add,/job:localhost/replica:0/task:0/device:MUSA:0,8.0,0.008
bq2OhtAyGI,RealDiv,/job:localhost/replica:0/task:0/device:MUSA:0,8.0,0.008
ArithmeticOptimizer/AddOpsRewrite_7CpmGdvZqK,Add,/job:localhost/replica:0/task:0/device:MUSA:0,8.0,0.008
s7kJuPHQNg,MatMul,/job:localhost/replica:0/task:0/device:MUSA:0,8.0,0.008
7hzQgcxdX9,Add,/job:localhost/replica:0/task:0/device:MUSA:0,8.0,0.008
xz4icsapgF,MatMul,/job:localhost/replica:0/task:0/device:MUSA:0,8.0,0.008
c1xM98GZ0k,ConcatV2,/job:localhost/replica:0/task:0/device:MUSA:0,8.0,0.008
Mexrvw0PKQ,Relu,/job:localhost/replica:0/task:0/device:MUSA:0,8.0,0.008
BWOTUf9vSD,Relu,/job:localhost/replica:0/task:0/device:MUSA:0,8.0,0.008
rJD6AwNxtk,MatMul,/job:localhost/replica:0/task:0/device:MUSA:0,8.0,0.008
xjgLdPv1O9,Sub,/job:localhost/replica:0/task:0/device:MUSA:0,8.0,0.008
LOjX7mhnd0,Mul,/job:localhost/replica:0/task:0/device:MUSA:0,8.0,0.008
jlNq0HITK3,MatMul,/job:localhost/replica:0/task:0/device:MUSA:0,8.0,0.008
s1eT7cCRFh,RealDiv,/job:localhost/replica:0/task:0/device:MUSA:0,8.0,0.008
MtFfKoNPGj,Relu,/job:localhost/replica:0/task:0/device:MUSA:0,8.0,0.008
gITKYWrn2Q,MatMul,/job:localhost/replica:0/task:0/device:MUSA:0,8.0,0.008
U5Yl0PAbtC,MatMul,/job:localhost/replica:0/task:0/device:MUSA:0,8.0,0.008
ZsI2DnRc87,AddV2,/job:localhost/replica:0/task:0/device:MUSA:0,8.0,0.008
fUgI09YMak,Sub,/job:localhost/replica:0/task:0/device:MUSA:0,8.0,0.008
S1Hp53xujI,MatMul,/job:localhost/replica:0/task:0/device:MUSA:0,8.0,0.008
AVg9tjJEu3,Add,/job:localhost/replica:0/task:0/device:MUSA:0,8.0,0.008
n4JF1VpNkS,ConcatV2,/job:localhost/replica:0/task:0/device:MUSA:0,8.0,0.008
hqJpMOsnUB,Square,/job:localhost/replica:0/task:0/device:MUSA:0,8.0,0.008
ZjyQ0R5b7C,MatMul,/job:localhost/replica:0/task:0/device:MUSA:0,8.0,0.008
GJzRIHqeNt,Relu,/job:localhost/replica:0/task:0/device:MUSA:0,8.0,0.008
wuzxBOFDQp,Relu,/job:localhost/replica:0/task:0/device:MUSA:0,8.0,0.008
avhnDSFN5J,Minimum,/job:localhost/replica:0/task:0/device:MUSA:0,8.0,0.008
vKLySMI731,MatMul,/job:localhost/replica:0/task:0/device:MUSA:0,8.0,0.008
Wjrt0yoXLQ,AddV2,/job:localhost/replica:0/task:0/device:MUSA:0,8.0,0.008
4jI6qgcdHx,Relu,/job:localhost/replica:0/task:0/device:MUSA:0,8.0,0.008
nKqvYhBQe5,Sub,/job:localhost/replica:0/task:0/device:MUSA:0,8.0,0.008
oSGuIrbnXh,Prod,/job:localhost/replica:0/task:0/device:MUSA:0,8.0,0.008
hn4iTVLEYv,MatMul,/job:localhost/replica:0/task:0/device:MUSA:0,8.0,0.008
HnsBUy7CtL,Relu,/job:localhost/replica:0/task:0/device:MUSA:0,8.0,0.008
JWmX4SEUjd,MatMul,/job:localhost/replica:0/task:0/device:MUSA:0,8.0,0.008
1qFXgHKpLe,Pack,/job:localhost/replica:0/task:0/device:MUSA:0,8.0,0.008
EnqgCcaYDo,Pack,/job:localhost/replica:0/task:0/device:MUSA:0,8.0,0.008
X6e8kr2Z7E,StridedSlice,/job:localhost/replica:0/task:0/device:MUSA:0,8.0,0.008
kAJnVgwjse,StridedSlice,/job:localhost/replica:0/task:0/device:MUSA:0,8.0,0.008
v2rYIq4Zuk,Sub,/job:localhost/replica:0/task:0/device:MUSA:0,8.0,0.008
5oPmjcV4Bl,Mean,/job:localhost/replica:0/task:0/device:MUSA:0,8.0,0.008
ChNzaXUxFJ,Add,/job:localhost/replica:0/task:0/device:MUSA:0,8.0,0.008
UpbiQD8zOB,AddV2,/job:localhost/replica:0/task:0/device:MUSA:0,8.0,0.008
WHwsEQjdlp,Reshape,/job:localhost/replica:0/task:0/device:MUSA:0,8.0,0.008
751sBTwP0k,Relu,/job:localhost/replica:0/task:0/device:MUSA:0,8.0,0.008
E9rcXbzpfO,Relu,/job:localhost/replica:0/task:0/device:MUSA:0,8.0,0.008
7z3WjBGqxF,Relu,/job:localhost/replica:0/task:0/device:MUSA:0,8.0,0.008
lswn8uVvtQ,Reshape,/job:localhost/replica:0/task:0/device:MUSA:0,8.0,0.008
SBN7Av0Qtd,AddV2,/job:localhost/replica:0/task:0/device:MUSA:0,8.0,0.008
O4VlSB56We,AddV2,/job:localhost/replica:0/task:0/device:MUSA:0,8.0,0.008
2KC35V7zZU,Sub,/job:localhost/replica:0/task:0/device:MUSA:0,8.0,0.008
zjx9OVB0Kv,Pow,/job:localhost/replica:0/task:0/device:MUSA:0,8.0,0.008
rwPQx6t31T,Sub,/job:localhost/replica:0/task:0/device:MUSA:0,8.0,0.008
HokAls1mFf,Sub,/job:localhost/replica:0/task:0/device:MUSA:0,8.0,0.008
baPHFYmOIE,Log,/job:localhost/replica:0/task:0/device:MUSA:0,8.0,0.008
V9mgsMwc74,Log,/job:localhost/replica:0/task:0/device:MUSA:0,8.0,0.008
YZwKzR8eqv,AddV2,/job:localhost/replica:0/task:0/device:MUSA:0,8.0,0.008
ZfrzHcxj7t,Sub,/job:localhost/replica:0/task:0/device:MUSA:0,8.0,0.008
ybTqhHepAg,RealDiv,/job:localhost/replica:0/task:0/device:MUSA:0,8.0,0.008
6H3CpKODT9,Add,/job:localhost/replica:0/task:0/device:MUSA:0,8.0,0.008
UszhOleLj2,Pow,/job:localhost/replica:0/task:0/device:MUSA:0,8.0,0.008
mQ8sY9ZtPA,Add,/job:localhost/replica:0/task:0/device:MUSA:0,8.0,0.008
Cje2JKMDo4,Sub,/job:localhost/replica:0/task:0/device:MUSA:0,8.0,0.008
bvMscLiQHa,RealDiv,/job:localhost/replica:0/task:0/device:MUSA:0,8.0,0.008
Hdi8KuotJ3,Pow,/job:localhost/replica:0/task:0/device:MUSA:0,8.0,0.008
HaCouQg6vh,Mul,/job:localhost/replica:0/task:0/device:MUSA:0,8.0,0.008
PqckAe0j4B,Sub,/job:localhost/replica:0/task:0/device:MUSA:0,8.0,0.008
L09bB5K6eM,Mul,/job:localhost/replica:0/task:0/device:MUSA:0,8.0,0.008
3tXNdkuviV,Pow,/job:localhost/replica:0/task:0/device:MUSA:0,8.0,0.008
NlxKLBpniF,Pow,/job:localhost/replica:0/task:0/device:MUSA:0,8.0,0.008
YcxeGUSI3R,Sum,/job:localhost/replica:0/task:0/device:MUSA:0,8.0,0.008
whfjpUYDlr,RealDiv,/job:localhost/replica:0/task:0/device:MUSA:0,8.0,0.008
6oq3V0aJZb,Transpose,/job:localhost/replica:0/task:0/device:MUSA:0,8.0,0.008
tOBg6jncLW,RealDiv,/job:localhost/replica:0/task:0/device:MUSA:0,8.0,0.008
FV1vDLBG0a,Sub,/job:localhost/replica:0/task:0/device:MUSA:0,8.0,0.008
sxHgkFPceD,Pow,/job:localhost/replica:0/task:0/device:MUSA:0,8.0,0.008
VsyH4oFI0j,AddV2,/job:localhost/replica:0/task:0/device:MUSA:0,8.0,0.008
g5S0HsWkYR,Log,/job:localhost/replica:0/task:0/device:MUSA:0,8.0,0.008
PdmxGVTo6Q,Pack,/job:localhost/replica:0/task:0/device:MUSA:0,8.0,0.008
mwogAYibGP,RealDiv,/job:localhost/replica:0/task:0/device:MUSA:0,8.0,0.008
bTR6CYmjlX,RealDiv,/job:localhost/replica:0/task:0/device:MUSA:0,8.0,0.008
AXx4K6U1lo,Pow,/job:localhost/replica:0/task:0/device:MUSA:0,8.0,0.008
KTgEuX61ot,Cast,/job:localhost/replica:0/task:0/device:MUSA:0,8.0,0.008
9kxqnbiZgJ,Transpose,/job:localhost/replica:0/task:0/device:MUSA:0,8.0,0.008
8cwGkzUox2,Sum,/job:localhost/replica:0/task:0/device:MUSA:0,8.0,0.008
7Wl5LjPhN4,Pow,/job:localhost/replica:0/task:0/device:MUSA:0,8.0,0.008
OcZxDiq2XE,Pack,/job:localhost/replica:0/task:0/device:MUSA:0,8.0,0.008
sOl2k168n7,Add,/job:localhost/replica:0/task:0/device:MUSA:0,8.0,0.008
XlbNuZkTzK,Reshape,/job:localhost/replica:0/task:0/device:MUSA:0,8.0,0.008
UGSukOyoiP,Pack,/job:localhost/replica:0/task:0/device:MUSA:0,8.0,0.008
DKG13p974m,Mul,/job:localhost/replica:0/task:0/device:MUSA:0,8.0,0.008
CnbremlohU,RealDiv,/job:localhost/replica:0/task:0/device:MUSA:0,8.0,0.008
62PtlJCETv,Pow,/job:localhost/replica:0/task:0/device:MUSA:0,8.0,0.008
rhxMls02f9,AddV2,/job:localhost/replica:0/task:0/device:MUSA:0,8.0,0.008
SVvxzbqhLX,RealDiv,/job:localhost/replica:0/task:0/device:MUSA:0,8.0,0.008
ug1oYH85KL,RealDiv,/job:localhost/replica:0/task:0/device:MUSA:0,8.0,0.008
NF03edCYq8,Add,/job:localhost/replica:0/task:0/device:MUSA:0,8.0,0.008
2PhKVtMyp9,Pack,/job:localhost/replica:0/task:0/device:MUSA:0,8.0,0.008
YQVHzlLvxP,Mul,/job:localhost/replica:0/task:0/device:MUSA:0,8.0,0.008
saYQIOU6BP,AddV2,/job:localhost/replica:0/task:0/device:MUSA:0,8.0,0.008
T1EfKxdGiM,Rsqrt,/job:localhost/replica:0/task:0/device:MUSA:0,8.0,0.008
iVaZ6BdQ2e,Log,/job:localhost/replica:0/task:0/device:MUSA:0,8.0,0.008
IEVR93CuFb,Fill,/job:localhost/replica:0/task:0/device:MUSA:0,8.0,0.008
xt8WeBaylK,MatMul,/job:localhost/replica:0/task:0/device:MUSA:0,8.0,0.008
iFj06aAHMv,Relu,/job:localhost/replica:0/task:0/device:MUSA:0,8.0,0.008
srmd8BIPLQ,RealDiv,/job:localhost/replica:0/task:0/device:MUSA:0,8.0,0.008
tVyEksfQaR,RealDiv,/job:localhost/replica:0/task:0/device:MUSA:0,8.0,0.008
5FyCoSJLcj,AddV2,/job:localhost/replica:0/task:0/device:MUSA:0,8.0,0.008
zCpHrSTbxP,Mean,/job:localhost/replica:0/task:0/device:MUSA:0,8.0,0.008
t4FDolOZpV,Rsqrt,/job:localhost/replica:0/task:0/device:MUSA:0,8.0,0.008
y5iTQqbnAl,Pow,/job:localhost/replica:0/task:0/device:MUSA:0,8.0,0.008
QYJNzW3dFZ,ConcatV2,/job:localhost/replica:0/task:0/device:MUSA:0,8.0,0.008
YdWhomyM2V,RealDiv,/job:localhost/replica:0/task:0/device:MUSA:0,8.0,0.008
wJnTxCjP1o,Pow,/job:localhost/replica:0/task:0/device:MUSA:0,8.0,0.008
VMupFJvGTc,Relu,/job:localhost/replica:0/task:0/device:MUSA:0,8.0,0.008
Top6lxwEui,MatMul,/job:localhost/replica:0/task:0/device:MUSA:0,8.0,0.008
lGzALW4BM3,Relu,/job:localhost/replica:0/task:0/device:MUSA:0,8.0,0.008
W9t7RkubOs,Relu,/job:localhost/replica:0/task:0/device:MUSA:0,8.0,0.008
QCTKaNcfRp,Relu,/job:localhost/replica:0/task:0/device:MUSA:0,8.0,0.008
fVQe50KRFS,MatMul,/job:localhost/replica:0/task:0/device:MUSA:0,8.0,0.008
KPfAMylFUc,BatchMatMulV2,/job:localhost/replica:0/task:0/device:MUSA:0,8.0,0.008
Yog9pEPLAk,Prod,/job:localhost/replica:0/task:0/device:MUSA:0,8.0,0.008
25RPjvXE4U,BatchMatMulV2,/job:localhost/replica:0/task:0/device:MUSA:0,8.0,0.008
Y4JCTo13wK,BatchMatMulV2,/job:localhost/replica:0/task:0/device:MUSA:0,8.0,0.008
vPk6ZFrY3o,MatMul,/job:localhost/replica:0/task:0/device:MUSA:0,8.0,0.008
B9Gsv85ZAH,Relu,/job:localhost/replica:0/task:0/device:MUSA:0,8.0,0.008
l9K5H6DgWj,MatMul,/job:localhost/replica:0/task:0/device:MUSA:0,8.0,0.008
WdCbBfpJZt,Relu,/job:localhost/replica:0/task:0/device:MUSA:0,8.0,0.008
4q28THJ1lC,Pow,/job:localhost/replica:0/task:0/device:MUSA:0,8.0,0.008
Mdq70gONWD,Minimum,/job:localhost/replica:0/task:0/device:MUSA:0,8.0,0.008
sv4KtyBjn5,IsNan,/job:localhost/replica:0/task:0/device:MUSA:0,8.0,0.008
aeThtnwI0L,RealDiv,/job:localhost/replica:0/task:0/device:MUSA:0,8.0,0.008
yQs5JE9z1f,Pow,/job:localhost/replica:0/task:0/device:MUSA:0,8.0,0.008
reASU5fEba,Exp,/job:localhost/replica:0/task:0/device:MUSA:0,8.0,0.008
zldun6YWU2,Mul,/job:localhost/replica:0/task:0/device:MUSA:0,8.0,0.008
Qu3acg1Xj5,Log,/job:localhost/replica:0/task:0/device:MUSA:0,8.0,0.008
P9vyQnEGcL,Sigmoid,/job:localhost/replica:0/task:0/device:MUSA:0,8.0,0.008
GMJV5WplYr,Rsqrt,/job:localhost/replica:0/task:0/device:MUSA:0,8.0,0.008
NIJwQ4dSTs,AddV2,/job:localhost/replica:0/task:0/device:MUSA:0,8.0,0.008
DzeVKvOrqt,Pow,/job:localhost/replica:0/task:0/device:MUSA:0,8.0,0.008
GaUy6sMVYl,AddV2,/job:localhost/replica:0/task:0/device:MUSA:0,8.0,0.008
TBJeuKDIb8,Add,/job:localhost/replica:0/task:0/device:MUSA:0,8.0,0.008
ouLICA25DO,AddV2,/job:localhost/replica:0/task:0/device:MUSA:0,8.0,0.008
gLrUSMTO94,Sub,/job:localhost/replica:0/task:0/device:MUSA:0,8.0,0.008
QLJEvg32o5,Mul,/job:localhost/replica:0/task:0/device:MUSA:0,8.0,0.008
Lumvpj4TNM,Tanh,/job:localhost/replica:0/task:0/device:MUSA:0,8.0,0.008
LMQImW1vTo,Tanh,/job:localhost/replica:0/task:0/device:MUSA:0,8.0,0.008
XFjWmJ5odR,AddV2,/job:localhost/replica:0/task:0/device:MUSA:0,8.0,0.008
TSDhrUAs2i,RealDiv,/job:localhost/replica:0/task:0/device:MUSA:0,8.0,0.008
4bvF63ZAOK,RealDiv,/job:localhost/replica:0/task:0/device:MUSA:0,8.0,0.008
emG7uVrso9,Pow,/job:localhost/replica:0/task:0/device:MUSA:0,8.0,0.008
s1w5kib6rj,AddV2,/job:localhost/replica:0/task:0/device:MUSA:0,8.0,0.008
NsQ94FPp1W,Pow,/job:localhost/replica:0/task:0/device:MUSA:0,8.0,0.008
MqWAQFLPBz,StridedSlice,/job:localhost/replica:0/task:0/device:MUSA:0,8.0,0.008
T83SXwLrWN,Prod,/job:localhost/replica:0/task:0/device:MUSA:0,8.0,0.008
swkZYVdzuh,Prod,/job:localhost/replica:0/task:0/device:MUSA:0,8.0,0.008
ConstantFolding/mS5YCXyIeO_const_axis,Pack,/job:localhost/replica:0/task:0/device:MUSA:0,8.0,0.008
WIxUAGhcqb,Pack,/job:localhost/replica:0/task:0/device:MUSA:0,8.0,0.008
j0NgHw2Vov,Pack,/job:localhost/replica:0/task:0/device:MUSA:0,8.0,0.008
GY5h1gjS9s,ConcatV2,/job:localhost/replica:0/task:0/device:MUSA:0,8.0,0.008
2wUjXZSy0D,ConcatV2,/job:localhost/replica:0/task:0/device:MUSA:0,8.0,0.008
fvGB6MxORw,GatherV2,/job:localhost/replica:0/task:0/device:MUSA:0,8.0,0.008
UPJKj5HWiq,GatherV2,/job:localhost/replica:0/task:0/device:MUSA:0,8.0,0.008
psqZoARVzd,Where,/job:localhost/replica:0/task:0/device:CPU:0,7.0,0.007
1cyCShNVOj,Sign,/job:localhost/replica:0/task:0/device:MUSA:0,7.0,0.007
qBLKduiZDP,Shape,/job:localhost/replica:0/task:0/device:MUSA:0,7.0,0.007
9u6EPD0g1h,Reshape,/job:localhost/replica:0/task:0/device:MUSA:0,7.0,0.007
LI83ZsRj7x,Sub,/job:localhost/replica:0/task:0/device:MUSA:0,7.0,0.007
hXtaUpBRPV,Reshape,/job:localhost/replica:0/task:0/device:MUSA:0,7.0,0.007
jtFxGPL9DO,Const,/job:localhost/replica:0/task:0/device:MUSA:0,7.0,0.007
VYI0NharkK,Const,/job:localhost/replica:0/task:0/device:MUSA:0,7.0,0.007
TJPdeYyqiX,Reshape,/job:localhost/replica:0/task:0/device:MUSA:0,7.0,0.007
omK83Pj62q,Add,/job:localhost/replica:0/task:0/device:MUSA:0,7.0,0.007
iMIl8nwbTV,RealDiv,/job:localhost/replica:0/task:0/device:MUSA:0,7.0,0.007
sxCzu53hca,AddV2,/job:localhost/replica:0/task:0/device:MUSA:0,7.0,0.007
5FMzyRiPI2,Reshape,/job:localhost/replica:0/task:0/device:MUSA:0,7.0,0.007
AEb86pQGr9,Reshape,/job:localhost/replica:0/task:0/device:MUSA:0,7.0,0.007
Azl7uELZKT,Reshape,/job:localhost/replica:0/task:0/device:MUSA:0,7.0,0.007
UbjmvthRGF,Sub,/job:localhost/replica:0/task:0/device:MUSA:0,7.0,0.007
nbBVmAfPOz,Reshape,/job:localhost/replica:0/task:0/device:MUSA:0,7.0,0.007
t6a3xoD0f5,Reshape,/job:localhost/replica:0/task:0/device:MUSA:0,7.0,0.007
GqzILknNbO,Reshape,/job:localhost/replica:0/task:0/device:MUSA:0,7.0,0.007
HXxdFVBUyu,Const,/job:localhost/replica:0/task:0/device:MUSA:0,7.0,0.007
0k1pLDhc4V,Reshape,/job:localhost/replica:0/task:0/device:MUSA:0,7.0,0.007
SDWOQ0PFGf,RealDiv,/job:localhost/replica:0/task:0/device:MUSA:0,7.0,0.007
7jVEnhAqsz,Reshape,/job:localhost/replica:0/task:0/device:MUSA:0,7.0,0.007
sbKjJXrkiu,Const,/job:localhost/replica:0/task:0/device:MUSA:0,7.0,0.007
XQlEyIZWuA,Reshape,/job:localhost/replica:0/task:0/device:MUSA:0,7.0,0.007
DJ2S81LEIP,ExpandDims,/job:localhost/replica:0/task:0/device:MUSA:0,7.0,0.007
MRSqHKV1bJ,Reshape,/job:localhost/replica:0/task:0/device:MUSA:0,7.0,0.007
OY6al1i3Mj,Const,/job:localhost/replica:0/task:0/device:MUSA:0,7.0,0.007
hQrC5pKGfD,Reshape,/job:localhost/replica:0/task:0/device:MUSA:0,7.0,0.007
Ce70scz51S,Const,/job:localhost/replica:0/task:0/device:MUSA:0,7.0,0.007
do9YeLmrKG,Const,/job:localhost/replica:0/task:0/device:MUSA:0,7.0,0.007
mDbQB5F4Kf,Reshape,/job:localhost/replica:0/task:0/device:MUSA:0,7.0,0.007
cW6y4UZwne,StridedSlice,/job:localhost/replica:0/task:0/device:MUSA:0,7.0,0.007
sukLPISzxd,Const,/job:localhost/replica:0/task:0/device:MUSA:0,7.0,0.007
CJHkLXINOK,Const,/job:localhost/replica:0/task:0/device:MUSA:0,7.0,0.007
OT2wXIxqNR,Const,/job:localhost/replica:0/task:0/device:MUSA:0,7.0,0.007
EQyVqXr2YT,Const,/job:localhost/replica:0/task:0/device:MUSA:0,7.0,0.007
YQvXrck37V,StridedSlice,/job:localhost/replica:0/task:0/device:MUSA:0,7.0,0.007
1UlthN94sV,Const,/job:localhost/replica:0/task:0/device:MUSA:0,7.0,0.007
lAr0yjDtaf,Shape,/job:localhost/replica:0/task:0/device:MUSA:0,7.0,0.007
cDTJxY4Q96,Reshape,/job:localhost/replica:0/task:0/device:MUSA:0,7.0,0.007
APUqRB06zb,Const,/job:localhost/replica:0/task:0/device:MUSA:0,7.0,0.007
ConstantFolding/mavSjye53Q_recip,RealDiv,/job:localhost/replica:0/task:0/device:MUSA:0,7.0,0.007
SZYF8OaMPw,Reshape,/job:localhost/replica:0/task:0/device:MUSA:0,7.0,0.007
IX5Sjqvf1N,Reshape,/job:localhost/replica:0/task:0/device:MUSA:0,7.0,0.007
T4YldCuD5P,Const,/job:localhost/replica:0/task:0/device:MUSA:0,7.0,0.007
g5ip40yQ2j,Reshape,/job:localhost/replica:0/task:0/device:MUSA:0,7.0,0.007
zqoljmc5IN,Reshape,/job:localhost/replica:0/task:0/device:MUSA:0,7.0,0.007
2Lfudm3JES,AddV2,/job:localhost/replica:0/task:0/device:MUSA:0,7.0,0.007
EnvLHKP5rp,Const,/job:localhost/replica:0/task:0/device:MUSA:0,7.0,0.007
QmiYwWKzsq,Const,/job:localhost/replica:0/task:0/device:MUSA:0,7.0,0.007
Bx3b7qhZKs,Reshape,/job:localhost/replica:0/task:0/device:MUSA:0,7.0,0.007
Cy3Q7I4dBl,Const,/job:localhost/replica:0/task:0/device:MUSA:0,7.0,0.007
2MHAiqC7ed,Const,/job:localhost/replica:0/task:0/device:MUSA:0,7.0,0.007
mCSP5ZDvHx,Reshape,/job:localhost/replica:0/task:0/device:MUSA:0,7.0,0.007
S3JmUWqZTn,Reshape,/job:localhost/replica:0/task:0/device:MUSA:0,7.0,0.007
VTF4mYJkHD,Sub,/job:localhost/replica:0/task:0/device:MUSA:0,7.0,0.007
l5qFVzZKcA,Reshape,/job:localhost/replica:0/task:0/device:MUSA:0,7.0,0.007
ConstantFolding/s1eT7cCRFh_recip,RealDiv,/job:localhost/replica:0/task:0/device:MUSA:0,7.0,0.007
7gR2wMU3qK,Const,/job:localhost/replica:0/task:0/device:MUSA:0,7.0,0.007
a8GRWXz3CP,Const,/job:localhost/replica:0/task:0/device:MUSA:0,7.0,0.007
6hdXRSlzmv,Reshape,/job:localhost/replica:0/task:0/device:MUSA:0,7.0,0.007
POY9vRA0bK,Reshape,/job:localhost/replica:0/task:0/device:MUSA:0,7.0,0.007
Dr7YnVGZbs,Reshape,/job:localhost/replica:0/task:0/device:MUSA:0,7.0,0.007
VPfwNYZaT4,Reshape,/job:localhost/replica:0/task:0/device:MUSA:0,7.0,0.007
BjY96voK0s,Reshape,/job:localhost/replica:0/task:0/device:MUSA:0,7.0,0.007
TQmpPhLxt6,Reshape,/job:localhost/replica:0/task:0/device:MUSA:0,7.0,0.007
XnBK3U2m1b,Reshape,/job:localhost/replica:0/task:0/device:MUSA:0,7.0,0.007
CsXeDypBU4,Reshape,/job:localhost/replica:0/task:0/device:MUSA:0,7.0,0.007
5THWbghl7o,Const,/job:localhost/replica:0/task:0/device:MUSA:0,7.0,0.007
S5hL14jNqG,Maximum,/job:localhost/replica:0/task:0/device:MUSA:0,7.0,0.007
WYj16I53NV,Equal,/job:localhost/replica:0/task:0/device:MUSA:0,7.0,0.007
aBdwcQSojF,Minimum,/job:localhost/replica:0/task:0/device:MUSA:0,7.0,0.007
43PEi1pDwN,NotEqual,/job:localhost/replica:0/task:0/device:MUSA:0,7.0,0.007
GWO6iPma1N,StridedSlice,/job:localhost/replica:0/task:0/device:MUSA:0,7.0,0.007
toiRl231Qr,Mul,/job:localhost/replica:0/task:0/device:MUSA:0,7.0,0.007
3afeL5mtMr,Tile,/job:localhost/replica:0/task:0/device:MUSA:0,7.0,0.007
uDLHOv3U08,Tile,/job:localhost/replica:0/task:0/device:MUSA:0,7.0,0.007
3JGp4UjrAu,NotEqual,/job:localhost/replica:0/task:0/device:MUSA:0,7.0,0.007
sb9PDkz4V3,RandomUniform,/job:localhost/replica:0/task:0/device:MUSA:0,7.0,0.007
RzAmjWXht1,RandomUniform,/job:localhost/replica:0/task:0/device:MUSA:0,7.0,0.007
2mctN75uHK,Fill,/job:localhost/replica:0/task:0/device:MUSA:0,7.0,0.007
A63nMdEwTJ,Less,/job:localhost/replica:0/task:0/device:MUSA:0,7.0,0.007
M37bYjnyeF,MatMul,/job:localhost/replica:0/task:0/device:MUSA:0,7.0,0.007
1V0d78vMe4,ConcatV2,/job:localhost/replica:0/task:0/device:MUSA:0,7.0,0.007
WD4nJEKhrm,MatMul,/job:localhost/replica:0/task:0/device:MUSA:0,7.0,0.007
h9HmKp6sib,RealDiv,/job:localhost/replica:0/task:0/device:MUSA:0,7.0,0.007
RGiXtshFVo,ConcatV2,/job:localhost/replica:0/task:0/device:MUSA:0,7.0,0.007
z8LH9We5qa,MatMul,/job:localhost/replica:0/task:0/device:MUSA:0,7.0,0.007
1rIxnv4bLR,Pow,/job:localhost/replica:0/task:0/device:MUSA:0,7.0,0.007
gy8RfIoijn,Mul,/job:localhost/replica:0/task:0/device:MUSA:0,7.0,0.007
J8wpEgjHZN,Pow,/job:localhost/replica:0/task:0/device:MUSA:0,7.0,0.007
NGjVXWQmew,MatMul,/job:localhost/replica:0/task:0/device:MUSA:0,7.0,0.007
BMrDvGCaSu,MatMul,/job:localhost/replica:0/task:0/device:MUSA:0,7.0,0.007
4ZcEtlbsGz,MatMul,/job:localhost/replica:0/task:0/device:MUSA:0,7.0,0.007
nDr7NKslqL,Pow,/job:localhost/replica:0/task:0/device:MUSA:0,7.0,0.007
ijImc80Kq6,ConcatV2,/job:localhost/replica:0/task:0/device:MUSA:0,7.0,0.007
M6XR3nY4tv,Relu,/job:localhost/replica:0/task:0/device:MUSA:0,7.0,0.007
4ClhMWRaj5,Relu,/job:localhost/replica:0/task:0/device:MUSA:0,7.0,0.007
Zr0iOHPDjt,MatMul,/job:localhost/replica:0/task:0/device:MUSA:0,7.0,0.007
MjmKlbTY0O,MatMul,/job:localhost/replica:0/task:0/device:MUSA:0,7.0,0.007
wOZHfBqdg9,Add,/job:localhost/replica:0/task:0/device:MUSA:0,7.0,0.007
mpowQl9UxZ,Tanh,/job:localhost/replica:0/task:0/device:MUSA:0,7.0,0.007
Rzh8SF6B7x,RealDiv,/job:localhost/replica:0/task:0/device:MUSA:0,7.0,0.007
T4whoFu21j,Relu,/job:localhost/replica:0/task:0/device:MUSA:0,7.0,0.007
PYwFdOakte,Add,/job:localhost/replica:0/task:0/device:MUSA:0,7.0,0.007
qjyX9BZJuc,ConcatV2,/job:localhost/replica:0/task:0/device:MUSA:0,7.0,0.007
MV9UbwPDcX,Pow,/job:localhost/replica:0/task:0/device:MUSA:0,7.0,0.007
1Td6ri40M2,Sub,/job:localhost/replica:0/task:0/device:MUSA:0,7.0,0.007
yX2I580OPx,Reshape,/job:localhost/replica:0/task:0/device:MUSA:0,7.0,0.007
3tW7gCPGV2,Reshape,/job:localhost/replica:0/task:0/device:MUSA:0,7.0,0.007
hjFEAx3c7a,Relu,/job:localhost/replica:0/task:0/device:MUSA:0,7.0,0.007
kJCxRto2i8,MatMul,/job:localhost/replica:0/task:0/device:MUSA:0,7.0,0.007
eQ5v74q8zs,Cast,/job:localhost/replica:0/task:0/device:MUSA:0,7.0,0.007
7m5LXBghvJ,Relu,/job:localhost/replica:0/task:0/device:MUSA:0,7.0,0.007
PcWtg28KqG,Relu,/job:localhost/replica:0/task:0/device:MUSA:0,7.0,0.007
IMK1LshW0m,Relu,/job:localhost/replica:0/task:0/device:MUSA:0,7.0,0.007
rngZE45ivK,Relu,/job:localhost/replica:0/task:0/device:MUSA:0,7.0,0.007
PIR0uw7ja4,Add,/job:localhost/replica:0/task:0/device:MUSA:0,7.0,0.007
ArithmeticOptimizer/AddOpsRewrite_Leaf_0_ahP39SJTlw,AddV2,/job:localhost/replica:0/task:0/device:MUSA:0,7.0,0.007
13tKVhEoM8,AddV2,/job:localhost/replica:0/task:0/device:MUSA:0,7.0,0.007
aDP0LtTiEs,Sub,/job:localhost/replica:0/task:0/device:MUSA:0,7.0,0.007
17qvL4lPQM,AddV2,/job:localhost/replica:0/task:0/device:MUSA:0,7.0,0.007
L5nsDdK6yG,RealDiv,/job:localhost/replica:0/task:0/device:MUSA:0,7.0,0.007
Bqvzlo8C7k,Mul,/job:localhost/replica:0/task:0/device:MUSA:0,7.0,0.007
PLDKsrzN2x,Cast,/job:localhost/replica:0/task:0/device:MUSA:0,7.0,0.007
N20OPu4VlK,Sum,/job:localhost/replica:0/task:0/device:MUSA:0,7.0,0.007
ArithmeticOptimizer/AddOpsRewrite_Leaf_1_N140Vy2L8F,Add,/job:localhost/replica:0/task:0/device:MUSA:0,7.0,0.007
BM5lbtd79u,StridedSlice,/job:localhost/replica:0/task:0/device:MUSA:0,7.0,0.007
4ZfOKlW3PI,Pow,/job:localhost/replica:0/task:0/device:MUSA:0,7.0,0.007
xDgoe83Erd,Cast,/job:localhost/replica:0/task:0/device:MUSA:0,7.0,0.007
ht7Pu9cZBN,Transpose,/job:localhost/replica:0/task:0/device:MUSA:0,7.0,0.007
nyTXJAwxo6,Add,/job:localhost/replica:0/task:0/device:MUSA:0,7.0,0.007
xMskCFdL0g,Add,/job:localhost/replica:0/task:0/device:MUSA:0,7.0,0.007
ArithmeticOptimizer/AddOpsRewrite_jkXVBvKzIS,AddV2,/job:localhost/replica:0/task:0/device:MUSA:0,7.0,0.007
xWI8N7A5Vc,RealDiv,/job:localhost/replica:0/task:0/device:MUSA:0,7.0,0.007
dNc0eSFypr,Add,/job:localhost/replica:0/task:0/device:MUSA:0,7.0,0.007
ArithmeticOptimizer/AddOpsRewrite_Leaf_1_NmnIhkjc7z,AddV2,/job:localhost/replica:0/task:0/device:MUSA:0,7.0,0.007
dY2TGDqaRs,RealDiv,/job:localhost/replica:0/task:0/device:MUSA:0,7.0,0.007
QXbtCnDNek,Pow,/job:localhost/replica:0/task:0/device:MUSA:0,7.0,0.007
ArithmeticOptimizer/AddOpsRewrite_54X1wez3Wa,Add,/job:localhost/replica:0/task:0/device:MUSA:0,7.0,0.007
61y0dq9PLO,RealDiv,/job:localhost/replica:0/task:0/device:MUSA:0,7.0,0.007
1inlaeH2oZ,Rsqrt,/job:localhost/replica:0/task:0/device:MUSA:0,7.0,0.007
oUWIlnXCx2,RealDiv,/job:localhost/replica:0/task:0/device:MUSA:0,7.0,0.007
zO1ewYy8Dk,Sub,/job:localhost/replica:0/task:0/device:MUSA:0,7.0,0.007
XJhRxg5iqM,Rsqrt,/job:localhost/replica:0/task:0/device:MUSA:0,7.0,0.007
csO89TzJbH,Sub,/job:localhost/replica:0/task:0/device:MUSA:0,7.0,0.007
96XthVoYjT,Add,/job:localhost/replica:0/task:0/device:MUSA:0,7.0,0.007
lUC8NOAVcr,Rsqrt,/job:localhost/replica:0/task:0/device:MUSA:0,7.0,0.007
RsXL04rU57,Pack,/job:localhost/replica:0/task:0/device:MUSA:0,7.0,0.007
3ekdWGAUKN,Pow,/job:localhost/replica:0/task:0/device:MUSA:0,7.0,0.007
31vKZzqW2Y,Cast,/job:localhost/replica:0/task:0/device:MUSA:0,7.0,0.007
zbJg4WcnwA,Sub,/job:localhost/replica:0/task:0/device:MUSA:0,7.0,0.007
mFKxlbrHR4,AddV2,/job:localhost/replica:0/task:0/device:MUSA:0,7.0,0.007
aDCIU2kmKb,Cast,/job:localhost/replica:0/task:0/device:MUSA:0,7.0,0.007
bHwoE0h53O,Cast,/job:localhost/replica:0/task:0/device:MUSA:0,7.0,0.007
wSufdoBZkH,Mul,/job:localhost/replica:0/task:0/device:MUSA:0,7.0,0.007
xK3Igfw5yX,Add,/job:localhost/replica:0/task:0/device:MUSA:0,7.0,0.007
aekiI4DRLo,Sub,/job:localhost/replica:0/task:0/device:MUSA:0,7.0,0.007
mcASb9LxXK,Rsqrt,/job:localhost/replica:0/task:0/device:MUSA:0,7.0,0.007
8MsjK6Lb52,Sub,/job:localhost/replica:0/task:0/device:MUSA:0,7.0,0.007
BNQnhFk8jX,Pow,/job:localhost/replica:0/task:0/device:MUSA:0,7.0,0.007
ClbYMZ98xO,Sub,/job:localhost/replica:0/task:0/device:MUSA:0,7.0,0.007
Mad28i3IxZ,Add,/job:localhost/replica:0/task:0/device:MUSA:0,7.0,0.007
FboqOChnXP,Log,/job:localhost/replica:0/task:0/device:MUSA:0,7.0,0.007
FTzBey0HgE,Log,/job:localhost/replica:0/task:0/device:MUSA:0,7.0,0.007
LJRKvcfbCH,RealDiv,/job:localhost/replica:0/task:0/device:MUSA:0,7.0,0.007
bQiE647hM0,Sigmoid,/job:localhost/replica:0/task:0/device:MUSA:0,7.0,0.007
SEhAU2e7WL,Add,/job:localhost/replica:0/task:0/device:MUSA:0,7.0,0.007
MB2gVWYrv5,AddV2,/job:localhost/replica:0/task:0/device:MUSA:0,7.0,0.007
K7Rpr0Vjgl,Neg,/job:localhost/replica:0/task:0/device:MUSA:0,7.0,0.007
JFzyW4Qu2i,Pow,/job:localhost/replica:0/task:0/device:MUSA:0,7.0,0.007
puv4Xw3oAL,Mul,/job:localhost/replica:0/task:0/device:MUSA:0,7.0,0.007
e7g8tZFwBJ,Prod,/job:localhost/replica:0/task:0/device:MUSA:0,7.0,0.007
6YSgWzcnNP,Sub,/job:localhost/replica:0/task:0/device:MUSA:0,7.0,0.007
xCXJ1lmdsP,AddV2,/job:localhost/replica:0/task:0/device:MUSA:0,7.0,0.007
D4UMwovfsZ,Sub,/job:localhost/replica:0/task:0/device:MUSA:0,7.0,0.007
edDRMEfvwh,AddV2,/job:localhost/replica:0/task:0/device:MUSA:0,7.0,0.007
kHhTqBajVd,Relu,/job:localhost/replica:0/task:0/device:MUSA:0,7.0,0.007
wHI1i4ndSG,Relu,/job:localhost/replica:0/task:0/device:MUSA:0,7.0,0.007
8IuiYWDUv7,MatMul,/job:localhost/replica:0/task:0/device:MUSA:0,7.0,0.007
N1XsGWKEHI,Relu,/job:localhost/replica:0/task:0/device:MUSA:0,7.0,0.007
X1euSoqORD,Relu,/job:localhost/replica:0/task:0/device:MUSA:0,7.0,0.007
TeAaBI4lNs,MatMul,/job:localhost/replica:0/task:0/device:MUSA:0,7.0,0.007
KzRQOWrEvs,Relu,/job:localhost/replica:0/task:0/device:MUSA:0,7.0,0.007
pqJ0h2VjKd,Relu,/job:localhost/replica:0/task:0/device:MUSA:0,7.0,0.007
mCrbOl3P7n,Mul,/job:localhost/replica:0/task:0/device:MUSA:0,7.0,0.007
ZvKBWze6dC,Prod,/job:localhost/replica:0/task:0/device:MUSA:0,7.0,0.007
c6Qtdbqa8D,Sub,/job:localhost/replica:0/task:0/device:MUSA:0,7.0,0.007
urwcFC3nlO,IsNan,/job:localhost/replica:0/task:0/device:MUSA:0,7.0,0.007
uPCiYfe4yl,Mul,/job:localhost/replica:0/task:0/device:MUSA:0,7.0,0.007
VFPIk7q2m1,Maximum,/job:localhost/replica:0/task:0/device:MUSA:0,7.0,0.007
vchb2znmuA,IsNan,/job:localhost/replica:0/task:0/device:MUSA:0,7.0,0.007
K30gdXSkZY,Fill,/job:localhost/replica:0/task:0/device:MUSA:0,7.0,0.007
Y9NtBRE02I,Fill,/job:localhost/replica:0/task:0/device:MUSA:0,7.0,0.007
uizcrXC5oK,Sigmoid,/job:localhost/replica:0/task:0/device:MUSA:0,7.0,0.007
uGX8YcLP3m,Exp,/job:localhost/replica:0/task:0/device:MUSA:0,7.0,0.007
d8mSlECopn,Add,/job:localhost/replica:0/task:0/device:MUSA:0,7.0,0.007
ih7DMfb1m8,Exp,/job:localhost/replica:0/task:0/device:MUSA:0,7.0,0.007
JSzfMnN9EZ,Exp,/job:localhost/replica:0/task:0/device:MUSA:0,7.0,0.007
5NVfnMvPix,Fill,/job:localhost/replica:0/task:0/device:MUSA:0,7.0,0.007
8xOIswM6ql,Exp,/job:localhost/replica:0/task:0/device:MUSA:0,7.0,0.007
vPQxOLfHiu,Rsqrt,/job:localhost/replica:0/task:0/device:MUSA:0,7.0,0.007
rcseAV1EfT,Tanh,/job:localhost/replica:0/task:0/device:MUSA:0,7.0,0.007
OCfdE08TXp,Pow,/job:localhost/replica:0/task:0/device:MUSA:0,7.0,0.007
3ZRj705i9n,AddV2,/job:localhost/replica:0/task:0/device:MUSA:0,7.0,0.007
TQECZLlMSD,AddV2,/job:localhost/replica:0/task:0/device:MUSA:0,7.0,0.007
MxrdCK5SHq,RealDiv,/job:localhost/replica:0/task:0/device:MUSA:0,7.0,0.007
RYGjQSpkxH,Add,/job:localhost/replica:0/task:0/device:MUSA:0,7.0,0.007
fl6KTSuWJO,AddV2,/job:localhost/replica:0/task:0/device:MUSA:0,7.0,0.007
AlbFeNvROM,Pow,/job:localhost/replica:0/task:0/device:MUSA:0,7.0,0.007
rWXTcGVSbg,Rsqrt,/job:localhost/replica:0/task:0/device:MUSA:0,7.0,0.007
VdP6LSikgx,AddV2,/job:localhost/replica:0/task:0/device:MUSA:0,7.0,0.007
qK9C3F8Bzw,AddV2,/job:localhost/replica:0/task:0/device:MUSA:0,7.0,0.007
rL4zlQcK9B,Mul,/job:localhost/replica:0/task:0/device:MUSA:0,7.0,0.007
HJDIKOiwYP,Add,/job:localhost/replica:0/task:0/device:MUSA:0,7.0,0.007
jHzDl4iABg,Mul,/job:localhost/replica:0/task:0/device:MUSA:0,7.0,0.007
Xu6DVzcUbQ,Add,/job:localhost/replica:0/task:0/device:MUSA:0,7.0,0.007
0EFnf6NMWl,Sub,/job:localhost/replica:0/task:0/device:MUSA:0,7.0,0.007
lQuk2pKabH,Pow,/job:localhost/replica:0/task:0/device:MUSA:0,7.0,0.007
PtfQs6BL1I,Mul,/job:localhost/replica:0/task:0/device:MUSA:0,7.0,0.007
QKAwCYHDnJ,Pow,/job:localhost/replica:0/task:0/device:MUSA:0,7.0,0.007
zGZtIgOFKo,RealDiv,/job:localhost/replica:0/task:0/device:MUSA:0,7.0,0.007
cI4QkY37Vs,RealDiv,/job:localhost/replica:0/task:0/device:MUSA:0,7.0,0.007
kuc73q68mn,Sigmoid,/job:localhost/replica:0/task:0/device:MUSA:0,7.0,0.007
ANTQ0KyX7z,RealDiv,/job:localhost/replica:0/task:0/device:MUSA:0,7.0,0.007
5qSe4Rx2z9,RealDiv,/job:localhost/replica:0/task:0/device:MUSA:0,7.0,0.007
NwmI4Gqiog,Sub,/job:localhost/replica:0/task:0/device:MUSA:0,7.0,0.007
6OMiNcW7Hw,RealDiv,/job:localhost/replica:0/task:0/device:MUSA:0,7.0,0.007
O2B4vtykqT,Prod,/job:localhost/replica:0/task:0/device:MUSA:0,7.0,0.007
5h8aOnp6v7,ConcatV2,/job:localhost/replica:0/task:0/device:MUSA:0,7.0,0.007
Ekw8qlCpPB,ConcatV2,/job:localhost/replica:0/task:0/device:MUSA:0,7.0,0.007
tRO8K7HkFp,GatherV2,/job:localhost/replica:0/task:0/device:MUSA:0,7.0,0.007
gNtZpwVTWi,GatherV2,/job:localhost/replica:0/task:0/device:MUSA:0,7.0,0.007
xDXLUyPFvn,Prod,/job:localhost/replica:0/task:0/device:MUSA:0,7.0,0.007
fW6rmlPvhK,Mean,/job:localhost/replica:0/task:0/device:MUSA:0,7.0,0.007
Dz0LQOuwU2,Prod,/job:localhost/replica:0/task:0/device:MUSA:0,7.0,0.007
Cy50fxFr1z,Cast,/job:localhost/replica:0/task:0/device:CPU:0,6.0,0.006
Nt0UubvYpm,Where,/job:localhost/replica:0/task:0/device:CPU:0,6.0,0.006
HOf5Pux4Ap,Where,/job:localhost/replica:0/task:0/device:CPU:0,6.0,0.006
ieZVQTX0Ib,Where,/job:localhost/replica:0/task:0/device:CPU:0,6.0,0.006
izaOW8AXe6,Shape,/job:localhost/replica:0/task:0/device:MUSA:0,6.0,0.006
rohIKDZcuA,RealDiv,/job:localhost/replica:0/task:0/device:MUSA:0,6.0,0.006
UdFZBCTqG4,Const,/job:localhost/replica:0/task:0/device:MUSA:0,6.0,0.006
t47XSePg6s,Reshape,/job:localhost/replica:0/task:0/device:MUSA:0,6.0,0.006
1C4iYdELkg,Const,/job:localhost/replica:0/task:0/device:MUSA:0,6.0,0.006
TZJfm9W5Nn,Reshape,/job:localhost/replica:0/task:0/device:MUSA:0,6.0,0.006
UVyMFHdLD8,Const,/job:localhost/replica:0/task:0/device:MUSA:0,6.0,0.006
RKCDZaq5SE,Reshape,/job:localhost/replica:0/task:0/device:MUSA:0,6.0,0.006
OWrBEVKYGo,Const,/job:localhost/replica:0/task:0/device:MUSA:0,6.0,0.006
wWvFlJGSXq,Reshape,/job:localhost/replica:0/task:0/device:MUSA:0,6.0,0.006
plj5hXurE8,Reshape,/job:localhost/replica:0/task:0/device:MUSA:0,6.0,0.006
Zp2P0wV7Ja,Const,/job:localhost/replica:0/task:0/device:MUSA:0,6.0,0.006
6UR7Q8fyFO,Reshape,/job:localhost/replica:0/task:0/device:MUSA:0,6.0,0.006
toY19iub6T,Reshape,/job:localhost/replica:0/task:0/device:MUSA:0,6.0,0.006
ArfP5gkeMH,Reshape,/job:localhost/replica:0/task:0/device:MUSA:0,6.0,0.006
N5LqSIzGiD,Reshape,/job:localhost/replica:0/task:0/device:MUSA:0,6.0,0.006
R3cZVplaGN,Reshape,/job:localhost/replica:0/task:0/device:MUSA:0,6.0,0.006
ConstantFolding/5BmQX3N9UI_recip,RealDiv,/job:localhost/replica:0/task:0/device:MUSA:0,6.0,0.006
Ile0VT4htw,AddV2,/job:localhost/replica:0/task:0/device:MUSA:0,6.0,0.006
9hLOpKTGPu,Const,/job:localhost/replica:0/task:0/device:MUSA:0,6.0,0.006
j5SJyVcKkm,Reshape,/job:localhost/replica:0/task:0/device:MUSA:0,6.0,0.006
O08GseijuJ,Reshape,/job:localhost/replica:0/task:0/device:MUSA:0,6.0,0.006
7Mf3kaUcWO,Reshape,/job:localhost/replica:0/task:0/device:MUSA:0,6.0,0.006
Y8TdEkpSjB,Reshape,/job:localhost/replica:0/task:0/device:MUSA:0,6.0,0.006
qHUtduf2e6,RealDiv,/job:localhost/replica:0/task:0/device:MUSA:0,6.0,0.006
urTkb0lEYR,Reshape,/job:localhost/replica:0/task:0/device:MUSA:0,6.0,0.006
0Mj4WDXhPf,Reshape,/job:localhost/replica:0/task:0/device:MUSA:0,6.0,0.006
rLCUeKgTQB,Reshape,/job:localhost/replica:0/task:0/device:MUSA:0,6.0,0.006
6jugkFsedP,Reshape,/job:localhost/replica:0/task:0/device:MUSA:0,6.0,0.006
5K7CoOShy2,Reshape,/job:localhost/replica:0/task:0/device:MUSA:0,6.0,0.006
ANTst3n1Dz,Const,/job:localhost/replica:0/task:0/device:MUSA:0,6.0,0.006
i0la3OyMcN,Sub,/job:localhost/replica:0/task:0/device:MUSA:0,6.0,0.006
twQV4lWRhp,RealDiv,/job:localhost/replica:0/task:0/device:MUSA:0,6.0,0.006
kWwm0bNKe3,Reshape,/job:localhost/replica:0/task:0/device:MUSA:0,6.0,0.006
edMazYs9x5,Const,/job:localhost/replica:0/task:0/device:MUSA:0,6.0,0.006
19WixzV2sk,Const,/job:localhost/replica:0/task:0/device:MUSA:0,6.0,0.006
em5lhSd3XY,Const,/job:localhost/replica:0/task:0/device:MUSA:0,6.0,0.006
gBhNOoaImk,Reshape,/job:localhost/replica:0/task:0/device:MUSA:0,6.0,0.006
MsbZz8tIm9,Reshape,/job:localhost/replica:0/task:0/device:MUSA:0,6.0,0.006
ConstantFolding/wpJzRO9dE8_recip,RealDiv,/job:localhost/replica:0/task:0/device:MUSA:0,6.0,0.006
g8bzhc2HE7,Reshape,/job:localhost/replica:0/task:0/device:MUSA:0,6.0,0.006
DT4OxJ2l0X,Reshape,/job:localhost/replica:0/task:0/device:MUSA:0,6.0,0.006
0WEB9vXeZG,Reshape,/job:localhost/replica:0/task:0/device:MUSA:0,6.0,0.006
tfxRKN38uq,Const,/job:localhost/replica:0/task:0/device:MUSA:0,6.0,0.006
AN1f4wy972,Reshape,/job:localhost/replica:0/task:0/device:MUSA:0,6.0,0.006
ConstantFolding/H3mYURJ9ih_recip,RealDiv,/job:localhost/replica:0/task:0/device:MUSA:0,6.0,0.006
EdjI1mKwTO,AddV2,/job:localhost/replica:0/task:0/device:MUSA:0,6.0,0.006
e6YaK3o10T,StridedSlice,/job:localhost/replica:0/task:0/device:MUSA:0,6.0,0.006
ArithmeticOptimizer/AddOpsRewrite_Leaf_0_54X1wez3Wa,Add,/job:localhost/replica:0/task:0/device:MUSA:0,6.0,0.006
w0SHd4vTYk,Pow,/job:localhost/replica:0/task:0/device:MUSA:0,6.0,0.006
sFL0xwYBCl,Reshape,/job:localhost/replica:0/task:0/device:MUSA:0,6.0,0.006
54FbBZartC,StridedSlice,/job:localhost/replica:0/task:0/device:MUSA:0,6.0,0.006
LgYzARHqUr,Reshape,/job:localhost/replica:0/task:0/device:MUSA:0,6.0,0.006
p72xS5I0kU,Reshape,/job:localhost/replica:0/task:0/device:MUSA:0,6.0,0.006
VBpW0nwH8C,Const,/job:localhost/replica:0/task:0/device:MUSA:0,6.0,0.006
dISp3bNKGe,Const,/job:localhost/replica:0/task:0/device:MUSA:0,6.0,0.006
magFqdR2xz,Const,/job:localhost/replica:0/task:0/device:MUSA:0,6.0,0.006
bFfuTlNDUW,Const,/job:localhost/replica:0/task:0/device:MUSA:0,6.0,0.006
QwYcObNqAx,Const,/job:localhost/replica:0/task:0/device:MUSA:0,6.0,0.006
jpfn8T1uoS,Reshape,/job:localhost/replica:0/task:0/device:MUSA:0,6.0,0.006
NUl87pgS3b,Reshape,/job:localhost/replica:0/task:0/device:MUSA:0,6.0,0.006
Bjaneuf7D4,Reshape,/job:localhost/replica:0/task:0/device:MUSA:0,6.0,0.006
nEVN0kYTjx,RealDiv,/job:localhost/replica:0/task:0/device:MUSA:0,6.0,0.006
FxYETVQlBw,Const,/job:localhost/replica:0/task:0/device:MUSA:0,6.0,0.006
ghM48Os0pW,Reshape,/job:localhost/replica:0/task:0/device:MUSA:0,6.0,0.006
NnySd34tfX,Const,/job:localhost/replica:0/task:0/device:MUSA:0,6.0,0.006
2WYgE6fybS,Reshape,/job:localhost/replica:0/task:0/device:MUSA:0,6.0,0.006
faMExhDlmB,Reshape,/job:localhost/replica:0/task:0/device:MUSA:0,6.0,0.006
DQXWst7bnH,Reshape,/job:localhost/replica:0/task:0/device:MUSA:0,6.0,0.006
LO91dkMFxj,Shape,/job:localhost/replica:0/task:0/device:MUSA:0,6.0,0.006
mjLeck4Fg1,Const,/job:localhost/replica:0/task:0/device:MUSA:0,6.0,0.006
jkosuYCl4d,Const,/job:localhost/replica:0/task:0/device:MUSA:0,6.0,0.006
bZjqRN95BL,Reshape,/job:localhost/replica:0/task:0/device:MUSA:0,6.0,0.006
1koCBEySFz,Reshape,/job:localhost/replica:0/task:0/device:MUSA:0,6.0,0.006
EJZVnr3Wiv,Reshape,/job:localhost/replica:0/task:0/device:MUSA:0,6.0,0.006
Xv9IFkPCec,Reshape,/job:localhost/replica:0/task:0/device:MUSA:0,6.0,0.006
4bs1BN5ore,Reshape,/job:localhost/replica:0/task:0/device:MUSA:0,6.0,0.006
ConstantFolding/yfiUhszF1c_recip,RealDiv,/job:localhost/replica:0/task:0/device:MUSA:0,6.0,0.006
1pWM3TtQEI,Reshape,/job:localhost/replica:0/task:0/device:MUSA:0,6.0,0.006
TfOdB2KMGp,Reshape,/job:localhost/replica:0/task:0/device:MUSA:0,6.0,0.006
OcF7pTlb28,Reshape,/job:localhost/replica:0/task:0/device:MUSA:0,6.0,0.006
ZV6AU3uPlL,Reshape,/job:localhost/replica:0/task:0/device:MUSA:0,6.0,0.006
5TGNo0qv73,Const,/job:localhost/replica:0/task:0/device:MUSA:0,6.0,0.006
BNMkpt9e8O,Const,/job:localhost/replica:0/task:0/device:MUSA:0,6.0,0.006
ke5OYbWgmH,Const,/job:localhost/replica:0/task:0/device:MUSA:0,6.0,0.006
GvVhXnwWRd,Reshape,/job:localhost/replica:0/task:0/device:MUSA:0,6.0,0.006
GupBq230ev,Const,/job:localhost/replica:0/task:0/device:MUSA:0,6.0,0.006
zubyms410f,Const,/job:localhost/replica:0/task:0/device:MUSA:0,6.0,0.006
0fYghAGbcI,Reshape,/job:localhost/replica:0/task:0/device:MUSA:0,6.0,0.006
qEwrSfhUtB,Const,/job:localhost/replica:0/task:0/device:MUSA:0,6.0,0.006
96EIlmT2jU,Reshape,/job:localhost/replica:0/task:0/device:MUSA:0,6.0,0.006
H7PuGIqp2W,Reshape,/job:localhost/replica:0/task:0/device:MUSA:0,6.0,0.006
eCNI7GwVAY,Reshape,/job:localhost/replica:0/task:0/device:MUSA:0,6.0,0.006
Y2GMOvyT5F,Reshape,/job:localhost/replica:0/task:0/device:MUSA:0,6.0,0.006
JmSZRW8P3k,Reshape,/job:localhost/replica:0/task:0/device:MUSA:0,6.0,0.006
Zp3NhUeTPb,Shape,/job:localhost/replica:0/task:0/device:MUSA:0,6.0,0.006
vp02sEkUMX,RandomUniform,/job:localhost/replica:0/task:0/device:MUSA:0,6.0,0.006
PSvsxl8Yjy,Less,/job:localhost/replica:0/task:0/device:MUSA:0,6.0,0.006
vQ6paC3AqK,MatMul,/job:localhost/replica:0/task:0/device:MUSA:0,6.0,0.006
LVsykUI7gG,ConcatV2,/job:localhost/replica:0/task:0/device:MUSA:0,6.0,0.006
aXtr0WjVLk,MatMul,/job:localhost/replica:0/task:0/device:MUSA:0,6.0,0.006
fkN1TFcHdp,ConcatV2,/job:localhost/replica:0/task:0/device:MUSA:0,6.0,0.006
AI2BaVJheY,ConcatV2,/job:localhost/replica:0/task:0/device:MUSA:0,6.0,0.006
9OQpPEwXx1,ConcatV2,/job:localhost/replica:0/task:0/device:MUSA:0,6.0,0.006
9WM62JjXuE,ConcatV2,/job:localhost/replica:0/task:0/device:MUSA:0,6.0,0.006
R2lnhPBWNT,ConcatV2,/job:localhost/replica:0/task:0/device:MUSA:0,6.0,0.006
IbycthUQeM,MatMul,/job:localhost/replica:0/task:0/device:MUSA:0,6.0,0.006
yjDQovWMpZ,Sub,/job:localhost/replica:0/task:0/device:MUSA:0,6.0,0.006
41wBtNgU7y,ConcatV2,/job:localhost/replica:0/task:0/device:MUSA:0,6.0,0.006
fNlYXZkTAQ,ConcatV2,/job:localhost/replica:0/task:0/device:MUSA:0,6.0,0.006
fTL4jOCMJk,MatMul,/job:localhost/replica:0/task:0/device:MUSA:0,6.0,0.006
MhwGgC3eQE,MatMul,/job:localhost/replica:0/task:0/device:MUSA:0,6.0,0.006
HGrVtkBavf,AddV2,/job:localhost/replica:0/task:0/device:MUSA:0,6.0,0.006
2jhrGRaTsB,ConcatV2,/job:localhost/replica:0/task:0/device:MUSA:0,6.0,0.006
16hNBRtKzO,Pow,/job:localhost/replica:0/task:0/device:MUSA:0,6.0,0.006
ZyJguKv6LM,ConcatV2,/job:localhost/replica:0/task:0/device:MUSA:0,6.0,0.006
1jsExLtlbR,MatMul,/job:localhost/replica:0/task:0/device:MUSA:0,6.0,0.006
yNTvOKakxG,AddV2,/job:localhost/replica:0/task:0/device:MUSA:0,6.0,0.006
QOKdHp1JVR,Pow,/job:localhost/replica:0/task:0/device:MUSA:0,6.0,0.006
7VvzY0B5Uj,Sub,/job:localhost/replica:0/task:0/device:MUSA:0,6.0,0.006
rXhbHcK1qF,Pow,/job:localhost/replica:0/task:0/device:MUSA:0,6.0,0.006
KHQYCvr7eS,ExpandDims,/job:localhost/replica:0/task:0/device:MUSA:0,6.0,0.006
Z6fCpLV0xP,ConcatV2,/job:localhost/replica:0/task:0/device:MUSA:0,6.0,0.006
QRtqC3I2ub,MatMul,/job:localhost/replica:0/task:0/device:MUSA:0,6.0,0.006
SKIuYbocWd,Relu,/job:localhost/replica:0/task:0/device:MUSA:0,6.0,0.006
QOaMydNY6R,Pow,/job:localhost/replica:0/task:0/device:MUSA:0,6.0,0.006
sKDJR3Lwzq,Relu,/job:localhost/replica:0/task:0/device:MUSA:0,6.0,0.006
38WukmQw5B,Sub,/job:localhost/replica:0/task:0/device:MUSA:0,6.0,0.006
tARwBNyTYH,ConcatV2,/job:localhost/replica:0/task:0/device:MUSA:0,6.0,0.006
PRCNleEW4w,Relu,/job:localhost/replica:0/task:0/device:MUSA:0,6.0,0.006
9LDGK7mFlx,Sub,/job:localhost/replica:0/task:0/device:MUSA:0,6.0,0.006
aupgywBVOd,MatMul,/job:localhost/replica:0/task:0/device:MUSA:0,6.0,0.006
tE8ojUvzhY,Reshape,/job:localhost/replica:0/task:0/device:MUSA:0,6.0,0.006
S0GLVcWoUQ,Reshape,/job:localhost/replica:0/task:0/device:MUSA:0,6.0,0.006
0VO7Z6ja8z,Reshape,/job:localhost/replica:0/task:0/device:MUSA:0,6.0,0.006
FnluqjkmXg,Pow,/job:localhost/replica:0/task:0/device:MUSA:0,6.0,0.006
FfuOXC8Pvk,Reshape,/job:localhost/replica:0/task:0/device:MUSA:0,6.0,0.006
3Z7oSelKQx,Reshape,/job:localhost/replica:0/task:0/device:MUSA:0,6.0,0.006
SYMzAv7frC,Reshape,/job:localhost/replica:0/task:0/device:MUSA:0,6.0,0.006
BPbHuWrYGe,Relu,/job:localhost/replica:0/task:0/device:MUSA:0,6.0,0.006
baAJKWqgLS,Relu,/job:localhost/replica:0/task:0/device:MUSA:0,6.0,0.006
ArithmeticOptimizer/AddOpsRewrite_ahP39SJTlw,AddV2,/job:localhost/replica:0/task:0/device:MUSA:0,6.0,0.006
DcrGlKZ7Ih,Pow,/job:localhost/replica:0/task:0/device:MUSA:0,6.0,0.006
cUzNEOWh47,Pow,/job:localhost/replica:0/task:0/device:MUSA:0,6.0,0.006
K58pcVuiNH,Pack,/job:localhost/replica:0/task:0/device:MUSA:0,6.0,0.006
jsKn07Z2Ny,Cast,/job:localhost/replica:0/task:0/device:MUSA:0,6.0,0.006
24yi5TasnV,Sum,/job:localhost/replica:0/task:0/device:MUSA:0,6.0,0.006
KRTMOr59qk,AddV2,/job:localhost/replica:0/task:0/device:MUSA:0,6.0,0.006
89R1odDhaq,Cast,/job:localhost/replica:0/task:0/device:MUSA:0,6.0,0.006
gRvNF86Jck,Reshape,/job:localhost/replica:0/task:0/device:MUSA:0,6.0,0.006
wcJMC5kmoP,Pack,/job:localhost/replica:0/task:0/device:MUSA:0,6.0,0.006
WgrL5GtEqH,Mul,/job:localhost/replica:0/task:0/device:MUSA:0,6.0,0.006
8ygPwqAi2x,Pack,/job:localhost/replica:0/task:0/device:MUSA:0,6.0,0.006
amxbokgR0N,Reshape,/job:localhost/replica:0/task:0/device:MUSA:0,6.0,0.006
wB8su5kfXm,Cast,/job:localhost/replica:0/task:0/device:MUSA:0,6.0,0.006
Kai97GpOfF,AddV2,/job:localhost/replica:0/task:0/device:MUSA:0,6.0,0.006
QVsLIFPSGy,Cast,/job:localhost/replica:0/task:0/device:MUSA:0,6.0,0.006
vp1g2X4xn3,Cast,/job:localhost/replica:0/task:0/device:MUSA:0,6.0,0.006
f486jdUYlX,Add,/job:localhost/replica:0/task:0/device:MUSA:0,6.0,0.006
QznhPdjBNX,RealDiv,/job:localhost/replica:0/task:0/device:MUSA:0,6.0,0.006
CgX1Ut8sBV,Reshape,/job:localhost/replica:0/task:0/device:MUSA:0,6.0,0.006
ph3qlHVbCk,Reshape,/job:localhost/replica:0/task:0/device:MUSA:0,6.0,0.006
cE6o2wvTAM,Pack,/job:localhost/replica:0/task:0/device:MUSA:0,6.0,0.006
TVoJ8pw76d,Transpose,/job:localhost/replica:0/task:0/device:MUSA:0,6.0,0.006
QEbCsz80U1,Reshape,/job:localhost/replica:0/task:0/device:MUSA:0,6.0,0.006
G7NXcH405m,Pack,/job:localhost/replica:0/task:0/device:MUSA:0,6.0,0.006
ArithmeticOptimizer/AddOpsRewrite_jr6c8UYsbt,Add,/job:localhost/replica:0/task:0/device:MUSA:0,6.0,0.006
9Nxw3OU7rc,Sub,/job:localhost/replica:0/task:0/device:MUSA:0,6.0,0.006
VcuL4JQAqS,RealDiv,/job:localhost/replica:0/task:0/device:MUSA:0,6.0,0.006
Ti0hMcpY3H,Reshape,/job:localhost/replica:0/task:0/device:MUSA:0,6.0,0.006
ds2oN8CEOA,Pow,/job:localhost/replica:0/task:0/device:MUSA:0,6.0,0.006
GSCTsmpZ4J,Pack,/job:localhost/replica:0/task:0/device:MUSA:0,6.0,0.006
UOzAhV2P4i,Pow,/job:localhost/replica:0/task:0/device:MUSA:0,6.0,0.006
iEzrkeBCMD,Pow,/job:localhost/replica:0/task:0/device:MUSA:0,6.0,0.006
BItmZfPO2H,Pow,/job:localhost/replica:0/task:0/device:MUSA:0,6.0,0.006
5d76eCUGtr,Add,/job:localhost/replica:0/task:0/device:MUSA:0,6.0,0.006
cbxwapToJQ,Sub,/job:localhost/replica:0/task:0/device:MUSA:0,6.0,0.006
6SOh54jCtl,RealDiv,/job:localhost/replica:0/task:0/device:MUSA:0,6.0,0.006
1Hyn7WRrEu,Log,/job:localhost/replica:0/task:0/device:MUSA:0,6.0,0.006
OEKCZ2SkiU,Add,/job:localhost/replica:0/task:0/device:MUSA:0,6.0,0.006
T2sZ57C6yW,Sigmoid,/job:localhost/replica:0/task:0/device:MUSA:0,6.0,0.006
9Mh7x0pYsm,Neg,/job:localhost/replica:0/task:0/device:MUSA:0,6.0,0.006
3LczyPFDm4,AddV2,/job:localhost/replica:0/task:0/device:MUSA:0,6.0,0.006
6J59zhfHug,Prod,/job:localhost/replica:0/task:0/device:MUSA:0,6.0,0.006
ivOrh3xteJ,Prod,/job:localhost/replica:0/task:0/device:MUSA:0,6.0,0.006
fLndBa7V0s,MatMul,/job:localhost/replica:0/task:0/device:MUSA:0,6.0,0.006
h5XVyZatSU,Relu,/job:localhost/replica:0/task:0/device:MUSA:0,6.0,0.006
r5aTwlWKYR,Prod,/job:localhost/replica:0/task:0/device:MUSA:0,6.0,0.006
cJ85HxfwMd,IsNan,/job:localhost/replica:0/task:0/device:MUSA:0,6.0,0.006
Qi0YvR6WSN,Fill,/job:localhost/replica:0/task:0/device:MUSA:0,6.0,0.006
vy5JA3cuIP,Rsqrt,/job:localhost/replica:0/task:0/device:MUSA:0,6.0,0.006
t2hMXrCJl7,Sub,/job:localhost/replica:0/task:0/device:MUSA:0,6.0,0.006
2uVyIjWrZf,AddV2,/job:localhost/replica:0/task:0/device:MUSA:0,6.0,0.006
VaOXq0klnC,AddV2,/job:localhost/replica:0/task:0/device:MUSA:0,6.0,0.006
m8RB43jLh6,Sub,/job:localhost/replica:0/task:0/device:MUSA:0,6.0,0.006
13jmiUwzZK,Add,/job:localhost/replica:0/task:0/device:MUSA:0,6.0,0.006
Sr7j28FQeU,Mul,/job:localhost/replica:0/task:0/device:MUSA:0,6.0,0.006
Du3IJeSfBr,Sigmoid,/job:localhost/replica:0/task:0/device:MUSA:0,6.0,0.006
VOkUm2whg7,AddV2,/job:localhost/replica:0/task:0/device:MUSA:0,6.0,0.006
FkEVAKdopg,Tanh,/job:localhost/replica:0/task:0/device:MUSA:0,6.0,0.006
Fvb5XP18D4,Mul,/job:localhost/replica:0/task:0/device:MUSA:0,6.0,0.006
mhvNW7JECV,Mul,/job:localhost/replica:0/task:0/device:MUSA:0,6.0,0.006
NEbPL5QyDu,Tanh,/job:localhost/replica:0/task:0/device:MUSA:0,6.0,0.006
4XalVekZSv,Rsqrt,/job:localhost/replica:0/task:0/device:MUSA:0,6.0,0.006
zQqFXy3eiI,RealDiv,/job:localhost/replica:0/task:0/device:MUSA:0,6.0,0.006
KoidpXNHYj,Sub,/job:localhost/replica:0/task:0/device:MUSA:0,6.0,0.006
wNUSdfmuca,AddV2,/job:localhost/replica:0/task:0/device:MUSA:0,6.0,0.006
EMNyg2aJ6U,Add,/job:localhost/replica:0/task:0/device:MUSA:0,6.0,0.006
Y9bTRV3jAG,AddV2,/job:localhost/replica:0/task:0/device:MUSA:0,6.0,0.006
DlPyZbB8S9,StridedSlice,/job:localhost/replica:0/task:0/device:MUSA:0,6.0,0.006
ConstantFolding/J5o1QV43KX_const_axis,Pack,/job:localhost/replica:0/task:0/device:MUSA:0,6.0,0.006
ConstantFolding/7aeTlcqELh_const_axis,Pack,/job:localhost/replica:0/task:0/device:MUSA:0,6.0,0.006
ConstantFolding/iI7n1pGtW4_const_axis,Pack,/job:localhost/replica:0/task:0/device:MUSA:0,6.0,0.006
ConstantFolding/jQsgpbIXC7_const_axis,Pack,/job:localhost/replica:0/task:0/device:MUSA:0,6.0,0.006
WY9aowBpgU,ConcatV2,/job:localhost/replica:0/task:0/device:MUSA:0,6.0,0.006
yjZsU751iQ,ConcatV2,/job:localhost/replica:0/task:0/device:MUSA:0,6.0,0.006
kO1eMh8Rpb,ConcatV2,/job:localhost/replica:0/task:0/device:MUSA:0,6.0,0.006
F4UpZQk5ug,Prod,/job:localhost/replica:0/task:0/device:MUSA:0,6.0,0.006
7xdYEvkVTp,Prod,/job:localhost/replica:0/task:0/device:MUSA:0,6.0,0.006
aesduLtYmP,Prod,/job:localhost/replica:0/task:0/device:MUSA:0,6.0,0.006
1GH2C4TP57,Where,/job:localhost/replica:0/task:0/device:CPU:0,5.0,0.005
ZgBYaSW5cC,Where,/job:localhost/replica:0/task:0/device:CPU:0,5.0,0.005
Xpc2DHq1nB,Where,/job:localhost/replica:0/task:0/device:CPU:0,5.0,0.005
ilvroRHYj7,Shape,/job:localhost/replica:0/task:0/device:MUSA:0,5.0,0.005
F7KLX8gQd5,Shape,/job:localhost/replica:0/task:0/device:MUSA:0,5.0,0.005
ed609Uzk27,Reshape,/job:localhost/replica:0/task:0/device:MUSA:0,5.0,0.005
jPbaOg72eQ,Reshape,/job:localhost/replica:0/task:0/device:MUSA:0,5.0,0.005
DmCPexsFpa,Reshape,/job:localhost/replica:0/task:0/device:MUSA:0,5.0,0.005
hWz4EU0SYu,RealDiv,/job:localhost/replica:0/task:0/device:MUSA:0,5.0,0.005
ConstantFolding/pHD2TxUkrV_recip,RealDiv,/job:localhost/replica:0/task:0/device:MUSA:0,5.0,0.005
Xodiw9tUxy,Const,/job:localhost/replica:0/task:0/device:MUSA:0,5.0,0.005
JF9bkQXHzC,Reshape,/job:localhost/replica:0/task:0/device:MUSA:0,5.0,0.005
lGFZ9p7DOv,Reshape,/job:localhost/replica:0/task:0/device:MUSA:0,5.0,0.005
9fiSW3edMr,Mul,/job:localhost/replica:0/task:0/device:MUSA:0,5.0,0.005
GEWVFHfcQN,Reshape,/job:localhost/replica:0/task:0/device:MUSA:0,5.0,0.005
apeGsFrfU5,Reshape,/job:localhost/replica:0/task:0/device:MUSA:0,5.0,0.005
sDSgeBXK50,Reshape,/job:localhost/replica:0/task:0/device:MUSA:0,5.0,0.005
yVP5GF4zUA,Reshape,/job:localhost/replica:0/task:0/device:MUSA:0,5.0,0.005
9C7OrSY1I6,Reshape,/job:localhost/replica:0/task:0/device:MUSA:0,5.0,0.005
6HhKonNybF,Reshape,/job:localhost/replica:0/task:0/device:MUSA:0,5.0,0.005
ConstantFolding/eRuK4UZPgt_recip,RealDiv,/job:localhost/replica:0/task:0/device:MUSA:0,5.0,0.005
0s1oXGBlnv,Reshape,/job:localhost/replica:0/task:0/device:MUSA:0,5.0,0.005
bmpunZaTRf,Reshape,/job:localhost/replica:0/task:0/device:MUSA:0,5.0,0.005
P0BtLnCxf6,Reshape,/job:localhost/replica:0/task:0/device:MUSA:0,5.0,0.005
KAVZtMuh2E,Reshape,/job:localhost/replica:0/task:0/device:MUSA:0,5.0,0.005
9of07l2NqO,Const,/job:localhost/replica:0/task:0/device:MUSA:0,5.0,0.005
OWsIRZYtXa,Reshape,/job:localhost/replica:0/task:0/device:MUSA:0,5.0,0.005
AJ7PmNbzf1,StridedSlice,/job:localhost/replica:0/task:0/device:MUSA:0,5.0,0.005
ySF8OewqBm,Const,/job:localhost/replica:0/task:0/device:MUSA:0,5.0,0.005
QJ4jwaYL2o,Add,/job:localhost/replica:0/task:0/device:MUSA:0,5.0,0.005
NgovnUAGt8,Reshape,/job:localhost/replica:0/task:0/device:MUSA:0,5.0,0.005
rm24e9V8QT,Reshape,/job:localhost/replica:0/task:0/device:MUSA:0,5.0,0.005
05HUCIcOqe,Reshape,/job:localhost/replica:0/task:0/device:MUSA:0,5.0,0.005
qi2EdDfzJu,AddV2,/job:localhost/replica:0/task:0/device:MUSA:0,5.0,0.005
ZJHgp1RONQ,Pow,/job:localhost/replica:0/task:0/device:MUSA:0,5.0,0.005
EUdnSk8hc0,Const,/job:localhost/replica:0/task:0/device:MUSA:0,5.0,0.005
bfO3d7oS5I,Cast,/job:localhost/replica:0/task:0/device:MUSA:0,5.0,0.005
zcMwrsFQYT,Reshape,/job:localhost/replica:0/task:0/device:MUSA:0,5.0,0.005
UiC1PBXGnv,Reshape,/job:localhost/replica:0/task:0/device:MUSA:0,5.0,0.005
H5pcy3U62G,Const,/job:localhost/replica:0/task:0/device:MUSA:0,5.0,0.005
sreZuHkCjS,Reshape,/job:localhost/replica:0/task:0/device:MUSA:0,5.0,0.005
pLisBKOWch,Reshape,/job:localhost/replica:0/task:0/device:MUSA:0,5.0,0.005
DjB4p537wq,Reshape,/job:localhost/replica:0/task:0/device:MUSA:0,5.0,0.005
TJnNsjpDVY,Reshape,/job:localhost/replica:0/task:0/device:MUSA:0,5.0,0.005
EHvVYtJuh2,Reshape,/job:localhost/replica:0/task:0/device:MUSA:0,5.0,0.005
oYizExTmKO,StridedSlice,/job:localhost/replica:0/task:0/device:MUSA:0,5.0,0.005
IOMBKEq0ZC,Const,/job:localhost/replica:0/task:0/device:MUSA:0,5.0,0.005
IWDEKvw85r,Reshape,/job:localhost/replica:0/task:0/device:MUSA:0,5.0,0.005
ai8nSXK3Q1,Const,/job:localhost/replica:0/task:0/device:MUSA:0,5.0,0.005
avjAcnxzsG,Const,/job:localhost/replica:0/task:0/device:MUSA:0,5.0,0.005
pGEBU1atmH,Const,/job:localhost/replica:0/task:0/device:MUSA:0,5.0,0.005
x6TkXhwqYm,Const,/job:localhost/replica:0/task:0/device:MUSA:0,5.0,0.005
rktzGaQNsP,Const,/job:localhost/replica:0/task:0/device:MUSA:0,5.0,0.005
gT5HM9ZbJy,Const,/job:localhost/replica:0/task:0/device:MUSA:0,5.0,0.005
JZcauzACiN,Reshape,/job:localhost/replica:0/task:0/device:MUSA:0,5.0,0.005
iJm35eSVDp,Reshape,/job:localhost/replica:0/task:0/device:MUSA:0,5.0,0.005
b6wZAcBOSI,Const,/job:localhost/replica:0/task:0/device:MUSA:0,5.0,0.005
U0BZfqoidS,Const,/job:localhost/replica:0/task:0/device:MUSA:0,5.0,0.005
BYiP2hOqwf,Reshape,/job:localhost/replica:0/task:0/device:MUSA:0,5.0,0.005
CpAfJtFWl6,Const,/job:localhost/replica:0/task:0/device:MUSA:0,5.0,0.005
WvM0tqJxnb,Shape,/job:localhost/replica:0/task:0/device:MUSA:0,5.0,0.005
kJ4ewrWRiI,Const,/job:localhost/replica:0/task:0/device:MUSA:0,5.0,0.005
jyQoJWIbLf,Const,/job:localhost/replica:0/task:0/device:MUSA:0,5.0,0.005
9BebhOm0z1,Sub,/job:localhost/replica:0/task:0/device:MUSA:0,5.0,0.005
HyVMUJrfEG,Const,/job:localhost/replica:0/task:0/device:MUSA:0,5.0,0.005
aTFpvXqKjP,Const,/job:localhost/replica:0/task:0/device:MUSA:0,5.0,0.005
kISL6cs4V2,Const,/job:localhost/replica:0/task:0/device:MUSA:0,5.0,0.005
Rmt62X1OUZ,Const,/job:localhost/replica:0/task:0/device:MUSA:0,5.0,0.005
58UbCjs4NG,Const,/job:localhost/replica:0/task:0/device:MUSA:0,5.0,0.005
st0iUYPaOT,Const,/job:localhost/replica:0/task:0/device:MUSA:0,5.0,0.005
thQmkKELg3,Reshape,/job:localhost/replica:0/task:0/device:MUSA:0,5.0,0.005
K8VGB5Iuwd,Reshape,/job:localhost/replica:0/task:0/device:MUSA:0,5.0,0.005
yDwmcqALhV,Reshape,/job:localhost/replica:0/task:0/device:MUSA:0,5.0,0.005
KODYUfPFT6,Const,/job:localhost/replica:0/task:0/device:MUSA:0,5.0,0.005
iI0qJAMfuX,Const,/job:localhost/replica:0/task:0/device:MUSA:0,5.0,0.005
9X0DLqyVt2,Sqrt,/job:localhost/replica:0/task:0/device:MUSA:0,5.0,0.005
IqOxnDeCyo,Const,/job:localhost/replica:0/task:0/device:MUSA:0,5.0,0.005
rPXtgiSKAp,Const,/job:localhost/replica:0/task:0/device:MUSA:0,5.0,0.005
dToeJtXyqO,Const,/job:localhost/replica:0/task:0/device:MUSA:0,5.0,0.005
IqYaKyufVF,Const,/job:localhost/replica:0/task:0/device:MUSA:0,5.0,0.005
3LinD7YSEP,Const,/job:localhost/replica:0/task:0/device:MUSA:0,5.0,0.005
yfeRkBznPT,Const,/job:localhost/replica:0/task:0/device:MUSA:0,5.0,0.005
pwLmfJCgjK,Const,/job:localhost/replica:0/task:0/device:MUSA:0,5.0,0.005
sYK163HQW0,Sub,/job:localhost/replica:0/task:0/device:MUSA:0,5.0,0.005
43mBWpjNYF,Reshape,/job:localhost/replica:0/task:0/device:MUSA:0,5.0,0.005
xMnus4tSHV,Const,/job:localhost/replica:0/task:0/device:MUSA:0,5.0,0.005
aL9tsoPO0c,Reshape,/job:localhost/replica:0/task:0/device:MUSA:0,5.0,0.005
dDyEVJwL6i,Reshape,/job:localhost/replica:0/task:0/device:MUSA:0,5.0,0.005
98LfItHNGX,Reshape,/job:localhost/replica:0/task:0/device:MUSA:0,5.0,0.005
JojrxNhdFw,Reshape,/job:localhost/replica:0/task:0/device:MUSA:0,5.0,0.005
Zm4DTyEead,Reshape,/job:localhost/replica:0/task:0/device:MUSA:0,5.0,0.005
LEkfevZXrO,Reshape,/job:localhost/replica:0/task:0/device:MUSA:0,5.0,0.005
10dfEj3JlF,Reshape,/job:localhost/replica:0/task:0/device:MUSA:0,5.0,0.005
qknWYErdNO,Reshape,/job:localhost/replica:0/task:0/device:MUSA:0,5.0,0.005
gC6Uy8MDwY,Const,/job:localhost/replica:0/task:0/device:MUSA:0,5.0,0.005
2Vgx4F8YtT,Reshape,/job:localhost/replica:0/task:0/device:MUSA:0,5.0,0.005
nlfW69vhMd,Reshape,/job:localhost/replica:0/task:0/device:MUSA:0,5.0,0.005
Y8o7wCXsNF,Reshape,/job:localhost/replica:0/task:0/device:MUSA:0,5.0,0.005
Vw4tCZhBI3,Reshape,/job:localhost/replica:0/task:0/device:MUSA:0,5.0,0.005
9DLfbkhe0M,Reshape,/job:localhost/replica:0/task:0/device:MUSA:0,5.0,0.005
GJE82fjt5z,Reshape,/job:localhost/replica:0/task:0/device:MUSA:0,5.0,0.005
Y7tEpoQ6hz,Reshape,/job:localhost/replica:0/task:0/device:MUSA:0,5.0,0.005
NasedkrwOD,Const,/job:localhost/replica:0/task:0/device:MUSA:0,5.0,0.005
evGFdJcBQ6,Const,/job:localhost/replica:0/task:0/device:MUSA:0,5.0,0.005
jc2kxWeB8E,Const,/job:localhost/replica:0/task:0/device:MUSA:0,5.0,0.005
zhs7umCbYa,Reshape,/job:localhost/replica:0/task:0/device:MUSA:0,5.0,0.005
bAVftNTHIM,Reshape,/job:localhost/replica:0/task:0/device:MUSA:0,5.0,0.005
LlsEtgQG8R,Const,/job:localhost/replica:0/task:0/device:MUSA:0,5.0,0.005
ConstantFolding/w219LHpmAe_recip,RealDiv,/job:localhost/replica:0/task:0/device:MUSA:0,5.0,0.005
YhadbJNWEF,Reshape,/job:localhost/replica:0/task:0/device:MUSA:0,5.0,0.005
3WKFth5ka2,Const,/job:localhost/replica:0/task:0/device:MUSA:0,5.0,0.005
cMA5f94Nv2,Const,/job:localhost/replica:0/task:0/device:MUSA:0,5.0,0.005
tuae9mI7kf,Reshape,/job:localhost/replica:0/task:0/device:MUSA:0,5.0,0.005
yBOsmlTZUS,Reshape,/job:localhost/replica:0/task:0/device:MUSA:0,5.0,0.005
jrVCRkBqvQ,Reshape,/job:localhost/replica:0/task:0/device:MUSA:0,5.0,0.005
DpnTR5o3uG,Reshape,/job:localhost/replica:0/task:0/device:MUSA:0,5.0,0.005
ConstantFolding/fLEGezgYUh_recip,RealDiv,/job:localhost/replica:0/task:0/device:MUSA:0,5.0,0.005
pehXsRNOka,Const,/job:localhost/replica:0/task:0/device:MUSA:0,5.0,0.005
WJg6dUmIDe,Reshape,/job:localhost/replica:0/task:0/device:MUSA:0,5.0,0.005
8tE13gzSXw,Shape,/job:localhost/replica:0/task:0/device:MUSA:0,5.0,0.005
rvmHAqVMtO,Shape,/job:localhost/replica:0/task:0/device:MUSA:0,5.0,0.005
WrcIx8yj61,Shape,/job:localhost/replica:0/task:0/device:MUSA:0,5.0,0.005
W2tlM3i4Yw,ConcatV2,/job:localhost/replica:0/task:0/device:MUSA:0,5.0,0.005
WoTnV3QgAP,Relu,/job:localhost/replica:0/task:0/device:MUSA:0,5.0,0.005
hngQojL1Zi,ConcatV2,/job:localhost/replica:0/task:0/device:MUSA:0,5.0,0.005
tTMv4SUxNY,ConcatV2,/job:localhost/replica:0/task:0/device:MUSA:0,5.0,0.005
I6fgZAUoVL,ConcatV2,/job:localhost/replica:0/task:0/device:MUSA:0,5.0,0.005
iFJCuS29OI,ConcatV2,/job:localhost/replica:0/task:0/device:MUSA:0,5.0,0.005
875IiqBSJl,ConcatV2,/job:localhost/replica:0/task:0/device:MUSA:0,5.0,0.005
twCh953lzN,AddV2,/job:localhost/replica:0/task:0/device:MUSA:0,5.0,0.005
lxjypHGgKO,MatMul,/job:localhost/replica:0/task:0/device:MUSA:0,5.0,0.005
6bhqfYS9QM,ConcatV2,/job:localhost/replica:0/task:0/device:MUSA:0,5.0,0.005
MdI61DomfE,Pow,/job:localhost/replica:0/task:0/device:MUSA:0,5.0,0.005
s35cWT69qy,MatMul,/job:localhost/replica:0/task:0/device:MUSA:0,5.0,0.005
ArithmeticOptimizer/AddOpsRewrite_vabouensVA,AddV2,/job:localhost/replica:0/task:0/device:MUSA:0,5.0,0.005
7Vp0ULhSZ8,ConcatV2,/job:localhost/replica:0/task:0/device:MUSA:0,5.0,0.005
nHhZbNS7cC,MatMul,/job:localhost/replica:0/task:0/device:MUSA:0,5.0,0.005
vcgPpl0U6t,Relu,/job:localhost/replica:0/task:0/device:MUSA:0,5.0,0.005
FaSzGoTvr6,AddV2,/job:localhost/replica:0/task:0/device:MUSA:0,5.0,0.005
8oKDhO1NTp,MatMul,/job:localhost/replica:0/task:0/device:MUSA:0,5.0,0.005
j5c2emXblE,AddV2,/job:localhost/replica:0/task:0/device:MUSA:0,5.0,0.005
p1TncvgHis,Reshape,/job:localhost/replica:0/task:0/device:MUSA:0,5.0,0.005
jDbRyiAlH3,Reshape,/job:localhost/replica:0/task:0/device:MUSA:0,5.0,0.005
iZxpXTNLer,Reshape,/job:localhost/replica:0/task:0/device:MUSA:0,5.0,0.005
W6JuMCOkl2,Relu,/job:localhost/replica:0/task:0/device:MUSA:0,5.0,0.005
tsWjO4A5hx,Reshape,/job:localhost/replica:0/task:0/device:MUSA:0,5.0,0.005
Xma9qSTcNp,Shape,/job:localhost/replica:0/task:0/device:MUSA:0,5.0,0.005
SxGQTbEhPD,Reshape,/job:localhost/replica:0/task:0/device:MUSA:0,5.0,0.005
JX0KoMnZuf,Reshape,/job:localhost/replica:0/task:0/device:MUSA:0,5.0,0.005
HWB5SI0iCP,Relu,/job:localhost/replica:0/task:0/device:MUSA:0,5.0,0.005
VkqbHaviZu,Pack,/job:localhost/replica:0/task:0/device:MUSA:0,5.0,0.005
YwokOQZifD,AddV2,/job:localhost/replica:0/task:0/device:MUSA:0,5.0,0.005
5HnQvhwMqU,Sum,/job:localhost/replica:0/task:0/device:MUSA:0,5.0,0.005
czkuPvJeLx,Pow,/job:localhost/replica:0/task:0/device:MUSA:0,5.0,0.005
Iw6g0ChvRM,Cast,/job:localhost/replica:0/task:0/device:MUSA:0,5.0,0.005
OFA0USoRwY,RealDiv,/job:localhost/replica:0/task:0/device:MUSA:0,5.0,0.005
CUnYbuKvs3,Cast,/job:localhost/replica:0/task:0/device:MUSA:0,5.0,0.005
BDG0gCWErz,Transpose,/job:localhost/replica:0/task:0/device:MUSA:0,5.0,0.005
UHv8QJPibY,Cast,/job:localhost/replica:0/task:0/device:MUSA:0,5.0,0.005
f1uHbS6XqP,Sum,/job:localhost/replica:0/task:0/device:MUSA:0,5.0,0.005
ArithmeticOptimizer/AddOpsRewrite_Internal_0_NmnIhkjc7z,AddV2,/job:localhost/replica:0/task:0/device:MUSA:0,5.0,0.005
ArithmeticOptimizer/AddOpsRewrite_NmnIhkjc7z,AddV2,/job:localhost/replica:0/task:0/device:MUSA:0,5.0,0.005
7UPx2ZkQyR,Reshape,/job:localhost/replica:0/task:0/device:MUSA:0,5.0,0.005
OoYvZqymHj,Reshape,/job:localhost/replica:0/task:0/device:MUSA:0,5.0,0.005
bHt4w6vc7J,Cast,/job:localhost/replica:0/task:0/device:MUSA:0,5.0,0.005
zQw7gUHoSV,Reshape,/job:localhost/replica:0/task:0/device:MUSA:0,5.0,0.005
f1jJkK2nbz,Pack,/job:localhost/replica:0/task:0/device:MUSA:0,5.0,0.005
P7wX6FNLEC,Sub,/job:localhost/replica:0/task:0/device:MUSA:0,5.0,0.005
pULOfY7rld,Reshape,/job:localhost/replica:0/task:0/device:MUSA:0,5.0,0.005
xzZ08DX7Ij,AddV2,/job:localhost/replica:0/task:0/device:MUSA:0,5.0,0.005
tg4s1aeuVR,Cast,/job:localhost/replica:0/task:0/device:MUSA:0,5.0,0.005
kTChUu61za,Reshape,/job:localhost/replica:0/task:0/device:MUSA:0,5.0,0.005
Hqod8tPcpZ,Rsqrt,/job:localhost/replica:0/task:0/device:MUSA:0,5.0,0.005
fbGwUETCXk,Sub,/job:localhost/replica:0/task:0/device:MUSA:0,5.0,0.005
e35L7SwKUo,Cast,/job:localhost/replica:0/task:0/device:MUSA:0,5.0,0.005
wqQdB2SsIF,Cast,/job:localhost/replica:0/task:0/device:MUSA:0,5.0,0.005
AZ8dUQ9FPh,Neg,/job:localhost/replica:0/task:0/device:MUSA:0,5.0,0.005
bCSr5m3zW0,Add,/job:localhost/replica:0/task:0/device:MUSA:0,5.0,0.005
9HowuId32N,Add,/job:localhost/replica:0/task:0/device:MUSA:0,5.0,0.005
B4xq5ciXG9,Prod,/job:localhost/replica:0/task:0/device:MUSA:0,5.0,0.005
3CygHQLzYD,Relu,/job:localhost/replica:0/task:0/device:MUSA:0,5.0,0.005
zZBSFJno2t,Mean,/job:localhost/replica:0/task:0/device:MUSA:0,5.0,0.005
pPbCHhTnSx,IsNan,/job:localhost/replica:0/task:0/device:MUSA:0,5.0,0.005
mxZy73AOQv,IsNan,/job:localhost/replica:0/task:0/device:MUSA:0,5.0,0.005
EY4kGXWK9c,Log,/job:localhost/replica:0/task:0/device:MUSA:0,5.0,0.005
Me6WvHX3fx,Mul,/job:localhost/replica:0/task:0/device:MUSA:0,5.0,0.005
5RkB6SDb8a,Sub,/job:localhost/replica:0/task:0/device:MUSA:0,5.0,0.005
RwAyIjCuST,Pow,/job:localhost/replica:0/task:0/device:MUSA:0,5.0,0.005
VWxUOidwDK,RealDiv,/job:localhost/replica:0/task:0/device:MUSA:0,5.0,0.005
FEYnXeZLVp,Tanh,/job:localhost/replica:0/task:0/device:MUSA:0,5.0,0.005
BupJhFyna4,Sub,/job:localhost/replica:0/task:0/device:MUSA:0,5.0,0.005
qLhpSZBeXy,Neg,/job:localhost/replica:0/task:0/device:MUSA:0,5.0,0.005
u4bqfZW0gF,RealDiv,/job:localhost/replica:0/task:0/device:MUSA:0,5.0,0.005
QW6u4Z1NyR,Sub,/job:localhost/replica:0/task:0/device:MUSA:0,5.0,0.005
krjpGqVCme,Sub,/job:localhost/replica:0/task:0/device:MUSA:0,5.0,0.005
9FQiKpMekC,Add,/job:localhost/replica:0/task:0/device:MUSA:0,5.0,0.005
BLrUpTzEJn,StridedSlice,/job:localhost/replica:0/task:0/device:MUSA:0,5.0,0.005
Yzx13DKkyR,StridedSlice,/job:localhost/replica:0/task:0/device:MUSA:0,5.0,0.005
Al2dU7LmGV,StridedSlice,/job:localhost/replica:0/task:0/device:MUSA:0,5.0,0.005
ConstantFolding/NGhOpDdRob_const_axis,Pack,/job:localhost/replica:0/task:0/device:MUSA:0,5.0,0.005
a9wepJStnG,ConcatV2,/job:localhost/replica:0/task:0/device:MUSA:0,5.0,0.005
EkNlsWnUxc,Pack,/job:localhost/replica:0/task:0/device:MUSA:0,5.0,0.005
OfyHLg26le,GatherV2,/job:localhost/replica:0/task:0/device:MUSA:0,5.0,0.005
w5h2KAO0XU,Const,/job:localhost/replica:0/task:0/device:CPU:0,4.0,0.004
kIHUr1Eqle,Where,/job:localhost/replica:0/task:0/device:CPU:0,4.0,0.004
gRSnKcPyfT,Where,/job:localhost/replica:0/task:0/device:CPU:0,4.0,0.004
MFfcV9OwNX,Where,/job:localhost/replica:0/task:0/device:CPU:0,4.0,0.004
q6MfHxbtrh,Where,/job:localhost/replica:0/task:0/device:CPU:0,4.0,0.004
n3tiSUI8MK,Cast,/job:localhost/replica:0/task:0/device:CPU:0,4.0,0.004
zOy6USgdxu,Reshape,/job:localhost/replica:0/task:0/device:MUSA:0,4.0,0.004
2R4Vykz6Zv,Const,/job:localhost/replica:0/task:0/device:MUSA:0,4.0,0.004
YGZophXJOU,Reshape,/job:localhost/replica:0/task:0/device:MUSA:0,4.0,0.004
nlqJOFrYbw,Reshape,/job:localhost/replica:0/task:0/device:MUSA:0,4.0,0.004
GD62ntKXgm,Reshape,/job:localhost/replica:0/task:0/device:MUSA:0,4.0,0.004
tnPdCF4cXD,Reshape,/job:localhost/replica:0/task:0/device:MUSA:0,4.0,0.004
iS7rIgWqvR,Reshape,/job:localhost/replica:0/task:0/device:MUSA:0,4.0,0.004
Ed8R6gAOuo,RealDiv,/job:localhost/replica:0/task:0/device:MUSA:0,4.0,0.004
IYp1O8gtaQ,Reshape,/job:localhost/replica:0/task:0/device:MUSA:0,4.0,0.004
XZAniba3K9,RealDiv,/job:localhost/replica:0/task:0/device:MUSA:0,4.0,0.004
3fIXF6UVl8,Reshape,/job:localhost/replica:0/task:0/device:MUSA:0,4.0,0.004
N86fyXT0Gs,StridedSlice,/job:localhost/replica:0/task:0/device:MUSA:0,4.0,0.004
REWihC91qO,Reshape,/job:localhost/replica:0/task:0/device:MUSA:0,4.0,0.004
RVi8whYQ1X,AddV2,/job:localhost/replica:0/task:0/device:MUSA:0,4.0,0.004
ConstantFolding/c2l7QiA0Wq_recip,RealDiv,/job:localhost/replica:0/task:0/device:MUSA:0,4.0,0.004
Dcv62tisKM,Const,/job:localhost/replica:0/task:0/device:MUSA:0,4.0,0.004
T0rKVG9JRC,Const,/job:localhost/replica:0/task:0/device:MUSA:0,4.0,0.004
8CkcjOEF2A,Reshape,/job:localhost/replica:0/task:0/device:MUSA:0,4.0,0.004
QG1zj3A7E5,Reshape,/job:localhost/replica:0/task:0/device:MUSA:0,4.0,0.004
P72YWtxiov,Reshape,/job:localhost/replica:0/task:0/device:MUSA:0,4.0,0.004
JITBqPbNs7,Reshape,/job:localhost/replica:0/task:0/device:MUSA:0,4.0,0.004
Zdb2M5ficw,Reshape,/job:localhost/replica:0/task:0/device:MUSA:0,4.0,0.004
v5muZkO6JM,Const,/job:localhost/replica:0/task:0/device:MUSA:0,4.0,0.004
ConstantFolding/CVKD0O2RFe_recip,RealDiv,/job:localhost/replica:0/task:0/device:MUSA:0,4.0,0.004
cPh5XKVFfe,Reshape,/job:localhost/replica:0/task:0/device:MUSA:0,4.0,0.004
iUHDXTsGAg,Reshape,/job:localhost/replica:0/task:0/device:MUSA:0,4.0,0.004
PrSfh76OqD,Pow,/job:localhost/replica:0/task:0/device:MUSA:0,4.0,0.004
HbI2hEMSnR,Const,/job:localhost/replica:0/task:0/device:MUSA:0,4.0,0.004
2RWxJnvBiT,Const,/job:localhost/replica:0/task:0/device:MUSA:0,4.0,0.004
iyoMW7Dbax,Reshape,/job:localhost/replica:0/task:0/device:MUSA:0,4.0,0.004
Najwnt0ezO,Const,/job:localhost/replica:0/task:0/device:MUSA:0,4.0,0.004
YImuMHxOA1,Reshape,/job:localhost/replica:0/task:0/device:MUSA:0,4.0,0.004
hd4XnK1Dp7,Reshape,/job:localhost/replica:0/task:0/device:MUSA:0,4.0,0.004
VFSuUtYe81,Const,/job:localhost/replica:0/task:0/device:MUSA:0,4.0,0.004
qiyK1XJkAs,Reshape,/job:localhost/replica:0/task:0/device:MUSA:0,4.0,0.004
WAozGDjmLe,Const,/job:localhost/replica:0/task:0/device:MUSA:0,4.0,0.004
7WBAU46vhy,Sub,/job:localhost/replica:0/task:0/device:MUSA:0,4.0,0.004
fvTmyWFnBa,Reshape,/job:localhost/replica:0/task:0/device:MUSA:0,4.0,0.004
waQ8KsBrun,StridedSlice,/job:localhost/replica:0/task:0/device:MUSA:0,4.0,0.004
ruR3sGzBbe,Const,/job:localhost/replica:0/task:0/device:MUSA:0,4.0,0.004
nQcyxMqNRh,Reshape,/job:localhost/replica:0/task:0/device:MUSA:0,4.0,0.004
sVrYgNiCbO,Reshape,/job:localhost/replica:0/task:0/device:MUSA:0,4.0,0.004
jhqyZ6x3DX,Const,/job:localhost/replica:0/task:0/device:MUSA:0,4.0,0.004
gHJIKnTGcC,Const,/job:localhost/replica:0/task:0/device:MUSA:0,4.0,0.004
AIEiQRHcGW,Const,/job:localhost/replica:0/task:0/device:MUSA:0,4.0,0.004
ZaNC1M4XEQ,Reshape,/job:localhost/replica:0/task:0/device:MUSA:0,4.0,0.004
p9wuONGUE4,Reshape,/job:localhost/replica:0/task:0/device:MUSA:0,4.0,0.004
jmhg5A98Yn,Reshape,/job:localhost/replica:0/task:0/device:MUSA:0,4.0,0.004
aUVQfjNDHT,Const,/job:localhost/replica:0/task:0/device:MUSA:0,4.0,0.004
wEkYeJLFnA,Const,/job:localhost/replica:0/task:0/device:MUSA:0,4.0,0.004
OdHTYDLFcl,Const,/job:localhost/replica:0/task:0/device:MUSA:0,4.0,0.004
IPGMTyQA6j,Reshape,/job:localhost/replica:0/task:0/device:MUSA:0,4.0,0.004
pPjR6ZNulr,Reshape,/job:localhost/replica:0/task:0/device:MUSA:0,4.0,0.004
k8qBZmMXyh,Const,/job:localhost/replica:0/task:0/device:MUSA:0,4.0,0.004
jkDCd0VI85,Reshape,/job:localhost/replica:0/task:0/device:MUSA:0,4.0,0.004
y1HK6l2LR3,Const,/job:localhost/replica:0/task:0/device:MUSA:0,4.0,0.004
wk5ez6OKdh,Reshape,/job:localhost/replica:0/task:0/device:MUSA:0,4.0,0.004
oKHAzqXs9N,Reshape,/job:localhost/replica:0/task:0/device:MUSA:0,4.0,0.004
HMW9gSubB7,Reshape,/job:localhost/replica:0/task:0/device:MUSA:0,4.0,0.004
YPqj2f4Xk3,Const,/job:localhost/replica:0/task:0/device:MUSA:0,4.0,0.004
BVKQr7exS5,Reshape,/job:localhost/replica:0/task:0/device:MUSA:0,4.0,0.004
ConstantFolding/0KSiYe6fgk_recip,RealDiv,/job:localhost/replica:0/task:0/device:MUSA:0,4.0,0.004
Xn42yYrUCR,ExpandDims,/job:localhost/replica:0/task:0/device:MUSA:0,4.0,0.004
qj0mKf6wd4,ExpandDims,/job:localhost/replica:0/task:0/device:MUSA:0,4.0,0.004
Qt0KmLCvEe,Shape,/job:localhost/replica:0/task:0/device:MUSA:0,4.0,0.004
XgxiRdVUPS,Shape,/job:localhost/replica:0/task:0/device:MUSA:0,4.0,0.004
uw1IBpVl7Y,Shape,/job:localhost/replica:0/task:0/device:MUSA:0,4.0,0.004
A9PxSOnTCu,Shape,/job:localhost/replica:0/task:0/device:MUSA:0,4.0,0.004
5m2D6PNQqk,Pack,/job:localhost/replica:0/task:0/device:MUSA:0,4.0,0.004
CUaEeb2PjW,Pack,/job:localhost/replica:0/task:0/device:MUSA:0,4.0,0.004
7lXRikvofA,MatMul,/job:localhost/replica:0/task:0/device:MUSA:0,4.0,0.004
qVDO7tGg3H,AddV2,/job:localhost/replica:0/task:0/device:MUSA:0,4.0,0.004
cdFwD6Rf4t,Shape,/job:localhost/replica:0/task:0/device:MUSA:0,4.0,0.004
FrVde3U9tg,Relu,/job:localhost/replica:0/task:0/device:MUSA:0,4.0,0.004
J7li9CnsIh,Relu,/job:localhost/replica:0/task:0/device:MUSA:0,4.0,0.004
jmT3GOsvEI,Reshape,/job:localhost/replica:0/task:0/device:MUSA:0,4.0,0.004
2OGvHRrtFf,Reshape,/job:localhost/replica:0/task:0/device:MUSA:0,4.0,0.004
V6O7HjBGSf,Reshape,/job:localhost/replica:0/task:0/device:MUSA:0,4.0,0.004
vKt48e965A,Sum,/job:localhost/replica:0/task:0/device:MUSA:0,4.0,0.004
FzUWtTrZuq,StridedSlice,/job:localhost/replica:0/task:0/device:MUSA:0,4.0,0.004
N45yVdvQ6c,Reshape,/job:localhost/replica:0/task:0/device:MUSA:0,4.0,0.004
aBeG0YtJmE,Reshape,/job:localhost/replica:0/task:0/device:MUSA:0,4.0,0.004
En8AWmY4G2,Sub,/job:localhost/replica:0/task:0/device:MUSA:0,4.0,0.004
Kpfjqrx8BT,Sub,/job:localhost/replica:0/task:0/device:MUSA:0,4.0,0.004
X9pBj2VEnc,AddV2,/job:localhost/replica:0/task:0/device:MUSA:0,4.0,0.004
3ZBGnRsy0A,Add,/job:localhost/replica:0/task:0/device:MUSA:0,4.0,0.004
KLqajmEtAV,ExpandDims,/job:localhost/replica:0/task:0/device:MUSA:0,4.0,0.004
zdGMUZSOXo,ExpandDims,/job:localhost/replica:0/task:0/device:MUSA:0,4.0,0.004
z2XkNEvfQ8,Sub,/job:localhost/replica:0/task:0/device:MUSA:0,4.0,0.004
UPxETmW4IA,Add,/job:localhost/replica:0/task:0/device:MUSA:0,4.0,0.004
OCn8NZoRMq,StridedSlice,/job:localhost/replica:0/task:0/device:MUSA:0,4.0,0.004
vA0dXrUHog,StridedSlice,/job:localhost/replica:0/task:0/device:MUSA:0,4.0,0.004
vt8Kunr4GP,StridedSlice,/job:localhost/replica:0/task:0/device:MUSA:0,4.0,0.004
4UIs35gVZB,StridedSlice,/job:localhost/replica:0/task:0/device:MUSA:0,4.0,0.004
g8GFnVSD43,Pack,/job:localhost/replica:0/task:0/device:MUSA:0,4.0,0.004
jQsgpbIXC7,Pack,/job:localhost/replica:0/task:0/device:MUSA:0,4.0,0.004
8wICuLp9xj,Mean,/job:localhost/replica:0/task:0/device:MUSA:0,4.0,0.004
Zw36HnmKdN,Mean,/job:localhost/replica:0/task:0/device:MUSA:0,4.0,0.004
4hjWyrRHb1,Where,/job:localhost/replica:0/task:0/device:CPU:0,3.0,0.003
bO8f3hBWyP,Reshape,/job:localhost/replica:0/task:0/device:CPU:0,3.0,0.003
FBTzyZw7Nf,Reshape,/job:localhost/replica:0/task:0/device:CPU:0,3.0,0.003
duV92CKkx7,Reshape,/job:localhost/replica:0/task:0/device:CPU:0,3.0,0.003
GSTbsni7gk,Reshape,/job:localhost/replica:0/task:0/device:CPU:0,3.0,0.003
zpuG2gQZcw,Where,/job:localhost/replica:0/task:0/device:CPU:0,3.0,0.003
gMdv0h4OFb,Where,/job:localhost/replica:0/task:0/device:CPU:0,3.0,0.003
iWotTxOdGz,Where,/job:localhost/replica:0/task:0/device:CPU:0,3.0,0.003
ZEow8RtUCk,Reshape,/job:localhost/replica:0/task:0/device:MUSA:0,3.0,0.003
Iho08yT4Pw,Const,/job:localhost/replica:0/task:0/device:MUSA:0,3.0,0.003
rdRonv9Pm5,Sqrt,/job:localhost/replica:0/task:0/device:MUSA:0,3.0,0.003
Fg4mXTKojw,Shape,/job:localhost/replica:0/task:0/device:MUSA:0,3.0,0.003
7JRWdZSCbN,ExpandDims,/job:localhost/replica:0/task:0/device:MUSA:0,3.0,0.003
DgoGeW1dI5,Shape,/job:localhost/replica:0/task:0/device:MUSA:0,3.0,0.003
eSqUyToOlj,Shape,/job:localhost/replica:0/task:0/device:MUSA:0,3.0,0.003
kn5fKl7aAp,Shape,/job:localhost/replica:0/task:0/device:MUSA:0,3.0,0.003
vlzuFEaLTj,Reshape,/job:localhost/replica:0/task:0/device:MUSA:0,3.0,0.003
VhjrLBDufl,Shape,/job:localhost/replica:0/task:0/device:MUSA:0,3.0,0.003
kyPetGuWBd,Shape,/job:localhost/replica:0/task:0/device:MUSA:0,3.0,0.003
2YdspDH8z1,Shape,/job:localhost/replica:0/task:0/device:MUSA:0,3.0,0.003
fvm0l52hCQ,Reshape,/job:localhost/replica:0/task:0/device:MUSA:0,3.0,0.003
3BM8sCQTwI,Shape,/job:localhost/replica:0/task:0/device:MUSA:0,3.0,0.003
7Z5jAv68uX,Shape,/job:localhost/replica:0/task:0/device:MUSA:0,3.0,0.003
pPsqcY6du5,ExpandDims,/job:localhost/replica:0/task:0/device:MUSA:0,3.0,0.003
8NTDOd9ezK,Reshape,/job:localhost/replica:0/task:0/device:MUSA:0,3.0,0.003
cDAfvC4W8M,Reshape,/job:localhost/replica:0/task:0/device:MUSA:0,3.0,0.003
kifUXFJx1a,Shape,/job:localhost/replica:0/task:0/device:MUSA:0,3.0,0.003
WU0v8gk9oG,Shape,/job:localhost/replica:0/task:0/device:MUSA:0,3.0,0.003
y2RrheUBNp,Shape,/job:localhost/replica:0/task:0/device:MUSA:0,3.0,0.003
76Az9e1Y3p,Shape,/job:localhost/replica:0/task:0/device:MUSA:0,3.0,0.003
A5ygmtJDdK,Cast,/job:localhost/replica:0/task:0/device:MUSA:0,3.0,0.003
jR7fsy3YdI,Reshape,/job:localhost/replica:0/task:0/device:MUSA:0,3.0,0.003
cYFIJf3qWM,ExpandDims,/job:localhost/replica:0/task:0/device:MUSA:0,3.0,0.003
Ym4j3IhASk,Shape,/job:localhost/replica:0/task:0/device:MUSA:0,3.0,0.003
Nl53v2Cj9I,Shape,/job:localhost/replica:0/task:0/device:MUSA:0,3.0,0.003
Am2sT9cL7b,Shape,/job:localhost/replica:0/task:0/device:MUSA:0,3.0,0.003
IWgwkqOUEj,StridedSlice,/job:localhost/replica:0/task:0/device:MUSA:0,3.0,0.003
6VAIdf7ghi,StridedSlice,/job:localhost/replica:0/task:0/device:MUSA:0,3.0,0.003
qZJ9d2lQze,StridedSlice,/job:localhost/replica:0/task:0/device:MUSA:0,3.0,0.003
Lj6Dp8oxaK,StridedSlice,/job:localhost/replica:0/task:0/device:MUSA:0,3.0,0.003
xkWZDvEHr6,StridedSlice,/job:localhost/replica:0/task:0/device:MUSA:0,3.0,0.003
EtJ6yuLxWO,StridedSlice,/job:localhost/replica:0/task:0/device:MUSA:0,3.0,0.003
ZD4ovfRd75,StridedSlice,/job:localhost/replica:0/task:0/device:MUSA:0,3.0,0.003
uwAke5X7Z6,StridedSlice,/job:localhost/replica:0/task:0/device:MUSA:0,3.0,0.003
Uoz8lfxhDT,StridedSlice,/job:localhost/replica:0/task:0/device:MUSA:0,3.0,0.003
PXfD3tEh2W,StridedSlice,/job:localhost/replica:0/task:0/device:MUSA:0,3.0,0.003
2emW1dcs5N,StridedSlice,/job:localhost/replica:0/task:0/device:MUSA:0,3.0,0.003
Nwe1C8nPID,StridedSlice,/job:localhost/replica:0/task:0/device:MUSA:0,3.0,0.003
1ozpqP7GWX,StridedSlice,/job:localhost/replica:0/task:0/device:MUSA:0,3.0,0.003
Go5gw0Vtl6,StridedSlice,/job:localhost/replica:0/task:0/device:MUSA:0,3.0,0.003
D8jsMgiIlo,StridedSlice,/job:localhost/replica:0/task:0/device:MUSA:0,3.0,0.003
J5o1QV43KX,Pack,/job:localhost/replica:0/task:0/device:MUSA:0,3.0,0.003
wzCVWElAxo,Pack,/job:localhost/replica:0/task:0/device:MUSA:0,3.0,0.003
7aeTlcqELh,Pack,/job:localhost/replica:0/task:0/device:MUSA:0,3.0,0.003
mS5YCXyIeO,Pack,/job:localhost/replica:0/task:0/device:MUSA:0,3.0,0.003
3vZijyFlLB,Const,/job:localhost/replica:0/task:0/device:CPU:0,2.0,0.002
_arg_VviZRmzNPC_0_927,Placeholder,/job:localhost/replica:0/task:0/device:CPU:0,2.0,0.002
xTeBhwI7ks,Reshape,/job:localhost/replica:0/task:0/device:CPU:0,2.0,0.002
U3hiW5MbZF,Reshape,/job:localhost/replica:0/task:0/device:CPU:0,2.0,0.002
OjznJteHfq,Reshape,/job:localhost/replica:0/task:0/device:CPU:0,2.0,0.002
6P2Br4UxYv,Reshape,/job:localhost/replica:0/task:0/device:CPU:0,2.0,0.002
BmRY8g5urI,Reshape,/job:localhost/replica:0/task:0/device:CPU:0,2.0,0.002
LjEKUzrZ5R,Reshape,/job:localhost/replica:0/task:0/device:CPU:0,2.0,0.002
cIDk9RJ5zg,Reshape,/job:localhost/replica:0/task:0/device:CPU:0,2.0,0.002
0sd7OXDbEI,Reshape,/job:localhost/replica:0/task:0/device:CPU:0,2.0,0.002
GfRvKi506D,Reshape,/job:localhost/replica:0/task:0/device:CPU:0,2.0,0.002
LWQ8bYn1J2,Reshape,/job:localhost/replica:0/task:0/device:CPU:0,2.0,0.002
01uQ6qgY7M,Reshape,/job:localhost/replica:0/task:0/device:CPU:0,2.0,0.002
1HCvV6SiQO,Reshape,/job:localhost/replica:0/task:0/device:CPU:0,2.0,0.002
gcZHbqMku7,Where,/job:localhost/replica:0/task:0/device:CPU:0,2.0,0.002
7B3Gqeug6S,Reshape,/job:localhost/replica:0/task:0/device:CPU:0,2.0,0.002
_retval_43RGU8zgr0_0_0,Prod,/job:localhost/replica:0/task:0/device:CPU:0,2.0,0.002
_retval_8wICuLp9xj_0_3,Mean,/job:localhost/replica:0/task:0/device:CPU:0,2.0,0.002
SEDcVPg2Kr,Shape,/job:localhost/replica:0/task:0/device:MUSA:0,2.0,0.002
mZp8KoA9xW,Shape,/job:localhost/replica:0/task:0/device:MUSA:0,2.0,0.002
JnxfAwDIPv,Shape,/job:localhost/replica:0/task:0/device:MUSA:0,2.0,0.002
dm0YxtrK4B,Shape,/job:localhost/replica:0/task:0/device:MUSA:0,2.0,0.002
VsCGNIhuRE,Shape,/job:localhost/replica:0/task:0/device:MUSA:0,2.0,0.002
rnfJtmj7ND,Reshape,/job:localhost/replica:0/task:0/device:MUSA:0,2.0,0.002
Kgbj07ksZm,Reshape,/job:localhost/replica:0/task:0/device:MUSA:0,2.0,0.002
sYbJ0QmNM9,Reshape,/job:localhost/replica:0/task:0/device:MUSA:0,2.0,0.002
Jxbd59M47j,Squeeze,/job:localhost/replica:0/task:0/device:MUSA:0,2.0,0.002
Ecknr0j7sZ,Squeeze,/job:localhost/replica:0/task:0/device:MUSA:0,2.0,0.002
W36EmczHqL,Shape,/job:localhost/replica:0/task:0/device:MUSA:0,2.0,0.002
j9VYdLTZ2N,Squeeze,/job:localhost/replica:0/task:0/device:MUSA:0,2.0,0.002
WOguYX4HaI,Shape,/job:localhost/replica:0/task:0/device:MUSA:0,2.0,0.002
bfRQTEjleh,Shape,/job:localhost/replica:0/task:0/device:MUSA:0,2.0,0.002
xeO5KSWn6g,Shape,/job:localhost/replica:0/task:0/device:MUSA:0,2.0,0.002
TEQ2k74t0s,Squeeze,/job:localhost/replica:0/task:0/device:MUSA:0,2.0,0.002
4nS6X3RMEk,Squeeze,/job:localhost/replica:0/task:0/device:MUSA:0,2.0,0.002
DZoEteRXFO,Squeeze,/job:localhost/replica:0/task:0/device:MUSA:0,2.0,0.002
zPpONoFHUr,Reshape,/job:localhost/replica:0/task:0/device:MUSA:0,2.0,0.002
s4d1JCaYDB,Shape,/job:localhost/replica:0/task:0/device:MUSA:0,2.0,0.002
DK2iXUmCLJ,Reshape,/job:localhost/replica:0/task:0/device:MUSA:0,2.0,0.002
yYAiodQtq6,Reshape,/job:localhost/replica:0/task:0/device:MUSA:0,2.0,0.002
qhjzD5vtmw,Reshape,/job:localhost/replica:0/task:0/device:MUSA:0,2.0,0.002
I8xC25G9O7,Reshape,/job:localhost/replica:0/task:0/device:MUSA:0,2.0,0.002
XpGcfISojC,Shape,/job:localhost/replica:0/task:0/device:MUSA:0,2.0,0.002
6LoJeWzrc5,Shape,/job:localhost/replica:0/task:0/device:MUSA:0,2.0,0.002
MJRXcYvFiG,Shape,/job:localhost/replica:0/task:0/device:MUSA:0,2.0,0.002
hj0PR5elBU,Shape,/job:localhost/replica:0/task:0/device:MUSA:0,2.0,0.002
UcyOsjb85o,Shape,/job:localhost/replica:0/task:0/device:MUSA:0,2.0,0.002
ldnI3XQshU,Shape,/job:localhost/replica:0/task:0/device:MUSA:0,2.0,0.002
wEY69zoeXk,Shape,/job:localhost/replica:0/task:0/device:MUSA:0,2.0,0.002
FQpO4Guxsy,Reshape,/job:localhost/replica:0/task:0/device:MUSA:0,2.0,0.002
At6yqFTIS8,Tile,/job:localhost/replica:0/task:0/device:MUSA:0,2.0,0.002
S56ymborMG,Tile,/job:localhost/replica:0/task:0/device:MUSA:0,2.0,0.002
64En5ROD0o,Tile,/job:localhost/replica:0/task:0/device:MUSA:0,2.0,0.002
67dvTfRCq4,Tile,/job:localhost/replica:0/task:0/device:MUSA:0,2.0,0.002
VQpC4zvdWy,Tile,/job:localhost/replica:0/task:0/device:MUSA:0,2.0,0.002
ljAybR9MSp,Reshape,/job:localhost/replica:0/task:0/device:MUSA:0,2.0,0.002
0ibAyrg6T3,Reshape,/job:localhost/replica:0/task:0/device:MUSA:0,2.0,0.002
uD0niIYba2,Reshape,/job:localhost/replica:0/task:0/device:MUSA:0,2.0,0.002
r2dqJ6gnPz,Reshape,/job:localhost/replica:0/task:0/device:MUSA:0,2.0,0.002
FBsMnmNdoH,Shape,/job:localhost/replica:0/task:0/device:MUSA:0,2.0,0.002
QweR1ljF9g,Shape,/job:localhost/replica:0/task:0/device:MUSA:0,2.0,0.002
6aIR0D8rNH,Shape,/job:localhost/replica:0/task:0/device:MUSA:0,2.0,0.002
k4lUfHyXrE,Shape,/job:localhost/replica:0/task:0/device:MUSA:0,2.0,0.002
HMdvjPuX9q,Reshape,/job:localhost/replica:0/task:0/device:MUSA:0,2.0,0.002
ISr1lj7wQD,Reshape,/job:localhost/replica:0/task:0/device:MUSA:0,2.0,0.002
v5dg2cO1Ai,Reshape,/job:localhost/replica:0/task:0/device:MUSA:0,2.0,0.002
CSboY03LmN,Shape,/job:localhost/replica:0/task:0/device:MUSA:0,2.0,0.002
GSmt4xJXkq,Reshape,/job:localhost/replica:0/task:0/device:MUSA:0,2.0,0.002
OyEbqSNY08,Shape,/job:localhost/replica:0/task:0/device:MUSA:0,2.0,0.002
aSkAn5qEzb,Shape,/job:localhost/replica:0/task:0/device:MUSA:0,2.0,0.002
TuhraQ8Ozt,Reshape,/job:localhost/replica:0/task:0/device:MUSA:0,2.0,0.002
oGVOrXcMqu,Shape,/job:localhost/replica:0/task:0/device:MUSA:0,2.0,0.002
sZlJk8tRUL,Shape,/job:localhost/replica:0/task:0/device:MUSA:0,2.0,0.002
ohpbUDdexf,Shape,/job:localhost/replica:0/task:0/device:MUSA:0,2.0,0.002
1grvTQqnzJ,Shape,/job:localhost/replica:0/task:0/device:MUSA:0,2.0,0.002
czeXHynUSr,Shape,/job:localhost/replica:0/task:0/device:MUSA:0,2.0,0.002
z0X9qswH5T,Shape,/job:localhost/replica:0/task:0/device:MUSA:0,2.0,0.002
jxzQbS80Gp,Reshape,/job:localhost/replica:0/task:0/device:MUSA:0,2.0,0.002
MPfZouDmSn,Shape,/job:localhost/replica:0/task:0/device:MUSA:0,2.0,0.002
GpDTRQrFhP,Shape,/job:localhost/replica:0/task:0/device:MUSA:0,2.0,0.002
jzESaQ5KZe,Shape,/job:localhost/replica:0/task:0/device:MUSA:0,2.0,0.002
dEPYbSTZA3,Shape,/job:localhost/replica:0/task:0/device:MUSA:0,2.0,0.002
ql3tWuvwRV,Shape,/job:localhost/replica:0/task:0/device:MUSA:0,2.0,0.002
vAUfwn9jHe,Shape,/job:localhost/replica:0/task:0/device:MUSA:0,2.0,0.002
alh72Y1X5E,Shape,/job:localhost/replica:0/task:0/device:MUSA:0,2.0,0.002
cD5T3xaEQh,Shape,/job:localhost/replica:0/task:0/device:MUSA:0,2.0,0.002
nLZamGgYeC,Shape,/job:localhost/replica:0/task:0/device:MUSA:0,2.0,0.002
056R1jxm8g,Shape,/job:localhost/replica:0/task:0/device:MUSA:0,2.0,0.002
wOmj9YSDC2,Shape,/job:localhost/replica:0/task:0/device:MUSA:0,2.0,0.002
Rfukj7s6G2,Shape,/job:localhost/replica:0/task:0/device:MUSA:0,2.0,0.002
VKWrPgs0Nm,Shape,/job:localhost/replica:0/task:0/device:MUSA:0,2.0,0.002
oIr4lBbQAS,ExpandDims,/job:localhost/replica:0/task:0/device:MUSA:0,2.0,0.002
58UWyQ3Hh1,ExpandDims,/job:localhost/replica:0/task:0/device:MUSA:0,2.0,0.002
5oOaN82G6D,ExpandDims,/job:localhost/replica:0/task:0/device:MUSA:0,2.0,0.002
FNvax3byeA,Shape,/job:localhost/replica:0/task:0/device:MUSA:0,2.0,0.002
QsK6BRpO8J,Shape,/job:localhost/replica:0/task:0/device:MUSA:0,2.0,0.002
V38AWSmlf1,Shape,/job:localhost/replica:0/task:0/device:MUSA:0,2.0,0.002
0CbX3lwAT9,Shape,/job:localhost/replica:0/task:0/device:MUSA:0,2.0,0.002
fOwIR5XeaD,Shape,/job:localhost/replica:0/task:0/device:MUSA:0,2.0,0.002
vy2HtaLkzU,Shape,/job:localhost/replica:0/task:0/device:MUSA:0,2.0,0.002
8L6bCmB3n4,Shape,/job:localhost/replica:0/task:0/device:MUSA:0,2.0,0.002
lnYGtFHj6O,Shape,/job:localhost/replica:0/task:0/device:MUSA:0,2.0,0.002
esgKrYfGSQ,Shape,/job:localhost/replica:0/task:0/device:MUSA:0,2.0,0.002
8jxNS70Hmf,Shape,/job:localhost/replica:0/task:0/device:MUSA:0,2.0,0.002
5eIJfg2B70,Shape,/job:localhost/replica:0/task:0/device:MUSA:0,2.0,0.002
SZtBilsuxW,StridedSlice,/job:localhost/replica:0/task:0/device:MUSA:0,2.0,0.002
oEkHVSuaM1,StridedSlice,/job:localhost/replica:0/task:0/device:MUSA:0,2.0,0.002
V4JdjxQWfn,StridedSlice,/job:localhost/replica:0/task:0/device:MUSA:0,2.0,0.002
UtlBmqjkCM,StridedSlice,/job:localhost/replica:0/task:0/device:MUSA:0,2.0,0.002
T8WsHfKqIy,StridedSlice,/job:localhost/replica:0/task:0/device:MUSA:0,2.0,0.002
4VJesFASrp,Pack,/job:localhost/replica:0/task:0/device:MUSA:0,2.0,0.002
RtcvK9WZhO,Pack,/job:localhost/replica:0/task:0/device:MUSA:0,2.0,0.002
NGhOpDdRob,Pack,/job:localhost/replica:0/task:0/device:MUSA:0,2.0,0.002
sdNnVyWMbX,Pack,/job:localhost/replica:0/task:0/device:MUSA:0,2.0,0.002
bqCKlW0Mpi,Reshape,/job:localhost/replica:0/task:0/device:MUSA:0,2.0,0.002
idGh7nrBxU,Reshape,/job:localhost/replica:0/task:0/device:MUSA:0,2.0,0.002
8sMUlFN7x5,Const,/job:localhost/replica:0/task:0/device:CPU:0,1.0,0.001
UWQquowAS0,Const,/job:localhost/replica:0/task:0/device:CPU:0,1.0,0.001
0uLgxB7HEc,Const,/job:localhost/replica:0/task:0/device:CPU:0,1.0,0.001
_arg_0XLScObnsl_0_10,Placeholder,/job:localhost/replica:0/task:0/device:CPU:0,1.0,0.001
_arg_0qtE5V8F72_0_19,Placeholder,/job:localhost/replica:0/task:0/device:CPU:0,1.0,0.001
_arg_0tqY7OsfJR_0_22,Placeholder,/job:localhost/replica:0/task:0/device:CPU:0,1.0,0.001
_arg_14bDCgZVjv_0_26,Placeholder,/job:localhost/replica:0/task:0/device:CPU:0,1.0,0.001
_arg_0nKbtBrazd_0_15,Placeholder,/job:localhost/replica:0/task:0/device:CPU:0,1.0,0.001
_arg_1EjZQY3aNg_0_34,Placeholder,/job:localhost/replica:0/task:0/device:CPU:0,1.0,0.001
ZCeg1aHmnq,Const,/job:localhost/replica:0/task:0/device:CPU:0,1.0,0.001
w8RYOtxD6s,Const,/job:localhost/replica:0/task:0/device:CPU:0,1.0,0.001
_arg_0FhUnAzLiT_0_5,Placeholder,/job:localhost/replica:0/task:0/device:CPU:0,1.0,0.001
_arg_19dw3IY7LF_0_28,Placeholder,/job:localhost/replica:0/task:0/device:CPU:0,1.0,0.001
_arg_0IJYMfA7kz_0_6,Placeholder,/job:localhost/replica:0/task:0/device:CPU:0,1.0,0.001
dacsL7bUzu,Const,/job:localhost/replica:0/task:0/device:CPU:0,1.0,0.001
_arg_0sroYMwAh9_0_21,Placeholder,/job:localhost/replica:0/task:0/device:CPU:0,1.0,0.001
_arg_08tOfYzHbk_0_2,Placeholder,/job:localhost/replica:0/task:0/device:CPU:0,1.0,0.001
mieDcUQgtG,Const,/job:localhost/replica:0/task:0/device:CPU:0,1.0,0.001
_arg_EUm7MBeVk0_0_420,Placeholder,/job:localhost/replica:0/task:0/device:CPU:0,1.0,0.001
_arg_EYWXni0y1t_0_423,Placeholder,/job:localhost/replica:0/task:0/device:CPU:0,1.0,0.001
ZWiO9qwQVd,Const,/job:localhost/replica:0/task:0/device:CPU:0,1.0,0.001
_arg_Eh7btY10eO_0_427,Placeholder,/job:localhost/replica:0/task:0/device:CPU:0,1.0,0.001
_arg_EhMikN0dGH_0_428,Placeholder,/job:localhost/replica:0/task:0/device:CPU:0,1.0,0.001
_arg_FQg6p7uIYX_0_439,Placeholder,/job:localhost/replica:0/task:0/device:CPU:0,1.0,0.001
_arg_FZTIiQleSX_0_443,Placeholder,/job:localhost/replica:0/task:0/device:CPU:0,1.0,0.001
_arg_FTdsYhtgHe_0_440,Placeholder,/job:localhost/replica:0/task:0/device:CPU:0,1.0,0.001
_arg_FbptNvDnSs_0_446,Placeholder,/job:localhost/replica:0/task:0/device:CPU:0,1.0,0.001
_arg_FQSUom5Y3D_0_438,Placeholder,/job:localhost/replica:0/task:0/device:CPU:0,1.0,0.001
_arg_Fbs05njoOW_0_447,Placeholder,/job:localhost/replica:0/task:0/device:CPU:0,1.0,0.001
_arg_FrMdNAD9w2_0_462,Placeholder,/job:localhost/replica:0/task:0/device:CPU:0,1.0,0.001
_arg_G5Sblz7yv0_0_470,Placeholder,/job:localhost/replica:0/task:0/device:CPU:0,1.0,0.001
_arg_FilbBDkIej_0_455,Placeholder,/job:localhost/replica:0/task:0/device:CPU:0,1.0,0.001
_arg_FuIG9UHeM5_0_463,Placeholder,/job:localhost/replica:0/task:0/device:CPU:0,1.0,0.001
_arg_FxU0urTZ2R_0_466,Placeholder,/job:localhost/replica:0/task:0/device:CPU:0,1.0,0.001
_arg_GAojbehXqg_0_474,Placeholder,/job:localhost/replica:0/task:0/device:CPU:0,1.0,0.001
_arg_GKV8W2nBzM_0_478,Placeholder,/job:localhost/replica:0/task:0/device:CPU:0,1.0,0.001
_arg_Fhw7nLfkXU_0_453,Placeholder,/job:localhost/replica:0/task:0/device:CPU:0,1.0,0.001
_arg_FplRnPeaXN_0_461,Placeholder,/job:localhost/replica:0/task:0/device:CPU:0,1.0,0.001
_arg_G8icZ7EwVy_0_473,Placeholder,/job:localhost/replica:0/task:0/device:CPU:0,1.0,0.001
_arg_GO8qotFvhV_0_479,Placeholder,/job:localhost/replica:0/task:0/device:CPU:0,1.0,0.001
_arg_GYVJNn13qp_0_483,Placeholder,/job:localhost/replica:0/task:0/device:CPU:0,1.0,0.001
_arg_Gtjeh91g0Y_0_494,Placeholder,/job:localhost/replica:0/task:0/device:CPU:0,1.0,0.001
_arg_H6D2NzrTth_0_498,Placeholder,/job:localhost/replica:0/task:0/device:CPU:0,1.0,0.001
_arg_GfLXxtYH5D_0_487,Placeholder,/job:localhost/replica:0/task:0/device:CPU:0,1.0,0.001
_arg_H8VtbmaWDM_0_499,Placeholder,/job:localhost/replica:0/task:0/device:CPU:0,1.0,0.001
_arg_HO9y3J2ZSV_0_506,Placeholder,/job:localhost/replica:0/task:0/device:CPU:0,1.0,0.001
_arg_HWniBR7Mk4_0_513,Placeholder,/job:localhost/replica:0/task:0/device:CPU:0,1.0,0.001
_arg_GSx3B0dQyY_0_481,Placeholder,/job:localhost/replica:0/task:0/device:CPU:0,1.0,0.001
_arg_HAQSdMI7uF_0_500,Placeholder,/job:localhost/replica:0/task:0/device:CPU:0,1.0,0.001
_arg_HL8M6SAZwv_0_504,Placeholder,/job:localhost/replica:0/task:0/device:CPU:0,1.0,0.001
_arg_HVdaseyBvw_0_511,Placeholder,/job:localhost/replica:0/task:0/device:CPU:0,1.0,0.001
_arg_HlwYytboIJ_0_518,Placeholder,/job:localhost/replica:0/task:0/device:CPU:0,1.0,0.001
_arg_GigHUOyJwB_0_489,Placeholder,/job:localhost/replica:0/task:0/device:CPU:0,1.0,0.001
_arg_GxLT1ci57s_0_497,Placeholder,/job:localhost/replica:0/task:0/device:CPU:0,1.0,0.001
_arg_IAdV6FLhUH_0_530,Placeholder,/job:localhost/replica:0/task:0/device:CPU:0,1.0,0.001
_arg_HwC8y7tYSu_0_523,Placeholder,/job:localhost/replica:0/task:0/device:CPU:0,1.0,0.001
_arg_IeYngVSo80_0_546,Placeholder,/job:localhost/replica:0/task:0/device:CPU:0,1.0,0.001
_arg_HyxJbEqM4c_0_524,Placeholder,/job:localhost/replica:0/task:0/device:CPU:0,1.0,0.001
_arg_IUmgPA6TqH_0_539,Placeholder,/job:localhost/replica:0/task:0/device:CPU:0,1.0,0.001
_arg_IgDdGNxSX8_0_547,Placeholder,/job:localhost/replica:0/task:0/device:CPU:0,1.0,0.001
_arg_IVXxq5owkB_0_540,Placeholder,/job:localhost/replica:0/task:0/device:CPU:0,1.0,0.001
_arg_wo86Wpq3Z7_0_1700,Placeholder,/job:localhost/replica:0/task:0/device:CPU:0,1.0,0.001
_arg_woM9FLQ7jr_0_1701,Placeholder,/job:localhost/replica:0/task:0/device:CPU:0,1.0,0.001
_arg_wue3ghYiQT_0_1703,Placeholder,/job:localhost/replica:0/task:0/device:CPU:0,1.0,0.001
_arg_x2f6Mzu5pF_0_1711,Placeholder,/job:localhost/replica:0/task:0/device:CPU:0,1.0,0.001
_arg_xDK5isOGkq_0_1715,Placeholder,/job:localhost/replica:0/task:0/device:CPU:0,1.0,0.001
_arg_xahlyQtUSE_0_1724,Placeholder,/job:localhost/replica:0/task:0/device:CPU:0,1.0,0.001
_arg_xUCBFhofgp_0_1721,Placeholder,/job:localhost/replica:0/task:0/device:CPU:0,1.0,0.001
_arg_xXVSZh7bqA_0_1722,Placeholder,/job:localhost/replica:0/task:0/device:CPU:0,1.0,0.001
_arg_xkLV2yeoJ4_0_1729,Placeholder,/job:localhost/replica:0/task:0/device:CPU:0,1.0,0.001
_arg_ynZKRq08rv_0_1750,Placeholder,/job:localhost/replica:0/task:0/device:CPU:0,1.0,0.001
_arg_y6unZNHgsE_0_1733,Placeholder,/job:localhost/replica:0/task:0/device:CPU:0,1.0,0.001
_arg_yStAqIKP71_0_1740,Placeholder,/job:localhost/replica:0/task:0/device:CPU:0,1.0,0.001
_arg_yXSH19dYLI_0_1744,Placeholder,/job:localhost/replica:0/task:0/device:CPU:0,1.0,0.001
_arg_ydbzZefFg4_0_1747,Placeholder,/job:localhost/replica:0/task:0/device:CPU:0,1.0,0.001
_arg_yuNd0pLRGh_0_1752,Placeholder,/job:localhost/replica:0/task:0/device:CPU:0,1.0,0.001
_arg_z5JHERfgmB_0_1760,Placeholder,/job:localhost/replica:0/task:0/device:CPU:0,1.0,0.001
_arg_zEygCa9dFS_0_1763,Placeholder,/job:localhost/replica:0/task:0/device:CPU:0,1.0,0.001
_arg_yvrdGt8lkN_0_1753,Placeholder,/job:localhost/replica:0/task:0/device:CPU:0,1.0,0.001
_arg_zGVblxLEpA_0_1764,Placeholder,/job:localhost/replica:0/task:0/device:CPU:0,1.0,0.001
_arg_zPrciRTLx2_0_1768,Placeholder,/job:localhost/replica:0/task:0/device:CPU:0,1.0,0.001
_arg_kI637oDLJP_0_1318,Placeholder,/job:localhost/replica:0/task:0/device:CPU:0,1.0,0.001
_arg_kcsyTi2jwO_0_1327,Placeholder,/job:localhost/replica:0/task:0/device:CPU:0,1.0,0.001
_arg_kPSW3NwnYl_0_1321,Placeholder,/job:localhost/replica:0/task:0/device:CPU:0,1.0,0.001
_arg_kWC4ri5HBP_0_1324,Placeholder,/job:localhost/replica:0/task:0/device:CPU:0,1.0,0.001
_arg_kWzoSnYlIO_0_1326,Placeholder,/job:localhost/replica:0/task:0/device:CPU:0,1.0,0.001
_arg_ksLopAdhl1_0_1335,Placeholder,/job:localhost/replica:0/task:0/device:CPU:0,1.0,0.001
_arg_kvW4RwpGDc_0_1337,Placeholder,/job:localhost/replica:0/task:0/device:CPU:0,1.0,0.001
_arg_lGwpFhki4r_0_1352,Placeholder,/job:localhost/replica:0/task:0/device:CPU:0,1.0,0.001
_arg_m0NyC1gZM6_0_1370,Placeholder,/job:localhost/replica:0/task:0/device:CPU:0,1.0,0.001
_arg_l6zZ8XnFsB_0_1345,Placeholder,/job:localhost/replica:0/task:0/device:CPU:0,1.0,0.001
_arg_mBkcaYovAP_0_1374,Placeholder,/job:localhost/replica:0/task:0/device:CPU:0,1.0,0.001
_arg_lZoWeOHTd4_0_1357,Placeholder,/job:localhost/replica:0/task:0/device:CPU:0,1.0,0.001
_arg_ljPcd5AqCU_0_1364,Placeholder,/job:localhost/replica:0/task:0/device:CPU:0,1.0,0.001
_arg_mL5s7dO8wY_0_1380,Placeholder,/job:localhost/replica:0/task:0/device:CPU:0,1.0,0.001
_arg_mu187OlT4I_0_1397,Placeholder,/job:localhost/replica:0/task:0/device:CPU:0,1.0,0.001
_arg_lmSRTC0V1D_0_1365,Placeholder,/job:localhost/replica:0/task:0/device:CPU:0,1.0,0.001
_arg_m8fPtn4Yjs_0_1373,Placeholder,/job:localhost/replica:0/task:0/device:CPU:0,1.0,0.001
_arg_mua9roY3eS_0_1398,Placeholder,/job:localhost/replica:0/task:0/device:CPU:0,1.0,0.001
_arg_nuyOBRlwVE_0_1421,Placeholder,/job:localhost/replica:0/task:0/device:CPU:0,1.0,0.001
_arg_msYUvbyqCL_0_1395,Placeholder,/job:localhost/replica:0/task:0/device:CPU:0,1.0,0.001
_arg_nK7Xj4rEIo_0_1406,Placeholder,/job:localhost/replica:0/task:0/device:CPU:0,1.0,0.001
_arg_ndjxVtawKY_0_1414,Placeholder,/job:localhost/replica:0/task:0/device:CPU:0,1.0,0.001
_arg_o0RyNXr67Z_0_1425,Placeholder,/job:localhost/replica:0/task:0/device:CPU:0,1.0,0.001
_arg_mtQjGg6AhO_0_1396,Placeholder,/job:localhost/replica:0/task:0/device:CPU:0,1.0,0.001
_arg_nKxNTrRVdU_0_1407,Placeholder,/job:localhost/replica:0/task:0/device:CPU:0,1.0,0.001
_arg_nxtDHYvg3y_0_1423,Placeholder,/job:localhost/replica:0/task:0/device:CPU:0,1.0,0.001
_arg_oAOyaFWQKI_0_1430,Placeholder,/job:localhost/replica:0/task:0/device:CPU:0,1.0,0.001
_arg_nI8BoUumrd_0_1404,Placeholder,/job:localhost/replica:0/task:0/device:CPU:0,1.0,0.001
_arg_nXImEbcS0U_0_1412,Placeholder,/job:localhost/replica:0/task:0/device:CPU:0,1.0,0.001
_arg_nedlsuxZKR_0_1416,Placeholder,/job:localhost/replica:0/task:0/device:CPU:0,1.0,0.001
_arg_o7rbs8Q2eV_0_1427,Placeholder,/job:localhost/replica:0/task:0/device:CPU:0,1.0,0.001
_arg_oIKicMQzr7_0_1435,Placeholder,/job:localhost/replica:0/task:0/device:CPU:0,1.0,0.001
_arg_oPIlqU3WvH_0_1439,Placeholder,/job:localhost/replica:0/task:0/device:CPU:0,1.0,0.001
_arg_oEt5aGgxFe_0_1432,Placeholder,/job:localhost/replica:0/task:0/device:CPU:0,1.0,0.001
_arg_fZMxD3ngHe_0_1188,Placeholder,/job:localhost/replica:0/task:0/device:CPU:0,1.0,0.001
_arg_fo2kUAyvG3_0_1196,Placeholder,/job:localhost/replica:0/task:0/device:CPU:0,1.0,0.001
_arg_hiuFsM5SHg_0_1252,Placeholder,/job:localhost/replica:0/task:0/device:CPU:0,1.0,0.001
_arg_gJdprXGPTb_0_1209,Placeholder,/job:localhost/replica:0/task:0/device:CPU:0,1.0,0.001
_arg_gQ6rvGu0JI_0_1213,Placeholder,/job:localhost/replica:0/task:0/device:CPU:0,1.0,0.001
_arg_hsSWTJ0rBP_0_1257,Placeholder,/job:localhost/replica:0/task:0/device:CPU:0,1.0,0.001
_arg_gvumtEScFQ_0_1232,Placeholder,/job:localhost/replica:0/task:0/device:CPU:0,1.0,0.001
_arg_gWQ76y520v_0_1214,Placeholder,/job:localhost/replica:0/task:0/device:CPU:0,1.0,0.001
_arg_gyn3Del4Ui_0_1233,Placeholder,/job:localhost/replica:0/task:0/device:CPU:0,1.0,0.001
_arg_gJt8wNyl3X_0_1210,Placeholder,/job:localhost/replica:0/task:0/device:CPU:0,1.0,0.001
_arg_hi2CVZDtsG_0_1251,Placeholder,/job:localhost/replica:0/task:0/device:CPU:0,1.0,0.001
_arg_gkvYhcOsTD_0_1225,Placeholder,/job:localhost/replica:0/task:0/device:CPU:0,1.0,0.001
_arg_iDLPkYaVHQ_0_1268,Placeholder,/job:localhost/replica:0/task:0/device:CPU:0,1.0,0.001
_arg_hntrRT5ABc_0_1254,Placeholder,/job:localhost/replica:0/task:0/device:CPU:0,1.0,0.001
_arg_i3WU1xo2ef_0_1264,Placeholder,/job:localhost/replica:0/task:0/device:CPU:0,1.0,0.001
_arg_gBnR2NYFzt_0_1203,Placeholder,/job:localhost/replica:0/task:0/device:CPU:0,1.0,0.001
_arg_gIcmNCqD8k_0_1206,Placeholder,/job:localhost/replica:0/task:0/device:CPU:0,1.0,0.001
_arg_geLtkcnQuf_0_1222,Placeholder,/job:localhost/replica:0/task:0/device:CPU:0,1.0,0.001
_arg_h80qHctWED_0_1238,Placeholder,/job:localhost/replica:0/task:0/device:CPU:0,1.0,0.001
_arg_gLEAWOvj7b_0_1212,Placeholder,/job:localhost/replica:0/task:0/device:CPU:0,1.0,0.001
_arg_iKrlTEh8cN_0_1272,Placeholder,/job:localhost/replica:0/task:0/device:CPU:0,1.0,0.001
_arg_gYG31Zz9xA_0_1218,Placeholder,/job:localhost/replica:0/task:0/device:CPU:0,1.0,0.001
_arg_geWpdufbt0_0_1223,Placeholder,/job:localhost/replica:0/task:0/device:CPU:0,1.0,0.001
_arg_jELfHahn7R_0_1293,Placeholder,/job:localhost/replica:0/task:0/device:CPU:0,1.0,0.001
_arg_jbCwuLWlSE_0_1299,Placeholder,/job:localhost/replica:0/task:0/device:CPU:0,1.0,0.001
_arg_iEjFGKdCkR_0_1270,Placeholder,/job:localhost/replica:0/task:0/device:CPU:0,1.0,0.001
_arg_iPEU7k5xHg_0_1276,Placeholder,/job:localhost/replica:0/task:0/device:CPU:0,1.0,0.001
_arg_jIAQG9oDr0_0_1294,Placeholder,/job:localhost/replica:0/task:0/device:CPU:0,1.0,0.001
_arg_jc1HihxGFA_0_1300,Placeholder,/job:localhost/replica:0/task:0/device:CPU:0,1.0,0.001
_arg_jfIanVt6Z9_0_1303,Placeholder,/job:localhost/replica:0/task:0/device:CPU:0,1.0,0.001
_arg_jkFu16QloR_0_1307,Placeholder,/job:localhost/replica:0/task:0/device:CPU:0,1.0,0.001
_arg_jtrfI8AFJC_0_1311,Placeholder,/job:localhost/replica:0/task:0/device:CPU:0,1.0,0.001
_arg_jkI8SydfU9_0_1308,Placeholder,/job:localhost/replica:0/task:0/device:CPU:0,1.0,0.001
_arg_juCzg6FPoO_0_1312,Placeholder,/job:localhost/replica:0/task:0/device:CPU:0,1.0,0.001
_arg_iPcpOTwK0I_0_1277,Placeholder,/job:localhost/replica:0/task:0/device:CPU:0,1.0,0.001
_arg_jgLIRaZPAD_0_1305,Placeholder,/job:localhost/replica:0/task:0/device:CPU:0,1.0,0.001
_arg_k6bePYF7ID_0_1314,Placeholder,/job:localhost/replica:0/task:0/device:CPU:0,1.0,0.001
_arg_iQPjhCHVL5_0_1278,Placeholder,/job:localhost/replica:0/task:0/device:CPU:0,1.0,0.001
_arg_NkRdnLEfo0_0_702,Placeholder,/job:localhost/replica:0/task:0/device:CPU:0,1.0,0.001
_arg_O7HKe9PIg8_0_714,Placeholder,/job:localhost/replica:0/task:0/device:CPU:0,1.0,0.001
_arg_O8QIRZqG6X_0_715,Placeholder,/job:localhost/replica:0/task:0/device:CPU:0,1.0,0.001
_arg_OeDKCFm4dX_0_733,Placeholder,/job:localhost/replica:0/task:0/device:CPU:0,1.0,0.001
_arg_O561G8AsLP_0_711,Placeholder,/job:localhost/replica:0/task:0/device:CPU:0,1.0,0.001
_arg_OQYcJLXTsn_0_727,Placeholder,/job:localhost/replica:0/task:0/device:CPU:0,1.0,0.001
_arg_P0ZGjg5DFN_0_741,Placeholder,/job:localhost/replica:0/task:0/device:CPU:0,1.0,0.001
_arg_OnyPqBWkrw_0_734,Placeholder,/job:localhost/replica:0/task:0/device:CPU:0,1.0,0.001
_arg_Oy6Gj2PHsi_0_738,Placeholder,/job:localhost/replica:0/task:0/device:CPU:0,1.0,0.001
_arg_Qg9W5l1Nnx_0_785,Placeholder,/job:localhost/replica:0/task:0/device:CPU:0,1.0,0.001
_arg_P62A93I0qb_0_742,Placeholder,/job:localhost/replica:0/task:0/device:CPU:0,1.0,0.001
_arg_RDVT045LE7_0_800,Placeholder,/job:localhost/replica:0/task:0/device:CPU:0,1.0,0.001
_arg_PpyOnS6hjG_0_765,Placeholder,/job:localhost/replica:0/task:0/device:CPU:0,1.0,0.001
_arg_Na9YEqB2mW_0_697,Placeholder,/job:localhost/replica:0/task:0/device:CPU:0,1.0,0.001
_arg_OU8Y7Ss241_0_729,Placeholder,/job:localhost/replica:0/task:0/device:CPU:0,1.0,0.001
_arg_OyEHnATfYB_0_739,Placeholder,/job:localhost/replica:0/task:0/device:CPU:0,1.0,0.001
_arg_PCNgbA4snF_0_746,Placeholder,/job:localhost/replica:0/task:0/device:CPU:0,1.0,0.001
_arg_NzIjdKfFBC_0_708,Placeholder,/job:localhost/replica:0/task:0/device:CPU:0,1.0,0.001
_arg_QBeiHJ7SG8_0_777,Placeholder,/job:localhost/replica:0/task:0/device:CPU:0,1.0,0.001
_arg_Plwesh2d3q_0_763,Placeholder,/job:localhost/replica:0/task:0/device:CPU:0,1.0,0.001
_arg_Q7YteMWouq_0_774,Placeholder,/job:localhost/replica:0/task:0/device:CPU:0,1.0,0.001
_arg_NFkY4vJVmy_0_681,Placeholder,/job:localhost/replica:0/task:0/device:CPU:0,1.0,0.001
_arg_NI1aKgR3Ao_0_685,Placeholder,/job:localhost/replica:0/task:0/device:CPU:0,1.0,0.001
_arg_Qjl6Ho2rVZ_0_787,Placeholder,/job:localhost/replica:0/task:0/device:CPU:0,1.0,0.001
_arg_R3aGTj079b_0_797,Placeholder,/job:localhost/replica:0/task:0/device:CPU:0,1.0,0.001
_arg_NwZ1XM524H_0_705,Placeholder,/job:localhost/replica:0/task:0/device:CPU:0,1.0,0.001
_arg_QA908MPkRY_0_775,Placeholder,/job:localhost/replica:0/task:0/device:CPU:0,1.0,0.001
_arg_QOKcfzr62V_0_781,Placeholder,/job:localhost/replica:0/task:0/device:CPU:0,1.0,0.001
_arg_PGNlObFkSV_0_751,Placeholder,/job:localhost/replica:0/task:0/device:CPU:0,1.0,0.001
_arg_QC0Mn7SGPi_0_779,Placeholder,/job:localhost/replica:0/task:0/device:CPU:0,1.0,0.001
_arg_RFYfbstmoj_0_802,Placeholder,/job:localhost/replica:0/task:0/device:CPU:0,1.0,0.001
_arg_PIeEpOjAW2_0_752,Placeholder,/job:localhost/replica:0/task:0/device:CPU:0,1.0,0.001
_arg_PiOdRtQzMS_0_759,Placeholder,/job:localhost/replica:0/task:0/device:CPU:0,1.0,0.001
_arg_W5e63nlZjs_0_932,Placeholder,/job:localhost/replica:0/task:0/device:CPU:0,1.0,0.001
_arg_WDycGeJpoA_0_937,Placeholder,/job:localhost/replica:0/task:0/device:CPU:0,1.0,0.001
_arg_WxA8L0qQnG_0_963,Placeholder,/job:localhost/replica:0/task:0/device:CPU:0,1.0,0.001
_arg_XRPZlQJBGU_0_977,Placeholder,/job:localhost/replica:0/task:0/device:CPU:0,1.0,0.001
_arg_YwfFRiO6aH_0_1015,Placeholder,/job:localhost/replica:0/task:0/device:CPU:0,1.0,0.001
_arg_XcZpseLbaA_0_981,Placeholder,/job:localhost/replica:0/task:0/device:CPU:0,1.0,0.001
_arg_WwPliugJrc_0_961,Placeholder,/job:localhost/replica:0/task:0/device:CPU:0,1.0,0.001
_arg_WzTXne4EQG_0_964,Placeholder,/job:localhost/replica:0/task:0/device:CPU:0,1.0,0.001
_arg_Y30dKRwxFJ_0_988,Placeholder,/job:localhost/replica:0/task:0/device:CPU:0,1.0,0.001
_arg_Y3gQZoBkvF_0_989,Placeholder,/job:localhost/replica:0/task:0/device:CPU:0,1.0,0.001
_arg_Ws2JLOinMg_0_954,Placeholder,/job:localhost/replica:0/task:0/device:CPU:0,1.0,0.001
_arg_WAtRhi5MDe_0_934,Placeholder,/job:localhost/replica:0/task:0/device:CPU:0,1.0,0.001
_arg_Wx09dhDk7q_0_962,Placeholder,/job:localhost/replica:0/task:0/device:CPU:0,1.0,0.001
_arg_a385JnQxgv_0_1050,Placeholder,/job:localhost/replica:0/task:0/device:CPU:0,1.0,0.001
_arg_Z0mxnhwOfV_0_1017,Placeholder,/job:localhost/replica:0/task:0/device:CPU:0,1.0,0.001
_arg_ZH57VlLrFG_0_1030,Placeholder,/job:localhost/replica:0/task:0/device:CPU:0,1.0,0.001
_arg_Zcw5mpMVv7_0_1039,Placeholder,/job:localhost/replica:0/task:0/device:CPU:0,1.0,0.001
_arg_YaiXK68EuS_0_1005,Placeholder,/job:localhost/replica:0/task:0/device:CPU:0,1.0,0.001
_arg_aAMKrtqeju_0_1054,Placeholder,/job:localhost/replica:0/task:0/device:CPU:0,1.0,0.001
_arg_WBdejwCoz4_0_935,Placeholder,/job:localhost/replica:0/task:0/device:CPU:0,1.0,0.001
_arg_ZSVUwNQ214_0_1036,Placeholder,/job:localhost/replica:0/task:0/device:CPU:0,1.0,0.001
_arg_ZiNIcJxymu_0_1042,Placeholder,/job:localhost/replica:0/task:0/device:CPU:0,1.0,0.001
_arg_WvfyqTd28e_0_959,Placeholder,/job:localhost/replica:0/task:0/device:CPU:0,1.0,0.001
_arg_ZoGKqU0gbO_0_1043,Placeholder,/job:localhost/replica:0/task:0/device:CPU:0,1.0,0.001
_arg_YQIkBjCso4_0_997,Placeholder,/job:localhost/replica:0/task:0/device:CPU:0,1.0,0.001
_arg_YVGzCuSrJy_0_1002,Placeholder,/job:localhost/replica:0/task:0/device:CPU:0,1.0,0.001
_arg_ZKQIedJAMl_0_1033,Placeholder,/job:localhost/replica:0/task:0/device:CPU:0,1.0,0.001
_arg_a3o9LFjPBH_0_1051,Placeholder,/job:localhost/replica:0/task:0/device:CPU:0,1.0,0.001
_arg_aIizTfsLjZ_0_1056,Placeholder,/job:localhost/replica:0/task:0/device:CPU:0,1.0,0.001
_arg_a0JBvx7jtG_0_1048,Placeholder,/job:localhost/replica:0/task:0/device:CPU:0,1.0,0.001
_arg_a0Tse3O8NM_0_1049,Placeholder,/job:localhost/replica:0/task:0/device:CPU:0,1.0,0.001
_arg_JZ740DOLaw_0_576,Placeholder,/job:localhost/replica:0/task:0/device:CPU:0,1.0,0.001
_arg_K5CbEOIh3x_0_584,Placeholder,/job:localhost/replica:0/task:0/device:CPU:0,1.0,0.001
_arg_JQYAknOz2B_0_569,Placeholder,/job:localhost/replica:0/task:0/device:CPU:0,1.0,0.001
_arg_Jg8fFUWuxn_0_578,Placeholder,/job:localhost/replica:0/task:0/device:CPU:0,1.0,0.001
_arg_KQVHIfcjTD_0_591,Placeholder,/job:localhost/replica:0/task:0/device:CPU:0,1.0,0.001
_arg_KUV7mzAqhf_0_592,Placeholder,/job:localhost/replica:0/task:0/device:CPU:0,1.0,0.001
_arg_Iiugp98yX7_0_549,Placeholder,/job:localhost/replica:0/task:0/device:CPU:0,1.0,0.001
_arg_KNby8f32LW_0_590,Placeholder,/job:localhost/replica:0/task:0/device:CPU:0,1.0,0.001
_arg_JD3As0E6jw_0_562,Placeholder,/job:localhost/replica:0/task:0/device:CPU:0,1.0,0.001
_arg_LF4QcXirIN_0_608,Placeholder,/job:localhost/replica:0/task:0/device:CPU:0,1.0,0.001
_arg_LMwGtjdXzJ_0_612,Placeholder,/job:localhost/replica:0/task:0/device:CPU:0,1.0,0.001
_arg_IlJmg9rBfo_0_550,Placeholder,/job:localhost/replica:0/task:0/device:CPU:0,1.0,0.001
_arg_IsR79VyQpA_0_553,Placeholder,/job:localhost/replica:0/task:0/device:CPU:0,1.0,0.001
_arg_L8V6h0dXfv_0_606,Placeholder,/job:localhost/replica:0/task:0/device:CPU:0,1.0,0.001
_arg_JTDKZcGt4x_0_571,Placeholder,/job:localhost/replica:0/task:0/device:CPU:0,1.0,0.001
_arg_MasvdPCUpZ_0_662,Placeholder,/job:localhost/replica:0/task:0/device:CPU:0,1.0,0.001
_arg_MNFyJIq3L1_0_651,Placeholder,/job:localhost/replica:0/task:0/device:CPU:0,1.0,0.001
_arg_MUFzi0aVhf_0_655,Placeholder,/job:localhost/replica:0/task:0/device:CPU:0,1.0,0.001
_arg_LYR8qWb5sN_0_620,Placeholder,/job:localhost/replica:0/task:0/device:CPU:0,1.0,0.001
_arg_LpTJvsagrY_0_633,Placeholder,/job:localhost/replica:0/task:0/device:CPU:0,1.0,0.001
_arg_Isw0pJ4BPK_0_554,Placeholder,/job:localhost/replica:0/task:0/device:CPU:0,1.0,0.001
_arg_Ml9JFxWTPB_0_668,Placeholder,/job:localhost/replica:0/task:0/device:CPU:0,1.0,0.001
_arg_MDLXOY4yk8_0_643,Placeholder,/job:localhost/replica:0/task:0/device:CPU:0,1.0,0.001
_arg_LIgHcGo5mw_0_610,Placeholder,/job:localhost/replica:0/task:0/device:CPU:0,1.0,0.001
_arg_Md30GkqxIW_0_663,Placeholder,/job:localhost/replica:0/task:0/device:CPU:0,1.0,0.001
_arg_MASQp3uEqD_0_640,Placeholder,/job:localhost/replica:0/task:0/device:CPU:0,1.0,0.001
_arg_LXQatZq76A_0_618,Placeholder,/job:localhost/replica:0/task:0/device:CPU:0,1.0,0.001
_arg_MplyY4VsaN_0_670,Placeholder,/job:localhost/replica:0/task:0/device:CPU:0,1.0,0.001
_arg_MRXQz2eyiP_0_653,Placeholder,/job:localhost/replica:0/task:0/device:CPU:0,1.0,0.001
_arg_Lb4tHWhaQx_0_622,Placeholder,/job:localhost/replica:0/task:0/device:CPU:0,1.0,0.001
_arg_MBlu3RvyVJ_0_642,Placeholder,/job:localhost/replica:0/task:0/device:CPU:0,1.0,0.001
_arg_MN5PecQfH2_0_650,Placeholder,/job:localhost/replica:0/task:0/device:CPU:0,1.0,0.001
_arg_aQo0pBxt7X_0_1061,Placeholder,/job:localhost/replica:0/task:0/device:CPU:0,1.0,0.001
_arg_afhVM9Icso_0_1065,Placeholder,/job:localhost/replica:0/task:0/device:CPU:0,1.0,0.001
_arg_b8Mzm7RkvA_0_1075,Placeholder,/job:localhost/replica:0/task:0/device:CPU:0,1.0,0.001
_arg_ajsKpNFkI8_0_1066,Placeholder,/job:localhost/replica:0/task:0/device:CPU:0,1.0,0.001
_arg_bixqcoke7K_0_1087,Placeholder,/job:localhost/replica:0/task:0/device:CPU:0,1.0,0.001
_arg_ayN8I1ghs3_0_1070,Placeholder,/job:localhost/replica:0/task:0/device:CPU:0,1.0,0.001
_arg_cAQsUg51Oi_0_1106,Placeholder,/job:localhost/replica:0/task:0/device:CPU:0,1.0,0.001
_arg_c1fWM0CtLg_0_1100,Placeholder,/job:localhost/replica:0/task:0/device:CPU:0,1.0,0.001
_arg_cl8UMHkNAK_0_1122,Placeholder,/job:localhost/replica:0/task:0/device:CPU:0,1.0,0.001
_arg_diDG9MfFVa_0_1142,Placeholder,/job:localhost/replica:0/task:0/device:CPU:0,1.0,0.001
_arg_cCXSfHeWRD_0_1107,Placeholder,/job:localhost/replica:0/task:0/device:CPU:0,1.0,0.001
_arg_eCPxq9l0gJ_0_1154,Placeholder,/job:localhost/replica:0/task:0/device:CPU:0,1.0,0.001
_arg_bFfTlJ9dgi_0_1077,Placeholder,/job:localhost/replica:0/task:0/device:CPU:0,1.0,0.001
_arg_cqzWDUfbVK_0_1124,Placeholder,/job:localhost/replica:0/task:0/device:CPU:0,1.0,0.001
_arg_dqkrJoYF8S_0_1146,Placeholder,/job:localhost/replica:0/task:0/device:CPU:0,1.0,0.001
_arg_eHjxNlRVG5_0_1158,Placeholder,/job:localhost/replica:0/task:0/device:CPU:0,1.0,0.001
_arg_bjHoav8dtq_0_1088,Placeholder,/job:localhost/replica:0/task:0/device:CPU:0,1.0,0.001
_arg_c7ZHl4ETS9_0_1105,Placeholder,/job:localhost/replica:0/task:0/device:CPU:0,1.0,0.001
_arg_cPM5mROXIo_0_1112,Placeholder,/job:localhost/replica:0/task:0/device:CPU:0,1.0,0.001
_arg_cbrgJ5ShPX_0_1119,Placeholder,/job:localhost/replica:0/task:0/device:CPU:0,1.0,0.001
_arg_drVY91EsuX_0_1147,Placeholder,/job:localhost/replica:0/task:0/device:CPU:0,1.0,0.001
_arg_eDV4a3uyIi_0_1156,Placeholder,/job:localhost/replica:0/task:0/device:CPU:0,1.0,0.001
_arg_eVACB6vsn8_0_1165,Placeholder,/job:localhost/replica:0/task:0/device:CPU:0,1.0,0.001
_arg_blyMjO4GSg_0_1089,Placeholder,/job:localhost/replica:0/task:0/device:CPU:0,1.0,0.001
_arg_bzJn37fLOW_0_1098,Placeholder,/job:localhost/replica:0/task:0/device:CPU:0,1.0,0.001
_arg_eFl4tIU0RV_0_1157,Placeholder,/job:localhost/replica:0/task:0/device:CPU:0,1.0,0.001
_arg_cPrNAJD31n_0_1113,Placeholder,/job:localhost/replica:0/task:0/device:CPU:0,1.0,0.001
_arg_edfunT0aw4_0_1169,Placeholder,/job:localhost/replica:0/task:0/device:CPU:0,1.0,0.001
_arg_daeQw1nX8U_0_1137,Placeholder,/job:localhost/replica:0/task:0/device:CPU:0,1.0,0.001
_arg_dpvZO9Vnk5_0_1145,Placeholder,/job:localhost/replica:0/task:0/device:CPU:0,1.0,0.001
_arg_eLmoIF2Xig_0_1160,Placeholder,/job:localhost/replica:0/task:0/device:CPU:0,1.0,0.001
_arg_eVC6mnsH32_0_1167,Placeholder,/job:localhost/replica:0/task:0/device:CPU:0,1.0,0.001
_arg_eyotsdEl9a_0_1180,Placeholder,/job:localhost/replica:0/task:0/device:CPU:0,1.0,0.001
_arg_emOHgTEiyb_0_1176,Placeholder,/job:localhost/replica:0/task:0/device:CPU:0,1.0,0.001
_arg_sn5LX1Jtcf_0_1578,Placeholder,/job:localhost/replica:0/task:0/device:CPU:0,1.0,0.001
_arg_srPEwizHRY_0_1579,Placeholder,/job:localhost/replica:0/task:0/device:CPU:0,1.0,0.001
_arg_tLVSiOXdaT_0_1594,Placeholder,/job:localhost/replica:0/task:0/device:CPU:0,1.0,0.001
_arg_tEZHp4dARw_0_1590,Placeholder,/job:localhost/replica:0/task:0/device:CPU:0,1.0,0.001
_arg_svQ0Hl8SA2_0_1580,Placeholder,/job:localhost/replica:0/task:0/device:CPU:0,1.0,0.001
_arg_t30gsBSAcN_0_1583,Placeholder,/job:localhost/replica:0/task:0/device:CPU:0,1.0,0.001
_arg_tCm94DTkJi_0_1588,Placeholder,/job:localhost/replica:0/task:0/device:CPU:0,1.0,0.001
_arg_tdiSUo01Ga_0_1602,Placeholder,/job:localhost/replica:0/task:0/device:CPU:0,1.0,0.001
_arg_uNJDCj6H3b_0_1620,Placeholder,/job:localhost/replica:0/task:0/device:CPU:0,1.0,0.001
_arg_tqkxQUwOmv_0_1606,Placeholder,/job:localhost/replica:0/task:0/device:CPU:0,1.0,0.001
_arg_u2zMFPRWm7_0_1610,Placeholder,/job:localhost/replica:0/task:0/device:CPU:0,1.0,0.001
_arg_tW3xn7GTN8_0_1600,Placeholder,/job:localhost/replica:0/task:0/device:CPU:0,1.0,0.001
_arg_u4oJgIaVLZ_0_1611,Placeholder,/job:localhost/replica:0/task:0/device:CPU:0,1.0,0.001
_arg_vEOJNU1n8w_0_1648,Placeholder,/job:localhost/replica:0/task:0/device:CPU:0,1.0,0.001
_arg_u6oFZ8tcDP_0_1612,Placeholder,/job:localhost/replica:0/task:0/device:CPU:0,1.0,0.001
_arg_vNtheBqzoH_0_1652,Placeholder,/job:localhost/replica:0/task:0/device:CPU:0,1.0,0.001
_arg_uf0MRa6DLC_0_1629,Placeholder,/job:localhost/replica:0/task:0/device:CPU:0,1.0,0.001
_arg_um24ZUFCfG_0_1633,Placeholder,/job:localhost/replica:0/task:0/device:CPU:0,1.0,0.001
_arg_vBoWCA2Hhs_0_1644,Placeholder,/job:localhost/replica:0/task:0/device:CPU:0,1.0,0.001
_arg_vGhagdRWAc_0_1649,Placeholder,/job:localhost/replica:0/task:0/device:CPU:0,1.0,0.001
_arg_vO8P2sYyzd_0_1653,Placeholder,/job:localhost/replica:0/task:0/device:CPU:0,1.0,0.001
_arg_vTUuWts6Y3_0_1656,Placeholder,/job:localhost/replica:0/task:0/device:CPU:0,1.0,0.001
_arg_utYxJZOIKg_0_1638,Placeholder,/job:localhost/replica:0/task:0/device:CPU:0,1.0,0.001
_arg_vUh3gzVRXa_0_1657,Placeholder,/job:localhost/replica:0/task:0/device:CPU:0,1.0,0.001
_arg_vnRedEsHKt_0_1668,Placeholder,/job:localhost/replica:0/task:0/device:CPU:0,1.0,0.001
_arg_ujF54HiGcK_0_1631,Placeholder,/job:localhost/replica:0/task:0/device:CPU:0,1.0,0.001
_arg_uvPXkGH8tg_0_1639,Placeholder,/job:localhost/replica:0/task:0/device:CPU:0,1.0,0.001
_arg_vCsKF4mPTL_0_1646,Placeholder,/job:localhost/replica:0/task:0/device:CPU:0,1.0,0.001
_arg_vWVJMmnLND_0_1658,Placeholder,/job:localhost/replica:0/task:0/device:CPU:0,1.0,0.001
_arg_wI27DgeSiB_0_1680,Placeholder,/job:localhost/replica:0/task:0/device:CPU:0,1.0,0.001
_arg_wOfnyml4R0_0_1684,Placeholder,/job:localhost/replica:0/task:0/device:CPU:0,1.0,0.001
_arg_wnvbCOjIip_0_1699,Placeholder,/job:localhost/replica:0/task:0/device:CPU:0,1.0,0.001
_arg_vz21UPBRiY_0_1673,Placeholder,/job:localhost/replica:0/task:0/device:CPU:0,1.0,0.001
_arg_wP3di4jLkW_0_1685,Placeholder,/job:localhost/replica:0/task:0/device:CPU:0,1.0,0.001
_arg_wdHec7KQoT_0_1696,Placeholder,/job:localhost/replica:0/task:0/device:CPU:0,1.0,0.001
_arg_vuqSQlPc5R_0_1671,Placeholder,/job:localhost/replica:0/task:0/device:CPU:0,1.0,0.001
_arg_wNEG3pSXly_0_1682,Placeholder,/job:localhost/replica:0/task:0/device:CPU:0,1.0,0.001
_arg_wbesENl1pk_0_1692,Placeholder,/job:localhost/replica:0/task:0/device:CPU:0,1.0,0.001
_arg_ou9ZBS4E1C_0_1450,Placeholder,/job:localhost/replica:0/task:0/device:CPU:0,1.0,0.001
_arg_oxp7umbKAB_0_1454,Placeholder,/job:localhost/replica:0/task:0/device:CPU:0,1.0,0.001
_arg_p5GqZAT0m3_0_1458,Placeholder,/job:localhost/replica:0/task:0/device:CPU:0,1.0,0.001
_arg_ov6HyYXGnZ_0_1451,Placeholder,/job:localhost/replica:0/task:0/device:CPU:0,1.0,0.001
_arg_qlTJIer3od_0_1509,Placeholder,/job:localhost/replica:0/task:0/device:CPU:0,1.0,0.001
_arg_r3exaJovDU_0_1522,Placeholder,/job:localhost/replica:0/task:0/device:CPU:0,1.0,0.001
_arg_rfRXvpWCBS_0_1543,Placeholder,/job:localhost/replica:0/task:0/device:CPU:0,1.0,0.001
_arg_sRkmfYMcUK_0_1563,Placeholder,/job:localhost/replica:0/task:0/device:CPU:0,1.0,0.001
_arg_sedYUg7Qol_0_1570,Placeholder,/job:localhost/replica:0/task:0/device:CPU:0,1.0,0.001
_arg_sOAUCMblaj_0_1559,Placeholder,/job:localhost/replica:0/task:0/device:CPU:0,1.0,0.001
_arg_ohCA52RT9y_0_1447,Placeholder,/job:localhost/replica:0/task:0/device:CPU:0,1.0,0.001
_arg_r41kSiPZR3_0_1523,Placeholder,/job:localhost/replica:0/task:0/device:CPU:0,1.0,0.001
_arg_qTh2vp0DBA_0_1497,Placeholder,/job:localhost/replica:0/task:0/device:CPU:0,1.0,0.001
_arg_qjfptlNcPg_0_1507,Placeholder,/job:localhost/replica:0/task:0/device:CPU:0,1.0,0.001
_arg_qte18hBxzb_0_1515,Placeholder,/job:localhost/replica:0/task:0/device:CPU:0,1.0,0.001
_arg_9unw3UQZD6_0_292,Placeholder,/job:localhost/replica:0/task:0/device:CPU:0,1.0,0.001
_arg_AibVPjMf8v_0_321,Placeholder,/job:localhost/replica:0/task:0/device:CPU:0,1.0,0.001
_arg_B48PcSZTy1_0_329,Placeholder,/job:localhost/replica:0/task:0/device:CPU:0,1.0,0.001
_arg_BLTYZboFy5_0_337,Placeholder,/job:localhost/replica:0/task:0/device:CPU:0,1.0,0.001
_arg_BMUgNuHyeZ_0_338,Placeholder,/job:localhost/replica:0/task:0/device:CPU:0,1.0,0.001
_arg_BjzDNVJYfs_0_350,Placeholder,/job:localhost/replica:0/task:0/device:CPU:0,1.0,0.001
_arg_AbaU89BXih_0_319,Placeholder,/job:localhost/replica:0/task:0/device:CPU:0,1.0,0.001
_arg_Bysw94V82R_0_357,Placeholder,/job:localhost/replica:0/task:0/device:CPU:0,1.0,0.001
_arg_A1R5yhqQWn_0_302,Placeholder,/job:localhost/replica:0/task:0/device:CPU:0,1.0,0.001
_arg_A8blqjUJa5_0_306,Placeholder,/job:localhost/replica:0/task:0/device:CPU:0,1.0,0.001
_arg_AMzODIYyp9_0_311,Placeholder,/job:localhost/replica:0/task:0/device:CPU:0,1.0,0.001
_arg_A0RgLIkdjw_0_299,Placeholder,/job:localhost/replica:0/task:0/device:CPU:0,1.0,0.001
_arg_B4NnIS1rtw_0_330,Placeholder,/job:localhost/replica:0/task:0/device:CPU:0,1.0,0.001
_arg_C8EjKPdqFJ_0_361,Placeholder,/job:localhost/replica:0/task:0/device:CPU:0,1.0,0.001
_arg_AXdCbmnq28_0_316,Placeholder,/job:localhost/replica:0/task:0/device:CPU:0,1.0,0.001
_arg_BlMmxISkp5_0_351,Placeholder,/job:localhost/replica:0/task:0/device:CPU:0,1.0,0.001
_arg_BIujDnHmVg_0_335,Placeholder,/job:localhost/replica:0/task:0/device:CPU:0,1.0,0.001
_arg_CJmkTlz3gh_0_365,Placeholder,/job:localhost/replica:0/task:0/device:CPU:0,1.0,0.001
_arg_AQjpYqtKJ2_0_312,Placeholder,/job:localhost/replica:0/task:0/device:CPU:0,1.0,0.001
_arg_BzVNJvpQOl_0_358,Placeholder,/job:localhost/replica:0/task:0/device:CPU:0,1.0,0.001
_arg_B7oycebwgK_0_331,Placeholder,/job:localhost/replica:0/task:0/device:CPU:0,1.0,0.001
_arg_A2aLYE3Dc4_0_303,Placeholder,/job:localhost/replica:0/task:0/device:CPU:0,1.0,0.001
_arg_D7Nj3oiHRG_0_384,Placeholder,/job:localhost/replica:0/task:0/device:CPU:0,1.0,0.001
_arg_B86cUEaPwt_0_332,Placeholder,/job:localhost/replica:0/task:0/device:CPU:0,1.0,0.001
_arg_BPe3wCmUuN_0_339,Placeholder,/job:localhost/replica:0/task:0/device:CPU:0,1.0,0.001
_arg_BsCrJqQ657_0_356,Placeholder,/job:localhost/replica:0/task:0/device:CPU:0,1.0,0.001
_arg_Bbrh5nqM3m_0_344,Placeholder,/job:localhost/replica:0/task:0/device:CPU:0,1.0,0.001
_arg_DRsrM6v7jB_0_388,Placeholder,/job:localhost/replica:0/task:0/device:CPU:0,1.0,0.001
_arg_Dvb7uEISBn_0_400,Placeholder,/job:localhost/replica:0/task:0/device:CPU:0,1.0,0.001
_arg_CItoDNjU1R_0_364,Placeholder,/job:localhost/replica:0/task:0/device:CPU:0,1.0,0.001
_arg_CP46mDEjo5_0_367,Placeholder,/job:localhost/replica:0/task:0/device:CPU:0,1.0,0.001
_arg_DFcHP9712w_0_385,Placeholder,/job:localhost/replica:0/task:0/device:CPU:0,1.0,0.001
_arg_EIgQzk9rue_0_416,Placeholder,/job:localhost/replica:0/task:0/device:CPU:0,1.0,0.001
_arg_DpyMe0n3Lq_0_398,Placeholder,/job:localhost/replica:0/task:0/device:CPU:0,1.0,0.001
_arg_qVCTybpRs2_0_1498,Placeholder,/job:localhost/replica:0/task:0/device:CPU:0,1.0,0.001
_arg_Cuib0yj3Z7_0_380,Placeholder,/job:localhost/replica:0/task:0/device:CPU:0,1.0,0.001
_arg_D4nF7Spojy_0_383,Placeholder,/job:localhost/replica:0/task:0/device:CPU:0,1.0,0.001
_arg_q0KXdEjS1G_0_1485,Placeholder,/job:localhost/replica:0/task:0/device:CPU:0,1.0,0.001
_arg_EIPybGFc3i_0_414,Placeholder,/job:localhost/replica:0/task:0/device:CPU:0,1.0,0.001
_arg_pbHNhyt8jx_0_1475,Placeholder,/job:localhost/replica:0/task:0/device:CPU:0,1.0,0.001
_arg_ph8ty7qwEa_0_1478,Placeholder,/job:localhost/replica:0/task:0/device:CPU:0,1.0,0.001
_arg_EIZUgMeT18_0_415,Placeholder,/job:localhost/replica:0/task:0/device:CPU:0,1.0,0.001
_arg_p2oKqFDxOE_0_1456,Placeholder,/job:localhost/replica:0/task:0/device:CPU:0,1.0,0.001
_arg_p723PJEsHb_0_1460,Placeholder,/job:localhost/replica:0/task:0/device:CPU:0,1.0,0.001
_arg_pbgj9PC6aB_0_1476,Placeholder,/job:localhost/replica:0/task:0/device:CPU:0,1.0,0.001
_arg_qK4nv0Tt7f_0_1496,Placeholder,/job:localhost/replica:0/task:0/device:CPU:0,1.0,0.001
_arg_ohS86GAUla_0_1448,Placeholder,/job:localhost/replica:0/task:0/device:CPU:0,1.0,0.001
_arg_q5UwmAt3pR_0_1488,Placeholder,/job:localhost/replica:0/task:0/device:CPU:0,1.0,0.001
_arg_oxir60jSl9_0_1453,Placeholder,/job:localhost/replica:0/task:0/device:CPU:0,1.0,0.001
_arg_rtBQ5nl4cE_0_1545,Placeholder,/job:localhost/replica:0/task:0/device:CPU:0,1.0,0.001
_arg_sRirXFMChY_0_1562,Placeholder,/job:localhost/replica:0/task:0/device:CPU:0,1.0,0.001
_arg_rtL0AwqFys_0_1546,Placeholder,/job:localhost/replica:0/task:0/device:CPU:0,1.0,0.001
_arg_sXlAmRf8Zw_0_1566,Placeholder,/job:localhost/replica:0/task:0/device:CPU:0,1.0,0.001
_arg_seKafzj6L0_0_1568,Placeholder,/job:localhost/replica:0/task:0/device:CPU:0,1.0,0.001
_arg_sebh4EzkV6_0_1569,Placeholder,/job:localhost/replica:0/task:0/device:CPU:0,1.0,0.001
_arg_1Iyoq6KRwd_0_38,Placeholder,/job:localhost/replica:0/task:0/device:CPU:0,1.0,0.001
_arg_1Q0uDcnFEh_0_42,Placeholder,/job:localhost/replica:0/task:0/device:CPU:0,1.0,0.001
_arg_1RZ6XcEFaT_0_43,Placeholder,/job:localhost/replica:0/task:0/device:CPU:0,1.0,0.001
_arg_1M5ma9vlcy_0_40,Placeholder,/job:localhost/replica:0/task:0/device:CPU:0,1.0,0.001
_arg_1RiGuWJLM5_0_44,Placeholder,/job:localhost/replica:0/task:0/device:CPU:0,1.0,0.001
_arg_1ilRBOkbUK_0_51,Placeholder,/job:localhost/replica:0/task:0/device:CPU:0,1.0,0.001
_arg_1rg70lVU9z_0_55,Placeholder,/job:localhost/replica:0/task:0/device:CPU:0,1.0,0.001
_arg_26D8kfsBbG_0_63,Placeholder,/job:localhost/replica:0/task:0/device:CPU:0,1.0,0.001
_arg_1wrNfh8cpt_0_60,Placeholder,/job:localhost/replica:0/task:0/device:CPU:0,1.0,0.001
_arg_2yUiAN4HVe_0_89,Placeholder,/job:localhost/replica:0/task:0/device:CPU:0,1.0,0.001
_arg_2hIWv3DRNM_0_78,Placeholder,/job:localhost/replica:0/task:0/device:CPU:0,1.0,0.001
_arg_2mOfsXJMKE_0_81,Placeholder,/job:localhost/replica:0/task:0/device:CPU:0,1.0,0.001
_arg_2vuzSwm5o0_0_86,Placeholder,/job:localhost/replica:0/task:0/device:CPU:0,1.0,0.001
_arg_2CgcXPGYUx_0_68,Placeholder,/job:localhost/replica:0/task:0/device:CPU:0,1.0,0.001
_arg_3Jxa12nplr_0_102,Placeholder,/job:localhost/replica:0/task:0/device:CPU:0,1.0,0.001
_arg_3Q5gyltfFU_0_106,Placeholder,/job:localhost/replica:0/task:0/device:CPU:0,1.0,0.001
_arg_3TybcSapIA_0_109,Placeholder,/job:localhost/replica:0/task:0/device:CPU:0,1.0,0.001
_arg_39BjpOMowv_0_99,Placeholder,/job:localhost/replica:0/task:0/device:CPU:0,1.0,0.001
_arg_563FCaWZB9_0_140,Placeholder,/job:localhost/replica:0/task:0/device:CPU:0,1.0,0.001
_arg_2YMFZ4wXBV_0_76,Placeholder,/job:localhost/replica:0/task:0/device:CPU:0,1.0,0.001
_arg_50klrPtZ8V_0_136,Placeholder,/job:localhost/replica:0/task:0/device:CPU:0,1.0,0.001
_arg_3Sf61umMPA_0_108,Placeholder,/job:localhost/replica:0/task:0/device:CPU:0,1.0,0.001
_arg_4HapnNbZmr_0_124,Placeholder,/job:localhost/replica:0/task:0/device:CPU:0,1.0,0.001
_arg_4bjOLW97pR_0_130,Placeholder,/job:localhost/replica:0/task:0/device:CPU:0,1.0,0.001
_arg_2pm3CBs7gJ_0_84,Placeholder,/job:localhost/replica:0/task:0/device:CPU:0,1.0,0.001
_arg_5Qq3rZznOS_0_157,Placeholder,/job:localhost/replica:0/task:0/device:CPU:0,1.0,0.001
_arg_5yRWqiQ3TM_0_172,Placeholder,/job:localhost/replica:0/task:0/device:CPU:0,1.0,0.001
_arg_4eWOScnabl_0_133,Placeholder,/job:localhost/replica:0/task:0/device:CPU:0,1.0,0.001
_arg_5DahpWiCXB_0_149,Placeholder,/job:localhost/replica:0/task:0/device:CPU:0,1.0,0.001
_arg_7Et26TiFy1_0_210,Placeholder,/job:localhost/replica:0/task:0/device:CPU:0,1.0,0.001
_arg_7Sg3XDLIzy_0_216,Placeholder,/job:localhost/replica:0/task:0/device:CPU:0,1.0,0.001
_arg_7fqRUTAzBO_0_222,Placeholder,/job:localhost/replica:0/task:0/device:CPU:0,1.0,0.001
_arg_4n7Lh5GaZg_0_135,Placeholder,/job:localhost/replica:0/task:0/device:CPU:0,1.0,0.001
_arg_69Jz1FNbnq_0_180,Placeholder,/job:localhost/replica:0/task:0/device:CPU:0,1.0,0.001
_arg_5FzaXCfdJB_0_150,Placeholder,/job:localhost/replica:0/task:0/device:CPU:0,1.0,0.001
_arg_5eNyd0JVlo_0_166,Placeholder,/job:localhost/replica:0/task:0/device:CPU:0,1.0,0.001
_arg_5uks6QpGD3_0_170,Placeholder,/job:localhost/replica:0/task:0/device:CPU:0,1.0,0.001
_arg_64BZNqCQX1_0_177,Placeholder,/job:localhost/replica:0/task:0/device:CPU:0,1.0,0.001
_arg_7ex4N6wQah_0_221,Placeholder,/job:localhost/replica:0/task:0/device:CPU:0,1.0,0.001
_arg_8AekaSdgGI_0_238,Placeholder,/job:localhost/replica:0/task:0/device:CPU:0,1.0,0.001
_arg_8Nomkbw07e_0_242,Placeholder,/job:localhost/replica:0/task:0/device:CPU:0,1.0,0.001
_arg_8bfTy5aULI_0_250,Placeholder,/job:localhost/replica:0/task:0/device:CPU:0,1.0,0.001
_arg_9sgiTdIbwQ_0_289,Placeholder,/job:localhost/replica:0/task:0/device:CPU:0,1.0,0.001
_arg_84NlqDifjH_0_231,Placeholder,/job:localhost/replica:0/task:0/device:CPU:0,1.0,0.001
_arg_89Yo3nG75l_0_235,Placeholder,/job:localhost/replica:0/task:0/device:CPU:0,1.0,0.001
_arg_8HGmqB0O9Y_0_239,Placeholder,/job:localhost/replica:0/task:0/device:CPU:0,1.0,0.001
_arg_8eBiSCoP5D_0_251,Placeholder,/job:localhost/replica:0/task:0/device:CPU:0,1.0,0.001
_arg_6B0kQbIEGH_0_182,Placeholder,/job:localhost/replica:0/task:0/device:CPU:0,1.0,0.001
_arg_8mH6Wt0RVT_0_258,Placeholder,/job:localhost/replica:0/task:0/device:CPU:0,1.0,0.001
_arg_6WPGyO7zjA_0_190,Placeholder,/job:localhost/replica:0/task:0/device:CPU:0,1.0,0.001
_arg_8uxYqiWBra_0_266,Placeholder,/job:localhost/replica:0/task:0/device:CPU:0,1.0,0.001
_arg_7B8rSGeIA2_0_206,Placeholder,/job:localhost/replica:0/task:0/device:CPU:0,1.0,0.001
_arg_9bEM1um3jP_0_282,Placeholder,/job:localhost/replica:0/task:0/device:CPU:0,1.0,0.001
_arg_87CMxl2yBs_0_232,Placeholder,/job:localhost/replica:0/task:0/device:CPU:0,1.0,0.001
_arg_8JAhgMmGiO_0_240,Placeholder,/job:localhost/replica:0/task:0/device:CPU:0,1.0,0.001
_arg_8imfp7HKDs_0_252,Placeholder,/job:localhost/replica:0/task:0/device:CPU:0,1.0,0.001
_arg_8qut3rzVwx_0_262,Placeholder,/job:localhost/replica:0/task:0/device:CPU:0,1.0,0.001
_arg_8JaYmgX2lV_0_241,Placeholder,/job:localhost/replica:0/task:0/device:CPU:0,1.0,0.001
_arg_8VJaGlxUFW_0_248,Placeholder,/job:localhost/replica:0/task:0/device:CPU:0,1.0,0.001
_arg_8krCbMq5N2_0_255,Placeholder,/job:localhost/replica:0/task:0/device:CPU:0,1.0,0.001
_arg_8mpDerM6v2_0_260,Placeholder,/job:localhost/replica:0/task:0/device:CPU:0,1.0,0.001
_arg_9CidzGRA2I_0_270,Placeholder,/job:localhost/replica:0/task:0/device:CPU:0,1.0,0.001
_arg_9EK2hqRukp_0_272,Placeholder,/job:localhost/replica:0/task:0/device:CPU:0,1.0,0.001
_arg_9VkmnbWOCh_0_280,Placeholder,/job:localhost/replica:0/task:0/device:CPU:0,1.0,0.001
_arg_RGPEWKTzAp_0_804,Placeholder,/job:localhost/replica:0/task:0/device:CPU:0,1.0,0.001
_arg_RNmJXSLytP_0_807,Placeholder,/job:localhost/replica:0/task:0/device:CPU:0,1.0,0.001
_arg_RkOGjQs2D1_0_823,Placeholder,/job:localhost/replica:0/task:0/device:CPU:0,1.0,0.001
_arg_SM2dZUl5aQ_0_835,Placeholder,/job:localhost/replica:0/task:0/device:CPU:0,1.0,0.001
_arg_SMGajANEYb_0_836,Placeholder,/job:localhost/replica:0/task:0/device:CPU:0,1.0,0.001
_arg_STwy7L46Ee_0_843,Placeholder,/job:localhost/replica:0/task:0/device:CPU:0,1.0,0.001
_arg_TXpWsxO6ca_0_873,Placeholder,/job:localhost/replica:0/task:0/device:CPU:0,1.0,0.001
_arg_TsDwnW2k6A_0_880,Placeholder,/job:localhost/replica:0/task:0/device:CPU:0,1.0,0.001
_arg_UpkYLfdJ7K_0_901,Placeholder,/job:localhost/replica:0/task:0/device:CPU:0,1.0,0.001
_arg_V04hmaJMAY_0_905,Placeholder,/job:localhost/replica:0/task:0/device:CPU:0,1.0,0.001
_arg_VesnuxpHJ6_0_919,Placeholder,/job:localhost/replica:0/task:0/device:CPU:0,1.0,0.001
_arg_VkT1wG35nt_0_926,Placeholder,/job:localhost/replica:0/task:0/device:CPU:0,1.0,0.001
_arg_VykiOSpeW1_0_928,Placeholder,/job:localhost/replica:0/task:0/device:CPU:0,1.0,0.001
_arg_SKYX2dmc4H_0_833,Placeholder,/job:localhost/replica:0/task:0/device:CPU:0,1.0,0.001
_arg_RkuXNfEFlg_0_824,Placeholder,/job:localhost/replica:0/task:0/device:CPU:0,1.0,0.001
_arg_SWeA0bBsT9_0_844,Placeholder,/job:localhost/replica:0/task:0/device:CPU:0,1.0,0.001
_arg_RevoZjSAD0_0_819,Placeholder,/job:localhost/replica:0/task:0/device:CPU:0,1.0,0.001
_arg_T5Qpr6eabc_0_863,Placeholder,/job:localhost/replica:0/task:0/device:CPU:0,1.0,0.001
_arg_S4QqZ3VmNA_0_829,Placeholder,/job:localhost/replica:0/task:0/device:CPU:0,1.0,0.001
_arg_TdRsPOchnr_0_874,Placeholder,/job:localhost/replica:0/task:0/device:CPU:0,1.0,0.001
_arg_RUjIef4LqH_0_812,Placeholder,/job:localhost/replica:0/task:0/device:CPU:0,1.0,0.001
_arg_TBUCiOFZWd_0_867,Placeholder,/job:localhost/replica:0/task:0/device:CPU:0,1.0,0.001
_arg_Tx6jIRFs03_0_882,Placeholder,/job:localhost/replica:0/task:0/device:CPU:0,1.0,0.001
_arg_T0ixIA4r39_0_859,Placeholder,/job:localhost/replica:0/task:0/device:CPU:0,1.0,0.001
_arg_TeLIaUdANC_0_875,Placeholder,/job:localhost/replica:0/task:0/device:CPU:0,1.0,0.001
_arg_UOiP3yLnHk_0_890,Placeholder,/job:localhost/replica:0/task:0/device:CPU:0,1.0,0.001
_arg_T2J3GIUCOc_0_860,Placeholder,/job:localhost/replica:0/task:0/device:CPU:0,1.0,0.001
_arg_T76yAGvWfb_0_864,Placeholder,/job:localhost/replica:0/task:0/device:CPU:0,1.0,0.001
_arg_RlrBUzGLqW_0_826,Placeholder,/job:localhost/replica:0/task:0/device:CPU:0,1.0,0.001
_arg_SbX9vMcoWr_0_849,Placeholder,/job:localhost/replica:0/task:0/device:CPU:0,1.0,0.001
_arg_RVLWGrXYOs_0_813,Placeholder,/job:localhost/replica:0/task:0/device:CPU:0,1.0,0.001
_arg_UlKb9netsB_0_896,Placeholder,/job:localhost/replica:0/task:0/device:CPU:0,1.0,0.001
_arg_SwQqA08mKh_0_857,Placeholder,/job:localhost/replica:0/task:0/device:CPU:0,1.0,0.001
_arg_UlxzXe3iYR_0_897,Placeholder,/job:localhost/replica:0/task:0/device:CPU:0,1.0,0.001
_arg_UoDB3pJWQs_0_899,Placeholder,/job:localhost/replica:0/task:0/device:CPU:0,1.0,0.001
_arg_UxM3Cc8KSA_0_904,Placeholder,/job:localhost/replica:0/task:0/device:CPU:0,1.0,0.001
_arg_T08s2IQPEu_0_858,Placeholder,/job:localhost/replica:0/task:0/device:CPU:0,1.0,0.001
_arg_V4bKWdTUkm_0_907,Placeholder,/job:localhost/replica:0/task:0/device:CPU:0,1.0,0.001
_retval_L6XxDiYnpC_0_8,Identity,/job:localhost/replica:0/task:0/device:CPU:0,1.0,0.001
_retval_r659BfXtGj_0_14,Prod,/job:localhost/replica:0/task:0/device:CPU:0,1.0,0.001
_retval_y67Z0rOqJP_0_16,Mean,/job:localhost/replica:0/task:0/device:CPU:0,1.0,0.001
_retval_F50WRZCiGy_0_6,Prod,/job:localhost/replica:0/task:0/device:CPU:0,1.0,0.001
_retval_F4UpZQk5ug_0_5,Prod,/job:localhost/replica:0/task:0/device:CPU:0,1.0,0.001
_retval_HzxwhMYV68_0_7,Prod,/job:localhost/replica:0/task:0/device:CPU:0,1.0,0.001
_retval_zWeo1fA2si_0_17,Prod,/job:localhost/replica:0/task:0/device:CPU:0,1.0,0.001
_retval_7xdYEvkVTp_0_2,Prod,/job:localhost/replica:0/task:0/device:CPU:0,1.0,0.001
_retval_xDXLUyPFvn_0_15,Prod,/job:localhost/replica:0/task:0/device:CPU:0,1.0,0.001
_retval_Dz0LQOuwU2_0_4,Prod,/job:localhost/replica:0/task:0/device:CPU:0,1.0,0.001
qv40KfI9du,Squeeze,/job:localhost/replica:0/task:0/device:MUSA:0,1.0,0.001
mMbUNRFCO9,Squeeze,/job:localhost/replica:0/task:0/device:MUSA:0,1.0,0.001
Zz9DMCGN3w,Shape,/job:localhost/replica:0/task:0/device:MUSA:0,1.0,0.001
MPhcrwaCO7,Squeeze,/job:localhost/replica:0/task:0/device:MUSA:0,1.0,0.001
Kci5fn2NaL,Squeeze,/job:localhost/replica:0/task:0/device:MUSA:0,1.0,0.001
1kq03OXGRw,Reshape,/job:localhost/replica:0/task:0/device:MUSA:0,1.0,0.001
Tq51OHefUK,Shape,/job:localhost/replica:0/task:0/device:MUSA:0,1.0,0.001
uRwJEDYTSp,Squeeze,/job:localhost/replica:0/task:0/device:MUSA:0,1.0,0.001
20ZeOWitjB,Squeeze,/job:localhost/replica:0/task:0/device:MUSA:0,1.0,0.001
oVDYUCwANW,Squeeze,/job:localhost/replica:0/task:0/device:MUSA:0,1.0,0.001
8ICXUDMKeE,Squeeze,/job:localhost/replica:0/task:0/device:MUSA:0,1.0,0.001
0Q9qg3XuUC,Squeeze,/job:localhost/replica:0/task:0/device:MUSA:0,1.0,0.001
P9tVSjsFx8,Squeeze,/job:localhost/replica:0/task:0/device:MUSA:0,1.0,0.001
YDSFl6HMaT,Squeeze,/job:localhost/replica:0/task:0/device:MUSA:0,1.0,0.001
BtKd2TNHiy,Squeeze,/job:localhost/replica:0/task:0/device:MUSA:0,1.0,0.001
nBZeAPpXEQ,Squeeze,/job:localhost/replica:0/task:0/device:MUSA:0,1.0,0.001
VPlozefHW2,Reshape,/job:localhost/replica:0/task:0/device:MUSA:0,1.0,0.001
wbECMraSpc,Squeeze,/job:localhost/replica:0/task:0/device:MUSA:0,1.0,0.001
OKpnVgxlXf,Squeeze,/job:localhost/replica:0/task:0/device:MUSA:0,1.0,0.001
0UKVsEDJ6N,Squeeze,/job:localhost/replica:0/task:0/device:MUSA:0,1.0,0.001
8yatxDlSdF,Squeeze,/job:localhost/replica:0/task:0/device:MUSA:0,1.0,0.001
l8gkEFW7vL,Squeeze,/job:localhost/replica:0/task:0/device:MUSA:0,1.0,0.001
fm4w1MkS3g,Squeeze,/job:localhost/replica:0/task:0/device:MUSA:0,1.0,0.001
yqjgSrL6N8,Squeeze,/job:localhost/replica:0/task:0/device:MUSA:0,1.0,0.001
YSRXvpjO9B,Squeeze,/job:localhost/replica:0/task:0/device:MUSA:0,1.0,0.001
9lApXq3JYS,Squeeze,/job:localhost/replica:0/task:0/device:MUSA:0,1.0,0.001
uL8QDZngtX,Squeeze,/job:localhost/replica:0/task:0/device:MUSA:0,1.0,0.001
HbCEhS7uas,Squeeze,/job:localhost/replica:0/task:0/device:MUSA:0,1.0,0.001
plIXj2H9Gv,Squeeze,/job:localhost/replica:0/task:0/device:MUSA:0,1.0,0.001
HqGNUeY38F,Squeeze,/job:localhost/replica:0/task:0/device:MUSA:0,1.0,0.001
CoLjz6vK0V,Squeeze,/job:localhost/replica:0/task:0/device:MUSA:0,1.0,0.001
7R6faj0Z5B,Squeeze,/job:localhost/replica:0/task:0/device:MUSA:0,1.0,0.001
R3DcWEVOxJ,Shape,/job:localhost/replica:0/task:0/device:MUSA:0,1.0,0.001
kjcXbg42I3,Reshape,/job:localhost/replica:0/task:0/device:MUSA:0,1.0,0.001
KD9UP2zkQ5,Reshape,/job:localhost/replica:0/task:0/device:MUSA:0,1.0,0.001
sa4QFk3yVB,Reshape,/job:localhost/replica:0/task:0/device:MUSA:0,1.0,0.001
UrCPpNlSem,Reshape,/job:localhost/replica:0/task:0/device:MUSA:0,1.0,0.001
kTIK2VWmaz,Shape,/job:localhost/replica:0/task:0/device:MUSA:0,1.0,0.001
L6XxDiYnpC,Identity,/job:localhost/replica:0/task:0/device:MUSA:0,1.0,0.001
K6Bm8dJf1V,Reshape,/job:localhost/replica:0/task:0/device:MUSA:0,1.0,0.001
wXSVPTqh5K,Tile,/job:localhost/replica:0/task:0/device:MUSA:0,1.0,0.001
MDoitwvTSa,Tile,/job:localhost/replica:0/task:0/device:MUSA:0,1.0,0.001
DsFmp5Lawz,Tile,/job:localhost/replica:0/task:0/device:MUSA:0,1.0,0.001
dnOZFbCrMm,Tile,/job:localhost/replica:0/task:0/device:MUSA:0,1.0,0.001
PbldYoISJi,Tile,/job:localhost/replica:0/task:0/device:MUSA:0,1.0,0.001
0sl3bWNFQo,Tile,/job:localhost/replica:0/task:0/device:MUSA:0,1.0,0.001
oqsKJ1S8hQ,Tile,/job:localhost/replica:0/task:0/device:MUSA:0,1.0,0.001
yLNsv6Z30b,Reshape,/job:localhost/replica:0/task:0/device:MUSA:0,1.0,0.001
LJSE4zoObw,Reshape,/job:localhost/replica:0/task:0/device:MUSA:0,1.0,0.001
AZE0RBJ9LI,Reshape,/job:localhost/replica:0/task:0/device:MUSA:0,1.0,0.001
wnBpHL6JyP,Reshape,/job:localhost/replica:0/task:0/device:MUSA:0,1.0,0.001
uy2U8EpcfM,Reshape,/job:localhost/replica:0/task:0/device:MUSA:0,1.0,0.001
8MvcG6bm3B,Reshape,/job:localhost/replica:0/task:0/device:MUSA:0,1.0,0.001
LirdvUOWHe,Reshape,/job:localhost/replica:0/task:0/device:MUSA:0,1.0,0.001
IJ4vXH1CcW,Reshape,/job:localhost/replica:0/task:0/device:MUSA:0,1.0,0.001
ftwBEbO7u8,Reshape,/job:localhost/replica:0/task:0/device:MUSA:0,1.0,0.001
2BJPtFEcAd,Reshape,/job:localhost/replica:0/task:0/device:MUSA:0,1.0,0.001
bxVUQEuhBq,Reshape,/job:localhost/replica:0/task:0/device:MUSA:0,1.0,0.001
7bNUX8pEjw,Shape,/job:localhost/replica:0/task:0/device:MUSA:0,1.0,0.001
tU73yuPCBH,Reshape,/job:localhost/replica:0/task:0/device:MUSA:0,1.0,0.001
RmMHJhxa8T,Shape,/job:localhost/replica:0/task:0/device:MUSA:0,1.0,0.001
rnd89bew7T,Reshape,/job:localhost/replica:0/task:0/device:MUSA:0,1.0,0.001
KsE3ta4GFJ,Shape,/job:localhost/replica:0/task:0/device:MUSA:0,1.0,0.001
qJSNpGQ0DK,Shape,/job:localhost/replica:0/task:0/device:MUSA:0,1.0,0.001
7pSv5Gri6e,Shape,/job:localhost/replica:0/task:0/device:MUSA:0,1.0,0.001
y13V9C4ce2,Reshape,/job:localhost/replica:0/task:0/device:MUSA:0,1.0,0.001
zgG3m5jdDc,Reshape,/job:localhost/replica:0/task:0/device:MUSA:0,1.0,0.001
WZpcOqKbES,Reshape,/job:localhost/replica:0/task:0/device:MUSA:0,1.0,0.001
OS0KoYtTZ8,Reshape,/job:localhost/replica:0/task:0/device:MUSA:0,1.0,0.001
kQZaHVA8P2,Reshape,/job:localhost/replica:0/task:0/device:MUSA:0,1.0,0.001
l8gWFKmxiO,Reshape,/job:localhost/replica:0/task:0/device:MUSA:0,1.0,0.001
OoeRMJVkUX,Reshape,/job:localhost/replica:0/task:0/device:MUSA:0,1.0,0.001
YKWBUmbDsG,Reshape,/job:localhost/replica:0/task:0/device:MUSA:0,1.0,0.001
boCplMr6gI,Reshape,/job:localhost/replica:0/task:0/device:MUSA:0,1.0,0.001
G3o9nCbm7f,Reshape,/job:localhost/replica:0/task:0/device:MUSA:0,1.0,0.001
GzgcFSyQmq,Reshape,/job:localhost/replica:0/task:0/device:MUSA:0,1.0,0.001
ftaVlPxCyj,Reshape,/job:localhost/replica:0/task:0/device:MUSA:0,1.0,0.001
6aCiEKHmWI,Reshape,/job:localhost/replica:0/task:0/device:MUSA:0,1.0,0.001
xoSqP4DVUa,Reshape,/job:localhost/replica:0/task:0/device:MUSA:0,1.0,0.001
xjnBkJqP4r,Reshape,/job:localhost/replica:0/task:0/device:MUSA:0,1.0,0.001
w4WE5CRbY3,Reshape,/job:localhost/replica:0/task:0/device:MUSA:0,1.0,0.001
hmICXrKOQY,Shape,/job:localhost/replica:0/task:0/device:MUSA:0,1.0,0.001
G2zRl3hu8p,Reshape,/job:localhost/replica:0/task:0/device:MUSA:0,1.0,0.001
iVf0wRsXDd,Shape,/job:localhost/replica:0/task:0/device:MUSA:0,1.0,0.001
2kO4QZh6AJ,Reshape,/job:localhost/replica:0/task:0/device:MUSA:0,1.0,0.001
FAJt2HSlE1,Reshape,/job:localhost/replica:0/task:0/device:MUSA:0,1.0,0.001
qAuKbWd9Hk,Reshape,/job:localhost/replica:0/task:0/device:MUSA:0,1.0,0.001
0UCq7WBruL,Shape,/job:localhost/replica:0/task:0/device:MUSA:0,1.0,0.001
zKcwsfAVHt,Reshape,/job:localhost/replica:0/task:0/device:MUSA:0,1.0,0.001
BKUvIVbw7P,Shape,/job:localhost/replica:0/task:0/device:MUSA:0,1.0,0.001
FEiOsgjL0u,Reshape,/job:localhost/replica:0/task:0/device:MUSA:0,1.0,0.001
dXIqx0HJBl,Reshape,/job:localhost/replica:0/task:0/device:MUSA:0,1.0,0.001
I80BMzTjeQ,Shape,/job:localhost/replica:0/task:0/device:MUSA:0,1.0,0.001
MmFT2cZH6p,Reshape,/job:localhost/replica:0/task:0/device:MUSA:0,1.0,0.001
mGNu0lj9TB,Reshape,/job:localhost/replica:0/task:0/device:MUSA:0,1.0,0.001
OXMmI62JBn,Reshape,/job:localhost/replica:0/task:0/device:MUSA:0,1.0,0.001
pcWRaVyGif,Reshape,/job:localhost/replica:0/task:0/device:MUSA:0,1.0,0.001
Fd1R3ug70P,Shape,/job:localhost/replica:0/task:0/device:MUSA:0,1.0,0.001
dWy6PYcgTA,Reshape,/job:localhost/replica:0/task:0/device:MUSA:0,1.0,0.001
5RPiKtSWZg,Shape,/job:localhost/replica:0/task:0/device:MUSA:0,1.0,0.001
7MfADRy25t,Reshape,/job:localhost/replica:0/task:0/device:MUSA:0,1.0,0.001
iw3puaAfRd,Reshape,/job:localhost/replica:0/task:0/device:MUSA:0,1.0,0.001
FBZ06VPoI1,Reshape,/job:localhost/replica:0/task:0/device:MUSA:0,1.0,0.001
H6pXxOWNrE,Shape,/job:localhost/replica:0/task:0/device:MUSA:0,1.0,0.001
m3eu9jf2Wq,Shape,/job:localhost/replica:0/task:0/device:MUSA:0,1.0,0.001
Q4EKB5NTyh,Reshape,/job:localhost/replica:0/task:0/device:MUSA:0,1.0,0.001
LGafbxDvcZ,Shape,/job:localhost/replica:0/task:0/device:MUSA:0,1.0,0.001
pbg8dGDhYN,Shape,/job:localhost/replica:0/task:0/device:MUSA:0,1.0,0.001
TJgwdX1AbD,Reshape,/job:localhost/replica:0/task:0/device:MUSA:0,1.0,0.001
Xu4jFNHaEM,Reshape,/job:localhost/replica:0/task:0/device:MUSA:0,1.0,0.001
yeKxVX7AOz,Reshape,/job:localhost/replica:0/task:0/device:MUSA:0,1.0,0.001
BWIEpqTm8y,Reshape,/job:localhost/replica:0/task:0/device:MUSA:0,1.0,0.001
YO7LKP8CxI,Reshape,/job:localhost/replica:0/task:0/device:MUSA:0,1.0,0.001
uDgY5XAeNT,Shape,/job:localhost/replica:0/task:0/device:MUSA:0,1.0,0.001
CbInji91mo,Reshape,/job:localhost/replica:0/task:0/device:MUSA:0,1.0,0.001
fqrRxJNeg2,Reshape,/job:localhost/replica:0/task:0/device:MUSA:0,1.0,0.001
VeMuNFEB9y,Reshape,/job:localhost/replica:0/task:0/device:MUSA:0,1.0,0.001
im84Cxq7En,Reshape,/job:localhost/replica:0/task:0/device:MUSA:0,1.0,0.001
qvMzcnH3NG,Reshape,/job:localhost/replica:0/task:0/device:MUSA:0,1.0,0.001
GqdYWKAy4h,Reshape,/job:localhost/replica:0/task:0/device:MUSA:0,1.0,0.001
WUnocI4utw,Shape,/job:localhost/replica:0/task:0/device:MUSA:0,1.0,0.001
LtMW3GQkI4,Reshape,/job:localhost/replica:0/task:0/device:MUSA:0,1.0,0.001
zeFOqy63fM,Shape,/job:localhost/replica:0/task:0/device:MUSA:0,1.0,0.001
I7Nt5oubE8,Reshape,/job:localhost/replica:0/task:0/device:MUSA:0,1.0,0.001
uWGpBFTmRf,Reshape,/job:localhost/replica:0/task:0/device:MUSA:0,1.0,0.001
fazckG1N7F,Reshape,/job:localhost/replica:0/task:0/device:MUSA:0,1.0,0.001
gkAlwxE8CI,Reshape,/job:localhost/replica:0/task:0/device:MUSA:0,1.0,0.001
mAbK2EiWO6,Reshape,/job:localhost/replica:0/task:0/device:MUSA:0,1.0,0.001
1JxMrGyeLD,Reshape,/job:localhost/replica:0/task:0/device:MUSA:0,1.0,0.001
IjoGxlbQin,Reshape,/job:localhost/replica:0/task:0/device:MUSA:0,1.0,0.001
gdeyEYuNpX,Reshape,/job:localhost/replica:0/task:0/device:MUSA:0,1.0,0.001
Z1bOXMgHe6,Reshape,/job:localhost/replica:0/task:0/device:MUSA:0,1.0,0.001
L9KgwAo5eF,Shape,/job:localhost/replica:0/task:0/device:MUSA:0,1.0,0.001
Gi5oPkju6N,Reshape,/job:localhost/replica:0/task:0/device:MUSA:0,1.0,0.001
CtEQO4FoHP,Reshape,/job:localhost/replica:0/task:0/device:MUSA:0,1.0,0.001
NRn4Sev2HP,Reshape,/job:localhost/replica:0/task:0/device:MUSA:0,1.0,0.001
BbzFJNK4eV,Reshape,/job:localhost/replica:0/task:0/device:MUSA:0,1.0,0.001
qADu1KGa7v,Reshape,/job:localhost/replica:0/task:0/device:MUSA:0,1.0,0.001
6a9sBnMmdX,Shape,/job:localhost/replica:0/task:0/device:MUSA:0,1.0,0.001
wYP8IlOHkK,Reshape,/job:localhost/replica:0/task:0/device:MUSA:0,1.0,0.001
orANgD5dle,Reshape,/job:localhost/replica:0/task:0/device:MUSA:0,1.0,0.001
nBohtz06s1,Reshape,/job:localhost/replica:0/task:0/device:MUSA:0,1.0,0.001
wjIV57lisJ,Shape,/job:localhost/replica:0/task:0/device:MUSA:0,1.0,0.001
DLG4MI523e,Reshape,/job:localhost/replica:0/task:0/device:MUSA:0,1.0,0.001
yu8LUtoSOQ,Reshape,/job:localhost/replica:0/task:0/device:MUSA:0,1.0,0.001
pSKv4kPJhc,Reshape,/job:localhost/replica:0/task:0/device:MUSA:0,1.0,0.001
WUdcXkbVQo,Shape,/job:localhost/replica:0/task:0/device:MUSA:0,1.0,0.001
b70YXuT4LI,Shape,/job:localhost/replica:0/task:0/device:MUSA:0,1.0,0.001
QmvytZu5EC,Squeeze,/job:localhost/replica:0/task:0/device:MUSA:0,1.0,0.001
lIA6SXgyoc,Squeeze,/job:localhost/replica:0/task:0/device:MUSA:0,1.0,0.001
6PfcQbyO0H,Squeeze,/job:localhost/replica:0/task:0/device:MUSA:0,1.0,0.001
YDoXcrzWIa,Squeeze,/job:localhost/replica:0/task:0/device:MUSA:0,1.0,0.001
Z7MhBLJEFC,Squeeze,/job:localhost/replica:0/task:0/device:MUSA:0,1.0,0.001
Q5Jx2TYcAO,Squeeze,/job:localhost/replica:0/task:0/device:MUSA:0,1.0,0.001
UxShrZTRsf,Squeeze,/job:localhost/replica:0/task:0/device:MUSA:0,1.0,0.001
wEk9Le037q,Squeeze,/job:localhost/replica:0/task:0/device:MUSA:0,1.0,0.001
GYcgaJKQ3W,Squeeze,/job:localhost/replica:0/task:0/device:MUSA:0,1.0,0.001
tcTuVdMGJl,Squeeze,/job:localhost/replica:0/task:0/device:MUSA:0,1.0,0.001
IzFrgealx5,Squeeze,/job:localhost/replica:0/task:0/device:MUSA:0,1.0,0.001
UDm41RYIcV,Squeeze,/job:localhost/replica:0/task:0/device:MUSA:0,1.0,0.001
9TjE7aINq6,Shape,/job:localhost/replica:0/task:0/device:MUSA:0,1.0,0.001
Usa8HZwVu2,Shape,/job:localhost/replica:0/task:0/device:MUSA:0,1.0,0.001
OEhogXMjev,Shape,/job:localhost/replica:0/task:0/device:MUSA:0,1.0,0.001
JkSIbLBgoY,Shape,/job:localhost/replica:0/task:0/device:MUSA:0,1.0,0.001
2qJG3BSh8c,Shape,/job:localhost/replica:0/task:0/device:MUSA:0,1.0,0.001
bR7oEs0iza,Shape,/job:localhost/replica:0/task:0/device:MUSA:0,1.0,0.001
orCDUWwOAg,Shape,/job:localhost/replica:0/task:0/device:MUSA:0,1.0,0.001
Io96N1h7Xa,Shape,/job:localhost/replica:0/task:0/device:MUSA:0,1.0,0.001
Bi2CDRsPaJ,Shape,/job:localhost/replica:0/task:0/device:MUSA:0,1.0,0.001
d5epbmjTgW,Shape,/job:localhost/replica:0/task:0/device:MUSA:0,1.0,0.001
r5a2qPFBTy,Shape,/job:localhost/replica:0/task:0/device:MUSA:0,1.0,0.001
5LovaEyd7C,Shape,/job:localhost/replica:0/task:0/device:MUSA:0,1.0,0.001
MReNy98BUW,Shape,/job:localhost/replica:0/task:0/device:MUSA:0,1.0,0.001
ksdFGobzQn,Shape,/job:localhost/replica:0/task:0/device:MUSA:0,1.0,0.001
YEsmAyKxhi,Shape,/job:localhost/replica:0/task:0/device:MUSA:0,1.0,0.001
ufydjaFDZO,Shape,/job:localhost/replica:0/task:0/device:MUSA:0,1.0,0.001
vwtyK3hoC5,Shape,/job:localhost/replica:0/task:0/device:MUSA:0,1.0,0.001
nR3iL8Jxmy,StridedSlice,/job:localhost/replica:0/task:0/device:MUSA:0,1.0,0.001
vUmbKq9Dpa,StridedSlice,/job:localhost/replica:0/task:0/device:MUSA:0,1.0,0.001
Xmbquc41QN,Pack,/job:localhost/replica:0/task:0/device:MUSA:0,1.0,0.001
qtP2pM6AEL,GatherV2,/job:localhost/replica:0/task:0/device:MUSA:0,1.0,0.001
lXvfWHjEsS,Reshape,/job:localhost/replica:0/task:0/device:MUSA:0,1.0,0.001
GPDf0vXKnB,GatherV2,/job:localhost/replica:0/task:0/device:MUSA:0,1.0,0.001
r21Vcq7SHQ,Reshape,/job:localhost/replica:0/task:0/device:MUSA:0,1.0,0.001
krKawEnb0Y,Reshape,/job:localhost/replica:0/task:0/device:MUSA:0,1.0,0.001
PJ1RsT5cyK,Reshape,/job:localhost/replica:0/task:0/device:MUSA:0,1.0,0.001
TpnjCOyP8o,Reshape,/job:localhost/replica:0/task:0/device:MUSA:0,1.0,0.001
VtuAxfUCh3,Reshape,/job:localhost/replica:0/task:0/device:MUSA:0,1.0,0.001
qmEAnM1QNa,GatherV2,/job:localhost/replica:0/task:0/device:MUSA:0,1.0,0.001
7xt0aXWgQK,Reshape,/job:localhost/replica:0/task:0/device:MUSA:0,1.0,0.001
tZlEFN5wJg,Reshape,/job:localhost/replica:0/task:0/device:MUSA:0,1.0,0.001
7Rnh4GqOYC,GatherV2,/job:localhost/replica:0/task:0/device:MUSA:0,1.0,0.001
vExcUqapbs,Reshape,/job:localhost/replica:0/task:0/device:MUSA:0,1.0,0.001
jPIQLqaANe,Reshape,/job:localhost/replica:0/task:0/device:MUSA:0,1.0,0.001
Qt0LMSrGb4,Reshape,/job:localhost/replica:0/task:0/device:MUSA:0,1.0,0.001
_SOURCE,Unknown,/job:localhost/replica:0/task:0/device:CPU:0,0.0,0.0
MeILafgNox,Const,/job:localhost/replica:0/task:0/device:CPU:0,0.0,0.0
rWUK3zLMHk,Const,/job:localhost/replica:0/task:0/device:CPU:0,0.0,0.0
R8ul63BoGc,Const,/job:localhost/replica:0/task:0/device:CPU:0,0.0,0.0
_arg_0mXjxlkhyw_0_14,Placeholder,/job:localhost/replica:0/task:0/device:CPU:0,0.0,0.0
_arg_13HuhXcRwz_0_25,Placeholder,/job:localhost/replica:0/task:0/device:CPU:0,0.0,0.0
_arg_1E3QRgeBnk_0_33,Placeholder,/job:localhost/replica:0/task:0/device:CPU:0,0.0,0.0
_arg_1BWroTjh73_0_30,Placeholder,/job:localhost/replica:0/task:0/device:CPU:0,0.0,0.0
_arg_0unfLbJUAi_0_23,Placeholder,/job:localhost/replica:0/task:0/device:CPU:0,0.0,0.0
_arg_0eZXOg1KVb_0_11,Placeholder,/job:localhost/replica:0/task:0/device:CPU:0,0.0,0.0
NcfER8tk7o,Const,/job:localhost/replica:0/task:0/device:CPU:0,0.0,0.0
_arg_18V4vdMAC7_0_27,Placeholder,/job:localhost/replica:0/task:0/device:CPU:0,0.0,0.0
_arg_0BeLOqTAPa_0_4,Placeholder,/job:localhost/replica:0/task:0/device:CPU:0,0.0,0.0
efO1RpTExv,Const,/job:localhost/replica:0/task:0/device:CPU:0,0.0,0.0
_arg_0UIjDkaE8W_0_8,Placeholder,/job:localhost/replica:0/task:0/device:CPU:0,0.0,0.0
_arg_0rxbTPLXyg_0_20,Placeholder,/job:localhost/replica:0/task:0/device:CPU:0,0.0,0.0
_arg_03gcjULena_0_0,Placeholder,/job:localhost/replica:0/task:0/device:CPU:0,0.0,0.0
Ppk5x4yQL6,Const,/job:localhost/replica:0/task:0/device:CPU:0,0.0,0.0
_arg_0oBdg27cze_0_16,Placeholder,/job:localhost/replica:0/task:0/device:CPU:0,0.0,0.0
_arg_0w17AikgGn_0_24,Placeholder,/job:localhost/replica:0/task:0/device:CPU:0,0.0,0.0
_arg_1BstU2jKlD_0_31,Placeholder,/job:localhost/replica:0/task:0/device:CPU:0,0.0,0.0
_arg_056CAE34by_0_1,Placeholder,/job:localhost/replica:0/task:0/device:CPU:0,0.0,0.0
n2jARG8qU4,Const,/job:localhost/replica:0/task:0/device:CPU:0,0.0,0.0
jMpl4W0bCf,Const,/job:localhost/replica:0/task:0/device:CPU:0,0.0,0.0
_arg_1AEifcqKyg_0_29,Placeholder,/job:localhost/replica:0/task:0/device:CPU:0,0.0,0.0
_arg_1CWfr6w8Tx_0_32,Placeholder,/job:localhost/replica:0/task:0/device:CPU:0,0.0,0.0
_arg_1F9BcEZjm7_0_35,Placeholder,/job:localhost/replica:0/task:0/device:CPU:0,0.0,0.0
_arg_0RGuzrvEto_0_7,Placeholder,/job:localhost/replica:0/task:0/device:CPU:0,0.0,0.0
_arg_0VCWogsrtH_0_9,Placeholder,/job:localhost/replica:0/task:0/device:CPU:0,0.0,0.0
_arg_0hOjYUmNqd_0_12,Placeholder,/job:localhost/replica:0/task:0/device:CPU:0,0.0,0.0
jndLSG6au8,Cast,/job:localhost/replica:0/task:0/device:CPU:0,0.0,0.0
_arg_0AoyFZLIpX_0_3,Placeholder,/job:localhost/replica:0/task:0/device:CPU:0,0.0,0.0
_arg_0ktMzuUyZc_0_13,Placeholder,/job:localhost/replica:0/task:0/device:CPU:0,0.0,0.0
_arg_0qQCaxvijc_0_17,Placeholder,/job:localhost/replica:0/task:0/device:CPU:0,0.0,0.0
_arg_EVn9IcACav_0_421,Placeholder,/job:localhost/replica:0/task:0/device:CPU:0,0.0,0.0
_arg_EXh8VwUtC7_0_422,Placeholder,/job:localhost/replica:0/task:0/device:CPU:0,0.0,0.0
_arg_EcdxyYhI9j_0_424,Placeholder,/job:localhost/replica:0/task:0/device:CPU:0,0.0,0.0
_arg_0qkJmXDIBP_0_18,Placeholder,/job:localhost/replica:0/task:0/device:CPU:0,0.0,0.0
_arg_EfZ18PdkpT_0_425,Placeholder,/job:localhost/replica:0/task:0/device:CPU:0,0.0,0.0
_arg_EuN9Ih4wX6_0_431,Placeholder,/job:localhost/replica:0/task:0/device:CPU:0,0.0,0.0
_arg_FIgxvUJ4o6_0_435,Placeholder,/job:localhost/replica:0/task:0/device:CPU:0,0.0,0.0
_arg_EgCJYraALc_0_426,Placeholder,/job:localhost/replica:0/task:0/device:CPU:0,0.0,0.0
_arg_F1obuJQmxM_0_432,Placeholder,/job:localhost/replica:0/task:0/device:CPU:0,0.0,0.0
_arg_FJhOiPwKI4_0_436,Placeholder,/job:localhost/replica:0/task:0/device:CPU:0,0.0,0.0
_arg_EmQdGkIZ19_0_429,Placeholder,/job:localhost/replica:0/task:0/device:CPU:0,0.0,0.0
_arg_F5NzVOSorq_0_433,Placeholder,/job:localhost/replica:0/task:0/device:CPU:0,0.0,0.0
_arg_FOTdAc59PK_0_437,Placeholder,/job:localhost/replica:0/task:0/device:CPU:0,0.0,0.0
_arg_FaXIJgRoCx_0_444,Placeholder,/job:localhost/replica:0/task:0/device:CPU:0,0.0,0.0
_arg_EqPAfzdBWu_0_430,Placeholder,/job:localhost/replica:0/task:0/device:CPU:0,0.0,0.0
_arg_FDTjiSmKgE_0_434,Placeholder,/job:localhost/replica:0/task:0/device:CPU:0,0.0,0.0
_arg_FU71PMq3QD_0_441,Placeholder,/job:localhost/replica:0/task:0/device:CPU:0,0.0,0.0
_arg_FbWtrQMOgZ_0_445,Placeholder,/job:localhost/replica:0/task:0/device:CPU:0,0.0,0.0
_arg_FhCR4L6JKH_0_450,Placeholder,/job:localhost/replica:0/task:0/device:CPU:0,0.0,0.0
_arg_FiTfltpkAc_0_454,Placeholder,/job:localhost/replica:0/task:0/device:CPU:0,0.0,0.0
_arg_FlHm83tqZT_0_458,Placeholder,/job:localhost/replica:0/task:0/device:CPU:0,0.0,0.0
_arg_FYhCy0cLMW_0_442,Placeholder,/job:localhost/replica:0/task:0/device:CPU:0,0.0,0.0
_arg_FcxaquYgwh_0_448,Placeholder,/job:localhost/replica:0/task:0/device:CPU:0,0.0,0.0
_arg_FhUHL0mYN2_0_451,Placeholder,/job:localhost/replica:0/task:0/device:CPU:0,0.0,0.0
_arg_FmU1qndoNQ_0_459,Placeholder,/job:localhost/replica:0/task:0/device:CPU:0,0.0,0.0
_arg_G6RLgpsytV_0_471,Placeholder,/job:localhost/replica:0/task:0/device:CPU:0,0.0,0.0
_arg_FdE3ksljQf_0_449,Placeholder,/job:localhost/replica:0/task:0/device:CPU:0,0.0,0.0
_arg_FhbGPNqy8g_0_452,Placeholder,/job:localhost/replica:0/task:0/device:CPU:0,0.0,0.0
_arg_FjcVXrDMx6_0_456,Placeholder,/job:localhost/replica:0/task:0/device:CPU:0,0.0,0.0
_arg_Fpcu1DENHx_0_460,Placeholder,/job:localhost/replica:0/task:0/device:CPU:0,0.0,0.0
_arg_FuQmsZbATd_0_464,Placeholder,/job:localhost/replica:0/task:0/device:CPU:0,0.0,0.0
_arg_Fy4XMpVwUt_0_467,Placeholder,/job:localhost/replica:0/task:0/device:CPU:0,0.0,0.0
_arg_G6U1n7IlZ2_0_472,Placeholder,/job:localhost/replica:0/task:0/device:CPU:0,0.0,0.0
_arg_GC2hYt0DzM_0_475,Placeholder,/job:localhost/replica:0/task:0/device:CPU:0,0.0,0.0
_arg_GWSvyDkVBI_0_482,Placeholder,/job:localhost/replica:0/task:0/device:CPU:0,0.0,0.0
_arg_Fk2z8sv4qS_0_457,Placeholder,/job:localhost/replica:0/task:0/device:CPU:0,0.0,0.0
_arg_FwsfDYl9KQ_0_465,Placeholder,/job:localhost/replica:0/task:0/device:CPU:0,0.0,0.0
_arg_G1CwNMQLAH_0_468,Placeholder,/job:localhost/replica:0/task:0/device:CPU:0,0.0,0.0
_arg_GDko9aQ2cZ_0_476,Placeholder,/job:localhost/replica:0/task:0/device:CPU:0,0.0,0.0
_arg_GciOegjE3r_0_486,Placeholder,/job:localhost/replica:0/task:0/device:CPU:0,0.0,0.0
_arg_GmlRnBZHFN_0_490,Placeholder,/job:localhost/replica:0/task:0/device:CPU:0,0.0,0.0
_arg_HKC9h7swUq_0_502,Placeholder,/job:localhost/replica:0/task:0/device:CPU:0,0.0,0.0
_arg_G46fIAWl1d_0_469,Placeholder,/job:localhost/replica:0/task:0/device:CPU:0,0.0,0.0
_arg_HSoVEqupBP_0_509,Placeholder,/job:localhost/replica:0/task:0/device:CPU:0,0.0,0.0
_arg_GIFK657vqk_0_477,Placeholder,/job:localhost/replica:0/task:0/device:CPU:0,0.0,0.0
_arg_GPdMKJjzix_0_480,Placeholder,/job:localhost/replica:0/task:0/device:CPU:0,0.0,0.0
_arg_GYkS8VIjun_0_484,Placeholder,/job:localhost/replica:0/task:0/device:CPU:0,0.0,0.0
_arg_GnEvth1DN3_0_491,Placeholder,/job:localhost/replica:0/task:0/device:CPU:0,0.0,0.0
_arg_Gtsg7o5jiD_0_495,Placeholder,/job:localhost/replica:0/task:0/device:CPU:0,0.0,0.0
_arg_HKLiYmMeAt_0_503,Placeholder,/job:localhost/replica:0/task:0/device:CPU:0,0.0,0.0
_arg_HULJQSmp5O_0_510,Placeholder,/job:localhost/replica:0/task:0/device:CPU:0,0.0,0.0
_arg_HjTQ9mYFx5_0_517,Placeholder,/job:localhost/replica:0/task:0/device:CPU:0,0.0,0.0
_arg_GZice3oxsM_0_485,Placeholder,/job:localhost/replica:0/task:0/device:CPU:0,0.0,0.0
_arg_GfMkhYpv5w_0_488,Placeholder,/job:localhost/replica:0/task:0/device:CPU:0,0.0,0.0
_arg_GnZKkmAeoT_0_492,Placeholder,/job:localhost/replica:0/task:0/device:CPU:0,0.0,0.0
_arg_GuA3c2JtbH_0_496,Placeholder,/job:localhost/replica:0/task:0/device:CPU:0,0.0,0.0
_arg_HQzDiRu0rl_0_507,Placeholder,/job:localhost/replica:0/task:0/device:CPU:0,0.0,0.0
_arg_Hadoc5sQSf_0_514,Placeholder,/job:localhost/replica:0/task:0/device:CPU:0,0.0,0.0
_arg_HtMxGOATEc_0_521,Placeholder,/job:localhost/replica:0/task:0/device:CPU:0,0.0,0.0
_arg_I16JKW59ER_0_525,Placeholder,/job:localhost/replica:0/task:0/device:CPU:0,0.0,0.0
_arg_I9xT7Pqz1K_0_529,Placeholder,/job:localhost/replica:0/task:0/device:CPU:0,0.0,0.0
_arg_Gt8kaLr7lm_0_493,Placeholder,/job:localhost/replica:0/task:0/device:CPU:0,0.0,0.0
_arg_HEsxa6dICr_0_501,Placeholder,/job:localhost/replica:0/task:0/device:CPU:0,0.0,0.0
_arg_HO1veY86FI_0_505,Placeholder,/job:localhost/replica:0/task:0/device:CPU:0,0.0,0.0
_arg_HSivJ5qw2y_0_508,Placeholder,/job:localhost/replica:0/task:0/device:CPU:0,0.0,0.0
_arg_HWfPaRKgQu_0_512,Placeholder,/job:localhost/replica:0/task:0/device:CPU:0,0.0,0.0
_arg_HcupwsFfqz_0_515,Placeholder,/job:localhost/replica:0/task:0/device:CPU:0,0.0,0.0
_arg_HmcegUo69w_0_519,Placeholder,/job:localhost/replica:0/task:0/device:CPU:0,0.0,0.0
_arg_HuXC27y4Yp_0_522,Placeholder,/job:localhost/replica:0/task:0/device:CPU:0,0.0,0.0
_arg_I3SQqKfJbl_0_526,Placeholder,/job:localhost/replica:0/task:0/device:CPU:0,0.0,0.0
_arg_IGAp3qySux_0_533,Placeholder,/job:localhost/replica:0/task:0/device:CPU:0,0.0,0.0
_arg_IQDdunSEOk_0_537,Placeholder,/job:localhost/replica:0/task:0/device:CPU:0,0.0,0.0
_arg_IWOvRSCywk_0_541,Placeholder,/job:localhost/replica:0/task:0/device:CPU:0,0.0,0.0
_arg_IdSf986nhi_0_545,Placeholder,/job:localhost/replica:0/task:0/device:CPU:0,0.0,0.0
_arg_Hh4y0tG2vY_0_516,Placeholder,/job:localhost/replica:0/task:0/device:CPU:0,0.0,0.0
_arg_HsewlIfYT7_0_520,Placeholder,/job:localhost/replica:0/task:0/device:CPU:0,0.0,0.0
_arg_I5sKP2thjJ_0_527,Placeholder,/job:localhost/replica:0/task:0/device:CPU:0,0.0,0.0
_arg_IBfW5Dv8kr_0_531,Placeholder,/job:localhost/replica:0/task:0/device:CPU:0,0.0,0.0
_arg_IHaypNdo0x_0_534,Placeholder,/job:localhost/replica:0/task:0/device:CPU:0,0.0,0.0
_arg_ISr6WJeXhi_0_538,Placeholder,/job:localhost/replica:0/task:0/device:CPU:0,0.0,0.0
_arg_IY8vZ4hRQm_0_542,Placeholder,/job:localhost/replica:0/task:0/device:CPU:0,0.0,0.0
_arg_I8P5jB4TwC_0_528,Placeholder,/job:localhost/replica:0/task:0/device:CPU:0,0.0,0.0
_arg_IDwn3zflZx_0_532,Placeholder,/job:localhost/replica:0/task:0/device:CPU:0,0.0,0.0
_arg_IKrTCPtsld_0_535,Placeholder,/job:localhost/replica:0/task:0/device:CPU:0,0.0,0.0
_arg_IaUE8b5tD6_0_543,Placeholder,/job:localhost/replica:0/task:0/device:CPU:0,0.0,0.0
_arg_IPWTB4rqsG_0_536,Placeholder,/job:localhost/replica:0/task:0/device:CPU:0,0.0,0.0
_arg_IdP3gwO2JA_0_544,Placeholder,/job:localhost/replica:0/task:0/device:CPU:0,0.0,0.0
_arg_wrbsjPz9XN_0_1702,Placeholder,/job:localhost/replica:0/task:0/device:CPU:0,0.0,0.0
_arg_wvEKbqZLI6_0_1704,Placeholder,/job:localhost/replica:0/task:0/device:CPU:0,0.0,0.0
_arg_wzrTPRIbtu_0_1707,Placeholder,/job:localhost/replica:0/task:0/device:CPU:0,0.0,0.0
_arg_wzAsXGb4QM_0_1705,Placeholder,/job:localhost/replica:0/task:0/device:CPU:0,0.0,0.0
_arg_x0WBKJg3l4_0_1708,Placeholder,/job:localhost/replica:0/task:0/device:CPU:0,0.0,0.0
_arg_x48fSaFCYe_0_1712,Placeholder,/job:localhost/replica:0/task:0/device:CPU:0,0.0,0.0
_arg_wzjhLxgS4Q_0_1706,Placeholder,/job:localhost/replica:0/task:0/device:CPU:0,0.0,0.0
_arg_x0lv4khmfq_0_1709,Placeholder,/job:localhost/replica:0/task:0/device:CPU:0,0.0,0.0
_arg_x9Dz8CJQdi_0_1713,Placeholder,/job:localhost/replica:0/task:0/device:CPU:0,0.0,0.0
_arg_xF3DAsd6pi_0_1716,Placeholder,/job:localhost/replica:0/task:0/device:CPU:0,0.0,0.0
_arg_xJVrCfWv2Q_0_1719,Placeholder,/job:localhost/replica:0/task:0/device:CPU:0,0.0,0.0
_arg_xaHvfhMYsS_0_1723,Placeholder,/job:localhost/replica:0/task:0/device:CPU:0,0.0,0.0
_arg_x1NaoVsu8g_0_1710,Placeholder,/job:localhost/replica:0/task:0/device:CPU:0,0.0,0.0
_arg_xApqzQ2aed_0_1714,Placeholder,/job:localhost/replica:0/task:0/device:CPU:0,0.0,0.0
_arg_xH3PvZiQq4_0_1717,Placeholder,/job:localhost/replica:0/task:0/device:CPU:0,0.0,0.0
_arg_xP6p3iToEg_0_1720,Placeholder,/job:localhost/replica:0/task:0/device:CPU:0,0.0,0.0
_arg_xhmGLvTHJe_0_1727,Placeholder,/job:localhost/replica:0/task:0/device:CPU:0,0.0,0.0
_arg_xmbs9nlPNT_0_1730,Placeholder,/job:localhost/replica:0/task:0/device:CPU:0,0.0,0.0
_arg_yAuX6KLVlM_0_1734,Placeholder,/job:localhost/replica:0/task:0/device:CPU:0,0.0,0.0
_arg_xHLKCpquTZ_0_1718,Placeholder,/job:localhost/replica:0/task:0/device:CPU:0,0.0,0.0
_arg_xeDSgA3IMR_0_1725,Placeholder,/job:localhost/replica:0/task:0/device:CPU:0,0.0,0.0
_arg_xjOQSc34Lf_0_1728,Placeholder,/job:localhost/replica:0/task:0/device:CPU:0,0.0,0.0
_arg_xw1mq0KabT_0_1731,Placeholder,/job:localhost/replica:0/task:0/device:CPU:0,0.0,0.0
_arg_yD02XAZLTG_0_1735,Placeholder,/job:localhost/replica:0/task:0/device:CPU:0,0.0,0.0
_arg_yLoluwt8v0_0_1738,Placeholder,/job:localhost/replica:0/task:0/device:CPU:0,0.0,0.0
_arg_yVF5ip0rUW_0_1742,Placeholder,/job:localhost/replica:0/task:0/device:CPU:0,0.0,0.0
_arg_xgqaoJvB0Q_0_1726,Placeholder,/job:localhost/replica:0/task:0/device:CPU:0,0.0,0.0
_arg_y24RCxWwdi_0_1732,Placeholder,/job:localhost/replica:0/task:0/device:CPU:0,0.0,0.0
_arg_yD6dIGFchR_0_1736,Placeholder,/job:localhost/replica:0/task:0/device:CPU:0,0.0,0.0
_arg_ySY6bTu21I_0_1739,Placeholder,/job:localhost/replica:0/task:0/device:CPU:0,0.0,0.0
_arg_yWR3tM27GX_0_1743,Placeholder,/job:localhost/replica:0/task:0/device:CPU:0,0.0,0.0
_arg_yZNi8sUDH2_0_1746,Placeholder,/job:localhost/replica:0/task:0/device:CPU:0,0.0,0.0
_arg_ywnfTSaAeI_0_1754,Placeholder,/job:localhost/replica:0/task:0/device:CPU:0,0.0,0.0
_arg_z4EykRlcaB_0_1758,Placeholder,/job:localhost/replica:0/task:0/device:CPU:0,0.0,0.0
_arg_yH8m0PEXan_0_1737,Placeholder,/job:localhost/replica:0/task:0/device:CPU:0,0.0,0.0
_arg_yrXD4VQm6H_0_1751,Placeholder,/job:localhost/replica:0/task:0/device:CPU:0,0.0,0.0
_arg_yxJuQMHWPl_0_1755,Placeholder,/job:localhost/replica:0/task:0/device:CPU:0,0.0,0.0
_arg_z53aiOtJC9_0_1759,Placeholder,/job:localhost/replica:0/task:0/device:CPU:0,0.0,0.0
_arg_z7CLdcPeyh_0_1762,Placeholder,/job:localhost/replica:0/task:0/device:CPU:0,0.0,0.0
_arg_zIMCRENGoO_0_1766,Placeholder,/job:localhost/replica:0/task:0/device:CPU:0,0.0,0.0
_arg_zYWXtKc3xO_0_1770,Placeholder,/job:localhost/replica:0/task:0/device:CPU:0,0.0,0.0
_arg_yUmdCFoOG3_0_1741,Placeholder,/job:localhost/replica:0/task:0/device:CPU:0,0.0,0.0
_arg_yYpem2MwvR_0_1745,Placeholder,/job:localhost/replica:0/task:0/device:CPU:0,0.0,0.0
_arg_yg64Nzub9W_0_1748,Placeholder,/job:localhost/replica:0/task:0/device:CPU:0,0.0,0.0
_arg_yxN6LDoSiX_0_1756,Placeholder,/job:localhost/replica:0/task:0/device:CPU:0,0.0,0.0
_arg_zLtg98pbQr_0_1767,Placeholder,/job:localhost/replica:0/task:0/device:CPU:0,0.0,0.0
_arg_zZ2Khg7s9J_0_1771,Placeholder,/job:localhost/replica:0/task:0/device:CPU:0,0.0,0.0
_arg_zfxSyAkHDO_0_1774,Placeholder,/job:localhost/replica:0/task:0/device:CPU:0,0.0,0.0
_arg_zjN1VbA4XG_0_1778,Placeholder,/job:localhost/replica:0/task:0/device:CPU:0,0.0,0.0
_arg_yhjUG3lbqO_0_1749,Placeholder,/job:localhost/replica:0/task:0/device:CPU:0,0.0,0.0
_arg_yztesd2Yoi_0_1757,Placeholder,/job:localhost/replica:0/task:0/device:CPU:0,0.0,0.0
_arg_z5o03alPRk_0_1761,Placeholder,/job:localhost/replica:0/task:0/device:CPU:0,0.0,0.0
_arg_za0WDZdIGF_0_1772,Placeholder,/job:localhost/replica:0/task:0/device:CPU:0,0.0,0.0
_arg_zhFZn5s1kR_0_1775,Placeholder,/job:localhost/replica:0/task:0/device:CPU:0,0.0,0.0
_arg_zktTPmjCaW_0_1779,Placeholder,/job:localhost/replica:0/task:0/device:CPU:0,0.0,0.0
_arg_zGXPRZ8gmc_0_1765,Placeholder,/job:localhost/replica:0/task:0/device:CPU:0,0.0,0.0
_arg_zYO7D4I96B_0_1769,Placeholder,/job:localhost/replica:0/task:0/device:CPU:0,0.0,0.0
_arg_zbl1tSZFQq_0_1773,Placeholder,/job:localhost/replica:0/task:0/device:CPU:0,0.0,0.0
_arg_zhwoxKMguq_0_1776,Placeholder,/job:localhost/replica:0/task:0/device:CPU:0,0.0,0.0
_arg_znCXBb29Zx_0_1780,Placeholder,/job:localhost/replica:0/task:0/device:CPU:0,0.0,0.0
_arg_ziq84Cmd2E_0_1777,Placeholder,/job:localhost/replica:0/task:0/device:CPU:0,0.0,0.0
_arg_zxRomgQeD6_0_1781,Placeholder,/job:localhost/replica:0/task:0/device:CPU:0,0.0,0.0
_arg_kCdobPVSrE_0_1316,Placeholder,/job:localhost/replica:0/task:0/device:CPU:0,0.0,0.0
_arg_kGQXOVSyhe_0_1317,Placeholder,/job:localhost/replica:0/task:0/device:CPU:0,0.0,0.0
_arg_kK7zU9NtO5_0_1319,Placeholder,/job:localhost/replica:0/task:0/device:CPU:0,0.0,0.0
_arg_kMsAZwUpLX_0_1320,Placeholder,/job:localhost/replica:0/task:0/device:CPU:0,0.0,0.0
_arg_kVuexQM3nN_0_1323,Placeholder,/job:localhost/replica:0/task:0/device:CPU:0,0.0,0.0
_arg_kdqPUAzScX_0_1328,Placeholder,/job:localhost/replica:0/task:0/device:CPU:0,0.0,0.0
_arg_kiFT9zs7AZ_0_1330,Placeholder,/job:localhost/replica:0/task:0/device:CPU:0,0.0,0.0
_arg_kSZdG06B4H_0_1322,Placeholder,/job:localhost/replica:0/task:0/device:CPU:0,0.0,0.0
_arg_kWr4Rm29hJ_0_1325,Placeholder,/job:localhost/replica:0/task:0/device:CPU:0,0.0,0.0
_arg_kfhiaZbvjC_0_1329,Placeholder,/job:localhost/replica:0/task:0/device:CPU:0,0.0,0.0
_arg_klJdqR6yzt_0_1331,Placeholder,/job:localhost/replica:0/task:0/device:CPU:0,0.0,0.0
_arg_kpJMRqCYvU_0_1334,Placeholder,/job:localhost/replica:0/task:0/device:CPU:0,0.0,0.0
_arg_kyBIoAOec0_0_1338,Placeholder,/job:localhost/replica:0/task:0/device:CPU:0,0.0,0.0
_arg_l8RT2hy9cs_0_1346,Placeholder,/job:localhost/replica:0/task:0/device:CPU:0,0.0,0.0
_arg_km0cC8yFbL_0_1332,Placeholder,/job:localhost/replica:0/task:0/device:CPU:0,0.0,0.0
_arg_l0rGnTBtie_0_1339,Placeholder,/job:localhost/replica:0/task:0/device:CPU:0,0.0,0.0
_arg_l58n2STFU1_0_1342,Placeholder,/job:localhost/replica:0/task:0/device:CPU:0,0.0,0.0
_arg_l8mCDMd9bs_0_1347,Placeholder,/job:localhost/replica:0/task:0/device:CPU:0,0.0,0.0
_arg_lAeqVdTJS8_0_1350,Placeholder,/job:localhost/replica:0/task:0/device:CPU:0,0.0,0.0
_arg_km2Q7bSLKV_0_1333,Placeholder,/job:localhost/replica:0/task:0/device:CPU:0,0.0,0.0
_arg_ksO9dlcqaN_0_1336,Placeholder,/job:localhost/replica:0/task:0/device:CPU:0,0.0,0.0
_arg_l2eTVy4qbG_0_1340,Placeholder,/job:localhost/replica:0/task:0/device:CPU:0,0.0,0.0
_arg_l6NiT0BkXt_0_1343,Placeholder,/job:localhost/replica:0/task:0/device:CPU:0,0.0,0.0
_arg_l8r5PLci47_0_1348,Placeholder,/job:localhost/replica:0/task:0/device:CPU:0,0.0,0.0
_arg_lEdJmCWSYu_0_1351,Placeholder,/job:localhost/replica:0/task:0/device:CPU:0,0.0,0.0
_arg_lNyZEnDQeI_0_1354,Placeholder,/job:localhost/replica:0/task:0/device:CPU:0,0.0,0.0
_arg_lZpjDti8aM_0_1358,Placeholder,/job:localhost/replica:0/task:0/device:CPU:0,0.0,0.0
_arg_l35LHeIoxX_0_1341,Placeholder,/job:localhost/replica:0/task:0/device:CPU:0,0.0,0.0
_arg_l6OT4yCo8P_0_1344,Placeholder,/job:localhost/replica:0/task:0/device:CPU:0,0.0,0.0
_arg_l93tnOY48E_0_1349,Placeholder,/job:localhost/replica:0/task:0/device:CPU:0,0.0,0.0
_arg_lXecoTUEk8_0_1355,Placeholder,/job:localhost/replica:0/task:0/device:CPU:0,0.0,0.0
_arg_lekNf1xFKr_0_1359,Placeholder,/job:localhost/replica:0/task:0/device:CPU:0,0.0,0.0
_arg_lhiZMjN8QX_0_1362,Placeholder,/job:localhost/replica:0/task:0/device:CPU:0,0.0,0.0
_arg_lshQ0NqnZr_0_1366,Placeholder,/job:localhost/replica:0/task:0/device:CPU:0,0.0,0.0
_arg_mJB4dsN3w2_0_1378,Placeholder,/job:localhost/replica:0/task:0/device:CPU:0,0.0,0.0
_arg_lKEje4Wkx0_0_1353,Placeholder,/job:localhost/replica:0/task:0/device:CPU:0,0.0,0.0
_arg_lXm7uf6adG_0_1356,Placeholder,/job:localhost/replica:0/task:0/device:CPU:0,0.0,0.0
_arg_lfOhZBCmoQ_0_1360,Placeholder,/job:localhost/replica:0/task:0/device:CPU:0,0.0,0.0
_arg_ljCw0KxMGE_0_1363,Placeholder,/job:localhost/replica:0/task:0/device:CPU:0,0.0,0.0
_arg_lvgnsfdkQ8_0_1367,Placeholder,/job:localhost/replica:0/task:0/device:CPU:0,0.0,0.0
_arg_m2Atw7JX5b_0_1371,Placeholder,/job:localhost/replica:0/task:0/device:CPU:0,0.0,0.0
_arg_mK6xQWwocN_0_1379,Placeholder,/job:localhost/replica:0/task:0/device:CPU:0,0.0,0.0
_arg_mNtlHW4cwL_0_1382,Placeholder,/job:localhost/replica:0/task:0/device:CPU:0,0.0,0.0
_arg_mavxsAbOEF_0_1386,Placeholder,/job:localhost/replica:0/task:0/device:CPU:0,0.0,0.0
_arg_lhXBFdx2uk_0_1361,Placeholder,/job:localhost/replica:0/task:0/device:CPU:0,0.0,0.0
_arg_lwz5arHhPf_0_1368,Placeholder,/job:localhost/replica:0/task:0/device:CPU:0,0.0,0.0
_arg_m7UDbLdCzi_0_1372,Placeholder,/job:localhost/replica:0/task:0/device:CPU:0,0.0,0.0
_arg_mC0wX7MYd8_0_1375,Placeholder,/job:localhost/replica:0/task:0/device:CPU:0,0.0,0.0
_arg_mOdGfhuHwJ_0_1383,Placeholder,/job:localhost/replica:0/task:0/device:CPU:0,0.0,0.0
_arg_mb3VldYo5M_0_1387,Placeholder,/job:localhost/replica:0/task:0/device:CPU:0,0.0,0.0
_arg_mglQUZTyu9_0_1390,Placeholder,/job:localhost/replica:0/task:0/device:CPU:0,0.0,0.0
_arg_mrBf8qR07X_0_1393,Placeholder,/job:localhost/replica:0/task:0/device:CPU:0,0.0,0.0
_arg_lykC7Q4DVS_0_1369,Placeholder,/job:localhost/replica:0/task:0/device:CPU:0,0.0,0.0
_arg_mDwrUf9Sc2_0_1376,Placeholder,/job:localhost/replica:0/task:0/device:CPU:0,0.0,0.0
_arg_mLyXaD9fJv_0_1381,Placeholder,/job:localhost/replica:0/task:0/device:CPU:0,0.0,0.0
_arg_mSn03uRGWd_0_1384,Placeholder,/job:localhost/replica:0/task:0/device:CPU:0,0.0,0.0
_arg_mgRMHVv05A_0_1388,Placeholder,/job:localhost/replica:0/task:0/device:CPU:0,0.0,0.0
_arg_mkAx5S8CqP_0_1391,Placeholder,/job:localhost/replica:0/task:0/device:CPU:0,0.0,0.0
_arg_mrZvTNx2Wo_0_1394,Placeholder,/job:localhost/replica:0/task:0/device:CPU:0,0.0,0.0
_arg_n7yWKI6DEd_0_1401,Placeholder,/job:localhost/replica:0/task:0/device:CPU:0,0.0,0.0
_arg_nIcorahjGf_0_1405,Placeholder,/job:localhost/replica:0/task:0/device:CPU:0,0.0,0.0
_arg_nTRN2K6u79_0_1409,Placeholder,/job:localhost/replica:0/task:0/device:CPU:0,0.0,0.0
_arg_nd8OMoWwmH_0_1413,Placeholder,/job:localhost/replica:0/task:0/device:CPU:0,0.0,0.0
_arg_mExNCKLhMY_0_1377,Placeholder,/job:localhost/replica:0/task:0/device:CPU:0,0.0,0.0
_arg_mWXs5DHAQl_0_1385,Placeholder,/job:localhost/replica:0/task:0/device:CPU:0,0.0,0.0
_arg_mgWpEJwHCu_0_1389,Placeholder,/job:localhost/replica:0/task:0/device:CPU:0,0.0,0.0
_arg_moVxUasMZ0_0_1392,Placeholder,/job:localhost/replica:0/task:0/device:CPU:0,0.0,0.0
_arg_n5JLBsY6eo_0_1399,Placeholder,/job:localhost/replica:0/task:0/device:CPU:0,0.0,0.0
_arg_n9YhbW6sLA_0_1402,Placeholder,/job:localhost/replica:0/task:0/device:CPU:0,0.0,0.0
_arg_nUScE5hs9V_0_1410,Placeholder,/job:localhost/replica:0/task:0/device:CPU:0,0.0,0.0
_arg_nhM7UwEP6F_0_1417,Placeholder,/job:localhost/replica:0/task:0/device:CPU:0,0.0,0.0
_arg_nxNedlLHFE_0_1422,Placeholder,/job:localhost/replica:0/task:0/device:CPU:0,0.0,0.0
_arg_o8JWsk93bE_0_1429,Placeholder,/job:localhost/replica:0/task:0/device:CPU:0,0.0,0.0
_arg_oG9KH2fqXy_0_1433,Placeholder,/job:localhost/replica:0/task:0/device:CPU:0,0.0,0.0
_arg_oJAXKNti0B_0_1437,Placeholder,/job:localhost/replica:0/task:0/device:CPU:0,0.0,0.0
_arg_n5jvh0tMgS_0_1400,Placeholder,/job:localhost/replica:0/task:0/device:CPU:0,0.0,0.0
_arg_nD6HG8UO7N_0_1403,Placeholder,/job:localhost/replica:0/task:0/device:CPU:0,0.0,0.0
_arg_nX6ToBOyQx_0_1411,Placeholder,/job:localhost/replica:0/task:0/device:CPU:0,0.0,0.0
_arg_nePIacrdLB_0_1415,Placeholder,/job:localhost/replica:0/task:0/device:CPU:0,0.0,0.0
_arg_nhdFA2JblP_0_1418,Placeholder,/job:localhost/replica:0/task:0/device:CPU:0,0.0,0.0
_arg_o0X7K2TyCG_0_1426,Placeholder,/job:localhost/replica:0/task:0/device:CPU:0,0.0,0.0
_arg_oGwQ3TaChW_0_1434,Placeholder,/job:localhost/replica:0/task:0/device:CPU:0,0.0,0.0
_arg_oLfWFRwZmz_0_1438,Placeholder,/job:localhost/replica:0/task:0/device:CPU:0,0.0,0.0
_arg_oT8ARY7vV4_0_1441,Placeholder,/job:localhost/replica:0/task:0/device:CPU:0,0.0,0.0
_arg_nLNIAyReb5_0_1408,Placeholder,/job:localhost/replica:0/task:0/device:CPU:0,0.0,0.0
_arg_niEp1BCkKu_0_1419,Placeholder,/job:localhost/replica:0/task:0/device:CPU:0,0.0,0.0
_arg_nzUxKj7EXM_0_1424,Placeholder,/job:localhost/replica:0/task:0/device:CPU:0,0.0,0.0
_arg_oD2s4lQkze_0_1431,Placeholder,/job:localhost/replica:0/task:0/device:CPU:0,0.0,0.0
_arg_oXN9syMIxf_0_1442,Placeholder,/job:localhost/replica:0/task:0/device:CPU:0,0.0,0.0
_arg_npMrc584aU_0_1420,Placeholder,/job:localhost/replica:0/task:0/device:CPU:0,0.0,0.0
_arg_o7xr0gPCqL_0_1428,Placeholder,/job:localhost/replica:0/task:0/device:CPU:0,0.0,0.0
_arg_oIqKfkl5ZU_0_1436,Placeholder,/job:localhost/replica:0/task:0/device:CPU:0,0.0,0.0
_arg_oS0MGnDsae_0_1440,Placeholder,/job:localhost/replica:0/task:0/device:CPU:0,0.0,0.0
_arg_oa4yBSc8sC_0_1443,Placeholder,/job:localhost/replica:0/task:0/device:CPU:0,0.0,0.0
_arg_fZvmtLBOI4_0_1189,Placeholder,/job:localhost/replica:0/task:0/device:CPU:0,0.0,0.0
_arg_fdxCuNpHE5_0_1190,Placeholder,/job:localhost/replica:0/task:0/device:CPU:0,0.0,0.0
_arg_fludGKwQo6_0_1193,Placeholder,/job:localhost/replica:0/task:0/device:CPU:0,0.0,0.0
_arg_fiMKbEHNTs_0_1191,Placeholder,/job:localhost/replica:0/task:0/device:CPU:0,0.0,0.0
_arg_fmTwAekzty_0_1194,Placeholder,/job:localhost/replica:0/task:0/device:CPU:0,0.0,0.0
_arg_fquzjvY71r_0_1197,Placeholder,/job:localhost/replica:0/task:0/device:CPU:0,0.0,0.0
_arg_fiYsHrbwnQ_0_1192,Placeholder,/job:localhost/replica:0/task:0/device:CPU:0,0.0,0.0
_arg_fmiJ0A5Los_0_1195,Placeholder,/job:localhost/replica:0/task:0/device:CPU:0,0.0,0.0
_arg_fsNK6c9YMQ_0_1198,Placeholder,/job:localhost/replica:0/task:0/device:CPU:0,0.0,0.0
_arg_g4V8jUhGTM_0_1201,Placeholder,/job:localhost/replica:0/task:0/device:CPU:0,0.0,0.0
_arg_gHGYCmkq4I_0_1205,Placeholder,/job:localhost/replica:0/task:0/device:CPU:0,0.0,0.0
_arg_fy7lRwEWZh_0_1199,Placeholder,/job:localhost/replica:0/task:0/device:CPU:0,0.0,0.0
_arg_h8YVsTwqcO_0_1240,Placeholder,/job:localhost/replica:0/task:0/device:CPU:0,0.0,0.0
_arg_hJDcaw3Uix_0_1244,Placeholder,/job:localhost/replica:0/task:0/device:CPU:0,0.0,0.0
_arg_hZinXt7PHv_0_1248,Placeholder,/job:localhost/replica:0/task:0/device:CPU:0,0.0,0.0
_arg_hbR3qkDz4C_0_1249,Placeholder,/job:localhost/replica:0/task:0/device:CPU:0,0.0,0.0
_arg_hq4RXF3EWg_0_1256,Placeholder,/job:localhost/replica:0/task:0/device:CPU:0,0.0,0.0
_arg_hBYPZxoKif_0_1241,Placeholder,/job:localhost/replica:0/task:0/device:CPU:0,0.0,0.0
_arg_h0TGwrBWon_0_1236,Placeholder,/job:localhost/replica:0/task:0/device:CPU:0,0.0,0.0
_arg_hMTgY6rOJu_0_1245,Placeholder,/job:localhost/replica:0/task:0/device:CPU:0,0.0,0.0
_arg_hbiFjrJTm9_0_1250,Placeholder,/job:localhost/replica:0/task:0/device:CPU:0,0.0,0.0
_arg_hycwzu56P3_0_1260,Placeholder,/job:localhost/replica:0/task:0/device:CPU:0,0.0,0.0
_arg_geEToAPYRX_0_1221,Placeholder,/job:localhost/replica:0/task:0/device:CPU:0,0.0,0.0
_arg_g13KXRVWaz_0_1200,Placeholder,/job:localhost/replica:0/task:0/device:CPU:0,0.0,0.0
_arg_hkmPDrGcTl_0_1253,Placeholder,/job:localhost/replica:0/task:0/device:CPU:0,0.0,0.0
_arg_hCWefXnd8B_0_1242,Placeholder,/job:localhost/replica:0/task:0/device:CPU:0,0.0,0.0
_arg_hPUu9DZpzC_0_1246,Placeholder,/job:localhost/replica:0/task:0/device:CPU:0,0.0,0.0
_arg_gtY6P0Kn9q_0_1229,Placeholder,/job:localhost/replica:0/task:0/device:CPU:0,0.0,0.0
_arg_g8H5c4VYK0_0_1202,Placeholder,/job:localhost/replica:0/task:0/device:CPU:0,0.0,0.0
_arg_h1nCoisp4J_0_1237,Placeholder,/job:localhost/replica:0/task:0/device:CPU:0,0.0,0.0
_arg_gWlsDJBO8F_0_1215,Placeholder,/job:localhost/replica:0/task:0/device:CPU:0,0.0,0.0
_arg_gY06TGMKa1_0_1217,Placeholder,/job:localhost/replica:0/task:0/device:CPU:0,0.0,0.0
_arg_hszjQ9vUFi_0_1258,Placeholder,/job:localhost/replica:0/task:0/device:CPU:0,0.0,0.0
_arg_hywmS4tZHT_0_1261,Placeholder,/job:localhost/replica:0/task:0/device:CPU:0,0.0,0.0
_arg_gKD20yYcSj_0_1211,Placeholder,/job:localhost/replica:0/task:0/device:CPU:0,0.0,0.0
_arg_gX1LFv5M4c_0_1216,Placeholder,/job:localhost/replica:0/task:0/device:CPU:0,0.0,0.0
_arg_hpRODVHi7l_0_1255,Placeholder,/job:localhost/replica:0/task:0/device:CPU:0,0.0,0.0
_arg_gqkv276m3U_0_1226,Placeholder,/job:localhost/replica:0/task:0/device:CPU:0,0.0,0.0
_arg_gtw9MjieCG_0_1230,Placeholder,/job:localhost/replica:0/task:0/device:CPU:0,0.0,0.0
_arg_gzSpQXZxmR_0_1234,Placeholder,/job:localhost/replica:0/task:0/device:CPU:0,0.0,0.0
_arg_hG8zoUVifj_0_1243,Placeholder,/job:localhost/replica:0/task:0/device:CPU:0,0.0,0.0
_arg_hZQ8rTylLp_0_1247,Placeholder,/job:localhost/replica:0/task:0/device:CPU:0,0.0,0.0
_arg_j48JB65fkL_0_1288,Placeholder,/job:localhost/replica:0/task:0/device:CPU:0,0.0,0.0
_arg_htqE3JVBRN_0_1259,Placeholder,/job:localhost/replica:0/task:0/device:CPU:0,0.0,0.0
_arg_i0BPsn6cb3_0_1262,Placeholder,/job:localhost/replica:0/task:0/device:CPU:0,0.0,0.0
_arg_i6LwBsrpGR_0_1265,Placeholder,/job:localhost/replica:0/task:0/device:CPU:0,0.0,0.0
_arg_iDwW3hef6r_0_1269,Placeholder,/job:localhost/replica:0/task:0/device:CPU:0,0.0,0.0
_arg_h8GyfnAXe3_0_1239,Placeholder,/job:localhost/replica:0/task:0/device:CPU:0,0.0,0.0
_arg_k7xfrHW2Db_0_1315,Placeholder,/job:localhost/replica:0/task:0/device:CPU:0,0.0,0.0
_arg_gGT695iXup_0_1204,Placeholder,/job:localhost/replica:0/task:0/device:CPU:0,0.0,0.0
_arg_gIfaBe6ZcA_0_1207,Placeholder,/job:localhost/replica:0/task:0/device:CPU:0,0.0,0.0
_arg_jD832mpGyU_0_1292,Placeholder,/job:localhost/replica:0/task:0/device:CPU:0,0.0,0.0
_arg_jQYibfduIN_0_1295,Placeholder,/job:localhost/replica:0/task:0/device:CPU:0,0.0,0.0
_arg_grO4LTmvwk_0_1227,Placeholder,/job:localhost/replica:0/task:0/device:CPU:0,0.0,0.0
_arg_gv1MXFoqPl_0_1231,Placeholder,/job:localhost/replica:0/task:0/device:CPU:0,0.0,0.0
_arg_h0JDR4Gcyr_0_1235,Placeholder,/job:localhost/replica:0/task:0/device:CPU:0,0.0,0.0
_arg_ih2WDnPe3q_0_1280,Placeholder,/job:localhost/replica:0/task:0/device:CPU:0,0.0,0.0
_arg_iwZJj0AKHG_0_1284,Placeholder,/job:localhost/replica:0/task:0/device:CPU:0,0.0,0.0
_arg_j4O5baoM9F_0_1289,Placeholder,/job:localhost/replica:0/task:0/device:CPU:0,0.0,0.0
_arg_gJRzilTHfW_0_1208,Placeholder,/job:localhost/replica:0/task:0/device:CPU:0,0.0,0.0
_arg_i3DWS1edLU_0_1263,Placeholder,/job:localhost/replica:0/task:0/device:CPU:0,0.0,0.0
_arg_i7PNwugbQY_0_1266,Placeholder,/job:localhost/replica:0/task:0/device:CPU:0,0.0,0.0
_arg_iL7YGKZIur_0_1273,Placeholder,/job:localhost/replica:0/task:0/device:CPU:0,0.0,0.0
_arg_im0vcf3xPt_0_1281,Placeholder,/job:localhost/replica:0/task:0/device:CPU:0,0.0,0.0
_arg_j0S4zCwEYR_0_1285,Placeholder,/job:localhost/replica:0/task:0/device:CPU:0,0.0,0.0
_arg_j52cTrKLSN_0_1290,Placeholder,/job:localhost/replica:0/task:0/device:CPU:0,0.0,0.0
_arg_jXVoQYFihp_0_1296,Placeholder,/job:localhost/replica:0/task:0/device:CPU:0,0.0,0.0
_arg_gYWGreE6N4_0_1219,Placeholder,/job:localhost/replica:0/task:0/device:CPU:0,0.0,0.0
_arg_gh93otvSZA_0_1224,Placeholder,/job:localhost/replica:0/task:0/device:CPU:0,0.0,0.0
_arg_gt8kBEjc0T_0_1228,Placeholder,/job:localhost/replica:0/task:0/device:CPU:0,0.0,0.0
_arg_invgQ1XVCI_0_1282,Placeholder,/job:localhost/replica:0/task:0/device:CPU:0,0.0,0.0
_arg_j1DnWh8y0G_0_1286,Placeholder,/job:localhost/replica:0/task:0/device:CPU:0,0.0,0.0
_arg_jBRE1SgQMw_0_1291,Placeholder,/job:localhost/replica:0/task:0/device:CPU:0,0.0,0.0
_arg_jYaKGf9BMI_0_1297,Placeholder,/job:localhost/replica:0/task:0/device:CPU:0,0.0,0.0
_arg_jcikzOlXLH_0_1301,Placeholder,/job:localhost/replica:0/task:0/device:CPU:0,0.0,0.0
_arg_jfKTmG6sFn_0_1304,Placeholder,/job:localhost/replica:0/task:0/device:CPU:0,0.0,0.0
_arg_i7mL8TOUIo_0_1267,Placeholder,/job:localhost/replica:0/task:0/device:CPU:0,0.0,0.0
_arg_iIwarv2yun_0_1271,Placeholder,/job:localhost/replica:0/task:0/device:CPU:0,0.0,0.0
_arg_iMblzdr7U5_0_1274,Placeholder,/job:localhost/replica:0/task:0/device:CPU:0,0.0,0.0
_arg_iq96W40ovV_0_1283,Placeholder,/job:localhost/replica:0/task:0/device:CPU:0,0.0,0.0
_arg_j3cZtKxYnr_0_1287,Placeholder,/job:localhost/replica:0/task:0/device:CPU:0,0.0,0.0
_arg_jZnSiaGFxX_0_1298,Placeholder,/job:localhost/replica:0/task:0/device:CPU:0,0.0,0.0
_arg_jdmSxDaOB9_0_1302,Placeholder,/job:localhost/replica:0/task:0/device:CPU:0,0.0,0.0
_arg_jnOlCVwMIA_0_1309,Placeholder,/job:localhost/replica:0/task:0/device:CPU:0,0.0,0.0
_arg_k65GYJztSA_0_1313,Placeholder,/job:localhost/replica:0/task:0/device:CPU:0,0.0,0.0
_arg_iOB9MrpmsL_0_1275,Placeholder,/job:localhost/replica:0/task:0/device:CPU:0,0.0,0.0
_arg_gZqsV0t1wm_0_1220,Placeholder,/job:localhost/replica:0/task:0/device:CPU:0,0.0,0.0
_arg_jhXGNr9UcK_0_1306,Placeholder,/job:localhost/replica:0/task:0/device:CPU:0,0.0,0.0
_arg_jokiY5eWzI_0_1310,Placeholder,/job:localhost/replica:0/task:0/device:CPU:0,0.0,0.0
_arg_iW4xlmVNwJ_0_1279,Placeholder,/job:localhost/replica:0/task:0/device:CPU:0,0.0,0.0
_arg_N9nprabU6t_0_676,Placeholder,/job:localhost/replica:0/task:0/device:CPU:0,0.0,0.0
_arg_NCTS9s5Fqp_0_678,Placeholder,/job:localhost/replica:0/task:0/device:CPU:0,0.0,0.0
_arg_NHCDkMEFvK_0_682,Placeholder,/job:localhost/replica:0/task:0/device:CPU:0,0.0,0.0
_arg_NIEiupTb3l_0_686,Placeholder,/job:localhost/replica:0/task:0/device:CPU:0,0.0,0.0
_arg_NPDuVXav2d_0_690,Placeholder,/job:localhost/replica:0/task:0/device:CPU:0,0.0,0.0
_arg_NX5B9he2kg_0_694,Placeholder,/job:localhost/replica:0/task:0/device:CPU:0,0.0,0.0
_arg_NaR6PVsCLw_0_698,Placeholder,/job:localhost/replica:0/task:0/device:CPU:0,0.0,0.0
_arg_NwpBG1e5UJ_0_706,Placeholder,/job:localhost/replica:0/task:0/device:CPU:0,0.0,0.0
_arg_O2VTvm7adP_0_710,Placeholder,/job:localhost/replica:0/task:0/device:CPU:0,0.0,0.0
_arg_OF4nWEBmVQ_0_718,Placeholder,/job:localhost/replica:0/task:0/device:CPU:0,0.0,0.0
_arg_OFv7ErqsxV_0_719,Placeholder,/job:localhost/replica:0/task:0/device:CPU:0,0.0,0.0
_arg_ON1692mE3B_0_726,Placeholder,/job:localhost/replica:0/task:0/device:CPU:0,0.0,0.0
_arg_OIy980vcNJ_0_722,Placeholder,/job:localhost/replica:0/task:0/device:CPU:0,0.0,0.0
_arg_OUpxCzwr4D_0_730,Placeholder,/job:localhost/replica:0/task:0/device:CPU:0,0.0,0.0
_arg_OJ3uGzeTYN_0_723,Placeholder,/job:localhost/replica:0/task:0/device:CPU:0,0.0,0.0
_arg_O8RsKlbhnX_0_716,Placeholder,/job:localhost/replica:0/task:0/device:CPU:0,0.0,0.0
_arg_OGQhTZglWi_0_720,Placeholder,/job:localhost/replica:0/task:0/device:CPU:0,0.0,0.0
_arg_OvMoncP72S_0_737,Placeholder,/job:localhost/replica:0/task:0/device:CPU:0,0.0,0.0
_arg_Q6j7SBLras_0_772,Placeholder,/job:localhost/replica:0/task:0/device:CPU:0,0.0,0.0
_arg_QAlf3mpVwF_0_776,Placeholder,/job:localhost/replica:0/task:0/device:CPU:0,0.0,0.0
_arg_NY5lm7uhJV_0_695,Placeholder,/job:localhost/replica:0/task:0/device:CPU:0,0.0,0.0
_arg_NnKzUElxAj_0_703,Placeholder,/job:localhost/replica:0/task:0/device:CPU:0,0.0,0.0
_arg_OWHNjs5RiB_0_731,Placeholder,/job:localhost/replica:0/task:0/device:CPU:0,0.0,0.0
_arg_NJkX4OKpHZ_0_687,Placeholder,/job:localhost/replica:0/task:0/device:CPU:0,0.0,0.0
_arg_NRaZo6hqUJ_0_691,Placeholder,/job:localhost/replica:0/task:0/device:CPU:0,0.0,0.0
_arg_OKcNulG9ji_0_724,Placeholder,/job:localhost/replica:0/task:0/device:CPU:0,0.0,0.0
_arg_NbW6rl2Y1L_0_699,Placeholder,/job:localhost/replica:0/task:0/device:CPU:0,0.0,0.0
_arg_OYa1MA346K_0_732,Placeholder,/job:localhost/replica:0/task:0/device:CPU:0,0.0,0.0
_arg_OoqM7vVibe_0_735,Placeholder,/job:localhost/replica:0/task:0/device:CPU:0,0.0,0.0
_arg_NHCzfnbOtL_0_683,Placeholder,/job:localhost/replica:0/task:0/device:CPU:0,0.0,0.0
_arg_NLJCTPUgo7_0_688,Placeholder,/job:localhost/replica:0/task:0/device:CPU:0,0.0,0.0
_arg_PDi9Ml2UQw_0_749,Placeholder,/job:localhost/replica:0/task:0/device:CPU:0,0.0,0.0
_arg_PORanV6LYr_0_753,Placeholder,/job:localhost/replica:0/task:0/device:CPU:0,0.0,0.0
_arg_Nbg4zc9rS7_0_700,Placeholder,/job:localhost/replica:0/task:0/device:CPU:0,0.0,0.0
_arg_NxpMdCtn1e_0_707,Placeholder,/job:localhost/replica:0/task:0/device:CPU:0,0.0,0.0
_arg_O9x2fpln5F_0_717,Placeholder,/job:localhost/replica:0/task:0/device:CPU:0,0.0,0.0
_arg_OGgHLqMPA6_0_721,Placeholder,/job:localhost/replica:0/task:0/device:CPU:0,0.0,0.0
_arg_OM3isU1Vyr_0_725,Placeholder,/job:localhost/replica:0/task:0/device:CPU:0,0.0,0.0
_arg_NVX8sbDkEQ_0_692,Placeholder,/job:localhost/replica:0/task:0/device:CPU:0,0.0,0.0
_arg_NYyn4hgk2G_0_696,Placeholder,/job:localhost/replica:0/task:0/device:CPU:0,0.0,0.0
_arg_OrxFACUWyc_0_736,Placeholder,/job:localhost/replica:0/task:0/device:CPU:0,0.0,0.0
_arg_Nw2bPFKlHG_0_704,Placeholder,/job:localhost/replica:0/task:0/device:CPU:0,0.0,0.0
_arg_O6Lhj9DZUt_0_712,Placeholder,/job:localhost/replica:0/task:0/device:CPU:0,0.0,0.0
_arg_NBJYvS26rL_0_677,Placeholder,/job:localhost/replica:0/task:0/device:CPU:0,0.0,0.0
_arg_NClWp6iBkb_0_679,Placeholder,/job:localhost/replica:0/task:0/device:CPU:0,0.0,0.0
_arg_NHUElynCSY_0_684,Placeholder,/job:localhost/replica:0/task:0/device:CPU:0,0.0,0.0
_arg_OTYGCQvw1i_0_728,Placeholder,/job:localhost/replica:0/task:0/device:CPU:0,0.0,0.0
_arg_Nf2LcYwWur_0_701,Placeholder,/job:localhost/replica:0/task:0/device:CPU:0,0.0,0.0
_arg_P7X5uJezCF_0_743,Placeholder,/job:localhost/replica:0/task:0/device:CPU:0,0.0,0.0
_arg_PC2n8zA4xf_0_745,Placeholder,/job:localhost/replica:0/task:0/device:CPU:0,0.0,0.0
_arg_O6Y5Gsx2pZ_0_713,Placeholder,/job:localhost/replica:0/task:0/device:CPU:0,0.0,0.0
_arg_Qp8HUKEguM_0_789,Placeholder,/job:localhost/replica:0/task:0/device:CPU:0,0.0,0.0
_arg_QyMWaHJ63x_0_793,Placeholder,/job:localhost/replica:0/task:0/device:CPU:0,0.0,0.0
_arg_Pki0g1obGs_0_761,Placeholder,/job:localhost/replica:0/task:0/device:CPU:0,0.0,0.0
_arg_NMDJ3fmxva_0_689,Placeholder,/job:localhost/replica:0/task:0/device:CPU:0,0.0,0.0
_arg_NWxG6EbRoD_0_693,Placeholder,/job:localhost/replica:0/task:0/device:CPU:0,0.0,0.0
_arg_PAYQ7FtTKo_0_744,Placeholder,/job:localhost/replica:0/task:0/device:CPU:0,0.0,0.0
_arg_PQorv8GHOK_0_754,Placeholder,/job:localhost/replica:0/task:0/device:CPU:0,0.0,0.0
_arg_R3Shlnqiya_0_796,Placeholder,/job:localhost/replica:0/task:0/device:CPU:0,0.0,0.0
_arg_PlAL43TBU1_0_762,Placeholder,/job:localhost/replica:0/task:0/device:CPU:0,0.0,0.0
_arg_PrBCFEpneA_0_766,Placeholder,/job:localhost/replica:0/task:0/device:CPU:0,0.0,0.0
_arg_NFQJftYTHM_0_680,Placeholder,/job:localhost/replica:0/task:0/device:CPU:0,0.0,0.0
_arg_Q6oes2CJ3K_0_773,Placeholder,/job:localhost/replica:0/task:0/device:CPU:0,0.0,0.0
_arg_P0MpEw3xbm_0_740,Placeholder,/job:localhost/replica:0/task:0/device:CPU:0,0.0,0.0
_arg_QhH8UI971p_0_786,Placeholder,/job:localhost/replica:0/task:0/device:CPU:0,0.0,0.0
_arg_QtIlyobTgf_0_790,Placeholder,/job:localhost/replica:0/task:0/device:CPU:0,0.0,0.0
_arg_PFp61KXSMG_0_750,Placeholder,/job:localhost/replica:0/task:0/device:CPU:0,0.0,0.0
_arg_O1uUQdLalE_0_709,Placeholder,/job:localhost/replica:0/task:0/device:CPU:0,0.0,0.0
_arg_REXBkxtonM_0_801,Placeholder,/job:localhost/replica:0/task:0/device:CPU:0,0.0,0.0
_arg_PsDEUb83eI_0_767,Placeholder,/job:localhost/replica:0/task:0/device:CPU:0,0.0,0.0
_arg_PtVANgnz1E_0_769,Placeholder,/job:localhost/replica:0/task:0/device:CPU:0,0.0,0.0
_arg_QuKTxA1S0v_0_791,Placeholder,/job:localhost/replica:0/task:0/device:CPU:0,0.0,0.0
_arg_PCRlqjIzu7_0_747,Placeholder,/job:localhost/replica:0/task:0/device:CPU:0,0.0,0.0
_arg_PdXFYTifmu_0_757,Placeholder,/job:localhost/replica:0/task:0/device:CPU:0,0.0,0.0
_arg_PobTLsY1Qt_0_764,Placeholder,/job:localhost/replica:0/task:0/device:CPU:0,0.0,0.0
_arg_PtMqnhixN0_0_768,Placeholder,/job:localhost/replica:0/task:0/device:CPU:0,0.0,0.0
_arg_PwN6MYdhR5_0_770,Placeholder,/job:localhost/replica:0/task:0/device:CPU:0,0.0,0.0
_arg_QBl1ADkVUu_0_778,Placeholder,/job:localhost/replica:0/task:0/device:CPU:0,0.0,0.0
_arg_QnoOa42kIh_0_788,Placeholder,/job:localhost/replica:0/task:0/device:CPU:0,0.0,0.0
_arg_QumLqCW71p_0_792,Placeholder,/job:localhost/replica:0/task:0/device:CPU:0,0.0,0.0
_arg_QzIadq1x0r_0_794,Placeholder,/job:localhost/replica:0/task:0/device:CPU:0,0.0,0.0
_arg_R9eTmyQiEj_0_798,Placeholder,/job:localhost/replica:0/task:0/device:CPU:0,0.0,0.0
_arg_PT1mOJajA7_0_755,Placeholder,/job:localhost/replica:0/task:0/device:CPU:0,0.0,0.0
_arg_PeNU9YJrF8_0_758,Placeholder,/job:localhost/replica:0/task:0/device:CPU:0,0.0,0.0
_arg_PzrAGp1sBM_0_771,Placeholder,/job:localhost/replica:0/task:0/device:CPU:0,0.0,0.0
_arg_QSLX1cZOwx_0_782,Placeholder,/job:localhost/replica:0/task:0/device:CPU:0,0.0,0.0
_arg_R2wSFgkJON_0_795,Placeholder,/job:localhost/replica:0/task:0/device:CPU:0,0.0,0.0
_arg_RBXjZTIn0V_0_799,Placeholder,/job:localhost/replica:0/task:0/device:CPU:0,0.0,0.0
_arg_Pcd1xarBUh_0_756,Placeholder,/job:localhost/replica:0/task:0/device:CPU:0,0.0,0.0
_arg_QHrsaZN6jW_0_780,Placeholder,/job:localhost/replica:0/task:0/device:CPU:0,0.0,0.0
_arg_QdtKpr5J0F_0_783,Placeholder,/job:localhost/replica:0/task:0/device:CPU:0,0.0,0.0
_arg_RFlSPpcyC9_0_803,Placeholder,/job:localhost/replica:0/task:0/device:CPU:0,0.0,0.0
_arg_PDfgUBKVj4_0_748,Placeholder,/job:localhost/replica:0/task:0/device:CPU:0,0.0,0.0
_arg_PiyS7cUkhl_0_760,Placeholder,/job:localhost/replica:0/task:0/device:CPU:0,0.0,0.0
_arg_QfMTkrv7PX_0_784,Placeholder,/job:localhost/replica:0/task:0/device:CPU:0,0.0,0.0
_arg_WDV6pG2cFo_0_936,Placeholder,/job:localhost/replica:0/task:0/device:CPU:0,0.0,0.0
_arg_WFhfzcTPI3_0_940,Placeholder,/job:localhost/replica:0/task:0/device:CPU:0,0.0,0.0
_arg_WL8c2IGCVD_0_944,Placeholder,/job:localhost/replica:0/task:0/device:CPU:0,0.0,0.0
_arg_WXTo4b7u5V_0_948,Placeholder,/job:localhost/replica:0/task:0/device:CPU:0,0.0,0.0
_arg_WXcMyiS1Ga_0_949,Placeholder,/job:localhost/replica:0/task:0/device:CPU:0,0.0,0.0
_arg_WR38b2NqlI_0_945,Placeholder,/job:localhost/replica:0/task:0/device:CPU:0,0.0,0.0
_arg_WIRed1f6Pg_0_941,Placeholder,/job:localhost/replica:0/task:0/device:CPU:0,0.0,0.0
_arg_X3rjUVvigy_0_967,Placeholder,/job:localhost/replica:0/task:0/device:CPU:0,0.0,0.0
_arg_XJaC3lMEfm_0_971,Placeholder,/job:localhost/replica:0/task:0/device:CPU:0,0.0,0.0
_arg_XOhTL2q3r8_0_975,Placeholder,/job:localhost/replica:0/task:0/device:CPU:0,0.0,0.0
_arg_XOshZSK3rN_0_976,Placeholder,/job:localhost/replica:0/task:0/device:CPU:0,0.0,0.0
_arg_Xp70zRyIkg_0_983,Placeholder,/job:localhost/replica:0/task:0/device:CPU:0,0.0,0.0
_arg_XwqsBFy8Db_0_984,Placeholder,/job:localhost/replica:0/task:0/device:CPU:0,0.0,0.0
_arg_XU29by8cRH_0_979,Placeholder,/job:localhost/replica:0/task:0/device:CPU:0,0.0,0.0
_arg_XK1krzSWvJ_0_972,Placeholder,/job:localhost/replica:0/task:0/device:CPU:0,0.0,0.0
_arg_Ww0Ly7FfiV_0_960,Placeholder,/job:localhost/replica:0/task:0/device:CPU:0,0.0,0.0
_arg_YBKIPJd2yS_0_991,Placeholder,/job:localhost/replica:0/task:0/device:CPU:0,0.0,0.0
_arg_YgHtqcj6iS_0_1007,Placeholder,/job:localhost/replica:0/task:0/device:CPU:0,0.0,0.0
_arg_YoAIm9COqc_0_1011,Placeholder,/job:localhost/replica:0/task:0/device:CPU:0,0.0,0.0
_arg_WtM5hSwPQz_0_956,Placeholder,/job:localhost/replica:0/task:0/device:CPU:0,0.0,0.0
_arg_XZGOHflQkx_0_980,Placeholder,/job:localhost/replica:0/task:0/device:CPU:0,0.0,0.0
_arg_WR5L8AOGNS_0_946,Placeholder,/job:localhost/replica:0/task:0/device:CPU:0,0.0,0.0
_arg_WckITdR84p_0_950,Placeholder,/job:localhost/replica:0/task:0/device:CPU:0,0.0,0.0
_arg_XyVozDjFwU_0_985,Placeholder,/job:localhost/replica:0/task:0/device:CPU:0,0.0,0.0
_arg_Y1T6siQXbu_0_987,Placeholder,/job:localhost/replica:0/task:0/device:CPU:0,0.0,0.0
_arg_X5aLBVIQFg_0_968,Placeholder,/job:localhost/replica:0/task:0/device:CPU:0,0.0,0.0
_arg_XMW8YGeTAp_0_973,Placeholder,/job:localhost/replica:0/task:0/device:CPU:0,0.0,0.0
_arg_WisvdHZ5xk_0_951,Placeholder,/job:localhost/replica:0/task:0/device:CPU:0,0.0,0.0
_arg_YZ3iP7hqxI_0_1003,Placeholder,/job:localhost/replica:0/task:0/device:CPU:0,0.0,0.0
_arg_YgT2iyBWbo_0_1008,Placeholder,/job:localhost/replica:0/task:0/device:CPU:0,0.0,0.0
_arg_YomaQHMLAb_0_1012,Placeholder,/job:localhost/replica:0/task:0/device:CPU:0,0.0,0.0
_arg_YDMhotLsva_0_992,Placeholder,/job:localhost/replica:0/task:0/device:CPU:0,0.0,0.0
_arg_WE9cBgxvXu_0_938,Placeholder,/job:localhost/replica:0/task:0/device:CPU:0,0.0,0.0
_arg_WITt3p5xdh_0_942,Placeholder,/job:localhost/replica:0/task:0/device:CPU:0,0.0,0.0
_arg_WSXbAzTalt_0_947,Placeholder,/job:localhost/replica:0/task:0/device:CPU:0,0.0,0.0
_arg_Wr4QcNHAKy_0_953,Placeholder,/job:localhost/replica:0/task:0/device:CPU:0,0.0,0.0
_arg_WuoTd4qfDm_0_957,Placeholder,/job:localhost/replica:0/task:0/device:CPU:0,0.0,0.0
_arg_W8RkOV9KCL_0_933,Placeholder,/job:localhost/replica:0/task:0/device:CPU:0,0.0,0.0
_arg_XO6fhP2ozD_0_974,Placeholder,/job:localhost/replica:0/task:0/device:CPU:0,0.0,0.0
_arg_XTGeSQoFRu_0_978,Placeholder,/job:localhost/replica:0/task:0/device:CPU:0,0.0,0.0
_arg_Yt02olD5y4_0_1013,Placeholder,/job:localhost/replica:0/task:0/device:CPU:0,0.0,0.0
_arg_XzZFhvBwp6_0_986,Placeholder,/job:localhost/replica:0/task:0/device:CPU:0,0.0,0.0
_arg_YGDnWadu3o_0_993,Placeholder,/job:localhost/replica:0/task:0/device:CPU:0,0.0,0.0
_arg_YNXxUWVml5_0_995,Placeholder,/job:localhost/replica:0/task:0/device:CPU:0,0.0,0.0
_arg_YRQMiy8NbT_0_999,Placeholder,/job:localhost/replica:0/task:0/device:CPU:0,0.0,0.0
_arg_XAK1Gf8ktl_0_969,Placeholder,/job:localhost/replica:0/task:0/device:CPU:0,0.0,0.0
_arg_YipsWDzZ6m_0_1009,Placeholder,/job:localhost/replica:0/task:0/device:CPU:0,0.0,0.0
_arg_WESLI9n50Q_0_939,Placeholder,/job:localhost/replica:0/task:0/device:CPU:0,0.0,0.0
_arg_Yzt0TQ39K2_0_1016,Placeholder,/job:localhost/replica:0/task:0/device:CPU:0,0.0,0.0
_arg_Z3JGEyWwrF_0_1019,Placeholder,/job:localhost/replica:0/task:0/device:CPU:0,0.0,0.0
_arg_WvcZHg0tTj_0_958,Placeholder,/job:localhost/replica:0/task:0/device:CPU:0,0.0,0.0
_arg_ZOUVNbWfEe_0_1034,Placeholder,/job:localhost/replica:0/task:0/device:CPU:0,0.0,0.0
_arg_YaXFrjknvG_0_1004,Placeholder,/job:localhost/replica:0/task:0/device:CPU:0,0.0,0.0
_arg_XGPeKtmQ89_0_970,Placeholder,/job:localhost/replica:0/task:0/device:CPU:0,0.0,0.0
_arg_YtTmy30vdr_0_1014,Placeholder,/job:localhost/replica:0/task:0/device:CPU:0,0.0,0.0
_arg_XmfSGzW1ek_0_982,Placeholder,/job:localhost/replica:0/task:0/device:CPU:0,0.0,0.0
_arg_WJf26aAS19_0_943,Placeholder,/job:localhost/replica:0/task:0/device:CPU:0,0.0,0.0
_arg_Y9bSeuPOal_0_990,Placeholder,/job:localhost/replica:0/task:0/device:CPU:0,0.0,0.0
_arg_YHeSJ8vkRh_0_994,Placeholder,/job:localhost/replica:0/task:0/device:CPU:0,0.0,0.0
_arg_YPltCSJMxI_0_996,Placeholder,/job:localhost/replica:0/task:0/device:CPU:0,0.0,0.0
_arg_ZavkiF1OjW_0_1038,Placeholder,/job:localhost/replica:0/task:0/device:CPU:0,0.0,0.0
_arg_X0Z1qk3gRz_0_965,Placeholder,/job:localhost/replica:0/task:0/device:CPU:0,0.0,0.0
_arg_Z4s3tXhWFa_0_1020,Placeholder,/job:localhost/replica:0/task:0/device:CPU:0,0.0,0.0
_arg_ZAT6LDvKO4_0_1023,Placeholder,/job:localhost/replica:0/task:0/device:CPU:0,0.0,0.0
_arg_ZCJQ9ac2qM_0_1027,Placeholder,/job:localhost/replica:0/task:0/device:CPU:0,0.0,0.0
_arg_ZPyes5GpMl_0_1035,Placeholder,/job:localhost/replica:0/task:0/device:CPU:0,0.0,0.0
_arg_YRj5U9GBNS_0_1000,Placeholder,/job:localhost/replica:0/task:0/device:CPU:0,0.0,0.0
_arg_YkjBwSPbFd_0_1010,Placeholder,/job:localhost/replica:0/task:0/device:CPU:0,0.0,0.0
_arg_Z20Ncil8kT_0_1018,Placeholder,/job:localhost/replica:0/task:0/device:CPU:0,0.0,0.0
_arg_Z5VnAG8txN_0_1021,Placeholder,/job:localhost/replica:0/task:0/device:CPU:0,0.0,0.0
_arg_ZAdO26t9Mv_0_1024,Placeholder,/job:localhost/replica:0/task:0/device:CPU:0,0.0,0.0
_arg_ZFlhpR91v3_0_1028,Placeholder,/job:localhost/replica:0/task:0/device:CPU:0,0.0,0.0
_arg_ZgAQfxyaD3_0_1040,Placeholder,/job:localhost/replica:0/task:0/device:CPU:0,0.0,0.0
_arg_YUcsNgDBR1_0_1001,Placeholder,/job:localhost/replica:0/task:0/device:CPU:0,0.0,0.0
_arg_WsG6JYHoeU_0_955,Placeholder,/job:localhost/replica:0/task:0/device:CPU:0,0.0,0.0
_arg_aJtu5on9A6_0_1058,Placeholder,/job:localhost/replica:0/task:0/device:CPU:0,0.0,0.0
_arg_X32whbfpni_0_966,Placeholder,/job:localhost/replica:0/task:0/device:CPU:0,0.0,0.0
_arg_Z5tg1cPvVF_0_1022,Placeholder,/job:localhost/replica:0/task:0/device:CPU:0,0.0,0.0
_arg_ZAfcwyTFk7_0_1025,Placeholder,/job:localhost/replica:0/task:0/device:CPU:0,0.0,0.0
_arg_ZG48wkpTIR_0_1029,Placeholder,/job:localhost/replica:0/task:0/device:CPU:0,0.0,0.0
_arg_ZHdmRzAWQl_0_1031,Placeholder,/job:localhost/replica:0/task:0/device:CPU:0,0.0,0.0
_arg_ZV6SqcNeU3_0_1037,Placeholder,/job:localhost/replica:0/task:0/device:CPU:0,0.0,0.0
_arg_ZhgNVAKW5v_0_1041,Placeholder,/job:localhost/replica:0/task:0/device:CPU:0,0.0,0.0
_arg_Yf6j1Cs7cQ_0_1006,Placeholder,/job:localhost/replica:0/task:0/device:CPU:0,0.0,0.0
_arg_aM8rFSLz9e_0_1059,Placeholder,/job:localhost/replica:0/task:0/device:CPU:0,0.0,0.0
_arg_ZBgTe1XjDs_0_1026,Placeholder,/job:localhost/replica:0/task:0/device:CPU:0,0.0,0.0
_arg_ZJp0cEIRXj_0_1032,Placeholder,/job:localhost/replica:0/task:0/device:CPU:0,0.0,0.0
_arg_Zq0B6JGsUK_0_1044,Placeholder,/job:localhost/replica:0/task:0/device:CPU:0,0.0,0.0
_arg_ZtVW1TsxBH_0_1046,Placeholder,/job:localhost/replica:0/task:0/device:CPU:0,0.0,0.0
_arg_YRL7jBdpbV_0_998,Placeholder,/job:localhost/replica:0/task:0/device:CPU:0,0.0,0.0
_arg_aAqYzZVG2x_0_1055,Placeholder,/job:localhost/replica:0/task:0/device:CPU:0,0.0,0.0
_arg_WkJaHQZN3C_0_952,Placeholder,/job:localhost/replica:0/task:0/device:CPU:0,0.0,0.0
_arg_ZqXGLEHcz1_0_1045,Placeholder,/job:localhost/replica:0/task:0/device:CPU:0,0.0,0.0
_arg_ZwDR5tem7c_0_1047,Placeholder,/job:localhost/replica:0/task:0/device:CPU:0,0.0,0.0
_arg_a7vgmHbUlr_0_1052,Placeholder,/job:localhost/replica:0/task:0/device:CPU:0,0.0,0.0
_arg_aJZFKqA47E_0_1057,Placeholder,/job:localhost/replica:0/task:0/device:CPU:0,0.0,0.0
_arg_a8BieTgkSR_0_1053,Placeholder,/job:localhost/replica:0/task:0/device:CPU:0,0.0,0.0
_arg_Ih6F1W5qQ9_0_548,Placeholder,/job:localhost/replica:0/task:0/device:CPU:0,0.0,0.0
_arg_Ioynb1i3eC_0_552,Placeholder,/job:localhost/replica:0/task:0/device:CPU:0,0.0,0.0
_arg_J4IKWC05v8_0_556,Placeholder,/job:localhost/replica:0/task:0/device:CPU:0,0.0,0.0
_arg_J74eVKz3Wt_0_560,Placeholder,/job:localhost/replica:0/task:0/device:CPU:0,0.0,0.0
_arg_JGcihDLbB9_0_564,Placeholder,/job:localhost/replica:0/task:0/device:CPU:0,0.0,0.0
_arg_JM8wSIKDVZ_0_568,Placeholder,/job:localhost/replica:0/task:0/device:CPU:0,0.0,0.0
_arg_JUqF6uNoIA_0_572,Placeholder,/job:localhost/replica:0/task:0/device:CPU:0,0.0,0.0
_arg_JdVDnMKp06_0_577,Placeholder,/job:localhost/replica:0/task:0/device:CPU:0,0.0,0.0
_arg_JWNpQGX24d_0_573,Placeholder,/job:localhost/replica:0/task:0/device:CPU:0,0.0,0.0
_arg_JpAQMIaGys_0_580,Placeholder,/job:localhost/replica:0/task:0/device:CPU:0,0.0,0.0
_arg_KYXBTnaH8b_0_595,Placeholder,/job:localhost/replica:0/task:0/device:CPU:0,0.0,0.0
_arg_K8PkGoaZlb_0_587,Placeholder,/job:localhost/replica:0/task:0/device:CPU:0,0.0,0.0
_arg_Kgd65VRz8U_0_599,Placeholder,/job:localhost/replica:0/task:0/device:CPU:0,0.0,0.0
_arg_JX3Fv8OphG_0_574,Placeholder,/job:localhost/replica:0/task:0/device:CPU:0,0.0,0.0
_arg_JvkPXZwO1F_0_581,Placeholder,/job:localhost/replica:0/task:0/device:CPU:0,0.0,0.0
_arg_JGg7YtV63R_0_565,Placeholder,/job:localhost/replica:0/task:0/device:CPU:0,0.0,0.0
_arg_K8kEhlCDgp_0_588,Placeholder,/job:localhost/replica:0/task:0/device:CPU:0,0.0,0.0
_arg_Kaz6hCITG0_0_596,Placeholder,/job:localhost/replica:0/task:0/device:CPU:0,0.0,0.0
_arg_Kj1q2fHh3C_0_600,Placeholder,/job:localhost/replica:0/task:0/device:CPU:0,0.0,0.0
_arg_K7Y1yQ9gZ4_0_585,Placeholder,/job:localhost/replica:0/task:0/device:CPU:0,0.0,0.0
_arg_JHBa2PNOk6_0_566,Placeholder,/job:localhost/replica:0/task:0/device:CPU:0,0.0,0.0
_arg_JRhfF79kea_0_570,Placeholder,/job:localhost/replica:0/task:0/device:CPU:0,0.0,0.0
_arg_JYcebGDIdw_0_575,Placeholder,/job:localhost/replica:0/task:0/device:CPU:0,0.0,0.0
_arg_JnkaMAmPsV_0_579,Placeholder,/job:localhost/replica:0/task:0/device:CPU:0,0.0,0.0
_arg_KsXdUMNFo0_0_603,Placeholder,/job:localhost/replica:0/task:0/device:CPU:0,0.0,0.0
_arg_J4cWFbNulO_0_557,Placeholder,/job:localhost/replica:0/task:0/device:CPU:0,0.0,0.0
_arg_J9IO8PhY73_0_561,Placeholder,/job:localhost/replica:0/task:0/device:CPU:0,0.0,0.0
_arg_KdBIrNchS2_0_597,Placeholder,/job:localhost/replica:0/task:0/device:CPU:0,0.0,0.0
_arg_KjtYgsklMV_0_601,Placeholder,/job:localhost/replica:0/task:0/device:CPU:0,0.0,0.0
_arg_Kw0Irx465P_0_604,Placeholder,/job:localhost/replica:0/task:0/device:CPU:0,0.0,0.0
_arg_Jx89XTAHdN_0_582,Placeholder,/job:localhost/replica:0/task:0/device:CPU:0,0.0,0.0
_arg_K84mPcIpZU_0_586,Placeholder,/job:localhost/replica:0/task:0/device:CPU:0,0.0,0.0
_arg_KN8unhbzeL_0_589,Placeholder,/job:localhost/replica:0/task:0/device:CPU:0,0.0,0.0
_arg_KXCOQfolG4_0_593,Placeholder,/job:localhost/replica:0/task:0/device:CPU:0,0.0,0.0
_arg_MfXGJNch3D_0_666,Placeholder,/job:localhost/replica:0/task:0/device:CPU:0,0.0,0.0
_arg_KpmiwZnhyx_0_602,Placeholder,/job:localhost/replica:0/task:0/device:CPU:0,0.0,0.0
_arg_MTey6q7Jix_0_654,Placeholder,/job:localhost/replica:0/task:0/device:CPU:0,0.0,0.0
_arg_LCQTDPiy60_0_607,Placeholder,/job:localhost/replica:0/task:0/device:CPU:0,0.0,0.0
_arg_LJlowN2OAs_0_611,Placeholder,/job:localhost/replica:0/task:0/device:CPU:0,0.0,0.0
_arg_Lc7Ywigoet_0_623,Placeholder,/job:localhost/replica:0/task:0/device:CPU:0,0.0,0.0
_arg_MWRfTJuNbV_0_658,Placeholder,/job:localhost/replica:0/task:0/device:CPU:0,0.0,0.0
_arg_Kyik69nVLJ_0_605,Placeholder,/job:localhost/replica:0/task:0/device:CPU:0,0.0,0.0
_arg_LROgXkteq3_0_615,Placeholder,/job:localhost/replica:0/task:0/device:CPU:0,0.0,0.0
_arg_LXa29HM7mO_0_619,Placeholder,/job:localhost/replica:0/task:0/device:CPU:0,0.0,0.0
_arg_LoUtxG3Cvf_0_631,Placeholder,/job:localhost/replica:0/task:0/device:CPU:0,0.0,0.0
_arg_MkntNgIdSo_0_667,Placeholder,/job:localhost/replica:0/task:0/device:CPU:0,0.0,0.0
_arg_LO68VkIeju_0_613,Placeholder,/job:localhost/replica:0/task:0/device:CPU:0,0.0,0.0
_arg_LS7kDb1xIc_0_616,Placeholder,/job:localhost/replica:0/task:0/device:CPU:0,0.0,0.0
_arg_K4qowciDz2_0_583,Placeholder,/job:localhost/replica:0/task:0/device:CPU:0,0.0,0.0
_arg_MWtesvgla0_0_659,Placeholder,/job:localhost/replica:0/task:0/device:CPU:0,0.0,0.0
_arg_LoWQgUivM8_0_632,Placeholder,/job:localhost/replica:0/task:0/device:CPU:0,0.0,0.0
_arg_KfkcCUAOZT_0_598,Placeholder,/job:localhost/replica:0/task:0/device:CPU:0,0.0,0.0
_arg_J4jVsktlIF_0_558,Placeholder,/job:localhost/replica:0/task:0/device:CPU:0,0.0,0.0
_arg_JFaZ4IidNn_0_563,Placeholder,/job:localhost/replica:0/task:0/device:CPU:0,0.0,0.0
_arg_JLiG9KVle8_0_567,Placeholder,/job:localhost/replica:0/task:0/device:CPU:0,0.0,0.0
_arg_LeiEQAVwNh_0_624,Placeholder,/job:localhost/replica:0/task:0/device:CPU:0,0.0,0.0
_arg_LkaD1dNxIB_0_627,Placeholder,/job:localhost/replica:0/task:0/device:CPU:0,0.0,0.0
_arg_KYEIvFfmGo_0_594,Placeholder,/job:localhost/replica:0/task:0/device:CPU:0,0.0,0.0
_arg_ImtyCnfVkB_0_551,Placeholder,/job:localhost/replica:0/task:0/device:CPU:0,0.0,0.0
_arg_J64r9DypXz_0_559,Placeholder,/job:localhost/replica:0/task:0/device:CPU:0,0.0,0.0
_arg_LGAOQbzZ7U_0_609,Placeholder,/job:localhost/replica:0/task:0/device:CPU:0,0.0,0.0
_arg_MUgRuh95Wr_0_656,Placeholder,/job:localhost/replica:0/task:0/device:CPU:0,0.0,0.0
_arg_LUsl4BD1fr_0_617,Placeholder,/job:localhost/replica:0/task:0/device:CPU:0,0.0,0.0
_arg_LacBM7jYQf_0_621,Placeholder,/job:localhost/replica:0/task:0/device:CPU:0,0.0,0.0
_arg_LkqdgrtMiA_0_628,Placeholder,/job:localhost/replica:0/task:0/device:CPU:0,0.0,0.0
_arg_N8HIakUYxE_0_674,Placeholder,/job:localhost/replica:0/task:0/device:CPU:0,0.0,0.0
_arg_LqXm4wcMoT_0_635,Placeholder,/job:localhost/replica:0/task:0/device:CPU:0,0.0,0.0
_arg_M3pbQFoXg9_0_639,Placeholder,/job:localhost/replica:0/task:0/device:CPU:0,0.0,0.0
_arg_MJPof12Ydb_0_647,Placeholder,/job:localhost/replica:0/task:0/device:CPU:0,0.0,0.0
_arg_IvgQfjCSwd_0_555,Placeholder,/job:localhost/replica:0/task:0/device:CPU:0,0.0,0.0
_arg_MXAiJO3dsV_0_660,Placeholder,/job:localhost/replica:0/task:0/device:CPU:0,0.0,0.0
_arg_MmDxGF7thq_0_669,Placeholder,/job:localhost/replica:0/task:0/device:CPU:0,0.0,0.0
_arg_LeyxHg2s95_0_625,Placeholder,/job:localhost/replica:0/task:0/device:CPU:0,0.0,0.0
_arg_LlUKYR3auB_0_629,Placeholder,/job:localhost/replica:0/task:0/device:CPU:0,0.0,0.0
_arg_LpyZ4xsCHu_0_634,Placeholder,/job:localhost/replica:0/task:0/device:CPU:0,0.0,0.0
_arg_Lw6ciRUX4Y_0_636,Placeholder,/job:localhost/replica:0/task:0/device:CPU:0,0.0,0.0
_arg_MDbgX9hZ4L_0_644,Placeholder,/job:localhost/replica:0/task:0/device:CPU:0,0.0,0.0
_arg_MKPAaWrjD2_0_648,Placeholder,/job:localhost/replica:0/task:0/device:CPU:0,0.0,0.0
_arg_MNQUIPudhx_0_652,Placeholder,/job:localhost/replica:0/task:0/device:CPU:0,0.0,0.0
_arg_MV8Lq2zPf6_0_657,Placeholder,/job:localhost/replica:0/task:0/device:CPU:0,0.0,0.0
_arg_MaWuE9OF5n_0_661,Placeholder,/job:localhost/replica:0/task:0/device:CPU:0,0.0,0.0
_arg_LPXHC5migz_0_614,Placeholder,/job:localhost/replica:0/task:0/device:CPU:0,0.0,0.0
_arg_LiodVpQGWZ_0_626,Placeholder,/job:localhost/replica:0/task:0/device:CPU:0,0.0,0.0
_arg_LmokuAcIz8_0_630,Placeholder,/job:localhost/replica:0/task:0/device:CPU:0,0.0,0.0
_arg_Lxt0S8WzJN_0_637,Placeholder,/job:localhost/replica:0/task:0/device:CPU:0,0.0,0.0
_arg_MArOuFpnke_0_641,Placeholder,/job:localhost/replica:0/task:0/device:CPU:0,0.0,0.0
_arg_MDnRoyukJl_0_645,Placeholder,/job:localhost/replica:0/task:0/device:CPU:0,0.0,0.0
_arg_MLtk5hRi29_0_649,Placeholder,/job:localhost/replica:0/task:0/device:CPU:0,0.0,0.0
_arg_Me2jqpDXzw_0_664,Placeholder,/job:localhost/replica:0/task:0/device:CPU:0,0.0,0.0
_arg_MtKayEVOxT_0_671,Placeholder,/job:localhost/replica:0/task:0/device:CPU:0,0.0,0.0
_arg_M1vWufoBTV_0_638,Placeholder,/job:localhost/replica:0/task:0/device:CPU:0,0.0,0.0
_arg_MGKBrORNnY_0_646,Placeholder,/job:localhost/replica:0/task:0/device:CPU:0,0.0,0.0
_arg_Mesm3PYy1E_0_665,Placeholder,/job:localhost/replica:0/task:0/device:CPU:0,0.0,0.0
_arg_MvRlY62une_0_672,Placeholder,/job:localhost/replica:0/task:0/device:CPU:0,0.0,0.0
_arg_N9ZyLHvQTw_0_675,Placeholder,/job:localhost/replica:0/task:0/device:CPU:0,0.0,0.0
_arg_aO9f5N4J2R_0_1060,Placeholder,/job:localhost/replica:0/task:0/device:CPU:0,0.0,0.0
_arg_aYuIAZrt6T_0_1063,Placeholder,/job:localhost/replica:0/task:0/device:CPU:0,0.0,0.0
_arg_adskXgIP8C_0_1064,Placeholder,/job:localhost/replica:0/task:0/device:CPU:0,0.0,0.0
_arg_aqA7hNs63m_0_1067,Placeholder,/job:localhost/replica:0/task:0/device:CPU:0,0.0,0.0
_arg_aWv9TNuGH3_0_1062,Placeholder,/job:localhost/replica:0/task:0/device:CPU:0,0.0,0.0
_arg_av6yPLtwGl_0_1068,Placeholder,/job:localhost/replica:0/task:0/device:CPU:0,0.0,0.0
_arg_b0OYuh25R7_0_1071,Placeholder,/job:localhost/replica:0/task:0/device:CPU:0,0.0,0.0
_arg_axV3rlAqQK_0_1069,Placeholder,/job:localhost/replica:0/task:0/device:CPU:0,0.0,0.0
_arg_Myc27gJe5v_0_673,Placeholder,/job:localhost/replica:0/task:0/device:CPU:0,0.0,0.0
_arg_bJgRISc9nT_0_1079,Placeholder,/job:localhost/replica:0/task:0/device:CPU:0,0.0,0.0
_arg_bUmQjP75iL_0_1083,Placeholder,/job:localhost/replica:0/task:0/device:CPU:0,0.0,0.0
_arg_bolaB2uvq1_0_1091,Placeholder,/job:localhost/replica:0/task:0/device:CPU:0,0.0,0.0
_arg_bDp4AqduRa_0_1076,Placeholder,/job:localhost/replica:0/task:0/device:CPU:0,0.0,0.0
_arg_c1VYyg6Woe_0_1099,Placeholder,/job:localhost/replica:0/task:0/device:CPU:0,0.0,0.0
_arg_c4zAxVX801_0_1102,Placeholder,/job:localhost/replica:0/task:0/device:CPU:0,0.0,0.0
_arg_cL7Ee65qPw_0_1110,Placeholder,/job:localhost/replica:0/task:0/device:CPU:0,0.0,0.0
_arg_b2LqEOm4T9_0_1072,Placeholder,/job:localhost/replica:0/task:0/device:CPU:0,0.0,0.0
_arg_dCrgtFUz3x_0_1130,Placeholder,/job:localhost/replica:0/task:0/device:CPU:0,0.0,0.0
_arg_cSlzbkMI9C_0_1114,Placeholder,/job:localhost/replica:0/task:0/device:CPU:0,0.0,0.0
_arg_btFxAlW7ZO_0_1095,Placeholder,/job:localhost/replica:0/task:0/device:CPU:0,0.0,0.0
_arg_b3sNxn58Yo_0_1073,Placeholder,/job:localhost/replica:0/task:0/device:CPU:0,0.0,0.0
_arg_c5rP19ANqF_0_1103,Placeholder,/job:localhost/replica:0/task:0/device:CPU:0,0.0,0.0
_arg_dTYzMDBpnX_0_1134,Placeholder,/job:localhost/replica:0/task:0/device:CPU:0,0.0,0.0
_arg_dcG9vt6Q5s_0_1138,Placeholder,/job:localhost/replica:0/task:0/device:CPU:0,0.0,0.0
_arg_bpusA2itVT_0_1092,Placeholder,/job:localhost/replica:0/task:0/device:CPU:0,0.0,0.0
_arg_co0J6aj8OE_0_1123,Placeholder,/job:localhost/replica:0/task:0/device:CPU:0,0.0,0.0
_arg_c40K85MuHr_0_1101,Placeholder,/job:localhost/replica:0/task:0/device:CPU:0,0.0,0.0
_arg_cNFGeAzvHj_0_1111,Placeholder,/job:localhost/replica:0/task:0/device:CPU:0,0.0,0.0
_arg_cUOsy7aP2X_0_1115,Placeholder,/job:localhost/replica:0/task:0/device:CPU:0,0.0,0.0
_arg_cbTDX1Qyvg_0_1118,Placeholder,/job:localhost/replica:0/task:0/device:CPU:0,0.0,0.0
_arg_busUinBwT2_0_1096,Placeholder,/job:localhost/replica:0/task:0/device:CPU:0,0.0,0.0
_arg_dGNzLT301Q_0_1131,Placeholder,/job:localhost/replica:0/task:0/device:CPU:0,0.0,0.0
_arg_fCPWvLQ7Gr_0_1185,Placeholder,/job:localhost/replica:0/task:0/device:CPU:0,0.0,0.0
_arg_b7g9Lh0HnG_0_1074,Placeholder,/job:localhost/replica:0/task:0/device:CPU:0,0.0,0.0
_arg_dnDzEbLCqp_0_1143,Placeholder,/job:localhost/replica:0/task:0/device:CPU:0,0.0,0.0
_arg_bKxU8RBwI0_0_1080,Placeholder,/job:localhost/replica:0/task:0/device:CPU:0,0.0,0.0
_arg_e5ZzWVQwBM_0_1150,Placeholder,/job:localhost/replica:0/task:0/device:CPU:0,0.0,0.0
_arg_eDQuOERlHh_0_1155,Placeholder,/job:localhost/replica:0/task:0/device:CPU:0,0.0,0.0
_arg_ctMyjrgf6U_0_1126,Placeholder,/job:localhost/replica:0/task:0/device:CPU:0,0.0,0.0
_arg_eQTyos0kXh_0_1162,Placeholder,/job:localhost/replica:0/task:0/device:CPU:0,0.0,0.0
_arg_dXWFe3LpYP_0_1135,Placeholder,/job:localhost/replica:0/task:0/device:CPU:0,0.0,0.0
_arg_c5wmuGLPao_0_1104,Placeholder,/job:localhost/replica:0/task:0/device:CPU:0,0.0,0.0
_arg_cHLbNBjzV5_0_1108,Placeholder,/job:localhost/replica:0/task:0/device:CPU:0,0.0,0.0
_arg_bGQv5VoHsh_0_1078,Placeholder,/job:localhost/replica:0/task:0/device:CPU:0,0.0,0.0
_arg_bMrYWs6Kfm_0_1081,Placeholder,/job:localhost/replica:0/task:0/device:CPU:0,0.0,0.0
_arg_bqDA0Q5nU8_0_1093,Placeholder,/job:localhost/replica:0/task:0/device:CPU:0,0.0,0.0
_arg_bvhfJBmtXp_0_1097,Placeholder,/job:localhost/replica:0/task:0/device:CPU:0,0.0,0.0
_arg_deDv4gFfTi_0_1139,Placeholder,/job:localhost/replica:0/task:0/device:CPU:0,0.0,0.0
_arg_cIBoHgM3KP_0_1109,Placeholder,/job:localhost/replica:0/task:0/device:CPU:0,0.0,0.0
_arg_cVTprYh1Za_0_1116,Placeholder,/job:localhost/replica:0/task:0/device:CPU:0,0.0,0.0
_arg_ctKwhG1AmI_0_1125,Placeholder,/job:localhost/replica:0/task:0/device:CPU:0,0.0,0.0
_arg_bVgNr1hLPO_0_1084,Placeholder,/job:localhost/replica:0/task:0/device:CPU:0,0.0,0.0
_arg_dI8cgm4slx_0_1132,Placeholder,/job:localhost/replica:0/task:0/device:CPU:0,0.0,0.0
_arg_dYJI7PcsNp_0_1136,Placeholder,/job:localhost/replica:0/task:0/device:CPU:0,0.0,0.0
_arg_deH1fYx0Oz_0_1140,Placeholder,/job:localhost/replica:0/task:0/device:CPU:0,0.0,0.0
_arg_dp5HahNnMU_0_1144,Placeholder,/job:localhost/replica:0/task:0/device:CPU:0,0.0,0.0
_arg_e8N4wtUx0H_0_1151,Placeholder,/job:localhost/replica:0/task:0/device:CPU:0,0.0,0.0
_arg_eLDQYIux5m_0_1159,Placeholder,/job:localhost/replica:0/task:0/device:CPU:0,0.0,0.0
_arg_eRqboDTpEN_0_1163,Placeholder,/job:localhost/replica:0/task:0/device:CPU:0,0.0,0.0
_arg_czvoj4yLRa_0_1127,Placeholder,/job:localhost/replica:0/task:0/device:CPU:0,0.0,0.0
_arg_bXxIi6fQcs_0_1085,Placeholder,/job:localhost/replica:0/task:0/device:CPU:0,0.0,0.0
_arg_brq9IlQ2HZ_0_1094,Placeholder,/job:localhost/replica:0/task:0/device:CPU:0,0.0,0.0
_arg_dypQB9FXiz_0_1148,Placeholder,/job:localhost/replica:0/task:0/device:CPU:0,0.0,0.0
_arg_e8xjYVWizl_0_1152,Placeholder,/job:localhost/replica:0/task:0/device:CPU:0,0.0,0.0
_arg_cX7FO9K6Em_0_1117,Placeholder,/job:localhost/replica:0/task:0/device:CPU:0,0.0,0.0
_arg_cfqridnOJz_0_1120,Placeholder,/job:localhost/replica:0/task:0/device:CPU:0,0.0,0.0
_arg_d357munAUC_0_1128,Placeholder,/job:localhost/replica:0/task:0/device:CPU:0,0.0,0.0
_arg_bN5KyAd1LC_0_1082,Placeholder,/job:localhost/replica:0/task:0/device:CPU:0,0.0,0.0
_arg_dhi39KIgBC_0_1141,Placeholder,/job:localhost/replica:0/task:0/device:CPU:0,0.0,0.0
_arg_e3bDAWyitX_0_1149,Placeholder,/job:localhost/replica:0/task:0/device:CPU:0,0.0,0.0
_arg_eBgZY6Hmhf_0_1153,Placeholder,/job:localhost/replica:0/task:0/device:CPU:0,0.0,0.0
_arg_eUVlIfR9xy_0_1164,Placeholder,/job:localhost/replica:0/task:0/device:CPU:0,0.0,0.0
_arg_eVBEtRdf9v_0_1166,Placeholder,/job:localhost/replica:0/task:0/device:CPU:0,0.0,0.0
_arg_edy31gpEOh_0_1170,Placeholder,/job:localhost/replica:0/task:0/device:CPU:0,0.0,0.0
_arg_ehw9LDtURK_0_1173,Placeholder,/job:localhost/replica:0/task:0/device:CPU:0,0.0,0.0
_arg_euG0OxbCHr_0_1177,Placeholder,/job:localhost/replica:0/task:0/device:CPU:0,0.0,0.0
_arg_dQHSz0V1bi_0_1133,Placeholder,/job:localhost/replica:0/task:0/device:CPU:0,0.0,0.0
_arg_fN5RjivHEV_0_1186,Placeholder,/job:localhost/replica:0/task:0/device:CPU:0,0.0,0.0
_arg_bg0LGQC9Yn_0_1086,Placeholder,/job:localhost/replica:0/task:0/device:CPU:0,0.0,0.0
_arg_bo6ZSUzLVr_0_1090,Placeholder,/job:localhost/replica:0/task:0/device:CPU:0,0.0,0.0
_arg_eQ8lh1tpGJ_0_1161,Placeholder,/job:localhost/replica:0/task:0/device:CPU:0,0.0,0.0
_arg_egUQ7mcdoL_0_1171,Placeholder,/job:localhost/replica:0/task:0/device:CPU:0,0.0,0.0
_arg_chOSM508Kl_0_1121,Placeholder,/job:localhost/replica:0/task:0/device:CPU:0,0.0,0.0
_arg_euZsJdg98V_0_1178,Placeholder,/job:localhost/replica:0/task:0/device:CPU:0,0.0,0.0
_arg_d9LMcGOlfs_0_1129,Placeholder,/job:localhost/replica:0/task:0/device:CPU:0,0.0,0.0
_arg_fSHydIkGF1_0_1187,Placeholder,/job:localhost/replica:0/task:0/device:CPU:0,0.0,0.0
_arg_ebcCw4AjvQ_0_1168,Placeholder,/job:localhost/replica:0/task:0/device:CPU:0,0.0,0.0
_arg_egfrTSV9cP_0_1172,Placeholder,/job:localhost/replica:0/task:0/device:CPU:0,0.0,0.0
_arg_eldZgVuF9y_0_1174,Placeholder,/job:localhost/replica:0/task:0/device:CPU:0,0.0,0.0
_arg_ewiJOVDRKu_0_1179,Placeholder,/job:localhost/replica:0/task:0/device:CPU:0,0.0,0.0
_arg_f0aKTzQiBr_0_1181,Placeholder,/job:localhost/replica:0/task:0/device:CPU:0,0.0,0.0
_arg_emJSI1acCH_0_1175,Placeholder,/job:localhost/replica:0/task:0/device:CPU:0,0.0,0.0
_arg_f0lLJuAGPY_0_1182,Placeholder,/job:localhost/replica:0/task:0/device:CPU:0,0.0,0.0
_arg_f7noyR0PbJ_0_1183,Placeholder,/job:localhost/replica:0/task:0/device:CPU:0,0.0,0.0
_arg_fBYGie8DKo_0_1184,Placeholder,/job:localhost/replica:0/task:0/device:CPU:0,0.0,0.0
_arg_shNfP0p4ti_0_1572,Placeholder,/job:localhost/replica:0/task:0/device:CPU:0,0.0,0.0
_arg_shf7LVvdJl_0_1573,Placeholder,/job:localhost/replica:0/task:0/device:CPU:0,0.0,0.0
_arg_siXVg105Gr_0_1574,Placeholder,/job:localhost/replica:0/task:0/device:CPU:0,0.0,0.0
_arg_skQPVilaHE_0_1577,Placeholder,/job:localhost/replica:0/task:0/device:CPU:0,0.0,0.0
_arg_siqUuOe6xL_0_1575,Placeholder,/job:localhost/replica:0/task:0/device:CPU:0,0.0,0.0
_arg_t06xsD5CZU_0_1581,Placeholder,/job:localhost/replica:0/task:0/device:CPU:0,0.0,0.0
_arg_sjq5dwzuKO_0_1576,Placeholder,/job:localhost/replica:0/task:0/device:CPU:0,0.0,0.0
_arg_tKyia675fX_0_1593,Placeholder,/job:localhost/replica:0/task:0/device:CPU:0,0.0,0.0
_arg_tAJP3cEB2u_0_1585,Placeholder,/job:localhost/replica:0/task:0/device:CPU:0,0.0,0.0
_arg_tDCS82OYW1_0_1589,Placeholder,/job:localhost/replica:0/task:0/device:CPU:0,0.0,0.0
_arg_t08zwyITs4_0_1582,Placeholder,/job:localhost/replica:0/task:0/device:CPU:0,0.0,0.0
_arg_tAf4E6rsgD_0_1586,Placeholder,/job:localhost/replica:0/task:0/device:CPU:0,0.0,0.0
_arg_tM87LVNREH_0_1595,Placeholder,/job:localhost/replica:0/task:0/device:CPU:0,0.0,0.0
_arg_tCRVJdpcW2_0_1587,Placeholder,/job:localhost/replica:0/task:0/device:CPU:0,0.0,0.0
_arg_tEpT6NiDd5_0_1591,Placeholder,/job:localhost/replica:0/task:0/device:CPU:0,0.0,0.0
_arg_tMbvLKAli8_0_1596,Placeholder,/job:localhost/replica:0/task:0/device:CPU:0,0.0,0.0
_arg_tNrywR0piO_0_1597,Placeholder,/job:localhost/replica:0/task:0/device:CPU:0,0.0,0.0
_arg_tcuMZDKexn_0_1601,Placeholder,/job:localhost/replica:0/task:0/device:CPU:0,0.0,0.0
_arg_t6BjeINVCK_0_1584,Placeholder,/job:localhost/replica:0/task:0/device:CPU:0,0.0,0.0
_arg_tIC6NeYUzA_0_1592,Placeholder,/job:localhost/replica:0/task:0/device:CPU:0,0.0,0.0
_arg_uKU3eSDJZn_0_1617,Placeholder,/job:localhost/replica:0/task:0/device:CPU:0,0.0,0.0
_arg_tOW2UBfmIh_0_1598,Placeholder,/job:localhost/replica:0/task:0/device:CPU:0,0.0,0.0
_arg_tqeUiADByX_0_1605,Placeholder,/job:localhost/replica:0/task:0/device:CPU:0,0.0,0.0
_arg_u2fl3mQdb9_0_1609,Placeholder,/job:localhost/replica:0/task:0/device:CPU:0,0.0,0.0
_arg_u7T4cjYtVh_0_1613,Placeholder,/job:localhost/replica:0/task:0/device:CPU:0,0.0,0.0
_arg_uKoZU2WcNT_0_1618,Placeholder,/job:localhost/replica:0/task:0/device:CPU:0,0.0,0.0
_arg_tT21ji9GPl_0_1599,Placeholder,/job:localhost/replica:0/task:0/device:CPU:0,0.0,0.0
_arg_tiw3FA2LhN_0_1603,Placeholder,/job:localhost/replica:0/task:0/device:CPU:0,0.0,0.0
_arg_u9BkhgjHn6_0_1614,Placeholder,/job:localhost/replica:0/task:0/device:CPU:0,0.0,0.0
_arg_uNGP7SegJL_0_1619,Placeholder,/job:localhost/replica:0/task:0/device:CPU:0,0.0,0.0
_arg_uOrpHLco5I_0_1621,Placeholder,/job:localhost/replica:0/task:0/device:CPU:0,0.0,0.0
_arg_uRjV6XaLwS_0_1624,Placeholder,/job:localhost/replica:0/task:0/device:CPU:0,0.0,0.0
_arg_tk1avTRihV_0_1604,Placeholder,/job:localhost/replica:0/task:0/device:CPU:0,0.0,0.0
_arg_tv4KjWcORp_0_1607,Placeholder,/job:localhost/replica:0/task:0/device:CPU:0,0.0,0.0
_arg_uAsLIQp1HW_0_1615,Placeholder,/job:localhost/replica:0/task:0/device:CPU:0,0.0,0.0
_arg_uQwK90P6CT_0_1622,Placeholder,/job:localhost/replica:0/task:0/device:CPU:0,0.0,0.0
_arg_uSAPL5fkaJ_0_1625,Placeholder,/job:localhost/replica:0/task:0/device:CPU:0,0.0,0.0
_arg_uXdRoTyKmW_0_1628,Placeholder,/job:localhost/replica:0/task:0/device:CPU:0,0.0,0.0
_arg_ulFzsHipmY_0_1632,Placeholder,/job:localhost/replica:0/task:0/device:CPU:0,0.0,0.0
_arg_uoDqYhbW38_0_1636,Placeholder,/job:localhost/replica:0/task:0/device:CPU:0,0.0,0.0
_arg_tyGeUX3Tul_0_1608,Placeholder,/job:localhost/replica:0/task:0/device:CPU:0,0.0,0.0
_arg_uCijOWQXkf_0_1616,Placeholder,/job:localhost/replica:0/task:0/device:CPU:0,0.0,0.0
_arg_uRYUy3LFgD_0_1623,Placeholder,/job:localhost/replica:0/task:0/device:CPU:0,0.0,0.0
_arg_uSXHUgWqEe_0_1626,Placeholder,/job:localhost/replica:0/task:0/device:CPU:0,0.0,0.0
_arg_uoMyxJ5GOW_0_1637,Placeholder,/job:localhost/replica:0/task:0/device:CPU:0,0.0,0.0
_arg_v0Hn5lUMAb_0_1640,Placeholder,/job:localhost/replica:0/task:0/device:CPU:0,0.0,0.0
_arg_vYOUJqcMpa_0_1660,Placeholder,/job:localhost/replica:0/task:0/device:CPU:0,0.0,0.0
_arg_uT9xrPXd8h_0_1627,Placeholder,/job:localhost/replica:0/task:0/device:CPU:0,0.0,0.0
_arg_uhr5Uf8JR0_0_1630,Placeholder,/job:localhost/replica:0/task:0/device:CPU:0,0.0,0.0
_arg_umcFCx0tVb_0_1634,Placeholder,/job:localhost/replica:0/task:0/device:CPU:0,0.0,0.0
_arg_v0NYln9CBs_0_1641,Placeholder,/job:localhost/replica:0/task:0/device:CPU:0,0.0,0.0
_arg_vC8enJb3u0_0_1645,Placeholder,/job:localhost/replica:0/task:0/device:CPU:0,0.0,0.0
_arg_vIJ2q3plyz_0_1650,Placeholder,/job:localhost/replica:0/task:0/device:CPU:0,0.0,0.0
_arg_vR06CgFtAw_0_1654,Placeholder,/job:localhost/replica:0/task:0/device:CPU:0,0.0,0.0
_arg_vZ3T21Rl5a_0_1661,Placeholder,/job:localhost/replica:0/task:0/device:CPU:0,0.0,0.0
_arg_vcmSgsfLde_0_1664,Placeholder,/job:localhost/replica:0/task:0/device:CPU:0,0.0,0.0
_arg_umwQav6cSE_0_1635,Placeholder,/job:localhost/replica:0/task:0/device:CPU:0,0.0,0.0
_arg_v2xjHDqzFA_0_1642,Placeholder,/job:localhost/replica:0/task:0/device:CPU:0,0.0,0.0
_arg_vLZmcutfki_0_1651,Placeholder,/job:localhost/replica:0/task:0/device:CPU:0,0.0,0.0
_arg_vSH0QJqLUz_0_1655,Placeholder,/job:localhost/replica:0/task:0/device:CPU:0,0.0,0.0
_arg_vZ4kJiERz9_0_1662,Placeholder,/job:localhost/replica:0/task:0/device:CPU:0,0.0,0.0
_arg_vgdUh6l49x_0_1665,Placeholder,/job:localhost/replica:0/task:0/device:CPU:0,0.0,0.0
_arg_vnhAH9WpDR_0_1669,Placeholder,/job:localhost/replica:0/task:0/device:CPU:0,0.0,0.0
_arg_vxpto4h5jb_0_1672,Placeholder,/job:localhost/replica:0/task:0/device:CPU:0,0.0,0.0
_arg_w5firlC8UK_0_1676,Placeholder,/job:localhost/replica:0/task:0/device:CPU:0,0.0,0.0
_arg_v70FZpXJIH_0_1643,Placeholder,/job:localhost/replica:0/task:0/device:CPU:0,0.0,0.0
_arg_vDIpW8UhJ5_0_1647,Placeholder,/job:localhost/replica:0/task:0/device:CPU:0,0.0,0.0
_arg_wd4L5fAorq_0_1695,Placeholder,/job:localhost/replica:0/task:0/device:CPU:0,0.0,0.0
_arg_vXZKsaTkAf_0_1659,Placeholder,/job:localhost/replica:0/task:0/device:CPU:0,0.0,0.0
_arg_vbUxKSBPhZ_0_1663,Placeholder,/job:localhost/replica:0/task:0/device:CPU:0,0.0,0.0
_arg_vkCsgu3Ljo_0_1666,Placeholder,/job:localhost/replica:0/task:0/device:CPU:0,0.0,0.0
_arg_vsCjxuJ0iG_0_1670,Placeholder,/job:localhost/replica:0/task:0/device:CPU:0,0.0,0.0
_arg_wByiMznxX8_0_1677,Placeholder,/job:localhost/replica:0/task:0/device:CPU:0,0.0,0.0
_arg_wIUlZD7tdR_0_1681,Placeholder,/job:localhost/replica:0/task:0/device:CPU:0,0.0,0.0
_arg_wSGfUCKBmy_0_1687,Placeholder,/job:localhost/replica:0/task:0/device:CPU:0,0.0,0.0
_arg_wbGNjWO9pQ_0_1691,Placeholder,/job:localhost/replica:0/task:0/device:CPU:0,0.0,0.0
_arg_vkeO5xgK7V_0_1667,Placeholder,/job:localhost/replica:0/task:0/device:CPU:0,0.0,0.0
_arg_w2v3CUXHbA_0_1674,Placeholder,/job:localhost/replica:0/task:0/device:CPU:0,0.0,0.0
_arg_wEer10XTK3_0_1678,Placeholder,/job:localhost/replica:0/task:0/device:CPU:0,0.0,0.0
_arg_wRD04xSmf9_0_1686,Placeholder,/job:localhost/replica:0/task:0/device:CPU:0,0.0,0.0
_arg_wSh4kEr6cn_0_1688,Placeholder,/job:localhost/replica:0/task:0/device:CPU:0,0.0,0.0
_arg_wgxNOiJ9VC_0_1697,Placeholder,/job:localhost/replica:0/task:0/device:CPU:0,0.0,0.0
_arg_w4DNE2IMmF_0_1675,Placeholder,/job:localhost/replica:0/task:0/device:CPU:0,0.0,0.0
_arg_wHvFX95y1o_0_1679,Placeholder,/job:localhost/replica:0/task:0/device:CPU:0,0.0,0.0
_arg_wNvh8kFs1p_0_1683,Placeholder,/job:localhost/replica:0/task:0/device:CPU:0,0.0,0.0
_arg_wU1TjBm4ai_0_1689,Placeholder,/job:localhost/replica:0/task:0/device:CPU:0,0.0,0.0
_arg_wbnO4qBZTc_0_1693,Placeholder,/job:localhost/replica:0/task:0/device:CPU:0,0.0,0.0
_arg_wiWkBA5eSn_0_1698,Placeholder,/job:localhost/replica:0/task:0/device:CPU:0,0.0,0.0
_arg_wWRzx7cZPu_0_1690,Placeholder,/job:localhost/replica:0/task:0/device:CPU:0,0.0,0.0
_arg_wcOM8CWogK_0_1694,Placeholder,/job:localhost/replica:0/task:0/device:CPU:0,0.0,0.0
_arg_ob2TGzmHgh_0_1444,Placeholder,/job:localhost/replica:0/task:0/device:CPU:0,0.0,0.0
_arg_oh5NXdSD6s_0_1446,Placeholder,/job:localhost/replica:0/task:0/device:CPU:0,0.0,0.0
_arg_p4LwbKlF1Y_0_1457,Placeholder,/job:localhost/replica:0/task:0/device:CPU:0,0.0,0.0
_arg_p7mWvBcxi8_0_1461,Placeholder,/job:localhost/replica:0/task:0/device:CPU:0,0.0,0.0
_arg_pFvao9fHV6_0_1465,Placeholder,/job:localhost/replica:0/task:0/device:CPU:0,0.0,0.0
_arg_pCEwNX2xio_0_1462,Placeholder,/job:localhost/replica:0/task:0/device:CPU:0,0.0,0.0
_arg_p0SIeq9cb3_0_1455,Placeholder,/job:localhost/replica:0/task:0/device:CPU:0,0.0,0.0
_arg_p5s7B946lD_0_1459,Placeholder,/job:localhost/replica:0/task:0/device:CPU:0,0.0,0.0
_arg_pXjJ2Q5qcu_0_1473,Placeholder,/job:localhost/replica:0/task:0/device:CPU:0,0.0,0.0
_arg_pGalRCM4r6_0_1466,Placeholder,/job:localhost/replica:0/task:0/device:CPU:0,0.0,0.0
_arg_pQKuCjLP3E_0_1469,Placeholder,/job:localhost/replica:0/task:0/device:CPU:0,0.0,0.0
_arg_qJ8Xo9Eyax_0_1493,Placeholder,/job:localhost/replica:0/task:0/device:CPU:0,0.0,0.0
_arg_oe2VHS3Erh_0_1445,Placeholder,/job:localhost/replica:0/task:0/device:CPU:0,0.0,0.0
_arg_pHzKr2oMga_0_1467,Placeholder,/job:localhost/replica:0/task:0/device:CPU:0,0.0,0.0
_arg_qfTlBr8yXZ_0_1505,Placeholder,/job:localhost/replica:0/task:0/device:CPU:0,0.0,0.0
_arg_r3GY0ZDtSV_0_1521,Placeholder,/job:localhost/replica:0/task:0/device:CPU:0,0.0,0.0
_arg_r7zQ02gGjD_0_1524,Placeholder,/job:localhost/replica:0/task:0/device:CPU:0,0.0,0.0
_arg_rDaMIUxBwK_0_1528,Placeholder,/job:localhost/replica:0/task:0/device:CPU:0,0.0,0.0
_arg_rX59fa6vxj_0_1539,Placeholder,/job:localhost/replica:0/task:0/device:CPU:0,0.0,0.0
_arg_rtYgD2zw0V_0_1547,Placeholder,/job:localhost/replica:0/task:0/device:CPU:0,0.0,0.0
_arg_s2EQkHe5Od_0_1551,Placeholder,/job:localhost/replica:0/task:0/device:CPU:0,0.0,0.0
_arg_s8V6doZT2E_0_1554,Placeholder,/job:localhost/replica:0/task:0/device:CPU:0,0.0,0.0
_arg_sO2LG6ltKB_0_1558,Placeholder,/job:localhost/replica:0/task:0/device:CPU:0,0.0,0.0
_arg_sayvPJL2o8_0_1567,Placeholder,/job:localhost/replica:0/task:0/device:CPU:0,0.0,0.0
_arg_sgtUB1Im4k_0_1571,Placeholder,/job:localhost/replica:0/task:0/device:CPU:0,0.0,0.0
_arg_s9g7HfPRrp_0_1555,Placeholder,/job:localhost/replica:0/task:0/device:CPU:0,0.0,0.0
_arg_r9MchZw8v0_0_1525,Placeholder,/job:localhost/replica:0/task:0/device:CPU:0,0.0,0.0
_arg_qmBKN5XFyY_0_1510,Placeholder,/job:localhost/replica:0/task:0/device:CPU:0,0.0,0.0
_arg_qrY8sL5JC2_0_1513,Placeholder,/job:localhost/replica:0/task:0/device:CPU:0,0.0,0.0
_arg_qvOxLzdnjs_0_1517,Placeholder,/job:localhost/replica:0/task:0/device:CPU:0,0.0,0.0
_arg_rFvp8sJMZ1_0_1529,Placeholder,/job:localhost/replica:0/task:0/device:CPU:0,0.0,0.0
_arg_qfmGJbFD31_0_1506,Placeholder,/job:localhost/replica:0/task:0/device:CPU:0,0.0,0.0
_arg_qoVpgKde0H_0_1511,Placeholder,/job:localhost/replica:0/task:0/device:CPU:0,0.0,0.0
_arg_qtY8snXV24_0_1514,Placeholder,/job:localhost/replica:0/task:0/device:CPU:0,0.0,0.0
_arg_qxXQIZUwEu_0_1518,Placeholder,/job:localhost/replica:0/task:0/device:CPU:0,0.0,0.0
_arg_q5gAzNLt6o_0_1489,Placeholder,/job:localhost/replica:0/task:0/device:CPU:0,0.0,0.0
_arg_rCYIwncm7h_0_1526,Placeholder,/job:localhost/replica:0/task:0/device:CPU:0,0.0,0.0
_arg_rGN5o1TcY7_0_1530,Placeholder,/job:localhost/replica:0/task:0/device:CPU:0,0.0,0.0
_arg_qYwSrLIXty_0_1501,Placeholder,/job:localhost/replica:0/task:0/device:CPU:0,0.0,0.0
_arg_pawLCzDoKF_0_1474,Placeholder,/job:localhost/replica:0/task:0/device:CPU:0,0.0,0.0
_arg_pnQz8dAVbk_0_1481,Placeholder,/job:localhost/replica:0/task:0/device:CPU:0,0.0,0.0
_arg_9wzKBlq7Yc_0_294,Placeholder,/job:localhost/replica:0/task:0/device:CPU:0,0.0,0.0
_arg_9xJWyRzlwX_0_295,Placeholder,/job:localhost/replica:0/task:0/device:CPU:0,0.0,0.0
_arg_9wCXvukLI4_0_293,Placeholder,/job:localhost/replica:0/task:0/device:CPU:0,0.0,0.0
_arg_9xdA3BC6wc_0_296,Placeholder,/job:localhost/replica:0/task:0/device:CPU:0,0.0,0.0
_arg_AKZBDTyFHW_0_310,Placeholder,/job:localhost/replica:0/task:0/device:CPU:0,0.0,0.0
_arg_ATDr9waecK_0_314,Placeholder,/job:localhost/replica:0/task:0/device:CPU:0,0.0,0.0
_arg_AatedJ3PgS_0_318,Placeholder,/job:localhost/replica:0/task:0/device:CPU:0,0.0,0.0
_arg_AzGTymL3Pc_0_325,Placeholder,/job:localhost/replica:0/task:0/device:CPU:0,0.0,0.0
_arg_BFSM2YhPJ1_0_333,Placeholder,/job:localhost/replica:0/task:0/device:CPU:0,0.0,0.0
_arg_BTVHzKj7yb_0_341,Placeholder,/job:localhost/replica:0/task:0/device:CPU:0,0.0,0.0
_arg_BcNAlwb3Kv_0_345,Placeholder,/job:localhost/replica:0/task:0/device:CPU:0,0.0,0.0
_arg_BjsnyEzJmM_0_349,Placeholder,/job:localhost/replica:0/task:0/device:CPU:0,0.0,0.0
_arg_BUTdiSryxY_0_342,Placeholder,/job:localhost/replica:0/task:0/device:CPU:0,0.0,0.0
_arg_9zruVchY5j_0_298,Placeholder,/job:localhost/replica:0/task:0/device:CPU:0,0.0,0.0
_arg_BmScfEGRDd_0_353,Placeholder,/job:localhost/replica:0/task:0/device:CPU:0,0.0,0.0
_arg_BfKc3EONa5_0_346,Placeholder,/job:localhost/replica:0/task:0/device:CPU:0,0.0,0.0
_arg_ATYk7DOSgd_0_315,Placeholder,/job:localhost/replica:0/task:0/device:CPU:0,0.0,0.0
_arg_AcipDYu7jM_0_320,Placeholder,/job:localhost/replica:0/task:0/device:CPU:0,0.0,0.0
_arg_AlnF1iRef6_0_322,Placeholder,/job:localhost/replica:0/task:0/device:CPU:0,0.0,0.0
_arg_BFxtfSbYZV_0_334,Placeholder,/job:localhost/replica:0/task:0/device:CPU:0,0.0,0.0
_arg_Bgfs6TtyUN_0_347,Placeholder,/job:localhost/replica:0/task:0/device:CPU:0,0.0,0.0
_arg_AzRxQ1eupO_0_326,Placeholder,/job:localhost/replica:0/task:0/device:CPU:0,0.0,0.0
_arg_A0VLOai9PQ_0_300,Placeholder,/job:localhost/replica:0/task:0/device:CPU:0,0.0,0.0
_arg_Biozn0QMJx_0_348,Placeholder,/job:localhost/replica:0/task:0/device:CPU:0,0.0,0.0
_arg_BlTcHoty0a_0_352,Placeholder,/job:localhost/replica:0/task:0/device:CPU:0,0.0,0.0
_arg_AtKBTIXJCO_0_323,Placeholder,/job:localhost/replica:0/task:0/device:CPU:0,0.0,0.0
_arg_AztQYT237Z_0_327,Placeholder,/job:localhost/replica:0/task:0/device:CPU:0,0.0,0.0
_arg_9zQ6grTwLC_0_297,Placeholder,/job:localhost/replica:0/task:0/device:CPU:0,0.0,0.0
_arg_BIxihge2uD_0_336,Placeholder,/job:localhost/replica:0/task:0/device:CPU:0,0.0,0.0
_arg_CTzOSL4tnQ_0_369,Placeholder,/job:localhost/replica:0/task:0/device:CPU:0,0.0,0.0
_arg_A91uLxMiIz_0_307,Placeholder,/job:localhost/replica:0/task:0/device:CPU:0,0.0,0.0
_arg_AQpKmWyL43_0_313,Placeholder,/job:localhost/replica:0/task:0/device:CPU:0,0.0,0.0
_arg_AZGviNXSxa_0_317,Placeholder,/job:localhost/replica:0/task:0/device:CPU:0,0.0,0.0
_arg_BrA1JlvC3D_0_354,Placeholder,/job:localhost/replica:0/task:0/device:CPU:0,0.0,0.0
_arg_B0LMdW1Tjz_0_328,Placeholder,/job:localhost/replica:0/task:0/device:CPU:0,0.0,0.0
_arg_CU7At3vfqT_0_370,Placeholder,/job:localhost/replica:0/task:0/device:CPU:0,0.0,0.0
_arg_A0YCU2FxP7_0_301,Placeholder,/job:localhost/replica:0/task:0/device:CPU:0,0.0,0.0
_arg_A9zwIxOsf4_0_308,Placeholder,/job:localhost/replica:0/task:0/device:CPU:0,0.0,0.0
_arg_BrcqCOgIvi_0_355,Placeholder,/job:localhost/replica:0/task:0/device:CPU:0,0.0,0.0
_arg_C0rxUdw3Jv_0_359,Placeholder,/job:localhost/replica:0/task:0/device:CPU:0,0.0,0.0
_arg_CBAzpKSay9_0_362,Placeholder,/job:localhost/replica:0/task:0/device:CPU:0,0.0,0.0
_arg_CMPG0DqOHY_0_366,Placeholder,/job:localhost/replica:0/task:0/device:CPU:0,0.0,0.0
_arg_CaPrpQFLuO_0_373,Placeholder,/job:localhost/replica:0/task:0/device:CPU:0,0.0,0.0
_arg_BbRwK9Ltih_0_343,Placeholder,/job:localhost/replica:0/task:0/device:CPU:0,0.0,0.0
_arg_A4OzISUbGC_0_304,Placeholder,/job:localhost/replica:0/task:0/device:CPU:0,0.0,0.0
_arg_AECZkBPGgo_0_309,Placeholder,/job:localhost/replica:0/task:0/device:CPU:0,0.0,0.0
_arg_C4PVLMdQKR_0_360,Placeholder,/job:localhost/replica:0/task:0/device:CPU:0,0.0,0.0
_arg_CEoRhnyZ5M_0_363,Placeholder,/job:localhost/replica:0/task:0/device:CPU:0,0.0,0.0
_arg_AvD6c9V8et_0_324,Placeholder,/job:localhost/replica:0/task:0/device:CPU:0,0.0,0.0
_arg_CUwPXN6n8B_0_371,Placeholder,/job:localhost/replica:0/task:0/device:CPU:0,0.0,0.0
_arg_Ce3szoP8Vx_0_374,Placeholder,/job:localhost/replica:0/task:0/device:CPU:0,0.0,0.0
_arg_CnjgQlFk8K_0_377,Placeholder,/job:localhost/replica:0/task:0/device:CPU:0,0.0,0.0
_arg_BS5Jo9AV3f_0_340,Placeholder,/job:localhost/replica:0/task:0/device:CPU:0,0.0,0.0
_arg_A5dYcM6IhK_0_305,Placeholder,/job:localhost/replica:0/task:0/device:CPU:0,0.0,0.0
_arg_Dmg6hFT1Gs_0_396,Placeholder,/job:localhost/replica:0/task:0/device:CPU:0,0.0,0.0
_arg_CWYSIQHgn7_0_372,Placeholder,/job:localhost/replica:0/task:0/device:CPU:0,0.0,0.0
_arg_CihzHyboj6_0_375,Placeholder,/job:localhost/replica:0/task:0/device:CPU:0,0.0,0.0
_arg_CqX4ycF6pa_0_378,Placeholder,/job:localhost/replica:0/task:0/device:CPU:0,0.0,0.0
_arg_D0wWc2lhSP_0_381,Placeholder,/job:localhost/replica:0/task:0/device:CPU:0,0.0,0.0
_arg_DY8guLSqBt_0_389,Placeholder,/job:localhost/replica:0/task:0/device:CPU:0,0.0,0.0
_arg_DeN8jHuEIC_0_392,Placeholder,/job:localhost/replica:0/task:0/device:CPU:0,0.0,0.0
_arg_Dpc47BqwNx_0_397,Placeholder,/job:localhost/replica:0/task:0/device:CPU:0,0.0,0.0
_arg_E0NlMJ9b3a_0_401,Placeholder,/job:localhost/replica:0/task:0/device:CPU:0,0.0,0.0
_arg_E1oG0UgXdq_0_404,Placeholder,/job:localhost/replica:0/task:0/device:CPU:0,0.0,0.0
_arg_E7HRun3eT1_0_408,Placeholder,/job:localhost/replica:0/task:0/device:CPU:0,0.0,0.0
_arg_CQSwWOsyqd_0_368,Placeholder,/job:localhost/replica:0/task:0/device:CPU:0,0.0,0.0
_arg_Cm0O1oHyrV_0_376,Placeholder,/job:localhost/replica:0/task:0/device:CPU:0,0.0,0.0
_arg_Ctl608IEWq_0_379,Placeholder,/job:localhost/replica:0/task:0/device:CPU:0,0.0,0.0
_arg_D3yVvkfSNo_0_382,Placeholder,/job:localhost/replica:0/task:0/device:CPU:0,0.0,0.0
_arg_DOvRjdXLAz_0_386,Placeholder,/job:localhost/replica:0/task:0/device:CPU:0,0.0,0.0
_arg_DbX6kKvG3u_0_390,Placeholder,/job:localhost/replica:0/task:0/device:CPU:0,0.0,0.0
_arg_DgtiNlzhO7_0_393,Placeholder,/job:localhost/replica:0/task:0/device:CPU:0,0.0,0.0
_arg_E0ksuaYGrw_0_402,Placeholder,/job:localhost/replica:0/task:0/device:CPU:0,0.0,0.0
_arg_E2n9glqGux_0_405,Placeholder,/job:localhost/replica:0/task:0/device:CPU:0,0.0,0.0
_arg_E8QIdvw37N_0_409,Placeholder,/job:localhost/replica:0/task:0/device:CPU:0,0.0,0.0
_arg_ECAYkVjhMK_0_412,Placeholder,/job:localhost/replica:0/task:0/device:CPU:0,0.0,0.0
_arg_EJxWXfdDph_0_417,Placeholder,/job:localhost/replica:0/task:0/device:CPU:0,0.0,0.0
_arg_qZCbTfPgGy_0_1502,Placeholder,/job:localhost/replica:0/task:0/device:CPU:0,0.0,0.0
_arg_DQeRfmy0zw_0_387,Placeholder,/job:localhost/replica:0/task:0/device:CPU:0,0.0,0.0
_arg_Dctp6o7BzS_0_391,Placeholder,/job:localhost/replica:0/task:0/device:CPU:0,0.0,0.0
_arg_DkUueRgpGy_0_394,Placeholder,/job:localhost/replica:0/task:0/device:CPU:0,0.0,0.0
_arg_DqguX8w9AS_0_399,Placeholder,/job:localhost/replica:0/task:0/device:CPU:0,0.0,0.0
_arg_E18HT6AFaP_0_403,Placeholder,/job:localhost/replica:0/task:0/device:CPU:0,0.0,0.0
_arg_E4h98zo6Gg_0_406,Placeholder,/job:localhost/replica:0/task:0/device:CPU:0,0.0,0.0
_arg_EAPYi3HJIc_0_410,Placeholder,/job:localhost/replica:0/task:0/device:CPU:0,0.0,0.0
_arg_ECpiyR2wAW_0_413,Placeholder,/job:localhost/replica:0/task:0/device:CPU:0,0.0,0.0
_arg_ETRdg2Ww7F_0_418,Placeholder,/job:localhost/replica:0/task:0/device:CPU:0,0.0,0.0
_arg_pguDyaiEUv_0_1477,Placeholder,/job:localhost/replica:0/task:0/device:CPU:0,0.0,0.0
_arg_pufo5ZsOUy_0_1482,Placeholder,/job:localhost/replica:0/task:0/device:CPU:0,0.0,0.0
_arg_q6kAEHu7PS_0_1490,Placeholder,/job:localhost/replica:0/task:0/device:CPU:0,0.0,0.0
_arg_qJWs0FVrhm_0_1494,Placeholder,/job:localhost/replica:0/task:0/device:CPU:0,0.0,0.0
_arg_qX2iW6JytG_0_1499,Placeholder,/job:localhost/replica:0/task:0/device:CPU:0,0.0,0.0
_arg_qcXISQTe8C_0_1503,Placeholder,/job:localhost/replica:0/task:0/device:CPU:0,0.0,0.0
_arg_Dm9VXzhvwS_0_395,Placeholder,/job:localhost/replica:0/task:0/device:CPU:0,0.0,0.0
_arg_qrS0IJYFMy_0_1512,Placeholder,/job:localhost/replica:0/task:0/device:CPU:0,0.0,0.0
_arg_quwKXTb5GJ_0_1516,Placeholder,/job:localhost/replica:0/task:0/device:CPU:0,0.0,0.0
_arg_E6orF1ty4R_0_407,Placeholder,/job:localhost/replica:0/task:0/device:CPU:0,0.0,0.0
_arg_EBHMVreWIo_0_411,Placeholder,/job:localhost/replica:0/task:0/device:CPU:0,0.0,0.0
_arg_EUgZ5j48oh_0_419,Placeholder,/job:localhost/replica:0/task:0/device:CPU:0,0.0,0.0
_arg_rLIfa098hG_0_1532,Placeholder,/job:localhost/replica:0/task:0/device:CPU:0,0.0,0.0
_arg_rTR8xZOSd4_0_1536,Placeholder,/job:localhost/replica:0/task:0/device:CPU:0,0.0,0.0
_arg_pItWyEVPbi_0_1468,Placeholder,/job:localhost/replica:0/task:0/device:CPU:0,0.0,0.0
_arg_pRuTYEelzi_0_1470,Placeholder,/job:localhost/replica:0/task:0/device:CPU:0,0.0,0.0
_arg_pwAoHl1uqh_0_1483,Placeholder,/job:localhost/replica:0/task:0/device:CPU:0,0.0,0.0
_arg_q1u0rpVgUR_0_1486,Placeholder,/job:localhost/replica:0/task:0/device:CPU:0,0.0,0.0
_arg_qBu98ps2cP_0_1491,Placeholder,/job:localhost/replica:0/task:0/device:CPU:0,0.0,0.0
_arg_qJp0SrZDmn_0_1495,Placeholder,/job:localhost/replica:0/task:0/device:CPU:0,0.0,0.0
_arg_qX8DNOLVBm_0_1500,Placeholder,/job:localhost/replica:0/task:0/device:CPU:0,0.0,0.0
_arg_qfLO1lUBMJ_0_1504,Placeholder,/job:localhost/replica:0/task:0/device:CPU:0,0.0,0.0
_arg_qkUwYmQMvn_0_1508,Placeholder,/job:localhost/replica:0/task:0/device:CPU:0,0.0,0.0
_arg_r1be9W7ZuT_0_1519,Placeholder,/job:localhost/replica:0/task:0/device:CPU:0,0.0,0.0
_arg_rCdhtOfjx6_0_1527,Placeholder,/job:localhost/replica:0/task:0/device:CPU:0,0.0,0.0
_arg_oxVJs93XYb_0_1452,Placeholder,/job:localhost/replica:0/task:0/device:CPU:0,0.0,0.0
_arg_pDF6ciJKbT_0_1463,Placeholder,/job:localhost/replica:0/task:0/device:CPU:0,0.0,0.0
_arg_rjmKI5yqWG_0_1544,Placeholder,/job:localhost/replica:0/task:0/device:CPU:0,0.0,0.0
_arg_pTr5cybZE4_0_1471,Placeholder,/job:localhost/replica:0/task:0/device:CPU:0,0.0,0.0
_arg_piWC0eA6SV_0_1479,Placeholder,/job:localhost/replica:0/task:0/device:CPU:0,0.0,0.0
_arg_sOu5Y6lGcH_0_1560,Placeholder,/job:localhost/replica:0/task:0/device:CPU:0,0.0,0.0
_arg_q2nICELR9m_0_1487,Placeholder,/job:localhost/replica:0/task:0/device:CPU:0,0.0,0.0
_arg_qCaBZ9FXAG_0_1492,Placeholder,/job:localhost/replica:0/task:0/device:CPU:0,0.0,0.0
_arg_r2gh3Cw65R_0_1520,Placeholder,/job:localhost/replica:0/task:0/device:CPU:0,0.0,0.0
_arg_rPtzqF8v6l_0_1533,Placeholder,/job:localhost/replica:0/task:0/device:CPU:0,0.0,0.0
_arg_rUFToBgsOq_0_1537,Placeholder,/job:localhost/replica:0/task:0/device:CPU:0,0.0,0.0
_arg_rXIE9kqoN1_0_1540,Placeholder,/job:localhost/replica:0/task:0/device:CPU:0,0.0,0.0
_arg_pDkzZVQnLM_0_1464,Placeholder,/job:localhost/replica:0/task:0/device:CPU:0,0.0,0.0
_arg_ruObtj5GDW_0_1548,Placeholder,/job:localhost/replica:0/task:0/device:CPU:0,0.0,0.0
_arg_pXL4vJ7BYN_0_1472,Placeholder,/job:localhost/replica:0/task:0/device:CPU:0,0.0,0.0
_arg_sI9imJ1bNe_0_1556,Placeholder,/job:localhost/replica:0/task:0/device:CPU:0,0.0,0.0
_arg_sQKWq0a1fF_0_1561,Placeholder,/job:localhost/replica:0/task:0/device:CPU:0,0.0,0.0
_arg_sTrEjy1UZ4_0_1564,Placeholder,/job:localhost/replica:0/task:0/device:CPU:0,0.0,0.0
_arg_rHC2Nhe3Vg_0_1531,Placeholder,/job:localhost/replica:0/task:0/device:CPU:0,0.0,0.0
_arg_orQza7YSKj_0_1449,Placeholder,/job:localhost/replica:0/task:0/device:CPU:0,0.0,0.0
_arg_rXxfqDNB8J_0_1541,Placeholder,/job:localhost/replica:0/task:0/device:CPU:0,0.0,0.0
_arg_s0SywBnPNc_0_1549,Placeholder,/job:localhost/replica:0/task:0/device:CPU:0,0.0,0.0
_arg_s4r1FbMXio_0_1552,Placeholder,/job:localhost/replica:0/task:0/device:CPU:0,0.0,0.0
_arg_sNkyZOL5db_0_1557,Placeholder,/job:localhost/replica:0/task:0/device:CPU:0,0.0,0.0
_arg_sVlP53vuyr_0_1565,Placeholder,/job:localhost/replica:0/task:0/device:CPU:0,0.0,0.0
_arg_pwVcvgah6I_0_1484,Placeholder,/job:localhost/replica:0/task:0/device:CPU:0,0.0,0.0
_arg_rQWZMqbdyY_0_1534,Placeholder,/job:localhost/replica:0/task:0/device:CPU:0,0.0,0.0
_arg_rVmjdAhzco_0_1538,Placeholder,/job:localhost/replica:0/task:0/device:CPU:0,0.0,0.0
_arg_rZLAG6ViTH_0_1542,Placeholder,/job:localhost/replica:0/task:0/device:CPU:0,0.0,0.0
_arg_s1YG8v0zdg_0_1550,Placeholder,/job:localhost/replica:0/task:0/device:CPU:0,0.0,0.0
_arg_s78hxniTBa_0_1553,Placeholder,/job:localhost/replica:0/task:0/device:CPU:0,0.0,0.0
_arg_rRNf5oPF6s_0_1535,Placeholder,/job:localhost/replica:0/task:0/device:CPU:0,0.0,0.0
_arg_pjXxydBf7Q_0_1480,Placeholder,/job:localhost/replica:0/task:0/device:CPU:0,0.0,0.0
_arg_1G9apSyZAL_0_36,Placeholder,/job:localhost/replica:0/task:0/device:CPU:0,0.0,0.0
_arg_1I4N8ZweCc_0_37,Placeholder,/job:localhost/replica:0/task:0/device:CPU:0,0.0,0.0
_arg_1LQ0OwH3VB_0_39,Placeholder,/job:localhost/replica:0/task:0/device:CPU:0,0.0,0.0
_arg_1UsBbaYgKj_0_46,Placeholder,/job:localhost/replica:0/task:0/device:CPU:0,0.0,0.0
_arg_1WJL7kwami_0_47,Placeholder,/job:localhost/replica:0/task:0/device:CPU:0,0.0,0.0
_arg_1g4byj8oHw_0_50,Placeholder,/job:localhost/replica:0/task:0/device:CPU:0,0.0,0.0
_arg_1MFnidJY4g_0_41,Placeholder,/job:localhost/replica:0/task:0/device:CPU:0,0.0,0.0
_arg_1Sqam3O8JC_0_45,Placeholder,/job:localhost/replica:0/task:0/device:CPU:0,0.0,0.0
_arg_1bU8VDaLpk_0_48,Placeholder,/job:localhost/replica:0/task:0/device:CPU:0,0.0,0.0
_arg_1oJyNPhKO9_0_54,Placeholder,/job:localhost/replica:0/task:0/device:CPU:0,0.0,0.0
_arg_1vZX9pErRc_0_58,Placeholder,/job:localhost/replica:0/task:0/device:CPU:0,0.0,0.0
_arg_24ZqyHgPah_0_62,Placeholder,/job:localhost/replica:0/task:0/device:CPU:0,0.0,0.0
_arg_1fLaBisHgQ_0_49,Placeholder,/job:localhost/replica:0/task:0/device:CPU:0,0.0,0.0
_arg_1kJ2wpv4YV_0_52,Placeholder,/job:localhost/replica:0/task:0/device:CPU:0,0.0,0.0
_arg_1wh7ubK9oU_0_59,Placeholder,/job:localhost/replica:0/task:0/device:CPU:0,0.0,0.0
_arg_27yOcaVMdD_0_65,Placeholder,/job:localhost/replica:0/task:0/device:CPU:0,0.0,0.0
_arg_2DvOqICZAP_0_69,Placeholder,/job:localhost/replica:0/task:0/device:CPU:0,0.0,0.0
_arg_1nYCEJfrus_0_53,Placeholder,/job:localhost/replica:0/task:0/device:CPU:0,0.0,0.0
_arg_1sbmDjGw3r_0_56,Placeholder,/job:localhost/replica:0/task:0/device:CPU:0,0.0,0.0
_arg_26wR7ZBv3i_0_64,Placeholder,/job:localhost/replica:0/task:0/device:CPU:0,0.0,0.0
_arg_5GIncDCfJS_0_151,Placeholder,/job:localhost/replica:0/task:0/device:CPU:0,0.0,0.0
_arg_2EYJ78bNVM_0_70,Placeholder,/job:localhost/replica:0/task:0/device:CPU:0,0.0,0.0
_arg_2VOJnrjIZ6_0_73,Placeholder,/job:localhost/replica:0/task:0/device:CPU:0,0.0,0.0
_arg_2csOIg18Nm_0_77,Placeholder,/job:localhost/replica:0/task:0/device:CPU:0,0.0,0.0
_arg_1ujFSYC6M9_0_57,Placeholder,/job:localhost/replica:0/task:0/device:CPU:0,0.0,0.0
_arg_2qrxAEuvtX_0_85,Placeholder,/job:localhost/replica:0/task:0/device:CPU:0,0.0,0.0
_arg_29OrAQeEgL_0_66,Placeholder,/job:localhost/replica:0/task:0/device:CPU:0,0.0,0.0
_arg_38EmXCAWPz_0_97,Placeholder,/job:localhost/replica:0/task:0/device:CPU:0,0.0,0.0
_arg_2X0L3N1BgH_0_74,Placeholder,/job:localhost/replica:0/task:0/device:CPU:0,0.0,0.0
_arg_351z4lTAd7_0_90,Placeholder,/job:localhost/replica:0/task:0/device:CPU:0,0.0,0.0
_arg_36KQXptcdO_0_93,Placeholder,/job:localhost/replica:0/task:0/device:CPU:0,0.0,0.0
_arg_29lzCsFVv7_0_67,Placeholder,/job:localhost/replica:0/task:0/device:CPU:0,0.0,0.0
_arg_3FmCdIorRg_0_101,Placeholder,/job:localhost/replica:0/task:0/device:CPU:0,0.0,0.0
_arg_3NGKUdgqAM_0_105,Placeholder,/job:localhost/replica:0/task:0/device:CPU:0,0.0,0.0
_arg_2jxpiP7tk1_0_79,Placeholder,/job:localhost/replica:0/task:0/device:CPU:0,0.0,0.0
_arg_3ZB4wTs7SX_0_113,Placeholder,/job:localhost/replica:0/task:0/device:CPU:0,0.0,0.0
_arg_2xBoJPrpwG_0_87,Placeholder,/job:localhost/replica:0/task:0/device:CPU:0,0.0,0.0
_arg_46oMAqOTvm_0_121,Placeholder,/job:localhost/replica:0/task:0/device:CPU:0,0.0,0.0
_arg_36RIlgymKs_0_94,Placeholder,/job:localhost/replica:0/task:0/device:CPU:0,0.0,0.0
_arg_38UEeHVuy7_0_98,Placeholder,/job:localhost/replica:0/task:0/device:CPU:0,0.0,0.0
_arg_2IDqzn81QW_0_71,Placeholder,/job:localhost/replica:0/task:0/device:CPU:0,0.0,0.0
_arg_2XpuLba81B_0_75,Placeholder,/job:localhost/replica:0/task:0/device:CPU:0,0.0,0.0
_arg_2lmeNYaML9_0_80,Placeholder,/job:localhost/replica:0/task:0/device:CPU:0,0.0,0.0
_arg_2mvuPB1Vb5_0_82,Placeholder,/job:localhost/replica:0/task:0/device:CPU:0,0.0,0.0
_arg_4DXek7jTKH_0_122,Placeholder,/job:localhost/replica:0/task:0/device:CPU:0,0.0,0.0
_arg_35G1kSoycD_0_91,Placeholder,/job:localhost/replica:0/task:0/device:CPU:0,0.0,0.0
_arg_36sTOIK2fe_0_95,Placeholder,/job:localhost/replica:0/task:0/device:CPU:0,0.0,0.0
_arg_24IO6rzGAD_0_61,Placeholder,/job:localhost/replica:0/task:0/device:CPU:0,0.0,0.0
_arg_3bPZOelaSC_0_114,Placeholder,/job:localhost/replica:0/task:0/device:CPU:0,0.0,0.0
_arg_3k6PEU2cgC_0_117,Placeholder,/job:localhost/replica:0/task:0/device:CPU:0,0.0,0.0
_arg_2ov6FRnWbS_0_83,Placeholder,/job:localhost/replica:0/task:0/device:CPU:0,0.0,0.0
_arg_4PpxjaB3A5_0_125,Placeholder,/job:localhost/replica:0/task:0/device:CPU:0,0.0,0.0
_arg_4b0xo52hZq_0_129,Placeholder,/job:localhost/replica:0/task:0/device:CPU:0,0.0,0.0
_arg_371otCskUW_0_96,Placeholder,/job:localhost/replica:0/task:0/device:CPU:0,0.0,0.0
_arg_3R9hPK2EqU_0_107,Placeholder,/job:localhost/replica:0/task:0/device:CPU:0,0.0,0.0
_arg_3UX8PiuhLw_0_110,Placeholder,/job:localhost/replica:0/task:0/device:CPU:0,0.0,0.0
_arg_2KGYyXRwW1_0_72,Placeholder,/job:localhost/replica:0/task:0/device:CPU:0,0.0,0.0
_arg_4EdX23efID_0_123,Placeholder,/job:localhost/replica:0/task:0/device:CPU:0,0.0,0.0
_arg_4RQPqxFfb7_0_126,Placeholder,/job:localhost/replica:0/task:0/device:CPU:0,0.0,0.0
_arg_2yGSpiCFul_0_88,Placeholder,/job:localhost/replica:0/task:0/device:CPU:0,0.0,0.0
_arg_35g9VXcnOU_0_92,Placeholder,/job:localhost/replica:0/task:0/device:CPU:0,0.0,0.0
_arg_5693o8Q7zX_0_141,Placeholder,/job:localhost/replica:0/task:0/device:CPU:0,0.0,0.0
_arg_3MCrYzEqZL_0_103,Placeholder,/job:localhost/replica:0/task:0/device:CPU:0,0.0,0.0
_arg_5Gow87FNj1_0_152,Placeholder,/job:localhost/replica:0/task:0/device:CPU:0,0.0,0.0
_arg_3cQeVszH7G_0_115,Placeholder,/job:localhost/replica:0/task:0/device:CPU:0,0.0,0.0
_arg_3ru7zlW9Mq_0_118,Placeholder,/job:localhost/replica:0/task:0/device:CPU:0,0.0,0.0
_arg_4YvDdlo6Bm_0_127,Placeholder,/job:localhost/replica:0/task:0/device:CPU:0,0.0,0.0
_arg_4eCJn2IgTR_0_132,Placeholder,/job:localhost/replica:0/task:0/device:CPU:0,0.0,0.0
_arg_51uJaRBjPd_0_137,Placeholder,/job:localhost/replica:0/task:0/device:CPU:0,0.0,0.0
_arg_56wUdhrmuv_0_142,Placeholder,/job:localhost/replica:0/task:0/device:CPU:0,0.0,0.0
_arg_5BTtFJ6RrO_0_144,Placeholder,/job:localhost/replica:0/task:0/device:CPU:0,0.0,0.0
_arg_3MgJh8enFm_0_104,Placeholder,/job:localhost/replica:0/task:0/device:CPU:0,0.0,0.0
_arg_5HbxnESQGc_0_153,Placeholder,/job:localhost/replica:0/task:0/device:CPU:0,0.0,0.0
_arg_5Q78hyLfeo_0_156,Placeholder,/job:localhost/replica:0/task:0/device:CPU:0,0.0,0.0
_arg_3iAadroLUV_0_116,Placeholder,/job:localhost/replica:0/task:0/device:CPU:0,0.0,0.0
_arg_40u3SJACcU_0_119,Placeholder,/job:localhost/replica:0/task:0/device:CPU:0,0.0,0.0
_arg_5yE4buxPtc_0_171,Placeholder,/job:localhost/replica:0/task:0/device:CPU:0,0.0,0.0
_arg_4ZHCYX7PUS_0_128,Placeholder,/job:localhost/replica:0/task:0/device:CPU:0,0.0,0.0
_arg_4dkT1wWrLZ_0_131,Placeholder,/job:localhost/replica:0/task:0/device:CPU:0,0.0,0.0
_arg_51vIRKqFSC_0_138,Placeholder,/job:localhost/replica:0/task:0/device:CPU:0,0.0,0.0
_arg_57wkn9aM46_0_143,Placeholder,/job:localhost/replica:0/task:0/device:CPU:0,0.0,0.0
_arg_5BjUqW0Ygi_0_145,Placeholder,/job:localhost/replica:0/task:0/device:CPU:0,0.0,0.0
_arg_3CX7y0U4OK_0_100,Placeholder,/job:localhost/replica:0/task:0/device:CPU:0,0.0,0.0
_arg_5NBm3vX17V_0_154,Placeholder,/job:localhost/replica:0/task:0/device:CPU:0,0.0,0.0
_arg_3WQqS8uvs2_0_111,Placeholder,/job:localhost/replica:0/task:0/device:CPU:0,0.0,0.0
_arg_7NuRbGHwpt_0_214,Placeholder,/job:localhost/replica:0/task:0/device:CPU:0,0.0,0.0
_arg_45JRXcHlgK_0_120,Placeholder,/job:localhost/replica:0/task:0/device:CPU:0,0.0,0.0
_arg_5hqRscZlnN_0_167,Placeholder,/job:localhost/replica:0/task:0/device:CPU:0,0.0,0.0
_arg_5zQth1yTZx_0_175,Placeholder,/job:localhost/replica:0/task:0/device:CPU:0,0.0,0.0
_arg_520sQxgTkl_0_139,Placeholder,/job:localhost/replica:0/task:0/device:CPU:0,0.0,0.0
_arg_6SMCfwDBd5_0_187,Placeholder,/job:localhost/replica:0/task:0/device:CPU:0,0.0,0.0
_arg_5CMDNqaljS_0_146,Placeholder,/job:localhost/replica:0/task:0/device:CPU:0,0.0,0.0
_arg_5CsbxvBdAL_0_148,Placeholder,/job:localhost/replica:0/task:0/device:CPU:0,0.0,0.0
_arg_5P8kxsRu2h_0_155,Placeholder,/job:localhost/replica:0/task:0/device:CPU:0,0.0,0.0
_arg_5Si7QFLwkN_0_158,Placeholder,/job:localhost/replica:0/task:0/device:CPU:0,0.0,0.0
_arg_5Um6DqnkMV_0_160,Placeholder,/job:localhost/replica:0/task:0/device:CPU:0,0.0,0.0
_arg_3X5VpdIOc9_0_112,Placeholder,/job:localhost/replica:0/task:0/device:CPU:0,0.0,0.0
_arg_7Ou1ynJErd_0_215,Placeholder,/job:localhost/replica:0/task:0/device:CPU:0,0.0,0.0
_arg_7VURJl85mF_0_218,Placeholder,/job:localhost/replica:0/task:0/device:CPU:0,0.0,0.0
_arg_5ahZdBGbjX_0_164,Placeholder,/job:localhost/replica:0/task:0/device:CPU:0,0.0,0.0
_arg_5ilQCqO2jJ_0_168,Placeholder,/job:localhost/replica:0/task:0/device:CPU:0,0.0,0.0
_arg_5ykOCisaXw_0_173,Placeholder,/job:localhost/replica:0/task:0/device:CPU:0,0.0,0.0
_arg_4jRiuY9F6W_0_134,Placeholder,/job:localhost/replica:0/task:0/device:CPU:0,0.0,0.0
_arg_692KYQ7iPj_0_179,Placeholder,/job:localhost/replica:0/task:0/device:CPU:0,0.0,0.0
_arg_6BitDdOJR1_0_183,Placeholder,/job:localhost/replica:0/task:0/device:CPU:0,0.0,0.0
_arg_5CQwe7V2NZ_0_147,Placeholder,/job:localhost/replica:0/task:0/device:CPU:0,0.0,0.0
_arg_6ot2D0PjBn_0_195,Placeholder,/job:localhost/replica:0/task:0/device:CPU:0,0.0,0.0
_arg_5SrVKd0igI_0_159,Placeholder,/job:localhost/replica:0/task:0/device:CPU:0,0.0,0.0
_arg_5Y9QILKfJb_0_161,Placeholder,/job:localhost/replica:0/task:0/device:CPU:0,0.0,0.0
_arg_7BG64ebRxz_0_207,Placeholder,/job:localhost/replica:0/task:0/device:CPU:0,0.0,0.0
_arg_7ZABSOCMtl_0_219,Placeholder,/job:localhost/replica:0/task:0/device:CPU:0,0.0,0.0
_arg_5cfTgFJyPX_0_165,Placeholder,/job:localhost/replica:0/task:0/device:CPU:0,0.0,0.0
_arg_5onU4OB0Yf_0_169,Placeholder,/job:localhost/replica:0/task:0/device:CPU:0,0.0,0.0
_arg_610S8JdQ3j_0_176,Placeholder,/job:localhost/replica:0/task:0/device:CPU:0,0.0,0.0
_arg_6C2xqJbSf3_0_184,Placeholder,/job:localhost/replica:0/task:0/device:CPU:0,0.0,0.0
_arg_6dCcsU3GA9_0_191,Placeholder,/job:localhost/replica:0/task:0/device:CPU:0,0.0,0.0
_arg_6qUFwCsSXI_0_196,Placeholder,/job:localhost/replica:0/task:0/device:CPU:0,0.0,0.0
_arg_5ZmqFCQdMx_0_162,Placeholder,/job:localhost/replica:0/task:0/device:CPU:0,0.0,0.0
_arg_76RPb8oQj0_0_203,Placeholder,/job:localhost/replica:0/task:0/device:CPU:0,0.0,0.0
_arg_7DhSbzywR8_0_208,Placeholder,/job:localhost/replica:0/task:0/device:CPU:0,0.0,0.0
_arg_7FYDhRdOWp_0_211,Placeholder,/job:localhost/replica:0/task:0/device:CPU:0,0.0,0.0
_arg_7TOjRgpuhJ_0_217,Placeholder,/job:localhost/replica:0/task:0/device:CPU:0,0.0,0.0
_arg_7ZpaNo8Pke_0_220,Placeholder,/job:localhost/replica:0/task:0/device:CPU:0,0.0,0.0
_arg_7kzwATGRaV_0_223,Placeholder,/job:localhost/replica:0/task:0/device:CPU:0,0.0,0.0
_arg_7w6n2QpDvP_0_226,Placeholder,/job:localhost/replica:0/task:0/device:CPU:0,0.0,0.0
_arg_5zLZC6kets_0_174,Placeholder,/job:localhost/replica:0/task:0/device:CPU:0,0.0,0.0
_arg_6A0k48KS2I_0_181,Placeholder,/job:localhost/replica:0/task:0/device:CPU:0,0.0,0.0
_arg_6Dolsuxbry_0_185,Placeholder,/job:localhost/replica:0/task:0/device:CPU:0,0.0,0.0
_arg_6SV53oeThu_0_188,Placeholder,/job:localhost/replica:0/task:0/device:CPU:0,0.0,0.0
_arg_6lJbZQMpUk_0_192,Placeholder,/job:localhost/replica:0/task:0/device:CPU:0,0.0,0.0
_arg_5ZrgmRIjk4_0_163,Placeholder,/job:localhost/replica:0/task:0/device:CPU:0,0.0,0.0
_arg_6wxXH3jqyl_0_199,Placeholder,/job:localhost/replica:0/task:0/device:CPU:0,0.0,0.0
_arg_78urAYxZUf_0_204,Placeholder,/job:localhost/replica:0/task:0/device:CPU:0,0.0,0.0
_arg_7EUN6gyozA_0_209,Placeholder,/job:localhost/replica:0/task:0/device:CPU:0,0.0,0.0
_arg_7JVz2waTHA_0_212,Placeholder,/job:localhost/replica:0/task:0/device:CPU:0,0.0,0.0
_arg_9YyuA3UICc_0_281,Placeholder,/job:localhost/replica:0/task:0/device:CPU:0,0.0,0.0
_arg_7rtW9ZCkXf_0_224,Placeholder,/job:localhost/replica:0/task:0/device:CPU:0,0.0,0.0
_arg_803GI4LDOu_0_227,Placeholder,/job:localhost/replica:0/task:0/device:CPU:0,0.0,0.0
_arg_84MURk5F9w_0_230,Placeholder,/job:localhost/replica:0/task:0/device:CPU:0,0.0,0.0
_arg_87NUVjtJ6a_0_234,Placeholder,/job:localhost/replica:0/task:0/device:CPU:0,0.0,0.0
_arg_67S1ne8tZJ_0_178,Placeholder,/job:localhost/replica:0/task:0/device:CPU:0,0.0,0.0
_arg_6Kbl0ML1hz_0_186,Placeholder,/job:localhost/replica:0/task:0/device:CPU:0,0.0,0.0
_arg_6TYWIELcP2_0_189,Placeholder,/job:localhost/replica:0/task:0/device:CPU:0,0.0,0.0
_arg_6mMQge9uBh_0_193,Placeholder,/job:localhost/replica:0/task:0/device:CPU:0,0.0,0.0
_arg_6qwOBDCYj5_0_197,Placeholder,/job:localhost/replica:0/task:0/device:CPU:0,0.0,0.0
_arg_6yOXIx81bz_0_200,Placeholder,/job:localhost/replica:0/task:0/device:CPU:0,0.0,0.0
_arg_78zOosYPhK_0_205,Placeholder,/job:localhost/replica:0/task:0/device:CPU:0,0.0,0.0
_arg_9RjVcpWqLf_0_277,Placeholder,/job:localhost/replica:0/task:0/device:CPU:0,0.0,0.0
_arg_7MT8CJzv2y_0_213,Placeholder,/job:localhost/replica:0/task:0/device:CPU:0,0.0,0.0
_arg_9lJ7gYruyv_0_285,Placeholder,/job:localhost/replica:0/task:0/device:CPU:0,0.0,0.0
_arg_7tUnFLyeqh_0_225,Placeholder,/job:localhost/replica:0/task:0/device:CPU:0,0.0,0.0
_arg_80cGq6iLNF_0_228,Placeholder,/job:localhost/replica:0/task:0/device:CPU:0,0.0,0.0
_arg_8PUOtuQ1KI_0_243,Placeholder,/job:localhost/replica:0/task:0/device:CPU:0,0.0,0.0
_arg_8Rjm3iUDM7_0_246,Placeholder,/job:localhost/replica:0/task:0/device:CPU:0,0.0,0.0
_arg_6ve2cKHzfk_0_198,Placeholder,/job:localhost/replica:0/task:0/device:CPU:0,0.0,0.0
_arg_6zyPHWNrSg_0_201,Placeholder,/job:localhost/replica:0/task:0/device:CPU:0,0.0,0.0
_arg_9lxufU8HGc_0_286,Placeholder,/job:localhost/replica:0/task:0/device:CPU:0,0.0,0.0
_arg_9u1lcdpG2g_0_290,Placeholder,/job:localhost/replica:0/task:0/device:CPU:0,0.0,0.0
_arg_81labZPV3y_0_229,Placeholder,/job:localhost/replica:0/task:0/device:CPU:0,0.0,0.0
_arg_89pwy0gWTh_0_236,Placeholder,/job:localhost/replica:0/task:0/device:CPU:0,0.0,0.0
_arg_8Pvu56I4GF_0_244,Placeholder,/job:localhost/replica:0/task:0/device:CPU:0,0.0,0.0
_arg_8TqXIWrSpu_0_247,Placeholder,/job:localhost/replica:0/task:0/device:CPU:0,0.0,0.0
_arg_8kFKLO3wEA_0_254,Placeholder,/job:localhost/replica:0/task:0/device:CPU:0,0.0,0.0
_arg_8miWD2GOYp_0_259,Placeholder,/job:localhost/replica:0/task:0/device:CPU:0,0.0,0.0
_arg_8vuSQNgpqi_0_267,Placeholder,/job:localhost/replica:0/task:0/device:CPU:0,0.0,0.0
_arg_6myc5MAvEw_0_194,Placeholder,/job:localhost/replica:0/task:0/device:CPU:0,0.0,0.0
_arg_9Iv65OCLPi_0_274,Placeholder,/job:localhost/replica:0/task:0/device:CPU:0,0.0,0.0
_arg_70uhxHM92f_0_202,Placeholder,/job:localhost/replica:0/task:0/device:CPU:0,0.0,0.0
_arg_9gHAtEn17G_0_283,Placeholder,/job:localhost/replica:0/task:0/device:CPU:0,0.0,0.0
_arg_9m2kjXH5sU_0_287,Placeholder,/job:localhost/replica:0/task:0/device:CPU:0,0.0,0.0
_arg_9uUmcKWtey_0_291,Placeholder,/job:localhost/replica:0/task:0/device:CPU:0,0.0,0.0
_arg_87EPjdvTB2_0_233,Placeholder,/job:localhost/replica:0/task:0/device:CPU:0,0.0,0.0
_arg_8AXt4ZeCRi_0_237,Placeholder,/job:localhost/replica:0/task:0/device:CPU:0,0.0,0.0
_arg_8QzSJBL9ke_0_245,Placeholder,/job:localhost/replica:0/task:0/device:CPU:0,0.0,0.0
_arg_8j47aZceb9_0_253,Placeholder,/job:localhost/replica:0/task:0/device:CPU:0,0.0,0.0
_arg_8raAMRPyiz_0_263,Placeholder,/job:localhost/replica:0/task:0/device:CPU:0,0.0,0.0
_arg_8yjvPhSgH7_0_268,Placeholder,/job:localhost/replica:0/task:0/device:CPU:0,0.0,0.0
_arg_9JO7CNAjma_0_275,Placeholder,/job:localhost/replica:0/task:0/device:CPU:0,0.0,0.0
_arg_9SOxF8Ewsh_0_278,Placeholder,/job:localhost/replica:0/task:0/device:CPU:0,0.0,0.0
_arg_9gnMNosdaE_0_284,Placeholder,/job:localhost/replica:0/task:0/device:CPU:0,0.0,0.0
_arg_9s4cyONRWU_0_288,Placeholder,/job:localhost/replica:0/task:0/device:CPU:0,0.0,0.0
_arg_8VlZdSGj79_0_249,Placeholder,/job:localhost/replica:0/task:0/device:CPU:0,0.0,0.0
_arg_8lGXsx976C_0_256,Placeholder,/job:localhost/replica:0/task:0/device:CPU:0,0.0,0.0
_arg_8q7Pv9TclD_0_261,Placeholder,/job:localhost/replica:0/task:0/device:CPU:0,0.0,0.0
_arg_8sgt5Mloc3_0_264,Placeholder,/job:localhost/replica:0/task:0/device:CPU:0,0.0,0.0
_arg_9C5XUcopTK_0_269,Placeholder,/job:localhost/replica:0/task:0/device:CPU:0,0.0,0.0
_arg_9DRwzNhVkp_0_271,Placeholder,/job:localhost/replica:0/task:0/device:CPU:0,0.0,0.0
_arg_9PTbG7Xri1_0_276,Placeholder,/job:localhost/replica:0/task:0/device:CPU:0,0.0,0.0
_arg_9VfEtMTUxb_0_279,Placeholder,/job:localhost/replica:0/task:0/device:CPU:0,0.0,0.0
_arg_8lXnbqKZci_0_257,Placeholder,/job:localhost/replica:0/task:0/device:CPU:0,0.0,0.0
_arg_8utZNVbe72_0_265,Placeholder,/job:localhost/replica:0/task:0/device:CPU:0,0.0,0.0
_arg_RSlK0uf7Z9_0_811,Placeholder,/job:localhost/replica:0/task:0/device:CPU:0,0.0,0.0
_arg_RbOKD0Atr1_0_815,Placeholder,/job:localhost/replica:0/task:0/device:CPU:0,0.0,0.0
_arg_ROaGJiDpr8_0_808,Placeholder,/job:localhost/replica:0/task:0/device:CPU:0,0.0,0.0
_arg_9EUoemAGlO_0_273,Placeholder,/job:localhost/replica:0/task:0/device:CPU:0,0.0,0.0
_arg_S2hMKzYaoQ_0_827,Placeholder,/job:localhost/replica:0/task:0/device:CPU:0,0.0,0.0
_arg_S9dI1XzJKq_0_831,Placeholder,/job:localhost/replica:0/task:0/device:CPU:0,0.0,0.0
_arg_SHVzh6CWFs_0_832,Placeholder,/job:localhost/replica:0/task:0/device:CPU:0,0.0,0.0
_arg_SQBVg8zZ2l_0_839,Placeholder,/job:localhost/replica:0/task:0/device:CPU:0,0.0,0.0
_arg_SNGBTlM06Y_0_837,Placeholder,/job:localhost/replica:0/task:0/device:CPU:0,0.0,0.0
_arg_SQBv9eX8ns_0_840,Placeholder,/job:localhost/replica:0/task:0/device:CPU:0,0.0,0.0
_arg_S37X6Kw45N_0_828,Placeholder,/job:localhost/replica:0/task:0/device:CPU:0,0.0,0.0
_arg_Thb9wC8sUu_0_876,Placeholder,/job:localhost/replica:0/task:0/device:CPU:0,0.0,0.0
_arg_TqykIoJSW8_0_879,Placeholder,/job:localhost/replica:0/task:0/device:CPU:0,0.0,0.0
_arg_U0bFvZm6WE_0_884,Placeholder,/job:localhost/replica:0/task:0/device:CPU:0,0.0,0.0
_arg_UN1O5hCErK_0_888,Placeholder,/job:localhost/replica:0/task:0/device:CPU:0,0.0,0.0
_arg_U6VRYPZavl_0_885,Placeholder,/job:localhost/replica:0/task:0/device:CPU:0,0.0,0.0
_arg_V9jSPkbUFA_0_908,Placeholder,/job:localhost/replica:0/task:0/device:CPU:0,0.0,0.0
_arg_VNSlq6tRWd_0_911,Placeholder,/job:localhost/replica:0/task:0/device:CPU:0,0.0,0.0
_arg_VWA5nQI70C_0_916,Placeholder,/job:localhost/replica:0/task:0/device:CPU:0,0.0,0.0
_arg_VgZNsliTzO_0_922,Placeholder,/job:localhost/replica:0/task:0/device:CPU:0,0.0,0.0
_arg_W23bH5JsPQ_0_930,Placeholder,/job:localhost/replica:0/task:0/device:CPU:0,0.0,0.0
_arg_VNsZWnM3JE_0_912,Placeholder,/job:localhost/replica:0/task:0/device:CPU:0,0.0,0.0
_arg_Vc4Ar1HWp8_0_917,Placeholder,/job:localhost/replica:0/task:0/device:CPU:0,0.0,0.0
_arg_Vg4M3OQxle_0_920,Placeholder,/job:localhost/replica:0/task:0/device:CPU:0,0.0,0.0
_arg_VDE4IWRP27_0_909,Placeholder,/job:localhost/replica:0/task:0/device:CPU:0,0.0,0.0
_arg_W2zOyRosbq_0_931,Placeholder,/job:localhost/replica:0/task:0/device:CPU:0,0.0,0.0
_arg_TjGsvfS6L0_0_877,Placeholder,/job:localhost/replica:0/task:0/device:CPU:0,0.0,0.0
_arg_Vgv7SM2kGs_0_923,Placeholder,/job:localhost/replica:0/task:0/device:CPU:0,0.0,0.0
_arg_UOKVF5rqA7_0_889,Placeholder,/job:localhost/replica:0/task:0/device:CPU:0,0.0,0.0
_arg_VgMGZlm9va_0_921,Placeholder,/job:localhost/replica:0/task:0/device:CPU:0,0.0,0.0
_arg_VjzQvnZKBC_0_924,Placeholder,/job:localhost/replica:0/task:0/device:CPU:0,0.0,0.0
_arg_W0JtcbIFyR_0_929,Placeholder,/job:localhost/replica:0/task:0/device:CPU:0,0.0,0.0
_arg_Tup2h6zlH5_0_881,Placeholder,/job:localhost/replica:0/task:0/device:CPU:0,0.0,0.0
_arg_VOS90aQ863_0_913,Placeholder,/job:localhost/replica:0/task:0/device:CPU:0,0.0,0.0
_arg_Vjzs0BLw38_0_925,Placeholder,/job:localhost/replica:0/task:0/device:CPU:0,0.0,0.0
_arg_SKp0biyG7l_0_834,Placeholder,/job:localhost/replica:0/task:0/device:CPU:0,0.0,0.0
_arg_SNQJpcOfZ1_0_838,Placeholder,/job:localhost/replica:0/task:0/device:CPU:0,0.0,0.0
_arg_SQfMN6lyic_0_841,Placeholder,/job:localhost/replica:0/task:0/device:CPU:0,0.0,0.0
_arg_SYiZD6aT9p_0_847,Placeholder,/job:localhost/replica:0/task:0/device:CPU:0,0.0,0.0
_arg_SfxuQe5OFW_0_851,Placeholder,/job:localhost/replica:0/task:0/device:CPU:0,0.0,0.0
_arg_St6wzKCEri_0_855,Placeholder,/job:localhost/replica:0/task:0/device:CPU:0,0.0,0.0
_arg_THVhNWbUes_0_870,Placeholder,/job:localhost/replica:0/task:0/device:CPU:0,0.0,0.0
_arg_SRKAFMQYLk_0_842,Placeholder,/job:localhost/replica:0/task:0/device:CPU:0,0.0,0.0
_arg_SWrjZwT65O_0_845,Placeholder,/job:localhost/replica:0/task:0/device:CPU:0,0.0,0.0
_arg_RJoxT61NHv_0_805,Placeholder,/job:localhost/replica:0/task:0/device:CPU:0,0.0,0.0
_arg_RP1bIwH9tq_0_809,Placeholder,/job:localhost/replica:0/task:0/device:CPU:0,0.0,0.0
_arg_ReMUAgSLdI_0_816,Placeholder,/job:localhost/replica:0/task:0/device:CPU:0,0.0,0.0
_arg_RfoKCBj93t_0_820,Placeholder,/job:localhost/replica:0/task:0/device:CPU:0,0.0,0.0
_arg_S8QL2y9jOC_0_830,Placeholder,/job:localhost/replica:0/task:0/device:CPU:0,0.0,0.0
_arg_VP9ugsKh1E_0_914,Placeholder,/job:localhost/replica:0/task:0/device:CPU:0,0.0,0.0
_arg_VdeBLwXAjr_0_918,Placeholder,/job:localhost/replica:0/task:0/device:CPU:0,0.0,0.0
_arg_SY1lfH25mg_0_846,Placeholder,/job:localhost/replica:0/task:0/device:CPU:0,0.0,0.0
_arg_SaPut3Mvio_0_848,Placeholder,/job:localhost/replica:0/task:0/device:CPU:0,0.0,0.0
_arg_Sheb609Clw_0_852,Placeholder,/job:localhost/replica:0/task:0/device:CPU:0,0.0,0.0
_arg_RSFnJPCwhv_0_810,Placeholder,/job:localhost/replica:0/task:0/device:CPU:0,0.0,0.0
_arg_Refan2Z7bx_0_817,Placeholder,/job:localhost/replica:0/task:0/device:CPU:0,0.0,0.0
_arg_TCKxpY6y5I_0_868,Placeholder,/job:localhost/replica:0/task:0/device:CPU:0,0.0,0.0
_arg_RlVrkoKhM7_0_825,Placeholder,/job:localhost/replica:0/task:0/device:CPU:0,0.0,0.0
_arg_TqHGunmpJ2_0_878,Placeholder,/job:localhost/replica:0/task:0/device:CPU:0,0.0,0.0
_arg_U0KaEfzuDb_0_883,Placeholder,/job:localhost/replica:0/task:0/device:CPU:0,0.0,0.0
_arg_U8BVhf6R1N_0_886,Placeholder,/job:localhost/replica:0/task:0/device:CPU:0,0.0,0.0
_arg_UYdrALZau3_0_894,Placeholder,/job:localhost/replica:0/task:0/device:CPU:0,0.0,0.0
_arg_Sn5rLP27Ej_0_853,Placeholder,/job:localhost/replica:0/task:0/device:CPU:0,0.0,0.0
_arg_RLpAn15kXl_0_806,Placeholder,/job:localhost/replica:0/task:0/device:CPU:0,0.0,0.0
_arg_RenA8KXMQ6_0_818,Placeholder,/job:localhost/replica:0/task:0/device:CPU:0,0.0,0.0
_arg_Rh7YFuzxeG_0_821,Placeholder,/job:localhost/replica:0/task:0/device:CPU:0,0.0,0.0
_arg_UHWh4Ijq5g_0_887,Placeholder,/job:localhost/replica:0/task:0/device:CPU:0,0.0,0.0
_arg_US7TqY1EP6_0_891,Placeholder,/job:localhost/replica:0/task:0/device:CPU:0,0.0,0.0
_arg_UeSI3H45mn_0_895,Placeholder,/job:localhost/replica:0/task:0/device:CPU:0,0.0,0.0
_arg_UuQJw2tng6_0_902,Placeholder,/job:localhost/replica:0/task:0/device:CPU:0,0.0,0.0
_arg_StxpVLdz2n_0_856,Placeholder,/job:localhost/replica:0/task:0/device:CPU:0,0.0,0.0
_arg_T3WKzDrGQ0_0_861,Placeholder,/job:localhost/replica:0/task:0/device:CPU:0,0.0,0.0
_arg_T90LxZvnAr_0_865,Placeholder,/job:localhost/replica:0/task:0/device:CPU:0,0.0,0.0
_arg_TNa36DGc7j_0_871,Placeholder,/job:localhost/replica:0/task:0/device:CPU:0,0.0,0.0
_arg_RhjIcWnl0y_0_822,Placeholder,/job:localhost/replica:0/task:0/device:CPU:0,0.0,0.0
_arg_UVqElRTcfv_0_892,Placeholder,/job:localhost/replica:0/task:0/device:CPU:0,0.0,0.0
_arg_Un12IbtMAg_0_898,Placeholder,/job:localhost/replica:0/task:0/device:CPU:0,0.0,0.0
_arg_UxF2sNcBCw_0_903,Placeholder,/job:localhost/replica:0/task:0/device:CPU:0,0.0,0.0
_arg_Sn80deWqx3_0_854,Placeholder,/job:localhost/replica:0/task:0/device:CPU:0,0.0,0.0
_arg_VRNZsmwaSx_0_915,Placeholder,/job:localhost/replica:0/task:0/device:CPU:0,0.0,0.0
_arg_TAzHYlgL4Q_0_866,Placeholder,/job:localhost/replica:0/task:0/device:CPU:0,0.0,0.0
_arg_TDvJgWySel_0_869,Placeholder,/job:localhost/replica:0/task:0/device:CPU:0,0.0,0.0
_arg_RYFZ2pthrc_0_814,Placeholder,/job:localhost/replica:0/task:0/device:CPU:0,0.0,0.0
_arg_UXS4vChQrJ_0_893,Placeholder,/job:localhost/replica:0/task:0/device:CPU:0,0.0,0.0
_arg_V0gSHzDwr8_0_906,Placeholder,/job:localhost/replica:0/task:0/device:CPU:0,0.0,0.0
_arg_VNFm1qf6SB_0_910,Placeholder,/job:localhost/replica:0/task:0/device:CPU:0,0.0,0.0
_arg_T4uEBZYmaC_0_862,Placeholder,/job:localhost/replica:0/task:0/device:CPU:0,0.0,0.0
_arg_TUJ3LPKWsg_0_872,Placeholder,/job:localhost/replica:0/task:0/device:CPU:0,0.0,0.0
_arg_Uoltxk8wmc_0_900,Placeholder,/job:localhost/replica:0/task:0/device:CPU:0,0.0,0.0
_arg_SeJjBxoaFH_0_850,Placeholder,/job:localhost/replica:0/task:0/device:CPU:0,0.0,0.0
_retval_eMkX7qaGpY_0_11,Mean,/job:localhost/replica:0/task:0/device:CPU:0,0.0,0.0
_retval_4iTkmPSqfJ_0_1,Prod,/job:localhost/replica:0/task:0/device:CPU:0,0.0,0.0
_retval_Zw36HnmKdN_0_9,Mean,/job:localhost/replica:0/task:0/device:CPU:0,0.0,0.0
_retval_fW6rmlPvhK_0_13,Mean,/job:localhost/replica:0/task:0/device:CPU:0,0.0,0.0
_retval_ek7Y8rO4Cf_0_12,Prod,/job:localhost/replica:0/task:0/device:CPU:0,0.0,0.0
_retval_aesduLtYmP_0_10,Prod,/job:localhost/replica:0/task:0/device:CPU:0,0.0,0.0
_SOURCE,Unknown,/job:localhost/replica:0/task:0/device:MUSA:0,0.0,0.0
9OheT3X06S,Reshape,/job:localhost/replica:0/task:0/device:MUSA:0,0.0,0.0
HEDshBdXSI,Select,/job:localhost/replica:0/task:0/device:MUSA:0,0.0,0.0
TA04giNk56,Squeeze,/job:localhost/replica:0/task:0/device:MUSA:0,0.0,0.0
zKXkJugYxt,Select,/job:localhost/replica:0/task:0/device:MUSA:0,0.0,0.0
PHmiAMoDY1,Select,/job:localhost/replica:0/task:0/device:MUSA:0,0.0,0.0
gWFQrtIkdZ,Squeeze,/job:localhost/replica:0/task:0/device:MUSA:0,0.0,0.0
Ctf6yLjcU7,Squeeze,/job:localhost/replica:0/task:0/device:MUSA:0,0.0,0.0
iKyBc8PDjp,Squeeze,/job:localhost/replica:0/task:0/device:MUSA:0,0.0,0.0
iJFxjEgXTZ,Squeeze,/job:localhost/replica:0/task:0/device:MUSA:0,0.0,0.0
2J6pfsrCw7,Squeeze,/job:localhost/replica:0/task:0/device:MUSA:0,0.0,0.0
ALwe6ZUaXN,Tile,/job:localhost/replica:0/task:0/device:MUSA:0,0.0,0.0
QpOYu2HFmy,Reshape,/job:localhost/replica:0/task:0/device:MUSA:0,0.0,0.0
CwZhB4eoRM,Reshape,/job:localhost/replica:0/task:0/device:MUSA:0,0.0,0.0
dFSy6Qvaqj,Reshape,/job:localhost/replica:0/task:0/device:MUSA:0,0.0,0.0
pFxawCf46t,Reshape,/job:localhost/replica:0/task:0/device:MUSA:0,0.0,0.0
mZLMpkEG3v,Reshape,/job:localhost/replica:0/task:0/device:MUSA:0,0.0,0.0
5ycJQkXjCB,Reshape,/job:localhost/replica:0/task:0/device:MUSA:0,0.0,0.0
wUFqYe6xM8,Reshape,/job:localhost/replica:0/task:0/device:MUSA:0,0.0,0.0
2CGOuVbwBe,Reshape,/job:localhost/replica:0/task:0/device:MUSA:0,0.0,0.0
johqkXDdYN,Reshape,/job:localhost/replica:0/task:0/device:MUSA:0,0.0,0.0
HLm9eGpi7M,Reshape,/job:localhost/replica:0/task:0/device:MUSA:0,0.0,0.0
0amRfpeYVi,Reshape,/job:localhost/replica:0/task:0/device:MUSA:0,0.0,0.0
QfagvnCZ4B,Reshape,/job:localhost/replica:0/task:0/device:MUSA:0,0.0,0.0
ZKDSGHFpjA,Reshape,/job:localhost/replica:0/task:0/device:MUSA:0,0.0,0.0
Nb0icfnzoH,Reshape,/job:localhost/replica:0/task:0/device:MUSA:0,0.0,0.0
XO74gB9qC8,Reshape,/job:localhost/replica:0/task:0/device:MUSA:0,0.0,0.0
CSeJIFRHu8,Reshape,/job:localhost/replica:0/task:0/device:MUSA:0,0.0,0.0
XuTDs07Avi,Shape,/job:localhost/replica:0/task:0/device:MUSA:0,0.0,0.0
EL6spMonQA,Reshape,/job:localhost/replica:0/task:0/device:MUSA:0,0.0,0.0
xKZAjt2bXY,Reshape,/job:localhost/replica:0/task:0/device:MUSA:0,0.0,0.0
Nr2AUcGIw5,Reshape,/job:localhost/replica:0/task:0/device:MUSA:0,0.0,0.0
uhlOjKzpQA,Reshape,/job:localhost/replica:0/task:0/device:MUSA:0,0.0,0.0
sJ6lRA4aEY,Reshape,/job:localhost/replica:0/task:0/device:MUSA:0,0.0,0.0
KxcXqfBALT,Squeeze,/job:localhost/replica:0/task:0/device:MUSA:0,0.0,0.0
y67Z0rOqJP,Mean,/job:localhost/replica:0/task:0/device:MUSA:0,0.0,0.0
eMkX7qaGpY,Mean,/job:localhost/replica:0/task:0/device:MUSA:0,0.0,0.0
RpS9PL5hzZ,Reshape,/job:localhost/replica:0/task:0/device:MUSA:0,0.0,0.0
GZSPhju8Te,Reshape,/job:localhost/replica:0/task:0/device:MUSA:0,0.0,0.0
F50WRZCiGy,Prod,/job:localhost/replica:0/task:0/device:MUSA:0,0.0,0.0
GfPZwxWnkL,Reshape,/job:localhost/replica:0/task:0/device:MUSA:0,0.0,0.0
43RGU8zgr0,Prod,/job:localhost/replica:0/task:0/device:MUSA:0,0.0,0.0
