node_name,op_type,device,time_us,time_ms
Mz3SEY4fcG,Pack,/job:localhost/replica:0/task:0/device:MUSA:0,4423.0,4.423
hOFHulfJcd,Pack,/job:localhost/replica:0/task:0/device:MUSA:0,4150.0,4.15
tWyo3H047N,Pack,/job:localhost/replica:0/task:0/device:MUSA:0,4092.0,4.092
6fWOgQD7Mi,Pack,/job:localhost/replica:0/task:0/device:MUSA:0,4036.0,4.036
ipY2Fdvuq4,Pack,/job:localhost/replica:0/task:0/device:MUSA:0,3621.0,3.621
Oyh1xKT6jJ,Pack,/job:localhost/replica:0/task:0/device:MUSA:0,3574.0,3.574
xhBfPLO3F8,Pack,/job:localhost/replica:0/task:0/device:MUSA:0,3470.0,3.47
p1BefhjKEr,Pack,/job:localhost/replica:0/task:0/device:MUSA:0,2482.0,2.482
9VCi4RmTId,Pack,/job:localhost/replica:0/task:0/device:MUSA:0,1519.0,1.519
zh4aKlEAWM,ExpandDims,/job:localhost/replica:0/task:0/device:MUSA:0,1007.0,1.007
J3WqFOn7ao,ExpandDims,/job:localhost/replica:0/task:0/device:MUSA:0,874.0,0.874
3FwvhB2OST,Slice,/job:localhost/replica:0/task:0/device:MUSA:0,674.0,0.674
TnHZmrUwxu,Slice,/job:localhost/replica:0/task:0/device:MUSA:0,670.0,0.67
OxpcFqDstS,Slice,/job:localhost/replica:0/task:0/device:MUSA:0,665.0,0.665
iKh69ZrToQ,Slice,/job:localhost/replica:0/task:0/device:MUSA:0,663.0,0.663
PE3UHtuNQa,Slice,/job:localhost/replica:0/task:0/device:MUSA:0,660.0,0.66
WahI5lpoZ7,Slice,/job:localhost/replica:0/task:0/device:MUSA:0,659.0,0.659
KD2wmTMjF5,Slice,/job:localhost/replica:0/task:0/device:MUSA:0,656.0,0.656
Zpyd91om25,Slice,/job:localhost/replica:0/task:0/device:MUSA:0,655.0,0.655
gNXDb2oi5J,Slice,/job:localhost/replica:0/task:0/device:MUSA:0,655.0,0.655
vjzqxmo0h3,Slice,/job:localhost/replica:0/task:0/device:MUSA:0,653.0,0.653
JQvyN0WlF5,Slice,/job:localhost/replica:0/task:0/device:MUSA:0,649.0,0.649
q7ZMfdWRiF,Cast,/job:localhost/replica:0/task:0/device:MUSA:0,648.0,0.648
V3jUia2MEP,Slice,/job:localhost/replica:0/task:0/device:MUSA:0,646.0,0.646
cny8WbPNtG,Cast,/job:localhost/replica:0/task:0/device:MUSA:0,645.0,0.645
BDNXSanZwU,Slice,/job:localhost/replica:0/task:0/device:MUSA:0,645.0,0.645
JInWeB4MhU,Slice,/job:localhost/replica:0/task:0/device:MUSA:0,644.0,0.644
9pRsXVenNf,Slice,/job:localhost/replica:0/task:0/device:MUSA:0,643.0,0.643
K9nTw0vDQG,Slice,/job:localhost/replica:0/task:0/device:MUSA:0,643.0,0.643
lqI02eNmwJ,Slice,/job:localhost/replica:0/task:0/device:MUSA:0,641.0,0.641
YoiQU3vwNq,Slice,/job:localhost/replica:0/task:0/device:MUSA:0,640.0,0.64
48mi53NSW0,Slice,/job:localhost/replica:0/task:0/device:MUSA:0,640.0,0.64
XvE0yFITm4,Slice,/job:localhost/replica:0/task:0/device:MUSA:0,639.0,0.639
QWfM5tPXy4,Slice,/job:localhost/replica:0/task:0/device:MUSA:0,639.0,0.639
wOqaGnpkzi,Slice,/job:localhost/replica:0/task:0/device:MUSA:0,638.0,0.638
sKxgAP8w2R,Slice,/job:localhost/replica:0/task:0/device:MUSA:0,637.0,0.637
Riq1GtNFLV,Slice,/job:localhost/replica:0/task:0/device:MUSA:0,637.0,0.637
WpVIRzgQuZ,Slice,/job:localhost/replica:0/task:0/device:MUSA:0,635.0,0.635
EfJ5FRV9sC,Slice,/job:localhost/replica:0/task:0/device:MUSA:0,634.0,0.634
hJHIpctdD8,Slice,/job:localhost/replica:0/task:0/device:MUSA:0,634.0,0.634
DwqC7dQ15S,Slice,/job:localhost/replica:0/task:0/device:MUSA:0,634.0,0.634
UQngbqVkx4,Slice,/job:localhost/replica:0/task:0/device:MUSA:0,633.0,0.633
u2s7MngixR,Slice,/job:localhost/replica:0/task:0/device:MUSA:0,632.0,0.632
IZzJbXyHfu,Slice,/job:localhost/replica:0/task:0/device:MUSA:0,631.0,0.631
QBeT4PU5y2,Slice,/job:localhost/replica:0/task:0/device:MUSA:0,630.0,0.63
zkMS30CWQ2,Slice,/job:localhost/replica:0/task:0/device:MUSA:0,630.0,0.63
eqVLEhblIz,Slice,/job:localhost/replica:0/task:0/device:MUSA:0,630.0,0.63
Jd6jFRr51k,Slice,/job:localhost/replica:0/task:0/device:MUSA:0,629.0,0.629
DdH30Rgsu4,Slice,/job:localhost/replica:0/task:0/device:MUSA:0,627.0,0.627
LNSVsmI1y6,Slice,/job:localhost/replica:0/task:0/device:MUSA:0,626.0,0.626
Erb1NBRiZH,Slice,/job:localhost/replica:0/task:0/device:MUSA:0,620.0,0.62
m8i0enptuk,Cast,/job:localhost/replica:0/task:0/device:MUSA:0,619.0,0.619
wXGo3lq2bI,Slice,/job:localhost/replica:0/task:0/device:MUSA:0,618.0,0.618
0BAb42I9D1,Slice,/job:localhost/replica:0/task:0/device:MUSA:0,616.0,0.616
SQp6gw39U2,Slice,/job:localhost/replica:0/task:0/device:MUSA:0,614.0,0.614
mwoIpe9XZv,Cast,/job:localhost/replica:0/task:0/device:MUSA:0,612.0,0.612
AsROGeQonr,Slice,/job:localhost/replica:0/task:0/device:MUSA:0,610.0,0.61
JM7HkIXO89,Slice,/job:localhost/replica:0/task:0/device:MUSA:0,607.0,0.607
jg9piml26k,Slice,/job:localhost/replica:0/task:0/device:MUSA:0,604.0,0.604
IpXFTYPsol,Slice,/job:localhost/replica:0/task:0/device:MUSA:0,603.0,0.603
7gkcnsu5wS,Slice,/job:localhost/replica:0/task:0/device:MUSA:0,603.0,0.603
70SKktLypj,Slice,/job:localhost/replica:0/task:0/device:MUSA:0,602.0,0.602
jnKpItidyv,Slice,/job:localhost/replica:0/task:0/device:MUSA:0,602.0,0.602
fuqEbTncjp,Slice,/job:localhost/replica:0/task:0/device:MUSA:0,600.0,0.6
g29XNaUExM,Slice,/job:localhost/replica:0/task:0/device:MUSA:0,599.0,0.599
KU7Vvp6X4F,Slice,/job:localhost/replica:0/task:0/device:MUSA:0,596.0,0.596
gtD73bYPjl,Slice,/job:localhost/replica:0/task:0/device:MUSA:0,589.0,0.589
TlnUw7ObKQ,Slice,/job:localhost/replica:0/task:0/device:MUSA:0,578.0,0.578
z9J8KIXEr5,Slice,/job:localhost/replica:0/task:0/device:MUSA:0,573.0,0.573
jsbIyoBP2G,RealDiv,/job:localhost/replica:0/task:0/device:MUSA:0,570.0,0.57
DTeNO0ZVnp,Slice,/job:localhost/replica:0/task:0/device:MUSA:0,563.0,0.563
vSGhL98ko1,Slice,/job:localhost/replica:0/task:0/device:MUSA:0,563.0,0.563
bBqEnCPG6A,RealDiv,/job:localhost/replica:0/task:0/device:MUSA:0,561.0,0.561
rB7kfHPyWd,Slice,/job:localhost/replica:0/task:0/device:MUSA:0,560.0,0.56
NYriyLngBI,MatMul,/job:localhost/replica:0/task:0/device:MUSA:0,559.0,0.559
Tc8BWFgnXo,Slice,/job:localhost/replica:0/task:0/device:MUSA:0,557.0,0.557
Vfz5d3elrs,Slice,/job:localhost/replica:0/task:0/device:MUSA:0,557.0,0.557
xDnsTFt6uZ,Slice,/job:localhost/replica:0/task:0/device:MUSA:0,556.0,0.556
eHE2876jRv,Slice,/job:localhost/replica:0/task:0/device:MUSA:0,555.0,0.555
7B3JegOrZG,Slice,/job:localhost/replica:0/task:0/device:MUSA:0,550.0,0.55
bUtzZqJeip,Slice,/job:localhost/replica:0/task:0/device:MUSA:0,548.0,0.548
a7jmcLuUWi,Slice,/job:localhost/replica:0/task:0/device:MUSA:0,546.0,0.546
l9IJhRanQX,Slice,/job:localhost/replica:0/task:0/device:MUSA:0,545.0,0.545
5o7WOTvBVK,Slice,/job:localhost/replica:0/task:0/device:MUSA:0,542.0,0.542
jCuRYkZnrO,Slice,/job:localhost/replica:0/task:0/device:MUSA:0,541.0,0.541
25Z46qJfKz,Slice,/job:localhost/replica:0/task:0/device:MUSA:0,535.0,0.535
q9GTCJUXWK,Slice,/job:localhost/replica:0/task:0/device:MUSA:0,532.0,0.532
b158SptOnE,Slice,/job:localhost/replica:0/task:0/device:MUSA:0,528.0,0.528
YklXAza8Ox,Slice,/job:localhost/replica:0/task:0/device:MUSA:0,520.0,0.52
CV3NPv2aqT,Slice,/job:localhost/replica:0/task:0/device:MUSA:0,512.0,0.512
WuCTUO1bXV,Slice,/job:localhost/replica:0/task:0/device:MUSA:0,510.0,0.51
Yro7jIqtJv,Slice,/job:localhost/replica:0/task:0/device:MUSA:0,510.0,0.51
MP7A1OIpzn,Slice,/job:localhost/replica:0/task:0/device:MUSA:0,506.0,0.506
dKbBan0gzO,Slice,/job:localhost/replica:0/task:0/device:MUSA:0,506.0,0.506
sKS14D2dm3,Slice,/job:localhost/replica:0/task:0/device:MUSA:0,505.0,0.505
OPZF4q3kwC,Slice,/job:localhost/replica:0/task:0/device:MUSA:0,503.0,0.503
8TDgBYpJ7G,Slice,/job:localhost/replica:0/task:0/device:MUSA:0,498.0,0.498
XuLpCZm682,Slice,/job:localhost/replica:0/task:0/device:MUSA:0,498.0,0.498
IXTJqwP9l0,Slice,/job:localhost/replica:0/task:0/device:MUSA:0,497.0,0.497
VUjKS5Wz8m,Slice,/job:localhost/replica:0/task:0/device:MUSA:0,497.0,0.497
XgFO8PVpxn,Slice,/job:localhost/replica:0/task:0/device:MUSA:0,496.0,0.496
lxScHfygrL,Slice,/job:localhost/replica:0/task:0/device:MUSA:0,496.0,0.496
zs3fYPeZOd,Slice,/job:localhost/replica:0/task:0/device:MUSA:0,494.0,0.494
u8NygdnjiX,Slice,/job:localhost/replica:0/task:0/device:MUSA:0,494.0,0.494
2uKSp1Q9AC,Slice,/job:localhost/replica:0/task:0/device:MUSA:0,494.0,0.494
rs0gdMi8aN,Slice,/job:localhost/replica:0/task:0/device:MUSA:0,493.0,0.493
1SgG53XZJM,Slice,/job:localhost/replica:0/task:0/device:MUSA:0,491.0,0.491
IeZf78bHiQ,Slice,/job:localhost/replica:0/task:0/device:MUSA:0,488.0,0.488
Cvr59MSQ8g,Slice,/job:localhost/replica:0/task:0/device:MUSA:0,486.0,0.486
8uN4rUY0yo,Slice,/job:localhost/replica:0/task:0/device:MUSA:0,486.0,0.486
c3GvBIMxSP,Slice,/job:localhost/replica:0/task:0/device:MUSA:0,484.0,0.484
0Nh5KL26kD,Slice,/job:localhost/replica:0/task:0/device:MUSA:0,483.0,0.483
seIuDx0gpE,Cast,/job:localhost/replica:0/task:0/device:MUSA:0,482.0,0.482
EM9YQqIPXW,Slice,/job:localhost/replica:0/task:0/device:MUSA:0,482.0,0.482
KmoZXYxgAl,Slice,/job:localhost/replica:0/task:0/device:MUSA:0,480.0,0.48
uYjPRNB1oK,Slice,/job:localhost/replica:0/task:0/device:MUSA:0,480.0,0.48
tVKMaNdj7F,Slice,/job:localhost/replica:0/task:0/device:MUSA:0,478.0,0.478
DlMyn0SAuJ,Slice,/job:localhost/replica:0/task:0/device:MUSA:0,476.0,0.476
pY8dk4ercv,Slice,/job:localhost/replica:0/task:0/device:MUSA:0,473.0,0.473
ji5y8dDvtS,Slice,/job:localhost/replica:0/task:0/device:MUSA:0,472.0,0.472
DvRjhZCkTB,Slice,/job:localhost/replica:0/task:0/device:MUSA:0,471.0,0.471
gYFTlE5smI,Slice,/job:localhost/replica:0/task:0/device:MUSA:0,468.0,0.468
6cTQzPYVxh,Slice,/job:localhost/replica:0/task:0/device:MUSA:0,463.0,0.463
YQ4PuGtozn,Slice,/job:localhost/replica:0/task:0/device:MUSA:0,460.0,0.46
t98oPAWfeY,Slice,/job:localhost/replica:0/task:0/device:MUSA:0,458.0,0.458
p023mZLxN9,Slice,/job:localhost/replica:0/task:0/device:MUSA:0,458.0,0.458
j3eNDZPRhT,Slice,/job:localhost/replica:0/task:0/device:MUSA:0,451.0,0.451
SoR2dkXAHJ,ConcatV2,/job:localhost/replica:0/task:0/device:MUSA:0,445.0,0.445
hscCxP7aXO,Slice,/job:localhost/replica:0/task:0/device:MUSA:0,442.0,0.442
cSekZTL1Fx,MatMul,/job:localhost/replica:0/task:0/device:MUSA:0,441.0,0.441
nhrPMX4NEB,ConcatV2,/job:localhost/replica:0/task:0/device:MUSA:0,437.0,0.437
m19eCwKkVI,Slice,/job:localhost/replica:0/task:0/device:MUSA:0,436.0,0.436
wxEWa7Puc0,Slice,/job:localhost/replica:0/task:0/device:MUSA:0,436.0,0.436
oyaLzAF7KQ,Slice,/job:localhost/replica:0/task:0/device:MUSA:0,435.0,0.435
7DNCGVw8U2,Slice,/job:localhost/replica:0/task:0/device:MUSA:0,434.0,0.434
ts7Q9m30lX,Slice,/job:localhost/replica:0/task:0/device:MUSA:0,433.0,0.433
X65C1ZDSLU,Slice,/job:localhost/replica:0/task:0/device:MUSA:0,433.0,0.433
JH9csKPG3N,Slice,/job:localhost/replica:0/task:0/device:MUSA:0,433.0,0.433
k01x2XrNTq,Slice,/job:localhost/replica:0/task:0/device:MUSA:0,430.0,0.43
pwqcRv7yQU,Slice,/job:localhost/replica:0/task:0/device:MUSA:0,426.0,0.426
Tu3d2OWXca,Slice,/job:localhost/replica:0/task:0/device:MUSA:0,424.0,0.424
JebzuEZv3k,Slice,/job:localhost/replica:0/task:0/device:MUSA:0,424.0,0.424
Yr3Hkzp6m1,Slice,/job:localhost/replica:0/task:0/device:MUSA:0,424.0,0.424
AQwm492Piy,Slice,/job:localhost/replica:0/task:0/device:MUSA:0,422.0,0.422
xQci6oLbws,Slice,/job:localhost/replica:0/task:0/device:MUSA:0,420.0,0.42
gFkyBLHs41,Slice,/job:localhost/replica:0/task:0/device:MUSA:0,418.0,0.418
zlVrnLcaye,Slice,/job:localhost/replica:0/task:0/device:MUSA:0,418.0,0.418
WJp2wmgL7X,Slice,/job:localhost/replica:0/task:0/device:MUSA:0,417.0,0.417
rKt6Do8XkC,Slice,/job:localhost/replica:0/task:0/device:MUSA:0,415.0,0.415
pNuqx4TcIm,Slice,/job:localhost/replica:0/task:0/device:MUSA:0,414.0,0.414
jflMZcVaYy,Slice,/job:localhost/replica:0/task:0/device:MUSA:0,414.0,0.414
1FphEdf4n8,Slice,/job:localhost/replica:0/task:0/device:MUSA:0,412.0,0.412
rGKIifTEX6,Slice,/job:localhost/replica:0/task:0/device:MUSA:0,410.0,0.41
p4omVK1njC,Slice,/job:localhost/replica:0/task:0/device:MUSA:0,409.0,0.409
fKgoOMI1jL,Slice,/job:localhost/replica:0/task:0/device:MUSA:0,405.0,0.405
8NVaWiP9mq,Slice,/job:localhost/replica:0/task:0/device:MUSA:0,403.0,0.403
BZpUwGYOsS,Slice,/job:localhost/replica:0/task:0/device:MUSA:0,401.0,0.401
WkU9QIXRic,Slice,/job:localhost/replica:0/task:0/device:MUSA:0,401.0,0.401
7RagecJ0Sv,Slice,/job:localhost/replica:0/task:0/device:MUSA:0,400.0,0.4
bxKpHMmLaw,Slice,/job:localhost/replica:0/task:0/device:MUSA:0,396.0,0.396
836NrWkSOQ,RealDiv,/job:localhost/replica:0/task:0/device:MUSA:0,396.0,0.396
J4bVnixDjL,Slice,/job:localhost/replica:0/task:0/device:MUSA:0,395.0,0.395
TWPXEzNoLx,Slice,/job:localhost/replica:0/task:0/device:MUSA:0,390.0,0.39
AmTL2Puxk1,Slice,/job:localhost/replica:0/task:0/device:MUSA:0,390.0,0.39
Ey2pVdZtYL,Slice,/job:localhost/replica:0/task:0/device:MUSA:0,383.0,0.383
kCzOls2iQg,Slice,/job:localhost/replica:0/task:0/device:MUSA:0,383.0,0.383
bvIzyU5jZP,Slice,/job:localhost/replica:0/task:0/device:MUSA:0,383.0,0.383
L9fS14j0uT,Slice,/job:localhost/replica:0/task:0/device:MUSA:0,376.0,0.376
gNuD9Fnoap,Slice,/job:localhost/replica:0/task:0/device:MUSA:0,367.0,0.367
wzZhTVkfjs,MatMul,/job:localhost/replica:0/task:0/device:MUSA:0,366.0,0.366
4IKr0DsAxZ,Slice,/job:localhost/replica:0/task:0/device:MUSA:0,365.0,0.365
F0fjkbSymp,Slice,/job:localhost/replica:0/task:0/device:MUSA:0,357.0,0.357
igSPDas5xB,Slice,/job:localhost/replica:0/task:0/device:MUSA:0,354.0,0.354
Z2HrBuVFI8,Slice,/job:localhost/replica:0/task:0/device:MUSA:0,349.0,0.349
VxjH3h29mL,Slice,/job:localhost/replica:0/task:0/device:MUSA:0,347.0,0.347
DdbG0hZJxs,Slice,/job:localhost/replica:0/task:0/device:MUSA:0,346.0,0.346
U8xEX7DaFK,Slice,/job:localhost/replica:0/task:0/device:MUSA:0,338.0,0.338
gPlTo6Zp50,Slice,/job:localhost/replica:0/task:0/device:MUSA:0,338.0,0.338
9jswelmHIA,RealDiv,/job:localhost/replica:0/task:0/device:MUSA:0,333.0,0.333
z2scJuFD5C,Slice,/job:localhost/replica:0/task:0/device:MUSA:0,331.0,0.331
Q9w8DyU7Pv,MatMul,/job:localhost/replica:0/task:0/device:MUSA:0,330.0,0.33
zc5qdkyGfA,Slice,/job:localhost/replica:0/task:0/device:MUSA:0,327.0,0.327
Q1S0o7mxiF,Slice,/job:localhost/replica:0/task:0/device:MUSA:0,327.0,0.327
Y0keDgyE2Z,Slice,/job:localhost/replica:0/task:0/device:MUSA:0,326.0,0.326
oqEBaVIpDw,Slice,/job:localhost/replica:0/task:0/device:MUSA:0,323.0,0.323
yrf9Zv3VaI,Slice,/job:localhost/replica:0/task:0/device:MUSA:0,321.0,0.321
AzHVjiTsrl,Slice,/job:localhost/replica:0/task:0/device:MUSA:0,319.0,0.319
WD2CYl7fqs,Slice,/job:localhost/replica:0/task:0/device:MUSA:0,314.0,0.314
nehmIHt0CL,Slice,/job:localhost/replica:0/task:0/device:MUSA:0,314.0,0.314
vTtHCAQpga,ExpandDims,/job:localhost/replica:0/task:0/device:MUSA:0,314.0,0.314
4QwaUmXFYS,Slice,/job:localhost/replica:0/task:0/device:MUSA:0,313.0,0.313
ksdPmxZl94,Slice,/job:localhost/replica:0/task:0/device:MUSA:0,313.0,0.313
2mvfw6pBb3,Slice,/job:localhost/replica:0/task:0/device:MUSA:0,312.0,0.312
enlazgmwMW,Slice,/job:localhost/replica:0/task:0/device:MUSA:0,310.0,0.31
rVJO1Yl4Uj,MatMul,/job:localhost/replica:0/task:0/device:MUSA:0,310.0,0.31
rju1vtWesJ,Slice,/job:localhost/replica:0/task:0/device:MUSA:0,309.0,0.309
lWDsR95CQ2,Slice,/job:localhost/replica:0/task:0/device:MUSA:0,308.0,0.308
VDH01Goq8k,Slice,/job:localhost/replica:0/task:0/device:MUSA:0,308.0,0.308
0okUpRtAPW,ConcatV2,/job:localhost/replica:0/task:0/device:MUSA:0,308.0,0.308
8L9gAZTeJu,Slice,/job:localhost/replica:0/task:0/device:MUSA:0,307.0,0.307
Gso64fAWDr,Slice,/job:localhost/replica:0/task:0/device:MUSA:0,305.0,0.305
w3dDC4Hp0k,ExpandDims,/job:localhost/replica:0/task:0/device:MUSA:0,305.0,0.305
69FfxgTUSI,ExpandDims,/job:localhost/replica:0/task:0/device:MUSA:0,305.0,0.305
XkmvH2IFn4,Slice,/job:localhost/replica:0/task:0/device:MUSA:0,304.0,0.304
XIxNEi7aMY,Slice,/job:localhost/replica:0/task:0/device:MUSA:0,302.0,0.302
gfhGky5D2n,Slice,/job:localhost/replica:0/task:0/device:MUSA:0,302.0,0.302
Sn45QPHu8a,Slice,/job:localhost/replica:0/task:0/device:MUSA:0,301.0,0.301
kBVEpjhqUo,ConcatV2,/job:localhost/replica:0/task:0/device:MUSA:0,298.0,0.298
TS7h24Yrcy,Slice,/job:localhost/replica:0/task:0/device:MUSA:0,296.0,0.296
Ampz1uslNd,Slice,/job:localhost/replica:0/task:0/device:MUSA:0,296.0,0.296
g13BTmUESD,Slice,/job:localhost/replica:0/task:0/device:MUSA:0,295.0,0.295
4KpqvbLNDY,Slice,/job:localhost/replica:0/task:0/device:MUSA:0,295.0,0.295
CipvLejUJE,Slice,/job:localhost/replica:0/task:0/device:MUSA:0,287.0,0.287
zrHw1ZBaxy,ConcatV2,/job:localhost/replica:0/task:0/device:MUSA:0,287.0,0.287
I5YUWHbyO6,Slice,/job:localhost/replica:0/task:0/device:MUSA:0,285.0,0.285
PCglW2NApc,Slice,/job:localhost/replica:0/task:0/device:MUSA:0,285.0,0.285
ZbVImhcgfd,Slice,/job:localhost/replica:0/task:0/device:MUSA:0,283.0,0.283
H2K4BnQdhw,Slice,/job:localhost/replica:0/task:0/device:MUSA:0,281.0,0.281
O5cM9QaIVE,Slice,/job:localhost/replica:0/task:0/device:MUSA:0,281.0,0.281
8dKPiXvHbV,Slice,/job:localhost/replica:0/task:0/device:MUSA:0,281.0,0.281
5WpEjn2vos,RealDiv,/job:localhost/replica:0/task:0/device:MUSA:0,281.0,0.281
N9H7CFojky,Slice,/job:localhost/replica:0/task:0/device:MUSA:0,279.0,0.279
Sgu3qmOrvj,Slice,/job:localhost/replica:0/task:0/device:MUSA:0,279.0,0.279
PBDFulVv9f,RealDiv,/job:localhost/replica:0/task:0/device:MUSA:0,277.0,0.277
VbnYh9NAvO,Slice,/job:localhost/replica:0/task:0/device:MUSA:0,274.0,0.274
Nn4xfLt9Wq,Slice,/job:localhost/replica:0/task:0/device:MUSA:0,273.0,0.273
PJUqCa6TNf,Slice,/job:localhost/replica:0/task:0/device:MUSA:0,273.0,0.273
MpzkD8ydiO,ExpandDims,/job:localhost/replica:0/task:0/device:MUSA:0,273.0,0.273
egAwUnfPZC,ConcatV2,/job:localhost/replica:0/task:0/device:MUSA:0,272.0,0.272
SbgJ8974Va,Slice,/job:localhost/replica:0/task:0/device:MUSA:0,270.0,0.27
LdrxFnCaiM,Slice,/job:localhost/replica:0/task:0/device:MUSA:0,270.0,0.27
IUZmL8x9Qo,ExpandDims,/job:localhost/replica:0/task:0/device:MUSA:0,267.0,0.267
y4qKRD1PwN,Slice,/job:localhost/replica:0/task:0/device:MUSA:0,261.0,0.261
8HMN9mfg0t,MatMul,/job:localhost/replica:0/task:0/device:MUSA:0,256.0,0.256
Put7Sc2X1D,Cast,/job:localhost/replica:0/task:0/device:MUSA:0,256.0,0.256
oxFjD1pCJd,Slice,/job:localhost/replica:0/task:0/device:MUSA:0,246.0,0.246
NVWIzsRc2b,ConcatV2,/job:localhost/replica:0/task:0/device:MUSA:0,242.0,0.242
4lHZd1ufx0,Slice,/job:localhost/replica:0/task:0/device:MUSA:0,230.0,0.23
NgQjvGlX32,ExpandDims,/job:localhost/replica:0/task:0/device:MUSA:0,230.0,0.23
g5Gq18unex,Slice,/job:localhost/replica:0/task:0/device:MUSA:0,229.0,0.229
tJx4IpbLMn,Slice,/job:localhost/replica:0/task:0/device:MUSA:0,226.0,0.226
5hMuvnAp0J,Slice,/job:localhost/replica:0/task:0/device:MUSA:0,225.0,0.225
KgdwfRIYtu,Slice,/job:localhost/replica:0/task:0/device:MUSA:0,225.0,0.225
ifx68BIPhX,Slice,/job:localhost/replica:0/task:0/device:MUSA:0,221.0,0.221
7CyIv8ixZR,Slice,/job:localhost/replica:0/task:0/device:MUSA:0,219.0,0.219
m4GQLTROSw,ExpandDims,/job:localhost/replica:0/task:0/device:MUSA:0,219.0,0.219
f9QEWmqIGo,Slice,/job:localhost/replica:0/task:0/device:MUSA:0,218.0,0.218
kN1UmwyxYs,Slice,/job:localhost/replica:0/task:0/device:MUSA:0,218.0,0.218
j7gU26tZOf,ConcatV2,/job:localhost/replica:0/task:0/device:MUSA:0,214.0,0.214
zvw9fZuFQP,Slice,/job:localhost/replica:0/task:0/device:MUSA:0,209.0,0.209
rGg6KJdkYB,Slice,/job:localhost/replica:0/task:0/device:MUSA:0,209.0,0.209
ZqztMjoXLH,ConcatV2,/job:localhost/replica:0/task:0/device:MUSA:0,209.0,0.209
ZQjPhrdaAx,Slice,/job:localhost/replica:0/task:0/device:MUSA:0,207.0,0.207
kQbOjZMrf3,ExpandDims,/job:localhost/replica:0/task:0/device:MUSA:0,206.0,0.206
PctAprQh3d,Slice,/job:localhost/replica:0/task:0/device:MUSA:0,204.0,0.204
6EipkbM2aY,ExpandDims,/job:localhost/replica:0/task:0/device:MUSA:0,204.0,0.204
jpz9MNOX1F,Slice,/job:localhost/replica:0/task:0/device:MUSA:0,203.0,0.203
KFgV7b0i6I,Slice,/job:localhost/replica:0/task:0/device:MUSA:0,202.0,0.202
s9hQaD017k,Slice,/job:localhost/replica:0/task:0/device:MUSA:0,200.0,0.2
v3E6ViISQL,Slice,/job:localhost/replica:0/task:0/device:MUSA:0,200.0,0.2
1CAh6YrE03,Slice,/job:localhost/replica:0/task:0/device:MUSA:0,198.0,0.198
wGs2bomS4u,Slice,/job:localhost/replica:0/task:0/device:MUSA:0,190.0,0.19
W2fgSy6kXF,Slice,/job:localhost/replica:0/task:0/device:MUSA:0,189.0,0.189
UC5FnZeiGA,ExpandDims,/job:localhost/replica:0/task:0/device:MUSA:0,185.0,0.185
mPCX5fuT7W,Slice,/job:localhost/replica:0/task:0/device:MUSA:0,181.0,0.181
6p2FvD5xXW,Slice,/job:localhost/replica:0/task:0/device:MUSA:0,178.0,0.178
b8pHyFUTdX,Slice,/job:localhost/replica:0/task:0/device:MUSA:0,178.0,0.178
4MI2W0yUx9,Slice,/job:localhost/replica:0/task:0/device:MUSA:0,177.0,0.177
iDrHsWVu2O,Slice,/job:localhost/replica:0/task:0/device:MUSA:0,176.0,0.176
b1gc2kzjMH,ConcatV2,/job:localhost/replica:0/task:0/device:MUSA:0,175.0,0.175
ArithmeticOptimizer/SimplifyAggregation_Const_VaqI8QOHzi,Sub,/job:localhost/replica:0/task:0/device:MUSA:0,175.0,0.175
Rwc5HruLfG,AddV2,/job:localhost/replica:0/task:0/device:MUSA:0,175.0,0.175
BKp6gxwq8r,Slice,/job:localhost/replica:0/task:0/device:MUSA:0,173.0,0.173
16dsxuGvht,Slice,/job:localhost/replica:0/task:0/device:MUSA:0,172.0,0.172
YN7FDep3Br,Log,/job:localhost/replica:0/task:0/device:MUSA:0,172.0,0.172
IEolcubs9e,ConcatV2,/job:localhost/replica:0/task:0/device:MUSA:0,172.0,0.172
UYjiX7oRtf,ConcatV2,/job:localhost/replica:0/task:0/device:MUSA:0,168.0,0.168
joeGarEZuH,Slice,/job:localhost/replica:0/task:0/device:MUSA:0,167.0,0.167
CyEx79Keq6,ConcatV2,/job:localhost/replica:0/task:0/device:MUSA:0,166.0,0.166
4ZyLpsFS8f,Slice,/job:localhost/replica:0/task:0/device:MUSA:0,165.0,0.165
4ONpQCZ6jy,Slice,/job:localhost/replica:0/task:0/device:MUSA:0,164.0,0.164
D6UFVQ7tYN,Slice,/job:localhost/replica:0/task:0/device:MUSA:0,162.0,0.162
XBL7wpxrWS,Slice,/job:localhost/replica:0/task:0/device:MUSA:0,162.0,0.162
bvPLrSVJaB,Sub,/job:localhost/replica:0/task:0/device:MUSA:0,158.0,0.158
Iw7Xse8L6l,Slice,/job:localhost/replica:0/task:0/device:MUSA:0,152.0,0.152
cqnSihlCpj,Slice,/job:localhost/replica:0/task:0/device:MUSA:0,151.0,0.151
oRZ8ah9cN4,Add,/job:localhost/replica:0/task:0/device:MUSA:0,151.0,0.151
brGkPdDL4E,Pow,/job:localhost/replica:0/task:0/device:MUSA:0,147.0,0.147
pwSeYHWNRq,Slice,/job:localhost/replica:0/task:0/device:MUSA:0,144.0,0.144
xdDEfoXImF,Slice,/job:localhost/replica:0/task:0/device:MUSA:0,143.0,0.143
xqyHbpcrXh,Slice,/job:localhost/replica:0/task:0/device:MUSA:0,143.0,0.143
tRGdp8FqcK,Slice,/job:localhost/replica:0/task:0/device:MUSA:0,141.0,0.141
rS4fuwYDGb,Slice,/job:localhost/replica:0/task:0/device:MUSA:0,139.0,0.139
W4kJ53pIXU,Slice,/job:localhost/replica:0/task:0/device:MUSA:0,138.0,0.138
LS7cJaXE4P,MatMul,/job:localhost/replica:0/task:0/device:MUSA:0,138.0,0.138
EatwFbdSNG,Slice,/job:localhost/replica:0/task:0/device:MUSA:0,135.0,0.135
bzVyXS8Y5J,Slice,/job:localhost/replica:0/task:0/device:MUSA:0,135.0,0.135
Bdgj0pDqxM,Split,/job:localhost/replica:0/task:0/device:MUSA:0,133.0,0.133
THUawN5mpF,Slice,/job:localhost/replica:0/task:0/device:MUSA:0,130.0,0.13
Upien4cPHr,Slice,/job:localhost/replica:0/task:0/device:MUSA:0,130.0,0.13
iZ9znKHN5O,ExpandDims,/job:localhost/replica:0/task:0/device:MUSA:0,126.0,0.126
vTaAed2gH0,Slice,/job:localhost/replica:0/task:0/device:MUSA:0,124.0,0.124
oZSlYtLvCO,Slice,/job:localhost/replica:0/task:0/device:MUSA:0,122.0,0.122
VRphfegG09,Slice,/job:localhost/replica:0/task:0/device:MUSA:0,121.0,0.121
ejBYNIyCO5,Slice,/job:localhost/replica:0/task:0/device:MUSA:0,120.0,0.12
1vGWc6NeiY,Slice,/job:localhost/replica:0/task:0/device:MUSA:0,118.0,0.118
S3LxOmRVkz,Slice,/job:localhost/replica:0/task:0/device:MUSA:0,117.0,0.117
q8djiUrFPX,Neg,/job:localhost/replica:0/task:0/device:MUSA:0,116.0,0.116
z9Igts1WLB,MatMul,/job:localhost/replica:0/task:0/device:MUSA:0,114.0,0.114
VYTWykOwha,Slice,/job:localhost/replica:0/task:0/device:MUSA:0,112.0,0.112
jFkN9f61Bs,Slice,/job:localhost/replica:0/task:0/device:MUSA:0,110.0,0.11
ConstantFolding/fZhPuLAzVE_const_axis,Pack,/job:localhost/replica:0/task:0/device:MUSA:0,110.0,0.11
CSOzqxPsG3,MatMul,/job:localhost/replica:0/task:0/device:MUSA:0,109.0,0.109
w5BuhSJ9tb,ConcatV2,/job:localhost/replica:0/task:0/device:MUSA:0,108.0,0.108
hNfkc1i0tI,MatMul,/job:localhost/replica:0/task:0/device:MUSA:0,108.0,0.108
po65eUPZrY,Slice,/job:localhost/replica:0/task:0/device:MUSA:0,104.0,0.104
5EnZN8gc1f,Slice,/job:localhost/replica:0/task:0/device:MUSA:0,104.0,0.104
JVP2S5vtj6,Slice,/job:localhost/replica:0/task:0/device:MUSA:0,104.0,0.104
ConstantFolding/fy35JGolx1_const_axis,Pack,/job:localhost/replica:0/task:0/device:MUSA:0,101.0,0.101
SWmJlh13Xf,Slice,/job:localhost/replica:0/task:0/device:MUSA:0,100.0,0.1
YvqhQ8ZMic,Slice,/job:localhost/replica:0/task:0/device:MUSA:0,98.0,0.098
ConstantFolding/jwTdBogaSc_const_axis,Pack,/job:localhost/replica:0/task:0/device:MUSA:0,98.0,0.098
ftnCMaw8iV,ConcatV2,/job:localhost/replica:0/task:0/device:MUSA:0,97.0,0.097
rQYi7xl2kX,Pack,/job:localhost/replica:0/task:0/device:MUSA:0,96.0,0.096
lvqFRsJ3eV,ConcatV2,/job:localhost/replica:0/task:0/device:MUSA:0,95.0,0.095
nsBjaJSWDv,ConcatV2,/job:localhost/replica:0/task:0/device:MUSA:0,94.0,0.094
jozhHSreZ4,MatMul,/job:localhost/replica:0/task:0/device:MUSA:0,94.0,0.094
SVHvQqaiCh,Slice,/job:localhost/replica:0/task:0/device:MUSA:0,93.0,0.093
jxrc6REmht,MatMul,/job:localhost/replica:0/task:0/device:MUSA:0,92.0,0.092
Kyp4hPgwbc,MatMul,/job:localhost/replica:0/task:0/device:MUSA:0,92.0,0.092
IL38alYB2D,Relu,/job:localhost/replica:0/task:0/device:MUSA:0,92.0,0.092
LAbgyV7PhU,ConcatV2,/job:localhost/replica:0/task:0/device:MUSA:0,91.0,0.091
BtiJ56rGYP,MatMul,/job:localhost/replica:0/task:0/device:MUSA:0,91.0,0.091
oCuiZWY40j,Pow,/job:localhost/replica:0/task:0/device:MUSA:0,91.0,0.091
tJICnOK3wv,Slice,/job:localhost/replica:0/task:0/device:MUSA:0,90.0,0.09
OjabxJQofB,MatMul,/job:localhost/replica:0/task:0/device:MUSA:0,89.0,0.089
mDglYtMSNb,Slice,/job:localhost/replica:0/task:0/device:MUSA:0,87.0,0.087
r56t70Hu39,ConcatV2,/job:localhost/replica:0/task:0/device:MUSA:0,87.0,0.087
HIqGL21Tkl,MatMul,/job:localhost/replica:0/task:0/device:MUSA:0,87.0,0.087
gpl7eBDJPT,ConcatV2,/job:localhost/replica:0/task:0/device:MUSA:0,86.0,0.086
hP0KxJL7bO,Slice,/job:localhost/replica:0/task:0/device:MUSA:0,85.0,0.085
Y5SIQLwRAs,Rsqrt,/job:localhost/replica:0/task:0/device:MUSA:0,83.0,0.083
5JLmGruHs4,MatMul,/job:localhost/replica:0/task:0/device:MUSA:0,83.0,0.083
WIBjKRoMmG,Slice,/job:localhost/replica:0/task:0/device:MUSA:0,81.0,0.081
rDida4K7lg,Slice,/job:localhost/replica:0/task:0/device:MUSA:0,81.0,0.081
epUBbwERZ5,MatMul,/job:localhost/replica:0/task:0/device:MUSA:0,81.0,0.081
tY3jOf79pF,AddV2,/job:localhost/replica:0/task:0/device:MUSA:0,81.0,0.081
BM2Gke1X03,MatMul,/job:localhost/replica:0/task:0/device:MUSA:0,81.0,0.081
mJPiXGaZS9,Pow,/job:localhost/replica:0/task:0/device:MUSA:0,80.0,0.08
mrI6Jd0TYg,Log,/job:localhost/replica:0/task:0/device:MUSA:0,80.0,0.08
LhmYwcfxk2,MatMul,/job:localhost/replica:0/task:0/device:MUSA:0,79.0,0.079
No21rmKSyB,Slice,/job:localhost/replica:0/task:0/device:MUSA:0,79.0,0.079
osn3ywXrvY,ExpandDims,/job:localhost/replica:0/task:0/device:MUSA:0,79.0,0.079
DtSgA7MeWn,Slice,/job:localhost/replica:0/task:0/device:MUSA:0,78.0,0.078
NHfkdgOuB7,Add,/job:localhost/replica:0/task:0/device:MUSA:0,77.0,0.077
Gon9j8xPTC,RealDiv,/job:localhost/replica:0/task:0/device:MUSA:0,77.0,0.077
vux7PTa9Ch,Split,/job:localhost/replica:0/task:0/device:MUSA:0,77.0,0.077
trXqxVzIwE,Tanh,/job:localhost/replica:0/task:0/device:MUSA:0,76.0,0.076
hf5p6r1yFl,MatMul,/job:localhost/replica:0/task:0/device:MUSA:0,76.0,0.076
Z6QWlLAnvN,MatMul,/job:localhost/replica:0/task:0/device:MUSA:0,75.0,0.075
u7a6EoMO8n,Split,/job:localhost/replica:0/task:0/device:MUSA:0,75.0,0.075
AWPZbeEQRU,Const,/job:localhost/replica:0/task:0/device:MUSA:0,74.0,0.074
bxIBHz6FLU,MatMul,/job:localhost/replica:0/task:0/device:MUSA:0,74.0,0.074
Cy6gdKoS91,MatMul,/job:localhost/replica:0/task:0/device:MUSA:0,73.0,0.073
H936cS4Fem,Slice,/job:localhost/replica:0/task:0/device:MUSA:0,72.0,0.072
gwrYMVpyf5,MatMul,/job:localhost/replica:0/task:0/device:MUSA:0,72.0,0.072
OE6MZwS4Pc,LeakyRelu,/job:localhost/replica:0/task:0/device:MUSA:0,72.0,0.072
pV4qhxBMbG,ConcatV2,/job:localhost/replica:0/task:0/device:MUSA:0,72.0,0.072
NXz95QFfv6,MatMul,/job:localhost/replica:0/task:0/device:MUSA:0,71.0,0.071
VzyLxsgfHn,Prod,/job:localhost/replica:0/task:0/device:MUSA:0,71.0,0.071
ZUchYPlsFT,Pack,/job:localhost/replica:0/task:0/device:MUSA:0,71.0,0.071
hdDvbpZm7H,MatMul,/job:localhost/replica:0/task:0/device:MUSA:0,71.0,0.071
Q84JkMye3u,Log,/job:localhost/replica:0/task:0/device:MUSA:0,70.0,0.07
FsPGfMNn2b,Prod,/job:localhost/replica:0/task:0/device:MUSA:0,70.0,0.07
M7jxPtLeXF,MatMul,/job:localhost/replica:0/task:0/device:MUSA:0,70.0,0.07
iGDMZpIS2u,ConcatV2,/job:localhost/replica:0/task:0/device:MUSA:0,68.0,0.068
VEFDywg6bp,MatMul,/job:localhost/replica:0/task:0/device:MUSA:0,67.0,0.067
TqQSa8rRlB,RealDiv,/job:localhost/replica:0/task:0/device:MUSA:0,66.0,0.066
4wjtcoBpg7,ConcatV2,/job:localhost/replica:0/task:0/device:MUSA:0,66.0,0.066
s5Ch1PkiUR,ExpandDims,/job:localhost/replica:0/task:0/device:MUSA:0,66.0,0.066
aMq7DsPUSJ,MatMul,/job:localhost/replica:0/task:0/device:MUSA:0,66.0,0.066
MfXgN8d9lH,Const,/job:localhost/replica:0/task:0/device:MUSA:0,65.0,0.065
eA3Ys2E7k0,ConcatV2,/job:localhost/replica:0/task:0/device:MUSA:0,65.0,0.065
CneR8ixdbP,Tanh,/job:localhost/replica:0/task:0/device:MUSA:0,65.0,0.065
orQixl0Rg4,Split,/job:localhost/replica:0/task:0/device:MUSA:0,63.0,0.063
hIw9edY5mg,Split,/job:localhost/replica:0/task:0/device:MUSA:0,63.0,0.063
cziohZ1DKI,Prod,/job:localhost/replica:0/task:0/device:MUSA:0,62.0,0.062
UeHF8f7ApZ,MatMul,/job:localhost/replica:0/task:0/device:MUSA:0,61.0,0.061
jsJz3k9dQ5,Prod,/job:localhost/replica:0/task:0/device:MUSA:0,61.0,0.061
GmXi5eMRn4,Slice,/job:localhost/replica:0/task:0/device:MUSA:0,60.0,0.06
g1RPdEXTlV,Slice,/job:localhost/replica:0/task:0/device:MUSA:0,60.0,0.06
n7SOWI1TeB,MatMul,/job:localhost/replica:0/task:0/device:MUSA:0,60.0,0.06
nMxlLNrJHO,Split,/job:localhost/replica:0/task:0/device:MUSA:0,60.0,0.06
lRZnN3DAs7,Slice,/job:localhost/replica:0/task:0/device:MUSA:0,59.0,0.059
N6mnL1bB4k,Slice,/job:localhost/replica:0/task:0/device:MUSA:0,59.0,0.059
KWdpClTc2I,MatMul,/job:localhost/replica:0/task:0/device:MUSA:0,58.0,0.058
PwHf09Rx2A,Tanh,/job:localhost/replica:0/task:0/device:MUSA:0,58.0,0.058
6meagsFRr1,Pow,/job:localhost/replica:0/task:0/device:MUSA:0,57.0,0.057
D2gUia4W8J,Slice,/job:localhost/replica:0/task:0/device:MUSA:0,56.0,0.056
DoxqJjKCWH,ConcatV2,/job:localhost/replica:0/task:0/device:MUSA:0,55.0,0.055
VqMXdio7SY,Split,/job:localhost/replica:0/task:0/device:MUSA:0,55.0,0.055
xub8GnztoE,MatMul,/job:localhost/replica:0/task:0/device:MUSA:0,55.0,0.055
kDWUcza2nM,Cast,/job:localhost/replica:0/task:0/device:MUSA:0,54.0,0.054
OWortV4kFJ,Slice,/job:localhost/replica:0/task:0/device:MUSA:0,54.0,0.054
35nfAmMOXV,Slice,/job:localhost/replica:0/task:0/device:MUSA:0,54.0,0.054
JBQV46mdMs,Slice,/job:localhost/replica:0/task:0/device:MUSA:0,52.0,0.052
Y6bUauTNq1,Slice,/job:localhost/replica:0/task:0/device:MUSA:0,52.0,0.052
3HvQhVGXaS,ConcatV2,/job:localhost/replica:0/task:0/device:MUSA:0,52.0,0.052
oRIbZ4dOpQ,GatherV2,/job:localhost/replica:0/task:0/device:MUSA:0,52.0,0.052
szj9GuAlkR,Slice,/job:localhost/replica:0/task:0/device:MUSA:0,51.0,0.051
iuZ065Repy,Slice,/job:localhost/replica:0/task:0/device:MUSA:0,51.0,0.051
CJOTibYIs9,Slice,/job:localhost/replica:0/task:0/device:MUSA:0,50.0,0.05
sWJaktnLop,Const,/job:localhost/replica:0/task:0/device:MUSA:0,49.0,0.049
peLrIhqnYD,Slice,/job:localhost/replica:0/task:0/device:MUSA:0,49.0,0.049
yW06KZvacP,Slice,/job:localhost/replica:0/task:0/device:MUSA:0,49.0,0.049
3OC8ZlMGJ6,Pow,/job:localhost/replica:0/task:0/device:MUSA:0,49.0,0.049
qvbrItNafo,AddV2,/job:localhost/replica:0/task:0/device:MUSA:0,49.0,0.049
8Ueh2rOMA3,Const,/job:localhost/replica:0/task:0/device:MUSA:0,48.0,0.048
HkB5Uiv29e,Slice,/job:localhost/replica:0/task:0/device:MUSA:0,48.0,0.048
GAXhPiCp1y,ExpandDims,/job:localhost/replica:0/task:0/device:MUSA:0,48.0,0.048
vPA8NrG7wf,Split,/job:localhost/replica:0/task:0/device:MUSA:0,48.0,0.048
93pLjWJP2k,GatherV2,/job:localhost/replica:0/task:0/device:MUSA:0,47.0,0.047
3K0LOArzkU,GatherV2,/job:localhost/replica:0/task:0/device:MUSA:0,47.0,0.047
rC6ZFRYpjm,ConcatV2,/job:localhost/replica:0/task:0/device:MUSA:0,46.0,0.046
oPUJ2kZRbF,ConcatV2,/job:localhost/replica:0/task:0/device:MUSA:0,46.0,0.046
p2mWCxRDYX,Add,/job:localhost/replica:0/task:0/device:MUSA:0,46.0,0.046
tZ4OlE1YAp,ExpandDims,/job:localhost/replica:0/task:0/device:MUSA:0,46.0,0.046
8RCw5c6Uuv,Slice,/job:localhost/replica:0/task:0/device:MUSA:0,45.0,0.045
nYoxdP53i6,Slice,/job:localhost/replica:0/task:0/device:MUSA:0,45.0,0.045
NSKoF8cgQr,MatMul,/job:localhost/replica:0/task:0/device:MUSA:0,45.0,0.045
NutR8UZO7M,MatMul,/job:localhost/replica:0/task:0/device:MUSA:0,45.0,0.045
PxUykg1VXT,Slice,/job:localhost/replica:0/task:0/device:MUSA:0,44.0,0.044
eN5LPiH4ak,Slice,/job:localhost/replica:0/task:0/device:MUSA:0,44.0,0.044
ufqcLEITwi,Slice,/job:localhost/replica:0/task:0/device:MUSA:0,44.0,0.044
nWkAcZrOwo,Slice,/job:localhost/replica:0/task:0/device:MUSA:0,44.0,0.044
QLmFcDKYhj,ConcatV2,/job:localhost/replica:0/task:0/device:MUSA:0,44.0,0.044
QeE9UaqsWP,RealDiv,/job:localhost/replica:0/task:0/device:MUSA:0,44.0,0.044
sImlrvOL2f,MatMul,/job:localhost/replica:0/task:0/device:MUSA:0,44.0,0.044
lAHnWsKc5q,Pack,/job:localhost/replica:0/task:0/device:MUSA:0,44.0,0.044
8ehvDPZW4y,StridedSlice,/job:localhost/replica:0/task:0/device:MUSA:0,44.0,0.044
6zxkXWeuOI,Rsqrt,/job:localhost/replica:0/task:0/device:MUSA:0,43.0,0.043
ngxWoEprfG,ConcatV2,/job:localhost/replica:0/task:0/device:MUSA:0,43.0,0.043
XKSULm4Md0,Split,/job:localhost/replica:0/task:0/device:MUSA:0,43.0,0.043
JsUqBCDF3M,Slice,/job:localhost/replica:0/task:0/device:MUSA:0,42.0,0.042
2aOV8KjNuT,Slice,/job:localhost/replica:0/task:0/device:MUSA:0,42.0,0.042
Pid45my9un,MatMul,/job:localhost/replica:0/task:0/device:MUSA:0,42.0,0.042
FqPZtHRYy9,Split,/job:localhost/replica:0/task:0/device:MUSA:0,42.0,0.042
6th8CHe7g4,ConcatV2,/job:localhost/replica:0/task:0/device:MUSA:0,41.0,0.041
zo4C97vFh1,Pow,/job:localhost/replica:0/task:0/device:MUSA:0,41.0,0.041
KNGpt0dLV6,GatherV2,/job:localhost/replica:0/task:0/device:MUSA:0,41.0,0.041
MtU7jEVbd3,Slice,/job:localhost/replica:0/task:0/device:MUSA:0,40.0,0.04
WfEnpDYeIM,Slice,/job:localhost/replica:0/task:0/device:MUSA:0,40.0,0.04
zoOn1Xjm7D,Slice,/job:localhost/replica:0/task:0/device:MUSA:0,40.0,0.04
INecpWrm94,Slice,/job:localhost/replica:0/task:0/device:MUSA:0,39.0,0.039
VqtQu9Fa0v,Slice,/job:localhost/replica:0/task:0/device:MUSA:0,39.0,0.039
AGrpLOdM2e,ConcatV2,/job:localhost/replica:0/task:0/device:MUSA:0,39.0,0.039
cZlkPJugn8,MatMul,/job:localhost/replica:0/task:0/device:MUSA:0,39.0,0.039
A4MiSuZNBJ,ConcatV2,/job:localhost/replica:0/task:0/device:MUSA:0,39.0,0.039
2pd1SPEMBT,RealDiv,/job:localhost/replica:0/task:0/device:MUSA:0,39.0,0.039
rm28azoUxE,Slice,/job:localhost/replica:0/task:0/device:MUSA:0,38.0,0.038
ZieJd7HOK4,Slice,/job:localhost/replica:0/task:0/device:MUSA:0,38.0,0.038
Ure3iJKbg8,MatMul,/job:localhost/replica:0/task:0/device:MUSA:0,38.0,0.038
X4RyD9Ygwj,ConcatV2,/job:localhost/replica:0/task:0/device:MUSA:0,38.0,0.038
PTdohb5wVu,MatMul,/job:localhost/replica:0/task:0/device:MUSA:0,38.0,0.038
yRb8tqHZWm,MatMul,/job:localhost/replica:0/task:0/device:MUSA:0,38.0,0.038
qXmaDSGheT,Pow,/job:localhost/replica:0/task:0/device:MUSA:0,37.0,0.037
1wv2MoKbYD,Slice,/job:localhost/replica:0/task:0/device:MUSA:0,37.0,0.037
d6e3pugvV9,Slice,/job:localhost/replica:0/task:0/device:MUSA:0,37.0,0.037
8jRtlJWdY9,ConcatV2,/job:localhost/replica:0/task:0/device:MUSA:0,37.0,0.037
D26Gn4Uv3i,ConcatV2,/job:localhost/replica:0/task:0/device:MUSA:0,37.0,0.037
IBJhK5R9Zm,Relu,/job:localhost/replica:0/task:0/device:MUSA:0,37.0,0.037
SqVy2ARtdx,MatMul,/job:localhost/replica:0/task:0/device:MUSA:0,37.0,0.037
NR5TleEhvj,ConcatV2,/job:localhost/replica:0/task:0/device:MUSA:0,37.0,0.037
8R4lJsqUIY,Slice,/job:localhost/replica:0/task:0/device:MUSA:0,36.0,0.036
QBFDkcV1qp,Slice,/job:localhost/replica:0/task:0/device:MUSA:0,36.0,0.036
Zd8XOeUAnM,Slice,/job:localhost/replica:0/task:0/device:MUSA:0,36.0,0.036
AMiSexwCXy,Slice,/job:localhost/replica:0/task:0/device:MUSA:0,36.0,0.036
0VdBzO8kJT,ConcatV2,/job:localhost/replica:0/task:0/device:MUSA:0,36.0,0.036
cpD1ZOb0XU,MatMul,/job:localhost/replica:0/task:0/device:MUSA:0,36.0,0.036
xNCZAIaYM5,Pack,/job:localhost/replica:0/task:0/device:MUSA:0,36.0,0.036
aP0dJ7o9fS,Pack,/job:localhost/replica:0/task:0/device:MUSA:0,36.0,0.036
VIgG4EmyXL,Prod,/job:localhost/replica:0/task:0/device:MUSA:0,36.0,0.036
wi6Dy24ZHO,Slice,/job:localhost/replica:0/task:0/device:MUSA:0,35.0,0.035
xjYBp7W8G3,SquaredDifference,/job:localhost/replica:0/task:0/device:MUSA:0,35.0,0.035
ConstantFolding/M31XraLntT_const_axis,Pack,/job:localhost/replica:0/task:0/device:MUSA:0,35.0,0.035
nZsl2JYIva,Slice,/job:localhost/replica:0/task:0/device:MUSA:0,34.0,0.034
lOv5sHhSE0,ConcatV2,/job:localhost/replica:0/task:0/device:MUSA:0,34.0,0.034
I7K6jxiMEs,Slice,/job:localhost/replica:0/task:0/device:MUSA:0,34.0,0.034
OUqFJHpctg,ConcatV2,/job:localhost/replica:0/task:0/device:MUSA:0,34.0,0.034
FTRziLBCwS,AddV2,/job:localhost/replica:0/task:0/device:MUSA:0,34.0,0.034
rPJ6VTAl4L,Relu,/job:localhost/replica:0/task:0/device:MUSA:0,34.0,0.034
t1mqNYZre2,Prod,/job:localhost/replica:0/task:0/device:MUSA:0,34.0,0.034
bnf0AGKmlU,GatherV2,/job:localhost/replica:0/task:0/device:MUSA:0,34.0,0.034
Pfj97RpXB5,ConcatV2,/job:localhost/replica:0/task:0/device:MUSA:0,34.0,0.034
oQAt9acl23,ConcatV2,/job:localhost/replica:0/task:0/device:MUSA:0,34.0,0.034
ZeLPtg9SEN,Pack,/job:localhost/replica:0/task:0/device:MUSA:0,34.0,0.034
7OZPQW5NKw,Const,/job:localhost/replica:0/task:0/device:MUSA:0,33.0,0.033
iTltdMXGzc,Slice,/job:localhost/replica:0/task:0/device:MUSA:0,33.0,0.033
9uWKQ8tGzT,Slice,/job:localhost/replica:0/task:0/device:MUSA:0,33.0,0.033
WriqzkaO5c,Slice,/job:localhost/replica:0/task:0/device:MUSA:0,33.0,0.033
Dh9qfQCUXH,Slice,/job:localhost/replica:0/task:0/device:MUSA:0,33.0,0.033
oQdjc2tvmC,MatMul,/job:localhost/replica:0/task:0/device:MUSA:0,33.0,0.033
nv87FqE0gf,ConcatV2,/job:localhost/replica:0/task:0/device:MUSA:0,33.0,0.033
PDmIZ67hg4,Pack,/job:localhost/replica:0/task:0/device:MUSA:0,33.0,0.033
eLBijfUXz2,GatherV2,/job:localhost/replica:0/task:0/device:MUSA:0,33.0,0.033
zvnwsSYaFl,MatMul,/job:localhost/replica:0/task:0/device:MUSA:0,33.0,0.033
i2VTfBcvm9,MatMul,/job:localhost/replica:0/task:0/device:MUSA:0,33.0,0.033
ERKewBGbq4,Sigmoid,/job:localhost/replica:0/task:0/device:MUSA:0,32.0,0.032
JCTpRW7GmS,Slice,/job:localhost/replica:0/task:0/device:MUSA:0,32.0,0.032
iLC0A172vs,Slice,/job:localhost/replica:0/task:0/device:MUSA:0,32.0,0.032
vd8psWgMtY,ConcatV2,/job:localhost/replica:0/task:0/device:MUSA:0,32.0,0.032
k97zl8t6X3,Mean,/job:localhost/replica:0/task:0/device:MUSA:0,32.0,0.032
6on0jbUpMY,ConcatV2,/job:localhost/replica:0/task:0/device:MUSA:0,32.0,0.032
PiUBHJsYDk,MatMul,/job:localhost/replica:0/task:0/device:MUSA:0,32.0,0.032
js4f6c1NGO,Prod,/job:localhost/replica:0/task:0/device:MUSA:0,32.0,0.032
q2EscWaRgX,GatherV2,/job:localhost/replica:0/task:0/device:MUSA:0,32.0,0.032
wT8B2sGEoS,MatMul,/job:localhost/replica:0/task:0/device:MUSA:0,32.0,0.032
yRbwdFr1Bj,MatMul,/job:localhost/replica:0/task:0/device:MUSA:0,32.0,0.032
udFATSj4Ch,StridedSlice,/job:localhost/replica:0/task:0/device:MUSA:0,32.0,0.032
vk30rSHl8K,AddV2,/job:localhost/replica:0/task:0/device:MUSA:0,32.0,0.032
48gj3Ibpeo,Slice,/job:localhost/replica:0/task:0/device:MUSA:0,31.0,0.031
m1sHDv20Mo,Slice,/job:localhost/replica:0/task:0/device:MUSA:0,31.0,0.031
0lp7wIPf9A,Slice,/job:localhost/replica:0/task:0/device:MUSA:0,31.0,0.031
f9lxvBNz4G,Add,/job:localhost/replica:0/task:0/device:MUSA:0,31.0,0.031
nhW6QLcf8v,AddV2,/job:localhost/replica:0/task:0/device:MUSA:0,31.0,0.031
2oLwXHnetu,ConcatV2,/job:localhost/replica:0/task:0/device:MUSA:0,31.0,0.031
EWnrQgcH4R,MatMul,/job:localhost/replica:0/task:0/device:MUSA:0,31.0,0.031
AYvTzIfBQX,StridedSlice,/job:localhost/replica:0/task:0/device:MUSA:0,31.0,0.031
beMTyS1VJ9,GatherV2,/job:localhost/replica:0/task:0/device:MUSA:0,31.0,0.031
Pr5wDi4EfO,Prod,/job:localhost/replica:0/task:0/device:MUSA:0,31.0,0.031
VOl4XUQTma,Prod,/job:localhost/replica:0/task:0/device:MUSA:0,31.0,0.031
HkNVrDXfU7,Relu,/job:localhost/replica:0/task:0/device:MUSA:0,31.0,0.031
yFYANI9GqE,Slice,/job:localhost/replica:0/task:0/device:MUSA:0,30.0,0.03
dcjPQwB4AS,Slice,/job:localhost/replica:0/task:0/device:MUSA:0,30.0,0.03
bPVdN2r85E,Slice,/job:localhost/replica:0/task:0/device:MUSA:0,30.0,0.03
kBSHguZoin,Slice,/job:localhost/replica:0/task:0/device:MUSA:0,30.0,0.03
n0OwiyTsjr,Slice,/job:localhost/replica:0/task:0/device:MUSA:0,30.0,0.03
z29wF4xcN7,MatMul,/job:localhost/replica:0/task:0/device:MUSA:0,30.0,0.03
JWsopdBwf3,MatMul,/job:localhost/replica:0/task:0/device:MUSA:0,30.0,0.03
4pdPubmoX0,GatherV2,/job:localhost/replica:0/task:0/device:MUSA:0,30.0,0.03
Ml3pVSQID6,GatherV2,/job:localhost/replica:0/task:0/device:MUSA:0,30.0,0.03
FA0TZ5Hmnc,Pack,/job:localhost/replica:0/task:0/device:MUSA:0,30.0,0.03
KLupasYJ7m,Split,/job:localhost/replica:0/task:0/device:MUSA:0,30.0,0.03
4ilfnkAmvY,Split,/job:localhost/replica:0/task:0/device:MUSA:0,30.0,0.03
8LXKzaxQd9,Const,/job:localhost/replica:0/task:0/device:MUSA:0,29.0,0.029
MQVaJ6O54w,Slice,/job:localhost/replica:0/task:0/device:MUSA:0,29.0,0.029
iPzoFJ7kgN,Slice,/job:localhost/replica:0/task:0/device:MUSA:0,29.0,0.029
CWUp8dLFg6,Slice,/job:localhost/replica:0/task:0/device:MUSA:0,29.0,0.029
By3IuoQNvU,Slice,/job:localhost/replica:0/task:0/device:MUSA:0,29.0,0.029
EG7HUbvWsN,MatMul,/job:localhost/replica:0/task:0/device:MUSA:0,29.0,0.029
S6o3kTuNe7,ConcatV2,/job:localhost/replica:0/task:0/device:MUSA:0,29.0,0.029
iyCToRE24A,Relu,/job:localhost/replica:0/task:0/device:MUSA:0,29.0,0.029
v0LygKxOmN,MatMul,/job:localhost/replica:0/task:0/device:MUSA:0,29.0,0.029
3vH4XKx1m6,GatherV2,/job:localhost/replica:0/task:0/device:MUSA:0,29.0,0.029
QVFYSb0ZK2,ConcatV2,/job:localhost/replica:0/task:0/device:MUSA:0,29.0,0.029
0MZ2HEQta4,Prod,/job:localhost/replica:0/task:0/device:MUSA:0,29.0,0.029
HagSJ2uC04,MatMul,/job:localhost/replica:0/task:0/device:MUSA:0,29.0,0.029
ySYGA4hW68,Const,/job:localhost/replica:0/task:0/device:MUSA:0,28.0,0.028
MHyiq5rl83,Sub,/job:localhost/replica:0/task:0/device:MUSA:0,28.0,0.028
nh7mkVlCLU,Slice,/job:localhost/replica:0/task:0/device:MUSA:0,28.0,0.028
TmwXZucRGq,Slice,/job:localhost/replica:0/task:0/device:MUSA:0,28.0,0.028
UShLXp5ziR,Slice,/job:localhost/replica:0/task:0/device:MUSA:0,28.0,0.028
CFGjPQZnL0,Slice,/job:localhost/replica:0/task:0/device:MUSA:0,28.0,0.028
gBj6IvzOuV,Slice,/job:localhost/replica:0/task:0/device:MUSA:0,28.0,0.028
s9Web1HFaZ,Slice,/job:localhost/replica:0/task:0/device:MUSA:0,28.0,0.028
5O1vaTs9ft,MatMul,/job:localhost/replica:0/task:0/device:MUSA:0,28.0,0.028
A1aQEIYhrV,MatMul,/job:localhost/replica:0/task:0/device:MUSA:0,28.0,0.028
T5BMDLAlQF,Log,/job:localhost/replica:0/task:0/device:MUSA:0,28.0,0.028
LkaAY6bmeu,ExpandDims,/job:localhost/replica:0/task:0/device:MUSA:0,28.0,0.028
pmleSWDc6s,Prod,/job:localhost/replica:0/task:0/device:MUSA:0,28.0,0.028
VoYkaFzsSR,MatMul,/job:localhost/replica:0/task:0/device:MUSA:0,28.0,0.028
M3HYb2PEfy,MatMul,/job:localhost/replica:0/task:0/device:MUSA:0,28.0,0.028
4HoD8hpQ3z,MatMul,/job:localhost/replica:0/task:0/device:MUSA:0,28.0,0.028
KaYPkdCpV9,Rsqrt,/job:localhost/replica:0/task:0/device:MUSA:0,28.0,0.028
2dMBFr9PzY,LeakyRelu,/job:localhost/replica:0/task:0/device:MUSA:0,28.0,0.028
JaVxOmIoen,Slice,/job:localhost/replica:0/task:0/device:MUSA:0,27.0,0.027
6n8I2MdEGr,ConcatV2,/job:localhost/replica:0/task:0/device:MUSA:0,27.0,0.027
10IEQy8qZY,ConcatV2,/job:localhost/replica:0/task:0/device:MUSA:0,27.0,0.027
mWl1NYCrXG,Prod,/job:localhost/replica:0/task:0/device:MUSA:0,27.0,0.027
bAxFTJQX2M,ConcatV2,/job:localhost/replica:0/task:0/device:MUSA:0,27.0,0.027
HRwI3SN6Je,Prod,/job:localhost/replica:0/task:0/device:MUSA:0,27.0,0.027
7Y5wcQaRO9,Pack,/job:localhost/replica:0/task:0/device:MUSA:0,27.0,0.027
8O3DPnXzYy,Pack,/job:localhost/replica:0/task:0/device:MUSA:0,27.0,0.027
nypLC5BeZA,Mul,/job:localhost/replica:0/task:0/device:MUSA:0,26.0,0.026
a4uJqeySIs,Slice,/job:localhost/replica:0/task:0/device:MUSA:0,26.0,0.026
kJCDjvVLtb,Slice,/job:localhost/replica:0/task:0/device:MUSA:0,26.0,0.026
GYBbQpMv7K,Slice,/job:localhost/replica:0/task:0/device:MUSA:0,26.0,0.026
k6IzVTc1aw,Slice,/job:localhost/replica:0/task:0/device:MUSA:0,26.0,0.026
hvjRzKJtgG,Slice,/job:localhost/replica:0/task:0/device:MUSA:0,26.0,0.026
Ut4RyZJ2wz,Slice,/job:localhost/replica:0/task:0/device:MUSA:0,26.0,0.026
RGCJtaXA4s,Slice,/job:localhost/replica:0/task:0/device:MUSA:0,26.0,0.026
P6i1yDKY5S,Slice,/job:localhost/replica:0/task:0/device:MUSA:0,26.0,0.026
BCx48r9Q3Y,ConcatV2,/job:localhost/replica:0/task:0/device:MUSA:0,26.0,0.026
TD7hIeKEyw,Slice,/job:localhost/replica:0/task:0/device:MUSA:0,26.0,0.026
PtmBo4DQ19,ConcatV2,/job:localhost/replica:0/task:0/device:MUSA:0,26.0,0.026
LfVd4elwJh,MatMul,/job:localhost/replica:0/task:0/device:MUSA:0,26.0,0.026
zhCwg7JkuR,ConcatV2,/job:localhost/replica:0/task:0/device:MUSA:0,26.0,0.026
aqpVIJ1RYU,Log,/job:localhost/replica:0/task:0/device:MUSA:0,26.0,0.026
ozhelfbc2Z,ExpandDims,/job:localhost/replica:0/task:0/device:MUSA:0,26.0,0.026
ArithmeticOptimizer/FoldTransposeIntoMatMul_DgabLQrTcU,BatchMatMulV2,/job:localhost/replica:0/task:0/device:MUSA:0,26.0,0.026
2B3iYPHWy4,StridedSlice,/job:localhost/replica:0/task:0/device:MUSA:0,26.0,0.026
Y6Ged0aCWJ,GatherV2,/job:localhost/replica:0/task:0/device:MUSA:0,26.0,0.026
s7YKvItwR4,GatherV2,/job:localhost/replica:0/task:0/device:MUSA:0,26.0,0.026
wxpu6IT01q,Pow,/job:localhost/replica:0/task:0/device:MUSA:0,26.0,0.026
RkJYuHK7Aa,SquaredDifference,/job:localhost/replica:0/task:0/device:MUSA:0,26.0,0.026
NWDrKp4evu,Split,/job:localhost/replica:0/task:0/device:MUSA:0,26.0,0.026
qZDvnfMISc,Rsqrt,/job:localhost/replica:0/task:0/device:MUSA:0,26.0,0.026
Dd2mnHtGxO,LeakyRelu,/job:localhost/replica:0/task:0/device:MUSA:0,26.0,0.026
HNk7Blb4we,ConcatV2,/job:localhost/replica:0/task:0/device:MUSA:0,26.0,0.026
G2OCTZ8NFg,Const,/job:localhost/replica:0/task:0/device:MUSA:0,25.0,0.025
eCWbBZ21zT,Slice,/job:localhost/replica:0/task:0/device:MUSA:0,25.0,0.025
xY1Wv5NEw0,Slice,/job:localhost/replica:0/task:0/device:MUSA:0,25.0,0.025
jaovCnE6rm,Slice,/job:localhost/replica:0/task:0/device:MUSA:0,25.0,0.025
GIgbzPkt5Z,Slice,/job:localhost/replica:0/task:0/device:MUSA:0,25.0,0.025
exR9E1mDO4,Pow,/job:localhost/replica:0/task:0/device:MUSA:0,25.0,0.025
NUQhYWEmOl,ConcatV2,/job:localhost/replica:0/task:0/device:MUSA:0,25.0,0.025
wDFKzdM8q5,ConcatV2,/job:localhost/replica:0/task:0/device:MUSA:0,25.0,0.025
gSZOAytdXe,ConcatV2,/job:localhost/replica:0/task:0/device:MUSA:0,25.0,0.025
2IX7aTt6hL,ConcatV2,/job:localhost/replica:0/task:0/device:MUSA:0,25.0,0.025
ujdVAwgDr2,ConcatV2,/job:localhost/replica:0/task:0/device:MUSA:0,25.0,0.025
aJCunWDlmL,Relu,/job:localhost/replica:0/task:0/device:MUSA:0,25.0,0.025
sYPMg2Fkce,RealDiv,/job:localhost/replica:0/task:0/device:MUSA:0,25.0,0.025
gEuW9rmkQJ,Prod,/job:localhost/replica:0/task:0/device:MUSA:0,25.0,0.025
ABun3yG2Kp,ConcatV2,/job:localhost/replica:0/task:0/device:MUSA:0,25.0,0.025
ylUftQe0DK,Const,/job:localhost/replica:0/task:0/device:MUSA:0,24.0,0.024
Xim12rqydG,Const,/job:localhost/replica:0/task:0/device:MUSA:0,24.0,0.024
6o3RJilb9w,Cast,/job:localhost/replica:0/task:0/device:MUSA:0,24.0,0.024
MeirE7JGnN,Slice,/job:localhost/replica:0/task:0/device:MUSA:0,24.0,0.024
1TodLhKD2Y,Slice,/job:localhost/replica:0/task:0/device:MUSA:0,24.0,0.024
eLX0VEUC26,Slice,/job:localhost/replica:0/task:0/device:MUSA:0,24.0,0.024
0wp5R1iafc,Slice,/job:localhost/replica:0/task:0/device:MUSA:0,24.0,0.024
O47itVmFxT,Slice,/job:localhost/replica:0/task:0/device:MUSA:0,24.0,0.024
cVn5uow8fJ,Slice,/job:localhost/replica:0/task:0/device:MUSA:0,24.0,0.024
h9yuL3zNod,Slice,/job:localhost/replica:0/task:0/device:MUSA:0,24.0,0.024
pFVWjDiwUP,Slice,/job:localhost/replica:0/task:0/device:MUSA:0,24.0,0.024
oY2d471yaT,Slice,/job:localhost/replica:0/task:0/device:MUSA:0,24.0,0.024
v6d1IZQzgk,Slice,/job:localhost/replica:0/task:0/device:MUSA:0,24.0,0.024
9v4huZAOTY,MatMul,/job:localhost/replica:0/task:0/device:MUSA:0,24.0,0.024
NStxPcETeK,Softmax,/job:localhost/replica:0/task:0/device:MUSA:0,24.0,0.024
RrpyVjXcH4,GatherV2,/job:localhost/replica:0/task:0/device:MUSA:0,24.0,0.024
UmoeFjzukQ,Prod,/job:localhost/replica:0/task:0/device:MUSA:0,24.0,0.024
wFpz4EalC7,MatMul,/job:localhost/replica:0/task:0/device:MUSA:0,24.0,0.024
uF0w2X3Gkh,MatMul,/job:localhost/replica:0/task:0/device:MUSA:0,24.0,0.024
E15LPkNKms,Prod,/job:localhost/replica:0/task:0/device:MUSA:0,24.0,0.024
RkYKuL5BgF,Relu,/job:localhost/replica:0/task:0/device:MUSA:0,24.0,0.024
TiUJg4z2Nf,MatMul,/job:localhost/replica:0/task:0/device:MUSA:0,24.0,0.024
i3Y14kmnXN,Mul,/job:localhost/replica:0/task:0/device:MUSA:0,24.0,0.024
tNFoyflVr4,BatchMatMulV2,/job:localhost/replica:0/task:0/device:MUSA:0,24.0,0.024
SfOrd84bQj,Pack,/job:localhost/replica:0/task:0/device:MUSA:0,24.0,0.024
10EPgZOxSQ,Log,/job:localhost/replica:0/task:0/device:MUSA:0,24.0,0.024
HFR2Nur3az,MatMul,/job:localhost/replica:0/task:0/device:MUSA:0,23.0,0.023
BsEK1lVb7g,RealDiv,/job:localhost/replica:0/task:0/device:MUSA:0,23.0,0.023
FZYb6yfTDL,Cast,/job:localhost/replica:0/task:0/device:MUSA:0,23.0,0.023
eR25VNGcbK,Slice,/job:localhost/replica:0/task:0/device:MUSA:0,23.0,0.023
4pjo0dJCfy,Slice,/job:localhost/replica:0/task:0/device:MUSA:0,23.0,0.023
PGnkf4wLgi,Slice,/job:localhost/replica:0/task:0/device:MUSA:0,23.0,0.023
nJhuM5UQP3,Slice,/job:localhost/replica:0/task:0/device:MUSA:0,23.0,0.023
NmzWoC5ixP,Slice,/job:localhost/replica:0/task:0/device:MUSA:0,23.0,0.023
yVgPh2kAr7,Slice,/job:localhost/replica:0/task:0/device:MUSA:0,23.0,0.023
NiwfqMAlFu,Slice,/job:localhost/replica:0/task:0/device:MUSA:0,23.0,0.023
n6R0FocDUK,Slice,/job:localhost/replica:0/task:0/device:MUSA:0,23.0,0.023
4heBHipqNv,Slice,/job:localhost/replica:0/task:0/device:MUSA:0,23.0,0.023
1n0fit93UC,Slice,/job:localhost/replica:0/task:0/device:MUSA:0,23.0,0.023
DQyz96CbJf,Slice,/job:localhost/replica:0/task:0/device:MUSA:0,23.0,0.023
AuNoyf7haB,Pow,/job:localhost/replica:0/task:0/device:MUSA:0,23.0,0.023
TqBWh41p8g,ConcatV2,/job:localhost/replica:0/task:0/device:MUSA:0,23.0,0.023
8ROXJiZmaq,RealDiv,/job:localhost/replica:0/task:0/device:MUSA:0,23.0,0.023
bcTVPpX93m,Sub,/job:localhost/replica:0/task:0/device:MUSA:0,23.0,0.023
5yzAIkxaLp,Prod,/job:localhost/replica:0/task:0/device:MUSA:0,23.0,0.023
ulZh0s8wGI,MatMul,/job:localhost/replica:0/task:0/device:MUSA:0,23.0,0.023
KPhy9cafCt,Split,/job:localhost/replica:0/task:0/device:MUSA:0,23.0,0.023
YhPmEJtWbz,Relu,/job:localhost/replica:0/task:0/device:MUSA:0,23.0,0.023
1YRnHtrbP2,GatherV2,/job:localhost/replica:0/task:0/device:MUSA:0,23.0,0.023
hr1TCRQYqZ,ConcatV2,/job:localhost/replica:0/task:0/device:MUSA:0,23.0,0.023
ConstantFolding/l15matp4BZ_const_axis,Pack,/job:localhost/replica:0/task:0/device:MUSA:0,23.0,0.023
H3irba8uYd,MatMul,/job:localhost/replica:0/task:0/device:MUSA:0,23.0,0.023
fxLdqi0nTN,StridedSlice,/job:localhost/replica:0/task:0/device:MUSA:0,23.0,0.023
lqNpnMPG5u,MatMul,/job:localhost/replica:0/task:0/device:MUSA:0,23.0,0.023
w7j4VaBoGQ,Pack,/job:localhost/replica:0/task:0/device:MUSA:0,23.0,0.023
LHT71IpFWc,BatchMatMulV2,/job:localhost/replica:0/task:0/device:MUSA:0,23.0,0.023
SAUGnWJvB9,Const,/job:localhost/replica:0/task:0/device:MUSA:0,22.0,0.022
JADlvMoWzp,AddV2,/job:localhost/replica:0/task:0/device:MUSA:0,22.0,0.022
e6BLOYaR9Q,ExpandDims,/job:localhost/replica:0/task:0/device:MUSA:0,22.0,0.022
VP7O0J82nK,Slice,/job:localhost/replica:0/task:0/device:MUSA:0,22.0,0.022
es9qKO13PE,Slice,/job:localhost/replica:0/task:0/device:MUSA:0,22.0,0.022
lVryAeZPC4,Slice,/job:localhost/replica:0/task:0/device:MUSA:0,22.0,0.022
XLDkH6jr7O,Slice,/job:localhost/replica:0/task:0/device:MUSA:0,22.0,0.022
ytVde6Huhb,Slice,/job:localhost/replica:0/task:0/device:MUSA:0,22.0,0.022
awrhg9D3Jf,Slice,/job:localhost/replica:0/task:0/device:MUSA:0,22.0,0.022
ClnrykeB03,Slice,/job:localhost/replica:0/task:0/device:MUSA:0,22.0,0.022
hjiFrt3wAy,Slice,/job:localhost/replica:0/task:0/device:MUSA:0,22.0,0.022
6r3UhDtksv,Slice,/job:localhost/replica:0/task:0/device:MUSA:0,22.0,0.022
ul9V6rRcU7,Slice,/job:localhost/replica:0/task:0/device:MUSA:0,22.0,0.022
onfiOtuESD,ConcatV2,/job:localhost/replica:0/task:0/device:MUSA:0,22.0,0.022
yzxZEvTiL5,LeakyRelu,/job:localhost/replica:0/task:0/device:MUSA:0,22.0,0.022
1LrkYmyuI2,MatMul,/job:localhost/replica:0/task:0/device:MUSA:0,22.0,0.022
saB3WIGx7J,Split,/job:localhost/replica:0/task:0/device:MUSA:0,22.0,0.022
MemXRDN4Jo,ConcatV2,/job:localhost/replica:0/task:0/device:MUSA:0,22.0,0.022
4zI1oD2XaL,Prod,/job:localhost/replica:0/task:0/device:MUSA:0,22.0,0.022
uwFpbdToZg,Pack,/job:localhost/replica:0/task:0/device:MUSA:0,22.0,0.022
rQxaqlOCeZ,MatMul,/job:localhost/replica:0/task:0/device:MUSA:0,22.0,0.022
ConstantFolding/RrKEBokeA8_const_axis,Pack,/job:localhost/replica:0/task:0/device:MUSA:0,22.0,0.022
5zx2XYEjmg,StridedSlice,/job:localhost/replica:0/task:0/device:MUSA:0,22.0,0.022
rqJvzlVd7P,MatMul,/job:localhost/replica:0/task:0/device:MUSA:0,22.0,0.022
oygqM35RWF,BatchMatMulV2,/job:localhost/replica:0/task:0/device:MUSA:0,22.0,0.022
RFLvS8V4mB,Pow,/job:localhost/replica:0/task:0/device:MUSA:0,22.0,0.022
Y9yENv2gOi,LeakyRelu,/job:localhost/replica:0/task:0/device:MUSA:0,22.0,0.022
ArithmeticOptimizer/AddOpsRewrite_Leaf_1_NOwAz16nCP,AddV2,/job:localhost/replica:0/task:0/device:MUSA:0,22.0,0.022
0kXgO5csNa,Pow,/job:localhost/replica:0/task:0/device:MUSA:0,22.0,0.022
IdJy4r8qv9,Slice,/job:localhost/replica:0/task:0/device:MUSA:0,21.0,0.021
rSOLED84PX,Slice,/job:localhost/replica:0/task:0/device:MUSA:0,21.0,0.021
BIJFe8mRMO,Slice,/job:localhost/replica:0/task:0/device:MUSA:0,21.0,0.021
gHjsf4rhqK,Slice,/job:localhost/replica:0/task:0/device:MUSA:0,21.0,0.021
IsdeTE2W1S,Slice,/job:localhost/replica:0/task:0/device:MUSA:0,21.0,0.021
ZQTqEeHa2k,Slice,/job:localhost/replica:0/task:0/device:MUSA:0,21.0,0.021
tW9R4fbJp2,Slice,/job:localhost/replica:0/task:0/device:MUSA:0,21.0,0.021
SnUWjfm2iv,ConcatV2,/job:localhost/replica:0/task:0/device:MUSA:0,21.0,0.021
LBsJ02A6lP,MatMul,/job:localhost/replica:0/task:0/device:MUSA:0,21.0,0.021
zg9WbtVUXO,Slice,/job:localhost/replica:0/task:0/device:MUSA:0,21.0,0.021
mBN7R6fKGE,MatMul,/job:localhost/replica:0/task:0/device:MUSA:0,21.0,0.021
Cxfqdk58l2,Add,/job:localhost/replica:0/task:0/device:MUSA:0,21.0,0.021
ZDNFSGm3J1,Prod,/job:localhost/replica:0/task:0/device:MUSA:0,21.0,0.021
bU1mJS8Fu0,ConcatV2,/job:localhost/replica:0/task:0/device:MUSA:0,21.0,0.021
xYkAdXFK27,MatMul,/job:localhost/replica:0/task:0/device:MUSA:0,21.0,0.021
thTQwFXCWk,Sub,/job:localhost/replica:0/task:0/device:MUSA:0,21.0,0.021
juVNoiF2g9,Prod,/job:localhost/replica:0/task:0/device:MUSA:0,21.0,0.021
3Mrnm9ha8s,Pow,/job:localhost/replica:0/task:0/device:MUSA:0,21.0,0.021
YCh086XJLQ,Prod,/job:localhost/replica:0/task:0/device:MUSA:0,21.0,0.021
rARLlzs3Qk,MatMul,/job:localhost/replica:0/task:0/device:MUSA:0,21.0,0.021
VxZF4oyTQG,MatMul,/job:localhost/replica:0/task:0/device:MUSA:0,21.0,0.021
2X4Wz0ykNw,BatchMatMulV2,/job:localhost/replica:0/task:0/device:MUSA:0,21.0,0.021
mn5XhqbYrk,MatMul,/job:localhost/replica:0/task:0/device:MUSA:0,21.0,0.021
y6jQoETNxv,MatMul,/job:localhost/replica:0/task:0/device:MUSA:0,21.0,0.021
NF4BmeJzs5,ConcatV2,/job:localhost/replica:0/task:0/device:MUSA:0,21.0,0.021
1pYtmEU4RD,Log,/job:localhost/replica:0/task:0/device:MUSA:0,21.0,0.021
5ZmLJ2zkQY,MatMul,/job:localhost/replica:0/task:0/device:MUSA:0,21.0,0.021
EdaeHxtis2,Const,/job:localhost/replica:0/task:0/device:MUSA:0,20.0,0.02
2XYeTwtRjN,Add,/job:localhost/replica:0/task:0/device:MUSA:0,20.0,0.02
gHj2BrshQe,Slice,/job:localhost/replica:0/task:0/device:MUSA:0,20.0,0.02
3wi8G6KoaF,Slice,/job:localhost/replica:0/task:0/device:MUSA:0,20.0,0.02
Ostl5n9VQY,Slice,/job:localhost/replica:0/task:0/device:MUSA:0,20.0,0.02
qi8BT03K5S,Slice,/job:localhost/replica:0/task:0/device:MUSA:0,20.0,0.02
1DfV5dmwFJ,Slice,/job:localhost/replica:0/task:0/device:MUSA:0,20.0,0.02
ibSPnw8sxJ,Slice,/job:localhost/replica:0/task:0/device:MUSA:0,20.0,0.02
rfholDWMia,Slice,/job:localhost/replica:0/task:0/device:MUSA:0,20.0,0.02
cNY5ZtpqI1,Slice,/job:localhost/replica:0/task:0/device:MUSA:0,20.0,0.02
9S3TAcMk8o,Slice,/job:localhost/replica:0/task:0/device:MUSA:0,20.0,0.02
N2K7rvqVYb,Slice,/job:localhost/replica:0/task:0/device:MUSA:0,20.0,0.02
g5ZlStX9k1,RealDiv,/job:localhost/replica:0/task:0/device:MUSA:0,20.0,0.02
EqQGfOI6Wb,Slice,/job:localhost/replica:0/task:0/device:MUSA:0,20.0,0.02
1nXtFoyNmK,Slice,/job:localhost/replica:0/task:0/device:MUSA:0,20.0,0.02
rA82dlUZFg,Slice,/job:localhost/replica:0/task:0/device:MUSA:0,20.0,0.02
czxoD9H5Xl,Sub,/job:localhost/replica:0/task:0/device:MUSA:0,20.0,0.02
n0BkjHSCM6,ConcatV2,/job:localhost/replica:0/task:0/device:MUSA:0,20.0,0.02
2aUrOugthC,MatMul,/job:localhost/replica:0/task:0/device:MUSA:0,20.0,0.02
aiuqQ01L3W,AddV2,/job:localhost/replica:0/task:0/device:MUSA:0,20.0,0.02
xHrnOvCqPz,Add,/job:localhost/replica:0/task:0/device:MUSA:0,20.0,0.02
KwqaBYgoNI,ConcatV2,/job:localhost/replica:0/task:0/device:MUSA:0,20.0,0.02
B3tRd1q9z6,Slice,/job:localhost/replica:0/task:0/device:MUSA:0,20.0,0.02
FYGIDCB1ce,Slice,/job:localhost/replica:0/task:0/device:MUSA:0,20.0,0.02
WTrBf5klCy,LeakyRelu,/job:localhost/replica:0/task:0/device:MUSA:0,20.0,0.02
bwX8rCcDIi,Log,/job:localhost/replica:0/task:0/device:MUSA:0,20.0,0.02
OhiXyAfpL5,ConcatV2,/job:localhost/replica:0/task:0/device:MUSA:0,20.0,0.02
tTPmLjlnA6,Split,/job:localhost/replica:0/task:0/device:MUSA:0,20.0,0.02
8e46XkAudL,MatMul,/job:localhost/replica:0/task:0/device:MUSA:0,20.0,0.02
1CoDkeK3z6,Relu,/job:localhost/replica:0/task:0/device:MUSA:0,20.0,0.02
RJ14cXOfaG,Prod,/job:localhost/replica:0/task:0/device:MUSA:0,20.0,0.02
9kbvFMrQJz,ConcatV2,/job:localhost/replica:0/task:0/device:MUSA:0,20.0,0.02
RQ7rDInmPj,GatherV2,/job:localhost/replica:0/task:0/device:MUSA:0,20.0,0.02
BlyWZYMAsF,Prod,/job:localhost/replica:0/task:0/device:MUSA:0,20.0,0.02
gKmeOb6ZtP,Prod,/job:localhost/replica:0/task:0/device:MUSA:0,20.0,0.02
ArithmeticOptimizer/FoldTransposeIntoMatMul_T7LrZIlwE1,BatchMatMulV2,/job:localhost/replica:0/task:0/device:MUSA:0,20.0,0.02
ConstantFolding/1bXivWxrTy_const_axis,Pack,/job:localhost/replica:0/task:0/device:MUSA:0,20.0,0.02
mWTisJDMLN,Relu,/job:localhost/replica:0/task:0/device:MUSA:0,20.0,0.02
RGIWPjZE0T,MatMul,/job:localhost/replica:0/task:0/device:MUSA:0,20.0,0.02
0rwiv1b5Tq,MatMul,/job:localhost/replica:0/task:0/device:MUSA:0,20.0,0.02
teJrafOXW8,AddV2,/job:localhost/replica:0/task:0/device:MUSA:0,20.0,0.02
1YfsADvER4,Prod,/job:localhost/replica:0/task:0/device:MUSA:0,20.0,0.02
s20Ndt3b6E,Const,/job:localhost/replica:0/task:0/device:MUSA:0,19.0,0.019
6wnVxAaRjf,Const,/job:localhost/replica:0/task:0/device:MUSA:0,19.0,0.019
Qyk8iezBhC,Slice,/job:localhost/replica:0/task:0/device:MUSA:0,19.0,0.019
eac8jO1bBG,Slice,/job:localhost/replica:0/task:0/device:MUSA:0,19.0,0.019
X23TH9Nz4x,Slice,/job:localhost/replica:0/task:0/device:MUSA:0,19.0,0.019
XgYZTDCsx1,Slice,/job:localhost/replica:0/task:0/device:MUSA:0,19.0,0.019
vdrVs1yQ2i,Slice,/job:localhost/replica:0/task:0/device:MUSA:0,19.0,0.019
L96KJD2lEG,Slice,/job:localhost/replica:0/task:0/device:MUSA:0,19.0,0.019
SYfcemWD4h,Slice,/job:localhost/replica:0/task:0/device:MUSA:0,19.0,0.019
9aM6tHkcpq,AddN,/job:localhost/replica:0/task:0/device:MUSA:0,19.0,0.019
p9WP5cXQ3A,Slice,/job:localhost/replica:0/task:0/device:MUSA:0,19.0,0.019
E7gp4fKUyq,Slice,/job:localhost/replica:0/task:0/device:MUSA:0,19.0,0.019
0bBmeu5SEx,Slice,/job:localhost/replica:0/task:0/device:MUSA:0,19.0,0.019
f3bAxWvJrS,Slice,/job:localhost/replica:0/task:0/device:MUSA:0,19.0,0.019
HsMKXapx3G,Slice,/job:localhost/replica:0/task:0/device:MUSA:0,19.0,0.019
nvmQy5rwV9,Slice,/job:localhost/replica:0/task:0/device:MUSA:0,19.0,0.019
NXRWSV0QF7,Slice,/job:localhost/replica:0/task:0/device:MUSA:0,19.0,0.019
VUguafOlCw,Slice,/job:localhost/replica:0/task:0/device:MUSA:0,19.0,0.019
1vRBOkYgNa,Slice,/job:localhost/replica:0/task:0/device:MUSA:0,19.0,0.019
oV1KJWsPOc,Pow,/job:localhost/replica:0/task:0/device:MUSA:0,19.0,0.019
3aVD2gh847,ConcatV2,/job:localhost/replica:0/task:0/device:MUSA:0,19.0,0.019
maX0fCkuSd,MatMul,/job:localhost/replica:0/task:0/device:MUSA:0,19.0,0.019
aQOpVgqIF5,AddV2,/job:localhost/replica:0/task:0/device:MUSA:0,19.0,0.019
LE8694RroI,Sub,/job:localhost/replica:0/task:0/device:MUSA:0,19.0,0.019
J0Q9TK6eqs,Add,/job:localhost/replica:0/task:0/device:MUSA:0,19.0,0.019
jaXEDkHgKo,Slice,/job:localhost/replica:0/task:0/device:MUSA:0,19.0,0.019
g9djTKlSmX,ConcatV2,/job:localhost/replica:0/task:0/device:MUSA:0,19.0,0.019
krua5dhyI0,ConcatV2,/job:localhost/replica:0/task:0/device:MUSA:0,19.0,0.019
zpoDfri5GY,Slice,/job:localhost/replica:0/task:0/device:MUSA:0,19.0,0.019
nq0kfht2Od,RealDiv,/job:localhost/replica:0/task:0/device:MUSA:0,19.0,0.019
l8ro2g5wTQ,ConcatV2,/job:localhost/replica:0/task:0/device:MUSA:0,19.0,0.019
wfgnRHzuqY,Rsqrt,/job:localhost/replica:0/task:0/device:MUSA:0,19.0,0.019
6ybfXLE98z,Prod,/job:localhost/replica:0/task:0/device:MUSA:0,19.0,0.019
9VGkQjDT3n,StridedSlice,/job:localhost/replica:0/task:0/device:MUSA:0,19.0,0.019
uPeQsSOhNk,MatMul,/job:localhost/replica:0/task:0/device:MUSA:0,19.0,0.019
1XjS6wGNOa,GatherV2,/job:localhost/replica:0/task:0/device:MUSA:0,19.0,0.019
ApsYue2GUn,MatMul,/job:localhost/replica:0/task:0/device:MUSA:0,19.0,0.019
NtmVGXUIKu,MatMul,/job:localhost/replica:0/task:0/device:MUSA:0,19.0,0.019
Opsx7FCcdS,GatherV2,/job:localhost/replica:0/task:0/device:MUSA:0,19.0,0.019
lNEo9FqJpW,Pack,/job:localhost/replica:0/task:0/device:MUSA:0,19.0,0.019
u8FoNbB3JL,MatMul,/job:localhost/replica:0/task:0/device:MUSA:0,19.0,0.019
ivb8Uz72j1,MatMul,/job:localhost/replica:0/task:0/device:MUSA:0,19.0,0.019
dw06y7brUM,BatchMatMulV2,/job:localhost/replica:0/task:0/device:MUSA:0,19.0,0.019
BZ9uFw7Nfp,MatMul,/job:localhost/replica:0/task:0/device:MUSA:0,19.0,0.019
1XtjLQ7ETw,Relu,/job:localhost/replica:0/task:0/device:MUSA:0,19.0,0.019
OMxkAstzED,StridedSlice,/job:localhost/replica:0/task:0/device:MUSA:0,19.0,0.019
L7TUnPVGaI,Pack,/job:localhost/replica:0/task:0/device:MUSA:0,19.0,0.019
xTIzY3WDHK,Tanh,/job:localhost/replica:0/task:0/device:MUSA:0,19.0,0.019
H1PJMAXBg4,Const,/job:localhost/replica:0/task:0/device:MUSA:0,18.0,0.018
BYOSeUmpQ9,Const,/job:localhost/replica:0/task:0/device:MUSA:0,18.0,0.018
6EWsLvNbwd,Const,/job:localhost/replica:0/task:0/device:MUSA:0,18.0,0.018
7IZBb2irpX,Slice,/job:localhost/replica:0/task:0/device:MUSA:0,18.0,0.018
gkDtR3cym6,Cast,/job:localhost/replica:0/task:0/device:MUSA:0,18.0,0.018
TPR7mZzdOy,Slice,/job:localhost/replica:0/task:0/device:MUSA:0,18.0,0.018
hFaLAgj3Xo,Slice,/job:localhost/replica:0/task:0/device:MUSA:0,18.0,0.018
3sSnC6qadE,Slice,/job:localhost/replica:0/task:0/device:MUSA:0,18.0,0.018
vIOp4aYFln,Slice,/job:localhost/replica:0/task:0/device:MUSA:0,18.0,0.018
0ICHnuYEbB,Slice,/job:localhost/replica:0/task:0/device:MUSA:0,18.0,0.018
RW5bYKFgfP,Slice,/job:localhost/replica:0/task:0/device:MUSA:0,18.0,0.018
wi3cbSVUQr,Slice,/job:localhost/replica:0/task:0/device:MUSA:0,18.0,0.018
ZUeSOuT94g,Slice,/job:localhost/replica:0/task:0/device:MUSA:0,18.0,0.018
l2KhYVMGTC,Slice,/job:localhost/replica:0/task:0/device:MUSA:0,18.0,0.018
1CvJdVxyT3,RealDiv,/job:localhost/replica:0/task:0/device:MUSA:0,18.0,0.018
U9mHgBlEP6,Slice,/job:localhost/replica:0/task:0/device:MUSA:0,18.0,0.018
IKm0uGcyvR,Slice,/job:localhost/replica:0/task:0/device:MUSA:0,18.0,0.018
lkgDUy69fv,Slice,/job:localhost/replica:0/task:0/device:MUSA:0,18.0,0.018
uGItsdLDh7,Slice,/job:localhost/replica:0/task:0/device:MUSA:0,18.0,0.018
XjtrduOANU,Slice,/job:localhost/replica:0/task:0/device:MUSA:0,18.0,0.018
0OfJIRHhaD,Sub,/job:localhost/replica:0/task:0/device:MUSA:0,18.0,0.018
BQCuxJ1v2I,Slice,/job:localhost/replica:0/task:0/device:MUSA:0,18.0,0.018
bp4ufeo6cC,Slice,/job:localhost/replica:0/task:0/device:MUSA:0,18.0,0.018
SsoeuQnxtf,Slice,/job:localhost/replica:0/task:0/device:MUSA:0,18.0,0.018
p8iB6z3Sy0,ConcatV2,/job:localhost/replica:0/task:0/device:MUSA:0,18.0,0.018
gd7GVF9Ctr,MatMul,/job:localhost/replica:0/task:0/device:MUSA:0,18.0,0.018
kKNQJryAZH,Sub,/job:localhost/replica:0/task:0/device:MUSA:0,18.0,0.018
CkAUDI2lEL,MatMul,/job:localhost/replica:0/task:0/device:MUSA:0,18.0,0.018
6vuNsaC3JS,RealDiv,/job:localhost/replica:0/task:0/device:MUSA:0,18.0,0.018
HSZCpk6hu8,Slice,/job:localhost/replica:0/task:0/device:MUSA:0,18.0,0.018
DijPyu6Zax,Slice,/job:localhost/replica:0/task:0/device:MUSA:0,18.0,0.018
fPvjyVQ7OI,Add,/job:localhost/replica:0/task:0/device:MUSA:0,18.0,0.018
giyv6sRbT8,Slice,/job:localhost/replica:0/task:0/device:MUSA:0,18.0,0.018
p1JhdoIBiF,MatMul,/job:localhost/replica:0/task:0/device:MUSA:0,18.0,0.018
WVB2hTsuct,MatMul,/job:localhost/replica:0/task:0/device:MUSA:0,18.0,0.018
Mw721qbvBY,MatMul,/job:localhost/replica:0/task:0/device:MUSA:0,18.0,0.018
ioYkhvFKEJ,MatMul,/job:localhost/replica:0/task:0/device:MUSA:0,18.0,0.018
jiguwQ1PkD,ConcatV2,/job:localhost/replica:0/task:0/device:MUSA:0,18.0,0.018
pC0Q3cl5rk,MatMul,/job:localhost/replica:0/task:0/device:MUSA:0,18.0,0.018
PDAFOpzQet,StridedSlice,/job:localhost/replica:0/task:0/device:MUSA:0,18.0,0.018
ypiTKgkNut,Pack,/job:localhost/replica:0/task:0/device:MUSA:0,18.0,0.018
XTWp52Jtwq,GatherV2,/job:localhost/replica:0/task:0/device:MUSA:0,18.0,0.018
FRdfjyxaH0,ConcatV2,/job:localhost/replica:0/task:0/device:MUSA:0,18.0,0.018
Ab0nmq5iRT,Prod,/job:localhost/replica:0/task:0/device:MUSA:0,18.0,0.018
V3EfLAWx59,Pack,/job:localhost/replica:0/task:0/device:MUSA:0,18.0,0.018
ConstantFolding/DS5cJ0erpy_const_axis,Pack,/job:localhost/replica:0/task:0/device:MUSA:0,18.0,0.018
NL3w2DKjcI,MatMul,/job:localhost/replica:0/task:0/device:MUSA:0,18.0,0.018
hzgcPaOV1b,Prod,/job:localhost/replica:0/task:0/device:MUSA:0,18.0,0.018
AZC2qiM3wx,Add,/job:localhost/replica:0/task:0/device:MUSA:0,18.0,0.018
eO1oqalwXU,Relu,/job:localhost/replica:0/task:0/device:MUSA:0,18.0,0.018
XoGKUcH8v2,MatMul,/job:localhost/replica:0/task:0/device:MUSA:0,18.0,0.018
05Pm4pYNZL,MatMul,/job:localhost/replica:0/task:0/device:MUSA:0,18.0,0.018
h1FQcZmfWU,Softmax,/job:localhost/replica:0/task:0/device:MUSA:0,18.0,0.018
sU3Iv81JTy,Pow,/job:localhost/replica:0/task:0/device:MUSA:0,18.0,0.018
utJk2FD6M0,ConcatV2,/job:localhost/replica:0/task:0/device:MUSA:0,18.0,0.018
FPSxAhKwpI,LeakyRelu,/job:localhost/replica:0/task:0/device:MUSA:0,18.0,0.018
2EBqesODvT,RealDiv,/job:localhost/replica:0/task:0/device:MUSA:0,18.0,0.018
iXfRvOnDY9,MatMul,/job:localhost/replica:0/task:0/device:MUSA:0,18.0,0.018
rca8XRVgGC,AddV2,/job:localhost/replica:0/task:0/device:MUSA:0,18.0,0.018
zyUC34I1HL,Mean,/job:localhost/replica:0/task:0/device:MUSA:0,18.0,0.018
ZL36Q5wuOd,Const,/job:localhost/replica:0/task:0/device:MUSA:0,17.0,0.017
kYXyWcrfI6,Const,/job:localhost/replica:0/task:0/device:MUSA:0,17.0,0.017
GqF8drV063,Const,/job:localhost/replica:0/task:0/device:MUSA:0,17.0,0.017
fiec7PsSZo,Const,/job:localhost/replica:0/task:0/device:MUSA:0,17.0,0.017
HxziUdMcm7,Cast,/job:localhost/replica:0/task:0/device:MUSA:0,17.0,0.017
zWX8kdsBGu,Slice,/job:localhost/replica:0/task:0/device:MUSA:0,17.0,0.017
tG5V9bBnDA,Slice,/job:localhost/replica:0/task:0/device:MUSA:0,17.0,0.017
5iBjoqKbHu,Slice,/job:localhost/replica:0/task:0/device:MUSA:0,17.0,0.017
Gw87cTL2MZ,Slice,/job:localhost/replica:0/task:0/device:MUSA:0,17.0,0.017
mIHnKs9WJ1,Slice,/job:localhost/replica:0/task:0/device:MUSA:0,17.0,0.017
6m7kOxSHUF,Slice,/job:localhost/replica:0/task:0/device:MUSA:0,17.0,0.017
xPnwYJiABU,Slice,/job:localhost/replica:0/task:0/device:MUSA:0,17.0,0.017
NiFVt7zuev,Slice,/job:localhost/replica:0/task:0/device:MUSA:0,17.0,0.017
hn3Bx2P8dv,Slice,/job:localhost/replica:0/task:0/device:MUSA:0,17.0,0.017
uhfHWXLP7S,Slice,/job:localhost/replica:0/task:0/device:MUSA:0,17.0,0.017
wUS8O6ujFN,Slice,/job:localhost/replica:0/task:0/device:MUSA:0,17.0,0.017
R2qHdIwGTB,Slice,/job:localhost/replica:0/task:0/device:MUSA:0,17.0,0.017
RV3XmhLgEw,Slice,/job:localhost/replica:0/task:0/device:MUSA:0,17.0,0.017
Umdx1AC2Di,Slice,/job:localhost/replica:0/task:0/device:MUSA:0,17.0,0.017
aqPg2VByQj,Slice,/job:localhost/replica:0/task:0/device:MUSA:0,17.0,0.017
luXIivFwgP,Slice,/job:localhost/replica:0/task:0/device:MUSA:0,17.0,0.017
sLPHCuzwO7,MatMul,/job:localhost/replica:0/task:0/device:MUSA:0,17.0,0.017
wgaxhnyKZU,Slice,/job:localhost/replica:0/task:0/device:MUSA:0,17.0,0.017
dEzKMU4ByR,ConcatV2,/job:localhost/replica:0/task:0/device:MUSA:0,17.0,0.017
4UsVPnrAxQ,ConcatV2,/job:localhost/replica:0/task:0/device:MUSA:0,17.0,0.017
DStTF1ZgcG,Slice,/job:localhost/replica:0/task:0/device:MUSA:0,17.0,0.017
sIxio289mJ,ConcatV2,/job:localhost/replica:0/task:0/device:MUSA:0,17.0,0.017
wfy9IFUp0a,MatMul,/job:localhost/replica:0/task:0/device:MUSA:0,17.0,0.017
OCPWe3QpDi,MatMul,/job:localhost/replica:0/task:0/device:MUSA:0,17.0,0.017
jTb8ZJLU4w,Add,/job:localhost/replica:0/task:0/device:MUSA:0,17.0,0.017
w0y4h7qbHX,MatMul,/job:localhost/replica:0/task:0/device:MUSA:0,17.0,0.017
KJtBn9OmL0,MatMul,/job:localhost/replica:0/task:0/device:MUSA:0,17.0,0.017
MI074gcPU8,Prod,/job:localhost/replica:0/task:0/device:MUSA:0,17.0,0.017
mNBc58Ht4J,Pack,/job:localhost/replica:0/task:0/device:MUSA:0,17.0,0.017
U3m8VCpcJL,Pack,/job:localhost/replica:0/task:0/device:MUSA:0,17.0,0.017
YB2cpiGraf,Sub,/job:localhost/replica:0/task:0/device:MUSA:0,17.0,0.017
FvsLAIftEu,Relu,/job:localhost/replica:0/task:0/device:MUSA:0,17.0,0.017
TrpKjog6vQ,MatMul,/job:localhost/replica:0/task:0/device:MUSA:0,17.0,0.017
TfQRLikYU0,MatMul,/job:localhost/replica:0/task:0/device:MUSA:0,17.0,0.017
gCbHv31zfL,BatchMatMulV2,/job:localhost/replica:0/task:0/device:MUSA:0,17.0,0.017
jUXlH4OoC7,BatchMatMulV2,/job:localhost/replica:0/task:0/device:MUSA:0,17.0,0.017
w8S9QrkDab,Add,/job:localhost/replica:0/task:0/device:MUSA:0,17.0,0.017
djw0ZFQ1OC,SquaredDifference,/job:localhost/replica:0/task:0/device:MUSA:0,17.0,0.017
UPRtonKWlZ,AddV2,/job:localhost/replica:0/task:0/device:MUSA:0,17.0,0.017
QKhI76YOMu,MatMul,/job:localhost/replica:0/task:0/device:MUSA:0,17.0,0.017
LA17uw5tNM,Rsqrt,/job:localhost/replica:0/task:0/device:MUSA:0,17.0,0.017
27WyOxXTBV,Mean,/job:localhost/replica:0/task:0/device:MUSA:0,17.0,0.017
7bNKaQtIXG,Add,/job:localhost/replica:0/task:0/device:MUSA:0,17.0,0.017
xb19U0Wm3H,Const,/job:localhost/replica:0/task:0/device:MUSA:0,16.0,0.016
6HtonOR10Z,Const,/job:localhost/replica:0/task:0/device:MUSA:0,16.0,0.016
759hpfLZu2,Const,/job:localhost/replica:0/task:0/device:MUSA:0,16.0,0.016
swPYceboCj,RealDiv,/job:localhost/replica:0/task:0/device:MUSA:0,16.0,0.016
RTti5N4BLQ,RealDiv,/job:localhost/replica:0/task:0/device:MUSA:0,16.0,0.016
2n4xU8IF7S,Slice,/job:localhost/replica:0/task:0/device:MUSA:0,16.0,0.016
kDSbUizxqc,Slice,/job:localhost/replica:0/task:0/device:MUSA:0,16.0,0.016
lCgpNwIqho,Slice,/job:localhost/replica:0/task:0/device:MUSA:0,16.0,0.016
S7R4QHh5ef,Slice,/job:localhost/replica:0/task:0/device:MUSA:0,16.0,0.016
v1VlMpSb2D,Slice,/job:localhost/replica:0/task:0/device:MUSA:0,16.0,0.016
kCrBGWo9Yx,Slice,/job:localhost/replica:0/task:0/device:MUSA:0,16.0,0.016
yuIMniRtJj,Slice,/job:localhost/replica:0/task:0/device:MUSA:0,16.0,0.016
n7REiwXsoz,Slice,/job:localhost/replica:0/task:0/device:MUSA:0,16.0,0.016
H7jiExLdPG,Slice,/job:localhost/replica:0/task:0/device:MUSA:0,16.0,0.016
botirk7ZmF,Slice,/job:localhost/replica:0/task:0/device:MUSA:0,16.0,0.016
z3fBavMWm8,Slice,/job:localhost/replica:0/task:0/device:MUSA:0,16.0,0.016
VIbOq1r4LT,Slice,/job:localhost/replica:0/task:0/device:MUSA:0,16.0,0.016
xfKrXvPkdE,Slice,/job:localhost/replica:0/task:0/device:MUSA:0,16.0,0.016
LT9ucKW7Jf,Slice,/job:localhost/replica:0/task:0/device:MUSA:0,16.0,0.016
HYmsaGZTSE,Slice,/job:localhost/replica:0/task:0/device:MUSA:0,16.0,0.016
JXfy0n1M23,Slice,/job:localhost/replica:0/task:0/device:MUSA:0,16.0,0.016
wQPETg2Xst,Slice,/job:localhost/replica:0/task:0/device:MUSA:0,16.0,0.016
t6RCbSqmag,Slice,/job:localhost/replica:0/task:0/device:MUSA:0,16.0,0.016
DhgsKO6Tiw,Slice,/job:localhost/replica:0/task:0/device:MUSA:0,16.0,0.016
p0dutmDAiq,Slice,/job:localhost/replica:0/task:0/device:MUSA:0,16.0,0.016
ngCRDW371s,Slice,/job:localhost/replica:0/task:0/device:MUSA:0,16.0,0.016
wg4IdhAEGb,Slice,/job:localhost/replica:0/task:0/device:MUSA:0,16.0,0.016
QgnorMbeki,Slice,/job:localhost/replica:0/task:0/device:MUSA:0,16.0,0.016
BaVPIeMqLw,Slice,/job:localhost/replica:0/task:0/device:MUSA:0,16.0,0.016
Pa0SAXZsqJ,Slice,/job:localhost/replica:0/task:0/device:MUSA:0,16.0,0.016
qsd7RStgXH,Slice,/job:localhost/replica:0/task:0/device:MUSA:0,16.0,0.016
T8AhcYdutf,Add,/job:localhost/replica:0/task:0/device:MUSA:0,16.0,0.016
W57SeQfPzB,Slice,/job:localhost/replica:0/task:0/device:MUSA:0,16.0,0.016
nHBtLG4WT6,Slice,/job:localhost/replica:0/task:0/device:MUSA:0,16.0,0.016
e1KJIXEvdO,Slice,/job:localhost/replica:0/task:0/device:MUSA:0,16.0,0.016
TRUCxg3sSP,MatMul,/job:localhost/replica:0/task:0/device:MUSA:0,16.0,0.016
oCKvQeV7Hn,MatMul,/job:localhost/replica:0/task:0/device:MUSA:0,16.0,0.016
1THgnwBXbj,MatMul,/job:localhost/replica:0/task:0/device:MUSA:0,16.0,0.016
L6GySsBOXc,RealDiv,/job:localhost/replica:0/task:0/device:MUSA:0,16.0,0.016
l0amZfwME3,MatMul,/job:localhost/replica:0/task:0/device:MUSA:0,16.0,0.016
t2qHojs4M9,MatMul,/job:localhost/replica:0/task:0/device:MUSA:0,16.0,0.016
oBCEGtQF3s,Pow,/job:localhost/replica:0/task:0/device:MUSA:0,16.0,0.016
YU65CdykPu,Pow,/job:localhost/replica:0/task:0/device:MUSA:0,16.0,0.016
1KF2xMRJ4p,Slice,/job:localhost/replica:0/task:0/device:MUSA:0,16.0,0.016
RSf7VPBt5z,Slice,/job:localhost/replica:0/task:0/device:MUSA:0,16.0,0.016
DF5cl9zyiL,MatMul,/job:localhost/replica:0/task:0/device:MUSA:0,16.0,0.016
gI6UZmwLGk,MatMul,/job:localhost/replica:0/task:0/device:MUSA:0,16.0,0.016
PZ8EBVNuTy,MatMul,/job:localhost/replica:0/task:0/device:MUSA:0,16.0,0.016
EAXjzsVR2l,Rsqrt,/job:localhost/replica:0/task:0/device:MUSA:0,16.0,0.016
SHDRepzGxZ,Pow,/job:localhost/replica:0/task:0/device:MUSA:0,16.0,0.016
2PkcvMmT1y,RealDiv,/job:localhost/replica:0/task:0/device:MUSA:0,16.0,0.016
RT9i0rOwlC,MatMul,/job:localhost/replica:0/task:0/device:MUSA:0,16.0,0.016
m3X2b6wzYF,MatMul,/job:localhost/replica:0/task:0/device:MUSA:0,16.0,0.016
kBR4iDtrPM,Prod,/job:localhost/replica:0/task:0/device:MUSA:0,16.0,0.016
ctEPS2pFNx,Mul,/job:localhost/replica:0/task:0/device:MUSA:0,16.0,0.016
sJUwyekFOS,ConcatV2,/job:localhost/replica:0/task:0/device:MUSA:0,16.0,0.016
mVt83BqHdU,Sub,/job:localhost/replica:0/task:0/device:MUSA:0,16.0,0.016
LU2moa3Cjv,MatMul,/job:localhost/replica:0/task:0/device:MUSA:0,16.0,0.016
EyD8N1ZOq2,MatMul,/job:localhost/replica:0/task:0/device:MUSA:0,16.0,0.016
iHvnxpjUeM,StridedSlice,/job:localhost/replica:0/task:0/device:MUSA:0,16.0,0.016
2UWrcMihZ4,MatMul,/job:localhost/replica:0/task:0/device:MUSA:0,16.0,0.016
fjG4boFyPJ,MatMul,/job:localhost/replica:0/task:0/device:MUSA:0,16.0,0.016
ConstantFolding/R5KUoDwMya_const_axis,Pack,/job:localhost/replica:0/task:0/device:MUSA:0,16.0,0.016
i8PwYQGorR,Relu,/job:localhost/replica:0/task:0/device:MUSA:0,16.0,0.016
jK4Hb3Br02,LeakyRelu,/job:localhost/replica:0/task:0/device:MUSA:0,16.0,0.016
ETzfyNbPkr,Add,/job:localhost/replica:0/task:0/device:MUSA:0,16.0,0.016
PswJRIak93,MatMul,/job:localhost/replica:0/task:0/device:MUSA:0,16.0,0.016
LrY02KT6uy,Const,/job:localhost/replica:0/task:0/device:MUSA:0,15.0,0.015
0FKuebL8c3,Const,/job:localhost/replica:0/task:0/device:MUSA:0,15.0,0.015
32WfDPnROS,Const,/job:localhost/replica:0/task:0/device:MUSA:0,15.0,0.015
gZCcyTv8fq,Const,/job:localhost/replica:0/task:0/device:MUSA:0,15.0,0.015
f7Jt8T3uq1,MatMul,/job:localhost/replica:0/task:0/device:MUSA:0,15.0,0.015
uNBkwtp9na,Slice,/job:localhost/replica:0/task:0/device:MUSA:0,15.0,0.015
sVpIEF94bA,AddV2,/job:localhost/replica:0/task:0/device:MUSA:0,15.0,0.015
5wpBlLftc3,Slice,/job:localhost/replica:0/task:0/device:MUSA:0,15.0,0.015
yN3anUzifY,Slice,/job:localhost/replica:0/task:0/device:MUSA:0,15.0,0.015
kAMYmvsCWT,Slice,/job:localhost/replica:0/task:0/device:MUSA:0,15.0,0.015
YQAGD27hLR,Slice,/job:localhost/replica:0/task:0/device:MUSA:0,15.0,0.015
DLuQWIexRj,Slice,/job:localhost/replica:0/task:0/device:MUSA:0,15.0,0.015
8ZuflejT6R,Slice,/job:localhost/replica:0/task:0/device:MUSA:0,15.0,0.015
hu2UyNqmSW,Slice,/job:localhost/replica:0/task:0/device:MUSA:0,15.0,0.015
mno8kNWRgp,Slice,/job:localhost/replica:0/task:0/device:MUSA:0,15.0,0.015
5niOLxvgUJ,Slice,/job:localhost/replica:0/task:0/device:MUSA:0,15.0,0.015
IcvaZibfpY,Slice,/job:localhost/replica:0/task:0/device:MUSA:0,15.0,0.015
6a1Oh20EKo,Slice,/job:localhost/replica:0/task:0/device:MUSA:0,15.0,0.015
rlUvZEgQyq,Slice,/job:localhost/replica:0/task:0/device:MUSA:0,15.0,0.015
7jP59bs6QU,Slice,/job:localhost/replica:0/task:0/device:MUSA:0,15.0,0.015
WGtiIA2l7y,Slice,/job:localhost/replica:0/task:0/device:MUSA:0,15.0,0.015
HlayXBVSdz,Slice,/job:localhost/replica:0/task:0/device:MUSA:0,15.0,0.015
1MmGAYEiJg,Slice,/job:localhost/replica:0/task:0/device:MUSA:0,15.0,0.015
smc1xVQoeP,Slice,/job:localhost/replica:0/task:0/device:MUSA:0,15.0,0.015
o14xf8HeN2,Slice,/job:localhost/replica:0/task:0/device:MUSA:0,15.0,0.015
cXgetPQmEG,Slice,/job:localhost/replica:0/task:0/device:MUSA:0,15.0,0.015
Te1tSgDsI9,Slice,/job:localhost/replica:0/task:0/device:MUSA:0,15.0,0.015
FipJSslhAv,Slice,/job:localhost/replica:0/task:0/device:MUSA:0,15.0,0.015
KD1CTpfWNV,Slice,/job:localhost/replica:0/task:0/device:MUSA:0,15.0,0.015
FxGpb4Bzak,Slice,/job:localhost/replica:0/task:0/device:MUSA:0,15.0,0.015
MHKPj1QWDO,Slice,/job:localhost/replica:0/task:0/device:MUSA:0,15.0,0.015
Y6utd0ALxP,MatMul,/job:localhost/replica:0/task:0/device:MUSA:0,15.0,0.015
omu6gdXUpS,Cast,/job:localhost/replica:0/task:0/device:MUSA:0,15.0,0.015
RHlFLWMx8q,Slice,/job:localhost/replica:0/task:0/device:MUSA:0,15.0,0.015
ZrKvSyfaGh,Cast,/job:localhost/replica:0/task:0/device:MUSA:0,15.0,0.015
1dLQB0obfi,Cast,/job:localhost/replica:0/task:0/device:MUSA:0,15.0,0.015
HvRP0XrEVa,Tanh,/job:localhost/replica:0/task:0/device:MUSA:0,15.0,0.015
hVJoxIPyRM,ConcatV2,/job:localhost/replica:0/task:0/device:MUSA:0,15.0,0.015
m92zn0xOYF,ConcatV2,/job:localhost/replica:0/task:0/device:MUSA:0,15.0,0.015
ViOmhBtbCT,ConcatV2,/job:localhost/replica:0/task:0/device:MUSA:0,15.0,0.015
2zt1kwJL9A,MatMul,/job:localhost/replica:0/task:0/device:MUSA:0,15.0,0.015
Oe3jWsgtzu,ConcatV2,/job:localhost/replica:0/task:0/device:MUSA:0,15.0,0.015
aABpJjSNzR,Neg,/job:localhost/replica:0/task:0/device:MUSA:0,15.0,0.015
eQjltoah2m,Slice,/job:localhost/replica:0/task:0/device:MUSA:0,15.0,0.015
8sn94Op7Jm,Slice,/job:localhost/replica:0/task:0/device:MUSA:0,15.0,0.015
qMQfPX3a0s,Slice,/job:localhost/replica:0/task:0/device:MUSA:0,15.0,0.015
gliJxYh0SA,Slice,/job:localhost/replica:0/task:0/device:MUSA:0,15.0,0.015
yvtBN6YpHJ,Slice,/job:localhost/replica:0/task:0/device:MUSA:0,15.0,0.015
bHfRlNGMgt,LeakyRelu,/job:localhost/replica:0/task:0/device:MUSA:0,15.0,0.015
ie7S1BGZar,Slice,/job:localhost/replica:0/task:0/device:MUSA:0,15.0,0.015
WD8CnwSzrs,MatMul,/job:localhost/replica:0/task:0/device:MUSA:0,15.0,0.015
SebyvoAifM,Slice,/job:localhost/replica:0/task:0/device:MUSA:0,15.0,0.015
HwMKVWUAyk,MatMul,/job:localhost/replica:0/task:0/device:MUSA:0,15.0,0.015
gtEPJ3U2LY,Tanh,/job:localhost/replica:0/task:0/device:MUSA:0,15.0,0.015
b8lkIKPTNi,MatMul,/job:localhost/replica:0/task:0/device:MUSA:0,15.0,0.015
sLaG3dNpOy,ConcatV2,/job:localhost/replica:0/task:0/device:MUSA:0,15.0,0.015
WBMXUDzkfa,MatMul,/job:localhost/replica:0/task:0/device:MUSA:0,15.0,0.015
5TKtFGc8Iu,MatMul,/job:localhost/replica:0/task:0/device:MUSA:0,15.0,0.015
HpjwLcAqms,SquaredDifference,/job:localhost/replica:0/task:0/device:MUSA:0,15.0,0.015
WKMj8CZcDb,StridedSlice,/job:localhost/replica:0/task:0/device:MUSA:0,15.0,0.015
XIyvxrwiGK,StridedSlice,/job:localhost/replica:0/task:0/device:MUSA:0,15.0,0.015
XeJv9hNEz4,Pack,/job:localhost/replica:0/task:0/device:MUSA:0,15.0,0.015
djepTh2Icv,Pack,/job:localhost/replica:0/task:0/device:MUSA:0,15.0,0.015
GfeaW4LC1K,Pack,/job:localhost/replica:0/task:0/device:MUSA:0,15.0,0.015
Hzpu1PecRq,Prod,/job:localhost/replica:0/task:0/device:MUSA:0,15.0,0.015
OkZpXRom31,Prod,/job:localhost/replica:0/task:0/device:MUSA:0,15.0,0.015
mERiZa5rA4,MatMul,/job:localhost/replica:0/task:0/device:MUSA:0,15.0,0.015
4JsIX7lTZM,Relu,/job:localhost/replica:0/task:0/device:MUSA:0,15.0,0.015
SRGFIU9KQJ,GatherV2,/job:localhost/replica:0/task:0/device:MUSA:0,15.0,0.015
1G58Difwvg,GatherV2,/job:localhost/replica:0/task:0/device:MUSA:0,15.0,0.015
xDRJN21YuU,MatMul,/job:localhost/replica:0/task:0/device:MUSA:0,15.0,0.015
CuJ98zpO2W,MatMul,/job:localhost/replica:0/task:0/device:MUSA:0,15.0,0.015
V1tNhu9Bz4,MatMul,/job:localhost/replica:0/task:0/device:MUSA:0,15.0,0.015
o4TVIDMnug,Relu,/job:localhost/replica:0/task:0/device:MUSA:0,15.0,0.015
hbYNlBfj9P,MatMul,/job:localhost/replica:0/task:0/device:MUSA:0,15.0,0.015
ConstantFolding/pXSbiaG43s_const_axis,Pack,/job:localhost/replica:0/task:0/device:MUSA:0,15.0,0.015
fk7um9RKH6,Pow,/job:localhost/replica:0/task:0/device:MUSA:0,15.0,0.015
XMxyNvTOEu,BatchMatMulV2,/job:localhost/replica:0/task:0/device:MUSA:0,15.0,0.015
oEnsXjaYq5,Mul,/job:localhost/replica:0/task:0/device:MUSA:0,15.0,0.015
1Mi5zKgL4O,Transpose,/job:localhost/replica:0/task:0/device:MUSA:0,15.0,0.015
wyUIJWDkpN,Pow,/job:localhost/replica:0/task:0/device:MUSA:0,15.0,0.015
Psm5vXaZeA,Softmax,/job:localhost/replica:0/task:0/device:MUSA:0,15.0,0.015
LhqmV09zRt,RealDiv,/job:localhost/replica:0/task:0/device:MUSA:0,15.0,0.015
rJS3hOvDi6,MatMul,/job:localhost/replica:0/task:0/device:MUSA:0,15.0,0.015
sVcSarDFIE,Prod,/job:localhost/replica:0/task:0/device:MUSA:0,15.0,0.015
TpcIB6nSfs,Mean,/job:localhost/replica:0/task:0/device:MUSA:0,15.0,0.015
Vb6NOYSTMx,Sigmoid,/job:localhost/replica:0/task:0/device:MUSA:0,15.0,0.015
EWINDFu5GL,MatMul,/job:localhost/replica:0/task:0/device:MUSA:0,15.0,0.015
0DcJ81HSQi,Sub,/job:localhost/replica:0/task:0/device:MUSA:0,15.0,0.015
6O5Rlt8CVp,Prod,/job:localhost/replica:0/task:0/device:MUSA:0,15.0,0.015
GgshdyTtJn,AddV2,/job:localhost/replica:0/task:0/device:MUSA:0,15.0,0.015
ewv7VCglM0,LeakyRelu,/job:localhost/replica:0/task:0/device:MUSA:0,15.0,0.015
v1mciNUyEr,Mean,/job:localhost/replica:0/task:0/device:MUSA:0,15.0,0.015
q8fYv1akUF,Prod,/job:localhost/replica:0/task:0/device:MUSA:0,15.0,0.015
ZmLgFO8Knq,StridedSlice,/job:localhost/replica:0/task:0/device:MUSA:0,15.0,0.015
fr7vDCK8XU,Const,/job:localhost/replica:0/task:0/device:MUSA:0,14.0,0.014
KeOh0GrmFH,Const,/job:localhost/replica:0/task:0/device:MUSA:0,14.0,0.014
2qsAkOHgaQ,Const,/job:localhost/replica:0/task:0/device:MUSA:0,14.0,0.014
fqj124LI5x,Const,/job:localhost/replica:0/task:0/device:MUSA:0,14.0,0.014
CBFoD4XTiz,Const,/job:localhost/replica:0/task:0/device:MUSA:0,14.0,0.014
x80nzTpERj,Const,/job:localhost/replica:0/task:0/device:MUSA:0,14.0,0.014
o9qie0RW5b,AddV2,/job:localhost/replica:0/task:0/device:MUSA:0,14.0,0.014
vdIcPpS0QM,Slice,/job:localhost/replica:0/task:0/device:MUSA:0,14.0,0.014
DPFJV2rlBQ,Slice,/job:localhost/replica:0/task:0/device:MUSA:0,14.0,0.014
VMK6gPfY2w,Slice,/job:localhost/replica:0/task:0/device:MUSA:0,14.0,0.014
QRUYNav0gG,Slice,/job:localhost/replica:0/task:0/device:MUSA:0,14.0,0.014
xADOsQUpFu,Slice,/job:localhost/replica:0/task:0/device:MUSA:0,14.0,0.014
9cs8vyEfFA,Slice,/job:localhost/replica:0/task:0/device:MUSA:0,14.0,0.014
9uyw4d5GSg,Slice,/job:localhost/replica:0/task:0/device:MUSA:0,14.0,0.014
isMPu2T7Ug,Slice,/job:localhost/replica:0/task:0/device:MUSA:0,14.0,0.014
s7XLVd8lkt,Slice,/job:localhost/replica:0/task:0/device:MUSA:0,14.0,0.014
0MX6f32l5k,Slice,/job:localhost/replica:0/task:0/device:MUSA:0,14.0,0.014
QLEID5dUM8,Slice,/job:localhost/replica:0/task:0/device:MUSA:0,14.0,0.014
BFxY84Aabg,Slice,/job:localhost/replica:0/task:0/device:MUSA:0,14.0,0.014
bqdozH95GJ,Slice,/job:localhost/replica:0/task:0/device:MUSA:0,14.0,0.014
QGgZX78URe,Slice,/job:localhost/replica:0/task:0/device:MUSA:0,14.0,0.014
k5uUmzvSiG,Slice,/job:localhost/replica:0/task:0/device:MUSA:0,14.0,0.014
zs0SXY6A82,Slice,/job:localhost/replica:0/task:0/device:MUSA:0,14.0,0.014
dmMSBF4tIk,Slice,/job:localhost/replica:0/task:0/device:MUSA:0,14.0,0.014
hk6cQ4JGMO,Slice,/job:localhost/replica:0/task:0/device:MUSA:0,14.0,0.014
YMyovhurbl,Slice,/job:localhost/replica:0/task:0/device:MUSA:0,14.0,0.014
l5091uM6yp,Slice,/job:localhost/replica:0/task:0/device:MUSA:0,14.0,0.014
YJCWLzvHGI,Slice,/job:localhost/replica:0/task:0/device:MUSA:0,14.0,0.014
F8Y7oDx59P,Slice,/job:localhost/replica:0/task:0/device:MUSA:0,14.0,0.014
Is8zuV26R0,Slice,/job:localhost/replica:0/task:0/device:MUSA:0,14.0,0.014
QXS9AizqJF,Slice,/job:localhost/replica:0/task:0/device:MUSA:0,14.0,0.014
gyUa4IXBqj,Slice,/job:localhost/replica:0/task:0/device:MUSA:0,14.0,0.014
IixP2GYFZ5,Slice,/job:localhost/replica:0/task:0/device:MUSA:0,14.0,0.014
Iz5Rj1qYcb,Slice,/job:localhost/replica:0/task:0/device:MUSA:0,14.0,0.014
E5vSZ7lB3T,Slice,/job:localhost/replica:0/task:0/device:MUSA:0,14.0,0.014
hNwQT5IEDx,Slice,/job:localhost/replica:0/task:0/device:MUSA:0,14.0,0.014
wqKvMQNm87,Slice,/job:localhost/replica:0/task:0/device:MUSA:0,14.0,0.014
TgMZS8b70B,Slice,/job:localhost/replica:0/task:0/device:MUSA:0,14.0,0.014
K4Qhv3DOJ1,Slice,/job:localhost/replica:0/task:0/device:MUSA:0,14.0,0.014
3MWF7bskYq,Slice,/job:localhost/replica:0/task:0/device:MUSA:0,14.0,0.014
rOvNZRIP9F,Slice,/job:localhost/replica:0/task:0/device:MUSA:0,14.0,0.014
6Fpnd47xb8,Slice,/job:localhost/replica:0/task:0/device:MUSA:0,14.0,0.014
I2zgFsbGrQ,Slice,/job:localhost/replica:0/task:0/device:MUSA:0,14.0,0.014
eu3wz4cD28,Slice,/job:localhost/replica:0/task:0/device:MUSA:0,14.0,0.014
aJtw9Weybs,Slice,/job:localhost/replica:0/task:0/device:MUSA:0,14.0,0.014
oK6AGB7W3O,Slice,/job:localhost/replica:0/task:0/device:MUSA:0,14.0,0.014
Pz8JSWmVMB,Slice,/job:localhost/replica:0/task:0/device:MUSA:0,14.0,0.014
kuAxbQp9SK,Slice,/job:localhost/replica:0/task:0/device:MUSA:0,14.0,0.014
zDjGT1CN4W,Slice,/job:localhost/replica:0/task:0/device:MUSA:0,14.0,0.014
ZLn0HFBcM6,Slice,/job:localhost/replica:0/task:0/device:MUSA:0,14.0,0.014
HnCpO2hbzd,Slice,/job:localhost/replica:0/task:0/device:MUSA:0,14.0,0.014
Wt6bYExKm4,Slice,/job:localhost/replica:0/task:0/device:MUSA:0,14.0,0.014
ozKrFvhQwA,Slice,/job:localhost/replica:0/task:0/device:MUSA:0,14.0,0.014
9QN7klZpT4,Slice,/job:localhost/replica:0/task:0/device:MUSA:0,14.0,0.014
ieRC9l01G4,Slice,/job:localhost/replica:0/task:0/device:MUSA:0,14.0,0.014
MTdfAxevst,Cast,/job:localhost/replica:0/task:0/device:MUSA:0,14.0,0.014
Oq18BfbGLU,Slice,/job:localhost/replica:0/task:0/device:MUSA:0,14.0,0.014
JCdOExZ9Ua,Log,/job:localhost/replica:0/task:0/device:MUSA:0,14.0,0.014
Vi5n2TMCOq,Slice,/job:localhost/replica:0/task:0/device:MUSA:0,14.0,0.014
t3BmxyM21K,ConcatV2,/job:localhost/replica:0/task:0/device:MUSA:0,14.0,0.014
GY4iXgnbBv,MatMul,/job:localhost/replica:0/task:0/device:MUSA:0,14.0,0.014
VPxBr8NchA,Slice,/job:localhost/replica:0/task:0/device:MUSA:0,14.0,0.014
R3ZwXrSTxK,ConcatV2,/job:localhost/replica:0/task:0/device:MUSA:0,14.0,0.014
u46QNYq7tX,Slice,/job:localhost/replica:0/task:0/device:MUSA:0,14.0,0.014
jJlr7W2Yf3,Slice,/job:localhost/replica:0/task:0/device:MUSA:0,14.0,0.014
kmev3ghxVs,Slice,/job:localhost/replica:0/task:0/device:MUSA:0,14.0,0.014
zXOAjPRh2l,MatMul,/job:localhost/replica:0/task:0/device:MUSA:0,14.0,0.014
ypJhDqvxaT,LeakyRelu,/job:localhost/replica:0/task:0/device:MUSA:0,14.0,0.014
gInolMradR,Slice,/job:localhost/replica:0/task:0/device:MUSA:0,14.0,0.014
Z1IvMaOU0g,MatMul,/job:localhost/replica:0/task:0/device:MUSA:0,14.0,0.014
Q5yxm4UONb,Transpose,/job:localhost/replica:0/task:0/device:MUSA:0,14.0,0.014
kLfpXaV0PU,ConcatV2,/job:localhost/replica:0/task:0/device:MUSA:0,14.0,0.014
XjKPNin8Bp,Pow,/job:localhost/replica:0/task:0/device:MUSA:0,14.0,0.014
Ef1QOnq8LN,MatMul,/job:localhost/replica:0/task:0/device:MUSA:0,14.0,0.014
Ds5cy86zqk,ConcatV2,/job:localhost/replica:0/task:0/device:MUSA:0,14.0,0.014
TqF74Hb8Je,MatMul,/job:localhost/replica:0/task:0/device:MUSA:0,14.0,0.014
IZWcb6YLwx,MatMul,/job:localhost/replica:0/task:0/device:MUSA:0,14.0,0.014
T1jsivOore,ConcatV2,/job:localhost/replica:0/task:0/device:MUSA:0,14.0,0.014
LVq1QRMYyX,ConcatV2,/job:localhost/replica:0/task:0/device:MUSA:0,14.0,0.014
JzWfcYVej7,Prod,/job:localhost/replica:0/task:0/device:MUSA:0,14.0,0.014
e6YW1i0tNb,MatMul,/job:localhost/replica:0/task:0/device:MUSA:0,14.0,0.014
zD5jTaBIkM,MatMul,/job:localhost/replica:0/task:0/device:MUSA:0,14.0,0.014
tLwK4FGsD5,MatMul,/job:localhost/replica:0/task:0/device:MUSA:0,14.0,0.014
PhNt6fVHKG,MatMul,/job:localhost/replica:0/task:0/device:MUSA:0,14.0,0.014
03btXcMhx4,Prod,/job:localhost/replica:0/task:0/device:MUSA:0,14.0,0.014
OS8QasCkPm,ConcatV2,/job:localhost/replica:0/task:0/device:MUSA:0,14.0,0.014
rxWKIXdpAw,ConcatV2,/job:localhost/replica:0/task:0/device:MUSA:0,14.0,0.014
FGQs3cJO2u,Prod,/job:localhost/replica:0/task:0/device:MUSA:0,14.0,0.014
K1Jd27NF0G,ConcatV2,/job:localhost/replica:0/task:0/device:MUSA:0,14.0,0.014
ghOCWcoin0,GatherV2,/job:localhost/replica:0/task:0/device:MUSA:0,14.0,0.014
5GsmfeHRqo,Pack,/job:localhost/replica:0/task:0/device:MUSA:0,14.0,0.014
6NohtOB0FI,Sub,/job:localhost/replica:0/task:0/device:MUSA:0,14.0,0.014
8jJugALXI2,Mul,/job:localhost/replica:0/task:0/device:MUSA:0,14.0,0.014
Pf5EcGVqQz,Relu,/job:localhost/replica:0/task:0/device:MUSA:0,14.0,0.014
I0z5ebgRhA,Relu,/job:localhost/replica:0/task:0/device:MUSA:0,14.0,0.014
jlWEFgGzYt,BatchMatMulV2,/job:localhost/replica:0/task:0/device:MUSA:0,14.0,0.014
spduMbatRL,ConcatV2,/job:localhost/replica:0/task:0/device:MUSA:0,14.0,0.014
ql94zoE2K5,Prod,/job:localhost/replica:0/task:0/device:MUSA:0,14.0,0.014
CnPrMaSu3x,Softmax,/job:localhost/replica:0/task:0/device:MUSA:0,14.0,0.014
d7UlNZ5mfz,Pow,/job:localhost/replica:0/task:0/device:MUSA:0,14.0,0.014
9v0zNY8TfG,StridedSlice,/job:localhost/replica:0/task:0/device:MUSA:0,14.0,0.014
T8sCXkr9Ou,MatMul,/job:localhost/replica:0/task:0/device:MUSA:0,14.0,0.014
jlPoFYOz3y,StridedSlice,/job:localhost/replica:0/task:0/device:MUSA:0,14.0,0.014
ZGVaonShc9,StridedSlice,/job:localhost/replica:0/task:0/device:MUSA:0,14.0,0.014
9eEGfjryUx,MatMul,/job:localhost/replica:0/task:0/device:MUSA:0,14.0,0.014
J84ApTKfoV,BatchMatMulV2,/job:localhost/replica:0/task:0/device:MUSA:0,14.0,0.014
fShGQIqanE,Sum,/job:localhost/replica:0/task:0/device:MUSA:0,14.0,0.014
yj1zosmWep,Pow,/job:localhost/replica:0/task:0/device:MUSA:0,14.0,0.014
QV02bLm615,MatMul,/job:localhost/replica:0/task:0/device:MUSA:0,14.0,0.014
OiQzSUp2ku,Mean,/job:localhost/replica:0/task:0/device:MUSA:0,14.0,0.014
CcEsbyoUtK,Mul,/job:localhost/replica:0/task:0/device:MUSA:0,14.0,0.014
vx08ltD4Cr,Mul,/job:localhost/replica:0/task:0/device:MUSA:0,14.0,0.014
hQ7c8qLE2k,Prod,/job:localhost/replica:0/task:0/device:MUSA:0,14.0,0.014
dgVTSIH41m,MatMul,/job:localhost/replica:0/task:0/device:MUSA:0,14.0,0.014
JCxQUWfMGo,Log,/job:localhost/replica:0/task:0/device:MUSA:0,14.0,0.014
4HN0KACURg,LeakyRelu,/job:localhost/replica:0/task:0/device:MUSA:0,14.0,0.014
Pb2Cg5QXaN,LeakyRelu,/job:localhost/replica:0/task:0/device:MUSA:0,14.0,0.014
Q2jtuekCWh,Const,/job:localhost/replica:0/task:0/device:MUSA:0,13.0,0.013
oNpwOsb0HJ,Const,/job:localhost/replica:0/task:0/device:MUSA:0,13.0,0.013
vyRezhx3Qd,Const,/job:localhost/replica:0/task:0/device:MUSA:0,13.0,0.013
6fyxP1IniO,Const,/job:localhost/replica:0/task:0/device:MUSA:0,13.0,0.013
V8Af2BOd3R,Const,/job:localhost/replica:0/task:0/device:MUSA:0,13.0,0.013
ktn4ehjQPG,Const,/job:localhost/replica:0/task:0/device:MUSA:0,13.0,0.013
gLGRtPipC2,Const,/job:localhost/replica:0/task:0/device:MUSA:0,13.0,0.013
tBkAp8Tg12,Const,/job:localhost/replica:0/task:0/device:MUSA:0,13.0,0.013
rwdASfpmD9,Const,/job:localhost/replica:0/task:0/device:MUSA:0,13.0,0.013
AsKc4lJvqL,Slice,/job:localhost/replica:0/task:0/device:MUSA:0,13.0,0.013
BOgu94UQAM,Slice,/job:localhost/replica:0/task:0/device:MUSA:0,13.0,0.013
tOPgAvWBEQ,Slice,/job:localhost/replica:0/task:0/device:MUSA:0,13.0,0.013
sM1fXNFc9L,Slice,/job:localhost/replica:0/task:0/device:MUSA:0,13.0,0.013
k5W4UM90lD,Slice,/job:localhost/replica:0/task:0/device:MUSA:0,13.0,0.013
kXc31SZLaG,Slice,/job:localhost/replica:0/task:0/device:MUSA:0,13.0,0.013
reS5NOIWqV,Slice,/job:localhost/replica:0/task:0/device:MUSA:0,13.0,0.013
tQWIDnJHRT,Slice,/job:localhost/replica:0/task:0/device:MUSA:0,13.0,0.013
MtGAY6zXT0,Slice,/job:localhost/replica:0/task:0/device:MUSA:0,13.0,0.013
GpTruEMc3B,Slice,/job:localhost/replica:0/task:0/device:MUSA:0,13.0,0.013
BH0dAQ8iTf,Slice,/job:localhost/replica:0/task:0/device:MUSA:0,13.0,0.013
rA54YbduTP,Slice,/job:localhost/replica:0/task:0/device:MUSA:0,13.0,0.013
BSXovJd0AZ,Slice,/job:localhost/replica:0/task:0/device:MUSA:0,13.0,0.013
94wPGpvDg1,Slice,/job:localhost/replica:0/task:0/device:MUSA:0,13.0,0.013
WwpKI4zJqM,Slice,/job:localhost/replica:0/task:0/device:MUSA:0,13.0,0.013
y0Oik2ID7v,Slice,/job:localhost/replica:0/task:0/device:MUSA:0,13.0,0.013
xQZBqiGHMD,Slice,/job:localhost/replica:0/task:0/device:MUSA:0,13.0,0.013
6VBjZuTeYd,Slice,/job:localhost/replica:0/task:0/device:MUSA:0,13.0,0.013
cLerCySWBK,Slice,/job:localhost/replica:0/task:0/device:MUSA:0,13.0,0.013
aFITqdDWml,Slice,/job:localhost/replica:0/task:0/device:MUSA:0,13.0,0.013
TLbPfzRwGV,Slice,/job:localhost/replica:0/task:0/device:MUSA:0,13.0,0.013
OWiR1vboGa,Slice,/job:localhost/replica:0/task:0/device:MUSA:0,13.0,0.013
06g2J4PYsu,Slice,/job:localhost/replica:0/task:0/device:MUSA:0,13.0,0.013
5UWcANBw1O,Slice,/job:localhost/replica:0/task:0/device:MUSA:0,13.0,0.013
PnLVOvcN9m,Slice,/job:localhost/replica:0/task:0/device:MUSA:0,13.0,0.013
nqKo1SAOLV,Slice,/job:localhost/replica:0/task:0/device:MUSA:0,13.0,0.013
e0HyTk2dpK,Slice,/job:localhost/replica:0/task:0/device:MUSA:0,13.0,0.013
ytdYCISl04,Slice,/job:localhost/replica:0/task:0/device:MUSA:0,13.0,0.013
khlBSVqWYT,Slice,/job:localhost/replica:0/task:0/device:MUSA:0,13.0,0.013
ctSM6TK5gs,Slice,/job:localhost/replica:0/task:0/device:MUSA:0,13.0,0.013
suhxMPQGkq,Slice,/job:localhost/replica:0/task:0/device:MUSA:0,13.0,0.013
D1qoiEWPgl,Slice,/job:localhost/replica:0/task:0/device:MUSA:0,13.0,0.013
uWrXYDNP9S,Slice,/job:localhost/replica:0/task:0/device:MUSA:0,13.0,0.013
BRrYIlUwKe,Slice,/job:localhost/replica:0/task:0/device:MUSA:0,13.0,0.013
I0MWysXZlk,Slice,/job:localhost/replica:0/task:0/device:MUSA:0,13.0,0.013
VBM2ZlOxeJ,Cast,/job:localhost/replica:0/task:0/device:MUSA:0,13.0,0.013
uwgKEyXSQT,Slice,/job:localhost/replica:0/task:0/device:MUSA:0,13.0,0.013
Q6gbqi2DOt,Sub,/job:localhost/replica:0/task:0/device:MUSA:0,13.0,0.013
O5tpihM3N6,ConcatV2,/job:localhost/replica:0/task:0/device:MUSA:0,13.0,0.013
QhXUFR97r0,Rsqrt,/job:localhost/replica:0/task:0/device:MUSA:0,13.0,0.013
l2WuxUNhRQ,MatMul,/job:localhost/replica:0/task:0/device:MUSA:0,13.0,0.013
z4V6pEf9di,MatMul,/job:localhost/replica:0/task:0/device:MUSA:0,13.0,0.013
MKBv96WGul,Pow,/job:localhost/replica:0/task:0/device:MUSA:0,13.0,0.013
YzXK9lmxPg,Rsqrt,/job:localhost/replica:0/task:0/device:MUSA:0,13.0,0.013
amNkr7wLzV,Log,/job:localhost/replica:0/task:0/device:MUSA:0,13.0,0.013
WHxraAYGpl,RealDiv,/job:localhost/replica:0/task:0/device:MUSA:0,13.0,0.013
H2OvB8CSox,Add,/job:localhost/replica:0/task:0/device:MUSA:0,13.0,0.013
sarTu5z3DL,MatMul,/job:localhost/replica:0/task:0/device:MUSA:0,13.0,0.013
Xo1hsGfqkA,MatMul,/job:localhost/replica:0/task:0/device:MUSA:0,13.0,0.013
ecrz1PByYV,MatMul,/job:localhost/replica:0/task:0/device:MUSA:0,13.0,0.013
TWr0hBlLSO,LeakyRelu,/job:localhost/replica:0/task:0/device:MUSA:0,13.0,0.013
jeKOBxfE2C,ConcatV2,/job:localhost/replica:0/task:0/device:MUSA:0,13.0,0.013
wShfj0oHvV,Add,/job:localhost/replica:0/task:0/device:MUSA:0,13.0,0.013
QKYuzlInd0,AddV2,/job:localhost/replica:0/task:0/device:MUSA:0,13.0,0.013
Huk82F1cVL,Tanh,/job:localhost/replica:0/task:0/device:MUSA:0,13.0,0.013
ak70Qbjgwn,ConcatV2,/job:localhost/replica:0/task:0/device:MUSA:0,13.0,0.013
ASXkh785PZ,MatMul,/job:localhost/replica:0/task:0/device:MUSA:0,13.0,0.013
5W1xhV46ni,MatMul,/job:localhost/replica:0/task:0/device:MUSA:0,13.0,0.013
rdQfvKHYsq,AddV2,/job:localhost/replica:0/task:0/device:MUSA:0,13.0,0.013
CpQEIi0P8k,ConcatV2,/job:localhost/replica:0/task:0/device:MUSA:0,13.0,0.013
x5qpwP8YrG,ConcatV2,/job:localhost/replica:0/task:0/device:MUSA:0,13.0,0.013
UJzGs9ZW03,ConcatV2,/job:localhost/replica:0/task:0/device:MUSA:0,13.0,0.013
AvbuRLYtx7,Relu,/job:localhost/replica:0/task:0/device:MUSA:0,13.0,0.013
1ghomHL3n5,BatchMatMulV2,/job:localhost/replica:0/task:0/device:MUSA:0,13.0,0.013
74ebYoOv1r,StridedSlice,/job:localhost/replica:0/task:0/device:MUSA:0,13.0,0.013
MOWfTLvIlb,Relu,/job:localhost/replica:0/task:0/device:MUSA:0,13.0,0.013
0he2gr31fq,ConcatV2,/job:localhost/replica:0/task:0/device:MUSA:0,13.0,0.013
i8s4tkrZJO,GatherV2,/job:localhost/replica:0/task:0/device:MUSA:0,13.0,0.013
t5U6hGLOKn,Prod,/job:localhost/replica:0/task:0/device:MUSA:0,13.0,0.013
aG5RjTMLt9,Pack,/job:localhost/replica:0/task:0/device:MUSA:0,13.0,0.013
C7F0Ps59hg,ConcatV2,/job:localhost/replica:0/task:0/device:MUSA:0,13.0,0.013
9d5egjbZHk,Pow,/job:localhost/replica:0/task:0/device:MUSA:0,13.0,0.013
m3f2tHexQc,Add,/job:localhost/replica:0/task:0/device:MUSA:0,13.0,0.013
HyftZb3BLV,MatMul,/job:localhost/replica:0/task:0/device:MUSA:0,13.0,0.013
2GEdc0nRT4,Pack,/job:localhost/replica:0/task:0/device:MUSA:0,13.0,0.013
8kAmE3xWiD,Softmax,/job:localhost/replica:0/task:0/device:MUSA:0,13.0,0.013
U4QGapncuN,BatchMatMulV2,/job:localhost/replica:0/task:0/device:MUSA:0,13.0,0.013
jwTdBogaSc,Pack,/job:localhost/replica:0/task:0/device:MUSA:0,13.0,0.013
OoIWKFuVRp,Sum,/job:localhost/replica:0/task:0/device:MUSA:0,13.0,0.013
yH82kcgBhw,MatMul,/job:localhost/replica:0/task:0/device:MUSA:0,13.0,0.013
kCUEowLIbd,LeakyRelu,/job:localhost/replica:0/task:0/device:MUSA:0,13.0,0.013
j1JGLFqoWQ,Log,/job:localhost/replica:0/task:0/device:MUSA:0,13.0,0.013
pudJzbWiZP,AddV2,/job:localhost/replica:0/task:0/device:MUSA:0,13.0,0.013
0oflNj8g3h,MatMul,/job:localhost/replica:0/task:0/device:MUSA:0,13.0,0.013
VnC4307jq2,Mul,/job:localhost/replica:0/task:0/device:MUSA:0,13.0,0.013
S1EgQX280o,Const,/job:localhost/replica:0/task:0/device:MUSA:0,12.0,0.012
iUdWt4nZBm,Const,/job:localhost/replica:0/task:0/device:MUSA:0,12.0,0.012
le6vNSXE9t,Const,/job:localhost/replica:0/task:0/device:MUSA:0,12.0,0.012
Dw9tfIOo8k,Const,/job:localhost/replica:0/task:0/device:MUSA:0,12.0,0.012
dw19L2FYGa,Const,/job:localhost/replica:0/task:0/device:MUSA:0,12.0,0.012
6biZIYL3am,Const,/job:localhost/replica:0/task:0/device:MUSA:0,12.0,0.012
1IbCmlcXOS,Const,/job:localhost/replica:0/task:0/device:MUSA:0,12.0,0.012
fhoiky0DTY,Slice,/job:localhost/replica:0/task:0/device:MUSA:0,12.0,0.012
xFD3WwPMdy,Slice,/job:localhost/replica:0/task:0/device:MUSA:0,12.0,0.012
P8E0qBWOXy,Slice,/job:localhost/replica:0/task:0/device:MUSA:0,12.0,0.012
3N5QzK9EOT,Slice,/job:localhost/replica:0/task:0/device:MUSA:0,12.0,0.012
j9Q2HWmuna,Slice,/job:localhost/replica:0/task:0/device:MUSA:0,12.0,0.012
rhIefuPEOa,Slice,/job:localhost/replica:0/task:0/device:MUSA:0,12.0,0.012
YGd1bWkfni,Slice,/job:localhost/replica:0/task:0/device:MUSA:0,12.0,0.012
X92aUmv8Ag,Slice,/job:localhost/replica:0/task:0/device:MUSA:0,12.0,0.012
WQr7uCPRbv,Slice,/job:localhost/replica:0/task:0/device:MUSA:0,12.0,0.012
X93C1xOqQf,Slice,/job:localhost/replica:0/task:0/device:MUSA:0,12.0,0.012
h3KmV2X5rH,Slice,/job:localhost/replica:0/task:0/device:MUSA:0,12.0,0.012
MX8bdksRnF,Slice,/job:localhost/replica:0/task:0/device:MUSA:0,12.0,0.012
FMxwcKmRG1,Slice,/job:localhost/replica:0/task:0/device:MUSA:0,12.0,0.012
3XQjFP8nLN,Slice,/job:localhost/replica:0/task:0/device:MUSA:0,12.0,0.012
iGTtPsKz9e,Slice,/job:localhost/replica:0/task:0/device:MUSA:0,12.0,0.012
Alsp547NQG,Slice,/job:localhost/replica:0/task:0/device:MUSA:0,12.0,0.012
VF5dXRgu0p,Slice,/job:localhost/replica:0/task:0/device:MUSA:0,12.0,0.012
k4NLjVJp3i,Slice,/job:localhost/replica:0/task:0/device:MUSA:0,12.0,0.012
yFOieS0Vml,Slice,/job:localhost/replica:0/task:0/device:MUSA:0,12.0,0.012
R6N8shnJqo,Slice,/job:localhost/replica:0/task:0/device:MUSA:0,12.0,0.012
i6fyEpAhk9,Slice,/job:localhost/replica:0/task:0/device:MUSA:0,12.0,0.012
iohVgQHd20,Slice,/job:localhost/replica:0/task:0/device:MUSA:0,12.0,0.012
qCtIxduHjA,Slice,/job:localhost/replica:0/task:0/device:MUSA:0,12.0,0.012
lndDGvj6hf,Slice,/job:localhost/replica:0/task:0/device:MUSA:0,12.0,0.012
9fZKaLEpGm,Slice,/job:localhost/replica:0/task:0/device:MUSA:0,12.0,0.012
PGf8QnRiwT,Slice,/job:localhost/replica:0/task:0/device:MUSA:0,12.0,0.012
KY1Ubsw27O,Slice,/job:localhost/replica:0/task:0/device:MUSA:0,12.0,0.012
j7gxJ3Vr0Z,Slice,/job:localhost/replica:0/task:0/device:MUSA:0,12.0,0.012
cxzSR8rjvJ,Slice,/job:localhost/replica:0/task:0/device:MUSA:0,12.0,0.012
GUSpdCtfu0,Slice,/job:localhost/replica:0/task:0/device:MUSA:0,12.0,0.012
ArxfsGkQ6C,Slice,/job:localhost/replica:0/task:0/device:MUSA:0,12.0,0.012
kzJdR2yKOB,Slice,/job:localhost/replica:0/task:0/device:MUSA:0,12.0,0.012
zVZJPM6FAu,Slice,/job:localhost/replica:0/task:0/device:MUSA:0,12.0,0.012
ridQPbatGF,Slice,/job:localhost/replica:0/task:0/device:MUSA:0,12.0,0.012
UN4a2qncH7,Slice,/job:localhost/replica:0/task:0/device:MUSA:0,12.0,0.012
dpBRXDG7TF,Slice,/job:localhost/replica:0/task:0/device:MUSA:0,12.0,0.012
frencZFOPy,Slice,/job:localhost/replica:0/task:0/device:MUSA:0,12.0,0.012
Zp2zXIdPFh,Slice,/job:localhost/replica:0/task:0/device:MUSA:0,12.0,0.012
4CyAvj02cX,Slice,/job:localhost/replica:0/task:0/device:MUSA:0,12.0,0.012
pOVYDAgHc0,Slice,/job:localhost/replica:0/task:0/device:MUSA:0,12.0,0.012
qGoWg0Pkue,Slice,/job:localhost/replica:0/task:0/device:MUSA:0,12.0,0.012
T8D3ASF2Nj,Cast,/job:localhost/replica:0/task:0/device:MUSA:0,12.0,0.012
xzEcjMdiCO,Slice,/job:localhost/replica:0/task:0/device:MUSA:0,12.0,0.012
BXKDMsgnZN,Slice,/job:localhost/replica:0/task:0/device:MUSA:0,12.0,0.012
kn1eSXtg02,Add,/job:localhost/replica:0/task:0/device:MUSA:0,12.0,0.012
qvnbBtoQCk,Slice,/job:localhost/replica:0/task:0/device:MUSA:0,12.0,0.012
dcLiEV4QYN,AddV2,/job:localhost/replica:0/task:0/device:MUSA:0,12.0,0.012
Ry51uIiKo9,MatMul,/job:localhost/replica:0/task:0/device:MUSA:0,12.0,0.012
SItZ2894kj,MatMul,/job:localhost/replica:0/task:0/device:MUSA:0,12.0,0.012
JBA9PKuVCG,Slice,/job:localhost/replica:0/task:0/device:MUSA:0,12.0,0.012
iFbrBjQzlM,Slice,/job:localhost/replica:0/task:0/device:MUSA:0,12.0,0.012
mZhsRHL5kp,Slice,/job:localhost/replica:0/task:0/device:MUSA:0,12.0,0.012
wVO68YQh59,MatMul,/job:localhost/replica:0/task:0/device:MUSA:0,12.0,0.012
igWvTyNDf6,Log,/job:localhost/replica:0/task:0/device:MUSA:0,12.0,0.012
zmwqn0BJKl,Log,/job:localhost/replica:0/task:0/device:MUSA:0,12.0,0.012
CyxbT2jqXh,Add,/job:localhost/replica:0/task:0/device:MUSA:0,12.0,0.012
2XK81L3mQa,MatMul,/job:localhost/replica:0/task:0/device:MUSA:0,12.0,0.012
pYe7v2ZtJi,Sub,/job:localhost/replica:0/task:0/device:MUSA:0,12.0,0.012
Qz0n3dIHE8,MatMul,/job:localhost/replica:0/task:0/device:MUSA:0,12.0,0.012
O3iYE4xNeu,Pow,/job:localhost/replica:0/task:0/device:MUSA:0,12.0,0.012
HszGxIniw9,RealDiv,/job:localhost/replica:0/task:0/device:MUSA:0,12.0,0.012
8zE3jBPWoI,MatMul,/job:localhost/replica:0/task:0/device:MUSA:0,12.0,0.012
pCe3VZSM6w,Relu,/job:localhost/replica:0/task:0/device:MUSA:0,12.0,0.012
361RIrOzex,MatMul,/job:localhost/replica:0/task:0/device:MUSA:0,12.0,0.012
npfZodzFM4,MatMul,/job:localhost/replica:0/task:0/device:MUSA:0,12.0,0.012
BhalfogzA5,MatMul,/job:localhost/replica:0/task:0/device:MUSA:0,12.0,0.012
4R2orhHYBt,Relu,/job:localhost/replica:0/task:0/device:MUSA:0,12.0,0.012
GziyEptBac,ConcatV2,/job:localhost/replica:0/task:0/device:MUSA:0,12.0,0.012
gqM4PHcTl9,Prod,/job:localhost/replica:0/task:0/device:MUSA:0,12.0,0.012
edcE62NwgO,GatherV2,/job:localhost/replica:0/task:0/device:MUSA:0,12.0,0.012
yuf5ldxX8g,Relu,/job:localhost/replica:0/task:0/device:MUSA:0,12.0,0.012
va46AOSZMH,StridedSlice,/job:localhost/replica:0/task:0/device:MUSA:0,12.0,0.012
bQFLEHVZeK,MatMul,/job:localhost/replica:0/task:0/device:MUSA:0,12.0,0.012
BZwlyMcAhG,MatMul,/job:localhost/replica:0/task:0/device:MUSA:0,12.0,0.012
BskuVdayZE,StridedSlice,/job:localhost/replica:0/task:0/device:MUSA:0,12.0,0.012
1dQ6CfpmZr,Transpose,/job:localhost/replica:0/task:0/device:MUSA:0,12.0,0.012
n6wkiNE4xT,BatchMatMulV2,/job:localhost/replica:0/task:0/device:MUSA:0,12.0,0.012
SzyevRkO7x,Pow,/job:localhost/replica:0/task:0/device:MUSA:0,12.0,0.012
o5OKgZ6rdw,BatchMatMulV2,/job:localhost/replica:0/task:0/device:MUSA:0,12.0,0.012
y3ZfK2q8xr,Transpose,/job:localhost/replica:0/task:0/device:MUSA:0,12.0,0.012
mfb7PcCvWp,MatMul,/job:localhost/replica:0/task:0/device:MUSA:0,12.0,0.012
vUlyk0dp13,LeakyRelu,/job:localhost/replica:0/task:0/device:MUSA:0,12.0,0.012
4HVwpAbs03,LeakyRelu,/job:localhost/replica:0/task:0/device:MUSA:0,12.0,0.012
PSbrWqxchp,Sub,/job:localhost/replica:0/task:0/device:MUSA:0,12.0,0.012
b94FHpCMrx,MatMul,/job:localhost/replica:0/task:0/device:MUSA:0,12.0,0.012
dS0V72uGbF,MatMul,/job:localhost/replica:0/task:0/device:MUSA:0,12.0,0.012
3mwtjWKzdv,Mul,/job:localhost/replica:0/task:0/device:MUSA:0,12.0,0.012
ewVh3q0iDy,Sub,/job:localhost/replica:0/task:0/device:MUSA:0,12.0,0.012
qDOBcNyu5X,RealDiv,/job:localhost/replica:0/task:0/device:MUSA:0,12.0,0.012
TAl1rWiwtq,Sub,/job:localhost/replica:0/task:0/device:MUSA:0,12.0,0.012
1hDupKWGHT,Prod,/job:localhost/replica:0/task:0/device:MUSA:0,12.0,0.012
V8sTyLRwYC,Const,/job:localhost/replica:0/task:0/device:MUSA:0,11.0,0.011
64HbevN7Yf,Const,/job:localhost/replica:0/task:0/device:MUSA:0,11.0,0.011
Ufy7JjsCGg,Const,/job:localhost/replica:0/task:0/device:MUSA:0,11.0,0.011
vyECzDMYix,Const,/job:localhost/replica:0/task:0/device:MUSA:0,11.0,0.011
JYMGZPiNUH,Const,/job:localhost/replica:0/task:0/device:MUSA:0,11.0,0.011
BWCE06IlZ4,Const,/job:localhost/replica:0/task:0/device:MUSA:0,11.0,0.011
RMjf1IF0lo,Const,/job:localhost/replica:0/task:0/device:MUSA:0,11.0,0.011
bpK2s3rywu,Cast,/job:localhost/replica:0/task:0/device:MUSA:0,11.0,0.011
1irHB8pmcg,ExpandDims,/job:localhost/replica:0/task:0/device:MUSA:0,11.0,0.011
oSwHuAaLsE,Slice,/job:localhost/replica:0/task:0/device:MUSA:0,11.0,0.011
yTo3nPtYca,Slice,/job:localhost/replica:0/task:0/device:MUSA:0,11.0,0.011
hzfW0PQd4k,Slice,/job:localhost/replica:0/task:0/device:MUSA:0,11.0,0.011
yR7Gb3OF6N,Slice,/job:localhost/replica:0/task:0/device:MUSA:0,11.0,0.011
oXHRi1P9pQ,Slice,/job:localhost/replica:0/task:0/device:MUSA:0,11.0,0.011
uM2Aia70j1,Slice,/job:localhost/replica:0/task:0/device:MUSA:0,11.0,0.011
V24N1WqEbY,Slice,/job:localhost/replica:0/task:0/device:MUSA:0,11.0,0.011
kaU6yCZFup,Slice,/job:localhost/replica:0/task:0/device:MUSA:0,11.0,0.011
rTMyiEeWon,Slice,/job:localhost/replica:0/task:0/device:MUSA:0,11.0,0.011
Wq8SnfbwcH,Slice,/job:localhost/replica:0/task:0/device:MUSA:0,11.0,0.011
DdVpIHwE1J,Slice,/job:localhost/replica:0/task:0/device:MUSA:0,11.0,0.011
XICbAUn1KB,Slice,/job:localhost/replica:0/task:0/device:MUSA:0,11.0,0.011
cMhFNQwWCk,Slice,/job:localhost/replica:0/task:0/device:MUSA:0,11.0,0.011
WwPaynXcO5,Slice,/job:localhost/replica:0/task:0/device:MUSA:0,11.0,0.011
pCrDGqX1JT,Slice,/job:localhost/replica:0/task:0/device:MUSA:0,11.0,0.011
6l987JwuQn,Slice,/job:localhost/replica:0/task:0/device:MUSA:0,11.0,0.011
HvIf51obVm,Slice,/job:localhost/replica:0/task:0/device:MUSA:0,11.0,0.011
qp9XLZF1c6,Slice,/job:localhost/replica:0/task:0/device:MUSA:0,11.0,0.011
eIXfLZx4bq,Slice,/job:localhost/replica:0/task:0/device:MUSA:0,11.0,0.011
bwQvoZGyg0,Slice,/job:localhost/replica:0/task:0/device:MUSA:0,11.0,0.011
NuvJ2918xo,Slice,/job:localhost/replica:0/task:0/device:MUSA:0,11.0,0.011
TGBWgfehqa,Slice,/job:localhost/replica:0/task:0/device:MUSA:0,11.0,0.011
BdHYyjXS1m,Slice,/job:localhost/replica:0/task:0/device:MUSA:0,11.0,0.011
CGafmXPZDE,Slice,/job:localhost/replica:0/task:0/device:MUSA:0,11.0,0.011
6dhgVs5poZ,Slice,/job:localhost/replica:0/task:0/device:MUSA:0,11.0,0.011
6f3d0tuRjW,Slice,/job:localhost/replica:0/task:0/device:MUSA:0,11.0,0.011
gKPAyo0hCM,Slice,/job:localhost/replica:0/task:0/device:MUSA:0,11.0,0.011
68pR1UhyL4,Slice,/job:localhost/replica:0/task:0/device:MUSA:0,11.0,0.011
Y3QVCNiuIq,Slice,/job:localhost/replica:0/task:0/device:MUSA:0,11.0,0.011
IG24M5cjbm,Slice,/job:localhost/replica:0/task:0/device:MUSA:0,11.0,0.011
FNtYvdU7RS,Slice,/job:localhost/replica:0/task:0/device:MUSA:0,11.0,0.011
ct5PaLVACQ,Slice,/job:localhost/replica:0/task:0/device:MUSA:0,11.0,0.011
TbyjnpodWV,Slice,/job:localhost/replica:0/task:0/device:MUSA:0,11.0,0.011
goWTu4UcZX,Slice,/job:localhost/replica:0/task:0/device:MUSA:0,11.0,0.011
iPCfZHEcYe,Slice,/job:localhost/replica:0/task:0/device:MUSA:0,11.0,0.011
csZza2XbwT,ExpandDims,/job:localhost/replica:0/task:0/device:MUSA:0,11.0,0.011
jCoe7BnIiG,Slice,/job:localhost/replica:0/task:0/device:MUSA:0,11.0,0.011
r1OHt0Sfqk,Slice,/job:localhost/replica:0/task:0/device:MUSA:0,11.0,0.011
y1tBVXuNvT,Slice,/job:localhost/replica:0/task:0/device:MUSA:0,11.0,0.011
J4S9KoHlxO,Slice,/job:localhost/replica:0/task:0/device:MUSA:0,11.0,0.011
uPgZrNOFGH,Slice,/job:localhost/replica:0/task:0/device:MUSA:0,11.0,0.011
CxeEovhNHF,Slice,/job:localhost/replica:0/task:0/device:MUSA:0,11.0,0.011
F24m7N9pyj,Slice,/job:localhost/replica:0/task:0/device:MUSA:0,11.0,0.011
pKlyTIdH8Z,Slice,/job:localhost/replica:0/task:0/device:MUSA:0,11.0,0.011
m58QfFbOTU,Slice,/job:localhost/replica:0/task:0/device:MUSA:0,11.0,0.011
HAFBkcr0z9,Slice,/job:localhost/replica:0/task:0/device:MUSA:0,11.0,0.011
Pjez7iInYT,Slice,/job:localhost/replica:0/task:0/device:MUSA:0,11.0,0.011
kmtCMzAV02,Slice,/job:localhost/replica:0/task:0/device:MUSA:0,11.0,0.011
B82qnsCFOL,Slice,/job:localhost/replica:0/task:0/device:MUSA:0,11.0,0.011
VX5sKYTx02,Slice,/job:localhost/replica:0/task:0/device:MUSA:0,11.0,0.011
Z63zpqEXL9,Slice,/job:localhost/replica:0/task:0/device:MUSA:0,11.0,0.011
QI6mMkiaAs,Slice,/job:localhost/replica:0/task:0/device:MUSA:0,11.0,0.011
pzIZlS3RJY,Slice,/job:localhost/replica:0/task:0/device:MUSA:0,11.0,0.011
FJmM2bYIpO,Slice,/job:localhost/replica:0/task:0/device:MUSA:0,11.0,0.011
76M5cDuFQR,Slice,/job:localhost/replica:0/task:0/device:MUSA:0,11.0,0.011
v08hxuDqwf,Slice,/job:localhost/replica:0/task:0/device:MUSA:0,11.0,0.011
XceakLSFVw,Slice,/job:localhost/replica:0/task:0/device:MUSA:0,11.0,0.011
pPyY3deZA1,Slice,/job:localhost/replica:0/task:0/device:MUSA:0,11.0,0.011
4aUonPfu2D,Cast,/job:localhost/replica:0/task:0/device:MUSA:0,11.0,0.011
yUrOhm1beE,Slice,/job:localhost/replica:0/task:0/device:MUSA:0,11.0,0.011
hD52rOuMkU,Slice,/job:localhost/replica:0/task:0/device:MUSA:0,11.0,0.011
mCXtD93JwQ,Slice,/job:localhost/replica:0/task:0/device:MUSA:0,11.0,0.011
uI80aeids4,MatMul,/job:localhost/replica:0/task:0/device:MUSA:0,11.0,0.011
ArithmeticOptimizer/SimplifyAggregation_Mul_VaqI8QOHzi,Sub,/job:localhost/replica:0/task:0/device:MUSA:0,11.0,0.011
d7Zglyu1cB,Log,/job:localhost/replica:0/task:0/device:MUSA:0,11.0,0.011
fzC3EH7O2q,Slice,/job:localhost/replica:0/task:0/device:MUSA:0,11.0,0.011
BnzpaTFJUY,Slice,/job:localhost/replica:0/task:0/device:MUSA:0,11.0,0.011
Nn9JiceUgR,Slice,/job:localhost/replica:0/task:0/device:MUSA:0,11.0,0.011
T5oRiONldS,Slice,/job:localhost/replica:0/task:0/device:MUSA:0,11.0,0.011
Z5AIuSoj84,MatMul,/job:localhost/replica:0/task:0/device:MUSA:0,11.0,0.011
ySusvqFx8i,MatMul,/job:localhost/replica:0/task:0/device:MUSA:0,11.0,0.011
kEYg6b4wMJ,Slice,/job:localhost/replica:0/task:0/device:MUSA:0,11.0,0.011
9dJID0RGtW,Slice,/job:localhost/replica:0/task:0/device:MUSA:0,11.0,0.011
fW0ROn73oj,Slice,/job:localhost/replica:0/task:0/device:MUSA:0,11.0,0.011
N3jM6GTKc2,MatMul,/job:localhost/replica:0/task:0/device:MUSA:0,11.0,0.011
xWkbHe5dGF,Log,/job:localhost/replica:0/task:0/device:MUSA:0,11.0,0.011
mUJgZbyYqi,MatMul,/job:localhost/replica:0/task:0/device:MUSA:0,11.0,0.011
WiA0vF7wTb,Transpose,/job:localhost/replica:0/task:0/device:MUSA:0,11.0,0.011
6qWGm3Tn7P,Neg,/job:localhost/replica:0/task:0/device:MUSA:0,11.0,0.011
WFROElU4ZJ,ConcatV2,/job:localhost/replica:0/task:0/device:MUSA:0,11.0,0.011
HbUgIQJhod,MatMul,/job:localhost/replica:0/task:0/device:MUSA:0,11.0,0.011
U2eYpfMSo9,Neg,/job:localhost/replica:0/task:0/device:MUSA:0,11.0,0.011
6aJUkSizyT,ConcatV2,/job:localhost/replica:0/task:0/device:MUSA:0,11.0,0.011
6W7eiQha8K,MatMul,/job:localhost/replica:0/task:0/device:MUSA:0,11.0,0.011
lJZPpYd9zN,Pow,/job:localhost/replica:0/task:0/device:MUSA:0,11.0,0.011
MYz9Aju6Kc,MatMul,/job:localhost/replica:0/task:0/device:MUSA:0,11.0,0.011
umne1UjFXN,RealDiv,/job:localhost/replica:0/task:0/device:MUSA:0,11.0,0.011
5kqRwX1SL4,MatMul,/job:localhost/replica:0/task:0/device:MUSA:0,11.0,0.011
BNqzJMue25,MatMul,/job:localhost/replica:0/task:0/device:MUSA:0,11.0,0.011
eWzlb37mNX,ExpandDims,/job:localhost/replica:0/task:0/device:MUSA:0,11.0,0.011
FkvcEm3jf7,ConcatV2,/job:localhost/replica:0/task:0/device:MUSA:0,11.0,0.011
mfta6k92bM,Transpose,/job:localhost/replica:0/task:0/device:MUSA:0,11.0,0.011
e8JP7jRBoN,ConcatV2,/job:localhost/replica:0/task:0/device:MUSA:0,11.0,0.011
cP8ugJpKCn,Mul,/job:localhost/replica:0/task:0/device:MUSA:0,11.0,0.011
MnrAsmSeZc,Pow,/job:localhost/replica:0/task:0/device:MUSA:0,11.0,0.011
WsKdzQX2Rq,Relu,/job:localhost/replica:0/task:0/device:MUSA:0,11.0,0.011
ybzfrBLIe7,Relu,/job:localhost/replica:0/task:0/device:MUSA:0,11.0,0.011
ad6okhOZwG,Relu,/job:localhost/replica:0/task:0/device:MUSA:0,11.0,0.011
qgNT1GhRQu,Prod,/job:localhost/replica:0/task:0/device:MUSA:0,11.0,0.011
KB4YdV3aOX,Prod,/job:localhost/replica:0/task:0/device:MUSA:0,11.0,0.011
8YIsl61LAa,Prod,/job:localhost/replica:0/task:0/device:MUSA:0,11.0,0.011
BP4xG0iv9y,GatherV2,/job:localhost/replica:0/task:0/device:MUSA:0,11.0,0.011
Ajpnfsry3Z,GatherV2,/job:localhost/replica:0/task:0/device:MUSA:0,11.0,0.011
wZimjoHhRe,ConcatV2,/job:localhost/replica:0/task:0/device:MUSA:0,11.0,0.011
JbHMzrSI1Q,GatherV2,/job:localhost/replica:0/task:0/device:MUSA:0,11.0,0.011
7oqwjLGc6X,Prod,/job:localhost/replica:0/task:0/device:MUSA:0,11.0,0.011
i8nJ4XEMGK,Prod,/job:localhost/replica:0/task:0/device:MUSA:0,11.0,0.011
hrqFilwIgU,ConcatV2,/job:localhost/replica:0/task:0/device:MUSA:0,11.0,0.011
NhReyL524D,MatMul,/job:localhost/replica:0/task:0/device:MUSA:0,11.0,0.011
FlGpr2CeNc,Relu,/job:localhost/replica:0/task:0/device:MUSA:0,11.0,0.011
LdUyGP0jEb,Sum,/job:localhost/replica:0/task:0/device:MUSA:0,11.0,0.011
ArithmeticOptimizer/AddOpsRewrite_Leaf_1_4OMIowCVgE,Add,/job:localhost/replica:0/task:0/device:MUSA:0,11.0,0.011
ArithmeticOptimizer/AddOpsRewrite_Internal_0_4OMIowCVgE,Add,/job:localhost/replica:0/task:0/device:MUSA:0,11.0,0.011
nqtXkrcgp6,StridedSlice,/job:localhost/replica:0/task:0/device:MUSA:0,11.0,0.011
aLOIne48Ei,MatMul,/job:localhost/replica:0/task:0/device:MUSA:0,11.0,0.011
c6Y9I3uGKM,StridedSlice,/job:localhost/replica:0/task:0/device:MUSA:0,11.0,0.011
fp0sNoaZPR,MatMul,/job:localhost/replica:0/task:0/device:MUSA:0,11.0,0.011
jUSxrkWtVR,Relu,/job:localhost/replica:0/task:0/device:MUSA:0,11.0,0.011
ConstantFolding/mar0juyv7f_const_axis,Pack,/job:localhost/replica:0/task:0/device:MUSA:0,11.0,0.011
s2WGXUF9ip,Softmax,/job:localhost/replica:0/task:0/device:MUSA:0,11.0,0.011
CQisL5VWa0,Pow,/job:localhost/replica:0/task:0/device:MUSA:0,11.0,0.011
7tfdo09XMv,BatchMatMulV2,/job:localhost/replica:0/task:0/device:MUSA:0,11.0,0.011
R5KUoDwMya,Pack,/job:localhost/replica:0/task:0/device:MUSA:0,11.0,0.011
im4bcnwys8,BatchMatMulV2,/job:localhost/replica:0/task:0/device:MUSA:0,11.0,0.011
YEaweV1df8,Transpose,/job:localhost/replica:0/task:0/device:MUSA:0,11.0,0.011
O9Sbw1uELP,Mul,/job:localhost/replica:0/task:0/device:MUSA:0,11.0,0.011
hBQCZIVcyG,Add,/job:localhost/replica:0/task:0/device:MUSA:0,11.0,0.011
9hH8tqlsBF,Mul,/job:localhost/replica:0/task:0/device:MUSA:0,11.0,0.011
60hD8koWEe,Mul,/job:localhost/replica:0/task:0/device:MUSA:0,11.0,0.011
KtpxPCSGIh,Sub,/job:localhost/replica:0/task:0/device:MUSA:0,11.0,0.011
ZLoChz2WY9,Sub,/job:localhost/replica:0/task:0/device:MUSA:0,11.0,0.011
uSxl3rVq6N,MatMul,/job:localhost/replica:0/task:0/device:MUSA:0,11.0,0.011
Kx0VvjpNDF,Pow,/job:localhost/replica:0/task:0/device:MUSA:0,11.0,0.011
bNSJq1TXcV,Mul,/job:localhost/replica:0/task:0/device:MUSA:0,11.0,0.011
B2VZwUL4cv,MatMul,/job:localhost/replica:0/task:0/device:MUSA:0,11.0,0.011
Rs374q2nmN,MatMul,/job:localhost/replica:0/task:0/device:MUSA:0,11.0,0.011
ArithmeticOptimizer/ArithmeticOptimizer/SimplifyAggregation_Const_AddOpsRewrite_Leaf_1_7Ecp4qL2dU,Add,/job:localhost/replica:0/task:0/device:MUSA:0,11.0,0.011
ArithmeticOptimizer/AddOpsRewrite_NOwAz16nCP,AddV2,/job:localhost/replica:0/task:0/device:MUSA:0,11.0,0.011
uRgL91YHJX,RealDiv,/job:localhost/replica:0/task:0/device:MUSA:0,11.0,0.011
Pl7IWZvzas,RealDiv,/job:localhost/replica:0/task:0/device:MUSA:0,11.0,0.011
xsL3gKO4J0,LeakyRelu,/job:localhost/replica:0/task:0/device:MUSA:0,11.0,0.011
4cISlZ8MRY,Mul,/job:localhost/replica:0/task:0/device:MUSA:0,11.0,0.011
FX3qCOeQga,AddV2,/job:localhost/replica:0/task:0/device:MUSA:0,11.0,0.011
87cmkLxA5r,RealDiv,/job:localhost/replica:0/task:0/device:MUSA:0,11.0,0.011
cZxRCe835V,MatMul,/job:localhost/replica:0/task:0/device:MUSA:0,11.0,0.011
5Jw2LyAp0e,Softmax,/job:localhost/replica:0/task:0/device:MUSA:0,11.0,0.011
brs4iFcM8I,Sub,/job:localhost/replica:0/task:0/device:MUSA:0,10.0,0.01
9jYt6ZvgUO,Const,/job:localhost/replica:0/task:0/device:MUSA:0,10.0,0.01
ixXOJbG1eg,Const,/job:localhost/replica:0/task:0/device:MUSA:0,10.0,0.01
KpGvSjemTA,Const,/job:localhost/replica:0/task:0/device:MUSA:0,10.0,0.01
PCJUAb9QjI,Const,/job:localhost/replica:0/task:0/device:MUSA:0,10.0,0.01
fvs7boUxyJ,Const,/job:localhost/replica:0/task:0/device:MUSA:0,10.0,0.01
MbNGc8DzBC,Const,/job:localhost/replica:0/task:0/device:MUSA:0,10.0,0.01
yxhk39b7Ja,Slice,/job:localhost/replica:0/task:0/device:MUSA:0,10.0,0.01
Yx8TLa4DQC,Slice,/job:localhost/replica:0/task:0/device:MUSA:0,10.0,0.01
XeZvI8ro93,Slice,/job:localhost/replica:0/task:0/device:MUSA:0,10.0,0.01
mEjgwv6bRN,Slice,/job:localhost/replica:0/task:0/device:MUSA:0,10.0,0.01
8Cl7bXJIz4,Slice,/job:localhost/replica:0/task:0/device:MUSA:0,10.0,0.01
fzw4BevtnJ,Slice,/job:localhost/replica:0/task:0/device:MUSA:0,10.0,0.01
IG8Hbv0R4D,Slice,/job:localhost/replica:0/task:0/device:MUSA:0,10.0,0.01
hW34ucTLqo,Slice,/job:localhost/replica:0/task:0/device:MUSA:0,10.0,0.01
wyFC2aJkhb,Slice,/job:localhost/replica:0/task:0/device:MUSA:0,10.0,0.01
Q47ZrPMORJ,Slice,/job:localhost/replica:0/task:0/device:MUSA:0,10.0,0.01
mTwq2ugEoK,Slice,/job:localhost/replica:0/task:0/device:MUSA:0,10.0,0.01
KFmrjN76IC,Slice,/job:localhost/replica:0/task:0/device:MUSA:0,10.0,0.01
IqjO2dQzWH,Slice,/job:localhost/replica:0/task:0/device:MUSA:0,10.0,0.01
Dmt0n7Wxzd,Slice,/job:localhost/replica:0/task:0/device:MUSA:0,10.0,0.01
60IclD5ryq,Slice,/job:localhost/replica:0/task:0/device:MUSA:0,10.0,0.01
TuJLDIeExS,Slice,/job:localhost/replica:0/task:0/device:MUSA:0,10.0,0.01
Z68o14ae2F,Slice,/job:localhost/replica:0/task:0/device:MUSA:0,10.0,0.01
nlQEjyUiNO,Slice,/job:localhost/replica:0/task:0/device:MUSA:0,10.0,0.01
BwkhdCAPz8,Slice,/job:localhost/replica:0/task:0/device:MUSA:0,10.0,0.01
W4LCq1gVyU,Slice,/job:localhost/replica:0/task:0/device:MUSA:0,10.0,0.01
pJYzW5NlPi,Slice,/job:localhost/replica:0/task:0/device:MUSA:0,10.0,0.01
PTr15bOjhI,Slice,/job:localhost/replica:0/task:0/device:MUSA:0,10.0,0.01
fLEwBF2SGq,Slice,/job:localhost/replica:0/task:0/device:MUSA:0,10.0,0.01
Vnzqajs2GX,Slice,/job:localhost/replica:0/task:0/device:MUSA:0,10.0,0.01
TRA9wX4Nd5,Slice,/job:localhost/replica:0/task:0/device:MUSA:0,10.0,0.01
Y2lfqP0HBs,Slice,/job:localhost/replica:0/task:0/device:MUSA:0,10.0,0.01
yGHhjewCZT,Slice,/job:localhost/replica:0/task:0/device:MUSA:0,10.0,0.01
W70oQgTPni,Slice,/job:localhost/replica:0/task:0/device:MUSA:0,10.0,0.01
i2Toq09j6d,Slice,/job:localhost/replica:0/task:0/device:MUSA:0,10.0,0.01
GKP2aUDypR,Slice,/job:localhost/replica:0/task:0/device:MUSA:0,10.0,0.01
ASxaLchtHm,Slice,/job:localhost/replica:0/task:0/device:MUSA:0,10.0,0.01
jNzby8sd4M,Slice,/job:localhost/replica:0/task:0/device:MUSA:0,10.0,0.01
p9AWvnciNE,Slice,/job:localhost/replica:0/task:0/device:MUSA:0,10.0,0.01
VcT07mebw8,Slice,/job:localhost/replica:0/task:0/device:MUSA:0,10.0,0.01
OrJ5VwEij8,Slice,/job:localhost/replica:0/task:0/device:MUSA:0,10.0,0.01
XsrVcSlZ79,Slice,/job:localhost/replica:0/task:0/device:MUSA:0,10.0,0.01
oM62N8IfpC,Slice,/job:localhost/replica:0/task:0/device:MUSA:0,10.0,0.01
v4aQuZfSXI,Slice,/job:localhost/replica:0/task:0/device:MUSA:0,10.0,0.01
XLCl3IV9ce,Slice,/job:localhost/replica:0/task:0/device:MUSA:0,10.0,0.01
EM1qhujmgy,Slice,/job:localhost/replica:0/task:0/device:MUSA:0,10.0,0.01
EICo92GzON,Slice,/job:localhost/replica:0/task:0/device:MUSA:0,10.0,0.01
ga9kIhiRzV,Slice,/job:localhost/replica:0/task:0/device:MUSA:0,10.0,0.01
pnmhEcDvX9,Slice,/job:localhost/replica:0/task:0/device:MUSA:0,10.0,0.01
TlSAtNGs29,Slice,/job:localhost/replica:0/task:0/device:MUSA:0,10.0,0.01
3wMFiVkLtc,Slice,/job:localhost/replica:0/task:0/device:MUSA:0,10.0,0.01
Kw04NfIp63,Slice,/job:localhost/replica:0/task:0/device:MUSA:0,10.0,0.01
v2ytnPSUQA,Slice,/job:localhost/replica:0/task:0/device:MUSA:0,10.0,0.01
avN4BtDkEK,Slice,/job:localhost/replica:0/task:0/device:MUSA:0,10.0,0.01
S8N1Ocejuy,Slice,/job:localhost/replica:0/task:0/device:MUSA:0,10.0,0.01
hifTQrHteq,Slice,/job:localhost/replica:0/task:0/device:MUSA:0,10.0,0.01
jnHT23hcM0,Slice,/job:localhost/replica:0/task:0/device:MUSA:0,10.0,0.01
Q9lbw0ftNY,Slice,/job:localhost/replica:0/task:0/device:MUSA:0,10.0,0.01
4IuHAspTiJ,Slice,/job:localhost/replica:0/task:0/device:MUSA:0,10.0,0.01
fYFSO5axwZ,Slice,/job:localhost/replica:0/task:0/device:MUSA:0,10.0,0.01
1ZLGtTPM46,Slice,/job:localhost/replica:0/task:0/device:MUSA:0,10.0,0.01
F0HK15IEqn,AddV2,/job:localhost/replica:0/task:0/device:MUSA:0,10.0,0.01
kv2ATcs7Pb,Slice,/job:localhost/replica:0/task:0/device:MUSA:0,10.0,0.01
YksUmia8lg,Cast,/job:localhost/replica:0/task:0/device:MUSA:0,10.0,0.01
3fNKSlEgBO,Cast,/job:localhost/replica:0/task:0/device:MUSA:0,10.0,0.01
LJPnrKgEBx,Slice,/job:localhost/replica:0/task:0/device:MUSA:0,10.0,0.01
KOWp0aUTM2,Slice,/job:localhost/replica:0/task:0/device:MUSA:0,10.0,0.01
r2i6L1HFKS,Sub,/job:localhost/replica:0/task:0/device:MUSA:0,10.0,0.01
ajNU9PSBvd,MatMul,/job:localhost/replica:0/task:0/device:MUSA:0,10.0,0.01
HhPjKqEI6o,Rsqrt,/job:localhost/replica:0/task:0/device:MUSA:0,10.0,0.01
9pk7XjMEBK,Rsqrt,/job:localhost/replica:0/task:0/device:MUSA:0,10.0,0.01
SEfliR86od,Slice,/job:localhost/replica:0/task:0/device:MUSA:0,10.0,0.01
ZBkUHTxaKG,Rsqrt,/job:localhost/replica:0/task:0/device:MUSA:0,10.0,0.01
X86r50YkCA,Slice,/job:localhost/replica:0/task:0/device:MUSA:0,10.0,0.01
ebwoJ1MVGY,Slice,/job:localhost/replica:0/task:0/device:MUSA:0,10.0,0.01
OPsjktiMrp,Slice,/job:localhost/replica:0/task:0/device:MUSA:0,10.0,0.01
HOgrAFuXD2,LeakyRelu,/job:localhost/replica:0/task:0/device:MUSA:0,10.0,0.01
bat2zCulMj,Rsqrt,/job:localhost/replica:0/task:0/device:MUSA:0,10.0,0.01
xdAilwWfDc,Rsqrt,/job:localhost/replica:0/task:0/device:MUSA:0,10.0,0.01
SXC2fwlgNB,Tanh,/job:localhost/replica:0/task:0/device:MUSA:0,10.0,0.01
Vn7qBHdZzK,MatMul,/job:localhost/replica:0/task:0/device:MUSA:0,10.0,0.01
jOIwzPb9Z6,MatMul,/job:localhost/replica:0/task:0/device:MUSA:0,10.0,0.01
R5kT2H34zt,ConcatV2,/job:localhost/replica:0/task:0/device:MUSA:0,10.0,0.01
g25tCcR9rF,AddV2,/job:localhost/replica:0/task:0/device:MUSA:0,10.0,0.01
bU4hYaRkEQ,MatMul,/job:localhost/replica:0/task:0/device:MUSA:0,10.0,0.01
CU2qiQ3k1o,ConcatV2,/job:localhost/replica:0/task:0/device:MUSA:0,10.0,0.01
mziL6KwblQ,Log,/job:localhost/replica:0/task:0/device:MUSA:0,10.0,0.01
WOGgdyvSuj,Add,/job:localhost/replica:0/task:0/device:MUSA:0,10.0,0.01
fnrOCJzyTE,Rsqrt,/job:localhost/replica:0/task:0/device:MUSA:0,10.0,0.01
1bviarnZEp,MatMul,/job:localhost/replica:0/task:0/device:MUSA:0,10.0,0.01
EHIypoNXW5,AddV2,/job:localhost/replica:0/task:0/device:MUSA:0,10.0,0.01
5KPhS1FsN3,ConcatV2,/job:localhost/replica:0/task:0/device:MUSA:0,10.0,0.01
sMftxH5wNv,Relu,/job:localhost/replica:0/task:0/device:MUSA:0,10.0,0.01
mVDagSce6z,Relu,/job:localhost/replica:0/task:0/device:MUSA:0,10.0,0.01
R54c8moriU,ConcatV2,/job:localhost/replica:0/task:0/device:MUSA:0,10.0,0.01
dVz4quEQAB,Mul,/job:localhost/replica:0/task:0/device:MUSA:0,10.0,0.01
SqcPtMdEh3,Relu,/job:localhost/replica:0/task:0/device:MUSA:0,10.0,0.01
4lwTAMh9Wa,MatMul,/job:localhost/replica:0/task:0/device:MUSA:0,10.0,0.01
WuTw85g3qS,GatherV2,/job:localhost/replica:0/task:0/device:MUSA:0,10.0,0.01
4bWOFsRhtT,Prod,/job:localhost/replica:0/task:0/device:MUSA:0,10.0,0.01
WhZGtOIQT3,Prod,/job:localhost/replica:0/task:0/device:MUSA:0,10.0,0.01
ConstantFolding/STRFz0ZsYu_const_axis,Pack,/job:localhost/replica:0/task:0/device:MUSA:0,10.0,0.01
2kfWiAPGod,MatMul,/job:localhost/replica:0/task:0/device:MUSA:0,10.0,0.01
LD8MgnV2ae,StridedSlice,/job:localhost/replica:0/task:0/device:MUSA:0,10.0,0.01
h0WUTYjFmu,StridedSlice,/job:localhost/replica:0/task:0/device:MUSA:0,10.0,0.01
qQ9Anb7hTJ,MatMul,/job:localhost/replica:0/task:0/device:MUSA:0,10.0,0.01
N2CiUulcKO,MatMul,/job:localhost/replica:0/task:0/device:MUSA:0,10.0,0.01
NUnbe3fP1S,MatMul,/job:localhost/replica:0/task:0/device:MUSA:0,10.0,0.01
NbnDXvVG5Q,Relu,/job:localhost/replica:0/task:0/device:MUSA:0,10.0,0.01
CMqSdh1KO9,StridedSlice,/job:localhost/replica:0/task:0/device:MUSA:0,10.0,0.01
6TVH05GFdi,MatMul,/job:localhost/replica:0/task:0/device:MUSA:0,10.0,0.01
ConstantFolding/ezLMX7SNbD_const_axis,Pack,/job:localhost/replica:0/task:0/device:MUSA:0,10.0,0.01
sUmgeH2KEo,Relu,/job:localhost/replica:0/task:0/device:MUSA:0,10.0,0.01
S57dGzeVOX,MatMul,/job:localhost/replica:0/task:0/device:MUSA:0,10.0,0.01
FXzsiAMmPK,Pack,/job:localhost/replica:0/task:0/device:MUSA:0,10.0,0.01
KgNyIX6hx9,Pack,/job:localhost/replica:0/task:0/device:MUSA:0,10.0,0.01
ibBXwZSax3,Softmax,/job:localhost/replica:0/task:0/device:MUSA:0,10.0,0.01
u5Cfk4J3vG,BatchMatMulV2,/job:localhost/replica:0/task:0/device:MUSA:0,10.0,0.01
5tbEAValxK,Pow,/job:localhost/replica:0/task:0/device:MUSA:0,10.0,0.01
1n7lGfNoZg,Softmax,/job:localhost/replica:0/task:0/device:MUSA:0,10.0,0.01
2zJZKegYEM,Pow,/job:localhost/replica:0/task:0/device:MUSA:0,10.0,0.01
QyIxb8vYkS,BatchMatMulV2,/job:localhost/replica:0/task:0/device:MUSA:0,10.0,0.01
zOgbNxHARl,Pow,/job:localhost/replica:0/task:0/device:MUSA:0,10.0,0.01
gx7MrKVsjE,Pow,/job:localhost/replica:0/task:0/device:MUSA:0,10.0,0.01
CYf1DR9hNz,Pow,/job:localhost/replica:0/task:0/device:MUSA:0,10.0,0.01
q8jG4VBefA,Sub,/job:localhost/replica:0/task:0/device:MUSA:0,10.0,0.01
gDjIeJ5Hpx,Add,/job:localhost/replica:0/task:0/device:MUSA:0,10.0,0.01
Vp8uKFL5qb,MatMul,/job:localhost/replica:0/task:0/device:MUSA:0,10.0,0.01
gr3yaOQtJE,MatMul,/job:localhost/replica:0/task:0/device:MUSA:0,10.0,0.01
qByJ4SpltP,Pow,/job:localhost/replica:0/task:0/device:MUSA:0,10.0,0.01
r4pfjRkzG9,Pow,/job:localhost/replica:0/task:0/device:MUSA:0,10.0,0.01
FujiycLCR2,Pow,/job:localhost/replica:0/task:0/device:MUSA:0,10.0,0.01
W6P2vk07J3,Prod,/job:localhost/replica:0/task:0/device:MUSA:0,10.0,0.01
SpbTWJz4R0,Pow,/job:localhost/replica:0/task:0/device:MUSA:0,10.0,0.01
Siy9fIKnrQ,RealDiv,/job:localhost/replica:0/task:0/device:MUSA:0,10.0,0.01
Gr1URQdycY,Prod,/job:localhost/replica:0/task:0/device:MUSA:0,10.0,0.01
I8lL5MQKxJ,Sub,/job:localhost/replica:0/task:0/device:MUSA:0,10.0,0.01
IEDeq7ci8N,ConcatV2,/job:localhost/replica:0/task:0/device:MUSA:0,10.0,0.01
QMlSC1NGZP,Const,/job:localhost/replica:0/task:0/device:MUSA:0,9.0,0.009
Wl1ejYdDvJ,Const,/job:localhost/replica:0/task:0/device:MUSA:0,9.0,0.009
GjYokHfTcB,Const,/job:localhost/replica:0/task:0/device:MUSA:0,9.0,0.009
CIwQ6OlJ9F,Const,/job:localhost/replica:0/task:0/device:MUSA:0,9.0,0.009
TvCwP5AsqO,Mul,/job:localhost/replica:0/task:0/device:MUSA:0,9.0,0.009
ES81Jgi5w4,Const,/job:localhost/replica:0/task:0/device:MUSA:0,9.0,0.009
ZekaCTQoKy,Const,/job:localhost/replica:0/task:0/device:MUSA:0,9.0,0.009
UPADmvXWhw,Const,/job:localhost/replica:0/task:0/device:MUSA:0,9.0,0.009
LJeIKxhzrt,Const,/job:localhost/replica:0/task:0/device:MUSA:0,9.0,0.009
IhwHOFc6BZ,Const,/job:localhost/replica:0/task:0/device:MUSA:0,9.0,0.009
GrpyJiDNoT,Const,/job:localhost/replica:0/task:0/device:MUSA:0,9.0,0.009
OsKlPvSy8C,Const,/job:localhost/replica:0/task:0/device:MUSA:0,9.0,0.009
wXUHgG1JM3,Const,/job:localhost/replica:0/task:0/device:MUSA:0,9.0,0.009
ZEog2xqeQ7,Const,/job:localhost/replica:0/task:0/device:MUSA:0,9.0,0.009
xU3dQ26SDc,Const,/job:localhost/replica:0/task:0/device:MUSA:0,9.0,0.009
buGWtmxver,Const,/job:localhost/replica:0/task:0/device:MUSA:0,9.0,0.009
itEhcvBeoC,Const,/job:localhost/replica:0/task:0/device:MUSA:0,9.0,0.009
S3zFYDV5aI,Const,/job:localhost/replica:0/task:0/device:MUSA:0,9.0,0.009
KCz4WfAuRE,Const,/job:localhost/replica:0/task:0/device:MUSA:0,9.0,0.009
XJO86NL9DK,Const,/job:localhost/replica:0/task:0/device:MUSA:0,9.0,0.009
OHz3Q9R6gs,Const,/job:localhost/replica:0/task:0/device:MUSA:0,9.0,0.009
hwgnfjuTyo,Const,/job:localhost/replica:0/task:0/device:MUSA:0,9.0,0.009
1Gd4vIAwOj,Const,/job:localhost/replica:0/task:0/device:MUSA:0,9.0,0.009
pEc0MhkRFJ,Const,/job:localhost/replica:0/task:0/device:MUSA:0,9.0,0.009
rd5Rl0Sbz2,Const,/job:localhost/replica:0/task:0/device:MUSA:0,9.0,0.009
BhbdWJrSE0,Slice,/job:localhost/replica:0/task:0/device:MUSA:0,9.0,0.009
yc25QVTlfB,Slice,/job:localhost/replica:0/task:0/device:MUSA:0,9.0,0.009
Tb3Gdh1klD,Slice,/job:localhost/replica:0/task:0/device:MUSA:0,9.0,0.009
cmYeOQzhij,Slice,/job:localhost/replica:0/task:0/device:MUSA:0,9.0,0.009
pEIOPZw06y,Slice,/job:localhost/replica:0/task:0/device:MUSA:0,9.0,0.009
8EQVstwy7i,Slice,/job:localhost/replica:0/task:0/device:MUSA:0,9.0,0.009
5ona3N79Oc,Slice,/job:localhost/replica:0/task:0/device:MUSA:0,9.0,0.009
q8SrL26e0k,Slice,/job:localhost/replica:0/task:0/device:MUSA:0,9.0,0.009
Pw4X7SYk3O,Slice,/job:localhost/replica:0/task:0/device:MUSA:0,9.0,0.009
u6qPJEgFNa,Slice,/job:localhost/replica:0/task:0/device:MUSA:0,9.0,0.009
Qu0HgCrLIq,Slice,/job:localhost/replica:0/task:0/device:MUSA:0,9.0,0.009
Eyq48X1rjf,Slice,/job:localhost/replica:0/task:0/device:MUSA:0,9.0,0.009
vVKPjTMtws,Slice,/job:localhost/replica:0/task:0/device:MUSA:0,9.0,0.009
fluJOSY0Kd,Slice,/job:localhost/replica:0/task:0/device:MUSA:0,9.0,0.009
X4DZo2xmtQ,Slice,/job:localhost/replica:0/task:0/device:MUSA:0,9.0,0.009
shMecpvCUz,Slice,/job:localhost/replica:0/task:0/device:MUSA:0,9.0,0.009
pJ5V1RFngh,Slice,/job:localhost/replica:0/task:0/device:MUSA:0,9.0,0.009
Unc5wYu6MW,Slice,/job:localhost/replica:0/task:0/device:MUSA:0,9.0,0.009
wEnIiLo2tD,Slice,/job:localhost/replica:0/task:0/device:MUSA:0,9.0,0.009
CkvxO3SZdU,Slice,/job:localhost/replica:0/task:0/device:MUSA:0,9.0,0.009
GyHMwYZTUX,Slice,/job:localhost/replica:0/task:0/device:MUSA:0,9.0,0.009
gJlMhFivWo,Slice,/job:localhost/replica:0/task:0/device:MUSA:0,9.0,0.009
C3a5qwrz10,Slice,/job:localhost/replica:0/task:0/device:MUSA:0,9.0,0.009
7Ecqws8MWD,Slice,/job:localhost/replica:0/task:0/device:MUSA:0,9.0,0.009
tLJ3kTYAGy,Slice,/job:localhost/replica:0/task:0/device:MUSA:0,9.0,0.009
wbqaofzvSM,Slice,/job:localhost/replica:0/task:0/device:MUSA:0,9.0,0.009
ziT7ZvegFC,Slice,/job:localhost/replica:0/task:0/device:MUSA:0,9.0,0.009
WaEM8fRBNF,Slice,/job:localhost/replica:0/task:0/device:MUSA:0,9.0,0.009
xk9ATZcCm8,Slice,/job:localhost/replica:0/task:0/device:MUSA:0,9.0,0.009
MJmdLESebV,Slice,/job:localhost/replica:0/task:0/device:MUSA:0,9.0,0.009
nf6qtAkXgY,Slice,/job:localhost/replica:0/task:0/device:MUSA:0,9.0,0.009
pD0WRaNTFz,Slice,/job:localhost/replica:0/task:0/device:MUSA:0,9.0,0.009
BMCxQ9XVzG,Slice,/job:localhost/replica:0/task:0/device:MUSA:0,9.0,0.009
kYRwW9htzG,Slice,/job:localhost/replica:0/task:0/device:MUSA:0,9.0,0.009
RyOEcZQ1YK,Slice,/job:localhost/replica:0/task:0/device:MUSA:0,9.0,0.009
DHFOSuCqV7,Slice,/job:localhost/replica:0/task:0/device:MUSA:0,9.0,0.009
byv1QFMsKB,Slice,/job:localhost/replica:0/task:0/device:MUSA:0,9.0,0.009
J1u4gPjOpi,Slice,/job:localhost/replica:0/task:0/device:MUSA:0,9.0,0.009
uxzCHtJ8MX,Slice,/job:localhost/replica:0/task:0/device:MUSA:0,9.0,0.009
7BIpFexgJv,Slice,/job:localhost/replica:0/task:0/device:MUSA:0,9.0,0.009
wPLrl7Q0Kz,Slice,/job:localhost/replica:0/task:0/device:MUSA:0,9.0,0.009
xyQvNj5m7n,Slice,/job:localhost/replica:0/task:0/device:MUSA:0,9.0,0.009
PCydehpiEI,Slice,/job:localhost/replica:0/task:0/device:MUSA:0,9.0,0.009
XIGAMRsb9K,Slice,/job:localhost/replica:0/task:0/device:MUSA:0,9.0,0.009
HSL2o7rNsw,Slice,/job:localhost/replica:0/task:0/device:MUSA:0,9.0,0.009
0xlFpsUBCT,Slice,/job:localhost/replica:0/task:0/device:MUSA:0,9.0,0.009
5hZisrgjNU,Slice,/job:localhost/replica:0/task:0/device:MUSA:0,9.0,0.009
0376nfwkF2,Slice,/job:localhost/replica:0/task:0/device:MUSA:0,9.0,0.009
u89OAan1qG,Slice,/job:localhost/replica:0/task:0/device:MUSA:0,9.0,0.009
BA7D8MgNIh,Slice,/job:localhost/replica:0/task:0/device:MUSA:0,9.0,0.009
96vxcMzyAL,Slice,/job:localhost/replica:0/task:0/device:MUSA:0,9.0,0.009
8XWj0q2Z6f,Slice,/job:localhost/replica:0/task:0/device:MUSA:0,9.0,0.009
uMqvCh6iSg,Slice,/job:localhost/replica:0/task:0/device:MUSA:0,9.0,0.009
EzpOU2bK6s,Slice,/job:localhost/replica:0/task:0/device:MUSA:0,9.0,0.009
3mMQDLv7by,Slice,/job:localhost/replica:0/task:0/device:MUSA:0,9.0,0.009
dDg5PYBf6c,Slice,/job:localhost/replica:0/task:0/device:MUSA:0,9.0,0.009
YUIPfSd61D,Slice,/job:localhost/replica:0/task:0/device:MUSA:0,9.0,0.009
nr5LKkPcDp,Slice,/job:localhost/replica:0/task:0/device:MUSA:0,9.0,0.009
JxrayoOQMG,Slice,/job:localhost/replica:0/task:0/device:MUSA:0,9.0,0.009
ai5E6SzXKT,Slice,/job:localhost/replica:0/task:0/device:MUSA:0,9.0,0.009
ivhqOH62Bf,Slice,/job:localhost/replica:0/task:0/device:MUSA:0,9.0,0.009
CDzi8A6LU1,Slice,/job:localhost/replica:0/task:0/device:MUSA:0,9.0,0.009
PTmFAvUkxS,Cast,/job:localhost/replica:0/task:0/device:MUSA:0,9.0,0.009
EQnCRw9clB,Cast,/job:localhost/replica:0/task:0/device:MUSA:0,9.0,0.009
1GREdlwLOo,Slice,/job:localhost/replica:0/task:0/device:MUSA:0,9.0,0.009
NV8q0yuLli,Slice,/job:localhost/replica:0/task:0/device:MUSA:0,9.0,0.009
jaY3FEQCsN,Add,/job:localhost/replica:0/task:0/device:MUSA:0,9.0,0.009
J72HXohz9Q,Slice,/job:localhost/replica:0/task:0/device:MUSA:0,9.0,0.009
saNwim7vEo,Log,/job:localhost/replica:0/task:0/device:MUSA:0,9.0,0.009
516CQjewLW,Tanh,/job:localhost/replica:0/task:0/device:MUSA:0,9.0,0.009
0l6XtanVDc,Tanh,/job:localhost/replica:0/task:0/device:MUSA:0,9.0,0.009
U3HJe02Ryb,MatMul,/job:localhost/replica:0/task:0/device:MUSA:0,9.0,0.009
C0rsjYKQfk,Tanh,/job:localhost/replica:0/task:0/device:MUSA:0,9.0,0.009
zO0i1DxmQe,Slice,/job:localhost/replica:0/task:0/device:MUSA:0,9.0,0.009
AiURjbWmux,MatMul,/job:localhost/replica:0/task:0/device:MUSA:0,9.0,0.009
zlLO1uM25U,Add,/job:localhost/replica:0/task:0/device:MUSA:0,9.0,0.009
lmbMRuOyvH,Rsqrt,/job:localhost/replica:0/task:0/device:MUSA:0,9.0,0.009
IC8WtbSqLz,Rsqrt,/job:localhost/replica:0/task:0/device:MUSA:0,9.0,0.009
aQXkruECV9,Sub,/job:localhost/replica:0/task:0/device:MUSA:0,9.0,0.009
T2DpaWhz63,Slice,/job:localhost/replica:0/task:0/device:MUSA:0,9.0,0.009
nAfKuD6tJX,Slice,/job:localhost/replica:0/task:0/device:MUSA:0,9.0,0.009
klcH6Rzpi3,Slice,/job:localhost/replica:0/task:0/device:MUSA:0,9.0,0.009
RLNGUewO1D,MatMul,/job:localhost/replica:0/task:0/device:MUSA:0,9.0,0.009
hBKSudFpR0,ConcatV2,/job:localhost/replica:0/task:0/device:MUSA:0,9.0,0.009
iZp3eaYB8G,RealDiv,/job:localhost/replica:0/task:0/device:MUSA:0,9.0,0.009
382fpwkLTJ,Tanh,/job:localhost/replica:0/task:0/device:MUSA:0,9.0,0.009
I3YOmPgZsK,Sub,/job:localhost/replica:0/task:0/device:MUSA:0,9.0,0.009
hWVJc8UMTC,MatMul,/job:localhost/replica:0/task:0/device:MUSA:0,9.0,0.009
dUGczKABnu,Pow,/job:localhost/replica:0/task:0/device:MUSA:0,9.0,0.009
zSBFwKuhgi,ConcatV2,/job:localhost/replica:0/task:0/device:MUSA:0,9.0,0.009
jwvXSuJ15r,MatMul,/job:localhost/replica:0/task:0/device:MUSA:0,9.0,0.009
zME8IKA2SP,Add,/job:localhost/replica:0/task:0/device:MUSA:0,9.0,0.009
QjmRgAiPhk,MatMul,/job:localhost/replica:0/task:0/device:MUSA:0,9.0,0.009
2FgifUGWpY,MatMul,/job:localhost/replica:0/task:0/device:MUSA:0,9.0,0.009
NAJG4Xgq1e,Relu,/job:localhost/replica:0/task:0/device:MUSA:0,9.0,0.009
GrYaK8N1CQ,MatMul,/job:localhost/replica:0/task:0/device:MUSA:0,9.0,0.009
hsMfAxNy4m,MatMul,/job:localhost/replica:0/task:0/device:MUSA:0,9.0,0.009
E2GpfKacNj,MatMul,/job:localhost/replica:0/task:0/device:MUSA:0,9.0,0.009
yWL7NXRYFH,Relu,/job:localhost/replica:0/task:0/device:MUSA:0,9.0,0.009
b16oVx8E2U,MatMul,/job:localhost/replica:0/task:0/device:MUSA:0,9.0,0.009
uZIR7PFCwh,Relu,/job:localhost/replica:0/task:0/device:MUSA:0,9.0,0.009
OZ9AXuN2WI,MatMul,/job:localhost/replica:0/task:0/device:MUSA:0,9.0,0.009
s7ybOQVGM5,Prod,/job:localhost/replica:0/task:0/device:MUSA:0,9.0,0.009
7uonUpeO2a,GatherV2,/job:localhost/replica:0/task:0/device:MUSA:0,9.0,0.009
8tckBm2TeU,GatherV2,/job:localhost/replica:0/task:0/device:MUSA:0,9.0,0.009
GnVWB4dzQZ,GatherV2,/job:localhost/replica:0/task:0/device:MUSA:0,9.0,0.009
UpA8yQq7ei,Pack,/job:localhost/replica:0/task:0/device:MUSA:0,9.0,0.009
ArithmeticOptimizer/AddOpsRewrite_4OMIowCVgE,Add,/job:localhost/replica:0/task:0/device:MUSA:0,9.0,0.009
764IdgeOHK,BatchMatMulV2,/job:localhost/replica:0/task:0/device:MUSA:0,9.0,0.009
6fNgpWVCdt,MatMul,/job:localhost/replica:0/task:0/device:MUSA:0,9.0,0.009
JUFzAPBpRN,Relu,/job:localhost/replica:0/task:0/device:MUSA:0,9.0,0.009
0MKx1k9J2Q,MatMul,/job:localhost/replica:0/task:0/device:MUSA:0,9.0,0.009
6RZ5p2MmCH,Relu,/job:localhost/replica:0/task:0/device:MUSA:0,9.0,0.009
FxEGpKLyua,MatMul,/job:localhost/replica:0/task:0/device:MUSA:0,9.0,0.009
i78rXPzWyM,Relu,/job:localhost/replica:0/task:0/device:MUSA:0,9.0,0.009
oQMrqRsjF1,MatMul,/job:localhost/replica:0/task:0/device:MUSA:0,9.0,0.009
ConstantFolding/sPUWNRmrJQ_const_axis,Pack,/job:localhost/replica:0/task:0/device:MUSA:0,9.0,0.009
arm9UMzeHc,BatchMatMulV2,/job:localhost/replica:0/task:0/device:MUSA:0,9.0,0.009
T0vPoRVjmu,Transpose,/job:localhost/replica:0/task:0/device:MUSA:0,9.0,0.009
lZF389B2eG,Transpose,/job:localhost/replica:0/task:0/device:MUSA:0,9.0,0.009
NW3Mz4gO2v,Sub,/job:localhost/replica:0/task:0/device:MUSA:0,9.0,0.009
i4ThrkGvtl,BatchMatMulV2,/job:localhost/replica:0/task:0/device:MUSA:0,9.0,0.009
6dwrU4Vahn,Sub,/job:localhost/replica:0/task:0/device:MUSA:0,9.0,0.009
VspyzHZGUK,Pow,/job:localhost/replica:0/task:0/device:MUSA:0,9.0,0.009
NsinzloQcM,Transpose,/job:localhost/replica:0/task:0/device:MUSA:0,9.0,0.009
B0cOxjvSTg,BatchMatMulV2,/job:localhost/replica:0/task:0/device:MUSA:0,9.0,0.009
NlQBSqFoVU,Sum,/job:localhost/replica:0/task:0/device:MUSA:0,9.0,0.009
J6G3k4Ddoj,Sub,/job:localhost/replica:0/task:0/device:MUSA:0,9.0,0.009
L3TOsfwyUY,MatMul,/job:localhost/replica:0/task:0/device:MUSA:0,9.0,0.009
VPgRxFs4KO,RealDiv,/job:localhost/replica:0/task:0/device:MUSA:0,9.0,0.009
AB4qSNJFGC,Mul,/job:localhost/replica:0/task:0/device:MUSA:0,9.0,0.009
5stakidWSc,Mean,/job:localhost/replica:0/task:0/device:MUSA:0,9.0,0.009
kmOQXv8BpJ,Mean,/job:localhost/replica:0/task:0/device:MUSA:0,9.0,0.009
OGjTmiHgc6,Pow,/job:localhost/replica:0/task:0/device:MUSA:0,9.0,0.009
ArithmeticOptimizer/ArithmeticOptimizer/SimplifyAggregation_Mul_AddOpsRewrite_Leaf_1_7Ecp4qL2dU,Add,/job:localhost/replica:0/task:0/device:MUSA:0,9.0,0.009
ArithmeticOptimizer/AddOpsRewrite_Leaf_1_me2ipZP0Iu,AddV2,/job:localhost/replica:0/task:0/device:MUSA:0,9.0,0.009
rNl2FIhfP3,Rsqrt,/job:localhost/replica:0/task:0/device:MUSA:0,9.0,0.009
vVHXyoDGe0,Pow,/job:localhost/replica:0/task:0/device:MUSA:0,9.0,0.009
5qH17eUbcn,LeakyRelu,/job:localhost/replica:0/task:0/device:MUSA:0,9.0,0.009
QKb67HvYjy,Pow,/job:localhost/replica:0/task:0/device:MUSA:0,9.0,0.009
LgKOWb9euA,Pow,/job:localhost/replica:0/task:0/device:MUSA:0,9.0,0.009
zRnyaDG8QH,Mean,/job:localhost/replica:0/task:0/device:MUSA:0,9.0,0.009
xEfWa3u9k6,Log,/job:localhost/replica:0/task:0/device:MUSA:0,9.0,0.009
ik95yBt7hW,Pow,/job:localhost/replica:0/task:0/device:MUSA:0,9.0,0.009
TEUAKez20N,LeakyRelu,/job:localhost/replica:0/task:0/device:MUSA:0,9.0,0.009
agr4ECJj9I,Softmax,/job:localhost/replica:0/task:0/device:MUSA:0,9.0,0.009
PoKf4SpyNj,Softmax,/job:localhost/replica:0/task:0/device:MUSA:0,9.0,0.009
atQ2ZDuGK9,RealDiv,/job:localhost/replica:0/task:0/device:MUSA:0,9.0,0.009
YINxaAcJRV,Const,/job:localhost/replica:0/task:0/device:MUSA:0,8.0,0.008
1fnYakGs7T,Const,/job:localhost/replica:0/task:0/device:MUSA:0,8.0,0.008
tgXWhembH2,Const,/job:localhost/replica:0/task:0/device:MUSA:0,8.0,0.008
LkcbsFm7eB,Const,/job:localhost/replica:0/task:0/device:MUSA:0,8.0,0.008
LxdJekyDAT,Const,/job:localhost/replica:0/task:0/device:MUSA:0,8.0,0.008
U2lKv7RXFp,Const,/job:localhost/replica:0/task:0/device:MUSA:0,8.0,0.008
2NVb7Timlr,Const,/job:localhost/replica:0/task:0/device:MUSA:0,8.0,0.008
lBM9JWoi1I,Const,/job:localhost/replica:0/task:0/device:MUSA:0,8.0,0.008
VyZ6KSQlnI,Const,/job:localhost/replica:0/task:0/device:MUSA:0,8.0,0.008
04NkMtXBLw,Const,/job:localhost/replica:0/task:0/device:MUSA:0,8.0,0.008
f7UIgObBMc,Const,/job:localhost/replica:0/task:0/device:MUSA:0,8.0,0.008
G38DaUK7yJ,ExpandDims,/job:localhost/replica:0/task:0/device:MUSA:0,8.0,0.008
iF0adScmrQ,Const,/job:localhost/replica:0/task:0/device:MUSA:0,8.0,0.008
Pw2lhYVDrp,ExpandDims,/job:localhost/replica:0/task:0/device:MUSA:0,8.0,0.008
zP7fQJrWsx,Const,/job:localhost/replica:0/task:0/device:MUSA:0,8.0,0.008
u9m5zPs4Uh,Const,/job:localhost/replica:0/task:0/device:MUSA:0,8.0,0.008
cVl85C0owv,Const,/job:localhost/replica:0/task:0/device:MUSA:0,8.0,0.008
ePCiFKqN2E,Const,/job:localhost/replica:0/task:0/device:MUSA:0,8.0,0.008
3IKYVegCy6,Add,/job:localhost/replica:0/task:0/device:MUSA:0,8.0,0.008
nrAoaxRikG,Const,/job:localhost/replica:0/task:0/device:MUSA:0,8.0,0.008
ZIT4dpaFhx,Const,/job:localhost/replica:0/task:0/device:MUSA:0,8.0,0.008
LhfreoVPxj,Const,/job:localhost/replica:0/task:0/device:MUSA:0,8.0,0.008
MQd3zoTxwr,Const,/job:localhost/replica:0/task:0/device:MUSA:0,8.0,0.008
wGhediK6o7,Const,/job:localhost/replica:0/task:0/device:MUSA:0,8.0,0.008
pY0dQVTvjM,Const,/job:localhost/replica:0/task:0/device:MUSA:0,8.0,0.008
yxRScU8KoV,Const,/job:localhost/replica:0/task:0/device:MUSA:0,8.0,0.008
KLmoG7nX2M,Const,/job:localhost/replica:0/task:0/device:MUSA:0,8.0,0.008
SpOzs6YCKZ,Const,/job:localhost/replica:0/task:0/device:MUSA:0,8.0,0.008
B80JNgsxMe,Const,/job:localhost/replica:0/task:0/device:MUSA:0,8.0,0.008
ATdi3oHOKp,Const,/job:localhost/replica:0/task:0/device:MUSA:0,8.0,0.008
9OTmp4F7Mu,Slice,/job:localhost/replica:0/task:0/device:MUSA:0,8.0,0.008
JXHfbxBUCN,Slice,/job:localhost/replica:0/task:0/device:MUSA:0,8.0,0.008
3lTWXCHRo5,Slice,/job:localhost/replica:0/task:0/device:MUSA:0,8.0,0.008
D9nTLRxk2N,Slice,/job:localhost/replica:0/task:0/device:MUSA:0,8.0,0.008
yXZ7SOUgEq,Slice,/job:localhost/replica:0/task:0/device:MUSA:0,8.0,0.008
vOtuCf7SzY,Slice,/job:localhost/replica:0/task:0/device:MUSA:0,8.0,0.008
Dwj90Za8sP,Slice,/job:localhost/replica:0/task:0/device:MUSA:0,8.0,0.008
GXFzhbn41m,Slice,/job:localhost/replica:0/task:0/device:MUSA:0,8.0,0.008
f7LocDzS30,Slice,/job:localhost/replica:0/task:0/device:MUSA:0,8.0,0.008
e7jp5EgnRq,Slice,/job:localhost/replica:0/task:0/device:MUSA:0,8.0,0.008
RqgvYNlcLi,Slice,/job:localhost/replica:0/task:0/device:MUSA:0,8.0,0.008
GZn43FBLYu,Slice,/job:localhost/replica:0/task:0/device:MUSA:0,8.0,0.008
2QfcoOj1ke,Slice,/job:localhost/replica:0/task:0/device:MUSA:0,8.0,0.008
4dcT1OZuIh,Slice,/job:localhost/replica:0/task:0/device:MUSA:0,8.0,0.008
VgdD3fnGX4,Slice,/job:localhost/replica:0/task:0/device:MUSA:0,8.0,0.008
ezAL7gSvEM,Slice,/job:localhost/replica:0/task:0/device:MUSA:0,8.0,0.008
HltVMWoa5h,Slice,/job:localhost/replica:0/task:0/device:MUSA:0,8.0,0.008
QoE4YevJdg,Slice,/job:localhost/replica:0/task:0/device:MUSA:0,8.0,0.008
dONkVLQIj9,Slice,/job:localhost/replica:0/task:0/device:MUSA:0,8.0,0.008
b0DV2Z8vcQ,Slice,/job:localhost/replica:0/task:0/device:MUSA:0,8.0,0.008
3ECIYVsoDG,Slice,/job:localhost/replica:0/task:0/device:MUSA:0,8.0,0.008
xJFcQHeGMD,Slice,/job:localhost/replica:0/task:0/device:MUSA:0,8.0,0.008
cZFzOjD0lR,Slice,/job:localhost/replica:0/task:0/device:MUSA:0,8.0,0.008
T3mPpuHKEs,ExpandDims,/job:localhost/replica:0/task:0/device:MUSA:0,8.0,0.008
ivc09QaZ7V,Log,/job:localhost/replica:0/task:0/device:MUSA:0,8.0,0.008
hQ08DtUYki,AddV2,/job:localhost/replica:0/task:0/device:MUSA:0,8.0,0.008
BKIQtvousN,Tanh,/job:localhost/replica:0/task:0/device:MUSA:0,8.0,0.008
TSpvgQWfM4,Slice,/job:localhost/replica:0/task:0/device:MUSA:0,8.0,0.008
l3QEoKOe7w,MatMul,/job:localhost/replica:0/task:0/device:MUSA:0,8.0,0.008
HxCdYp4R3c,Log,/job:localhost/replica:0/task:0/device:MUSA:0,8.0,0.008
6gfpAQnVbl,ConcatV2,/job:localhost/replica:0/task:0/device:MUSA:0,8.0,0.008
nAjzYPTrJs,MatMul,/job:localhost/replica:0/task:0/device:MUSA:0,8.0,0.008
BEGit3AlNf,MatMul,/job:localhost/replica:0/task:0/device:MUSA:0,8.0,0.008
eBy81T3VzE,Neg,/job:localhost/replica:0/task:0/device:MUSA:0,8.0,0.008
Xi8YrCdQnJ,Sub,/job:localhost/replica:0/task:0/device:MUSA:0,8.0,0.008
PekmrxoHps,RealDiv,/job:localhost/replica:0/task:0/device:MUSA:0,8.0,0.008
wNnL0b6aAU,Rsqrt,/job:localhost/replica:0/task:0/device:MUSA:0,8.0,0.008
5Ainet97S2,Log,/job:localhost/replica:0/task:0/device:MUSA:0,8.0,0.008
a0PUW4BYGt,MatMul,/job:localhost/replica:0/task:0/device:MUSA:0,8.0,0.008
yxg3bUSard,Sub,/job:localhost/replica:0/task:0/device:MUSA:0,8.0,0.008
YzNVeKysfd,Add,/job:localhost/replica:0/task:0/device:MUSA:0,8.0,0.008
lk5K2yE3Aj,Rsqrt,/job:localhost/replica:0/task:0/device:MUSA:0,8.0,0.008
G35AMpR47S,Log,/job:localhost/replica:0/task:0/device:MUSA:0,8.0,0.008
ylHzpMiDxA,MatMul,/job:localhost/replica:0/task:0/device:MUSA:0,8.0,0.008
TSIgucR3vb,ConcatV2,/job:localhost/replica:0/task:0/device:MUSA:0,8.0,0.008
k46GqRlJce,MatMul,/job:localhost/replica:0/task:0/device:MUSA:0,8.0,0.008
XyOig7NAZo,Add,/job:localhost/replica:0/task:0/device:MUSA:0,8.0,0.008
q7vUkoRCVs,MatMul,/job:localhost/replica:0/task:0/device:MUSA:0,8.0,0.008
Oi8KmT9xqc,MatMul,/job:localhost/replica:0/task:0/device:MUSA:0,8.0,0.008
Ltegrm3jsb,StridedSlice,/job:localhost/replica:0/task:0/device:MUSA:0,8.0,0.008
RFMQ3HfpoA,MatMul,/job:localhost/replica:0/task:0/device:MUSA:0,8.0,0.008
OYIsk1vpha,StridedSlice,/job:localhost/replica:0/task:0/device:MUSA:0,8.0,0.008
XM80KJABud,StridedSlice,/job:localhost/replica:0/task:0/device:MUSA:0,8.0,0.008
RsgNoLV1qO,MatMul,/job:localhost/replica:0/task:0/device:MUSA:0,8.0,0.008
fWZk071roX,GatherV2,/job:localhost/replica:0/task:0/device:MUSA:0,8.0,0.008
qzOt8HuTYn,Prod,/job:localhost/replica:0/task:0/device:MUSA:0,8.0,0.008
pgXQceRViY,ConcatV2,/job:localhost/replica:0/task:0/device:MUSA:0,8.0,0.008
hNWnZTxPzq,GatherV2,/job:localhost/replica:0/task:0/device:MUSA:0,8.0,0.008
WF7zx0LGYA,GatherV2,/job:localhost/replica:0/task:0/device:MUSA:0,8.0,0.008
YVBjlC7EmM,Softmax,/job:localhost/replica:0/task:0/device:MUSA:0,8.0,0.008
ConstantFolding/PwXEDRQgMK_const_axis,Pack,/job:localhost/replica:0/task:0/device:MUSA:0,8.0,0.008
Nk1eiPWUba,StridedSlice,/job:localhost/replica:0/task:0/device:MUSA:0,8.0,0.008
erPm2I8DqE,Relu,/job:localhost/replica:0/task:0/device:MUSA:0,8.0,0.008
nrxRI41QDb,Relu,/job:localhost/replica:0/task:0/device:MUSA:0,8.0,0.008
wNEukDM1AL,StridedSlice,/job:localhost/replica:0/task:0/device:MUSA:0,8.0,0.008
zw5vOcMYpu,MatMul,/job:localhost/replica:0/task:0/device:MUSA:0,8.0,0.008
ConstantFolding/XTg8kQCK3W_const_axis,Pack,/job:localhost/replica:0/task:0/device:MUSA:0,8.0,0.008
av6E5gXut1,MatMul,/job:localhost/replica:0/task:0/device:MUSA:0,8.0,0.008
5XLyzSDPbN,RealDiv,/job:localhost/replica:0/task:0/device:MUSA:0,8.0,0.008
DRvmxGcj7A,Softmax,/job:localhost/replica:0/task:0/device:MUSA:0,8.0,0.008
sn6QPF4J5T,Softmax,/job:localhost/replica:0/task:0/device:MUSA:0,8.0,0.008
AQLFdovsgc,AddV2,/job:localhost/replica:0/task:0/device:MUSA:0,8.0,0.008
lTxWm8ZchM,Pow,/job:localhost/replica:0/task:0/device:MUSA:0,8.0,0.008
BADVPEC87r,Pow,/job:localhost/replica:0/task:0/device:MUSA:0,8.0,0.008
BwI8ChA9Qg,BatchMatMulV2,/job:localhost/replica:0/task:0/device:MUSA:0,8.0,0.008
lsOe6dP3h7,AddV2,/job:localhost/replica:0/task:0/device:MUSA:0,8.0,0.008
HY4Tplj8Ev,MatMul,/job:localhost/replica:0/task:0/device:MUSA:0,8.0,0.008
YSvzqiK5ZQ,LeakyRelu,/job:localhost/replica:0/task:0/device:MUSA:0,8.0,0.008
DhpgxSlCmi,LeakyRelu,/job:localhost/replica:0/task:0/device:MUSA:0,8.0,0.008
ba3gIKf5EW,Sigmoid,/job:localhost/replica:0/task:0/device:MUSA:0,8.0,0.008
m8kOsCauiS,Add,/job:localhost/replica:0/task:0/device:MUSA:0,8.0,0.008
R57tKj0hYb,Mul,/job:localhost/replica:0/task:0/device:MUSA:0,8.0,0.008
B8TH6vVwDr,Add,/job:localhost/replica:0/task:0/device:MUSA:0,8.0,0.008
8chivf93Ke,Sub,/job:localhost/replica:0/task:0/device:MUSA:0,8.0,0.008
xkKSic4W3g,Pow,/job:localhost/replica:0/task:0/device:MUSA:0,8.0,0.008
8fPHMLOpY5,MatMul,/job:localhost/replica:0/task:0/device:MUSA:0,8.0,0.008
PfteDhBnxv,MatMul,/job:localhost/replica:0/task:0/device:MUSA:0,8.0,0.008
3Q02xzOmgq,Add,/job:localhost/replica:0/task:0/device:MUSA:0,8.0,0.008
H2bCNKTXGg,Pow,/job:localhost/replica:0/task:0/device:MUSA:0,8.0,0.008
GLWMb9qdBT,MatMul,/job:localhost/replica:0/task:0/device:MUSA:0,8.0,0.008
kma7DpcuiI,MatMul,/job:localhost/replica:0/task:0/device:MUSA:0,8.0,0.008
ytDEhOsZcg,Sub,/job:localhost/replica:0/task:0/device:MUSA:0,8.0,0.008
sm5bfzaKou,Pow,/job:localhost/replica:0/task:0/device:MUSA:0,8.0,0.008
BSHFCQfVkN,MatMul,/job:localhost/replica:0/task:0/device:MUSA:0,8.0,0.008
HIoFxfpgGi,MatMul,/job:localhost/replica:0/task:0/device:MUSA:0,8.0,0.008
Jg5sDMiL81,RealDiv,/job:localhost/replica:0/task:0/device:MUSA:0,8.0,0.008
0AFVIH8SgG,Const,/job:localhost/replica:0/task:0/device:MUSA:0,7.0,0.007
5aEKSVPoLJ,Const,/job:localhost/replica:0/task:0/device:MUSA:0,7.0,0.007
ZtE37zIpxi,Const,/job:localhost/replica:0/task:0/device:MUSA:0,7.0,0.007
FlEsDnqfZH,Const,/job:localhost/replica:0/task:0/device:MUSA:0,7.0,0.007
3GD0QXNf7b,Const,/job:localhost/replica:0/task:0/device:MUSA:0,7.0,0.007
6R49PNJChS,Const,/job:localhost/replica:0/task:0/device:MUSA:0,7.0,0.007
eMG4FQNczR,Const,/job:localhost/replica:0/task:0/device:MUSA:0,7.0,0.007
3f8SQ0FU4j,Const,/job:localhost/replica:0/task:0/device:MUSA:0,7.0,0.007
hZCjNomIac,Const,/job:localhost/replica:0/task:0/device:MUSA:0,7.0,0.007
S95sZYOwKP,Const,/job:localhost/replica:0/task:0/device:MUSA:0,7.0,0.007
q6Q8dT9gRw,Const,/job:localhost/replica:0/task:0/device:MUSA:0,7.0,0.007
ma8LEyl75F,Const,/job:localhost/replica:0/task:0/device:MUSA:0,7.0,0.007
MvhPqTAm0Z,Const,/job:localhost/replica:0/task:0/device:MUSA:0,7.0,0.007
C5pv8A37PZ,Const,/job:localhost/replica:0/task:0/device:MUSA:0,7.0,0.007
U6wKTWNkuv,Const,/job:localhost/replica:0/task:0/device:MUSA:0,7.0,0.007
pP1KBIcjN6,Const,/job:localhost/replica:0/task:0/device:MUSA:0,7.0,0.007
wWbHvI0Oc2,Const,/job:localhost/replica:0/task:0/device:MUSA:0,7.0,0.007
svQMUt9ryd,Const,/job:localhost/replica:0/task:0/device:MUSA:0,7.0,0.007
8YZ0PIqjKl,Const,/job:localhost/replica:0/task:0/device:MUSA:0,7.0,0.007
CVIwzQfEYJ,Const,/job:localhost/replica:0/task:0/device:MUSA:0,7.0,0.007
IF2Ua0cVWA,Const,/job:localhost/replica:0/task:0/device:MUSA:0,7.0,0.007
GTZcCyU6aj,Const,/job:localhost/replica:0/task:0/device:MUSA:0,7.0,0.007
Mkw0Pjr6vt,Const,/job:localhost/replica:0/task:0/device:MUSA:0,7.0,0.007
wFr4bYC7zg,Const,/job:localhost/replica:0/task:0/device:MUSA:0,7.0,0.007
b0JicyfvZD,Const,/job:localhost/replica:0/task:0/device:MUSA:0,7.0,0.007
kQa5fRMJiv,Const,/job:localhost/replica:0/task:0/device:MUSA:0,7.0,0.007
blfTCoOugw,Const,/job:localhost/replica:0/task:0/device:MUSA:0,7.0,0.007
p4yfeqiXKN,Const,/job:localhost/replica:0/task:0/device:MUSA:0,7.0,0.007
ZH2mp5PvEO,Const,/job:localhost/replica:0/task:0/device:MUSA:0,7.0,0.007
AXloQ0b5ds,Const,/job:localhost/replica:0/task:0/device:MUSA:0,7.0,0.007
02YT1dgmvE,Const,/job:localhost/replica:0/task:0/device:MUSA:0,7.0,0.007
nX3o8WkHJu,Const,/job:localhost/replica:0/task:0/device:MUSA:0,7.0,0.007
mecqLdTPEy,Const,/job:localhost/replica:0/task:0/device:MUSA:0,7.0,0.007
waef5UoMdp,Const,/job:localhost/replica:0/task:0/device:MUSA:0,7.0,0.007
iPSfZCrpcN,Const,/job:localhost/replica:0/task:0/device:MUSA:0,7.0,0.007
HZJa83iPuB,Const,/job:localhost/replica:0/task:0/device:MUSA:0,7.0,0.007
rXchVATEaB,Const,/job:localhost/replica:0/task:0/device:MUSA:0,7.0,0.007
KYiqVRFa7E,Const,/job:localhost/replica:0/task:0/device:MUSA:0,7.0,0.007
MZeY8sLpHX,Const,/job:localhost/replica:0/task:0/device:MUSA:0,7.0,0.007
12KuJ8Utwq,Const,/job:localhost/replica:0/task:0/device:MUSA:0,7.0,0.007
EYmyWCvKop,Const,/job:localhost/replica:0/task:0/device:MUSA:0,7.0,0.007
G6e9Yw2Fyu,Const,/job:localhost/replica:0/task:0/device:MUSA:0,7.0,0.007
UDwx7SdGti,Const,/job:localhost/replica:0/task:0/device:MUSA:0,7.0,0.007
ZKkY25h9uT,Const,/job:localhost/replica:0/task:0/device:MUSA:0,7.0,0.007
jhC0AenLkB,Const,/job:localhost/replica:0/task:0/device:MUSA:0,7.0,0.007
dPvsJhZAyX,Const,/job:localhost/replica:0/task:0/device:MUSA:0,7.0,0.007
4fEH3ZuLUw,ExpandDims,/job:localhost/replica:0/task:0/device:MUSA:0,7.0,0.007
NILM68pti0,ExpandDims,/job:localhost/replica:0/task:0/device:MUSA:0,7.0,0.007
WwJa5yQujB,Slice,/job:localhost/replica:0/task:0/device:MUSA:0,7.0,0.007
Ha5VP8TdYs,Slice,/job:localhost/replica:0/task:0/device:MUSA:0,7.0,0.007
Y7kFflWmdI,Slice,/job:localhost/replica:0/task:0/device:MUSA:0,7.0,0.007
4tJvlbSQVo,Slice,/job:localhost/replica:0/task:0/device:MUSA:0,7.0,0.007
mPgfNBu58V,Slice,/job:localhost/replica:0/task:0/device:MUSA:0,7.0,0.007
kqdHtYL5lp,Slice,/job:localhost/replica:0/task:0/device:MUSA:0,7.0,0.007
2s4DGPfWKS,Slice,/job:localhost/replica:0/task:0/device:MUSA:0,7.0,0.007
3HQUdPjJqK,Slice,/job:localhost/replica:0/task:0/device:MUSA:0,7.0,0.007
SUJmiIZCs0,Slice,/job:localhost/replica:0/task:0/device:MUSA:0,7.0,0.007
NdC9pfa6xe,Slice,/job:localhost/replica:0/task:0/device:MUSA:0,7.0,0.007
cpqSQ08YW6,Slice,/job:localhost/replica:0/task:0/device:MUSA:0,7.0,0.007
hb3fDpBqSt,Slice,/job:localhost/replica:0/task:0/device:MUSA:0,7.0,0.007
71ze3uUfNg,Slice,/job:localhost/replica:0/task:0/device:MUSA:0,7.0,0.007
o9M8PuleWq,Slice,/job:localhost/replica:0/task:0/device:MUSA:0,7.0,0.007
wv81dbl7rk,Rsqrt,/job:localhost/replica:0/task:0/device:MUSA:0,7.0,0.007
tnuZwDMaGC,MatMul,/job:localhost/replica:0/task:0/device:MUSA:0,7.0,0.007
fMWGqUZApN,Neg,/job:localhost/replica:0/task:0/device:MUSA:0,7.0,0.007
V80IUgi9Hs,Cast,/job:localhost/replica:0/task:0/device:MUSA:0,7.0,0.007
RMJZfSlzUe,MatMul,/job:localhost/replica:0/task:0/device:MUSA:0,7.0,0.007
GxfaC5ico3,MatMul,/job:localhost/replica:0/task:0/device:MUSA:0,7.0,0.007
jrNzpWVXfd,Slice,/job:localhost/replica:0/task:0/device:MUSA:0,7.0,0.007
DJ7YeWMbaI,ConcatV2,/job:localhost/replica:0/task:0/device:MUSA:0,7.0,0.007
YyF0pt5Gkx,Rsqrt,/job:localhost/replica:0/task:0/device:MUSA:0,7.0,0.007
7oDiNAghmJ,Rsqrt,/job:localhost/replica:0/task:0/device:MUSA:0,7.0,0.007
6AIP8ChrVs,Neg,/job:localhost/replica:0/task:0/device:MUSA:0,7.0,0.007
F1ThErbYVe,Add,/job:localhost/replica:0/task:0/device:MUSA:0,7.0,0.007
Rx6lE32zcn,LeakyRelu,/job:localhost/replica:0/task:0/device:MUSA:0,7.0,0.007
PTNx2e45wp,RealDiv,/job:localhost/replica:0/task:0/device:MUSA:0,7.0,0.007
sydjtHmPQq,Neg,/job:localhost/replica:0/task:0/device:MUSA:0,7.0,0.007
JLlcDSgXkW,Rsqrt,/job:localhost/replica:0/task:0/device:MUSA:0,7.0,0.007
VkzS78xlOW,MatMul,/job:localhost/replica:0/task:0/device:MUSA:0,7.0,0.007
d5pUok3awP,Log,/job:localhost/replica:0/task:0/device:MUSA:0,7.0,0.007
5h7YKnzcNQ,MatMul,/job:localhost/replica:0/task:0/device:MUSA:0,7.0,0.007
r486CDh2kx,ConcatV2,/job:localhost/replica:0/task:0/device:MUSA:0,7.0,0.007
ArithmeticOptimizer/AddOpsRewrite_0HDX6jYOJz,Add,/job:localhost/replica:0/task:0/device:MUSA:0,7.0,0.007
oY7wDPe4GO,Pow,/job:localhost/replica:0/task:0/device:MUSA:0,7.0,0.007
0RpDsWPHyU,StridedSlice,/job:localhost/replica:0/task:0/device:MUSA:0,7.0,0.007
Z9SoYEnmtT,StridedSlice,/job:localhost/replica:0/task:0/device:MUSA:0,7.0,0.007
xbXeF3TfgN,StridedSlice,/job:localhost/replica:0/task:0/device:MUSA:0,7.0,0.007
Qh9oU67Yyu,MatMul,/job:localhost/replica:0/task:0/device:MUSA:0,7.0,0.007
6TvqSGsCLO,MatMul,/job:localhost/replica:0/task:0/device:MUSA:0,7.0,0.007
v7qYK1axek,MatMul,/job:localhost/replica:0/task:0/device:MUSA:0,7.0,0.007
rj5iYHkwFZ,StridedSlice,/job:localhost/replica:0/task:0/device:MUSA:0,7.0,0.007
e7B4IJmtpO,Relu,/job:localhost/replica:0/task:0/device:MUSA:0,7.0,0.007
xbjfcz9oeH,StridedSlice,/job:localhost/replica:0/task:0/device:MUSA:0,7.0,0.007
2vorDAq9HB,MatMul,/job:localhost/replica:0/task:0/device:MUSA:0,7.0,0.007
sMXyhrqwed,GatherV2,/job:localhost/replica:0/task:0/device:MUSA:0,7.0,0.007
IWzmwG06jL,GatherV2,/job:localhost/replica:0/task:0/device:MUSA:0,7.0,0.007
XWG4JdOuYR,Prod,/job:localhost/replica:0/task:0/device:MUSA:0,7.0,0.007
Vl5tu6G3EB,Prod,/job:localhost/replica:0/task:0/device:MUSA:0,7.0,0.007
cYdPL0DIBG,Pack,/job:localhost/replica:0/task:0/device:MUSA:0,7.0,0.007
ConstantFolding/S135kzBaKZ_const_axis,Pack,/job:localhost/replica:0/task:0/device:MUSA:0,7.0,0.007
tdQ48ZNG7W,MatMul,/job:localhost/replica:0/task:0/device:MUSA:0,7.0,0.007
n6NJeyA2uM,Transpose,/job:localhost/replica:0/task:0/device:MUSA:0,7.0,0.007
ekdny7OHCR,BatchMatMulV2,/job:localhost/replica:0/task:0/device:MUSA:0,7.0,0.007
2YlOB1j3sy,BatchMatMulV2,/job:localhost/replica:0/task:0/device:MUSA:0,7.0,0.007
FlOUq8deTz,Sub,/job:localhost/replica:0/task:0/device:MUSA:0,7.0,0.007
RHXhdvfygF,Transpose,/job:localhost/replica:0/task:0/device:MUSA:0,7.0,0.007
F1lJzx6MWb,AddV2,/job:localhost/replica:0/task:0/device:MUSA:0,7.0,0.007
vXEmfZTIpR,Pow,/job:localhost/replica:0/task:0/device:MUSA:0,7.0,0.007
sUkuv7r4Cn,Rsqrt,/job:localhost/replica:0/task:0/device:MUSA:0,7.0,0.007
F3hbPBHVKd,Add,/job:localhost/replica:0/task:0/device:MUSA:0,7.0,0.007
rvNxOqsKRl,Rsqrt,/job:localhost/replica:0/task:0/device:MUSA:0,7.0,0.007
InWFHpgAum,LeakyRelu,/job:localhost/replica:0/task:0/device:MUSA:0,7.0,0.007
pXe6bdW2y7,LeakyRelu,/job:localhost/replica:0/task:0/device:MUSA:0,7.0,0.007
m4pXGha3TA,Add,/job:localhost/replica:0/task:0/device:MUSA:0,7.0,0.007
R8udFJWUGA,Add,/job:localhost/replica:0/task:0/device:MUSA:0,7.0,0.007
Lw8alRPy4c,Rsqrt,/job:localhost/replica:0/task:0/device:MUSA:0,7.0,0.007
xvp45BE8jR,AddV2,/job:localhost/replica:0/task:0/device:MUSA:0,7.0,0.007
QYeoRyC9UE,Pow,/job:localhost/replica:0/task:0/device:MUSA:0,7.0,0.007
N3wTjKZSLU,MatMul,/job:localhost/replica:0/task:0/device:MUSA:0,7.0,0.007
J7fQL5Wmo8,Mean,/job:localhost/replica:0/task:0/device:MUSA:0,7.0,0.007
BNe8C1Tabx,Log,/job:localhost/replica:0/task:0/device:MUSA:0,7.0,0.007
rhj1lXDwJO,LeakyRelu,/job:localhost/replica:0/task:0/device:MUSA:0,7.0,0.007
D0F5mO8BY2,AddV2,/job:localhost/replica:0/task:0/device:MUSA:0,7.0,0.007
VobDAqjBLl,Pow,/job:localhost/replica:0/task:0/device:MUSA:0,7.0,0.007
nX2YxUyAg0,Rsqrt,/job:localhost/replica:0/task:0/device:MUSA:0,7.0,0.007
DRXZmC7tfi,Pow,/job:localhost/replica:0/task:0/device:MUSA:0,7.0,0.007
bz7UiXn3h0,MatMul,/job:localhost/replica:0/task:0/device:MUSA:0,7.0,0.007
0dQlavwZG4,LeakyRelu,/job:localhost/replica:0/task:0/device:MUSA:0,7.0,0.007
kuFH8l9OXi,Mul,/job:localhost/replica:0/task:0/device:MUSA:0,7.0,0.007
REvB6W3K5z,Const,/job:localhost/replica:0/task:0/device:MUSA:0,6.0,0.006
XyiLj74bdx,Const,/job:localhost/replica:0/task:0/device:MUSA:0,6.0,0.006
AnBajXCFKI,Const,/job:localhost/replica:0/task:0/device:MUSA:0,6.0,0.006
Qv8PjrmwFu,Const,/job:localhost/replica:0/task:0/device:MUSA:0,6.0,0.006
XclCaOqshF,Const,/job:localhost/replica:0/task:0/device:MUSA:0,6.0,0.006
UmtEBQgXHM,Const,/job:localhost/replica:0/task:0/device:MUSA:0,6.0,0.006
CZJXNwpiTr,Const,/job:localhost/replica:0/task:0/device:MUSA:0,6.0,0.006
jgUlH6kDdi,AddV2,/job:localhost/replica:0/task:0/device:MUSA:0,6.0,0.006
H10R9WhQkz,Const,/job:localhost/replica:0/task:0/device:MUSA:0,6.0,0.006
6VtGbolNeZ,Const,/job:localhost/replica:0/task:0/device:MUSA:0,6.0,0.006
3gaudcYoje,Const,/job:localhost/replica:0/task:0/device:MUSA:0,6.0,0.006
43R9jdwJBh,Const,/job:localhost/replica:0/task:0/device:MUSA:0,6.0,0.006
aMm4nG6gSP,Const,/job:localhost/replica:0/task:0/device:MUSA:0,6.0,0.006
v3mfJj4ArY,Const,/job:localhost/replica:0/task:0/device:MUSA:0,6.0,0.006
jnwqAyNQdh,Const,/job:localhost/replica:0/task:0/device:MUSA:0,6.0,0.006
zVPUvGeHqA,Const,/job:localhost/replica:0/task:0/device:MUSA:0,6.0,0.006
XVMaqByO1j,Const,/job:localhost/replica:0/task:0/device:MUSA:0,6.0,0.006
QOdk43SiBf,Const,/job:localhost/replica:0/task:0/device:MUSA:0,6.0,0.006
9yt3QkuqGw,Const,/job:localhost/replica:0/task:0/device:MUSA:0,6.0,0.006
rkSgbKpfMO,Const,/job:localhost/replica:0/task:0/device:MUSA:0,6.0,0.006
7VoywXvLtG,Const,/job:localhost/replica:0/task:0/device:MUSA:0,6.0,0.006
IaRBYUyp39,Const,/job:localhost/replica:0/task:0/device:MUSA:0,6.0,0.006
pDGXwSkclg,Const,/job:localhost/replica:0/task:0/device:MUSA:0,6.0,0.006
U9TR1OBAr0,Const,/job:localhost/replica:0/task:0/device:MUSA:0,6.0,0.006
ziT8pqof6j,Const,/job:localhost/replica:0/task:0/device:MUSA:0,6.0,0.006
6snPKH1NYF,Const,/job:localhost/replica:0/task:0/device:MUSA:0,6.0,0.006
EK4xargzm8,Const,/job:localhost/replica:0/task:0/device:MUSA:0,6.0,0.006
X2HskSNvLG,Const,/job:localhost/replica:0/task:0/device:MUSA:0,6.0,0.006
xDsELl2ROq,Const,/job:localhost/replica:0/task:0/device:MUSA:0,6.0,0.006
5JN1TzkROo,Const,/job:localhost/replica:0/task:0/device:MUSA:0,6.0,0.006
cLtpabuNDe,Const,/job:localhost/replica:0/task:0/device:MUSA:0,6.0,0.006
cD6sbKuJC7,Add,/job:localhost/replica:0/task:0/device:MUSA:0,6.0,0.006
hAQ1UGdKwe,Const,/job:localhost/replica:0/task:0/device:MUSA:0,6.0,0.006
akWUNIJq8s,Const,/job:localhost/replica:0/task:0/device:MUSA:0,6.0,0.006
YmkrqTjIz0,Const,/job:localhost/replica:0/task:0/device:MUSA:0,6.0,0.006
sGnZlY20ST,Const,/job:localhost/replica:0/task:0/device:MUSA:0,6.0,0.006
XEdu4yh0m2,Const,/job:localhost/replica:0/task:0/device:MUSA:0,6.0,0.006
9dX6kpjTg3,Const,/job:localhost/replica:0/task:0/device:MUSA:0,6.0,0.006
6sxgQ2inqO,Const,/job:localhost/replica:0/task:0/device:MUSA:0,6.0,0.006
wMxlFLXsvB,Const,/job:localhost/replica:0/task:0/device:MUSA:0,6.0,0.006
KkCn3D6rSm,Const,/job:localhost/replica:0/task:0/device:MUSA:0,6.0,0.006
LWs2grNO4f,Const,/job:localhost/replica:0/task:0/device:MUSA:0,6.0,0.006
W7UjgsPYEF,Const,/job:localhost/replica:0/task:0/device:MUSA:0,6.0,0.006
0ICNomuPFD,Const,/job:localhost/replica:0/task:0/device:MUSA:0,6.0,0.006
GNUOcxJe5d,Const,/job:localhost/replica:0/task:0/device:MUSA:0,6.0,0.006
kxwTrYMuPO,Const,/job:localhost/replica:0/task:0/device:MUSA:0,6.0,0.006
tT2OiUS7el,ExpandDims,/job:localhost/replica:0/task:0/device:MUSA:0,6.0,0.006
FKvoWiI2Cc,ExpandDims,/job:localhost/replica:0/task:0/device:MUSA:0,6.0,0.006
qbwM3l9pFO,Slice,/job:localhost/replica:0/task:0/device:MUSA:0,6.0,0.006
8rCuIzJZSc,ExpandDims,/job:localhost/replica:0/task:0/device:MUSA:0,6.0,0.006
Vvw8pbKHzy,Neg,/job:localhost/replica:0/task:0/device:MUSA:0,6.0,0.006
hqnSsgW1r0,Neg,/job:localhost/replica:0/task:0/device:MUSA:0,6.0,0.006
f12aUCAOWz,MatMul,/job:localhost/replica:0/task:0/device:MUSA:0,6.0,0.006
7x9nKLrXS1,Neg,/job:localhost/replica:0/task:0/device:MUSA:0,6.0,0.006
wYojrPhs7O,Neg,/job:localhost/replica:0/task:0/device:MUSA:0,6.0,0.006
eiI5tUTKmN,MatMul,/job:localhost/replica:0/task:0/device:MUSA:0,6.0,0.006
n32bUsqLPi,RealDiv,/job:localhost/replica:0/task:0/device:MUSA:0,6.0,0.006
Ts5ICvYMLu,MatMul,/job:localhost/replica:0/task:0/device:MUSA:0,6.0,0.006
ArithmeticOptimizer/AddOpsRewrite_Internal_0_0HDX6jYOJz,Add,/job:localhost/replica:0/task:0/device:MUSA:0,6.0,0.006
5lgKIGFEHf,StridedSlice,/job:localhost/replica:0/task:0/device:MUSA:0,6.0,0.006
YTGDzNvrl6,StridedSlice,/job:localhost/replica:0/task:0/device:MUSA:0,6.0,0.006
7jkVxy6LEf,StridedSlice,/job:localhost/replica:0/task:0/device:MUSA:0,6.0,0.006
5826ysBQUH,GatherV2,/job:localhost/replica:0/task:0/device:MUSA:0,6.0,0.006
HKl1UvFwem,Prod,/job:localhost/replica:0/task:0/device:MUSA:0,6.0,0.006
ConstantFolding/zGgWvrDI4T_const_axis,Pack,/job:localhost/replica:0/task:0/device:MUSA:0,6.0,0.006
bMBm4S1ghd,Softmax,/job:localhost/replica:0/task:0/device:MUSA:0,6.0,0.006
pjs2ClJfeA,Pow,/job:localhost/replica:0/task:0/device:MUSA:0,6.0,0.006
f0niJGlUjC,Pow,/job:localhost/replica:0/task:0/device:MUSA:0,6.0,0.006
ftIkDEXBPh,RealDiv,/job:localhost/replica:0/task:0/device:MUSA:0,6.0,0.006
fGvj9Ep32K,Sub,/job:localhost/replica:0/task:0/device:MUSA:0,6.0,0.006
Cucm7qNBKE,AddV2,/job:localhost/replica:0/task:0/device:MUSA:0,6.0,0.006
naJDERTCwA,Mul,/job:localhost/replica:0/task:0/device:MUSA:0,6.0,0.006
xil29zqVha,Log,/job:localhost/replica:0/task:0/device:MUSA:0,6.0,0.006
UV2CGB7ajD,LeakyRelu,/job:localhost/replica:0/task:0/device:MUSA:0,6.0,0.006
ZiIlMXhRpk,Sub,/job:localhost/replica:0/task:0/device:MUSA:0,6.0,0.006
1H4K0FTRPg,Sub,/job:localhost/replica:0/task:0/device:MUSA:0,6.0,0.006
lgLcDrn524,Pow,/job:localhost/replica:0/task:0/device:MUSA:0,6.0,0.006
61aYlrZxA5,Sigmoid,/job:localhost/replica:0/task:0/device:MUSA:0,6.0,0.006
J1870jfPdk,Sub,/job:localhost/replica:0/task:0/device:MUSA:0,6.0,0.006
0ElgwavzrG,MatMul,/job:localhost/replica:0/task:0/device:MUSA:0,6.0,0.006
eQyh9bYFwB,Log,/job:localhost/replica:0/task:0/device:MUSA:0,6.0,0.006
Np54uK9tfz,AddV2,/job:localhost/replica:0/task:0/device:MUSA:0,6.0,0.006
BJgVYdi9U8,MatMul,/job:localhost/replica:0/task:0/device:MUSA:0,6.0,0.006
iAuPChzMRH,MatMul,/job:localhost/replica:0/task:0/device:MUSA:0,6.0,0.006
0vYnrqhDGi,Const,/job:localhost/replica:0/task:0/device:MUSA:0,5.0,0.005
tNgDKV83q1,Const,/job:localhost/replica:0/task:0/device:MUSA:0,5.0,0.005
VcTaA9KpG1,Const,/job:localhost/replica:0/task:0/device:MUSA:0,5.0,0.005
ZuYK5zdbPc,Const,/job:localhost/replica:0/task:0/device:MUSA:0,5.0,0.005
z61wKQTUpt,Const,/job:localhost/replica:0/task:0/device:MUSA:0,5.0,0.005
ANMcEPSkOx,Const,/job:localhost/replica:0/task:0/device:MUSA:0,5.0,0.005
WVGCXu5FgM,Const,/job:localhost/replica:0/task:0/device:MUSA:0,5.0,0.005
BfXG1rSjwu,Const,/job:localhost/replica:0/task:0/device:MUSA:0,5.0,0.005
MILEUsTSxm,Const,/job:localhost/replica:0/task:0/device:MUSA:0,5.0,0.005
LZR9VDFIBK,Const,/job:localhost/replica:0/task:0/device:MUSA:0,5.0,0.005
Dy7Ra32o5e,Const,/job:localhost/replica:0/task:0/device:MUSA:0,5.0,0.005
CXbo9Y4nPR,Const,/job:localhost/replica:0/task:0/device:MUSA:0,5.0,0.005
YLSsrf3QKc,Const,/job:localhost/replica:0/task:0/device:MUSA:0,5.0,0.005
FUxlP1Ysb4,Const,/job:localhost/replica:0/task:0/device:MUSA:0,5.0,0.005
blJGUL5tDT,Const,/job:localhost/replica:0/task:0/device:MUSA:0,5.0,0.005
eP3LhMURys,Const,/job:localhost/replica:0/task:0/device:MUSA:0,5.0,0.005
x92s3KgHmF,Const,/job:localhost/replica:0/task:0/device:MUSA:0,5.0,0.005
Wy1QJVwtr4,Const,/job:localhost/replica:0/task:0/device:MUSA:0,5.0,0.005
rMfHZwkXJa,Const,/job:localhost/replica:0/task:0/device:MUSA:0,5.0,0.005
IXn7pjWxZT,Const,/job:localhost/replica:0/task:0/device:MUSA:0,5.0,0.005
rFlzEtHARU,Const,/job:localhost/replica:0/task:0/device:MUSA:0,5.0,0.005
MWPam0wBHx,Const,/job:localhost/replica:0/task:0/device:MUSA:0,5.0,0.005
o7VNM9y8qb,Const,/job:localhost/replica:0/task:0/device:MUSA:0,5.0,0.005
FscWTu1Z0E,Const,/job:localhost/replica:0/task:0/device:MUSA:0,5.0,0.005
KRlGjeg6mA,Const,/job:localhost/replica:0/task:0/device:MUSA:0,5.0,0.005
5mBneQC7F9,Const,/job:localhost/replica:0/task:0/device:MUSA:0,5.0,0.005
9Rq2PIeb6L,Const,/job:localhost/replica:0/task:0/device:MUSA:0,5.0,0.005
oTWqZ31S9Q,Const,/job:localhost/replica:0/task:0/device:MUSA:0,5.0,0.005
xhbta8E3em,Const,/job:localhost/replica:0/task:0/device:MUSA:0,5.0,0.005
LgD9SsR6CF,Const,/job:localhost/replica:0/task:0/device:MUSA:0,5.0,0.005
iOD2AZ4Ezw,Const,/job:localhost/replica:0/task:0/device:MUSA:0,5.0,0.005
4Ofi8FqXIx,Const,/job:localhost/replica:0/task:0/device:MUSA:0,5.0,0.005
MjzJm56QH8,Const,/job:localhost/replica:0/task:0/device:MUSA:0,5.0,0.005
OB4pVKsjRw,Const,/job:localhost/replica:0/task:0/device:MUSA:0,5.0,0.005
ConstantFolding/Jg5sDMiL81_recip,RealDiv,/job:localhost/replica:0/task:0/device:MUSA:0,5.0,0.005
ePqmjpB5ZT,Const,/job:localhost/replica:0/task:0/device:MUSA:0,5.0,0.005
YQaRx13JlN,Const,/job:localhost/replica:0/task:0/device:MUSA:0,5.0,0.005
HgVE2rbCZ5,Const,/job:localhost/replica:0/task:0/device:MUSA:0,5.0,0.005
S04dzhoYIK,Const,/job:localhost/replica:0/task:0/device:MUSA:0,5.0,0.005
425jozerhT,Const,/job:localhost/replica:0/task:0/device:MUSA:0,5.0,0.005
Mj5aOqGzHo,Const,/job:localhost/replica:0/task:0/device:MUSA:0,5.0,0.005
cZtCBzvwkl,Const,/job:localhost/replica:0/task:0/device:MUSA:0,5.0,0.005
9U7cgGrYsL,Const,/job:localhost/replica:0/task:0/device:MUSA:0,5.0,0.005
85hbgZflKo,Const,/job:localhost/replica:0/task:0/device:MUSA:0,5.0,0.005
TRryPaG9MJ,Const,/job:localhost/replica:0/task:0/device:MUSA:0,5.0,0.005
IcNLE2RDSA,Mul,/job:localhost/replica:0/task:0/device:MUSA:0,5.0,0.005
m6Fqea8yu1,Const,/job:localhost/replica:0/task:0/device:MUSA:0,5.0,0.005
IVnjhogUKJ,Const,/job:localhost/replica:0/task:0/device:MUSA:0,5.0,0.005
I9dlch4Don,Const,/job:localhost/replica:0/task:0/device:MUSA:0,5.0,0.005
LWV7ctpjM5,Const,/job:localhost/replica:0/task:0/device:MUSA:0,5.0,0.005
oOYDH6awI5,Const,/job:localhost/replica:0/task:0/device:MUSA:0,5.0,0.005
b0fTnOzFqP,Const,/job:localhost/replica:0/task:0/device:MUSA:0,5.0,0.005
kntmK7MIWX,Const,/job:localhost/replica:0/task:0/device:MUSA:0,5.0,0.005
oAnUyr763D,Const,/job:localhost/replica:0/task:0/device:MUSA:0,5.0,0.005
8iRS9JVlYj,ExpandDims,/job:localhost/replica:0/task:0/device:MUSA:0,5.0,0.005
raT7qZpzhx,ExpandDims,/job:localhost/replica:0/task:0/device:MUSA:0,5.0,0.005
wDoSt3PkX5,ExpandDims,/job:localhost/replica:0/task:0/device:MUSA:0,5.0,0.005
grqx0iBmjN,ExpandDims,/job:localhost/replica:0/task:0/device:MUSA:0,5.0,0.005
rqfzpm84cX,ConcatV2,/job:localhost/replica:0/task:0/device:MUSA:0,5.0,0.005
jOnm8ulB10,ConcatV2,/job:localhost/replica:0/task:0/device:MUSA:0,5.0,0.005
jw9ioeTQGD,ConcatV2,/job:localhost/replica:0/task:0/device:MUSA:0,5.0,0.005
bQgyh8pLM1,Sub,/job:localhost/replica:0/task:0/device:MUSA:0,5.0,0.005
C2O91KwoYP,ExpandDims,/job:localhost/replica:0/task:0/device:MUSA:0,5.0,0.005
7IMrfEFeYl,Relu,/job:localhost/replica:0/task:0/device:MUSA:0,5.0,0.005
kvJAi3HerD,Relu,/job:localhost/replica:0/task:0/device:MUSA:0,5.0,0.005
3Qirfj80um,Relu,/job:localhost/replica:0/task:0/device:MUSA:0,5.0,0.005
MpKnkq6OcC,GatherV2,/job:localhost/replica:0/task:0/device:MUSA:0,5.0,0.005
WhKUAiZrJg,GatherV2,/job:localhost/replica:0/task:0/device:MUSA:0,5.0,0.005
KsmJHTor7e,GatherV2,/job:localhost/replica:0/task:0/device:MUSA:0,5.0,0.005
mar0juyv7f,Pack,/job:localhost/replica:0/task:0/device:MUSA:0,5.0,0.005
vfwthL7Dc1,Neg,/job:localhost/replica:0/task:0/device:MUSA:0,5.0,0.005
pNHxGjBnlq,Sub,/job:localhost/replica:0/task:0/device:MUSA:0,5.0,0.005
pGlXf6rhPV,LeakyRelu,/job:localhost/replica:0/task:0/device:MUSA:0,5.0,0.005
3yJE9hjkXH,AddV2,/job:localhost/replica:0/task:0/device:MUSA:0,5.0,0.005
EbyTj7tsfP,Sub,/job:localhost/replica:0/task:0/device:MUSA:0,5.0,0.005
ArithmeticOptimizer/AddOpsRewrite_Leaf_1_piv215AMbB,Add,/job:localhost/replica:0/task:0/device:MUSA:0,5.0,0.005
ArithmeticOptimizer/AddOpsRewrite_me2ipZP0Iu,AddV2,/job:localhost/replica:0/task:0/device:MUSA:0,5.0,0.005
xThWJzm4Mo,Rsqrt,/job:localhost/replica:0/task:0/device:MUSA:0,5.0,0.005
MvgR6jrcEG,AddV2,/job:localhost/replica:0/task:0/device:MUSA:0,5.0,0.005
esiWTMZIS7,AddV2,/job:localhost/replica:0/task:0/device:MUSA:0,5.0,0.005
LUFf2ipdlc,Log,/job:localhost/replica:0/task:0/device:MUSA:0,5.0,0.005
qc4aDF1mIz,Neg,/job:localhost/replica:0/task:0/device:MUSA:0,5.0,0.005
Rpwftq6e2U,Sub,/job:localhost/replica:0/task:0/device:MUSA:0,5.0,0.005
CD0Nl7Pk4a,LeakyRelu,/job:localhost/replica:0/task:0/device:MUSA:0,5.0,0.005
MAH6wlfRTW,Sub,/job:localhost/replica:0/task:0/device:MUSA:0,5.0,0.005
cWA8VaD2Rk,Const,/job:localhost/replica:0/task:0/device:MUSA:0,4.0,0.004
wNcsLh36rt,Const,/job:localhost/replica:0/task:0/device:MUSA:0,4.0,0.004
3iGwVZfsv0,Const,/job:localhost/replica:0/task:0/device:MUSA:0,4.0,0.004
YCvcZpKzPb,Const,/job:localhost/replica:0/task:0/device:MUSA:0,4.0,0.004
o89eSCRc1d,Const,/job:localhost/replica:0/task:0/device:MUSA:0,4.0,0.004
kmDhI6V4pG,Const,/job:localhost/replica:0/task:0/device:MUSA:0,4.0,0.004
TNRgamhjIu,Const,/job:localhost/replica:0/task:0/device:MUSA:0,4.0,0.004
KCYOmAhMqW,Const,/job:localhost/replica:0/task:0/device:MUSA:0,4.0,0.004
68JlqBVkHv,Const,/job:localhost/replica:0/task:0/device:MUSA:0,4.0,0.004
mZRXcABfdM,Const,/job:localhost/replica:0/task:0/device:MUSA:0,4.0,0.004
kBgAO7lrdG,Const,/job:localhost/replica:0/task:0/device:MUSA:0,4.0,0.004
Y46bxchm2X,Const,/job:localhost/replica:0/task:0/device:MUSA:0,4.0,0.004
Dt1UM0XS23,Const,/job:localhost/replica:0/task:0/device:MUSA:0,4.0,0.004
WaNyMXCAhI,Const,/job:localhost/replica:0/task:0/device:MUSA:0,4.0,0.004
5GwIOk4Moe,Const,/job:localhost/replica:0/task:0/device:MUSA:0,4.0,0.004
NWdGnsEYrF,Const,/job:localhost/replica:0/task:0/device:MUSA:0,4.0,0.004
OyrP6beWlI,Const,/job:localhost/replica:0/task:0/device:MUSA:0,4.0,0.004
QxFi8ryedJ,Const,/job:localhost/replica:0/task:0/device:MUSA:0,4.0,0.004
BHVE6dKuC2,Const,/job:localhost/replica:0/task:0/device:MUSA:0,4.0,0.004
LnYToV6ywt,Const,/job:localhost/replica:0/task:0/device:MUSA:0,4.0,0.004
3MoPOEglid,Const,/job:localhost/replica:0/task:0/device:MUSA:0,4.0,0.004
90NeiRZ3Go,Const,/job:localhost/replica:0/task:0/device:MUSA:0,4.0,0.004
QgzJjfpqF5,Const,/job:localhost/replica:0/task:0/device:MUSA:0,4.0,0.004
4QzigTG0hj,Const,/job:localhost/replica:0/task:0/device:MUSA:0,4.0,0.004
dCSfoQgw2b,Const,/job:localhost/replica:0/task:0/device:MUSA:0,4.0,0.004
2wjHqN5K4E,Const,/job:localhost/replica:0/task:0/device:MUSA:0,4.0,0.004
glBZzmdkHy,Const,/job:localhost/replica:0/task:0/device:MUSA:0,4.0,0.004
lIz8QbvhsY,Const,/job:localhost/replica:0/task:0/device:MUSA:0,4.0,0.004
b0Ho5RuBdE,Const,/job:localhost/replica:0/task:0/device:MUSA:0,4.0,0.004
s1SEA7TM4Y,Const,/job:localhost/replica:0/task:0/device:MUSA:0,4.0,0.004
gAHhfNmKsT,Const,/job:localhost/replica:0/task:0/device:MUSA:0,4.0,0.004
lA3rhUIMyQ,Const,/job:localhost/replica:0/task:0/device:MUSA:0,4.0,0.004
NjxuZhJyr3,Const,/job:localhost/replica:0/task:0/device:MUSA:0,4.0,0.004
qzUGB8aifZ,Const,/job:localhost/replica:0/task:0/device:MUSA:0,4.0,0.004
tCvXAMPlFm,Const,/job:localhost/replica:0/task:0/device:MUSA:0,4.0,0.004
p7LsMuynjh,Const,/job:localhost/replica:0/task:0/device:MUSA:0,4.0,0.004
X7Q1kutLGq,Const,/job:localhost/replica:0/task:0/device:MUSA:0,4.0,0.004
ConstantFolding/VPgRxFs4KO_recip,RealDiv,/job:localhost/replica:0/task:0/device:MUSA:0,4.0,0.004
WSGLV4ke0O,Const,/job:localhost/replica:0/task:0/device:MUSA:0,4.0,0.004
UuvRyJi3NY,Const,/job:localhost/replica:0/task:0/device:MUSA:0,4.0,0.004
n8GvkAhd7c,Const,/job:localhost/replica:0/task:0/device:MUSA:0,4.0,0.004
BMaIQdlJqO,Const,/job:localhost/replica:0/task:0/device:MUSA:0,4.0,0.004
bHidSF7Whx,Const,/job:localhost/replica:0/task:0/device:MUSA:0,4.0,0.004
luLB3CyUeX,Const,/job:localhost/replica:0/task:0/device:MUSA:0,4.0,0.004
ZNYysDtjfM,Const,/job:localhost/replica:0/task:0/device:MUSA:0,4.0,0.004
JSFPO4Kgzn,Const,/job:localhost/replica:0/task:0/device:MUSA:0,4.0,0.004
3gS4bWK6dP,Const,/job:localhost/replica:0/task:0/device:MUSA:0,4.0,0.004
nGKsCdeXy8,Const,/job:localhost/replica:0/task:0/device:MUSA:0,4.0,0.004
l27URKqLb6,Const,/job:localhost/replica:0/task:0/device:MUSA:0,4.0,0.004
kJszn7WFgL,Const,/job:localhost/replica:0/task:0/device:MUSA:0,4.0,0.004
pVx05elrL7,Const,/job:localhost/replica:0/task:0/device:MUSA:0,4.0,0.004
PxmawzjSC7,Const,/job:localhost/replica:0/task:0/device:MUSA:0,4.0,0.004
ConstantFolding/QeE9UaqsWP_recip,RealDiv,/job:localhost/replica:0/task:0/device:MUSA:0,4.0,0.004
A8BvLFJngE,Const,/job:localhost/replica:0/task:0/device:MUSA:0,4.0,0.004
LK4BU21MNv,Const,/job:localhost/replica:0/task:0/device:MUSA:0,4.0,0.004
cay2nNMCGU,Const,/job:localhost/replica:0/task:0/device:MUSA:0,4.0,0.004
VMtN9Luj03,Const,/job:localhost/replica:0/task:0/device:MUSA:0,4.0,0.004
jdfzc5qeaP,Const,/job:localhost/replica:0/task:0/device:MUSA:0,4.0,0.004
J5Ualbwsv2,Const,/job:localhost/replica:0/task:0/device:MUSA:0,4.0,0.004
7W29SZ5Jro,Const,/job:localhost/replica:0/task:0/device:MUSA:0,4.0,0.004
hmpzGn4VSo,Const,/job:localhost/replica:0/task:0/device:MUSA:0,4.0,0.004
1mpPIkAidW,Const,/job:localhost/replica:0/task:0/device:MUSA:0,4.0,0.004
8MjSWeN9K3,Const,/job:localhost/replica:0/task:0/device:MUSA:0,4.0,0.004
CHYfe28gDm,Const,/job:localhost/replica:0/task:0/device:MUSA:0,4.0,0.004
cv4Xr2DphE,Const,/job:localhost/replica:0/task:0/device:MUSA:0,4.0,0.004
acG8AnyCoW,Const,/job:localhost/replica:0/task:0/device:MUSA:0,4.0,0.004
UnpiYIauo9,Const,/job:localhost/replica:0/task:0/device:MUSA:0,4.0,0.004
ai0EGI4qnS,Const,/job:localhost/replica:0/task:0/device:MUSA:0,4.0,0.004
uOih3J5MeS,Const,/job:localhost/replica:0/task:0/device:MUSA:0,4.0,0.004
kZB5XW0Pls,Const,/job:localhost/replica:0/task:0/device:MUSA:0,4.0,0.004
eFElx8Dwvn,Const,/job:localhost/replica:0/task:0/device:MUSA:0,4.0,0.004
2tMYBjPWa6,Const,/job:localhost/replica:0/task:0/device:MUSA:0,4.0,0.004
Gx68aPCZJV,Const,/job:localhost/replica:0/task:0/device:MUSA:0,4.0,0.004
I8UCcnmepR,Const,/job:localhost/replica:0/task:0/device:MUSA:0,4.0,0.004
RHJ6AzEOa1,Const,/job:localhost/replica:0/task:0/device:MUSA:0,4.0,0.004
M6ubhEfAWm,Const,/job:localhost/replica:0/task:0/device:MUSA:0,4.0,0.004
lvBzq5mVfy,Const,/job:localhost/replica:0/task:0/device:MUSA:0,4.0,0.004
8ReIlyadQ0,Const,/job:localhost/replica:0/task:0/device:MUSA:0,4.0,0.004
F30cgCOM7s,ExpandDims,/job:localhost/replica:0/task:0/device:MUSA:0,4.0,0.004
V4XSojwCab,ExpandDims,/job:localhost/replica:0/task:0/device:MUSA:0,4.0,0.004
dL6BeGAmM8,Neg,/job:localhost/replica:0/task:0/device:MUSA:0,4.0,0.004
1ABw0sqVf4,ExpandDims,/job:localhost/replica:0/task:0/device:MUSA:0,4.0,0.004
M31XraLntT,Pack,/job:localhost/replica:0/task:0/device:MUSA:0,4.0,0.004
RrKEBokeA8,Pack,/job:localhost/replica:0/task:0/device:MUSA:0,4.0,0.004
1bXivWxrTy,Pack,/job:localhost/replica:0/task:0/device:MUSA:0,4.0,0.004
XTg8kQCK3W,Pack,/job:localhost/replica:0/task:0/device:MUSA:0,4.0,0.004
fZhPuLAzVE,Pack,/job:localhost/replica:0/task:0/device:MUSA:0,4.0,0.004
sPUWNRmrJQ,Pack,/job:localhost/replica:0/task:0/device:MUSA:0,4.0,0.004
Ya4rU13QsH,RealDiv,/job:localhost/replica:0/task:0/device:MUSA:0,4.0,0.004
UDhQxspq1J,Add,/job:localhost/replica:0/task:0/device:MUSA:0,4.0,0.004
In4xFzg7Sc,LeakyRelu,/job:localhost/replica:0/task:0/device:MUSA:0,4.0,0.004
5Nr14auqEf,Neg,/job:localhost/replica:0/task:0/device:MUSA:0,4.0,0.004
GfCLerSFQ8,Const,/job:localhost/replica:0/task:0/device:MUSA:0,3.0,0.003
rG7Aevt0CR,Const,/job:localhost/replica:0/task:0/device:MUSA:0,3.0,0.003
IYt8UWGwQ9,Const,/job:localhost/replica:0/task:0/device:MUSA:0,3.0,0.003
jlfvtGBc7S,Const,/job:localhost/replica:0/task:0/device:MUSA:0,3.0,0.003
qAdvxb3net,Const,/job:localhost/replica:0/task:0/device:MUSA:0,3.0,0.003
6ZKLegESI7,Const,/job:localhost/replica:0/task:0/device:MUSA:0,3.0,0.003
iMmTLgWdrc,Const,/job:localhost/replica:0/task:0/device:MUSA:0,3.0,0.003
LswayI81pu,Const,/job:localhost/replica:0/task:0/device:MUSA:0,3.0,0.003
ghyA3TM19c,Const,/job:localhost/replica:0/task:0/device:MUSA:0,3.0,0.003
1TxCVOKg60,Const,/job:localhost/replica:0/task:0/device:MUSA:0,3.0,0.003
Yg3aZ5oHxt,Const,/job:localhost/replica:0/task:0/device:MUSA:0,3.0,0.003
3fKdvBkxZ6,Const,/job:localhost/replica:0/task:0/device:MUSA:0,3.0,0.003
fU19X85WGK,Const,/job:localhost/replica:0/task:0/device:MUSA:0,3.0,0.003
U5MdTaFXep,Const,/job:localhost/replica:0/task:0/device:MUSA:0,3.0,0.003
zDKj87610i,Const,/job:localhost/replica:0/task:0/device:MUSA:0,3.0,0.003
2KxJBTeVMw,Const,/job:localhost/replica:0/task:0/device:MUSA:0,3.0,0.003
R13rTLPGz8,Const,/job:localhost/replica:0/task:0/device:MUSA:0,3.0,0.003
kpBYRL9r0y,Const,/job:localhost/replica:0/task:0/device:MUSA:0,3.0,0.003
sIj6xnJEfB,Const,/job:localhost/replica:0/task:0/device:MUSA:0,3.0,0.003
4wQyvYuTOm,Const,/job:localhost/replica:0/task:0/device:MUSA:0,3.0,0.003
Pv2R8MofJY,Const,/job:localhost/replica:0/task:0/device:MUSA:0,3.0,0.003
ConstantFolding/atQ2ZDuGK9_recip,RealDiv,/job:localhost/replica:0/task:0/device:MUSA:0,3.0,0.003
fcpUrTzGyn,Const,/job:localhost/replica:0/task:0/device:MUSA:0,3.0,0.003
S06dr7Clsf,Const,/job:localhost/replica:0/task:0/device:MUSA:0,3.0,0.003
SdChUkjtwM,Const,/job:localhost/replica:0/task:0/device:MUSA:0,3.0,0.003
rWXMZnPKNR,Const,/job:localhost/replica:0/task:0/device:MUSA:0,3.0,0.003
mEHtGlYusg,Const,/job:localhost/replica:0/task:0/device:MUSA:0,3.0,0.003
DKedxcQagv,Const,/job:localhost/replica:0/task:0/device:MUSA:0,3.0,0.003
kXMgInUch6,Shape,/job:localhost/replica:0/task:0/device:MUSA:0,3.0,0.003
pkcHG4m2Bj,Reshape,/job:localhost/replica:0/task:0/device:MUSA:0,3.0,0.003
QSEtcpTa5l,Shape,/job:localhost/replica:0/task:0/device:MUSA:0,3.0,0.003
7gQZELkxY5,Shape,/job:localhost/replica:0/task:0/device:MUSA:0,3.0,0.003
enYkxGa5rz,ExpandDims,/job:localhost/replica:0/task:0/device:MUSA:0,3.0,0.003
h2YW9PeRBw,Shape,/job:localhost/replica:0/task:0/device:MUSA:0,3.0,0.003
Lv02NfX9o5,Shape,/job:localhost/replica:0/task:0/device:MUSA:0,3.0,0.003
v9ziR46l0w,Shape,/job:localhost/replica:0/task:0/device:MUSA:0,3.0,0.003
PCeh8Xqxbg,ExpandDims,/job:localhost/replica:0/task:0/device:MUSA:0,3.0,0.003
yRtOCdNA4E,ExpandDims,/job:localhost/replica:0/task:0/device:MUSA:0,3.0,0.003
DS5cJ0erpy,Pack,/job:localhost/replica:0/task:0/device:MUSA:0,3.0,0.003
S135kzBaKZ,Pack,/job:localhost/replica:0/task:0/device:MUSA:0,3.0,0.003
PwXEDRQgMK,Pack,/job:localhost/replica:0/task:0/device:MUSA:0,3.0,0.003
fy35JGolx1,Pack,/job:localhost/replica:0/task:0/device:MUSA:0,3.0,0.003
zGgWvrDI4T,Pack,/job:localhost/replica:0/task:0/device:MUSA:0,3.0,0.003
aeOZ3Qyozv,Neg,/job:localhost/replica:0/task:0/device:MUSA:0,3.0,0.003
q9tge6Wi8x,Const,/job:localhost/replica:0/task:0/device:MUSA:0,2.0,0.002
QTM52Rav3L,Shape,/job:localhost/replica:0/task:0/device:MUSA:0,2.0,0.002
cH5q7vQR3r,Shape,/job:localhost/replica:0/task:0/device:MUSA:0,2.0,0.002
DO8MPw0cuI,Reshape,/job:localhost/replica:0/task:0/device:MUSA:0,2.0,0.002
4v8xJjlmbG,Reshape,/job:localhost/replica:0/task:0/device:MUSA:0,2.0,0.002
34jzwneiT9,Shape,/job:localhost/replica:0/task:0/device:MUSA:0,2.0,0.002
cnzsrMPT1k,Shape,/job:localhost/replica:0/task:0/device:MUSA:0,2.0,0.002
wfqhgmceZi,Reshape,/job:localhost/replica:0/task:0/device:MUSA:0,2.0,0.002
9O5oHsUjGi,Shape,/job:localhost/replica:0/task:0/device:MUSA:0,2.0,0.002
UpBuVoj2zh,Reshape,/job:localhost/replica:0/task:0/device:MUSA:0,2.0,0.002
oZUkn45Kdw,Shape,/job:localhost/replica:0/task:0/device:MUSA:0,2.0,0.002
CPyVeto3R2,Shape,/job:localhost/replica:0/task:0/device:MUSA:0,2.0,0.002
sLaTjZy3Mk,Shape,/job:localhost/replica:0/task:0/device:MUSA:0,2.0,0.002
DcABhpTUZO,ExpandDims,/job:localhost/replica:0/task:0/device:MUSA:0,2.0,0.002
qCYcAQmI6z,Reshape,/job:localhost/replica:0/task:0/device:MUSA:0,2.0,0.002
4DcWguXvIG,Shape,/job:localhost/replica:0/task:0/device:MUSA:0,2.0,0.002
Delo81N3dx,Shape,/job:localhost/replica:0/task:0/device:MUSA:0,2.0,0.002
UguVmv7xj6,Reshape,/job:localhost/replica:0/task:0/device:MUSA:0,2.0,0.002
L5OFbJ3yxK,Shape,/job:localhost/replica:0/task:0/device:MUSA:0,2.0,0.002
O4KTe8uJXW,Shape,/job:localhost/replica:0/task:0/device:MUSA:0,2.0,0.002
HSwjZO7RCA,Reshape,/job:localhost/replica:0/task:0/device:MUSA:0,2.0,0.002
VUdkXpaZP5,ExpandDims,/job:localhost/replica:0/task:0/device:MUSA:0,2.0,0.002
H4KyujpS7D,ExpandDims,/job:localhost/replica:0/task:0/device:MUSA:0,2.0,0.002
CQlOB5G7ND,ExpandDims,/job:localhost/replica:0/task:0/device:MUSA:0,2.0,0.002
p3hYM6B7Wx,ExpandDims,/job:localhost/replica:0/task:0/device:MUSA:0,2.0,0.002
b1QlqmHywo,Shape,/job:localhost/replica:0/task:0/device:MUSA:0,2.0,0.002
idREh4nMFw,Shape,/job:localhost/replica:0/task:0/device:MUSA:0,2.0,0.002
GefsKyE2WN,Reshape,/job:localhost/replica:0/task:0/device:MUSA:0,2.0,0.002
VIGqDiLK23,Reshape,/job:localhost/replica:0/task:0/device:MUSA:0,2.0,0.002
PBuqenTDrQ,Reshape,/job:localhost/replica:0/task:0/device:MUSA:0,2.0,0.002
yP1OgR86bo,Reshape,/job:localhost/replica:0/task:0/device:MUSA:0,2.0,0.002
STRFz0ZsYu,Pack,/job:localhost/replica:0/task:0/device:MUSA:0,2.0,0.002
l15matp4BZ,Pack,/job:localhost/replica:0/task:0/device:MUSA:0,2.0,0.002
pXSbiaG43s,Pack,/job:localhost/replica:0/task:0/device:MUSA:0,2.0,0.002
ezLMX7SNbD,Pack,/job:localhost/replica:0/task:0/device:MUSA:0,2.0,0.002
_retval_xTIzY3WDHK_0_4,Tanh,/job:localhost/replica:0/task:0/device:CPU:0,2.0,0.002
CNJSuzU9fa,Reshape,/job:localhost/replica:0/task:0/device:MUSA:0,1.0,0.001
IdqRgVY4zS,Reshape,/job:localhost/replica:0/task:0/device:MUSA:0,1.0,0.001
LC5DcTRyXK,Reshape,/job:localhost/replica:0/task:0/device:MUSA:0,1.0,0.001
xyMcjIohwl,Reshape,/job:localhost/replica:0/task:0/device:MUSA:0,1.0,0.001
Aq4MOi35EB,Reshape,/job:localhost/replica:0/task:0/device:MUSA:0,1.0,0.001
7PLqaDdHlK,Reshape,/job:localhost/replica:0/task:0/device:MUSA:0,1.0,0.001
YyEQLBSst9,Reshape,/job:localhost/replica:0/task:0/device:MUSA:0,1.0,0.001
ZYVD1RPKoN,Reshape,/job:localhost/replica:0/task:0/device:MUSA:0,1.0,0.001
cZv13mNUsW,Reshape,/job:localhost/replica:0/task:0/device:MUSA:0,1.0,0.001
ZbEjpQ1gBC,Reshape,/job:localhost/replica:0/task:0/device:MUSA:0,1.0,0.001
wDPfFE7l4v,Reshape,/job:localhost/replica:0/task:0/device:MUSA:0,1.0,0.001
OwEUWK6SYs,Reshape,/job:localhost/replica:0/task:0/device:MUSA:0,1.0,0.001
seEuVOZ6gG,Reshape,/job:localhost/replica:0/task:0/device:MUSA:0,1.0,0.001
0QqSp8Hbi1,Reshape,/job:localhost/replica:0/task:0/device:MUSA:0,1.0,0.001
7C39Uuz2D8,Reshape,/job:localhost/replica:0/task:0/device:MUSA:0,1.0,0.001
wIkuNmrfRB,Reshape,/job:localhost/replica:0/task:0/device:MUSA:0,1.0,0.001
bOVjyqcu4K,Reshape,/job:localhost/replica:0/task:0/device:MUSA:0,1.0,0.001
AkUIh1sidw,Reshape,/job:localhost/replica:0/task:0/device:MUSA:0,1.0,0.001
27dLmRATtV,Reshape,/job:localhost/replica:0/task:0/device:MUSA:0,1.0,0.001
lgfbd4me0N,Reshape,/job:localhost/replica:0/task:0/device:MUSA:0,1.0,0.001
tNeMwhfzmc,Reshape,/job:localhost/replica:0/task:0/device:MUSA:0,1.0,0.001
nLyfNX9zsa,Reshape,/job:localhost/replica:0/task:0/device:MUSA:0,1.0,0.001
crIzEuDM0P,Reshape,/job:localhost/replica:0/task:0/device:MUSA:0,1.0,0.001
8NgeQZBOvG,Reshape,/job:localhost/replica:0/task:0/device:MUSA:0,1.0,0.001
7IVwa5y6YP,Reshape,/job:localhost/replica:0/task:0/device:MUSA:0,1.0,0.001
Dj2niTKurB,Reshape,/job:localhost/replica:0/task:0/device:MUSA:0,1.0,0.001
tebOpyHoxR,Reshape,/job:localhost/replica:0/task:0/device:MUSA:0,1.0,0.001
C04V561stH,Reshape,/job:localhost/replica:0/task:0/device:MUSA:0,1.0,0.001
59prz36GHN,Reshape,/job:localhost/replica:0/task:0/device:MUSA:0,1.0,0.001
x8CGaByt5J,Reshape,/job:localhost/replica:0/task:0/device:MUSA:0,1.0,0.001
1EQqbzkoKu,Reshape,/job:localhost/replica:0/task:0/device:MUSA:0,1.0,0.001
FtVP7hpERT,Reshape,/job:localhost/replica:0/task:0/device:MUSA:0,1.0,0.001
Hd9b2fOEz1,Reshape,/job:localhost/replica:0/task:0/device:MUSA:0,1.0,0.001
HPkYaedI2U,Reshape,/job:localhost/replica:0/task:0/device:MUSA:0,1.0,0.001
mwY32PcXEV,Reshape,/job:localhost/replica:0/task:0/device:MUSA:0,1.0,0.001
za6gEKIyuP,Reshape,/job:localhost/replica:0/task:0/device:MUSA:0,1.0,0.001
Hkt7mP5C8i,Reshape,/job:localhost/replica:0/task:0/device:MUSA:0,1.0,0.001
DUrdBFm8qh,Reshape,/job:localhost/replica:0/task:0/device:MUSA:0,1.0,0.001
Dflbgo8QEv,Reshape,/job:localhost/replica:0/task:0/device:MUSA:0,1.0,0.001
q3cECFSdMa,Reshape,/job:localhost/replica:0/task:0/device:MUSA:0,1.0,0.001
1rybIEqt8m,Reshape,/job:localhost/replica:0/task:0/device:MUSA:0,1.0,0.001
IhEJ29LfGl,Reshape,/job:localhost/replica:0/task:0/device:MUSA:0,1.0,0.001
W3n4kpXl9z,Reshape,/job:localhost/replica:0/task:0/device:MUSA:0,1.0,0.001
EU53gWi0xL,Reshape,/job:localhost/replica:0/task:0/device:MUSA:0,1.0,0.001
JOAl0gMaUN,Reshape,/job:localhost/replica:0/task:0/device:MUSA:0,1.0,0.001
FDeRmrKwdc,Reshape,/job:localhost/replica:0/task:0/device:MUSA:0,1.0,0.001
eDYwJSBthm,Reshape,/job:localhost/replica:0/task:0/device:MUSA:0,1.0,0.001
EziDCxS1b5,Reshape,/job:localhost/replica:0/task:0/device:MUSA:0,1.0,0.001
NhzuJKpB4M,Reshape,/job:localhost/replica:0/task:0/device:MUSA:0,1.0,0.001
YpQrj4JuK5,Reshape,/job:localhost/replica:0/task:0/device:MUSA:0,1.0,0.001
uoTDYKth2g,Reshape,/job:localhost/replica:0/task:0/device:MUSA:0,1.0,0.001
CDxvMp5lA6,Reshape,/job:localhost/replica:0/task:0/device:MUSA:0,1.0,0.001
rKU59wIQEj,Reshape,/job:localhost/replica:0/task:0/device:MUSA:0,1.0,0.001
vPBUELftZg,Reshape,/job:localhost/replica:0/task:0/device:MUSA:0,1.0,0.001
tkH8Evuixf,Reshape,/job:localhost/replica:0/task:0/device:MUSA:0,1.0,0.001
jOq6f3SdDF,Reshape,/job:localhost/replica:0/task:0/device:MUSA:0,1.0,0.001
pqX7m4bdSH,Reshape,/job:localhost/replica:0/task:0/device:MUSA:0,1.0,0.001
yFfk53EnZm,Reshape,/job:localhost/replica:0/task:0/device:MUSA:0,1.0,0.001
HXxnNodlsz,Reshape,/job:localhost/replica:0/task:0/device:MUSA:0,1.0,0.001
2JHLO53UuA,Reshape,/job:localhost/replica:0/task:0/device:MUSA:0,1.0,0.001
_arg_bhuXRdz0E5_0_227,Placeholder,/job:localhost/replica:0/task:0/device:CPU:0,1.0,0.001
_arg_cN2JSTnFOu_0_232,Placeholder,/job:localhost/replica:0/task:0/device:CPU:0,1.0,0.001
_arg_eQI8ikEMgP_0_243,Placeholder,/job:localhost/replica:0/task:0/device:CPU:0,1.0,0.001
_arg_gU9SoiHyRO_0_257,Placeholder,/job:localhost/replica:0/task:0/device:CPU:0,1.0,0.001
_arg_gqk5byC8aJ_0_260,Placeholder,/job:localhost/replica:0/task:0/device:CPU:0,1.0,0.001
_arg_iCbkMrmXBh_0_268,Placeholder,/job:localhost/replica:0/task:0/device:CPU:0,1.0,0.001
_arg_bsFqHW5i6g_0_228,Placeholder,/job:localhost/replica:0/task:0/device:CPU:0,1.0,0.001
_arg_nltbg9ZWQX_0_308,Placeholder,/job:localhost/replica:0/task:0/device:CPU:0,1.0,0.001
_arg_oQ5OcjZJe8_0_312,Placeholder,/job:localhost/replica:0/task:0/device:CPU:0,1.0,0.001
_arg_eQquakfWBY_0_244,Placeholder,/job:localhost/replica:0/task:0/device:CPU:0,1.0,0.001
_arg_gdck97AK4w_0_258,Placeholder,/job:localhost/replica:0/task:0/device:CPU:0,1.0,0.001
_arg_v4fNptDqcL_0_348,Placeholder,/job:localhost/replica:0/task:0/device:CPU:0,1.0,0.001
_arg_vPaCFg3sAl_0_352,Placeholder,/job:localhost/replica:0/task:0/device:CPU:0,1.0,0.001
_arg_yFeB2xg6sO_0_369,Placeholder,/job:localhost/replica:0/task:0/device:CPU:0,1.0,0.001
_arg_fvGJwyjlm4_0_255,Placeholder,/job:localhost/replica:0/task:0/device:CPU:0,1.0,0.001
_arg_nv2tzWRf1I_0_309,Placeholder,/job:localhost/replica:0/task:0/device:CPU:0,1.0,0.001
_arg_hADUwpE6P7_0_263,Placeholder,/job:localhost/replica:0/task:0/device:CPU:0,1.0,0.001
_arg_y5fPVEH2j4_0_367,Placeholder,/job:localhost/replica:0/task:0/device:CPU:0,1.0,0.001
_arg_zIoqYe9cRb_0_372,Placeholder,/job:localhost/replica:0/task:0/device:CPU:0,1.0,0.001
_arg_jznORDJr0N_0_276,Placeholder,/job:localhost/replica:0/task:0/device:CPU:0,1.0,0.001
_arg_khJcIxW3zv_0_279,Placeholder,/job:localhost/replica:0/task:0/device:CPU:0,1.0,0.001
_arg_kw7Kzgp1JD_0_280,Placeholder,/job:localhost/replica:0/task:0/device:CPU:0,1.0,0.001
_arg_kX6xhVY7bJ_0_278,Placeholder,/job:localhost/replica:0/task:0/device:CPU:0,1.0,0.001
_arg_lhbKMrO1my_0_286,Placeholder,/job:localhost/replica:0/task:0/device:CPU:0,1.0,0.001
_arg_mNgQ4ohWqU_0_295,Placeholder,/job:localhost/replica:0/task:0/device:CPU:0,1.0,0.001
_arg_loNH8y6bTn_0_288,Placeholder,/job:localhost/replica:0/task:0/device:CPU:0,1.0,0.001
_arg_1QWFmJ96aB_0_8,Placeholder,/job:localhost/replica:0/task:0/device:CPU:0,1.0,0.001
_arg_4U3hVYNn2F_0_26,Placeholder,/job:localhost/replica:0/task:0/device:CPU:0,1.0,0.001
_arg_5cO3meIa4V_0_33,Placeholder,/job:localhost/replica:0/task:0/device:CPU:0,1.0,0.001
_arg_CHAYRkBvIo_0_65,Placeholder,/job:localhost/replica:0/task:0/device:CPU:0,1.0,0.001
_arg_Cw59eOo7M1_0_69,Placeholder,/job:localhost/replica:0/task:0/device:CPU:0,1.0,0.001
_arg_EsROupwkSG_0_81,Placeholder,/job:localhost/replica:0/task:0/device:CPU:0,1.0,0.001
_arg_HFesjVwyB6_0_91,Placeholder,/job:localhost/replica:0/task:0/device:CPU:0,1.0,0.001
_arg_HZ0l3MmcPY_0_95,Placeholder,/job:localhost/replica:0/task:0/device:CPU:0,1.0,0.001
_arg_FWhBxj4Tun_0_86,Placeholder,/job:localhost/replica:0/task:0/device:CPU:0,1.0,0.001
_arg_2lVXMZgJfO_0_17,Placeholder,/job:localhost/replica:0/task:0/device:CPU:0,1.0,0.001
_arg_4Rg0WA19ot_0_24,Placeholder,/job:localhost/replica:0/task:0/device:CPU:0,1.0,0.001
_arg_86KRkhYbW4_0_45,Placeholder,/job:localhost/replica:0/task:0/device:CPU:0,1.0,0.001
_arg_1f2xpcXgdE_0_11,Placeholder,/job:localhost/replica:0/task:0/device:CPU:0,1.0,0.001
_arg_NG35MnhTIF_0_134,Placeholder,/job:localhost/replica:0/task:0/device:CPU:0,1.0,0.001
_arg_JCVMzpWyri_0_110,Placeholder,/job:localhost/replica:0/task:0/device:CPU:0,1.0,0.001
_arg_IYWQSCjynR_0_106,Placeholder,/job:localhost/replica:0/task:0/device:CPU:0,1.0,0.001
_arg_KFhBukd7EV_0_118,Placeholder,/job:localhost/replica:0/task:0/device:CPU:0,1.0,0.001
_arg_89nc05gQza_0_46,Placeholder,/job:localhost/replica:0/task:0/device:CPU:0,1.0,0.001
_arg_NJBt1ubXFW_0_135,Placeholder,/job:localhost/replica:0/task:0/device:CPU:0,1.0,0.001
_arg_IFQJaVMDS5_0_102,Placeholder,/job:localhost/replica:0/task:0/device:CPU:0,1.0,0.001
_arg_JSPsGophtx_0_112,Placeholder,/job:localhost/replica:0/task:0/device:CPU:0,1.0,0.001
_arg_KBG8U2uYOC_0_116,Placeholder,/job:localhost/replica:0/task:0/device:CPU:0,1.0,0.001
_arg_LjbB2i31Wu_0_129,Placeholder,/job:localhost/replica:0/task:0/device:CPU:0,1.0,0.001
_arg_0pnqc4Em1y_0_5,Placeholder,/job:localhost/replica:0/task:0/device:CPU:0,1.0,0.001
_arg_IMdFk7D16X_0_103,Placeholder,/job:localhost/replica:0/task:0/device:CPU:0,1.0,0.001
_arg_IQawVv9sqx_0_104,Placeholder,/job:localhost/replica:0/task:0/device:CPU:0,1.0,0.001
_arg_J3H2EjAXt8_0_109,Placeholder,/job:localhost/replica:0/task:0/device:CPU:0,1.0,0.001
_arg_3VED7WSJ1b_0_20,Placeholder,/job:localhost/replica:0/task:0/device:CPU:0,1.0,0.001
_arg_4RjhYVIfz6_0_25,Placeholder,/job:localhost/replica:0/task:0/device:CPU:0,1.0,0.001
_arg_msiPzSBKMj_0_300,Placeholder,/job:localhost/replica:0/task:0/device:CPU:0,1.0,0.001
_arg_92MwiALCHX_0_51,Placeholder,/job:localhost/replica:0/task:0/device:CPU:0,1.0,0.001
_arg_1PJsBhDaCK_0_7,Placeholder,/job:localhost/replica:0/task:0/device:CPU:0,1.0,0.001
_arg_EhUjmCTaGW_0_80,Placeholder,/job:localhost/replica:0/task:0/device:CPU:0,1.0,0.001
_arg_uM7aDfZz1t_0_342,Placeholder,/job:localhost/replica:0/task:0/device:CPU:0,1.0,0.001
_arg_6HSQqXdJzb_0_36,Placeholder,/job:localhost/replica:0/task:0/device:CPU:0,1.0,0.001
_arg_AB6lekmMxa_0_59,Placeholder,/job:localhost/replica:0/task:0/device:CPU:0,1.0,0.001
_arg_ry2xad1vc9_0_330,Placeholder,/job:localhost/replica:0/task:0/device:CPU:0,1.0,0.001
_arg_uVm4kOBe8l_0_343,Placeholder,/job:localhost/replica:0/task:0/device:CPU:0,1.0,0.001
_arg_9dgeU4bKka_0_56,Placeholder,/job:localhost/replica:0/task:0/device:CPU:0,1.0,0.001
_arg_AVLcBpWeuo_0_60,Placeholder,/job:localhost/replica:0/task:0/device:CPU:0,1.0,0.001
_arg_pH5srbufJ1_0_314,Placeholder,/job:localhost/replica:0/task:0/device:CPU:0,1.0,0.001
_arg_pYw7fMVoQg_0_319,Placeholder,/job:localhost/replica:0/task:0/device:CPU:0,1.0,0.001
_arg_vi7GCYp4FT_0_354,Placeholder,/job:localhost/replica:0/task:0/device:CPU:0,1.0,0.001
_arg_mTMtDEo3r8_0_297,Placeholder,/job:localhost/replica:0/task:0/device:CPU:0,1.0,0.001
_arg_n4iptOVFwE_0_303,Placeholder,/job:localhost/replica:0/task:0/device:CPU:0,1.0,0.001
_arg_o74vNAnXxy_0_311,Placeholder,/job:localhost/replica:0/task:0/device:CPU:0,1.0,0.001
_arg_pHflUqMEaX_0_315,Placeholder,/job:localhost/replica:0/task:0/device:CPU:0,1.0,0.001
_arg_qfwYOHde3u_0_323,Placeholder,/job:localhost/replica:0/task:0/device:CPU:0,1.0,0.001
_arg_vOI1hWzBDK_0_351,Placeholder,/job:localhost/replica:0/task:0/device:CPU:0,1.0,0.001
_arg_xymEBUMS25_0_365,Placeholder,/job:localhost/replica:0/task:0/device:CPU:0,1.0,0.001
_arg_mDpoFQLqWK_0_293,Placeholder,/job:localhost/replica:0/task:0/device:CPU:0,1.0,0.001
_arg_O5aJeUQh2G_0_141,Placeholder,/job:localhost/replica:0/task:0/device:CPU:0,1.0,0.001
_arg_ObZQkfyaKG_0_142,Placeholder,/job:localhost/replica:0/task:0/device:CPU:0,1.0,0.001
_arg_OfNJgEDtw2_0_143,Placeholder,/job:localhost/replica:0/task:0/device:CPU:0,1.0,0.001
_arg_PnxiROp9zw_0_146,Placeholder,/job:localhost/replica:0/task:0/device:CPU:0,1.0,0.001
_arg_QMjOWELyPk_0_150,Placeholder,/job:localhost/replica:0/task:0/device:CPU:0,1.0,0.001
_arg_Qp3K1PHvte_0_151,Placeholder,/job:localhost/replica:0/task:0/device:CPU:0,1.0,0.001
_arg_WixXdEln2I_0_193,Placeholder,/job:localhost/replica:0/task:0/device:CPU:0,1.0,0.001
_arg_XPpbueLMOZ_0_200,Placeholder,/job:localhost/replica:0/task:0/device:CPU:0,1.0,0.001
_arg_TWPHfwn7r5_0_166,Placeholder,/job:localhost/replica:0/task:0/device:CPU:0,1.0,0.001
_arg_Tej5M3O6As_0_167,Placeholder,/job:localhost/replica:0/task:0/device:CPU:0,1.0,0.001
_arg_S3KJ2tl1VG_0_157,Placeholder,/job:localhost/replica:0/task:0/device:CPU:0,1.0,0.001
_arg_V84toiBOPm_0_182,Placeholder,/job:localhost/replica:0/task:0/device:CPU:0,1.0,0.001
_arg_TSqGwrHeo4_0_165,Placeholder,/job:localhost/replica:0/task:0/device:CPU:0,1.0,0.001
_arg_Uc42tiuavR_0_179,Placeholder,/job:localhost/replica:0/task:0/device:CPU:0,1.0,0.001
_arg_W3KAtTdC92_0_190,Placeholder,/job:localhost/replica:0/task:0/device:CPU:0,1.0,0.001
_arg_WjNeBZroCJ_0_194,Placeholder,/job:localhost/replica:0/task:0/device:CPU:0,1.0,0.001
_arg_WycVU13dfZ_0_197,Placeholder,/job:localhost/replica:0/task:0/device:CPU:0,1.0,0.001
_arg_UpWkNPIeJO_0_180,Placeholder,/job:localhost/replica:0/task:0/device:CPU:0,1.0,0.001
_arg_VfFM90O7LN_0_187,Placeholder,/job:localhost/replica:0/task:0/device:CPU:0,1.0,0.001
_arg_X29iyIeu8L_0_198,Placeholder,/job:localhost/replica:0/task:0/device:CPU:0,1.0,0.001
_arg_Vi28Dy4Ll5_0_188,Placeholder,/job:localhost/replica:0/task:0/device:CPU:0,1.0,0.001
_arg_XevLAmJgSy_0_202,Placeholder,/job:localhost/replica:0/task:0/device:CPU:0,1.0,0.001
_arg_dAFYcGrfEl_0_237,Placeholder,/job:localhost/replica:0/task:0/device:CPU:0,1.0,0.001
_arg_ZRYNFfjSez_0_210,Placeholder,/job:localhost/replica:0/task:0/device:CPU:0,1.0,0.001
_arg_aqMQBgb3hf_0_222,Placeholder,/job:localhost/replica:0/task:0/device:CPU:0,1.0,0.001
_arg_bTeX85HPmJ_0_225,Placeholder,/job:localhost/replica:0/task:0/device:CPU:0,1.0,0.001
_arg_aHGpDUJj9f_0_215,Placeholder,/job:localhost/replica:0/task:0/device:CPU:0,1.0,0.001
_arg_dR9G1bayok_0_239,Placeholder,/job:localhost/replica:0/task:0/device:CPU:0,1.0,0.001
_arg_bJxY1IhSVn_0_224,Placeholder,/job:localhost/replica:0/task:0/device:CPU:0,1.0,0.001
_retval_ZmLgFO8Knq_0_1,StridedSlice,/job:localhost/replica:0/task:0/device:CPU:0,1.0,0.001
_retval_atQ2ZDuGK9_0_2,RealDiv,/job:localhost/replica:0/task:0/device:CPU:0,1.0,0.001
_retval_MAH6wlfRTW_0_0,Sub,/job:localhost/replica:0/task:0/device:CPU:0,1.0,0.001
_retval_cKmhIV07rZ_0_3,RealDiv,/job:localhost/replica:0/task:0/device:CPU:0,1.0,0.001
_SOURCE,Unknown,/job:localhost/replica:0/task:0/device:MUSA:0,0.0,0.0
9aqs3CFtnI,Reshape,/job:localhost/replica:0/task:0/device:MUSA:0,0.0,0.0
oFjn8ekiRG,Reshape,/job:localhost/replica:0/task:0/device:MUSA:0,0.0,0.0
Of8h693vxA,Reshape,/job:localhost/replica:0/task:0/device:MUSA:0,0.0,0.0
pyVSgJkZNn,Reshape,/job:localhost/replica:0/task:0/device:MUSA:0,0.0,0.0
CSOjFEhzwB,Reshape,/job:localhost/replica:0/task:0/device:MUSA:0,0.0,0.0
k3PGBRpbYO,Reshape,/job:localhost/replica:0/task:0/device:MUSA:0,0.0,0.0
mlFs912Xvw,Reshape,/job:localhost/replica:0/task:0/device:MUSA:0,0.0,0.0
V7ULQkFmGc,Reshape,/job:localhost/replica:0/task:0/device:MUSA:0,0.0,0.0
JuoIhlA8DP,Reshape,/job:localhost/replica:0/task:0/device:MUSA:0,0.0,0.0
iO0AVbek9S,Reshape,/job:localhost/replica:0/task:0/device:MUSA:0,0.0,0.0
2F8wjIPiJh,Reshape,/job:localhost/replica:0/task:0/device:MUSA:0,0.0,0.0
SWJKQTs89H,Reshape,/job:localhost/replica:0/task:0/device:MUSA:0,0.0,0.0
gUShdMKaHO,Reshape,/job:localhost/replica:0/task:0/device:MUSA:0,0.0,0.0
5NnPcO06RH,Reshape,/job:localhost/replica:0/task:0/device:MUSA:0,0.0,0.0
Jq7Qeicpzx,Reshape,/job:localhost/replica:0/task:0/device:MUSA:0,0.0,0.0
xpzWbVeCgT,Reshape,/job:localhost/replica:0/task:0/device:MUSA:0,0.0,0.0
P7TDOQcAGN,Reshape,/job:localhost/replica:0/task:0/device:MUSA:0,0.0,0.0
ZFaquGobIQ,Reshape,/job:localhost/replica:0/task:0/device:MUSA:0,0.0,0.0
tXusSQClqT,Reshape,/job:localhost/replica:0/task:0/device:MUSA:0,0.0,0.0
x4ae0KXF7A,Reshape,/job:localhost/replica:0/task:0/device:MUSA:0,0.0,0.0
qVErS5lmQf,Reshape,/job:localhost/replica:0/task:0/device:MUSA:0,0.0,0.0
bglRqEBXIn,Reshape,/job:localhost/replica:0/task:0/device:MUSA:0,0.0,0.0
cwMpoWES6k,Reshape,/job:localhost/replica:0/task:0/device:MUSA:0,0.0,0.0
qGniDeo0tZ,Reshape,/job:localhost/replica:0/task:0/device:MUSA:0,0.0,0.0
cKmhIV07rZ,RealDiv,/job:localhost/replica:0/task:0/device:MUSA:0,0.0,0.0
_SOURCE,Unknown,/job:localhost/replica:0/task:0/device:CPU:0,0.0,0.0
_arg_d8RoEzG52p_0_236,Placeholder,/job:localhost/replica:0/task:0/device:CPU:0,0.0,0.0
_arg_dXvEYVC4st_0_240,Placeholder,/job:localhost/replica:0/task:0/device:CPU:0,0.0,0.0
_arg_ecPTQUALkq_0_246,Placeholder,/job:localhost/replica:0/task:0/device:CPU:0,0.0,0.0
_arg_fQkYLvqDjr_0_250,Placeholder,/job:localhost/replica:0/task:0/device:CPU:0,0.0,0.0
_arg_fqAX8l29PG_0_253,Placeholder,/job:localhost/replica:0/task:0/device:CPU:0,0.0,0.0
_arg_hEoRIXiSF0_0_264,Placeholder,/job:localhost/replica:0/task:0/device:CPU:0,0.0,0.0
_arg_nIJL1FUMdk_0_305,Placeholder,/job:localhost/replica:0/task:0/device:CPU:0,0.0,0.0
_arg_fFjVmAbhCX_0_247,Placeholder,/job:localhost/replica:0/task:0/device:CPU:0,0.0,0.0
_arg_fZhaL2tCm6_0_251,Placeholder,/job:localhost/replica:0/task:0/device:CPU:0,0.0,0.0
_arg_fsm0Ck1QGl_0_254,Placeholder,/job:localhost/replica:0/task:0/device:CPU:0,0.0,0.0
_arg_gsP96ZTbn0_0_261,Placeholder,/job:localhost/replica:0/task:0/device:CPU:0,0.0,0.0
_arg_hGtXM6ZJUv_0_265,Placeholder,/job:localhost/replica:0/task:0/device:CPU:0,0.0,0.0
_arg_vyDGpmRhC3_0_356,Placeholder,/job:localhost/replica:0/task:0/device:CPU:0,0.0,0.0
_arg_w27LgiJW6P_0_358,Placeholder,/job:localhost/replica:0/task:0/device:CPU:0,0.0,0.0
_arg_xGCyW9icVP_0_362,Placeholder,/job:localhost/replica:0/task:0/device:CPU:0,0.0,0.0
_arg_y3bafuwnEk_0_366,Placeholder,/job:localhost/replica:0/task:0/device:CPU:0,0.0,0.0
_arg_fKsuaR6OE2_0_248,Placeholder,/job:localhost/replica:0/task:0/device:CPU:0,0.0,0.0
_arg_fpcFBPsTyk_0_252,Placeholder,/job:localhost/replica:0/task:0/device:CPU:0,0.0,0.0
_arg_gkGLzseUSO_0_259,Placeholder,/job:localhost/replica:0/task:0/device:CPU:0,0.0,0.0
_arg_gwNpMszEo3_0_262,Placeholder,/job:localhost/replica:0/task:0/device:CPU:0,0.0,0.0
_arg_hKxguEQn94_0_266,Placeholder,/job:localhost/replica:0/task:0/device:CPU:0,0.0,0.0
_arg_omr2g4XaH5_0_313,Placeholder,/job:localhost/replica:0/task:0/device:CPU:0,0.0,0.0
_arg_pIb4NdDSn5_0_316,Placeholder,/job:localhost/replica:0/task:0/device:CPU:0,0.0,0.0
_arg_qd1komWTn4_0_321,Placeholder,/job:localhost/replica:0/task:0/device:CPU:0,0.0,0.0
_arg_qxzgXpiLdl_0_324,Placeholder,/job:localhost/replica:0/task:0/device:CPU:0,0.0,0.0
_arg_rlh04eiWzL_0_329,Placeholder,/job:localhost/replica:0/task:0/device:CPU:0,0.0,0.0
_arg_sZdFJI9nwg_0_333,Placeholder,/job:localhost/replica:0/task:0/device:CPU:0,0.0,0.0
_arg_tWcngAq7hV_0_337,Placeholder,/job:localhost/replica:0/task:0/device:CPU:0,0.0,0.0
_arg_gHPTxdcQWX_0_256,Placeholder,/job:localhost/replica:0/task:0/device:CPU:0,0.0,0.0
_arg_hzqb8Cpfc1_0_267,Placeholder,/job:localhost/replica:0/task:0/device:CPU:0,0.0,0.0
_arg_waXyDlz530_0_359,Placeholder,/job:localhost/replica:0/task:0/device:CPU:0,0.0,0.0
_arg_xT9FhjM1Uu_0_363,Placeholder,/job:localhost/replica:0/task:0/device:CPU:0,0.0,0.0
_arg_yVxKAL4U5G_0_370,Placeholder,/job:localhost/replica:0/task:0/device:CPU:0,0.0,0.0
_arg_zX6xKOWG9S_0_374,Placeholder,/job:localhost/replica:0/task:0/device:CPU:0,0.0,0.0
_arg_pQsi1GNxvj_0_317,Placeholder,/job:localhost/replica:0/task:0/device:CPU:0,0.0,0.0
_arg_qzd23aNGIT_0_325,Placeholder,/job:localhost/replica:0/task:0/device:CPU:0,0.0,0.0
_arg_wcHWv4SNE2_0_360,Placeholder,/job:localhost/replica:0/task:0/device:CPU:0,0.0,0.0
_arg_xVErSbJ0hg_0_364,Placeholder,/job:localhost/replica:0/task:0/device:CPU:0,0.0,0.0
_arg_yDES0Cj7Td_0_368,Placeholder,/job:localhost/replica:0/task:0/device:CPU:0,0.0,0.0
_arg_z3lqgZM8WU_0_371,Placeholder,/job:localhost/replica:0/task:0/device:CPU:0,0.0,0.0
_arg_zZHaVOckpw_0_375,Placeholder,/job:localhost/replica:0/task:0/device:CPU:0,0.0,0.0
_arg_zvFYW45wMr_0_376,Placeholder,/job:localhost/replica:0/task:0/device:CPU:0,0.0,0.0
_arg_iE352qtAOx_0_269,Placeholder,/job:localhost/replica:0/task:0/device:CPU:0,0.0,0.0
_arg_iUEBSr6gOG_0_270,Placeholder,/job:localhost/replica:0/task:0/device:CPU:0,0.0,0.0
_arg_ifP6Ceko5T_0_271,Placeholder,/job:localhost/replica:0/task:0/device:CPU:0,0.0,0.0
_arg_j25yTFI0eZ_0_275,Placeholder,/job:localhost/replica:0/task:0/device:CPU:0,0.0,0.0
_arg_ihKZd8ANk7_0_272,Placeholder,/job:localhost/replica:0/task:0/device:CPU:0,0.0,0.0
_arg_ihcEmsYo9g_0_273,Placeholder,/job:localhost/replica:0/task:0/device:CPU:0,0.0,0.0
_arg_kJg5ca1rqS_0_277,Placeholder,/job:localhost/replica:0/task:0/device:CPU:0,0.0,0.0
_arg_l5WSX3VvMK_0_282,Placeholder,/job:localhost/replica:0/task:0/device:CPU:0,0.0,0.0
_arg_isCn4mEOSt_0_274,Placeholder,/job:localhost/replica:0/task:0/device:CPU:0,0.0,0.0
_arg_l4bReWtsMB_0_281,Placeholder,/job:localhost/replica:0/task:0/device:CPU:0,0.0,0.0
_arg_lDIuWZ8VFU_0_283,Placeholder,/job:localhost/replica:0/task:0/device:CPU:0,0.0,0.0
_arg_lyiDxfzZg3_0_290,Placeholder,/job:localhost/replica:0/task:0/device:CPU:0,0.0,0.0
_arg_mIR0ToEnMH_0_294,Placeholder,/job:localhost/replica:0/task:0/device:CPU:0,0.0,0.0
_arg_magwfJSnUu_0_298,Placeholder,/job:localhost/replica:0/task:0/device:CPU:0,0.0,0.0
_arg_lDhFNYzbxR_0_284,Placeholder,/job:localhost/replica:0/task:0/device:CPU:0,0.0,0.0
_arg_ljyhc7HCLk_0_287,Placeholder,/job:localhost/replica:0/task:0/device:CPU:0,0.0,0.0
_arg_m2YscaoDjP_0_291,Placeholder,/job:localhost/replica:0/task:0/device:CPU:0,0.0,0.0
_arg_mgnGNH4Mz3_0_299,Placeholder,/job:localhost/replica:0/task:0/device:CPU:0,0.0,0.0
_arg_mxUaAp0CV8_0_302,Placeholder,/job:localhost/replica:0/task:0/device:CPU:0,0.0,0.0
_arg_lQmygxs5aD_0_285,Placeholder,/job:localhost/replica:0/task:0/device:CPU:0,0.0,0.0
_arg_01E2VTipRX_0_0,Placeholder,/job:localhost/replica:0/task:0/device:CPU:0,0.0,0.0
_arg_09zp4EDXTh_0_2,Placeholder,/job:localhost/replica:0/task:0/device:CPU:0,0.0,0.0
_arg_1aXQU27NrD_0_10,Placeholder,/job:localhost/replica:0/task:0/device:CPU:0,0.0,0.0
_arg_1u5yIsHTXE_0_13,Placeholder,/job:localhost/replica:0/task:0/device:CPU:0,0.0,0.0
_arg_2Yy3zxNGBC_0_16,Placeholder,/job:localhost/replica:0/task:0/device:CPU:0,0.0,0.0
_arg_3kdi0vsSZG_0_21,Placeholder,/job:localhost/replica:0/task:0/device:CPU:0,0.0,0.0
_arg_50ovs1NnYh_0_30,Placeholder,/job:localhost/replica:0/task:0/device:CPU:0,0.0,0.0
_arg_6Wh2Jm7GHC_0_37,Placeholder,/job:localhost/replica:0/task:0/device:CPU:0,0.0,0.0
_arg_72zWmh93Bo_0_41,Placeholder,/job:localhost/replica:0/task:0/device:CPU:0,0.0,0.0
_arg_5yColzZ8K3_0_34,Placeholder,/job:localhost/replica:0/task:0/device:CPU:0,0.0,0.0
_arg_6XMrIsBjLY_0_38,Placeholder,/job:localhost/replica:0/task:0/device:CPU:0,0.0,0.0
_arg_4gFa5o2YsJ_0_28,Placeholder,/job:localhost/replica:0/task:0/device:CPU:0,0.0,0.0
_arg_9mfMQZIXVH_0_57,Placeholder,/job:localhost/replica:0/task:0/device:CPU:0,0.0,0.0
_arg_9rDQhGZo18_0_58,Placeholder,/job:localhost/replica:0/task:0/device:CPU:0,0.0,0.0
_arg_DilwT5jYf7_0_72,Placeholder,/job:localhost/replica:0/task:0/device:CPU:0,0.0,0.0
_arg_EJxze1pkRu_0_76,Placeholder,/job:localhost/replica:0/task:0/device:CPU:0,0.0,0.0
_arg_F6DhiS9CN5_0_84,Placeholder,/job:localhost/replica:0/task:0/device:CPU:0,0.0,0.0
_arg_FcmWLZhDgE_0_87,Placeholder,/job:localhost/replica:0/task:0/device:CPU:0,0.0,0.0
_arg_HRGzlnEkXQ_0_94,Placeholder,/job:localhost/replica:0/task:0/device:CPU:0,0.0,0.0
_arg_EKpP4xMXu8_0_77,Placeholder,/job:localhost/replica:0/task:0/device:CPU:0,0.0,0.0
_arg_EyFb0qo6VX_0_82,Placeholder,/job:localhost/replica:0/task:0/device:CPU:0,0.0,0.0
_arg_FTIMrcfako_0_85,Placeholder,/job:localhost/replica:0/task:0/device:CPU:0,0.0,0.0
_arg_Dy3rwVmn1A_0_73,Placeholder,/job:localhost/replica:0/task:0/device:CPU:0,0.0,0.0
_arg_HKq2ZSlA3D_0_92,Placeholder,/job:localhost/replica:0/task:0/device:CPU:0,0.0,0.0
_arg_CYnW83Np9f_0_66,Placeholder,/job:localhost/replica:0/task:0/device:CPU:0,0.0,0.0
_arg_FkwYpLOMG4_0_88,Placeholder,/job:localhost/replica:0/task:0/device:CPU:0,0.0,0.0
_arg_E1ZkVIXqS5_0_74,Placeholder,/job:localhost/replica:0/task:0/device:CPU:0,0.0,0.0
_arg_EUciqFuptg_0_78,Placeholder,/job:localhost/replica:0/task:0/device:CPU:0,0.0,0.0
_arg_Hnjq487SIY_0_98,Placeholder,/job:localhost/replica:0/task:0/device:CPU:0,0.0,0.0
_arg_FrTLGaKo7c_0_89,Placeholder,/job:localhost/replica:0/task:0/device:CPU:0,0.0,0.0
_arg_D0gn7y6swk_0_70,Placeholder,/job:localhost/replica:0/task:0/device:CPU:0,0.0,0.0
_arg_7tFB8mLWUr_0_44,Placeholder,/job:localhost/replica:0/task:0/device:CPU:0,0.0,0.0
_arg_HyzMmXUNAP_0_99,Placeholder,/job:localhost/replica:0/task:0/device:CPU:0,0.0,0.0
_arg_3mk8BKjDey_0_22,Placeholder,/job:localhost/replica:0/task:0/device:CPU:0,0.0,0.0
_arg_4dtfMgk7Ni_0_27,Placeholder,/job:localhost/replica:0/task:0/device:CPU:0,0.0,0.0
_arg_H6VFcpqaB0_0_90,Placeholder,/job:localhost/replica:0/task:0/device:CPU:0,0.0,0.0
_arg_HLQJSVgFyi_0_93,Placeholder,/job:localhost/replica:0/task:0/device:CPU:0,0.0,0.0
_arg_Hj2GwToc7U_0_96,Placeholder,/job:localhost/replica:0/task:0/device:CPU:0,0.0,0.0
_arg_74jZTbEdLU_0_42,Placeholder,/job:localhost/replica:0/task:0/device:CPU:0,0.0,0.0
_arg_KgZXYMNz6P_0_126,Placeholder,/job:localhost/replica:0/task:0/device:CPU:0,0.0,0.0
_arg_8KRQILP469_0_48,Placeholder,/job:localhost/replica:0/task:0/device:CPU:0,0.0,0.0
_arg_4M92ryD8ux_0_23,Placeholder,/job:localhost/replica:0/task:0/device:CPU:0,0.0,0.0
_arg_4luvCw32jf_0_29,Placeholder,/job:localhost/replica:0/task:0/device:CPU:0,0.0,0.0
_arg_LKAvFme9ZS_0_127,Placeholder,/job:localhost/replica:0/task:0/device:CPU:0,0.0,0.0
_arg_M4pau3Zg7l_0_130,Placeholder,/job:localhost/replica:0/task:0/device:CPU:0,0.0,0.0
_arg_6eQEnYsRTi_0_39,Placeholder,/job:localhost/replica:0/task:0/device:CPU:0,0.0,0.0
_arg_2CnSyUBzm0_0_14,Placeholder,/job:localhost/replica:0/task:0/device:CPU:0,0.0,0.0
_arg_HmATr3gKsW_0_97,Placeholder,/job:localhost/replica:0/task:0/device:CPU:0,0.0,0.0
_arg_HzcyUlm8Yj_0_100,Placeholder,/job:localhost/replica:0/task:0/device:CPU:0,0.0,0.0
_arg_NXOSdQVPs0_0_138,Placeholder,/job:localhost/replica:0/task:0/device:CPU:0,0.0,0.0
_arg_JaHTUxB6zL_0_114,Placeholder,/job:localhost/replica:0/task:0/device:CPU:0,0.0,0.0
_arg_0cjwsL5ldh_0_4,Placeholder,/job:localhost/replica:0/task:0/device:CPU:0,0.0,0.0
_arg_0sDBrPmfS9_0_6,Placeholder,/job:localhost/replica:0/task:0/device:CPU:0,0.0,0.0
_arg_LMobYAd5ru_0_128,Placeholder,/job:localhost/replica:0/task:0/device:CPU:0,0.0,0.0
_arg_2RDXZrx9GA_0_15,Placeholder,/job:localhost/replica:0/task:0/device:CPU:0,0.0,0.0
_arg_2srtUfGvja_0_18,Placeholder,/job:localhost/replica:0/task:0/device:CPU:0,0.0,0.0
_arg_Nb9eDKFYZp_0_139,Placeholder,/job:localhost/replica:0/task:0/device:CPU:0,0.0,0.0
_arg_JKWg9U1qmT_0_111,Placeholder,/job:localhost/replica:0/task:0/device:CPU:0,0.0,0.0
_arg_JjyOIxALzM_0_115,Placeholder,/job:localhost/replica:0/task:0/device:CPU:0,0.0,0.0
_arg_KOJcBD1Cxa_0_122,Placeholder,/job:localhost/replica:0/task:0/device:CPU:0,0.0,0.0
_arg_MQb6fHVndu_0_131,Placeholder,/job:localhost/replica:0/task:0/device:CPU:0,0.0,0.0
_arg_I5iNBsTtoe_0_101,Placeholder,/job:localhost/replica:0/task:0/device:CPU:0,0.0,0.0
_arg_IxpbBg7JTO_0_107,Placeholder,/job:localhost/replica:0/task:0/device:CPU:0,0.0,0.0
_arg_KGspl1Fzg0_0_119,Placeholder,/job:localhost/replica:0/task:0/device:CPU:0,0.0,0.0
_arg_KOdpo5kqsI_0_123,Placeholder,/job:localhost/replica:0/task:0/device:CPU:0,0.0,0.0
_arg_MtvajoSCeD_0_132,Placeholder,/job:localhost/replica:0/task:0/device:CPU:0,0.0,0.0
_arg_NKT10PBtly_0_136,Placeholder,/job:localhost/replica:0/task:0/device:CPU:0,0.0,0.0
_arg_NoPO6DfgwG_0_140,Placeholder,/job:localhost/replica:0/task:0/device:CPU:0,0.0,0.0
_arg_IztrlRfWQU_0_108,Placeholder,/job:localhost/replica:0/task:0/device:CPU:0,0.0,0.0
_arg_JSWhLK4Agx_0_113,Placeholder,/job:localhost/replica:0/task:0/device:CPU:0,0.0,0.0
_arg_KCNfS4GlpP_0_117,Placeholder,/job:localhost/replica:0/task:0/device:CPU:0,0.0,0.0
_arg_KH4GEDx8pO_0_120,Placeholder,/job:localhost/replica:0/task:0/device:CPU:0,0.0,0.0
_arg_Kanv8c4Yl7_0_124,Placeholder,/job:localhost/replica:0/task:0/device:CPU:0,0.0,0.0
_arg_EZBIAqn6LS_0_79,Placeholder,/job:localhost/replica:0/task:0/device:CPU:0,0.0,0.0
_arg_NFBzi76hoK_0_133,Placeholder,/job:localhost/replica:0/task:0/device:CPU:0,0.0,0.0
_arg_NLt5JnRMjG_0_137,Placeholder,/job:localhost/replica:0/task:0/device:CPU:0,0.0,0.0
_arg_6hbLUlYs1H_0_40,Placeholder,/job:localhost/replica:0/task:0/device:CPU:0,0.0,0.0
_arg_7XiFOysrpI_0_43,Placeholder,/job:localhost/replica:0/task:0/device:CPU:0,0.0,0.0
_arg_8Dv01FAoNM_0_47,Placeholder,/job:localhost/replica:0/task:0/device:CPU:0,0.0,0.0
_arg_1WNvHElUG7_0_9,Placeholder,/job:localhost/replica:0/task:0/device:CPU:0,0.0,0.0
_arg_1qyHnroO6I_0_12,Placeholder,/job:localhost/replica:0/task:0/device:CPU:0,0.0,0.0
_arg_KN13IWXZSu_0_121,Placeholder,/job:localhost/replica:0/task:0/device:CPU:0,0.0,0.0
_arg_KasFvpq4IG_0_125,Placeholder,/job:localhost/replica:0/task:0/device:CPU:0,0.0,0.0
_arg_F5awZuD1c2_0_83,Placeholder,/job:localhost/replica:0/task:0/device:CPU:0,0.0,0.0
_arg_5JHUPChra8_0_31,Placeholder,/job:localhost/replica:0/task:0/device:CPU:0,0.0,0.0
_arg_6DYAlXkjub_0_35,Placeholder,/job:localhost/replica:0/task:0/device:CPU:0,0.0,0.0
_arg_mQnuwGeC8a_0_296,Placeholder,/job:localhost/replica:0/task:0/device:CPU:0,0.0,0.0
_arg_IRem4MiFDP_0_105,Placeholder,/job:localhost/replica:0/task:0/device:CPU:0,0.0,0.0
_arg_06AyS2QTzo_0_1,Placeholder,/job:localhost/replica:0/task:0/device:CPU:0,0.0,0.0
_arg_0MZVmrKeC6_0_3,Placeholder,/job:localhost/replica:0/task:0/device:CPU:0,0.0,0.0
_arg_CedNyHXqE1_0_67,Placeholder,/job:localhost/replica:0/task:0/device:CPU:0,0.0,0.0
_arg_DW8PcmTVkC_0_71,Placeholder,/job:localhost/replica:0/task:0/device:CPU:0,0.0,0.0
_arg_3Laj620MSn_0_19,Placeholder,/job:localhost/replica:0/task:0/device:CPU:0,0.0,0.0
_arg_tZOFD39jRS_0_338,Placeholder,/job:localhost/replica:0/task:0/device:CPU:0,0.0,0.0
_arg_5bcvLlI6HE_0_32,Placeholder,/job:localhost/replica:0/task:0/device:CPU:0,0.0,0.0
_arg_lqOmNvz5fj_0_289,Placeholder,/job:localhost/replica:0/task:0/device:CPU:0,0.0,0.0
_arg_m5MfQhR1Bp_0_292,Placeholder,/job:localhost/replica:0/task:0/device:CPU:0,0.0,0.0
_arg_8iOST90kWM_0_49,Placeholder,/job:localhost/replica:0/task:0/device:CPU:0,0.0,0.0
_arg_985IRiY0X6_0_52,Placeholder,/job:localhost/replica:0/task:0/device:CPU:0,0.0,0.0
_arg_9YqhflbMKe_0_55,Placeholder,/job:localhost/replica:0/task:0/device:CPU:0,0.0,0.0
_arg_BQHyb3DGCE_0_63,Placeholder,/job:localhost/replica:0/task:0/device:CPU:0,0.0,0.0
_arg_CrB2gE9Adp_0_68,Placeholder,/job:localhost/replica:0/task:0/device:CPU:0,0.0,0.0
_arg_pY0t1rI5WU_0_318,Placeholder,/job:localhost/replica:0/task:0/device:CPU:0,0.0,0.0
_arg_EClzvVLqMP_0_75,Placeholder,/job:localhost/replica:0/task:0/device:CPU:0,0.0,0.0
_arg_r1GsND0okc_0_326,Placeholder,/job:localhost/replica:0/task:0/device:CPU:0,0.0,0.0
_arg_sfqQKWXEgN_0_334,Placeholder,/job:localhost/replica:0/task:0/device:CPU:0,0.0,0.0
_arg_u2OJ7kfglD_0_339,Placeholder,/job:localhost/replica:0/task:0/device:CPU:0,0.0,0.0
_arg_ujOA5LQW7M_0_345,Placeholder,/job:localhost/replica:0/task:0/device:CPU:0,0.0,0.0
_arg_vAbKepTjQg_0_349,Placeholder,/job:localhost/replica:0/task:0/device:CPU:0,0.0,0.0
_arg_vZDAiUHErW_0_353,Placeholder,/job:localhost/replica:0/task:0/device:CPU:0,0.0,0.0
_arg_8vM5p4RzXd_0_50,Placeholder,/job:localhost/replica:0/task:0/device:CPU:0,0.0,0.0
_arg_9N1KUX0DZ5_0_53,Placeholder,/job:localhost/replica:0/task:0/device:CPU:0,0.0,0.0
_arg_BYyjkPCX0m_0_64,Placeholder,/job:localhost/replica:0/task:0/device:CPU:0,0.0,0.0
_arg_nP9Yv1iZ8f_0_306,Placeholder,/job:localhost/replica:0/task:0/device:CPU:0,0.0,0.0
_arg_nyLxrsTmOB_0_310,Placeholder,/job:localhost/replica:0/task:0/device:CPU:0,0.0,0.0
_arg_qeZ76Hc03v_0_322,Placeholder,/job:localhost/replica:0/task:0/device:CPU:0,0.0,0.0
_arg_r1WGP7Xe9H_0_327,Placeholder,/job:localhost/replica:0/task:0/device:CPU:0,0.0,0.0
_arg_sOz8pkBZ5n_0_331,Placeholder,/job:localhost/replica:0/task:0/device:CPU:0,0.0,0.0
_arg_sjKQJGby31_0_335,Placeholder,/job:localhost/replica:0/task:0/device:CPU:0,0.0,0.0
_arg_uFSOc5Chp2_0_340,Placeholder,/job:localhost/replica:0/task:0/device:CPU:0,0.0,0.0
_arg_uhcrWfUe6M_0_344,Placeholder,/job:localhost/replica:0/task:0/device:CPU:0,0.0,0.0
_arg_uzaUY08Rsp_0_346,Placeholder,/job:localhost/replica:0/task:0/device:CPU:0,0.0,0.0
_arg_vF46yONhri_0_350,Placeholder,/job:localhost/replica:0/task:0/device:CPU:0,0.0,0.0
_arg_9NcxXsmyqf_0_54,Placeholder,/job:localhost/replica:0/task:0/device:CPU:0,0.0,0.0
_arg_whRnWGgf0Q_0_361,Placeholder,/job:localhost/replica:0/task:0/device:CPU:0,0.0,0.0
_arg_AfxiFXbSj3_0_61,Placeholder,/job:localhost/replica:0/task:0/device:CPU:0,0.0,0.0
_arg_mt0cODHoal_0_301,Placeholder,/job:localhost/replica:0/task:0/device:CPU:0,0.0,0.0
_arg_nPUSZFm74Y_0_307,Placeholder,/job:localhost/replica:0/task:0/device:CPU:0,0.0,0.0
_arg_pjwGhTSAys_0_320,Placeholder,/job:localhost/replica:0/task:0/device:CPU:0,0.0,0.0
_arg_r8QjI5SCed_0_328,Placeholder,/job:localhost/replica:0/task:0/device:CPU:0,0.0,0.0
_arg_sXCjeM94Zu_0_332,Placeholder,/job:localhost/replica:0/task:0/device:CPU:0,0.0,0.0
_arg_tIGjbcEuDd_0_336,Placeholder,/job:localhost/replica:0/task:0/device:CPU:0,0.0,0.0
_arg_uGCZaoYr3L_0_341,Placeholder,/job:localhost/replica:0/task:0/device:CPU:0,0.0,0.0
_arg_v3TAQfOsga_0_347,Placeholder,/job:localhost/replica:0/task:0/device:CPU:0,0.0,0.0
_arg_vtIF8HqRG6_0_355,Placeholder,/job:localhost/replica:0/task:0/device:CPU:0,0.0,0.0
_arg_w04Keh2FJu_0_357,Placeholder,/job:localhost/replica:0/task:0/device:CPU:0,0.0,0.0
_arg_AvlwbHMnuE_0_62,Placeholder,/job:localhost/replica:0/task:0/device:CPU:0,0.0,0.0
_arg_zOu1aQKy4V_0_373,Placeholder,/job:localhost/replica:0/task:0/device:CPU:0,0.0,0.0
_arg_nEuw2U7mFR_0_304,Placeholder,/job:localhost/replica:0/task:0/device:CPU:0,0.0,0.0
_arg_Ouh1XpPZaj_0_144,Placeholder,/job:localhost/replica:0/task:0/device:CPU:0,0.0,0.0
_arg_Pu1O5qFxY6_0_147,Placeholder,/job:localhost/replica:0/task:0/device:CPU:0,0.0,0.0
_arg_Ouj93S4aWb_0_145,Placeholder,/job:localhost/replica:0/task:0/device:CPU:0,0.0,0.0
_arg_PxhmZizCI5_0_148,Placeholder,/job:localhost/replica:0/task:0/device:CPU:0,0.0,0.0
_arg_RNGK6g4bmu_0_154,Placeholder,/job:localhost/replica:0/task:0/device:CPU:0,0.0,0.0
_arg_S4PeIw3K1X_0_158,Placeholder,/job:localhost/replica:0/task:0/device:CPU:0,0.0,0.0
_arg_Q2Om7B1nhU_0_149,Placeholder,/job:localhost/replica:0/task:0/device:CPU:0,0.0,0.0
_arg_RPGvVrZMak_0_155,Placeholder,/job:localhost/replica:0/task:0/device:CPU:0,0.0,0.0
_arg_StHFqj5edV_0_162,Placeholder,/job:localhost/replica:0/task:0/device:CPU:0,0.0,0.0
_arg_RF5h8lytsu_0_152,Placeholder,/job:localhost/replica:0/task:0/device:CPU:0,0.0,0.0
_arg_RpITWntAji_0_156,Placeholder,/job:localhost/replica:0/task:0/device:CPU:0,0.0,0.0
_arg_S5AzoJmqUC_0_159,Placeholder,/job:localhost/replica:0/task:0/device:CPU:0,0.0,0.0
_arg_T1FVGiDRMg_0_163,Placeholder,/job:localhost/replica:0/task:0/device:CPU:0,0.0,0.0
_arg_TkHQvxKeD6_0_170,Placeholder,/job:localhost/replica:0/task:0/device:CPU:0,0.0,0.0
_arg_RHo9Jz6KpI_0_153,Placeholder,/job:localhost/replica:0/task:0/device:CPU:0,0.0,0.0
_arg_S5D6WGIXMd_0_160,Placeholder,/job:localhost/replica:0/task:0/device:CPU:0,0.0,0.0
_arg_T3LHlorDnM_0_164,Placeholder,/job:localhost/replica:0/task:0/device:CPU:0,0.0,0.0
_arg_Tg4u0GfnFb_0_168,Placeholder,/job:localhost/replica:0/task:0/device:CPU:0,0.0,0.0
_arg_ToDLE1sRI6_0_171,Placeholder,/job:localhost/replica:0/task:0/device:CPU:0,0.0,0.0
_arg_UMO0o14RuI_0_174,Placeholder,/job:localhost/replica:0/task:0/device:CPU:0,0.0,0.0
_arg_Uc35C1q4oy_0_178,Placeholder,/job:localhost/replica:0/task:0/device:CPU:0,0.0,0.0
_arg_SKG7aiAo3m_0_161,Placeholder,/job:localhost/replica:0/task:0/device:CPU:0,0.0,0.0
_arg_TidKGrnobI_0_169,Placeholder,/job:localhost/replica:0/task:0/device:CPU:0,0.0,0.0
_arg_TxEdCcekGS_0_172,Placeholder,/job:localhost/replica:0/task:0/device:CPU:0,0.0,0.0
_arg_URVDgNGoIx_0_175,Placeholder,/job:localhost/replica:0/task:0/device:CPU:0,0.0,0.0
_arg_VP35W0GOCc_0_183,Placeholder,/job:localhost/replica:0/task:0/device:CPU:0,0.0,0.0
_arg_Vbv2Om3ptd_0_186,Placeholder,/job:localhost/replica:0/task:0/device:CPU:0,0.0,0.0
_arg_U6GqhP8k7I_0_173,Placeholder,/job:localhost/replica:0/task:0/device:CPU:0,0.0,0.0
_arg_UTzDZk1RS4_0_176,Placeholder,/job:localhost/replica:0/task:0/device:CPU:0,0.0,0.0
_arg_VUqfdN5Fzv_0_184,Placeholder,/job:localhost/replica:0/task:0/device:CPU:0,0.0,0.0
_arg_WDLoyKsiA7_0_191,Placeholder,/job:localhost/replica:0/task:0/device:CPU:0,0.0,0.0
_arg_WqeN5KGIv9_0_195,Placeholder,/job:localhost/replica:0/task:0/device:CPU:0,0.0,0.0
_arg_XRvxjULC7M_0_201,Placeholder,/job:localhost/replica:0/task:0/device:CPU:0,0.0,0.0
_arg_YMxBt9210u_0_205,Placeholder,/job:localhost/replica:0/task:0/device:CPU:0,0.0,0.0
_arg_UaC5MZd8qb_0_177,Placeholder,/job:localhost/replica:0/task:0/device:CPU:0,0.0,0.0
_arg_UrTfLOxlV3_0_181,Placeholder,/job:localhost/replica:0/task:0/device:CPU:0,0.0,0.0
_arg_VX8uEBNndW_0_185,Placeholder,/job:localhost/replica:0/task:0/device:CPU:0,0.0,0.0
_arg_Wiks0GPJMQ_0_192,Placeholder,/job:localhost/replica:0/task:0/device:CPU:0,0.0,0.0
_arg_WsiwEgbYlT_0_196,Placeholder,/job:localhost/replica:0/task:0/device:CPU:0,0.0,0.0
_arg_XPcHGKbop2_0_199,Placeholder,/job:localhost/replica:0/task:0/device:CPU:0,0.0,0.0
_arg_Ya2E8PbliH_0_206,Placeholder,/job:localhost/replica:0/task:0/device:CPU:0,0.0,0.0
_arg_Z9QLFGO2Su_0_209,Placeholder,/job:localhost/replica:0/task:0/device:CPU:0,0.0,0.0
_arg_ZyQ5FrpI6t_0_213,Placeholder,/job:localhost/replica:0/task:0/device:CPU:0,0.0,0.0
_arg_ad9BJGx5jl_0_217,Placeholder,/job:localhost/replica:0/task:0/device:CPU:0,0.0,0.0
_arg_aocCEyfXIS_0_221,Placeholder,/job:localhost/replica:0/task:0/device:CPU:0,0.0,0.0
_arg_VvUalZIQHK_0_189,Placeholder,/job:localhost/replica:0/task:0/device:CPU:0,0.0,0.0
_arg_c2MuYjWE3S_0_229,Placeholder,/job:localhost/replica:0/task:0/device:CPU:0,0.0,0.0
_arg_cNgUKoOFB1_0_233,Placeholder,/job:localhost/replica:0/task:0/device:CPU:0,0.0,0.0
_arg_XxirNgB98u_0_203,Placeholder,/job:localhost/replica:0/task:0/device:CPU:0,0.0,0.0
_arg_a5QhOKE1Yc_0_214,Placeholder,/job:localhost/replica:0/task:0/device:CPU:0,0.0,0.0
_arg_agDiJj8lLK_0_218,Placeholder,/job:localhost/replica:0/task:0/device:CPU:0,0.0,0.0
_arg_cEDTxpPUfb_0_230,Placeholder,/job:localhost/replica:0/task:0/device:CPU:0,0.0,0.0
_arg_ceq9LkmQA5_0_234,Placeholder,/job:localhost/replica:0/task:0/device:CPU:0,0.0,0.0
_arg_dMO2bknDYA_0_238,Placeholder,/job:localhost/replica:0/task:0/device:CPU:0,0.0,0.0
_arg_duyRoIEkH8_0_241,Placeholder,/job:localhost/replica:0/task:0/device:CPU:0,0.0,0.0
_arg_YK10Jin6ca_0_204,Placeholder,/job:localhost/replica:0/task:0/device:CPU:0,0.0,0.0
_arg_YbIVz8l1un_0_207,Placeholder,/job:localhost/replica:0/task:0/device:CPU:0,0.0,0.0
_arg_ZcWERoz0h6_0_211,Placeholder,/job:localhost/replica:0/task:0/device:CPU:0,0.0,0.0
_arg_ahAlEtBvzo_0_219,Placeholder,/job:localhost/replica:0/task:0/device:CPU:0,0.0,0.0
_arg_bJsIAzhYc3_0_223,Placeholder,/job:localhost/replica:0/task:0/device:CPU:0,0.0,0.0
_arg_bX19AmYnBL_0_226,Placeholder,/job:localhost/replica:0/task:0/device:CPU:0,0.0,0.0
_arg_cHzIDJm6us_0_231,Placeholder,/job:localhost/replica:0/task:0/device:CPU:0,0.0,0.0
_arg_d1ExPaGqMN_0_235,Placeholder,/job:localhost/replica:0/task:0/device:CPU:0,0.0,0.0
_arg_dz1saATctE_0_242,Placeholder,/job:localhost/replica:0/task:0/device:CPU:0,0.0,0.0
_arg_ebEFYOy65u_0_245,Placeholder,/job:localhost/replica:0/task:0/device:CPU:0,0.0,0.0
_arg_fMiQsYNnet_0_249,Placeholder,/job:localhost/replica:0/task:0/device:CPU:0,0.0,0.0
_arg_YsGAJ1iRPS_0_208,Placeholder,/job:localhost/replica:0/task:0/device:CPU:0,0.0,0.0
_arg_ZebaMGw6vA_0_212,Placeholder,/job:localhost/replica:0/task:0/device:CPU:0,0.0,0.0
_arg_aKmfBy1Mhi_0_216,Placeholder,/job:localhost/replica:0/task:0/device:CPU:0,0.0,0.0
_arg_alvtrHJ95G_0_220,Placeholder,/job:localhost/replica:0/task:0/device:CPU:0,0.0,0.0
