node_name,op_type,device,time_us,time_ms
IKepuUN205,Slice,/job:localhost/replica:0/task:0/device:GPU:0,564.0,0.564
XMNJcWknpm,Slice,/job:localhost/replica:0/task:0/device:GPU:0,550.0,0.55
mqCHJsV7rj,Slice,/job:localhost/replica:0/task:0/device:GPU:0,517.0,0.517
J7qFizNtnA,Slice,/job:localhost/replica:0/task:0/device:GPU:0,427.0,0.427
jw9DROUiMs,ConcatV2,/job:localhost/replica:0/task:0/device:GPU:0,411.0,0.411
L0SpwQW5q1,RealDiv,/job:localhost/replica:0/task:0/device:GPU:0,380.0,0.38
AELpXGoDSB,ConcatV2,/job:localhost/replica:0/task:0/device:GPU:0,303.0,0.303
zNMZ9FRWQX,Conv2D,/job:localhost/replica:0/task:0/device:GPU:0,240.0,0.24
tcDRM9uBYQ,Slice,/job:localhost/replica:0/task:0/device:GPU:0,222.0,0.222
ylAc08CoPD,Const,/job:localhost/replica:0/task:0/device:GPU:0,202.0,0.202
DWjBLadqYt,Conv2D,/job:localhost/replica:0/task:0/device:GPU:0,200.0,0.2
EKGzRQcgkb,Unpack,/job:localhost/replica:0/task:0/device:GPU:0,198.0,0.198
AH36KO9Cd8,Const,/job:localhost/replica:0/task:0/device:GPU:0,196.0,0.196
QXlrhnUiJM,Const,/job:localhost/replica:0/task:0/device:GPU:0,179.0,0.179
cmMYZBJWT2,ConcatV2,/job:localhost/replica:0/task:0/device:GPU:0,171.0,0.171
GDYxZ8dBo7,Const,/job:localhost/replica:0/task:0/device:GPU:0,154.0,0.154
CH67zsca3i,ConcatV2,/job:localhost/replica:0/task:0/device:GPU:0,154.0,0.154
pxdfW5TXtY,ConcatV2,/job:localhost/replica:0/task:0/device:GPU:0,152.0,0.152
vebgFBhHSz,MatMul,/job:localhost/replica:0/task:0/device:GPU:0,150.0,0.15
OnsW7tURlo,ConcatV2,/job:localhost/replica:0/task:0/device:GPU:0,148.0,0.148
4HqX9gou1d,Const,/job:localhost/replica:0/task:0/device:GPU:0,146.0,0.146
uwGiDAXWZP,Slice,/job:localhost/replica:0/task:0/device:GPU:0,144.0,0.144
71PJr9ZVKD,Const,/job:localhost/replica:0/task:0/device:GPU:0,142.0,0.142
wzgrt3TZpm,Const,/job:localhost/replica:0/task:0/device:GPU:0,142.0,0.142
2GrsPLTjpW,Const,/job:localhost/replica:0/task:0/device:GPU:0,138.0,0.138
hHyMTDer9R,Const,/job:localhost/replica:0/task:0/device:GPU:0,134.0,0.134
QSJwlCaLNo,Const,/job:localhost/replica:0/task:0/device:GPU:0,134.0,0.134
OvlKQRMUbi,Const,/job:localhost/replica:0/task:0/device:GPU:0,131.0,0.131
10K7qYj4QX,Const,/job:localhost/replica:0/task:0/device:GPU:0,125.0,0.125
KUnLkXFQ8N,Const,/job:localhost/replica:0/task:0/device:GPU:0,122.0,0.122
TLq8nMNxGX,Const,/job:localhost/replica:0/task:0/device:GPU:0,117.0,0.117
FrmCxHi4Sf,Const,/job:localhost/replica:0/task:0/device:GPU:0,113.0,0.113
owW9picK8s,Const,/job:localhost/replica:0/task:0/device:GPU:0,111.0,0.111
xfgcGkOdtU,Const,/job:localhost/replica:0/task:0/device:GPU:0,109.0,0.109
3gCfn8y6GK,Split,/job:localhost/replica:0/task:0/device:GPU:0,106.0,0.106
iIQjnEP45B,ConcatV2,/job:localhost/replica:0/task:0/device:GPU:0,101.0,0.101
A5dJW3nrsp,ConcatV2,/job:localhost/replica:0/task:0/device:GPU:0,101.0,0.101
ibCPISoydG,Const,/job:localhost/replica:0/task:0/device:GPU:0,97.0,0.097
p6Kkgd4ScA,Const,/job:localhost/replica:0/task:0/device:GPU:0,97.0,0.097
GSwFAaH7gI,Const,/job:localhost/replica:0/task:0/device:GPU:0,95.0,0.095
qn0KWE1B4N,MatMul,/job:localhost/replica:0/task:0/device:GPU:0,92.0,0.092
kFImQCdONj,MatMul,/job:localhost/replica:0/task:0/device:GPU:0,92.0,0.092
s9afwiuZCz,Const,/job:localhost/replica:0/task:0/device:GPU:0,90.0,0.09
FWDg897x0I,Slice,/job:localhost/replica:0/task:0/device:GPU:0,89.0,0.089
9IjgMsilwo,Const,/job:localhost/replica:0/task:0/device:GPU:0,87.0,0.087
5uJ4ZFhtnI,Slice,/job:localhost/replica:0/task:0/device:GPU:0,87.0,0.087
sGLnFIPctr,ConcatV2,/job:localhost/replica:0/task:0/device:GPU:0,87.0,0.087
jmxRKsX6Ec,Conv2D,/job:localhost/replica:0/task:0/device:GPU:0,87.0,0.087
fDphoSOkYJ,Const,/job:localhost/replica:0/task:0/device:GPU:0,84.0,0.084
rJaAYiebPV,Slice,/job:localhost/replica:0/task:0/device:GPU:0,84.0,0.084
qDQo5pwkXL,ZerosLike,/job:localhost/replica:0/task:0/device:GPU:0,83.0,0.083
uWo6PV7Xb8,Const,/job:localhost/replica:0/task:0/device:GPU:0,82.0,0.082
SMBZDbX5ug,Const,/job:localhost/replica:0/task:0/device:GPU:0,82.0,0.082
adFkVpUPOj,MatMul,/job:localhost/replica:0/task:0/device:GPU:0,82.0,0.082
XstcMNfD7U,Const,/job:localhost/replica:0/task:0/device:GPU:0,81.0,0.081
iQyxehBSrV,Const,/job:localhost/replica:0/task:0/device:GPU:0,79.0,0.079
T5MxGILCaF,Slice,/job:localhost/replica:0/task:0/device:GPU:0,78.0,0.078
kv73xS9Qpm,Einsum,/job:localhost/replica:0/task:0/device:GPU:0,78.0,0.078
DnQPZa3BhG,Split,/job:localhost/replica:0/task:0/device:GPU:0,77.0,0.077
xHnwtDzM8g,Const,/job:localhost/replica:0/task:0/device:GPU:0,76.0,0.076
LHRBSQPGmg,Const,/job:localhost/replica:0/task:0/device:GPU:0,76.0,0.076
cuLWOBw7q0,Const,/job:localhost/replica:0/task:0/device:GPU:0,75.0,0.075
YbNvMiSyjt,Const,/job:localhost/replica:0/task:0/device:GPU:0,75.0,0.075
4MAuV5anbg,Split,/job:localhost/replica:0/task:0/device:GPU:0,75.0,0.075
l0X1TtOkmh,Const,/job:localhost/replica:0/task:0/device:GPU:0,74.0,0.074
RI2H7BP8nZ,Max,/job:localhost/replica:0/task:0/device:GPU:0,74.0,0.074
qRiVsXyzDW,Const,/job:localhost/replica:0/task:0/device:GPU:0,73.0,0.073
tVe0BgnMza,Const,/job:localhost/replica:0/task:0/device:GPU:0,71.0,0.071
CTAvWhGucJ,MatMul,/job:localhost/replica:0/task:0/device:GPU:0,71.0,0.071
fjMOqXCEBS,Const,/job:localhost/replica:0/task:0/device:GPU:0,70.0,0.07
Auw6QJzqiR,MatMul,/job:localhost/replica:0/task:0/device:GPU:0,70.0,0.07
qm4itZR78G,Const,/job:localhost/replica:0/task:0/device:GPU:0,69.0,0.069
rKiDzevakd,Slice,/job:localhost/replica:0/task:0/device:GPU:0,69.0,0.069
85WKAvis74,ConcatV2,/job:localhost/replica:0/task:0/device:GPU:0,69.0,0.069
o4MNF9cJtZ,MatMul,/job:localhost/replica:0/task:0/device:GPU:0,69.0,0.069
4ktKo8LhTP,Const,/job:localhost/replica:0/task:0/device:GPU:0,67.0,0.067
rRw2gYG8ml,Const,/job:localhost/replica:0/task:0/device:GPU:0,67.0,0.067
H6QOJoqztL,MatMul,/job:localhost/replica:0/task:0/device:GPU:0,67.0,0.067
ZTShebMf7r,Conv2D,/job:localhost/replica:0/task:0/device:GPU:0,67.0,0.067
oiTG1f54Ab,MatMul,/job:localhost/replica:0/task:0/device:GPU:0,67.0,0.067
HSCOAp90q5,Const,/job:localhost/replica:0/task:0/device:GPU:0,66.0,0.066
Pip21bcOGn,MatMul,/job:localhost/replica:0/task:0/device:GPU:0,66.0,0.066
ltEInsgvJC,MatMul,/job:localhost/replica:0/task:0/device:GPU:0,66.0,0.066
HLGxiVtIYv,Const,/job:localhost/replica:0/task:0/device:GPU:0,65.0,0.065
qwu80yi6f5,ConcatV2,/job:localhost/replica:0/task:0/device:GPU:0,65.0,0.065
thJXEiLqxg,Const,/job:localhost/replica:0/task:0/device:GPU:0,64.0,0.064
eauFW4JNDx,Const,/job:localhost/replica:0/task:0/device:GPU:0,64.0,0.064
OnldWvuJI4,Const,/job:localhost/replica:0/task:0/device:GPU:0,64.0,0.064
XfYvG1LDQl,Const,/job:localhost/replica:0/task:0/device:GPU:0,64.0,0.064
3npk4syXtz,Const,/job:localhost/replica:0/task:0/device:GPU:0,64.0,0.064
nNC2rlGiZt,ConcatV2,/job:localhost/replica:0/task:0/device:GPU:0,64.0,0.064
MA6citSux1,Const,/job:localhost/replica:0/task:0/device:GPU:0,63.0,0.063
aHXrGcufYQ,Const,/job:localhost/replica:0/task:0/device:GPU:0,63.0,0.063
9MPLpwESB0,Slice,/job:localhost/replica:0/task:0/device:GPU:0,63.0,0.063
9zJQvgqYAm,Max,/job:localhost/replica:0/task:0/device:GPU:0,63.0,0.063
ktJP4SE57Y,Pack,/job:localhost/replica:0/task:0/device:GPU:0,63.0,0.063
CAO71BDoVZ,ConcatV2,/job:localhost/replica:0/task:0/device:GPU:0,63.0,0.063
hVDL0NU31p,ZerosLike,/job:localhost/replica:0/task:0/device:GPU:0,62.0,0.062
jRtDm2hd3v,ConcatV2,/job:localhost/replica:0/task:0/device:GPU:0,62.0,0.062
NiZVkEwPn6,Const,/job:localhost/replica:0/task:0/device:GPU:0,61.0,0.061
TJ2VR1w8N7,Const,/job:localhost/replica:0/task:0/device:GPU:0,61.0,0.061
yMTH3BsD6W,Split,/job:localhost/replica:0/task:0/device:GPU:0,61.0,0.061
1FPcN7SAWB,Slice,/job:localhost/replica:0/task:0/device:GPU:0,60.0,0.06
Gz7brS8VMv,Slice,/job:localhost/replica:0/task:0/device:GPU:0,60.0,0.06
gdZNEO8D3s,Const,/job:localhost/replica:0/task:0/device:GPU:0,60.0,0.06
_arg_KcIofnJSE4_0_326,Placeholder,/job:localhost/replica:0/task:0/device:CPU:0,60.0,0.06
TKoqIlgCbw,Const,/job:localhost/replica:0/task:0/device:GPU:0,59.0,0.059
OVTeWyCuF3,Slice,/job:localhost/replica:0/task:0/device:GPU:0,59.0,0.059
NxqRDjU7Tm,Slice,/job:localhost/replica:0/task:0/device:GPU:0,59.0,0.059
4qfZRDPBKl,Slice,/job:localhost/replica:0/task:0/device:GPU:0,59.0,0.059
PRQdHmTh6Y,Slice,/job:localhost/replica:0/task:0/device:GPU:0,59.0,0.059
YJHpm7a0ws,Const,/job:localhost/replica:0/task:0/device:GPU:0,58.0,0.058
6SUjRBEo3d,Const,/job:localhost/replica:0/task:0/device:GPU:0,58.0,0.058
AtBTLgb6jd,Const,/job:localhost/replica:0/task:0/device:GPU:0,58.0,0.058
m6rhZAcTt4,Slice,/job:localhost/replica:0/task:0/device:GPU:0,58.0,0.058
Bs3J6AqQoC,Slice,/job:localhost/replica:0/task:0/device:GPU:0,58.0,0.058
Oc3kqFPMRH,Const,/job:localhost/replica:0/task:0/device:GPU:0,58.0,0.058
tgXdTc6MEG,Const,/job:localhost/replica:0/task:0/device:GPU:0,57.0,0.057
XYkhqAz4WQ,Const,/job:localhost/replica:0/task:0/device:GPU:0,57.0,0.057
nAPg1ZSdIo,Slice,/job:localhost/replica:0/task:0/device:GPU:0,57.0,0.057
m920ljYBQb,Slice,/job:localhost/replica:0/task:0/device:GPU:0,57.0,0.057
7bJhKACg4N,Slice,/job:localhost/replica:0/task:0/device:GPU:0,57.0,0.057
C5U9cKbgiR,Const,/job:localhost/replica:0/task:0/device:GPU:0,57.0,0.057
S6va3QZ2x9,Slice,/job:localhost/replica:0/task:0/device:GPU:0,57.0,0.057
yL01i8flrQ,MatMul,/job:localhost/replica:0/task:0/device:GPU:0,57.0,0.057
eX5k8pwArI,ConcatV2,/job:localhost/replica:0/task:0/device:GPU:0,57.0,0.057
segLYhdIaC,Const,/job:localhost/replica:0/task:0/device:GPU:0,56.0,0.056
Bbcz5vaPAe,Const,/job:localhost/replica:0/task:0/device:GPU:0,56.0,0.056
t2DCzEXUZb,Const,/job:localhost/replica:0/task:0/device:GPU:0,56.0,0.056
XB7v62QUcz,ConcatV2,/job:localhost/replica:0/task:0/device:GPU:0,56.0,0.056
_retval_EfJLDVZOq7_0_1,Select,/job:localhost/replica:0/task:0/device:CPU:0,56.0,0.056
mTqzbKEW7V,Const,/job:localhost/replica:0/task:0/device:GPU:0,55.0,0.055
riZvNdHs09,Const,/job:localhost/replica:0/task:0/device:GPU:0,55.0,0.055
b4rxkcha72,Const,/job:localhost/replica:0/task:0/device:GPU:0,55.0,0.055
w7IeHhMnBv,Slice,/job:localhost/replica:0/task:0/device:GPU:0,55.0,0.055
9k6l5imw72,MatMul,/job:localhost/replica:0/task:0/device:GPU:0,55.0,0.055
xJOMsDefLd,ConcatV2,/job:localhost/replica:0/task:0/device:GPU:0,55.0,0.055
WaMt8jTif4,ConcatV2,/job:localhost/replica:0/task:0/device:GPU:0,55.0,0.055
WEdjJIBeG6,Slice,/job:localhost/replica:0/task:0/device:GPU:0,54.0,0.054
lhQpMowC5n,Const,/job:localhost/replica:0/task:0/device:GPU:0,54.0,0.054
61ptNXwlgU,Const,/job:localhost/replica:0/task:0/device:GPU:0,54.0,0.054
ygf0Ovoj97,MatMul,/job:localhost/replica:0/task:0/device:GPU:0,54.0,0.054
ACVPQ6tXey,MatMul,/job:localhost/replica:0/task:0/device:GPU:0,54.0,0.054
ahZicwQGOb,Slice,/job:localhost/replica:0/task:0/device:GPU:0,53.0,0.053
0yT1P4vmsL,Const,/job:localhost/replica:0/task:0/device:GPU:0,53.0,0.053
RyBL7IgG9N,MatMul,/job:localhost/replica:0/task:0/device:GPU:0,53.0,0.053
DONWo8GA5I,MatMul,/job:localhost/replica:0/task:0/device:GPU:0,53.0,0.053
ACs7PwGdiJ,Const,/job:localhost/replica:0/task:0/device:GPU:0,52.0,0.052
GWzRjZdQrc,Slice,/job:localhost/replica:0/task:0/device:GPU:0,52.0,0.052
EzlyedF8wP,Const,/job:localhost/replica:0/task:0/device:GPU:0,52.0,0.052
4e3ldWzw12,Const,/job:localhost/replica:0/task:0/device:GPU:0,51.0,0.051
d92BIGQ6Vg,Slice,/job:localhost/replica:0/task:0/device:GPU:0,51.0,0.051
SorAkEyIXf,Slice,/job:localhost/replica:0/task:0/device:GPU:0,51.0,0.051
sInQV1oDye,Slice,/job:localhost/replica:0/task:0/device:GPU:0,51.0,0.051
zI8AXoSMYW,Slice,/job:localhost/replica:0/task:0/device:GPU:0,51.0,0.051
tL70r6uv5j,Slice,/job:localhost/replica:0/task:0/device:GPU:0,51.0,0.051
5wKqWNLPhb,ConcatV2,/job:localhost/replica:0/task:0/device:GPU:0,51.0,0.051
HiYlzJ2kL0,Const,/job:localhost/replica:0/task:0/device:GPU:0,51.0,0.051
payO4WNef2,Einsum,/job:localhost/replica:0/task:0/device:GPU:0,51.0,0.051
ysxh74LAbF,ConcatV2,/job:localhost/replica:0/task:0/device:GPU:0,51.0,0.051
PR4arjiBsw,Const,/job:localhost/replica:0/task:0/device:GPU:0,50.0,0.05
F5VHLAz4Z3,Const,/job:localhost/replica:0/task:0/device:GPU:0,50.0,0.05
wu081RUCmk,Const,/job:localhost/replica:0/task:0/device:GPU:0,50.0,0.05
0qSyZfoBHi,Slice,/job:localhost/replica:0/task:0/device:GPU:0,50.0,0.05
xgl4kv7tfY,Slice,/job:localhost/replica:0/task:0/device:GPU:0,50.0,0.05
WuML4hw1zo,Const,/job:localhost/replica:0/task:0/device:GPU:0,50.0,0.05
yKkVRCZ4a3,Slice,/job:localhost/replica:0/task:0/device:GPU:0,50.0,0.05
Cf6P2HAYa9,ConcatV2,/job:localhost/replica:0/task:0/device:GPU:0,50.0,0.05
dnAmICT1UW,MatMul,/job:localhost/replica:0/task:0/device:GPU:0,50.0,0.05
u0zTESYOUx,Const,/job:localhost/replica:0/task:0/device:GPU:0,49.0,0.049
fKR9OakCcX,Const,/job:localhost/replica:0/task:0/device:GPU:0,49.0,0.049
oNeZsHMErd,Const,/job:localhost/replica:0/task:0/device:GPU:0,49.0,0.049
EfJLDVZOq7,Select,/job:localhost/replica:0/task:0/device:GPU:0,49.0,0.049
oV91IwT4NL,SquaredDifference,/job:localhost/replica:0/task:0/device:GPU:0,49.0,0.049
a60dpf9YOL,MatMul,/job:localhost/replica:0/task:0/device:GPU:0,49.0,0.049
WcTaQxkYID,MatMul,/job:localhost/replica:0/task:0/device:GPU:0,49.0,0.049
A3pwuLYZHN,MatMul,/job:localhost/replica:0/task:0/device:GPU:0,49.0,0.049
_arg_X8T5mwx07G_0_528,Placeholder,/job:localhost/replica:0/task:0/device:CPU:0,49.0,0.049
Y8KPivqw5u,Const,/job:localhost/replica:0/task:0/device:GPU:0,48.0,0.048
dtng6VvkUh,Const,/job:localhost/replica:0/task:0/device:GPU:0,48.0,0.048
ZNbFUEC8wv,Slice,/job:localhost/replica:0/task:0/device:GPU:0,48.0,0.048
HxzpX1egAV,Slice,/job:localhost/replica:0/task:0/device:GPU:0,48.0,0.048
Dxzj39gRXf,Slice,/job:localhost/replica:0/task:0/device:GPU:0,48.0,0.048
2syLmixR0S,BatchMatMulV2,/job:localhost/replica:0/task:0/device:GPU:0,48.0,0.048
BH0pxuQ5Dm,RandomUniform,/job:localhost/replica:0/task:0/device:GPU:0,48.0,0.048
BhQHkb04vI,MatMul,/job:localhost/replica:0/task:0/device:GPU:0,48.0,0.048
2axOcVpNAd,Const,/job:localhost/replica:0/task:0/device:GPU:0,47.0,0.047
LN2t9eD3da,Const,/job:localhost/replica:0/task:0/device:GPU:0,47.0,0.047
53sWjZMicY,Slice,/job:localhost/replica:0/task:0/device:GPU:0,47.0,0.047
mzjUM8WBdk,Slice,/job:localhost/replica:0/task:0/device:GPU:0,47.0,0.047
F2Qud7e6V5,Slice,/job:localhost/replica:0/task:0/device:GPU:0,47.0,0.047
vSa810h6Ne,Slice,/job:localhost/replica:0/task:0/device:GPU:0,47.0,0.047
OVoczkCAR0,Slice,/job:localhost/replica:0/task:0/device:GPU:0,47.0,0.047
esif59Uuz4,Slice,/job:localhost/replica:0/task:0/device:GPU:0,47.0,0.047
qJ2XuKnpDQ,Slice,/job:localhost/replica:0/task:0/device:GPU:0,47.0,0.047
FPujMhiXYg,Const,/job:localhost/replica:0/task:0/device:GPU:0,47.0,0.047
MiPD7lk2fm,ZerosLike,/job:localhost/replica:0/task:0/device:GPU:0,47.0,0.047
JklcoC8T9f,RandomUniform,/job:localhost/replica:0/task:0/device:GPU:0,47.0,0.047
wX152KGJpg,MatMul,/job:localhost/replica:0/task:0/device:GPU:0,47.0,0.047
CgYQAdBc1Z,Const,/job:localhost/replica:0/task:0/device:GPU:0,46.0,0.046
qaBujiNexg,Const,/job:localhost/replica:0/task:0/device:GPU:0,46.0,0.046
OnouUdAlZR,Slice,/job:localhost/replica:0/task:0/device:GPU:0,46.0,0.046
RqBtr53vuS,Slice,/job:localhost/replica:0/task:0/device:GPU:0,46.0,0.046
kacQ1Tq9Yi,Slice,/job:localhost/replica:0/task:0/device:GPU:0,46.0,0.046
7GcToWq5ub,Const,/job:localhost/replica:0/task:0/device:GPU:0,46.0,0.046
6vk18AgpMF,Const,/job:localhost/replica:0/task:0/device:GPU:0,46.0,0.046
lojU9f7ay5,MatMul,/job:localhost/replica:0/task:0/device:GPU:0,46.0,0.046
fCGiuLUdjn,ConcatV2,/job:localhost/replica:0/task:0/device:GPU:0,46.0,0.046
8XZSWtvVqm,Const,/job:localhost/replica:0/task:0/device:GPU:0,45.0,0.045
ZYPzaUQq6V,Const,/job:localhost/replica:0/task:0/device:GPU:0,45.0,0.045
rXUhDp4SlE,Const,/job:localhost/replica:0/task:0/device:GPU:0,45.0,0.045
PSYwH2cEV5,Slice,/job:localhost/replica:0/task:0/device:GPU:0,45.0,0.045
zVCgl79RPY,MatMul,/job:localhost/replica:0/task:0/device:GPU:0,45.0,0.045
XvjlsmSwVF,Const,/job:localhost/replica:0/task:0/device:GPU:0,45.0,0.045
beOu78wsny,Cast,/job:localhost/replica:0/task:0/device:GPU:0,45.0,0.045
IRhUPbutsZ,Const,/job:localhost/replica:0/task:0/device:GPU:0,44.0,0.044
QhCEPJFeUa,Const,/job:localhost/replica:0/task:0/device:GPU:0,44.0,0.044
xzlMCW4A9j,Slice,/job:localhost/replica:0/task:0/device:GPU:0,44.0,0.044
t64PqFudDg,Const,/job:localhost/replica:0/task:0/device:GPU:0,44.0,0.044
De3sj1mQzh,Const,/job:localhost/replica:0/task:0/device:GPU:0,44.0,0.044
r0kCQNZEfq,Const,/job:localhost/replica:0/task:0/device:GPU:0,44.0,0.044
KMHv2jq34T,Const,/job:localhost/replica:0/task:0/device:GPU:0,44.0,0.044
TY8UHEA205,Slice,/job:localhost/replica:0/task:0/device:GPU:0,44.0,0.044
PHCw4lo9iF,Unpack,/job:localhost/replica:0/task:0/device:GPU:0,44.0,0.044
2PCHi5dvZo,Const,/job:localhost/replica:0/task:0/device:GPU:0,43.0,0.043
Y2TEDVH35N,Const,/job:localhost/replica:0/task:0/device:GPU:0,43.0,0.043
AyF6rDLYMO,Slice,/job:localhost/replica:0/task:0/device:GPU:0,43.0,0.043
vL27m3wNaE,Const,/job:localhost/replica:0/task:0/device:GPU:0,43.0,0.043
m8eFUjn4Za,Cast,/job:localhost/replica:0/task:0/device:GPU:0,43.0,0.043
lswAQMdxEi,MatMul,/job:localhost/replica:0/task:0/device:GPU:0,43.0,0.043
UtCGK9fqBF,MatMul,/job:localhost/replica:0/task:0/device:GPU:0,43.0,0.043
DmdwKePpxT,Const,/job:localhost/replica:0/task:0/device:GPU:0,42.0,0.042
3nXERgekBd,Const,/job:localhost/replica:0/task:0/device:GPU:0,42.0,0.042
bjQGINx1pe,Slice,/job:localhost/replica:0/task:0/device:GPU:0,42.0,0.042
m4p0xaTIle,Slice,/job:localhost/replica:0/task:0/device:GPU:0,42.0,0.042
Gp205kqYdB,Const,/job:localhost/replica:0/task:0/device:GPU:0,42.0,0.042
R2aTBuj15K,RandomUniform,/job:localhost/replica:0/task:0/device:GPU:0,42.0,0.042
ChmcpIYQzJ,Fill,/job:localhost/replica:0/task:0/device:GPU:0,42.0,0.042
zdU7lHb42T,MatMul,/job:localhost/replica:0/task:0/device:GPU:0,42.0,0.042
g1akdn4Gqi,MatMul,/job:localhost/replica:0/task:0/device:GPU:0,42.0,0.042
vrqhcos9ZA,MatMul,/job:localhost/replica:0/task:0/device:GPU:0,42.0,0.042
wru28hHRQs,Const,/job:localhost/replica:0/task:0/device:GPU:0,41.0,0.041
1rJhV4qvK7,Const,/job:localhost/replica:0/task:0/device:GPU:0,41.0,0.041
ACJ4xi2uoK,Slice,/job:localhost/replica:0/task:0/device:GPU:0,41.0,0.041
MTcKuXHehi,Slice,/job:localhost/replica:0/task:0/device:GPU:0,41.0,0.041
TyOQbKp2cG,Slice,/job:localhost/replica:0/task:0/device:GPU:0,41.0,0.041
yc423Oqz6e,Const,/job:localhost/replica:0/task:0/device:GPU:0,41.0,0.041
J3EolKm4zI,Const,/job:localhost/replica:0/task:0/device:GPU:0,41.0,0.041
86K9wXsQDa,ZerosLike,/job:localhost/replica:0/task:0/device:GPU:0,41.0,0.041
4SIPn0HmVN,Const,/job:localhost/replica:0/task:0/device:GPU:0,41.0,0.041
GebSXHDvI0,BitwiseAnd,/job:localhost/replica:0/task:0/device:GPU:0,41.0,0.041
BXs3rURkvT,MatMul,/job:localhost/replica:0/task:0/device:GPU:0,41.0,0.041
Cw8oAqWpTg,Const,/job:localhost/replica:0/task:0/device:GPU:0,40.0,0.04
zqWrNd8nH7,Const,/job:localhost/replica:0/task:0/device:GPU:0,40.0,0.04
mapcjnOC67,Slice,/job:localhost/replica:0/task:0/device:GPU:0,40.0,0.04
UQ2fxSug1i,Slice,/job:localhost/replica:0/task:0/device:GPU:0,40.0,0.04
X0AziLFnhk,Slice,/job:localhost/replica:0/task:0/device:GPU:0,40.0,0.04
i1Tl53In8m,Slice,/job:localhost/replica:0/task:0/device:GPU:0,40.0,0.04
T7FDULfKq1,Const,/job:localhost/replica:0/task:0/device:GPU:0,40.0,0.04
ViS1LXMBT2,Fill,/job:localhost/replica:0/task:0/device:GPU:0,40.0,0.04
STkG9RfXzi,Add,/job:localhost/replica:0/task:0/device:GPU:0,40.0,0.04
sNS1VAFY0R,MatMul,/job:localhost/replica:0/task:0/device:GPU:0,40.0,0.04
bR6j2GzvK7,MatMul,/job:localhost/replica:0/task:0/device:GPU:0,40.0,0.04
X1eVxTJgsZ,Slice,/job:localhost/replica:0/task:0/device:GPU:0,39.0,0.039
dGarLpWnON,Slice,/job:localhost/replica:0/task:0/device:GPU:0,39.0,0.039
o9Mv6ksL2a,Slice,/job:localhost/replica:0/task:0/device:GPU:0,39.0,0.039
1CylFMiHAu,Slice,/job:localhost/replica:0/task:0/device:GPU:0,39.0,0.039
g5TkdLem6n,Tile,/job:localhost/replica:0/task:0/device:GPU:0,39.0,0.039
ZlPFoQHeac,Slice,/job:localhost/replica:0/task:0/device:GPU:0,39.0,0.039
kcgbUnN4xz,Cast,/job:localhost/replica:0/task:0/device:GPU:0,39.0,0.039
OlVKRA1TDu,MatMul,/job:localhost/replica:0/task:0/device:GPU:0,39.0,0.039
1Lmy2Gwe5v,Const,/job:localhost/replica:0/task:0/device:GPU:0,38.0,0.038
RsWIKYn678,Const,/job:localhost/replica:0/task:0/device:GPU:0,38.0,0.038
rF4bjCWqZx,Slice,/job:localhost/replica:0/task:0/device:GPU:0,38.0,0.038
gP7qaoL3x9,Slice,/job:localhost/replica:0/task:0/device:GPU:0,38.0,0.038
YHBpUA2J3o,Slice,/job:localhost/replica:0/task:0/device:GPU:0,38.0,0.038
6iuhrdJXts,Const,/job:localhost/replica:0/task:0/device:GPU:0,38.0,0.038
dAkTw9DEFI,ConcatV2,/job:localhost/replica:0/task:0/device:GPU:0,38.0,0.038
xRsGuiP7QD,Pow,/job:localhost/replica:0/task:0/device:GPU:0,38.0,0.038
wZv5DGsxnF,MatMul,/job:localhost/replica:0/task:0/device:GPU:0,38.0,0.038
niWZF8yHSG,Const,/job:localhost/replica:0/task:0/device:GPU:0,37.0,0.037
emdqiB5E91,Const,/job:localhost/replica:0/task:0/device:GPU:0,37.0,0.037
1V0jO8c6tL,Slice,/job:localhost/replica:0/task:0/device:GPU:0,37.0,0.037
qo3bxGQnmU,Slice,/job:localhost/replica:0/task:0/device:GPU:0,37.0,0.037
6Kg8SiETpv,Slice,/job:localhost/replica:0/task:0/device:GPU:0,37.0,0.037
RN52Ar1qDY,Slice,/job:localhost/replica:0/task:0/device:GPU:0,37.0,0.037
WiUbVl5XBn,Slice,/job:localhost/replica:0/task:0/device:GPU:0,37.0,0.037
CuBGJfrtSm,Slice,/job:localhost/replica:0/task:0/device:GPU:0,37.0,0.037
DyvXq9E0Uu,Const,/job:localhost/replica:0/task:0/device:GPU:0,37.0,0.037
qiZ4jNtARC,Const,/job:localhost/replica:0/task:0/device:GPU:0,37.0,0.037
jJc3LbyUPk,Fill,/job:localhost/replica:0/task:0/device:GPU:0,37.0,0.037
nAMVak4Kmo,BitwiseAnd,/job:localhost/replica:0/task:0/device:GPU:0,37.0,0.037
DKdoQpx39C,ConcatV2,/job:localhost/replica:0/task:0/device:GPU:0,37.0,0.037
oPWImK4taT,MatMul,/job:localhost/replica:0/task:0/device:GPU:0,37.0,0.037
qH9N42pz7I,Const,/job:localhost/replica:0/task:0/device:GPU:0,36.0,0.036
AQwoJCpUsP,Slice,/job:localhost/replica:0/task:0/device:GPU:0,36.0,0.036
TKsvkJaniG,Slice,/job:localhost/replica:0/task:0/device:GPU:0,36.0,0.036
6Kf3vaG5UE,Slice,/job:localhost/replica:0/task:0/device:GPU:0,36.0,0.036
FOrZRMAS42,Slice,/job:localhost/replica:0/task:0/device:GPU:0,36.0,0.036
AlwS5TMcj8,Slice,/job:localhost/replica:0/task:0/device:GPU:0,36.0,0.036
EgaRsDKGjv,Slice,/job:localhost/replica:0/task:0/device:GPU:0,36.0,0.036
K6lMNskC0u,Const,/job:localhost/replica:0/task:0/device:GPU:0,36.0,0.036
NkAl6TQedX,ConcatV2,/job:localhost/replica:0/task:0/device:GPU:0,36.0,0.036
fIV50FkWxD,SquaredDifference,/job:localhost/replica:0/task:0/device:GPU:0,36.0,0.036
fL59k8o1qs,MatMul,/job:localhost/replica:0/task:0/device:GPU:0,36.0,0.036
4ViG15BDh0,ConcatV2,/job:localhost/replica:0/task:0/device:GPU:0,36.0,0.036
JcF5owxavS,Const,/job:localhost/replica:0/task:0/device:GPU:0,35.0,0.035
5vKHJgXm7M,Slice,/job:localhost/replica:0/task:0/device:GPU:0,35.0,0.035
9JUCsqPljL,Slice,/job:localhost/replica:0/task:0/device:GPU:0,35.0,0.035
1Lbr5RcOA8,Slice,/job:localhost/replica:0/task:0/device:GPU:0,35.0,0.035
mJCrNjPblz,Const,/job:localhost/replica:0/task:0/device:GPU:0,35.0,0.035
VQR321UWnE,Slice,/job:localhost/replica:0/task:0/device:GPU:0,35.0,0.035
F27c13pdaN,Slice,/job:localhost/replica:0/task:0/device:GPU:0,35.0,0.035
VU1MSetQFL,Equal,/job:localhost/replica:0/task:0/device:GPU:0,35.0,0.035
5akzun4ZOs,ConcatV2,/job:localhost/replica:0/task:0/device:GPU:0,35.0,0.035
MDOmSRdHzQ,MatMul,/job:localhost/replica:0/task:0/device:GPU:0,35.0,0.035
KrqgiS0NoQ,MatMul,/job:localhost/replica:0/task:0/device:GPU:0,35.0,0.035
8wPBa6WAFe,Pow,/job:localhost/replica:0/task:0/device:GPU:0,35.0,0.035
ZKB3wFT2pg,MatMul,/job:localhost/replica:0/task:0/device:GPU:0,35.0,0.035
Vn2eUiH4qF,MatMul,/job:localhost/replica:0/task:0/device:GPU:0,35.0,0.035
FoJKlb2Qi0,Slice,/job:localhost/replica:0/task:0/device:GPU:0,34.0,0.034
nzRlgkCKIV,Slice,/job:localhost/replica:0/task:0/device:GPU:0,34.0,0.034
tIAjK0SyPN,Slice,/job:localhost/replica:0/task:0/device:GPU:0,34.0,0.034
hq9ikPo7FY,Slice,/job:localhost/replica:0/task:0/device:GPU:0,34.0,0.034
H5N27WOnVj,Slice,/job:localhost/replica:0/task:0/device:GPU:0,34.0,0.034
6Wh42aZoiQ,Slice,/job:localhost/replica:0/task:0/device:GPU:0,34.0,0.034
V3sbMuYa9h,Slice,/job:localhost/replica:0/task:0/device:GPU:0,34.0,0.034
OWJINCVMrw,Const,/job:localhost/replica:0/task:0/device:GPU:0,34.0,0.034
lLyFMIQqfn,Sub,/job:localhost/replica:0/task:0/device:GPU:0,34.0,0.034
EX3TCp8OfQ,MatMul,/job:localhost/replica:0/task:0/device:GPU:0,34.0,0.034
ChMobjXsvR,Const,/job:localhost/replica:0/task:0/device:GPU:0,33.0,0.033
tCk4cr3Wbo,Slice,/job:localhost/replica:0/task:0/device:GPU:0,33.0,0.033
2mdxME0STQ,Slice,/job:localhost/replica:0/task:0/device:GPU:0,33.0,0.033
CM9pEQFdmS,Slice,/job:localhost/replica:0/task:0/device:GPU:0,33.0,0.033
V5Mk2TIKqU,Slice,/job:localhost/replica:0/task:0/device:GPU:0,33.0,0.033
tAJwovrL6y,Slice,/job:localhost/replica:0/task:0/device:GPU:0,33.0,0.033
HTVPhGcF14,Slice,/job:localhost/replica:0/task:0/device:GPU:0,33.0,0.033
1AXl0kNE5F,Const,/job:localhost/replica:0/task:0/device:GPU:0,33.0,0.033
cwC8lzabVm,Const,/job:localhost/replica:0/task:0/device:GPU:0,33.0,0.033
1vENigl03M,Const,/job:localhost/replica:0/task:0/device:GPU:0,33.0,0.033
J1QcThVN0u,RandomUniform,/job:localhost/replica:0/task:0/device:GPU:0,33.0,0.033
7LnWbGorZR,Slice,/job:localhost/replica:0/task:0/device:GPU:0,33.0,0.033
3sM01hlUut,MatMul,/job:localhost/replica:0/task:0/device:GPU:0,33.0,0.033
KRnQ48ZLmc,MatMul,/job:localhost/replica:0/task:0/device:GPU:0,33.0,0.033
2CiaZdRb60,Const,/job:localhost/replica:0/task:0/device:GPU:0,32.0,0.032
g0qQerK7Pm/_270__cf__270,Reshape,/job:localhost/replica:0/task:0/device:GPU:0,32.0,0.032
VRJOTbidY3,Slice,/job:localhost/replica:0/task:0/device:GPU:0,32.0,0.032
mWiAgrOf3d,Slice,/job:localhost/replica:0/task:0/device:GPU:0,32.0,0.032
MQrq85j1Pd,Slice,/job:localhost/replica:0/task:0/device:GPU:0,32.0,0.032
glfvJTXLsI,Slice,/job:localhost/replica:0/task:0/device:GPU:0,32.0,0.032
HrIJKphzZR,Slice,/job:localhost/replica:0/task:0/device:GPU:0,32.0,0.032
eIlmfaRSn4,Const,/job:localhost/replica:0/task:0/device:GPU:0,32.0,0.032
zyY3tj0Nsh,Const,/job:localhost/replica:0/task:0/device:GPU:0,32.0,0.032
BJrZ9bpqtO,Const,/job:localhost/replica:0/task:0/device:GPU:0,32.0,0.032
KC37ZwRkt9,Const,/job:localhost/replica:0/task:0/device:GPU:0,32.0,0.032
V2KMT6JDwX,Const,/job:localhost/replica:0/task:0/device:GPU:0,32.0,0.032
TmhlHw8IAd,Const,/job:localhost/replica:0/task:0/device:GPU:0,32.0,0.032
5NtZHhWm4j,Less,/job:localhost/replica:0/task:0/device:GPU:0,32.0,0.032
Yf4NZcupSL,Sum,/job:localhost/replica:0/task:0/device:GPU:0,32.0,0.032
shmqv7lwFN,BatchMatMulV2,/job:localhost/replica:0/task:0/device:GPU:0,32.0,0.032
3Ml2hURKi8,MatMul,/job:localhost/replica:0/task:0/device:GPU:0,32.0,0.032
RTgSiqQVOv,MatMul,/job:localhost/replica:0/task:0/device:GPU:0,32.0,0.032
8KB1L5sCAT,MatMul,/job:localhost/replica:0/task:0/device:GPU:0,32.0,0.032
5elCu0kyam,MatMul,/job:localhost/replica:0/task:0/device:GPU:0,32.0,0.032
mfIPS89MUW,Slice,/job:localhost/replica:0/task:0/device:GPU:0,31.0,0.031
PRSHwTN7Cb,Slice,/job:localhost/replica:0/task:0/device:GPU:0,31.0,0.031
MfCvySWuKg,Slice,/job:localhost/replica:0/task:0/device:GPU:0,31.0,0.031
MHbeTRiXyz,Slice,/job:localhost/replica:0/task:0/device:GPU:0,31.0,0.031
9uXj8OKmMU,Slice,/job:localhost/replica:0/task:0/device:GPU:0,31.0,0.031
efZIBRyCbc,Slice,/job:localhost/replica:0/task:0/device:GPU:0,31.0,0.031
s1fzFY2Uk5,Const,/job:localhost/replica:0/task:0/device:GPU:0,31.0,0.031
cdEvntOqzb,Const,/job:localhost/replica:0/task:0/device:GPU:0,31.0,0.031
ZAUsnPC96v,Const,/job:localhost/replica:0/task:0/device:GPU:0,31.0,0.031
rK3pJngLqD,Const,/job:localhost/replica:0/task:0/device:GPU:0,31.0,0.031
UBfEAjxlhu,Const,/job:localhost/replica:0/task:0/device:GPU:0,31.0,0.031
w0rUpH1Fhg,Const,/job:localhost/replica:0/task:0/device:GPU:0,31.0,0.031
SEezP79BAv,SquaredDifference,/job:localhost/replica:0/task:0/device:GPU:0,31.0,0.031
86XHtAvrDz,MatMul,/job:localhost/replica:0/task:0/device:GPU:0,31.0,0.031
sB46lcv5IF,MatMul,/job:localhost/replica:0/task:0/device:GPU:0,31.0,0.031
bye4Jv8OmV,MatMul,/job:localhost/replica:0/task:0/device:GPU:0,31.0,0.031
ZORdxcLy7S,MatMul,/job:localhost/replica:0/task:0/device:GPU:0,31.0,0.031
9dEt4wxur2,MatMul,/job:localhost/replica:0/task:0/device:GPU:0,31.0,0.031
eRdKBtQ46F,MatMul,/job:localhost/replica:0/task:0/device:GPU:0,31.0,0.031
nHiIC4SwGM,MatMul,/job:localhost/replica:0/task:0/device:GPU:0,31.0,0.031
1LltNrnFuX,MatMul,/job:localhost/replica:0/task:0/device:GPU:0,31.0,0.031
ruQIKndlTp,MatMul,/job:localhost/replica:0/task:0/device:GPU:0,31.0,0.031
L0QylEDget,Slice,/job:localhost/replica:0/task:0/device:GPU:0,30.0,0.03
BEKoP9SQ6d,Slice,/job:localhost/replica:0/task:0/device:GPU:0,30.0,0.03
G5oCR0ny6e,Slice,/job:localhost/replica:0/task:0/device:GPU:0,30.0,0.03
kT7nhUzBWX,Slice,/job:localhost/replica:0/task:0/device:GPU:0,30.0,0.03
2Acyhv51zW,Slice,/job:localhost/replica:0/task:0/device:GPU:0,30.0,0.03
nvjwToi8P6,Slice,/job:localhost/replica:0/task:0/device:GPU:0,30.0,0.03
PX42FBepf6,Slice,/job:localhost/replica:0/task:0/device:GPU:0,30.0,0.03
xv60HBu4UT,Slice,/job:localhost/replica:0/task:0/device:GPU:0,30.0,0.03
YSdvwnJIkq,Slice,/job:localhost/replica:0/task:0/device:GPU:0,30.0,0.03
R0LYAkDUbN,Slice,/job:localhost/replica:0/task:0/device:GPU:0,30.0,0.03
zW9pDjSEfm,Const,/job:localhost/replica:0/task:0/device:GPU:0,30.0,0.03
omZvG2T7XO,Const,/job:localhost/replica:0/task:0/device:GPU:0,30.0,0.03
hmXYMdbycz,Const,/job:localhost/replica:0/task:0/device:GPU:0,30.0,0.03
4oge01hwUP,Const,/job:localhost/replica:0/task:0/device:GPU:0,30.0,0.03
fYyBrW6Ekz,Const,/job:localhost/replica:0/task:0/device:GPU:0,30.0,0.03
O3ncqIhB5g,Const,/job:localhost/replica:0/task:0/device:GPU:0,30.0,0.03
0oZNzqOt4n,Equal,/job:localhost/replica:0/task:0/device:GPU:0,30.0,0.03
rpsqmAZX3V,RandomUniform,/job:localhost/replica:0/task:0/device:GPU:0,30.0,0.03
0Bfhgsobu7,RandomUniform,/job:localhost/replica:0/task:0/device:GPU:0,30.0,0.03
a0Ax9ihqsl,MatMul,/job:localhost/replica:0/task:0/device:GPU:0,30.0,0.03
uPGwA3c7il,MatMul,/job:localhost/replica:0/task:0/device:GPU:0,30.0,0.03
J8fvSUPxMm,MatMul,/job:localhost/replica:0/task:0/device:GPU:0,30.0,0.03
3k9i6I4cnh,MatMul,/job:localhost/replica:0/task:0/device:GPU:0,30.0,0.03
VMEaZgU7Xs,MatMul,/job:localhost/replica:0/task:0/device:GPU:0,30.0,0.03
diZ2Fjzon0,MatMul,/job:localhost/replica:0/task:0/device:GPU:0,30.0,0.03
tRODs50hST,MatMul,/job:localhost/replica:0/task:0/device:GPU:0,30.0,0.03
PS6yiAo23F,MatMul,/job:localhost/replica:0/task:0/device:GPU:0,30.0,0.03
OB9apq5XR8,MatMul,/job:localhost/replica:0/task:0/device:GPU:0,30.0,0.03
XvxZH4YCA1,MatMul,/job:localhost/replica:0/task:0/device:GPU:0,30.0,0.03
5ltprDHyxN,MatMul,/job:localhost/replica:0/task:0/device:GPU:0,30.0,0.03
Sn01Kw2Yed,ConcatV2,/job:localhost/replica:0/task:0/device:GPU:0,30.0,0.03
MrQA0VUP5z,Slice,/job:localhost/replica:0/task:0/device:GPU:0,29.0,0.029
ydhJwNkjZ2,Slice,/job:localhost/replica:0/task:0/device:GPU:0,29.0,0.029
ZKkT1Pe0gD,Slice,/job:localhost/replica:0/task:0/device:GPU:0,29.0,0.029
hXPfl0K3Dy,Slice,/job:localhost/replica:0/task:0/device:GPU:0,29.0,0.029
xTp7rozZcK,Slice,/job:localhost/replica:0/task:0/device:GPU:0,29.0,0.029
mv0qx2jCBY,Slice,/job:localhost/replica:0/task:0/device:GPU:0,29.0,0.029
tN8qzrZ1AU,Slice,/job:localhost/replica:0/task:0/device:GPU:0,29.0,0.029
mVaptBwKLW,Slice,/job:localhost/replica:0/task:0/device:GPU:0,29.0,0.029
xan6vVTN1f,Slice,/job:localhost/replica:0/task:0/device:GPU:0,29.0,0.029
QgYVNLZbWy,Slice,/job:localhost/replica:0/task:0/device:GPU:0,29.0,0.029
9GBVWH7UfN,Slice,/job:localhost/replica:0/task:0/device:GPU:0,29.0,0.029
1zrcDeI2C5,Slice,/job:localhost/replica:0/task:0/device:GPU:0,29.0,0.029
Hwt2jPaybE,Slice,/job:localhost/replica:0/task:0/device:GPU:0,29.0,0.029
yDfP7wSsnt,Slice,/job:localhost/replica:0/task:0/device:GPU:0,29.0,0.029
u85FfkSxRG,Const,/job:localhost/replica:0/task:0/device:GPU:0,29.0,0.029
uGryDA4sm3,Const,/job:localhost/replica:0/task:0/device:GPU:0,29.0,0.029
GmMWazDLte,Const,/job:localhost/replica:0/task:0/device:GPU:0,29.0,0.029
X85JnUtNFg,Const,/job:localhost/replica:0/task:0/device:GPU:0,29.0,0.029
SHzbLVPZk9,Const,/job:localhost/replica:0/task:0/device:GPU:0,29.0,0.029
KnHec9DtxR,Const,/job:localhost/replica:0/task:0/device:GPU:0,29.0,0.029
vLhfTKCF0Y,Const,/job:localhost/replica:0/task:0/device:GPU:0,29.0,0.029
7X2xEdoPZi,Const,/job:localhost/replica:0/task:0/device:GPU:0,29.0,0.029
DuzcHI4QEt,Const,/job:localhost/replica:0/task:0/device:GPU:0,29.0,0.029
np8YfCHlmq,Const,/job:localhost/replica:0/task:0/device:GPU:0,29.0,0.029
Grt0qP9B4R,Const,/job:localhost/replica:0/task:0/device:GPU:0,29.0,0.029
wVYRi5f2Tg,Cast,/job:localhost/replica:0/task:0/device:GPU:0,29.0,0.029
QFfGBvnhUs,Mul,/job:localhost/replica:0/task:0/device:GPU:0,29.0,0.029
I4iR0Go6hU,MatMul,/job:localhost/replica:0/task:0/device:GPU:0,29.0,0.029
uPGfT1CirI,MatMul,/job:localhost/replica:0/task:0/device:GPU:0,29.0,0.029
JQYbvLzEPs,MatMul,/job:localhost/replica:0/task:0/device:GPU:0,29.0,0.029
4VmQh3HMl0,MatMul,/job:localhost/replica:0/task:0/device:GPU:0,29.0,0.029
f7R0nANKET,MatMul,/job:localhost/replica:0/task:0/device:GPU:0,29.0,0.029
UMgnCia4kt,MatMul,/job:localhost/replica:0/task:0/device:GPU:0,29.0,0.029
oNbqDvEk31,MatMul,/job:localhost/replica:0/task:0/device:GPU:0,29.0,0.029
PD1sTX5HSk,MatMul,/job:localhost/replica:0/task:0/device:GPU:0,29.0,0.029
kOu9QnrfaR,MatMul,/job:localhost/replica:0/task:0/device:GPU:0,29.0,0.029
7df3PkCv4O,MatMul,/job:localhost/replica:0/task:0/device:GPU:0,29.0,0.029
5gNJVnYy2d,BatchMatMulV2,/job:localhost/replica:0/task:0/device:GPU:0,29.0,0.029
zuHaT31KjV,MatMul,/job:localhost/replica:0/task:0/device:GPU:0,29.0,0.029
riTRJhtS2C,MatMul,/job:localhost/replica:0/task:0/device:GPU:0,29.0,0.029
hyeX7RpUEP,MatMul,/job:localhost/replica:0/task:0/device:GPU:0,29.0,0.029
3cEWaBRKCL,MatMul,/job:localhost/replica:0/task:0/device:GPU:0,29.0,0.029
AuOqoxgKaZ,MatMul,/job:localhost/replica:0/task:0/device:GPU:0,29.0,0.029
oXxQYDCWBi,MatMul,/job:localhost/replica:0/task:0/device:GPU:0,29.0,0.029
QE3HXobcKZ,ConcatV2,/job:localhost/replica:0/task:0/device:GPU:0,29.0,0.029
QjLZz8NPCA,Slice,/job:localhost/replica:0/task:0/device:GPU:0,28.0,0.028
R6WnYfBgo4,Slice,/job:localhost/replica:0/task:0/device:GPU:0,28.0,0.028
gCbtPl2W5k,Slice,/job:localhost/replica:0/task:0/device:GPU:0,28.0,0.028
gnfBqS2Gwj,Slice,/job:localhost/replica:0/task:0/device:GPU:0,28.0,0.028
rvB5ux9FTg,Slice,/job:localhost/replica:0/task:0/device:GPU:0,28.0,0.028
D8Bxu1HvE4,Rsqrt,/job:localhost/replica:0/task:0/device:GPU:0,28.0,0.028
UXPtToAnhB,Slice,/job:localhost/replica:0/task:0/device:GPU:0,28.0,0.028
BRm0lFQUWA,Slice,/job:localhost/replica:0/task:0/device:GPU:0,28.0,0.028
EdbXjclGuP,Slice,/job:localhost/replica:0/task:0/device:GPU:0,28.0,0.028
fz4b7vYGop,Const,/job:localhost/replica:0/task:0/device:GPU:0,28.0,0.028
fOlZJUhIok,Const,/job:localhost/replica:0/task:0/device:GPU:0,28.0,0.028
ANQxbSrgCY,Const,/job:localhost/replica:0/task:0/device:GPU:0,28.0,0.028
wvgAQ63IOp,Const,/job:localhost/replica:0/task:0/device:GPU:0,28.0,0.028
QIsMOfN9m4,Const,/job:localhost/replica:0/task:0/device:GPU:0,28.0,0.028
3FB7toY52n,Const,/job:localhost/replica:0/task:0/device:GPU:0,28.0,0.028
AIPeEp2RUT,Const,/job:localhost/replica:0/task:0/device:GPU:0,28.0,0.028
ni4az0fkP1,Const,/job:localhost/replica:0/task:0/device:GPU:0,28.0,0.028
jsEwPNBXe2,Const,/job:localhost/replica:0/task:0/device:GPU:0,28.0,0.028
5NWxun2Dzp,Const,/job:localhost/replica:0/task:0/device:GPU:0,28.0,0.028
09reKtPdRD,ZerosLike,/job:localhost/replica:0/task:0/device:GPU:0,28.0,0.028
NRPYc8XMgn,RandomUniform,/job:localhost/replica:0/task:0/device:GPU:0,28.0,0.028
b1lQUCG6vt,Fill,/job:localhost/replica:0/task:0/device:GPU:0,28.0,0.028
w4Qm80TBV6,ConcatV2,/job:localhost/replica:0/task:0/device:GPU:0,28.0,0.028
8fSsnBjlLY,MatMul,/job:localhost/replica:0/task:0/device:GPU:0,28.0,0.028
imzbaZr4kN,MatMul,/job:localhost/replica:0/task:0/device:GPU:0,28.0,0.028
G07Ilc6aeZ,MatMul,/job:localhost/replica:0/task:0/device:GPU:0,28.0,0.028
jAehlywrMW,MatMul,/job:localhost/replica:0/task:0/device:GPU:0,28.0,0.028
KXjlV4JbBH,MatMul,/job:localhost/replica:0/task:0/device:GPU:0,28.0,0.028
q5H0rUwV7E,MatMul,/job:localhost/replica:0/task:0/device:GPU:0,28.0,0.028
wANgHaxC7T,MatMul,/job:localhost/replica:0/task:0/device:GPU:0,28.0,0.028
GoaA8OS17K,SplitV,/job:localhost/replica:0/task:0/device:GPU:0,28.0,0.028
DXr91fZNw3,Slice,/job:localhost/replica:0/task:0/device:GPU:0,27.0,0.027
FMZ1a7dSiE,Slice,/job:localhost/replica:0/task:0/device:GPU:0,27.0,0.027
qIDei07SdR,Slice,/job:localhost/replica:0/task:0/device:GPU:0,27.0,0.027
owRdenc7hC,Slice,/job:localhost/replica:0/task:0/device:GPU:0,27.0,0.027
HoaiS93cfK,Slice,/job:localhost/replica:0/task:0/device:GPU:0,27.0,0.027
RjM8xVr7c6,Slice,/job:localhost/replica:0/task:0/device:GPU:0,27.0,0.027
CRtOvyHaF3,Slice,/job:localhost/replica:0/task:0/device:GPU:0,27.0,0.027
rOnpMZuymW,Slice,/job:localhost/replica:0/task:0/device:GPU:0,27.0,0.027
lU0QDVgWIa,Slice,/job:localhost/replica:0/task:0/device:GPU:0,27.0,0.027
bwg8VATJKP,Slice,/job:localhost/replica:0/task:0/device:GPU:0,27.0,0.027
FHp419izED,Slice,/job:localhost/replica:0/task:0/device:GPU:0,27.0,0.027
NmXojIrOyd,Slice,/job:localhost/replica:0/task:0/device:GPU:0,27.0,0.027
m4FxbMLYE8,Slice,/job:localhost/replica:0/task:0/device:GPU:0,27.0,0.027
j7Wevmts5J,Slice,/job:localhost/replica:0/task:0/device:GPU:0,27.0,0.027
rHqc4dGoSw,Slice,/job:localhost/replica:0/task:0/device:GPU:0,27.0,0.027
zXfybDHPGU,Const,/job:localhost/replica:0/task:0/device:GPU:0,27.0,0.027
8uTjoZWYdU,Const,/job:localhost/replica:0/task:0/device:GPU:0,27.0,0.027
70bZLhIP8Q,Const,/job:localhost/replica:0/task:0/device:GPU:0,27.0,0.027
rHOIN5Wy2x,Const,/job:localhost/replica:0/task:0/device:GPU:0,27.0,0.027
c7CJPjLa0g,Const,/job:localhost/replica:0/task:0/device:GPU:0,27.0,0.027
4uRVyQGfmn,Const,/job:localhost/replica:0/task:0/device:GPU:0,27.0,0.027
ukqmiTUPDp,Const,/job:localhost/replica:0/task:0/device:GPU:0,27.0,0.027
xRtywUVAhg,Const,/job:localhost/replica:0/task:0/device:GPU:0,27.0,0.027
XlGErFmugy,Const,/job:localhost/replica:0/task:0/device:GPU:0,27.0,0.027
YVG0aJIi6M,Const,/job:localhost/replica:0/task:0/device:GPU:0,27.0,0.027
W35Y1NrocU,Select,/job:localhost/replica:0/task:0/device:GPU:0,27.0,0.027
sEl7NbZKWi,Tanh,/job:localhost/replica:0/task:0/device:GPU:0,27.0,0.027
AkoEtI45lO,BatchMatMulV2,/job:localhost/replica:0/task:0/device:GPU:0,27.0,0.027
bmed0l9REZ,Pow,/job:localhost/replica:0/task:0/device:GPU:0,27.0,0.027
oTXy1cbwQG,MatMul,/job:localhost/replica:0/task:0/device:GPU:0,27.0,0.027
zmiYW6u73R,MatMul,/job:localhost/replica:0/task:0/device:GPU:0,27.0,0.027
S7e1oWBhf0,MatMul,/job:localhost/replica:0/task:0/device:GPU:0,27.0,0.027
d8qu0zGDov,Slice,/job:localhost/replica:0/task:0/device:GPU:0,26.0,0.026
h3bl41EoAM,Slice,/job:localhost/replica:0/task:0/device:GPU:0,26.0,0.026
Zm9Ed26Qu5,Slice,/job:localhost/replica:0/task:0/device:GPU:0,26.0,0.026
z6TvhtFmi1,Slice,/job:localhost/replica:0/task:0/device:GPU:0,26.0,0.026
nDOPcwXyrs,Slice,/job:localhost/replica:0/task:0/device:GPU:0,26.0,0.026
DfoBXYLazu,Slice,/job:localhost/replica:0/task:0/device:GPU:0,26.0,0.026
RBy0MEqHO4,Slice,/job:localhost/replica:0/task:0/device:GPU:0,26.0,0.026
tLyalnDcsG,Const,/job:localhost/replica:0/task:0/device:GPU:0,26.0,0.026
VHetM48i0m,Const,/job:localhost/replica:0/task:0/device:GPU:0,26.0,0.026
T9INHCkqLV,Const,/job:localhost/replica:0/task:0/device:GPU:0,26.0,0.026
kUTfCRlqXV,Fill,/job:localhost/replica:0/task:0/device:GPU:0,26.0,0.026
xQTOap5o9W,Slice,/job:localhost/replica:0/task:0/device:GPU:0,26.0,0.026
ed4Zf5bQg7,Const,/job:localhost/replica:0/task:0/device:GPU:0,26.0,0.026
EX8wNMSCbt,BiasAdd,/job:localhost/replica:0/task:0/device:GPU:0,26.0,0.026
DAyr8ZaIKJ,SquaredDifference,/job:localhost/replica:0/task:0/device:GPU:0,26.0,0.026
7zOFvJ6l1s,Softmax,/job:localhost/replica:0/task:0/device:GPU:0,26.0,0.026
67VP5t03OS,MatMul,/job:localhost/replica:0/task:0/device:GPU:0,26.0,0.026
aY3BtWpzmw,MatMul,/job:localhost/replica:0/task:0/device:GPU:0,26.0,0.026
tQb0G2sMcF,ConcatV2,/job:localhost/replica:0/task:0/device:GPU:0,26.0,0.026
dNDS8rTCkm,StridedSlice,/job:localhost/replica:0/task:0/device:GPU:0,26.0,0.026
5nJWmwUbYh,RandomUniform,/job:localhost/replica:0/task:0/device:GPU:0,25.0,0.025
fJ1a5yQRDH,Slice,/job:localhost/replica:0/task:0/device:GPU:0,25.0,0.025
aIfxqFS4Ee,Slice,/job:localhost/replica:0/task:0/device:GPU:0,25.0,0.025
HbE6CZ08ij,Slice,/job:localhost/replica:0/task:0/device:GPU:0,25.0,0.025
WoxN0Tp4vL,Slice,/job:localhost/replica:0/task:0/device:GPU:0,25.0,0.025
CW9wImuG3k,Slice,/job:localhost/replica:0/task:0/device:GPU:0,25.0,0.025
Glv1fjF9tH,Slice,/job:localhost/replica:0/task:0/device:GPU:0,25.0,0.025
t9rDdgBjqm,Slice,/job:localhost/replica:0/task:0/device:GPU:0,25.0,0.025
vEu1KMaZhU,Slice,/job:localhost/replica:0/task:0/device:GPU:0,25.0,0.025
c3g9I1hdjN,Slice,/job:localhost/replica:0/task:0/device:GPU:0,25.0,0.025
wiXvuxRnkf,Slice,/job:localhost/replica:0/task:0/device:GPU:0,25.0,0.025
PAb3Lfluk7,Sub,/job:localhost/replica:0/task:0/device:GPU:0,25.0,0.025
7Z82OYRWJo,Slice,/job:localhost/replica:0/task:0/device:GPU:0,25.0,0.025
j5Qu6dGhI2,ZerosLike,/job:localhost/replica:0/task:0/device:GPU:0,25.0,0.025
3fJ1Rr2Uxp,Fill,/job:localhost/replica:0/task:0/device:GPU:0,25.0,0.025
B39cmxlp0w,Add,/job:localhost/replica:0/task:0/device:GPU:0,25.0,0.025
NsLb10VuI9,MatMul,/job:localhost/replica:0/task:0/device:GPU:0,25.0,0.025
mqY8hxiNRA,MatMul,/job:localhost/replica:0/task:0/device:GPU:0,25.0,0.025
yZtzoCJFEn,MatMul,/job:localhost/replica:0/task:0/device:GPU:0,25.0,0.025
r9EycY6z8M,Const,/job:localhost/replica:0/task:0/device:GPU:0,24.0,0.024
oEwfPp4Ihd,Slice,/job:localhost/replica:0/task:0/device:GPU:0,24.0,0.024
veXKSNI9gD,Slice,/job:localhost/replica:0/task:0/device:GPU:0,24.0,0.024
kAapncsBgm,Slice,/job:localhost/replica:0/task:0/device:GPU:0,24.0,0.024
tIQ8BlyowC,Slice,/job:localhost/replica:0/task:0/device:GPU:0,24.0,0.024
mf7laqeIOY,Slice,/job:localhost/replica:0/task:0/device:GPU:0,24.0,0.024
gnqZsLJSla,Slice,/job:localhost/replica:0/task:0/device:GPU:0,24.0,0.024
SBfOTpVRFt,Slice,/job:localhost/replica:0/task:0/device:GPU:0,24.0,0.024
kS1UJ2cvXT,Slice,/job:localhost/replica:0/task:0/device:GPU:0,24.0,0.024
dt6fj2pMG5,Slice,/job:localhost/replica:0/task:0/device:GPU:0,24.0,0.024
EKFunQ28mk,Slice,/job:localhost/replica:0/task:0/device:GPU:0,24.0,0.024
KVhJyfUzEg,Slice,/job:localhost/replica:0/task:0/device:GPU:0,24.0,0.024
uZJxTp17sh,Slice,/job:localhost/replica:0/task:0/device:GPU:0,24.0,0.024
P4nq8UHAfm,Slice,/job:localhost/replica:0/task:0/device:GPU:0,24.0,0.024
Ivi1WhRUJX,Slice,/job:localhost/replica:0/task:0/device:GPU:0,24.0,0.024
SKXs4NDY7l,BiasAdd,/job:localhost/replica:0/task:0/device:GPU:0,24.0,0.024
vch0UFMrNt,Relu,/job:localhost/replica:0/task:0/device:GPU:0,24.0,0.024
oUDf01jewg,BiasAdd,/job:localhost/replica:0/task:0/device:GPU:0,24.0,0.024
zPmJ7cyOvQ,Const,/job:localhost/replica:0/task:0/device:GPU:0,24.0,0.024
lYPZtzAWX0,RandomUniform,/job:localhost/replica:0/task:0/device:GPU:0,24.0,0.024
D13akdE6UN,Slice,/job:localhost/replica:0/task:0/device:GPU:0,24.0,0.024
opNfSTZRYU,Slice,/job:localhost/replica:0/task:0/device:GPU:0,24.0,0.024
ZqbaQHw43f,Transpose,/job:localhost/replica:0/task:0/device:GPU:0,24.0,0.024
NfVmsEo12A,MatMul,/job:localhost/replica:0/task:0/device:GPU:0,24.0,0.024
1PLiEXzhw0,MatMul,/job:localhost/replica:0/task:0/device:GPU:0,24.0,0.024
DqpzCbKfyi,MatMul,/job:localhost/replica:0/task:0/device:GPU:0,24.0,0.024
g1v2q4YGkM,MatMul,/job:localhost/replica:0/task:0/device:GPU:0,24.0,0.024
yV2YCqnOh3,MatMul,/job:localhost/replica:0/task:0/device:GPU:0,24.0,0.024
EeFOsmB6gW,RealDiv,/job:localhost/replica:0/task:0/device:GPU:0,24.0,0.024
GBCkzSfKWj,MatMul,/job:localhost/replica:0/task:0/device:GPU:0,24.0,0.024
FrfRnLoTWk,MatMul,/job:localhost/replica:0/task:0/device:GPU:0,24.0,0.024
J3HxAEOZsv,MatMul,/job:localhost/replica:0/task:0/device:GPU:0,24.0,0.024
9MJIHRcusy,Sub,/job:localhost/replica:0/task:0/device:GPU:0,24.0,0.024
XzjCvFLkPH,MatMul,/job:localhost/replica:0/task:0/device:GPU:0,24.0,0.024
PmuYIayqOt,Sigmoid,/job:localhost/replica:0/task:0/device:GPU:0,24.0,0.024
Mfxo34GvBm,StridedSlice,/job:localhost/replica:0/task:0/device:GPU:0,24.0,0.024
AVyYlOgvRN,Slice,/job:localhost/replica:0/task:0/device:GPU:0,23.0,0.023
xRj2QrDFBq,Slice,/job:localhost/replica:0/task:0/device:GPU:0,23.0,0.023
7B4GPWCFrd,Slice,/job:localhost/replica:0/task:0/device:GPU:0,23.0,0.023
sjgOKU4mn5,Slice,/job:localhost/replica:0/task:0/device:GPU:0,23.0,0.023
T75GNlDKVE,Slice,/job:localhost/replica:0/task:0/device:GPU:0,23.0,0.023
9ZSvsUjWf0,Slice,/job:localhost/replica:0/task:0/device:GPU:0,23.0,0.023
hBrmbuLzqx,Slice,/job:localhost/replica:0/task:0/device:GPU:0,23.0,0.023
cLufJXwyln,Slice,/job:localhost/replica:0/task:0/device:GPU:0,23.0,0.023
34IyDKEmT1,Slice,/job:localhost/replica:0/task:0/device:GPU:0,23.0,0.023
tzCGiRJYhs,BatchMatMulV2,/job:localhost/replica:0/task:0/device:GPU:0,23.0,0.023
wxDko9TtNF,Slice,/job:localhost/replica:0/task:0/device:GPU:0,23.0,0.023
2Qhc1p7VdO,Minimum,/job:localhost/replica:0/task:0/device:GPU:0,23.0,0.023
9gk4KeyzwI,Fill,/job:localhost/replica:0/task:0/device:GPU:0,23.0,0.023
tHyNgKwfL3,Shape,/job:localhost/replica:0/task:0/device:GPU:0,23.0,0.023
NAkqzV2bcf,MatMul,/job:localhost/replica:0/task:0/device:GPU:0,23.0,0.023
Gc5rCD89yU,MatMul,/job:localhost/replica:0/task:0/device:GPU:0,23.0,0.023
OWm2U0Rk9d,Unpack,/job:localhost/replica:0/task:0/device:GPU:0,23.0,0.023
RAvVYpoeCg,MatMul,/job:localhost/replica:0/task:0/device:GPU:0,23.0,0.023
lw5gmjWnJh,MatMul,/job:localhost/replica:0/task:0/device:GPU:0,23.0,0.023
ok1bY5EDiO,MatMul,/job:localhost/replica:0/task:0/device:GPU:0,23.0,0.023
0A8kMYVUjQ,MatMul,/job:localhost/replica:0/task:0/device:GPU:0,23.0,0.023
3upSr6EkL4,MatMul,/job:localhost/replica:0/task:0/device:GPU:0,23.0,0.023
WAlU26X0C8,MatMul,/job:localhost/replica:0/task:0/device:GPU:0,23.0,0.023
JnTfiVYj9Q,MatMul,/job:localhost/replica:0/task:0/device:GPU:0,23.0,0.023
BR1EKUbOuA,SplitV,/job:localhost/replica:0/task:0/device:GPU:0,23.0,0.023
BVubtQWgxr,Sigmoid,/job:localhost/replica:0/task:0/device:GPU:0,23.0,0.023
9bhAXVHDyu,Equal,/job:localhost/replica:0/task:0/device:CPU:0,23.0,0.023
iPY10UzdBv,Slice,/job:localhost/replica:0/task:0/device:GPU:0,22.0,0.022
s29BDTm35r,Slice,/job:localhost/replica:0/task:0/device:GPU:0,22.0,0.022
Y6k4rMD83J,Slice,/job:localhost/replica:0/task:0/device:GPU:0,22.0,0.022
y5e09Jv83d,Slice,/job:localhost/replica:0/task:0/device:GPU:0,22.0,0.022
QvbDtIpnSG,Slice,/job:localhost/replica:0/task:0/device:GPU:0,22.0,0.022
h4aopcftMG,Slice,/job:localhost/replica:0/task:0/device:GPU:0,22.0,0.022
8Y5P9yoOHQ,Slice,/job:localhost/replica:0/task:0/device:GPU:0,22.0,0.022
vqhBMeGQEX,Slice,/job:localhost/replica:0/task:0/device:GPU:0,22.0,0.022
B19z3Tw2jL,Slice,/job:localhost/replica:0/task:0/device:GPU:0,22.0,0.022
Gr3ImQi5oA,RealDiv,/job:localhost/replica:0/task:0/device:GPU:0,22.0,0.022
oLgKtAU3qk,Const,/job:localhost/replica:0/task:0/device:GPU:0,22.0,0.022
PS2s9VTw0b,Cast,/job:localhost/replica:0/task:0/device:GPU:0,22.0,0.022
Z36EaCLyxP,Slice,/job:localhost/replica:0/task:0/device:GPU:0,22.0,0.022
Hj9y42TkUA,Slice,/job:localhost/replica:0/task:0/device:GPU:0,22.0,0.022
N7znRj69mX,ConcatV2,/job:localhost/replica:0/task:0/device:GPU:0,22.0,0.022
9U2xrtiSlF,ConcatV2,/job:localhost/replica:0/task:0/device:GPU:0,22.0,0.022
sdEnDFVmeG,Pad,/job:localhost/replica:0/task:0/device:GPU:0,22.0,0.022
OrqL3JQbxs,MatMul,/job:localhost/replica:0/task:0/device:GPU:0,22.0,0.022
oEBlNIWjUJ,ConcatV2,/job:localhost/replica:0/task:0/device:GPU:0,22.0,0.022
3odfnSEa7h,MatMul,/job:localhost/replica:0/task:0/device:GPU:0,22.0,0.022
EgkA5hXIZ9,MatMul,/job:localhost/replica:0/task:0/device:GPU:0,22.0,0.022
WG2E8Ob7rt,MatMul,/job:localhost/replica:0/task:0/device:GPU:0,22.0,0.022
hiXNElfFCt,MatMul,/job:localhost/replica:0/task:0/device:GPU:0,22.0,0.022
dQYi6KqtNp,MatMul,/job:localhost/replica:0/task:0/device:GPU:0,22.0,0.022
kCU9Mp8LKi,MatMul,/job:localhost/replica:0/task:0/device:GPU:0,22.0,0.022
PMizVCkbHX,Prod,/job:localhost/replica:0/task:0/device:GPU:0,22.0,0.022
TBLKgYWueV,Slice,/job:localhost/replica:0/task:0/device:GPU:0,21.0,0.021
6ZRB5Q7OsG,Slice,/job:localhost/replica:0/task:0/device:GPU:0,21.0,0.021
7KzfOdTove,Slice,/job:localhost/replica:0/task:0/device:GPU:0,21.0,0.021
uDr2sH3PAg,Slice,/job:localhost/replica:0/task:0/device:GPU:0,21.0,0.021
N7K49olrQF,Slice,/job:localhost/replica:0/task:0/device:GPU:0,21.0,0.021
eNBYTHalqi,Slice,/job:localhost/replica:0/task:0/device:GPU:0,21.0,0.021
8bs4on9JWa,Sigmoid,/job:localhost/replica:0/task:0/device:GPU:0,21.0,0.021
0PnjWhQsZX,Slice,/job:localhost/replica:0/task:0/device:GPU:0,21.0,0.021
6nYRV8ysMp,Slice,/job:localhost/replica:0/task:0/device:GPU:0,21.0,0.021
sUCudMHLt9,Slice,/job:localhost/replica:0/task:0/device:GPU:0,21.0,0.021
BYa2gPdsIF,Slice,/job:localhost/replica:0/task:0/device:GPU:0,21.0,0.021
fGsHCxzVaZ,Slice,/job:localhost/replica:0/task:0/device:GPU:0,21.0,0.021
8uJ5s24lKN,Const,/job:localhost/replica:0/task:0/device:GPU:0,21.0,0.021
75WXNj6whJ,Equal,/job:localhost/replica:0/task:0/device:GPU:0,21.0,0.021
weY645HpQG,ZerosLike,/job:localhost/replica:0/task:0/device:GPU:0,21.0,0.021
FsAupv14Ng,Slice,/job:localhost/replica:0/task:0/device:GPU:0,21.0,0.021
QiXlFApkvY,Cast,/job:localhost/replica:0/task:0/device:GPU:0,21.0,0.021
lQBs7JRDmG,ConcatV2,/job:localhost/replica:0/task:0/device:GPU:0,21.0,0.021
WchTtEQybG,ConcatV2,/job:localhost/replica:0/task:0/device:GPU:0,21.0,0.021
5quv3ex4p2,Unpack,/job:localhost/replica:0/task:0/device:GPU:0,21.0,0.021
mAeFhbldc6,Softmax,/job:localhost/replica:0/task:0/device:GPU:0,21.0,0.021
ltAXUQDpkf,MatMul,/job:localhost/replica:0/task:0/device:GPU:0,21.0,0.021
JgErx89VjZ,ConcatV2,/job:localhost/replica:0/task:0/device:GPU:0,21.0,0.021
EovyJQDSbs,Const,/job:localhost/replica:0/task:0/device:GPU:0,20.0,0.02
FcWw8oTp34,Slice,/job:localhost/replica:0/task:0/device:GPU:0,20.0,0.02
u3HNhrgtwX,Slice,/job:localhost/replica:0/task:0/device:GPU:0,20.0,0.02
Tm0E5AUfjn,Slice,/job:localhost/replica:0/task:0/device:GPU:0,20.0,0.02
unvEOB025F,Slice,/job:localhost/replica:0/task:0/device:GPU:0,20.0,0.02
z3xrs5Xmbn,Slice,/job:localhost/replica:0/task:0/device:GPU:0,20.0,0.02
MRL3WHjy0N,Slice,/job:localhost/replica:0/task:0/device:GPU:0,20.0,0.02
plPcRsYtfZ,Const,/job:localhost/replica:0/task:0/device:GPU:0,20.0,0.02
dxFEI1fKbY,Slice,/job:localhost/replica:0/task:0/device:GPU:0,20.0,0.02
9zUhw8yXru,Cast,/job:localhost/replica:0/task:0/device:GPU:0,20.0,0.02
Is7BopHNiL,Cast,/job:localhost/replica:0/task:0/device:GPU:0,20.0,0.02
DKk3r5vTy8,Slice,/job:localhost/replica:0/task:0/device:GPU:0,20.0,0.02
G7Kqy36sfQ,BiasAdd,/job:localhost/replica:0/task:0/device:GPU:0,20.0,0.02
CRfTnU92pJ,Slice,/job:localhost/replica:0/task:0/device:GPU:0,20.0,0.02
utw4S8PdCi,Const,/job:localhost/replica:0/task:0/device:GPU:0,20.0,0.02
b9SxyhLjwz,Const,/job:localhost/replica:0/task:0/device:GPU:0,20.0,0.02
xecrVnz8iD,RandomUniform,/job:localhost/replica:0/task:0/device:GPU:0,20.0,0.02
5Fv39r6VhN,Mean,/job:localhost/replica:0/task:0/device:GPU:0,20.0,0.02
wRUItVxOPD,Const,/job:localhost/replica:0/task:0/device:GPU:0,20.0,0.02
7gLjOWAZ4U,Prod,/job:localhost/replica:0/task:0/device:GPU:0,20.0,0.02
cqmawLCJ5Z,MatMul,/job:localhost/replica:0/task:0/device:GPU:0,20.0,0.02
LDcJUVbQvT,RealDiv,/job:localhost/replica:0/task:0/device:GPU:0,20.0,0.02
fe0qbUm8cJ,BatchMatMulV2,/job:localhost/replica:0/task:0/device:GPU:0,20.0,0.02
DyCBrbtSY7,Pack,/job:localhost/replica:0/task:0/device:GPU:0,20.0,0.02
M1Dia9bCZu,Add,/job:localhost/replica:0/task:0/device:GPU:0,20.0,0.02
xL7OK6aewZ,Unpack,/job:localhost/replica:0/task:0/device:GPU:0,20.0,0.02
9tsBIhSNWK,MatMul,/job:localhost/replica:0/task:0/device:GPU:0,20.0,0.02
TrV1xGgkEv,ConcatV2,/job:localhost/replica:0/task:0/device:GPU:0,20.0,0.02
d0wClztxrs,Slice,/job:localhost/replica:0/task:0/device:GPU:0,19.0,0.019
hSyCMRgxpB,Slice,/job:localhost/replica:0/task:0/device:GPU:0,19.0,0.019
Uycx1WSeOF,Slice,/job:localhost/replica:0/task:0/device:GPU:0,19.0,0.019
xpjn9BFGTC,Slice,/job:localhost/replica:0/task:0/device:GPU:0,19.0,0.019
JcBuitjaQv,Slice,/job:localhost/replica:0/task:0/device:GPU:0,19.0,0.019
VvcUJwT6Wg,Slice,/job:localhost/replica:0/task:0/device:GPU:0,19.0,0.019
3uZL87XPU9,Slice,/job:localhost/replica:0/task:0/device:GPU:0,19.0,0.019
b0ykfGtj42,Slice,/job:localhost/replica:0/task:0/device:GPU:0,19.0,0.019
f1gHrP3EuN,AddN,/job:localhost/replica:0/task:0/device:GPU:0,19.0,0.019
cvqBOT5zUA,Slice,/job:localhost/replica:0/task:0/device:GPU:0,19.0,0.019
auSkoGxq8y,Slice,/job:localhost/replica:0/task:0/device:GPU:0,19.0,0.019
u47oGv5eqZ,Slice,/job:localhost/replica:0/task:0/device:GPU:0,19.0,0.019
dAkvrWHiC0,Slice,/job:localhost/replica:0/task:0/device:GPU:0,19.0,0.019
H1etncWw6X,Slice,/job:localhost/replica:0/task:0/device:GPU:0,19.0,0.019
A8DIHzhGXm,Slice,/job:localhost/replica:0/task:0/device:GPU:0,19.0,0.019
q4V3c2CXrk,Const,/job:localhost/replica:0/task:0/device:GPU:0,19.0,0.019
2x5hEArJed,Const,/job:localhost/replica:0/task:0/device:GPU:0,19.0,0.019
Mipwdxbeo9,Const,/job:localhost/replica:0/task:0/device:GPU:0,19.0,0.019
n0bTqMEUG5,Const,/job:localhost/replica:0/task:0/device:GPU:0,19.0,0.019
GqIM7HiONy,Const,/job:localhost/replica:0/task:0/device:GPU:0,19.0,0.019
4OrZ8L6FAM,Const,/job:localhost/replica:0/task:0/device:GPU:0,19.0,0.019
YcFEUDyN47,Slice,/job:localhost/replica:0/task:0/device:GPU:0,19.0,0.019
seOdaUXiZn,Slice,/job:localhost/replica:0/task:0/device:GPU:0,19.0,0.019
HQKphVsE21,Slice,/job:localhost/replica:0/task:0/device:GPU:0,19.0,0.019
kGWBUfDdPT,Fill,/job:localhost/replica:0/task:0/device:GPU:0,19.0,0.019
7fptdHAJrY,Select,/job:localhost/replica:0/task:0/device:GPU:0,19.0,0.019
e9MgUoRaJu,Select,/job:localhost/replica:0/task:0/device:GPU:0,19.0,0.019
cs4C9N0yrm,ConcatV2,/job:localhost/replica:0/task:0/device:GPU:0,19.0,0.019
SlOdyT6XNc,ConcatV2,/job:localhost/replica:0/task:0/device:GPU:0,19.0,0.019
noavLeuXrK,Transpose,/job:localhost/replica:0/task:0/device:GPU:0,19.0,0.019
KlfQuXVm2o,Shape,/job:localhost/replica:0/task:0/device:GPU:0,19.0,0.019
hwQSYmM5uI,Sum,/job:localhost/replica:0/task:0/device:GPU:0,19.0,0.019
NLDJ6FU59E,Reshape,/job:localhost/replica:0/task:0/device:GPU:0,19.0,0.019
RSrXmbItuC,MatMul,/job:localhost/replica:0/task:0/device:GPU:0,19.0,0.019
CMGYLs9xR8,ConcatV2,/job:localhost/replica:0/task:0/device:GPU:0,19.0,0.019
uqtpl3R1ho,ConcatV2,/job:localhost/replica:0/task:0/device:GPU:0,19.0,0.019
DLo3217min,ConcatV2,/job:localhost/replica:0/task:0/device:GPU:0,19.0,0.019
eFTWiXpV02,ConcatV2,/job:localhost/replica:0/task:0/device:GPU:0,19.0,0.019
trjzhvWNIK,ConcatV2,/job:localhost/replica:0/task:0/device:GPU:0,19.0,0.019
R1Zi3e0rEk,Slice,/job:localhost/replica:0/task:0/device:GPU:0,18.0,0.018
Vkq8gWapoM,Slice,/job:localhost/replica:0/task:0/device:GPU:0,18.0,0.018
0HwQXZbKTA,Slice,/job:localhost/replica:0/task:0/device:GPU:0,18.0,0.018
o9HpdlkVUS,Slice,/job:localhost/replica:0/task:0/device:GPU:0,18.0,0.018
Mlsbi5tuK8,Slice,/job:localhost/replica:0/task:0/device:GPU:0,18.0,0.018
xi8KAlpPkZ,Slice,/job:localhost/replica:0/task:0/device:GPU:0,18.0,0.018
L7lBueStV0,Slice,/job:localhost/replica:0/task:0/device:GPU:0,18.0,0.018
AfNWBw37r2,Slice,/job:localhost/replica:0/task:0/device:GPU:0,18.0,0.018
GuUHQ4EjCW,Slice,/job:localhost/replica:0/task:0/device:GPU:0,18.0,0.018
WvkgLR4OZu,Slice,/job:localhost/replica:0/task:0/device:GPU:0,18.0,0.018
NJxOe8Q6HA,Shape,/job:localhost/replica:0/task:0/device:GPU:0,18.0,0.018
uyCbSMmUcG,Slice,/job:localhost/replica:0/task:0/device:GPU:0,18.0,0.018
mkFAuGNUxz,Slice,/job:localhost/replica:0/task:0/device:GPU:0,18.0,0.018
68MKlEe1RH,Slice,/job:localhost/replica:0/task:0/device:GPU:0,18.0,0.018
NK31DwU7OE,Slice,/job:localhost/replica:0/task:0/device:GPU:0,18.0,0.018
I8C0as9pG4,Slice,/job:localhost/replica:0/task:0/device:GPU:0,18.0,0.018
Lo6KN7RVnU,Slice,/job:localhost/replica:0/task:0/device:GPU:0,18.0,0.018
nr5B64a7gX,Const,/job:localhost/replica:0/task:0/device:GPU:0,18.0,0.018
B35H60cIlM,Const,/job:localhost/replica:0/task:0/device:GPU:0,18.0,0.018
YQjs5abtvL,Const,/job:localhost/replica:0/task:0/device:GPU:0,18.0,0.018
yn31Uh8evB,Const,/job:localhost/replica:0/task:0/device:GPU:0,18.0,0.018
O90QpvFiek,Slice,/job:localhost/replica:0/task:0/device:GPU:0,18.0,0.018
B1SItK45Ne,Slice,/job:localhost/replica:0/task:0/device:GPU:0,18.0,0.018
PqfQBHJb3x,Fill,/job:localhost/replica:0/task:0/device:GPU:0,18.0,0.018
KB6Sn0E4R3,RealDiv,/job:localhost/replica:0/task:0/device:GPU:0,18.0,0.018
YprJVeS1bA,AddN,/job:localhost/replica:0/task:0/device:GPU:0,18.0,0.018
jV2EpLtavA,Pow,/job:localhost/replica:0/task:0/device:GPU:0,18.0,0.018
OKD36q4VR8,StopGradient,/job:localhost/replica:0/task:0/device:GPU:0,18.0,0.018
bn0CimKPuw,MatMul,/job:localhost/replica:0/task:0/device:GPU:0,18.0,0.018
9Jk8dK7lnc,Shape,/job:localhost/replica:0/task:0/device:GPU:0,18.0,0.018
fzgJKE93WL,Sub,/job:localhost/replica:0/task:0/device:GPU:0,18.0,0.018
dTvfiF48Vp,BiasAdd,/job:localhost/replica:0/task:0/device:GPU:0,18.0,0.018
7da9CzORYX,ConcatV2,/job:localhost/replica:0/task:0/device:GPU:0,18.0,0.018
W028Dkv7JX,MatMul,/job:localhost/replica:0/task:0/device:GPU:0,18.0,0.018
jn8fXvO7Gb,SplitV,/job:localhost/replica:0/task:0/device:GPU:0,18.0,0.018
KZ43oYSs5C,ConcatV2,/job:localhost/replica:0/task:0/device:GPU:0,18.0,0.018
LTsy2BdA6K,Const,/job:localhost/replica:0/task:0/device:GPU:0,17.0,0.017
BKmoGczpyP,Slice,/job:localhost/replica:0/task:0/device:GPU:0,17.0,0.017
CKhbuPMWDZ,Slice,/job:localhost/replica:0/task:0/device:GPU:0,17.0,0.017
Fs4rUHYToR,Slice,/job:localhost/replica:0/task:0/device:GPU:0,17.0,0.017
pP368JjIoE,Slice,/job:localhost/replica:0/task:0/device:GPU:0,17.0,0.017
g7zwoXNDKp,Slice,/job:localhost/replica:0/task:0/device:GPU:0,17.0,0.017
GRaWkbSqVo,ZerosLike,/job:localhost/replica:0/task:0/device:GPU:0,17.0,0.017
QWZMaRG2f9,Slice,/job:localhost/replica:0/task:0/device:GPU:0,17.0,0.017
rZ3cBbLlqu,Slice,/job:localhost/replica:0/task:0/device:GPU:0,17.0,0.017
4aE3nokJrA,Slice,/job:localhost/replica:0/task:0/device:GPU:0,17.0,0.017
W1u62rEZa5,Slice,/job:localhost/replica:0/task:0/device:GPU:0,17.0,0.017
xaPk8KcQ3N,Slice,/job:localhost/replica:0/task:0/device:GPU:0,17.0,0.017
kGAhwSbV9o,Slice,/job:localhost/replica:0/task:0/device:GPU:0,17.0,0.017
NTmnFtEUSa,Slice,/job:localhost/replica:0/task:0/device:GPU:0,17.0,0.017
MK5ypSGX6f,Slice,/job:localhost/replica:0/task:0/device:GPU:0,17.0,0.017
DCJ0udWxr4,Slice,/job:localhost/replica:0/task:0/device:GPU:0,17.0,0.017
BPdxjWGkmK,Slice,/job:localhost/replica:0/task:0/device:GPU:0,17.0,0.017
JxqRjseghK,Tanh,/job:localhost/replica:0/task:0/device:GPU:0,17.0,0.017
ilJLv5cd9H,StridedSlice,/job:localhost/replica:0/task:0/device:GPU:0,17.0,0.017
8TztdxaclH,Slice,/job:localhost/replica:0/task:0/device:GPU:0,17.0,0.017
2fpvZyd5ue,Slice,/job:localhost/replica:0/task:0/device:GPU:0,17.0,0.017
ehTyL8F1ir,Slice,/job:localhost/replica:0/task:0/device:GPU:0,17.0,0.017
t2HqdN8ST9,Slice,/job:localhost/replica:0/task:0/device:GPU:0,17.0,0.017
i9tpvGz28h,Slice,/job:localhost/replica:0/task:0/device:GPU:0,17.0,0.017
oRKXZ1QqSp,Const,/job:localhost/replica:0/task:0/device:GPU:0,17.0,0.017
bN9SCtGjqP,Const,/job:localhost/replica:0/task:0/device:GPU:0,17.0,0.017
9Zv86QJPt1,Const,/job:localhost/replica:0/task:0/device:GPU:0,17.0,0.017
dkF6gxLNYr,Const,/job:localhost/replica:0/task:0/device:GPU:0,17.0,0.017
co21PB7bSX,Const,/job:localhost/replica:0/task:0/device:GPU:0,17.0,0.017
VxTCXcP1dG,Const,/job:localhost/replica:0/task:0/device:GPU:0,17.0,0.017
vkMoCO0P8n,Const,/job:localhost/replica:0/task:0/device:GPU:0,17.0,0.017
JaCvz4yRoO,Const,/job:localhost/replica:0/task:0/device:GPU:0,17.0,0.017
a74O0kK1yf,Const,/job:localhost/replica:0/task:0/device:GPU:0,17.0,0.017
hG5723daRp,Const,/job:localhost/replica:0/task:0/device:GPU:0,17.0,0.017
HorXwWM3cU,Const,/job:localhost/replica:0/task:0/device:GPU:0,17.0,0.017
9OjgXHwmzM,Const,/job:localhost/replica:0/task:0/device:GPU:0,17.0,0.017
CikmvY4dPp,Const,/job:localhost/replica:0/task:0/device:GPU:0,17.0,0.017
91jGzYhvRl,Const,/job:localhost/replica:0/task:0/device:GPU:0,17.0,0.017
5WZFY3mhbT,Const,/job:localhost/replica:0/task:0/device:GPU:0,17.0,0.017
SGuVRkOJq4,Const,/job:localhost/replica:0/task:0/device:GPU:0,17.0,0.017
XG5uH8rCyR,Const,/job:localhost/replica:0/task:0/device:GPU:0,17.0,0.017
4UT65MXJfg,Const,/job:localhost/replica:0/task:0/device:GPU:0,17.0,0.017
OAh8f5lRj1,Const,/job:localhost/replica:0/task:0/device:GPU:0,17.0,0.017
jl5rpGoa6E,Const,/job:localhost/replica:0/task:0/device:GPU:0,17.0,0.017
zsXGMSoqVu,Const,/job:localhost/replica:0/task:0/device:GPU:0,17.0,0.017
jpuMGkrQTU,Slice,/job:localhost/replica:0/task:0/device:GPU:0,17.0,0.017
xt6pDjS3G5,StridedSlice,/job:localhost/replica:0/task:0/device:GPU:0,17.0,0.017
NTL2ZEIXkr,Greater,/job:localhost/replica:0/task:0/device:GPU:0,17.0,0.017
WkgIjlVwvB,Fill,/job:localhost/replica:0/task:0/device:GPU:0,17.0,0.017
f8ekUSuH6K,Prod,/job:localhost/replica:0/task:0/device:GPU:0,17.0,0.017
IKt5GjpHqn,Reshape,/job:localhost/replica:0/task:0/device:GPU:0,17.0,0.017
Dgo9mS4Xj2,Mul,/job:localhost/replica:0/task:0/device:GPU:0,17.0,0.017
3kn6facC1v,MatMul,/job:localhost/replica:0/task:0/device:GPU:0,17.0,0.017
MAsl0NR3OS,ConcatV2,/job:localhost/replica:0/task:0/device:GPU:0,17.0,0.017
DidOSyl8TE,ConcatV2,/job:localhost/replica:0/task:0/device:GPU:0,17.0,0.017
8Uf2qLRkYg,StridedSlice,/job:localhost/replica:0/task:0/device:GPU:0,16.0,0.016
7lX0ZDLMkh,Slice,/job:localhost/replica:0/task:0/device:GPU:0,16.0,0.016
02YFlyugUH,Slice,/job:localhost/replica:0/task:0/device:GPU:0,16.0,0.016
4xQnCKw8rV,Slice,/job:localhost/replica:0/task:0/device:GPU:0,16.0,0.016
FiWTBNZkGt,Slice,/job:localhost/replica:0/task:0/device:GPU:0,16.0,0.016
PCnTerjX40/_168__cf__168,Reshape,/job:localhost/replica:0/task:0/device:GPU:0,16.0,0.016
KYkh0iHAxJ,Slice,/job:localhost/replica:0/task:0/device:GPU:0,16.0,0.016
G46iNSQ2Po,Slice,/job:localhost/replica:0/task:0/device:GPU:0,16.0,0.016
R6gAhlEOSJ,Slice,/job:localhost/replica:0/task:0/device:GPU:0,16.0,0.016
QcPBOj9lr5,Slice,/job:localhost/replica:0/task:0/device:GPU:0,16.0,0.016
9FxLa6C0sK,Slice,/job:localhost/replica:0/task:0/device:GPU:0,16.0,0.016
12O0jHW3NK,Slice,/job:localhost/replica:0/task:0/device:GPU:0,16.0,0.016
8rkvj6sCeo,Slice,/job:localhost/replica:0/task:0/device:GPU:0,16.0,0.016
shitHbDzrE,Slice,/job:localhost/replica:0/task:0/device:GPU:0,16.0,0.016
RezEuYCADp,Slice,/job:localhost/replica:0/task:0/device:GPU:0,16.0,0.016
SaprZWs0nD,Slice,/job:localhost/replica:0/task:0/device:GPU:0,16.0,0.016
fhU70TOvN9,Slice,/job:localhost/replica:0/task:0/device:GPU:0,16.0,0.016
q34E2DWZPe,Slice,/job:localhost/replica:0/task:0/device:GPU:0,16.0,0.016
HB2IaeqKYS,Slice,/job:localhost/replica:0/task:0/device:GPU:0,16.0,0.016
o4ANeVBZig,Slice,/job:localhost/replica:0/task:0/device:GPU:0,16.0,0.016
35NYKHitkA,Slice,/job:localhost/replica:0/task:0/device:GPU:0,16.0,0.016
dKrCH0cnv9,Round,/job:localhost/replica:0/task:0/device:GPU:0,16.0,0.016
3SAPWtsJpK,Slice,/job:localhost/replica:0/task:0/device:GPU:0,16.0,0.016
5sMIL4kYRu,Slice,/job:localhost/replica:0/task:0/device:GPU:0,16.0,0.016
uqksoXE3SD,Slice,/job:localhost/replica:0/task:0/device:GPU:0,16.0,0.016
QpKJI9CPVW,Slice,/job:localhost/replica:0/task:0/device:GPU:0,16.0,0.016
5eD3xKZYf2,Slice,/job:localhost/replica:0/task:0/device:GPU:0,16.0,0.016
V9rdw8Lfhu,Slice,/job:localhost/replica:0/task:0/device:GPU:0,16.0,0.016
YwlbyreoBq,Slice,/job:localhost/replica:0/task:0/device:GPU:0,16.0,0.016
rghXsuMIDE,Slice,/job:localhost/replica:0/task:0/device:GPU:0,16.0,0.016
3ji2t8Vv1P,Slice,/job:localhost/replica:0/task:0/device:GPU:0,16.0,0.016
T8yBFIksuK,Slice,/job:localhost/replica:0/task:0/device:GPU:0,16.0,0.016
xTGRDlAEju,Slice,/job:localhost/replica:0/task:0/device:GPU:0,16.0,0.016
OpNqA3TPmn,Const,/job:localhost/replica:0/task:0/device:GPU:0,16.0,0.016
CTnkQp8NSY,Const,/job:localhost/replica:0/task:0/device:GPU:0,16.0,0.016
6QMW0Ufqzx,Const,/job:localhost/replica:0/task:0/device:GPU:0,16.0,0.016
8NbRJ0CT5i,Const,/job:localhost/replica:0/task:0/device:GPU:0,16.0,0.016
8NdUSQHlnD,Const,/job:localhost/replica:0/task:0/device:GPU:0,16.0,0.016
tzrGLDFX19,Const,/job:localhost/replica:0/task:0/device:GPU:0,16.0,0.016
Gb8qDi9cRu,Const,/job:localhost/replica:0/task:0/device:GPU:0,16.0,0.016
rDEK6odsiI,Const,/job:localhost/replica:0/task:0/device:GPU:0,16.0,0.016
hoyXMvil0F,Const,/job:localhost/replica:0/task:0/device:GPU:0,16.0,0.016
qktnF8gZSo,Const,/job:localhost/replica:0/task:0/device:GPU:0,16.0,0.016
SPJcO19FCg,Const,/job:localhost/replica:0/task:0/device:GPU:0,16.0,0.016
Gm1oU8Dcuf,Const,/job:localhost/replica:0/task:0/device:GPU:0,16.0,0.016
lxIjNL1G4f,Const,/job:localhost/replica:0/task:0/device:GPU:0,16.0,0.016
RPJ1rHZ82s,Const,/job:localhost/replica:0/task:0/device:GPU:0,16.0,0.016
mT4W0Awn75,Const,/job:localhost/replica:0/task:0/device:GPU:0,16.0,0.016
HXJznqAskv,Const,/job:localhost/replica:0/task:0/device:GPU:0,16.0,0.016
RVST1s0GwP,Const,/job:localhost/replica:0/task:0/device:GPU:0,16.0,0.016
GJhaqkSP86,Const,/job:localhost/replica:0/task:0/device:GPU:0,16.0,0.016
RcqeKVhTYm,Const,/job:localhost/replica:0/task:0/device:GPU:0,16.0,0.016
1td6VbpFqN,Const,/job:localhost/replica:0/task:0/device:GPU:0,16.0,0.016
lFZIDCUd1b,Const,/job:localhost/replica:0/task:0/device:GPU:0,16.0,0.016
cI3EzjPBG2,Const,/job:localhost/replica:0/task:0/device:GPU:0,16.0,0.016
u3yx1dNqk4,Const,/job:localhost/replica:0/task:0/device:GPU:0,16.0,0.016
kzYEUJuTIa,Const,/job:localhost/replica:0/task:0/device:GPU:0,16.0,0.016
k4qzQJlKXL,Const,/job:localhost/replica:0/task:0/device:GPU:0,16.0,0.016
3P0BOnX7E1,Const,/job:localhost/replica:0/task:0/device:GPU:0,16.0,0.016
z7wJBTlgNA,Const,/job:localhost/replica:0/task:0/device:GPU:0,16.0,0.016
rJCqAdMyvf,Const,/job:localhost/replica:0/task:0/device:GPU:0,16.0,0.016
CjuBiT58aI,Const,/job:localhost/replica:0/task:0/device:GPU:0,16.0,0.016
0TDi59HaqX,Const,/job:localhost/replica:0/task:0/device:GPU:0,16.0,0.016
wdhukzAygT,Const,/job:localhost/replica:0/task:0/device:GPU:0,16.0,0.016
OWfi2rgnpY,Slice,/job:localhost/replica:0/task:0/device:GPU:0,16.0,0.016
dHTSCGXWrJ,Slice,/job:localhost/replica:0/task:0/device:GPU:0,16.0,0.016
uNr4TVWXjE,Switch,/job:localhost/replica:0/task:0/device:GPU:0,16.0,0.016
wDPio3OZqz,Prod,/job:localhost/replica:0/task:0/device:GPU:0,16.0,0.016
jLnptbhxvr,Mean,/job:localhost/replica:0/task:0/device:GPU:0,16.0,0.016
MrnpveyxPc,RealDiv,/job:localhost/replica:0/task:0/device:GPU:0,16.0,0.016
YPZL9tSk60,Prod,/job:localhost/replica:0/task:0/device:GPU:0,16.0,0.016
fXQmxYhwla,Pow,/job:localhost/replica:0/task:0/device:GPU:0,16.0,0.016
4ypO2b71Y5,MatMul,/job:localhost/replica:0/task:0/device:GPU:0,16.0,0.016
hyxvQg2sDo,MatMul,/job:localhost/replica:0/task:0/device:GPU:0,16.0,0.016
em8vxUrGHt,Tile,/job:localhost/replica:0/task:0/device:GPU:0,16.0,0.016
u9j0AQwZqh,ConcatV2,/job:localhost/replica:0/task:0/device:GPU:0,16.0,0.016
jFdia1M6mJ,SplitV,/job:localhost/replica:0/task:0/device:GPU:0,16.0,0.016
b3W4hay5zQ,MatMul,/job:localhost/replica:0/task:0/device:GPU:0,16.0,0.016
r4S8RXbL1Z,ConcatV2,/job:localhost/replica:0/task:0/device:GPU:0,16.0,0.016
rIKhw7FgtU,ConcatV2,/job:localhost/replica:0/task:0/device:GPU:0,16.0,0.016
2Arlvjk8nt,Slice,/job:localhost/replica:0/task:0/device:GPU:0,15.0,0.015
rU0ylcXZik,Slice,/job:localhost/replica:0/task:0/device:GPU:0,15.0,0.015
wi3r6ofHT5,Slice,/job:localhost/replica:0/task:0/device:GPU:0,15.0,0.015
L8egv3nT6c,Slice,/job:localhost/replica:0/task:0/device:GPU:0,15.0,0.015
53pol7tKhf,Slice,/job:localhost/replica:0/task:0/device:GPU:0,15.0,0.015
dP7RkKfIh1,Slice,/job:localhost/replica:0/task:0/device:GPU:0,15.0,0.015
mXRLYlj6D8,Slice,/job:localhost/replica:0/task:0/device:GPU:0,15.0,0.015
DmRKClJqNn,Slice,/job:localhost/replica:0/task:0/device:GPU:0,15.0,0.015
vlUqrEV1xt,Slice,/job:localhost/replica:0/task:0/device:GPU:0,15.0,0.015
KqNbiJ4V6a,Slice,/job:localhost/replica:0/task:0/device:GPU:0,15.0,0.015
rxmeDuzOcj,Slice,/job:localhost/replica:0/task:0/device:GPU:0,15.0,0.015
2C9Avjdieb,Slice,/job:localhost/replica:0/task:0/device:GPU:0,15.0,0.015
LAwQupkU3e,Slice,/job:localhost/replica:0/task:0/device:GPU:0,15.0,0.015
8ThZ61MVt3,Slice,/job:localhost/replica:0/task:0/device:GPU:0,15.0,0.015
dsXfxUaw3b,Slice,/job:localhost/replica:0/task:0/device:GPU:0,15.0,0.015
DmLXQ5HTce,Slice,/job:localhost/replica:0/task:0/device:GPU:0,15.0,0.015
pbOgDnwKk4,Slice,/job:localhost/replica:0/task:0/device:GPU:0,15.0,0.015
9ByaxY5hFb,Const,/job:localhost/replica:0/task:0/device:GPU:0,15.0,0.015
36HhmuwWVZ,Slice,/job:localhost/replica:0/task:0/device:GPU:0,15.0,0.015
17h5lRSFfv,Slice,/job:localhost/replica:0/task:0/device:GPU:0,15.0,0.015
1pytVLWvuQ,Slice,/job:localhost/replica:0/task:0/device:GPU:0,15.0,0.015
6VNOLeKk0Q,Slice,/job:localhost/replica:0/task:0/device:GPU:0,15.0,0.015
hJmCEU7GVy,Slice,/job:localhost/replica:0/task:0/device:GPU:0,15.0,0.015
4FlocRJexG,Slice,/job:localhost/replica:0/task:0/device:GPU:0,15.0,0.015
I8owGaxHAu,Slice,/job:localhost/replica:0/task:0/device:GPU:0,15.0,0.015
yR3JMIDXsq,Slice,/job:localhost/replica:0/task:0/device:GPU:0,15.0,0.015
w5vTazDylI,Slice,/job:localhost/replica:0/task:0/device:GPU:0,15.0,0.015
wHXNhAxeIo,Slice,/job:localhost/replica:0/task:0/device:GPU:0,15.0,0.015
PK4BIrkusV,Slice,/job:localhost/replica:0/task:0/device:GPU:0,15.0,0.015
VZC2SWXGak,Slice,/job:localhost/replica:0/task:0/device:GPU:0,15.0,0.015
ElSt9KZ3Ln,Slice,/job:localhost/replica:0/task:0/device:GPU:0,15.0,0.015
gtCQWmw2Bp,RealDiv,/job:localhost/replica:0/task:0/device:GPU:0,15.0,0.015
7d51yGHFv2,Const,/job:localhost/replica:0/task:0/device:GPU:0,15.0,0.015
ETPUHMtleS,Const,/job:localhost/replica:0/task:0/device:GPU:0,15.0,0.015
kWxO6onKsP,Const,/job:localhost/replica:0/task:0/device:GPU:0,15.0,0.015
YRksjvE95I,Const,/job:localhost/replica:0/task:0/device:GPU:0,15.0,0.015
wbMiYOjDlG,Const,/job:localhost/replica:0/task:0/device:GPU:0,15.0,0.015
W1z8pyu536,Const,/job:localhost/replica:0/task:0/device:GPU:0,15.0,0.015
TlUYc2K5ad,Const,/job:localhost/replica:0/task:0/device:GPU:0,15.0,0.015
LWfy6tcEno,Const,/job:localhost/replica:0/task:0/device:GPU:0,15.0,0.015
BkglQMbdFY,Const,/job:localhost/replica:0/task:0/device:GPU:0,15.0,0.015
rLeUjP5SiF,Const,/job:localhost/replica:0/task:0/device:GPU:0,15.0,0.015
wZGSBDETWY,Const,/job:localhost/replica:0/task:0/device:GPU:0,15.0,0.015
Nc84WDXCim,Const,/job:localhost/replica:0/task:0/device:GPU:0,15.0,0.015
mGuzUKWvoN,Const,/job:localhost/replica:0/task:0/device:GPU:0,15.0,0.015
OlADofXvRz,Const,/job:localhost/replica:0/task:0/device:GPU:0,15.0,0.015
dhWLSknNMm,Const,/job:localhost/replica:0/task:0/device:GPU:0,15.0,0.015
8PwetmoZgM,Const,/job:localhost/replica:0/task:0/device:GPU:0,15.0,0.015
0EqGwYrbcS,Const,/job:localhost/replica:0/task:0/device:GPU:0,15.0,0.015
YsW6uQJyS5,Const,/job:localhost/replica:0/task:0/device:GPU:0,15.0,0.015
qm4QZ25pnP,Const,/job:localhost/replica:0/task:0/device:GPU:0,15.0,0.015
oMZnhIYP7K,Const,/job:localhost/replica:0/task:0/device:GPU:0,15.0,0.015
cXfa2MJGx9,Const,/job:localhost/replica:0/task:0/device:GPU:0,15.0,0.015
wlIpZ2GEXC,Const,/job:localhost/replica:0/task:0/device:GPU:0,15.0,0.015
hPftJAT5LY,Const,/job:localhost/replica:0/task:0/device:GPU:0,15.0,0.015
u4wqaDJN3K,Const,/job:localhost/replica:0/task:0/device:GPU:0,15.0,0.015
EyFtCMHlwu,Const,/job:localhost/replica:0/task:0/device:GPU:0,15.0,0.015
Vw01OstdqA,Const,/job:localhost/replica:0/task:0/device:GPU:0,15.0,0.015
4fevBaloU0,Const,/job:localhost/replica:0/task:0/device:GPU:0,15.0,0.015
AOvMSRHd1u,Const,/job:localhost/replica:0/task:0/device:GPU:0,15.0,0.015
SqvMkeJ3lK,Const,/job:localhost/replica:0/task:0/device:GPU:0,15.0,0.015
6eNI7Kw3uO,Const,/job:localhost/replica:0/task:0/device:GPU:0,15.0,0.015
ZgXeyVk7Ej,Const,/job:localhost/replica:0/task:0/device:GPU:0,15.0,0.015
IiLxvRsruj,Const,/job:localhost/replica:0/task:0/device:GPU:0,15.0,0.015
JO0dC8ZmyQ,Const,/job:localhost/replica:0/task:0/device:GPU:0,15.0,0.015
mqsGCkP84t,Const,/job:localhost/replica:0/task:0/device:GPU:0,15.0,0.015
wUdyAXjbSm,Const,/job:localhost/replica:0/task:0/device:GPU:0,15.0,0.015
PCWoTbBZX3,Slice,/job:localhost/replica:0/task:0/device:GPU:0,15.0,0.015
UA9N4XPKlu,Cast,/job:localhost/replica:0/task:0/device:GPU:0,15.0,0.015
lAjMVgcvH0,Greater,/job:localhost/replica:0/task:0/device:GPU:0,15.0,0.015
LnoTxG4VbO,Prod,/job:localhost/replica:0/task:0/device:GPU:0,15.0,0.015
JEMHPj04Of,AddV2,/job:localhost/replica:0/task:0/device:GPU:0,15.0,0.015
jxi1r6KpfS,Square,/job:localhost/replica:0/task:0/device:GPU:0,15.0,0.015
RAfx5jgFN6,Mean,/job:localhost/replica:0/task:0/device:GPU:0,15.0,0.015
RsDe5TlgrI,ConcatV2,/job:localhost/replica:0/task:0/device:GPU:0,15.0,0.015
Ya9sKHLWEw,ConcatV2,/job:localhost/replica:0/task:0/device:GPU:0,15.0,0.015
dmUc76tZKl,Pow,/job:localhost/replica:0/task:0/device:GPU:0,15.0,0.015
vR9mFGAg1X,Mul,/job:localhost/replica:0/task:0/device:GPU:0,15.0,0.015
lJh7xsPBEI,MatMul,/job:localhost/replica:0/task:0/device:GPU:0,15.0,0.015
aF8EONKQUS,MatMul,/job:localhost/replica:0/task:0/device:GPU:0,15.0,0.015
wHi1MykvOr,MatMul,/job:localhost/replica:0/task:0/device:GPU:0,15.0,0.015
rfuNpZBcLW,ConcatV2,/job:localhost/replica:0/task:0/device:GPU:0,15.0,0.015
L5YTNW9gaK,MatMul,/job:localhost/replica:0/task:0/device:GPU:0,15.0,0.015
j0iKVhJEPG,ConcatV2,/job:localhost/replica:0/task:0/device:GPU:0,15.0,0.015
8DvxKWCNGu,Slice,/job:localhost/replica:0/task:0/device:GPU:0,14.0,0.014
mUkqoN2Kw5/_308__cf__308,Reshape,/job:localhost/replica:0/task:0/device:GPU:0,14.0,0.014
rmZsL1F4Gz,Slice,/job:localhost/replica:0/task:0/device:GPU:0,14.0,0.014
NKG5Y2FstO,Slice,/job:localhost/replica:0/task:0/device:GPU:0,14.0,0.014
mIitzhJSBa,Slice,/job:localhost/replica:0/task:0/device:GPU:0,14.0,0.014
vbD2wsa1RV,Slice,/job:localhost/replica:0/task:0/device:GPU:0,14.0,0.014
9feFyRiGtd,Slice,/job:localhost/replica:0/task:0/device:GPU:0,14.0,0.014
B8lvMqmypo,Slice,/job:localhost/replica:0/task:0/device:GPU:0,14.0,0.014
j56P0y9ABT,Slice,/job:localhost/replica:0/task:0/device:GPU:0,14.0,0.014
UpWx4QcLde,Slice,/job:localhost/replica:0/task:0/device:GPU:0,14.0,0.014
1lTrMsvIxY,Slice,/job:localhost/replica:0/task:0/device:GPU:0,14.0,0.014
CH783hyGap,Slice,/job:localhost/replica:0/task:0/device:GPU:0,14.0,0.014
B4vRf1FkVO/_80__cf__80,Reshape,/job:localhost/replica:0/task:0/device:GPU:0,14.0,0.014
JlLbmhQSAe,Slice,/job:localhost/replica:0/task:0/device:GPU:0,14.0,0.014
UX0hPQOjsW,Slice,/job:localhost/replica:0/task:0/device:GPU:0,14.0,0.014
QpAc5JSZYu,Slice,/job:localhost/replica:0/task:0/device:GPU:0,14.0,0.014
MdN2VZT6Hk,Slice,/job:localhost/replica:0/task:0/device:GPU:0,14.0,0.014
hRuGsyeXWB,Slice,/job:localhost/replica:0/task:0/device:GPU:0,14.0,0.014
xwLdaQjmB6,Slice,/job:localhost/replica:0/task:0/device:GPU:0,14.0,0.014
Zdbz3usSAf,Slice,/job:localhost/replica:0/task:0/device:GPU:0,14.0,0.014
JUhvTBLXuo,Slice,/job:localhost/replica:0/task:0/device:GPU:0,14.0,0.014
aVnFu8KC6L,Slice,/job:localhost/replica:0/task:0/device:GPU:0,14.0,0.014
m1t8cQZDXs,Slice,/job:localhost/replica:0/task:0/device:GPU:0,14.0,0.014
JQ5EHcb1Ys,Slice,/job:localhost/replica:0/task:0/device:GPU:0,14.0,0.014
GPT6Am3ozb,Slice,/job:localhost/replica:0/task:0/device:GPU:0,14.0,0.014
pIh60qNMLX,Slice,/job:localhost/replica:0/task:0/device:GPU:0,14.0,0.014
AJP65sZEYD,Slice,/job:localhost/replica:0/task:0/device:GPU:0,14.0,0.014
T4arOHRAmn,Slice,/job:localhost/replica:0/task:0/device:GPU:0,14.0,0.014
PrBHxAeh5K,Slice,/job:localhost/replica:0/task:0/device:GPU:0,14.0,0.014
3juDPtRETI,Slice,/job:localhost/replica:0/task:0/device:GPU:0,14.0,0.014
ueBSlJ16UN,Slice,/job:localhost/replica:0/task:0/device:GPU:0,14.0,0.014
LlyHDC5mgo,Slice,/job:localhost/replica:0/task:0/device:GPU:0,14.0,0.014
NmwVaKZyPe,Const,/job:localhost/replica:0/task:0/device:GPU:0,14.0,0.014
5SiyZRFVB8,Const,/job:localhost/replica:0/task:0/device:GPU:0,14.0,0.014
k21cbLKCBs,Const,/job:localhost/replica:0/task:0/device:GPU:0,14.0,0.014
WUrn6Zp4wM,Const,/job:localhost/replica:0/task:0/device:GPU:0,14.0,0.014
Np8kjrDStm,Const,/job:localhost/replica:0/task:0/device:GPU:0,14.0,0.014
8UiAHhjElk,Const,/job:localhost/replica:0/task:0/device:GPU:0,14.0,0.014
svhBJDxb2Q,Const,/job:localhost/replica:0/task:0/device:GPU:0,14.0,0.014
dF5RUbu0t7,Const,/job:localhost/replica:0/task:0/device:GPU:0,14.0,0.014
AIgiNO0Tvy,Const,/job:localhost/replica:0/task:0/device:GPU:0,14.0,0.014
5Wig98Eb4K,Const,/job:localhost/replica:0/task:0/device:GPU:0,14.0,0.014
jJFGN9AIdV,Const,/job:localhost/replica:0/task:0/device:GPU:0,14.0,0.014
mhbIYxXKGr,Const,/job:localhost/replica:0/task:0/device:GPU:0,14.0,0.014
TXnFods40U,Const,/job:localhost/replica:0/task:0/device:GPU:0,14.0,0.014
SqwnxPceD3,Const,/job:localhost/replica:0/task:0/device:GPU:0,14.0,0.014
5yBojc9N2e,Const,/job:localhost/replica:0/task:0/device:GPU:0,14.0,0.014
IeiaDHgp8d,Const,/job:localhost/replica:0/task:0/device:GPU:0,14.0,0.014
qDEmzSdw2k,Const,/job:localhost/replica:0/task:0/device:GPU:0,14.0,0.014
9IAmEYN7nT,Const,/job:localhost/replica:0/task:0/device:GPU:0,14.0,0.014
R5cbLmuKzQ,Const,/job:localhost/replica:0/task:0/device:GPU:0,14.0,0.014
MV27KIqncA,Const,/job:localhost/replica:0/task:0/device:GPU:0,14.0,0.014
VGkN8tia09,Const,/job:localhost/replica:0/task:0/device:GPU:0,14.0,0.014
zUNjgZn8FV,Const,/job:localhost/replica:0/task:0/device:GPU:0,14.0,0.014
Uzt4Fo1aCd,Const,/job:localhost/replica:0/task:0/device:GPU:0,14.0,0.014
B35NDwy0iM,Const,/job:localhost/replica:0/task:0/device:GPU:0,14.0,0.014
GeANqc9mJR,Slice,/job:localhost/replica:0/task:0/device:GPU:0,14.0,0.014
OQcmh2fGeL,Equal,/job:localhost/replica:0/task:0/device:GPU:0,14.0,0.014
HMcmGNXftg,Slice,/job:localhost/replica:0/task:0/device:GPU:0,14.0,0.014
Wb6drje8Ul,Slice,/job:localhost/replica:0/task:0/device:GPU:0,14.0,0.014
74Uv5oDWPg,ZerosLike,/job:localhost/replica:0/task:0/device:GPU:0,14.0,0.014
rZB1bmosPL,Slice,/job:localhost/replica:0/task:0/device:GPU:0,14.0,0.014
oMeTL5SzyI,Add,/job:localhost/replica:0/task:0/device:GPU:0,14.0,0.014
FdJc2e57mI,Fill,/job:localhost/replica:0/task:0/device:GPU:0,14.0,0.014
1f0Wnr96M4,AddN,/job:localhost/replica:0/task:0/device:GPU:0,14.0,0.014
xoWa3KqOEF,RandomUniform,/job:localhost/replica:0/task:0/device:GPU:0,14.0,0.014
tv0L965r7x,StridedSlice,/job:localhost/replica:0/task:0/device:GPU:0,14.0,0.014
vOM94bVilA,Add,/job:localhost/replica:0/task:0/device:GPU:0,14.0,0.014
zYcSaLb5RH,MatMul,/job:localhost/replica:0/task:0/device:GPU:0,14.0,0.014
ixBANWOKqr,Sub,/job:localhost/replica:0/task:0/device:GPU:0,14.0,0.014
kbmgL8J69f,Prod,/job:localhost/replica:0/task:0/device:GPU:0,14.0,0.014
S1ylgLrjmf,Sub,/job:localhost/replica:0/task:0/device:GPU:0,14.0,0.014
jb5ko8Di7A,Transpose,/job:localhost/replica:0/task:0/device:GPU:0,14.0,0.014
B0tsnG2gk3,Sub,/job:localhost/replica:0/task:0/device:GPU:0,14.0,0.014
2ZtnobGhRN,ConcatV2,/job:localhost/replica:0/task:0/device:GPU:0,14.0,0.014
hTerXEjm46,Tile,/job:localhost/replica:0/task:0/device:GPU:0,14.0,0.014
otu31Urc7C,ConcatV2,/job:localhost/replica:0/task:0/device:GPU:0,14.0,0.014
qV1MC3Wlmh,ConcatV2,/job:localhost/replica:0/task:0/device:GPU:0,14.0,0.014
swH8RSq1LQ,ConcatV2,/job:localhost/replica:0/task:0/device:GPU:0,14.0,0.014
PZsQrdy9cp,Mean,/job:localhost/replica:0/task:0/device:GPU:0,14.0,0.014
snST1EuvkZ,ConcatV2,/job:localhost/replica:0/task:0/device:GPU:0,14.0,0.014
eRUwDKkZzJ,ConcatV2,/job:localhost/replica:0/task:0/device:GPU:0,14.0,0.014
kdg2oXVUfr,Rsqrt,/job:localhost/replica:0/task:0/device:GPU:0,14.0,0.014
jHutnimVP4,Shape,/job:localhost/replica:0/task:0/device:GPU:0,13.0,0.013
XJeGgapIvF,Slice,/job:localhost/replica:0/task:0/device:GPU:0,13.0,0.013
hg5X7wylWQ,Slice,/job:localhost/replica:0/task:0/device:GPU:0,13.0,0.013
IXLGUDKjHu,Slice,/job:localhost/replica:0/task:0/device:GPU:0,13.0,0.013
gib127KPY5,Slice,/job:localhost/replica:0/task:0/device:GPU:0,13.0,0.013
Tat25gVnfm,Slice,/job:localhost/replica:0/task:0/device:GPU:0,13.0,0.013
s2vRw53H1Y,Slice,/job:localhost/replica:0/task:0/device:GPU:0,13.0,0.013
mYxXn1slw7,Slice,/job:localhost/replica:0/task:0/device:GPU:0,13.0,0.013
5xcX3420Sj,Slice,/job:localhost/replica:0/task:0/device:GPU:0,13.0,0.013
3qG6c49Agj,Slice,/job:localhost/replica:0/task:0/device:GPU:0,13.0,0.013
aMXdC7sOLt,Slice,/job:localhost/replica:0/task:0/device:GPU:0,13.0,0.013
MNHQeuPwDS,Slice,/job:localhost/replica:0/task:0/device:GPU:0,13.0,0.013
mQieBsdr8V,Slice,/job:localhost/replica:0/task:0/device:GPU:0,13.0,0.013
FzYn9E16Jl,Slice,/job:localhost/replica:0/task:0/device:GPU:0,13.0,0.013
aQjzD90AJk,Slice,/job:localhost/replica:0/task:0/device:GPU:0,13.0,0.013
2DU7tlySPu/_16__cf__16,Sub,/job:localhost/replica:0/task:0/device:GPU:0,13.0,0.013
vrtUnPEH0s,Slice,/job:localhost/replica:0/task:0/device:GPU:0,13.0,0.013
Uf8A0a2iNs,Slice,/job:localhost/replica:0/task:0/device:GPU:0,13.0,0.013
7OGtoYF8bv,Slice,/job:localhost/replica:0/task:0/device:GPU:0,13.0,0.013
7DjelkLBFg,Slice,/job:localhost/replica:0/task:0/device:GPU:0,13.0,0.013
OfEkxamGdz,Slice,/job:localhost/replica:0/task:0/device:GPU:0,13.0,0.013
KxHlFWgwvy,Slice,/job:localhost/replica:0/task:0/device:GPU:0,13.0,0.013
NYu4iqy1v6,Slice,/job:localhost/replica:0/task:0/device:GPU:0,13.0,0.013
5Szrv1eKna,Slice,/job:localhost/replica:0/task:0/device:GPU:0,13.0,0.013
AOTQcbX2xN,Slice,/job:localhost/replica:0/task:0/device:GPU:0,13.0,0.013
w1GvoIZ4tP,Slice,/job:localhost/replica:0/task:0/device:GPU:0,13.0,0.013
E62LvDKaRp,Const,/job:localhost/replica:0/task:0/device:GPU:0,13.0,0.013
XTEW6NwgsI,Const,/job:localhost/replica:0/task:0/device:GPU:0,13.0,0.013
e2cxRkP18G,Const,/job:localhost/replica:0/task:0/device:GPU:0,13.0,0.013
wfSPZV9vaH,Const,/job:localhost/replica:0/task:0/device:GPU:0,13.0,0.013
UL1ECZ27IN,Const,/job:localhost/replica:0/task:0/device:GPU:0,13.0,0.013
VYRn4W6rBu,Const,/job:localhost/replica:0/task:0/device:GPU:0,13.0,0.013
gU1efPb8Ms,Const,/job:localhost/replica:0/task:0/device:GPU:0,13.0,0.013
ACWrmYkXHh,Slice,/job:localhost/replica:0/task:0/device:GPU:0,13.0,0.013
CukEpQUjnm,Const,/job:localhost/replica:0/task:0/device:GPU:0,13.0,0.013
eHk892tFYL,Const,/job:localhost/replica:0/task:0/device:GPU:0,13.0,0.013
aZQmqgGuxe,Const,/job:localhost/replica:0/task:0/device:GPU:0,13.0,0.013
hGL26xywgd,Const,/job:localhost/replica:0/task:0/device:GPU:0,13.0,0.013
xfs249bngX,StridedSlice,/job:localhost/replica:0/task:0/device:GPU:0,13.0,0.013
cdsiVNaDUX,ZerosLike,/job:localhost/replica:0/task:0/device:GPU:0,13.0,0.013
DhnFXO5k4i,Slice,/job:localhost/replica:0/task:0/device:GPU:0,13.0,0.013
joHEBKWIly,Slice,/job:localhost/replica:0/task:0/device:GPU:0,13.0,0.013
Yycgd6FET2,Prod,/job:localhost/replica:0/task:0/device:GPU:0,13.0,0.013
K82HuPqfhZ,Slice,/job:localhost/replica:0/task:0/device:GPU:0,13.0,0.013
CXbyL9IHuG,ConcatV2,/job:localhost/replica:0/task:0/device:GPU:0,13.0,0.013
ayeTWN63Dd,Fill,/job:localhost/replica:0/task:0/device:GPU:0,13.0,0.013
idQBnRMsuo,Fill,/job:localhost/replica:0/task:0/device:GPU:0,13.0,0.013
8oWh5OgX7b,Less,/job:localhost/replica:0/task:0/device:GPU:0,13.0,0.013
AKMlPaT6W8,Shape,/job:localhost/replica:0/task:0/device:GPU:0,13.0,0.013
Cdtro4BEj8,Prod,/job:localhost/replica:0/task:0/device:GPU:0,13.0,0.013
1AhQ0a26Tb,Mul,/job:localhost/replica:0/task:0/device:GPU:0,13.0,0.013
DG4a86qwAY,Pow,/job:localhost/replica:0/task:0/device:GPU:0,13.0,0.013
kMhVmyYIa5,Sum,/job:localhost/replica:0/task:0/device:GPU:0,13.0,0.013
gLbVlIsu43,RealDiv,/job:localhost/replica:0/task:0/device:GPU:0,13.0,0.013
o1NnxR8JOe,ConcatV2,/job:localhost/replica:0/task:0/device:GPU:0,13.0,0.013
3kBxnr8VvU,ConcatV2,/job:localhost/replica:0/task:0/device:GPU:0,13.0,0.013
9vzlWCLYA0,ConcatV2,/job:localhost/replica:0/task:0/device:GPU:0,13.0,0.013
RiXN5n21kP,ConcatV2,/job:localhost/replica:0/task:0/device:GPU:0,13.0,0.013
AJw0rhz8R4,ConcatV2,/job:localhost/replica:0/task:0/device:GPU:0,13.0,0.013
ynpjuI3zk0,Mul,/job:localhost/replica:0/task:0/device:GPU:0,13.0,0.013
V7aBYZwPQl,Relu,/job:localhost/replica:0/task:0/device:GPU:0,13.0,0.013
yxXf4r8F2T,ConcatV2,/job:localhost/replica:0/task:0/device:GPU:0,13.0,0.013
A68SiMYjcG,ConcatV2,/job:localhost/replica:0/task:0/device:GPU:0,13.0,0.013
gypFwlqGSY,ConcatV2,/job:localhost/replica:0/task:0/device:GPU:0,13.0,0.013
X0LoISl5CM,ConcatV2,/job:localhost/replica:0/task:0/device:GPU:0,13.0,0.013
CquJc05eGt,SplitV,/job:localhost/replica:0/task:0/device:GPU:0,13.0,0.013
ZRgIaM9Sio,BiasAdd,/job:localhost/replica:0/task:0/device:GPU:0,13.0,0.013
yNStf39nHh,MatMul,/job:localhost/replica:0/task:0/device:GPU:0,13.0,0.013
kQljc4BqNR,Slice,/job:localhost/replica:0/task:0/device:GPU:0,13.0,0.013
RZ2x6ki3Q7,ConcatV2,/job:localhost/replica:0/task:0/device:GPU:0,13.0,0.013
AusmGeoiMQ,AddN,/job:localhost/replica:0/task:0/device:GPU:0,13.0,0.013
fv3LZXDpoP,Const,/job:localhost/replica:0/task:0/device:GPU:0,12.0,0.012
5OPAvqLDpU,Shape,/job:localhost/replica:0/task:0/device:GPU:0,12.0,0.012
Fbm4vcXOqN,Slice,/job:localhost/replica:0/task:0/device:GPU:0,12.0,0.012
zfYEVkwovB,Slice,/job:localhost/replica:0/task:0/device:GPU:0,12.0,0.012
DipgmIbwa2,Slice,/job:localhost/replica:0/task:0/device:GPU:0,12.0,0.012
CP8SlifF72,Slice,/job:localhost/replica:0/task:0/device:GPU:0,12.0,0.012
L7sDdZQiyG,Slice,/job:localhost/replica:0/task:0/device:GPU:0,12.0,0.012
LrypvZHVwS,Slice,/job:localhost/replica:0/task:0/device:GPU:0,12.0,0.012
HCganbmBq3,Slice,/job:localhost/replica:0/task:0/device:GPU:0,12.0,0.012
fXYAm4rbBK,Slice,/job:localhost/replica:0/task:0/device:GPU:0,12.0,0.012
RAY5hIZsHe,Slice,/job:localhost/replica:0/task:0/device:GPU:0,12.0,0.012
eodK19lVH0,Slice,/job:localhost/replica:0/task:0/device:GPU:0,12.0,0.012
Pr29OmBMjN,Slice,/job:localhost/replica:0/task:0/device:GPU:0,12.0,0.012
EpGr5QZgoy,Slice,/job:localhost/replica:0/task:0/device:GPU:0,12.0,0.012
J0hlZFDfcC,Slice,/job:localhost/replica:0/task:0/device:GPU:0,12.0,0.012
BXFyUO3Duz,Slice,/job:localhost/replica:0/task:0/device:GPU:0,12.0,0.012
N0iM5gykYX/_151__cf__151,Reshape,/job:localhost/replica:0/task:0/device:GPU:0,12.0,0.012
SOMraxnRBt/_193__cf__193,Reshape,/job:localhost/replica:0/task:0/device:GPU:0,12.0,0.012
ufpIKQVgCv,Slice,/job:localhost/replica:0/task:0/device:GPU:0,12.0,0.012
6H3ErOkbdP,Slice,/job:localhost/replica:0/task:0/device:GPU:0,12.0,0.012
RndcNGCkmU,Slice,/job:localhost/replica:0/task:0/device:GPU:0,12.0,0.012
vMH3cRusJE,Slice,/job:localhost/replica:0/task:0/device:GPU:0,12.0,0.012
UOWkTdcV7D,Slice,/job:localhost/replica:0/task:0/device:GPU:0,12.0,0.012
5kQLMrEDeX,Slice,/job:localhost/replica:0/task:0/device:GPU:0,12.0,0.012
QtKclXpSRW,Slice,/job:localhost/replica:0/task:0/device:GPU:0,12.0,0.012
1kl8XbRc4p/_12__cf__12,Reshape,/job:localhost/replica:0/task:0/device:GPU:0,12.0,0.012
fNLZBomSqy,Slice,/job:localhost/replica:0/task:0/device:GPU:0,12.0,0.012
EBbf8xYXo7,Slice,/job:localhost/replica:0/task:0/device:GPU:0,12.0,0.012
6QNtc4pjf8,Slice,/job:localhost/replica:0/task:0/device:GPU:0,12.0,0.012
QsZ0tWYyAM,Slice,/job:localhost/replica:0/task:0/device:GPU:0,12.0,0.012
NQZgT91vu7,Slice,/job:localhost/replica:0/task:0/device:GPU:0,12.0,0.012
AxUrR27L3m,Slice,/job:localhost/replica:0/task:0/device:GPU:0,12.0,0.012
GZdemqLFz5,Slice,/job:localhost/replica:0/task:0/device:GPU:0,12.0,0.012
QMdAGLC2uX,Slice,/job:localhost/replica:0/task:0/device:GPU:0,12.0,0.012
cREvfyudUB,Slice,/job:localhost/replica:0/task:0/device:GPU:0,12.0,0.012
eaOWdLzlkZ,Slice,/job:localhost/replica:0/task:0/device:GPU:0,12.0,0.012
wEJMP4h1v7,Const,/job:localhost/replica:0/task:0/device:GPU:0,12.0,0.012
zaBAeIuR8b,Slice,/job:localhost/replica:0/task:0/device:GPU:0,12.0,0.012
WgLDzZTxKj,StridedSlice,/job:localhost/replica:0/task:0/device:GPU:0,12.0,0.012
Fk1rvRzuOY,Mul,/job:localhost/replica:0/task:0/device:GPU:0,12.0,0.012
hzuaJyRq8S,Slice,/job:localhost/replica:0/task:0/device:GPU:0,12.0,0.012
MCqGxUYzfc,RandomUniform,/job:localhost/replica:0/task:0/device:GPU:0,12.0,0.012
sM3lGfioje,Slice,/job:localhost/replica:0/task:0/device:GPU:0,12.0,0.012
0VDGbLmFZ5,Slice,/job:localhost/replica:0/task:0/device:GPU:0,12.0,0.012
RCjd8zmJbh,Mean,/job:localhost/replica:0/task:0/device:GPU:0,12.0,0.012
Dpci4rJGEd,Sub,/job:localhost/replica:0/task:0/device:GPU:0,12.0,0.012
UtK2Wc8kNQ,Tanh,/job:localhost/replica:0/task:0/device:GPU:0,12.0,0.012
02lpGsZSQN,Prod,/job:localhost/replica:0/task:0/device:GPU:0,12.0,0.012
p703y4htsv,Greater,/job:localhost/replica:0/task:0/device:GPU:0,12.0,0.012
zMlJGt2CeV,Square,/job:localhost/replica:0/task:0/device:GPU:0,12.0,0.012
WjzgMd3Kv9,Cast,/job:localhost/replica:0/task:0/device:GPU:0,12.0,0.012
WRxmnjlO01,RealDiv,/job:localhost/replica:0/task:0/device:GPU:0,12.0,0.012
gWQjKvA9R1,RealDiv,/job:localhost/replica:0/task:0/device:GPU:0,12.0,0.012
CI7x3VLXqh,SquaredDifference,/job:localhost/replica:0/task:0/device:GPU:0,12.0,0.012
EUoQdbki1D,Pow,/job:localhost/replica:0/task:0/device:GPU:0,12.0,0.012
nFJHbBK9dh,Prod,/job:localhost/replica:0/task:0/device:GPU:0,12.0,0.012
1mh2ZqlroF,Sub,/job:localhost/replica:0/task:0/device:GPU:0,12.0,0.012
DvRafYUprl,Mul,/job:localhost/replica:0/task:0/device:GPU:0,12.0,0.012
1YWczw3mMi,MatMul,/job:localhost/replica:0/task:0/device:GPU:0,12.0,0.012
AGsplD1g9Y,BiasAdd,/job:localhost/replica:0/task:0/device:GPU:0,12.0,0.012
ujoVXSZxqd,ConcatV2,/job:localhost/replica:0/task:0/device:GPU:0,12.0,0.012
4RoafD53C7,MatMul,/job:localhost/replica:0/task:0/device:GPU:0,12.0,0.012
lBftOas1YH,MatMul,/job:localhost/replica:0/task:0/device:GPU:0,12.0,0.012
cpw3L2kxOa,MatMul,/job:localhost/replica:0/task:0/device:GPU:0,12.0,0.012
aLvtC3QnbJ,SplitV,/job:localhost/replica:0/task:0/device:GPU:0,12.0,0.012
S9zXpQBJf6,Prod,/job:localhost/replica:0/task:0/device:GPU:0,12.0,0.012
58YsTqbIWK,Prod,/job:localhost/replica:0/task:0/device:GPU:0,12.0,0.012
5rXaR1d9y7,ConcatV2,/job:localhost/replica:0/task:0/device:GPU:0,12.0,0.012
yEBkInhsmW,ConcatV2,/job:localhost/replica:0/task:0/device:GPU:0,12.0,0.012
jLhH26rExQ,Prod,/job:localhost/replica:0/task:0/device:GPU:0,12.0,0.012
kOoVhI1qfi,Prod,/job:localhost/replica:0/task:0/device:GPU:0,12.0,0.012
YNMAtkywFn,ConcatV2,/job:localhost/replica:0/task:0/device:GPU:0,12.0,0.012
kQGM7ilYxq,SplitV,/job:localhost/replica:0/task:0/device:GPU:0,12.0,0.012
ufUHPQcL6D,ConcatV2,/job:localhost/replica:0/task:0/device:GPU:0,12.0,0.012
WwOxEgcmI0,MatMul,/job:localhost/replica:0/task:0/device:GPU:0,12.0,0.012
D6kJy4qeQm,Prod,/job:localhost/replica:0/task:0/device:GPU:0,12.0,0.012
tPDdrOvibC,ConcatV2,/job:localhost/replica:0/task:0/device:GPU:0,12.0,0.012
psGnehKW8t,Select,/job:localhost/replica:0/task:0/device:GPU:0,12.0,0.012
xaZHMPDNBv,ConcatV2,/job:localhost/replica:0/task:0/device:GPU:0,12.0,0.012
ykKsUIBZ8T,Mean,/job:localhost/replica:0/task:0/device:GPU:0,12.0,0.012
eoYM7041SN,Minimum,/job:localhost/replica:0/task:0/device:GPU:0,12.0,0.012
S4k8tZw7vN,Exp,/job:localhost/replica:0/task:0/device:GPU:0,12.0,0.012
_arg_5Tbv4PyKlU_0_91,Placeholder,/job:localhost/replica:0/task:0/device:CPU:0,12.0,0.012
yArYezhBcR,Slice,/job:localhost/replica:0/task:0/device:GPU:0,11.0,0.011
q3QhYWk6Pt/_327__cf__327,Reshape,/job:localhost/replica:0/task:0/device:GPU:0,11.0,0.011
4TqODBoX0s,Slice,/job:localhost/replica:0/task:0/device:GPU:0,11.0,0.011
zbvLmeKqMf,Slice,/job:localhost/replica:0/task:0/device:GPU:0,11.0,0.011
DFyP0XWGOQ,Slice,/job:localhost/replica:0/task:0/device:GPU:0,11.0,0.011
uOM3yVpvWR,Slice,/job:localhost/replica:0/task:0/device:GPU:0,11.0,0.011
cFZ3nCB9qR,Slice,/job:localhost/replica:0/task:0/device:GPU:0,11.0,0.011
imt1nFvRo8,Slice,/job:localhost/replica:0/task:0/device:GPU:0,11.0,0.011
4EmOFygfQp/_34__cf__34,Reshape,/job:localhost/replica:0/task:0/device:GPU:0,11.0,0.011
DlqQFRnwJO,Slice,/job:localhost/replica:0/task:0/device:GPU:0,11.0,0.011
KzcV76lU3t/_138__cf__138,Reshape,/job:localhost/replica:0/task:0/device:GPU:0,11.0,0.011
liQbTV0wBe,Slice,/job:localhost/replica:0/task:0/device:GPU:0,11.0,0.011
mwaCKRk8qH,Slice,/job:localhost/replica:0/task:0/device:GPU:0,11.0,0.011
78jZfKHOkW,Slice,/job:localhost/replica:0/task:0/device:GPU:0,11.0,0.011
yolQY9kFI7,Slice,/job:localhost/replica:0/task:0/device:GPU:0,11.0,0.011
AYfPrgqxMI,Slice,/job:localhost/replica:0/task:0/device:GPU:0,11.0,0.011
Vs4Zyo5zMG,Slice,/job:localhost/replica:0/task:0/device:GPU:0,11.0,0.011
c3kZtN4AQP,Slice,/job:localhost/replica:0/task:0/device:GPU:0,11.0,0.011
KAcmyYv6Rk,Slice,/job:localhost/replica:0/task:0/device:GPU:0,11.0,0.011
MHxtEz0ZGV,Slice,/job:localhost/replica:0/task:0/device:GPU:0,11.0,0.011
NpzrPxqZFf,Slice,/job:localhost/replica:0/task:0/device:GPU:0,11.0,0.011
O4LQNg8rKh,Slice,/job:localhost/replica:0/task:0/device:GPU:0,11.0,0.011
xCKAzRmUsy,Slice,/job:localhost/replica:0/task:0/device:GPU:0,11.0,0.011
T5NEbmJqAt,Slice,/job:localhost/replica:0/task:0/device:GPU:0,11.0,0.011
DBALWX5R4d,Slice,/job:localhost/replica:0/task:0/device:GPU:0,11.0,0.011
acgr3XLb4U,Slice,/job:localhost/replica:0/task:0/device:GPU:0,11.0,0.011
wzKx7DZrSY,Slice,/job:localhost/replica:0/task:0/device:GPU:0,11.0,0.011
fJ3WFxpUzN,ZerosLike,/job:localhost/replica:0/task:0/device:GPU:0,11.0,0.011
CeEUV1PT8W,Slice,/job:localhost/replica:0/task:0/device:GPU:0,11.0,0.011
LBxXJhRAKH,Slice,/job:localhost/replica:0/task:0/device:GPU:0,11.0,0.011
Y8yzvNs0eg,Slice,/job:localhost/replica:0/task:0/device:GPU:0,11.0,0.011
jUzS59tuZw,Slice,/job:localhost/replica:0/task:0/device:GPU:0,11.0,0.011
U6xDSEQIJd,Slice,/job:localhost/replica:0/task:0/device:GPU:0,11.0,0.011
sQyZiqxYB1,Slice,/job:localhost/replica:0/task:0/device:GPU:0,11.0,0.011
7Ba2nDTlrR,Slice,/job:localhost/replica:0/task:0/device:GPU:0,11.0,0.011
GjvZHAMk0B,Slice,/job:localhost/replica:0/task:0/device:GPU:0,11.0,0.011
qpdKC35yua,Slice,/job:localhost/replica:0/task:0/device:GPU:0,11.0,0.011
qM8rAnLQYV,Slice,/job:localhost/replica:0/task:0/device:GPU:0,11.0,0.011
PC1Lwr3usS,Slice,/job:localhost/replica:0/task:0/device:GPU:0,11.0,0.011
96oOE0ukZp,Slice,/job:localhost/replica:0/task:0/device:GPU:0,11.0,0.011
7wM0a1DZPt,Slice,/job:localhost/replica:0/task:0/device:GPU:0,11.0,0.011
IcB6E7seyf,Slice,/job:localhost/replica:0/task:0/device:GPU:0,11.0,0.011
SDOMPcdBZp,Slice,/job:localhost/replica:0/task:0/device:GPU:0,11.0,0.011
zUZMx4NS3m,Slice,/job:localhost/replica:0/task:0/device:GPU:0,11.0,0.011
rlIMc0ziJn,BiasAdd,/job:localhost/replica:0/task:0/device:GPU:0,11.0,0.011
G5MABwTv0r,BiasAdd,/job:localhost/replica:0/task:0/device:GPU:0,11.0,0.011
oTliU3jVAb,Const,/job:localhost/replica:0/task:0/device:GPU:0,11.0,0.011
hDlT6tkoVm,Slice,/job:localhost/replica:0/task:0/device:GPU:0,11.0,0.011
zg6J9YfksU,Slice,/job:localhost/replica:0/task:0/device:GPU:0,11.0,0.011
cw6CP8JZ4B,ZerosLike,/job:localhost/replica:0/task:0/device:GPU:0,11.0,0.011
N6iO4bZVoa,Slice,/job:localhost/replica:0/task:0/device:GPU:0,11.0,0.011
R34gFHCvtd,Slice,/job:localhost/replica:0/task:0/device:GPU:0,11.0,0.011
zOKjPQmVth,Slice,/job:localhost/replica:0/task:0/device:GPU:0,11.0,0.011
QC0wy3maTz,Fill,/job:localhost/replica:0/task:0/device:GPU:0,11.0,0.011
51WF23VfRL,Switch,/job:localhost/replica:0/task:0/device:GPU:0,11.0,0.011
brNTvUJqPZ,Const,/job:localhost/replica:0/task:0/device:GPU:0,11.0,0.011
L65PR8oDe1,Fill,/job:localhost/replica:0/task:0/device:GPU:0,11.0,0.011
SdXNFq6PMW,Add,/job:localhost/replica:0/task:0/device:GPU:0,11.0,0.011
8lQn57vCpO,Pow,/job:localhost/replica:0/task:0/device:GPU:0,11.0,0.011
vfwkMpxJd8,BitwiseAnd,/job:localhost/replica:0/task:0/device:GPU:0,11.0,0.011
OrtjVLMQSq,AddN,/job:localhost/replica:0/task:0/device:GPU:0,11.0,0.011
5gLPWskr0B,AddN,/job:localhost/replica:0/task:0/device:GPU:0,11.0,0.011
OjRU3EI4tT,Mean,/job:localhost/replica:0/task:0/device:GPU:0,11.0,0.011
R1nscxwtFZ,Prod,/job:localhost/replica:0/task:0/device:GPU:0,11.0,0.011
JsGd4cnvLr,Select,/job:localhost/replica:0/task:0/device:GPU:0,11.0,0.011
iAvu6mOgCY,MatMul,/job:localhost/replica:0/task:0/device:GPU:0,11.0,0.011
2ta8ESICsd,Tanh,/job:localhost/replica:0/task:0/device:GPU:0,11.0,0.011
npoIYWwqvu,Pow,/job:localhost/replica:0/task:0/device:GPU:0,11.0,0.011
XOj4wxQ8Nb,Unpack,/job:localhost/replica:0/task:0/device:GPU:0,11.0,0.011
N4AkLi8a0l,Add,/job:localhost/replica:0/task:0/device:GPU:0,11.0,0.011
CqnFoWOG4K,Prod,/job:localhost/replica:0/task:0/device:GPU:0,11.0,0.011
l1g8rZUDPu,MatMul,/job:localhost/replica:0/task:0/device:GPU:0,11.0,0.011
VPSaiYL8fk,MatMul,/job:localhost/replica:0/task:0/device:GPU:0,11.0,0.011
zRuWYtlrdX,Tile,/job:localhost/replica:0/task:0/device:GPU:0,11.0,0.011
qaASLlIE0y,MatMul,/job:localhost/replica:0/task:0/device:GPU:0,11.0,0.011
4rXwSG2j1Z,MatMul,/job:localhost/replica:0/task:0/device:GPU:0,11.0,0.011
XT7lQbN3R1,Sub,/job:localhost/replica:0/task:0/device:GPU:0,11.0,0.011
TBXADdkhZG,Prod,/job:localhost/replica:0/task:0/device:GPU:0,11.0,0.011
LoJAI0Va8w,Prod,/job:localhost/replica:0/task:0/device:GPU:0,11.0,0.011
gtxDKWQATh,Prod,/job:localhost/replica:0/task:0/device:GPU:0,11.0,0.011
2dCPnNuxJK,SplitV,/job:localhost/replica:0/task:0/device:GPU:0,11.0,0.011
jPRIBSAtFq,SplitV,/job:localhost/replica:0/task:0/device:GPU:0,11.0,0.011
fm8RKrc9Jq,SplitV,/job:localhost/replica:0/task:0/device:GPU:0,11.0,0.011
OCBHFsGypE,SplitV,/job:localhost/replica:0/task:0/device:GPU:0,11.0,0.011
LITle4pRYc,ConcatV2,/job:localhost/replica:0/task:0/device:GPU:0,11.0,0.011
ILQlbTyEzs,ConcatV2,/job:localhost/replica:0/task:0/device:GPU:0,11.0,0.011
4r5FvExbVp,Mean,/job:localhost/replica:0/task:0/device:GPU:0,11.0,0.011
5JEvVuhzMX,SplitV,/job:localhost/replica:0/task:0/device:GPU:0,11.0,0.011
9VyxFvfO6b,SplitV,/job:localhost/replica:0/task:0/device:GPU:0,11.0,0.011
1RChmWxKl9,Pow,/job:localhost/replica:0/task:0/device:GPU:0,11.0,0.011
jouvgP4dXb,Prod,/job:localhost/replica:0/task:0/device:GPU:0,11.0,0.011
znc8rKNpvP,ConcatV2,/job:localhost/replica:0/task:0/device:GPU:0,11.0,0.011
QAgVZsDMdW,ConcatV2,/job:localhost/replica:0/task:0/device:GPU:0,11.0,0.011
gbLnlBP4R1,Sub,/job:localhost/replica:0/task:0/device:GPU:0,11.0,0.011
NLem0gYByR,MatMul,/job:localhost/replica:0/task:0/device:GPU:0,11.0,0.011
9n7heiIN1M,MatMul,/job:localhost/replica:0/task:0/device:GPU:0,11.0,0.011
HCqyd1uE8P,ConcatV2,/job:localhost/replica:0/task:0/device:GPU:0,11.0,0.011
AK8mxjSVBi,Fill,/job:localhost/replica:0/task:0/device:GPU:0,11.0,0.011
dujmrShlz9,GreaterEqual,/job:localhost/replica:0/task:0/device:GPU:0,11.0,0.011
_arg_VtYPdkuAsg_0_513,Placeholder,/job:localhost/replica:0/task:0/device:CPU:0,11.0,0.011
_arg_cFBNAytwM7_0_606,Placeholder,/job:localhost/replica:0/task:0/device:CPU:0,11.0,0.011
_arg_9SNIyDKJtR_0_142,Placeholder,/job:localhost/replica:0/task:0/device:CPU:0,11.0,0.011
_arg_lOR2cTiyN9_0_764,Placeholder,/job:localhost/replica:0/task:0/device:CPU:0,11.0,0.011
z4FJZ3X7kq,Reshape,/job:localhost/replica:0/task:0/device:CPU:0,11.0,0.011
ZloaPwpcGt,Const,/job:localhost/replica:0/task:0/device:GPU:0,10.0,0.01
RLPiUs65wM,Slice,/job:localhost/replica:0/task:0/device:GPU:0,10.0,0.01
EPeyAz2fHn,Slice,/job:localhost/replica:0/task:0/device:GPU:0,10.0,0.01
UdWr1TCeoi,Slice,/job:localhost/replica:0/task:0/device:GPU:0,10.0,0.01
wERm8Zvj2M,Slice,/job:localhost/replica:0/task:0/device:GPU:0,10.0,0.01
VLR6dhAfeY,Slice,/job:localhost/replica:0/task:0/device:GPU:0,10.0,0.01
eK8brp3kYT,Slice,/job:localhost/replica:0/task:0/device:GPU:0,10.0,0.01
4p7kGvRI8O,Slice,/job:localhost/replica:0/task:0/device:GPU:0,10.0,0.01
jMCWrDbP9f,Slice,/job:localhost/replica:0/task:0/device:GPU:0,10.0,0.01
DfElIH5Zmc,Slice,/job:localhost/replica:0/task:0/device:GPU:0,10.0,0.01
FDo5RuLm9c,Slice,/job:localhost/replica:0/task:0/device:GPU:0,10.0,0.01
tshFcoDXuC,Slice,/job:localhost/replica:0/task:0/device:GPU:0,10.0,0.01
aD1PCZN65U,Slice,/job:localhost/replica:0/task:0/device:GPU:0,10.0,0.01
y07Nvns5bw,Slice,/job:localhost/replica:0/task:0/device:GPU:0,10.0,0.01
Y9jWHbcvB8,Slice,/job:localhost/replica:0/task:0/device:GPU:0,10.0,0.01
aeWKShq5C9,Slice,/job:localhost/replica:0/task:0/device:GPU:0,10.0,0.01
aJvmr2i8u0,Slice,/job:localhost/replica:0/task:0/device:GPU:0,10.0,0.01
oO9UGNAVIb,Slice,/job:localhost/replica:0/task:0/device:GPU:0,10.0,0.01
umAJVERS17,Slice,/job:localhost/replica:0/task:0/device:GPU:0,10.0,0.01
SmovxtgDE2,Slice,/job:localhost/replica:0/task:0/device:GPU:0,10.0,0.01
AHD5bNJcvW,Slice,/job:localhost/replica:0/task:0/device:GPU:0,10.0,0.01
SxTCo59vrB,Slice,/job:localhost/replica:0/task:0/device:GPU:0,10.0,0.01
icReHEN8jg,Slice,/job:localhost/replica:0/task:0/device:GPU:0,10.0,0.01
4K2HVJAkyc,Slice,/job:localhost/replica:0/task:0/device:GPU:0,10.0,0.01
WXLAZ5SFMl,Slice,/job:localhost/replica:0/task:0/device:GPU:0,10.0,0.01
5pjElHxZfN/_43__cf__43,Reshape,/job:localhost/replica:0/task:0/device:GPU:0,10.0,0.01
Hy6CnEjz51,Slice,/job:localhost/replica:0/task:0/device:GPU:0,10.0,0.01
9NldrKJouD,Slice,/job:localhost/replica:0/task:0/device:GPU:0,10.0,0.01
qo1z3NGPRs,Slice,/job:localhost/replica:0/task:0/device:GPU:0,10.0,0.01
QMJLKetNvi,Slice,/job:localhost/replica:0/task:0/device:GPU:0,10.0,0.01
HxFbTZaQ7B,Slice,/job:localhost/replica:0/task:0/device:GPU:0,10.0,0.01
sZKo1J9Uw7,Slice,/job:localhost/replica:0/task:0/device:GPU:0,10.0,0.01
Ve4iZlT1S2,Slice,/job:localhost/replica:0/task:0/device:GPU:0,10.0,0.01
EdzN9c7fMq,Slice,/job:localhost/replica:0/task:0/device:GPU:0,10.0,0.01
FUsvHobWSc,Slice,/job:localhost/replica:0/task:0/device:GPU:0,10.0,0.01
xf3UKyStMV,Slice,/job:localhost/replica:0/task:0/device:GPU:0,10.0,0.01
AMIUWDERa3,Slice,/job:localhost/replica:0/task:0/device:GPU:0,10.0,0.01
azpSDv19JU,Slice,/job:localhost/replica:0/task:0/device:GPU:0,10.0,0.01
w0G2UdDyM3,Slice,/job:localhost/replica:0/task:0/device:GPU:0,10.0,0.01
6Zk1W98gfP,Slice,/job:localhost/replica:0/task:0/device:GPU:0,10.0,0.01
MbB4fUREAT,Slice,/job:localhost/replica:0/task:0/device:GPU:0,10.0,0.01
yIDYhmstf7,Slice,/job:localhost/replica:0/task:0/device:GPU:0,10.0,0.01
TZ5IAv1Lir,Slice,/job:localhost/replica:0/task:0/device:GPU:0,10.0,0.01
KTW7x2aEr3,Slice,/job:localhost/replica:0/task:0/device:GPU:0,10.0,0.01
m9tvClyH6D,Slice,/job:localhost/replica:0/task:0/device:GPU:0,10.0,0.01
WMk69vImrf,Slice,/job:localhost/replica:0/task:0/device:GPU:0,10.0,0.01
YMwSy6ZhJq,Slice,/job:localhost/replica:0/task:0/device:GPU:0,10.0,0.01
T6GMZ9UwrN,Slice,/job:localhost/replica:0/task:0/device:GPU:0,10.0,0.01
XRoxy1pDj0,Slice,/job:localhost/replica:0/task:0/device:GPU:0,10.0,0.01
tlWJBoXkuz,Slice,/job:localhost/replica:0/task:0/device:GPU:0,10.0,0.01
fJotwDCWhi,Slice,/job:localhost/replica:0/task:0/device:GPU:0,10.0,0.01
Trfds5VQ6z,Slice,/job:localhost/replica:0/task:0/device:GPU:0,10.0,0.01
65GWQCl3jD,Slice,/job:localhost/replica:0/task:0/device:GPU:0,10.0,0.01
OsHNW5VXwY,Slice,/job:localhost/replica:0/task:0/device:GPU:0,10.0,0.01
1HU4fabtcE/_8__cf__8,Reshape,/job:localhost/replica:0/task:0/device:GPU:0,10.0,0.01
FZprsoT2LC,Slice,/job:localhost/replica:0/task:0/device:GPU:0,10.0,0.01
2EuklfJNcW,Slice,/job:localhost/replica:0/task:0/device:GPU:0,10.0,0.01
IAoH8Fe5G4,Slice,/job:localhost/replica:0/task:0/device:GPU:0,10.0,0.01
eFlVA2Dv9j,Slice,/job:localhost/replica:0/task:0/device:GPU:0,10.0,0.01
9laxjhyQGJ,Slice,/job:localhost/replica:0/task:0/device:GPU:0,10.0,0.01
ufnscd4zyR,Slice,/job:localhost/replica:0/task:0/device:GPU:0,10.0,0.01
y7bxcp4qtG,Slice,/job:localhost/replica:0/task:0/device:GPU:0,10.0,0.01
2rHDUsa9g4,Slice,/job:localhost/replica:0/task:0/device:GPU:0,10.0,0.01
HQgoJfz2rR,Slice,/job:localhost/replica:0/task:0/device:GPU:0,10.0,0.01
LQ5eM67aBY,Slice,/job:localhost/replica:0/task:0/device:GPU:0,10.0,0.01
ab2ryQX5fB,Slice,/job:localhost/replica:0/task:0/device:GPU:0,10.0,0.01
AyNEjzDPim,Slice,/job:localhost/replica:0/task:0/device:GPU:0,10.0,0.01
hUNSg3GzeV,Relu,/job:localhost/replica:0/task:0/device:GPU:0,10.0,0.01
15ZI73NMsm,RealDiv,/job:localhost/replica:0/task:0/device:GPU:0,10.0,0.01
j0vW6RhFQ4,Const,/job:localhost/replica:0/task:0/device:GPU:0,10.0,0.01
0LjO9xhBkK,Fill,/job:localhost/replica:0/task:0/device:GPU:0,10.0,0.01
Z6jshSCIHw,Slice,/job:localhost/replica:0/task:0/device:GPU:0,10.0,0.01
zvQRxK3bDk,Slice,/job:localhost/replica:0/task:0/device:GPU:0,10.0,0.01
0ncudH4KFX,Slice,/job:localhost/replica:0/task:0/device:GPU:0,10.0,0.01
Lf1hj5DtE0,Slice,/job:localhost/replica:0/task:0/device:GPU:0,10.0,0.01
i0Ejp1JWSI,Fill,/job:localhost/replica:0/task:0/device:GPU:0,10.0,0.01
9Cbve3GKPW,Sub,/job:localhost/replica:0/task:0/device:GPU:0,10.0,0.01
z2UXSc0Qny,Sigmoid,/job:localhost/replica:0/task:0/device:GPU:0,10.0,0.01
w8OQbif3NR,Prod,/job:localhost/replica:0/task:0/device:GPU:0,10.0,0.01
4tjWmvX2Pd,Log,/job:localhost/replica:0/task:0/device:GPU:0,10.0,0.01
O5QCI9VDA8,Sum,/job:localhost/replica:0/task:0/device:GPU:0,10.0,0.01
aNb4oMejSD,Sub,/job:localhost/replica:0/task:0/device:GPU:0,10.0,0.01
NqGtAeYX7d,SquaredDifference,/job:localhost/replica:0/task:0/device:GPU:0,10.0,0.01
rh49A8b3zT,Sub,/job:localhost/replica:0/task:0/device:GPU:0,10.0,0.01
487BQbtagn,Prod,/job:localhost/replica:0/task:0/device:GPU:0,10.0,0.01
kjcTxRylLa,Relu,/job:localhost/replica:0/task:0/device:GPU:0,10.0,0.01
1Ge8XCYqWK,SquaredDifference,/job:localhost/replica:0/task:0/device:GPU:0,10.0,0.01
9AmHYMilsW,Sub,/job:localhost/replica:0/task:0/device:GPU:0,10.0,0.01
HjtuO9izJP,MatMul,/job:localhost/replica:0/task:0/device:GPU:0,10.0,0.01
Pdv7QsEzRX,Select,/job:localhost/replica:0/task:0/device:GPU:0,10.0,0.01
8BYK7lxQA5,Add,/job:localhost/replica:0/task:0/device:GPU:0,10.0,0.01
9bkHQPlr0Z,StridedSlice,/job:localhost/replica:0/task:0/device:GPU:0,10.0,0.01
yB0YoSjKhv,AddV2,/job:localhost/replica:0/task:0/device:GPU:0,10.0,0.01
HDeRGVdiXm,SquaredDifference,/job:localhost/replica:0/task:0/device:GPU:0,10.0,0.01
c0hs8i3AVv,Add,/job:localhost/replica:0/task:0/device:GPU:0,10.0,0.01
Sf9xBKoQOT,Transpose,/job:localhost/replica:0/task:0/device:GPU:0,10.0,0.01
1twO6XBJkm,RealDiv,/job:localhost/replica:0/task:0/device:GPU:0,10.0,0.01
IX3WvsBmpi,SquaredDifference,/job:localhost/replica:0/task:0/device:GPU:0,10.0,0.01
TXUFAiDufc,Unpack,/job:localhost/replica:0/task:0/device:GPU:0,10.0,0.01
vAgLSOkRtY,Unpack,/job:localhost/replica:0/task:0/device:GPU:0,10.0,0.01
eYiqA6Sy4r,Sum,/job:localhost/replica:0/task:0/device:GPU:0,10.0,0.01
NBgmvyZbAk,Sub,/job:localhost/replica:0/task:0/device:GPU:0,10.0,0.01
o6QMc8GS0p,AddV2,/job:localhost/replica:0/task:0/device:GPU:0,10.0,0.01
gSoAEaUZ52,Relu,/job:localhost/replica:0/task:0/device:GPU:0,10.0,0.01
BOlEnS715M,BiasAdd,/job:localhost/replica:0/task:0/device:GPU:0,10.0,0.01
SpcQZRGqMe,MatMul,/job:localhost/replica:0/task:0/device:GPU:0,10.0,0.01
a2FXYOz4fl,MatMul,/job:localhost/replica:0/task:0/device:GPU:0,10.0,0.01
eU2g8NKl6A,Unpack,/job:localhost/replica:0/task:0/device:GPU:0,10.0,0.01
S09jGmKR8Q,MatMul,/job:localhost/replica:0/task:0/device:GPU:0,10.0,0.01
bDLq3ytTnm,Shape,/job:localhost/replica:0/task:0/device:GPU:0,10.0,0.01
yndNR6LD8e,MatMul,/job:localhost/replica:0/task:0/device:GPU:0,10.0,0.01
AV09J8gvhn,MatMul,/job:localhost/replica:0/task:0/device:GPU:0,10.0,0.01
i2xT9z31Rp,SplitV,/job:localhost/replica:0/task:0/device:GPU:0,10.0,0.01
TihLgsO6SP,ConcatV2,/job:localhost/replica:0/task:0/device:GPU:0,10.0,0.01
fAlCbiKMh2,Prod,/job:localhost/replica:0/task:0/device:GPU:0,10.0,0.01
Kp4fzeqdEC,Mean,/job:localhost/replica:0/task:0/device:GPU:0,10.0,0.01
07j2tyAYwd,Pack,/job:localhost/replica:0/task:0/device:GPU:0,10.0,0.01
5qBKAcUDHb,Prod,/job:localhost/replica:0/task:0/device:GPU:0,10.0,0.01
e9UzymRchj,Prod,/job:localhost/replica:0/task:0/device:GPU:0,10.0,0.01
ZrHDdPEQb7,ConcatV2,/job:localhost/replica:0/task:0/device:GPU:0,10.0,0.01
gXEn0yblpY,Split,/job:localhost/replica:0/task:0/device:GPU:0,10.0,0.01
ZmBViw8dq7,Softplus,/job:localhost/replica:0/task:0/device:GPU:0,10.0,0.01
a2xcOnBld4,Prod,/job:localhost/replica:0/task:0/device:GPU:0,10.0,0.01
SBsoC3h4Mm,Abs,/job:localhost/replica:0/task:0/device:GPU:0,10.0,0.01
SYCZH1kBJG,Maximum,/job:localhost/replica:0/task:0/device:GPU:0,10.0,0.01
hzUMSTJBog,GreaterEqual,/job:localhost/replica:0/task:0/device:GPU:0,10.0,0.01
2hKewU1Tlf,Select,/job:localhost/replica:0/task:0/device:GPU:0,10.0,0.01
_arg_VPO9aAb2fJ_0_502,Placeholder,/job:localhost/replica:0/task:0/device:CPU:0,10.0,0.01
_arg_W0uyOTrkIa_0_518,Placeholder,/job:localhost/replica:0/task:0/device:CPU:0,10.0,0.01
_arg_yLZRWzvrEM_0_944,Placeholder,/job:localhost/replica:0/task:0/device:CPU:0,10.0,0.01
_arg_3VKdnIBD1A_0_56,Placeholder,/job:localhost/replica:0/task:0/device:CPU:0,10.0,0.01
_arg_stNjHToSbp_0_861,Placeholder,/job:localhost/replica:0/task:0/device:CPU:0,10.0,0.01
4HFsGc3oj6,Slice,/job:localhost/replica:0/task:0/device:GPU:0,9.0,0.009
QaYevPHp01,Slice,/job:localhost/replica:0/task:0/device:GPU:0,9.0,0.009
QON42f96wL,Slice,/job:localhost/replica:0/task:0/device:GPU:0,9.0,0.009
TEWyq4S21w,Slice,/job:localhost/replica:0/task:0/device:GPU:0,9.0,0.009
Ff0NL1c7em,Slice,/job:localhost/replica:0/task:0/device:GPU:0,9.0,0.009
4Razxs20Gr,Slice,/job:localhost/replica:0/task:0/device:GPU:0,9.0,0.009
etVdg9JsFa,Slice,/job:localhost/replica:0/task:0/device:GPU:0,9.0,0.009
JdSQ9yjWxB,Slice,/job:localhost/replica:0/task:0/device:GPU:0,9.0,0.009
iWmboEqH50,Slice,/job:localhost/replica:0/task:0/device:GPU:0,9.0,0.009
HTp3KQbEsa,Slice,/job:localhost/replica:0/task:0/device:GPU:0,9.0,0.009
J3XV4yajLc,Slice,/job:localhost/replica:0/task:0/device:GPU:0,9.0,0.009
KA5gs8G7Oo,Slice,/job:localhost/replica:0/task:0/device:GPU:0,9.0,0.009
jI5iz3QYxc,Slice,/job:localhost/replica:0/task:0/device:GPU:0,9.0,0.009
D3RX7BoTH0,Slice,/job:localhost/replica:0/task:0/device:GPU:0,9.0,0.009
Oa70V4zPbt,Slice,/job:localhost/replica:0/task:0/device:GPU:0,9.0,0.009
vNXdswUMLn,Slice,/job:localhost/replica:0/task:0/device:GPU:0,9.0,0.009
Lrbkzvhy95,Slice,/job:localhost/replica:0/task:0/device:GPU:0,9.0,0.009
VWf3cP6UKR,Slice,/job:localhost/replica:0/task:0/device:GPU:0,9.0,0.009
4WYg0btNEO,Slice,/job:localhost/replica:0/task:0/device:GPU:0,9.0,0.009
FskEVGxzAS,Slice,/job:localhost/replica:0/task:0/device:GPU:0,9.0,0.009
gJ7hiUb3fx,Slice,/job:localhost/replica:0/task:0/device:GPU:0,9.0,0.009
Ei4HFuwLaX,Slice,/job:localhost/replica:0/task:0/device:GPU:0,9.0,0.009
xHwh50VaW3,Slice,/job:localhost/replica:0/task:0/device:GPU:0,9.0,0.009
Pm2b3QeOiu,Slice,/job:localhost/replica:0/task:0/device:GPU:0,9.0,0.009
k5iadFVrSM,Slice,/job:localhost/replica:0/task:0/device:GPU:0,9.0,0.009
0rQIU4JWKv,Slice,/job:localhost/replica:0/task:0/device:GPU:0,9.0,0.009
Bx1NTt70Pm/_86__cf__86,Add,/job:localhost/replica:0/task:0/device:GPU:0,9.0,0.009
A90OdfvQTS,Slice,/job:localhost/replica:0/task:0/device:GPU:0,9.0,0.009
XLhtFJykVT,Slice,/job:localhost/replica:0/task:0/device:GPU:0,9.0,0.009
bw1LjA2Upq,Slice,/job:localhost/replica:0/task:0/device:GPU:0,9.0,0.009
DQLOrMJnqw,Slice,/job:localhost/replica:0/task:0/device:GPU:0,9.0,0.009
8oa9bnf3jJ,Slice,/job:localhost/replica:0/task:0/device:GPU:0,9.0,0.009
myp1IFExjk,Slice,/job:localhost/replica:0/task:0/device:GPU:0,9.0,0.009
znlAjTfyVZ,Slice,/job:localhost/replica:0/task:0/device:GPU:0,9.0,0.009
wKEP4Uqhsk,Slice,/job:localhost/replica:0/task:0/device:GPU:0,9.0,0.009
EL3Srij0cP,Slice,/job:localhost/replica:0/task:0/device:GPU:0,9.0,0.009
XT23rOig7K,Slice,/job:localhost/replica:0/task:0/device:GPU:0,9.0,0.009
rYMhWjQ4x5,Slice,/job:localhost/replica:0/task:0/device:GPU:0,9.0,0.009
3HJlD6Mrbo,Slice,/job:localhost/replica:0/task:0/device:GPU:0,9.0,0.009
JRSWDvh5fm,Slice,/job:localhost/replica:0/task:0/device:GPU:0,9.0,0.009
hBpLPorj7R,Slice,/job:localhost/replica:0/task:0/device:GPU:0,9.0,0.009
nz5kc0mlfO,Slice,/job:localhost/replica:0/task:0/device:GPU:0,9.0,0.009
x4vamo19VK,Slice,/job:localhost/replica:0/task:0/device:GPU:0,9.0,0.009
sz6dSNLH9E,Slice,/job:localhost/replica:0/task:0/device:GPU:0,9.0,0.009
9Wwe1dJgSK,Const,/job:localhost/replica:0/task:0/device:GPU:0,9.0,0.009
Qq1I68Jyf9,Slice,/job:localhost/replica:0/task:0/device:GPU:0,9.0,0.009
SLagA1fQe0,Const,/job:localhost/replica:0/task:0/device:GPU:0,9.0,0.009
dsO7SmCHUa,Slice,/job:localhost/replica:0/task:0/device:GPU:0,9.0,0.009
w4LXO3BUla,Slice,/job:localhost/replica:0/task:0/device:GPU:0,9.0,0.009
YJfnyugKSU,Slice,/job:localhost/replica:0/task:0/device:GPU:0,9.0,0.009
dQAfyPFkwZ,Slice,/job:localhost/replica:0/task:0/device:GPU:0,9.0,0.009
QNAPXxncZk,Slice,/job:localhost/replica:0/task:0/device:GPU:0,9.0,0.009
RrqZwWJnLk,Slice,/job:localhost/replica:0/task:0/device:GPU:0,9.0,0.009
4NFSqnpHke,Slice,/job:localhost/replica:0/task:0/device:GPU:0,9.0,0.009
3loEYnMfDP/_30__cf__30,Reshape,/job:localhost/replica:0/task:0/device:GPU:0,9.0,0.009
0Hc7OmQuTn/_1__cf__1,Reshape,/job:localhost/replica:0/task:0/device:GPU:0,9.0,0.009
rYds3kV6HE,Slice,/job:localhost/replica:0/task:0/device:GPU:0,9.0,0.009
zubWHRNv4C,Slice,/job:localhost/replica:0/task:0/device:GPU:0,9.0,0.009
JSXQvKPOa3,Slice,/job:localhost/replica:0/task:0/device:GPU:0,9.0,0.009
SdPybVZo83,Slice,/job:localhost/replica:0/task:0/device:GPU:0,9.0,0.009
hu4qLJIRdQ,Slice,/job:localhost/replica:0/task:0/device:GPU:0,9.0,0.009
cd2B4LsawU,Slice,/job:localhost/replica:0/task:0/device:GPU:0,9.0,0.009
Cp38V2gwDu,Slice,/job:localhost/replica:0/task:0/device:GPU:0,9.0,0.009
FvQjDNAiCV,Slice,/job:localhost/replica:0/task:0/device:GPU:0,9.0,0.009
PcCw7pATID,Slice,/job:localhost/replica:0/task:0/device:GPU:0,9.0,0.009
jzi0y4brH2,Slice,/job:localhost/replica:0/task:0/device:GPU:0,9.0,0.009
p7dQ2q8T4a,Slice,/job:localhost/replica:0/task:0/device:GPU:0,9.0,0.009
DRlmt2nAF3,Slice,/job:localhost/replica:0/task:0/device:GPU:0,9.0,0.009
VBOKJvu5xD,Slice,/job:localhost/replica:0/task:0/device:GPU:0,9.0,0.009
un1BMyxr0d,Slice,/job:localhost/replica:0/task:0/device:GPU:0,9.0,0.009
bXqrQOBDNh,Slice,/job:localhost/replica:0/task:0/device:GPU:0,9.0,0.009
CeS6zablHO,Slice,/job:localhost/replica:0/task:0/device:GPU:0,9.0,0.009
tWp8wnM3Pl,Slice,/job:localhost/replica:0/task:0/device:GPU:0,9.0,0.009
l3vwo0E1Bk,Slice,/job:localhost/replica:0/task:0/device:GPU:0,9.0,0.009
9uRLETqnk7,Slice,/job:localhost/replica:0/task:0/device:GPU:0,9.0,0.009
jO3XeiGnzN,Slice,/job:localhost/replica:0/task:0/device:GPU:0,9.0,0.009
uiU7djBykS,Cast,/job:localhost/replica:0/task:0/device:GPU:0,9.0,0.009
1DujCbnZwL,Slice,/job:localhost/replica:0/task:0/device:GPU:0,9.0,0.009
AbxLP3ijYg,Slice,/job:localhost/replica:0/task:0/device:GPU:0,9.0,0.009
FVXjPQxLCn,Slice,/job:localhost/replica:0/task:0/device:GPU:0,9.0,0.009
Q7lCVA3mg0,ZerosLike,/job:localhost/replica:0/task:0/device:GPU:0,9.0,0.009
MaGTyeSs4E,StridedSlice,/job:localhost/replica:0/task:0/device:GPU:0,9.0,0.009
fnXFKR4sI2,Switch,/job:localhost/replica:0/task:0/device:GPU:0,9.0,0.009
NTdpjnm2AE,Const,/job:localhost/replica:0/task:0/device:GPU:0,9.0,0.009
kyXv3oPabm,Const,/job:localhost/replica:0/task:0/device:GPU:0,9.0,0.009
6d2pP4ORCz,Add,/job:localhost/replica:0/task:0/device:GPU:0,9.0,0.009
aIkneiCD2o,AddN,/job:localhost/replica:0/task:0/device:GPU:0,9.0,0.009
gsB7PdI5UG,Less,/job:localhost/replica:0/task:0/device:GPU:0,9.0,0.009
9FweLBqE8p,Rsqrt,/job:localhost/replica:0/task:0/device:GPU:0,9.0,0.009
buDOMpARIx,RandomUniform,/job:localhost/replica:0/task:0/device:GPU:0,9.0,0.009
z1qJLFPsrk,Mean,/job:localhost/replica:0/task:0/device:GPU:0,9.0,0.009
6J7kZ0gohA,Select,/job:localhost/replica:0/task:0/device:GPU:0,9.0,0.009
pTZVX3evcF,Mean,/job:localhost/replica:0/task:0/device:GPU:0,9.0,0.009
oGDAu5j3XP,Less,/job:localhost/replica:0/task:0/device:GPU:0,9.0,0.009
DF85uH0qP4,Less,/job:localhost/replica:0/task:0/device:GPU:0,9.0,0.009
k1mduDRSew,Prod,/job:localhost/replica:0/task:0/device:GPU:0,9.0,0.009
c75PgNWVMd,Sub,/job:localhost/replica:0/task:0/device:GPU:0,9.0,0.009
DPvjFx7Lbw,Maximum,/job:localhost/replica:0/task:0/device:GPU:0,9.0,0.009
vOnaCqR1Gl,Prod,/job:localhost/replica:0/task:0/device:GPU:0,9.0,0.009
GLsrKmMSNv,Select,/job:localhost/replica:0/task:0/device:GPU:0,9.0,0.009
Bty0oDPecf,Less,/job:localhost/replica:0/task:0/device:GPU:0,9.0,0.009
BotAWhCmVj,Neg,/job:localhost/replica:0/task:0/device:GPU:0,9.0,0.009
Dr8q0Tnox7,Sum,/job:localhost/replica:0/task:0/device:GPU:0,9.0,0.009
1vdyAfZC6R,MatMul,/job:localhost/replica:0/task:0/device:GPU:0,9.0,0.009
7xceTRFaiz,RealDiv,/job:localhost/replica:0/task:0/device:GPU:0,9.0,0.009
cUBJemijPX,Prod,/job:localhost/replica:0/task:0/device:GPU:0,9.0,0.009
HnXTa3SlUI,Add,/job:localhost/replica:0/task:0/device:GPU:0,9.0,0.009
AKkNwEaoqg,MatMul,/job:localhost/replica:0/task:0/device:GPU:0,9.0,0.009
XSUv5hxA9N,AddV2,/job:localhost/replica:0/task:0/device:GPU:0,9.0,0.009
er8JkTN06K,AddV2,/job:localhost/replica:0/task:0/device:GPU:0,9.0,0.009
ounS9FWkjx,Sub,/job:localhost/replica:0/task:0/device:GPU:0,9.0,0.009
Ly80m397RA,Transpose,/job:localhost/replica:0/task:0/device:GPU:0,9.0,0.009
v1wkmyNURe,Sub,/job:localhost/replica:0/task:0/device:GPU:0,9.0,0.009
vIdlqpOXzM,Sub,/job:localhost/replica:0/task:0/device:GPU:0,9.0,0.009
yJZsTPDvkC,Unpack,/job:localhost/replica:0/task:0/device:GPU:0,9.0,0.009
zJHZLvNIXK,Pack,/job:localhost/replica:0/task:0/device:GPU:0,9.0,0.009
6OP18ikQG3,Sub,/job:localhost/replica:0/task:0/device:GPU:0,9.0,0.009
N21cxCDTn0,RealDiv,/job:localhost/replica:0/task:0/device:GPU:0,9.0,0.009
9O6R0KgofG,RealDiv,/job:localhost/replica:0/task:0/device:GPU:0,9.0,0.009
SoA58MkUOp,Unpack,/job:localhost/replica:0/task:0/device:GPU:0,9.0,0.009
HxCVRdOBkq,StridedSlice,/job:localhost/replica:0/task:0/device:GPU:0,9.0,0.009
eOTpFiHS3g,RealDiv,/job:localhost/replica:0/task:0/device:GPU:0,9.0,0.009
ghquo5fwAt,Mul,/job:localhost/replica:0/task:0/device:GPU:0,9.0,0.009
NmKh1A293j,Sub,/job:localhost/replica:0/task:0/device:GPU:0,9.0,0.009
f8Tv4oRNpW,Pack,/job:localhost/replica:0/task:0/device:GPU:0,9.0,0.009
IupeRLqQxg,Pow,/job:localhost/replica:0/task:0/device:GPU:0,9.0,0.009
bxFyWGc47I,Sub,/job:localhost/replica:0/task:0/device:GPU:0,9.0,0.009
9OvL2uAFpC,Unpack,/job:localhost/replica:0/task:0/device:GPU:0,9.0,0.009
ClMfOkTWS2,Unpack,/job:localhost/replica:0/task:0/device:GPU:0,9.0,0.009
Z0GfQwqbRD,SquaredDifference,/job:localhost/replica:0/task:0/device:GPU:0,9.0,0.009
tNXFs9OrwR,Tanh,/job:localhost/replica:0/task:0/device:GPU:0,9.0,0.009
nZBzKPH1qc,MatMul,/job:localhost/replica:0/task:0/device:GPU:0,9.0,0.009
oidjFPTerc,MatMul,/job:localhost/replica:0/task:0/device:GPU:0,9.0,0.009
iEj7OThetq,Split,/job:localhost/replica:0/task:0/device:GPU:0,9.0,0.009
ZEKkGLcYBg,Pack,/job:localhost/replica:0/task:0/device:GPU:0,9.0,0.009
LTy80h6EXp,Pack,/job:localhost/replica:0/task:0/device:GPU:0,9.0,0.009
EKH9ntIwx5,Unpack,/job:localhost/replica:0/task:0/device:GPU:0,9.0,0.009
eQ8ji9cr6W,MatMul,/job:localhost/replica:0/task:0/device:GPU:0,9.0,0.009
WrvJQEoNiY,Split,/job:localhost/replica:0/task:0/device:GPU:0,9.0,0.009
2NfaOj0HY5,Sub,/job:localhost/replica:0/task:0/device:GPU:0,9.0,0.009
owMBzWn89l,Mean,/job:localhost/replica:0/task:0/device:GPU:0,9.0,0.009
1kwurjXl5D,AddV2,/job:localhost/replica:0/task:0/device:GPU:0,9.0,0.009
5wVlobDJky,Prod,/job:localhost/replica:0/task:0/device:GPU:0,9.0,0.009
wlD0uKyMd9,Fill,/job:localhost/replica:0/task:0/device:GPU:0,9.0,0.009
vXmALrTM6f,ConcatV2,/job:localhost/replica:0/task:0/device:GPU:0,9.0,0.009
ZkTc3Vwtpi,BiasAdd,/job:localhost/replica:0/task:0/device:GPU:0,9.0,0.009
Mxtw1vrgRc,Exp,/job:localhost/replica:0/task:0/device:GPU:0,9.0,0.009
_arg_bQtUChED5P_0_595,Placeholder,/job:localhost/replica:0/task:0/device:CPU:0,9.0,0.009
_arg_fLo7QhBa8d_0_663,Placeholder,/job:localhost/replica:0/task:0/device:CPU:0,9.0,0.009
_arg_eruTdOWUGS_0_654,Placeholder,/job:localhost/replica:0/task:0/device:CPU:0,9.0,0.009
_arg_EktKPem6ZB_0_210,Placeholder,/job:localhost/replica:0/task:0/device:CPU:0,9.0,0.009
RL2VpDWT4C,Const,/job:localhost/replica:0/task:0/device:GPU:0,8.0,0.008
xy3oumkzRZ,Const,/job:localhost/replica:0/task:0/device:GPU:0,8.0,0.008
TU3bGkyotR,Const,/job:localhost/replica:0/task:0/device:GPU:0,8.0,0.008
XML0WCg5fJ,Slice,/job:localhost/replica:0/task:0/device:GPU:0,8.0,0.008
nESjmYMpoJ,Slice,/job:localhost/replica:0/task:0/device:GPU:0,8.0,0.008
qPEQifzUv4/_328__cf__328,Reshape,/job:localhost/replica:0/task:0/device:GPU:0,8.0,0.008
rmv4xNSyLC/_334__cf__334,Reshape,/job:localhost/replica:0/task:0/device:GPU:0,8.0,0.008
xPohmukczp,Slice,/job:localhost/replica:0/task:0/device:GPU:0,8.0,0.008
M5LbhdxRGW,Slice,/job:localhost/replica:0/task:0/device:GPU:0,8.0,0.008
7AXwkFa6xp,Slice,/job:localhost/replica:0/task:0/device:GPU:0,8.0,0.008
UDongLxaYQ,Slice,/job:localhost/replica:0/task:0/device:GPU:0,8.0,0.008
cGVygmTxA3,Slice,/job:localhost/replica:0/task:0/device:GPU:0,8.0,0.008
b8XV6f2tcD,Slice,/job:localhost/replica:0/task:0/device:GPU:0,8.0,0.008
4u3n6RswZb,Slice,/job:localhost/replica:0/task:0/device:GPU:0,8.0,0.008
JtEic4Sd8T,Slice,/job:localhost/replica:0/task:0/device:GPU:0,8.0,0.008
yXlT8CmeNa,Slice,/job:localhost/replica:0/task:0/device:GPU:0,8.0,0.008
eiNnaIlsZB,Slice,/job:localhost/replica:0/task:0/device:GPU:0,8.0,0.008
KN3Ivdox60,Const,/job:localhost/replica:0/task:0/device:GPU:0,8.0,0.008
X2UHdFZiBk,Slice,/job:localhost/replica:0/task:0/device:GPU:0,8.0,0.008
KSri9tfV6z,Slice,/job:localhost/replica:0/task:0/device:GPU:0,8.0,0.008
fkjwsp9q0h,Slice,/job:localhost/replica:0/task:0/device:GPU:0,8.0,0.008
PcQKO3IEiS,Slice,/job:localhost/replica:0/task:0/device:GPU:0,8.0,0.008
5OTm1tVWDZ/_39__cf__39,Reshape,/job:localhost/replica:0/task:0/device:GPU:0,8.0,0.008
CBvsqpGVDy/_91__cf__91,Reshape,/job:localhost/replica:0/task:0/device:GPU:0,8.0,0.008
GlBSi4tDnd/_119__cf__119,Reshape,/job:localhost/replica:0/task:0/device:GPU:0,8.0,0.008
ONsL3HmT86/_162__cf__162,Reshape,/job:localhost/replica:0/task:0/device:GPU:0,8.0,0.008
OQZdzLMKr5/_163__cf__163,Reshape,/job:localhost/replica:0/task:0/device:GPU:0,8.0,0.008
Ph4prq9OZ1/_175__cf__175,Reshape,/job:localhost/replica:0/task:0/device:GPU:0,8.0,0.008
c2YdeAXV5G/_251__cf__251,Reshape,/job:localhost/replica:0/task:0/device:GPU:0,8.0,0.008
U7Zn9CacI2,Slice,/job:localhost/replica:0/task:0/device:GPU:0,8.0,0.008
4RAHBb13KZ,Slice,/job:localhost/replica:0/task:0/device:GPU:0,8.0,0.008
wc4Y90zZmU,Slice,/job:localhost/replica:0/task:0/device:GPU:0,8.0,0.008
FH9rotBPV3,Const,/job:localhost/replica:0/task:0/device:GPU:0,8.0,0.008
r8RKu4mUWT,ZerosLike,/job:localhost/replica:0/task:0/device:GPU:0,8.0,0.008
wvpcCOxuJt,Const,/job:localhost/replica:0/task:0/device:GPU:0,8.0,0.008
NnO1wKtmq3,Const,/job:localhost/replica:0/task:0/device:GPU:0,8.0,0.008
1jwdG5vqVr/_10__cf__10,Reshape,/job:localhost/replica:0/task:0/device:GPU:0,8.0,0.008
291qeA4NLg/_15__cf__15,Reshape,/job:localhost/replica:0/task:0/device:GPU:0,8.0,0.008
aAMmnQxb1B,Slice,/job:localhost/replica:0/task:0/device:GPU:0,8.0,0.008
tYTvfpi0bI,Slice,/job:localhost/replica:0/task:0/device:GPU:0,8.0,0.008
zVgMp40NXT,Slice,/job:localhost/replica:0/task:0/device:GPU:0,8.0,0.008
tp9SLcVUxE,Slice,/job:localhost/replica:0/task:0/device:GPU:0,8.0,0.008
0ozwy2XlsP,Slice,/job:localhost/replica:0/task:0/device:GPU:0,8.0,0.008
Q7bcwfuUv6,Slice,/job:localhost/replica:0/task:0/device:GPU:0,8.0,0.008
eABdUyX45a,Slice,/job:localhost/replica:0/task:0/device:GPU:0,8.0,0.008
pozLUHjfFJ,Slice,/job:localhost/replica:0/task:0/device:GPU:0,8.0,0.008
u7FCbZHMcL,BiasAdd,/job:localhost/replica:0/task:0/device:GPU:0,8.0,0.008
iytN25SdrI,Slice,/job:localhost/replica:0/task:0/device:GPU:0,8.0,0.008
bvq51Tkhod,Const,/job:localhost/replica:0/task:0/device:GPU:0,8.0,0.008
79kxbluHKg,Slice,/job:localhost/replica:0/task:0/device:GPU:0,8.0,0.008
lLWV5zQd0R,Slice,/job:localhost/replica:0/task:0/device:GPU:0,8.0,0.008
mKwg5iqGrE,Minimum,/job:localhost/replica:0/task:0/device:GPU:0,8.0,0.008
JPTprD58Ie,Slice,/job:localhost/replica:0/task:0/device:GPU:0,8.0,0.008
HxNlI0Gzot,Slice,/job:localhost/replica:0/task:0/device:GPU:0,8.0,0.008
16qwDNrcby,Slice,/job:localhost/replica:0/task:0/device:GPU:0,8.0,0.008
bznc72GJKA,Slice,/job:localhost/replica:0/task:0/device:GPU:0,8.0,0.008
HM4D8n9lhZ,Shape,/job:localhost/replica:0/task:0/device:GPU:0,8.0,0.008
czb0nuxXa9,Slice,/job:localhost/replica:0/task:0/device:GPU:0,8.0,0.008
20sEKkGnJU,Slice,/job:localhost/replica:0/task:0/device:GPU:0,8.0,0.008
xaVP8QYdMl,Slice,/job:localhost/replica:0/task:0/device:GPU:0,8.0,0.008
THOMBqUvyb,Slice,/job:localhost/replica:0/task:0/device:GPU:0,8.0,0.008
TDPl3GAswq,Slice,/job:localhost/replica:0/task:0/device:GPU:0,8.0,0.008
qXZLOz3k8C,Slice,/job:localhost/replica:0/task:0/device:GPU:0,8.0,0.008
ZR5xwMmiYh,Slice,/job:localhost/replica:0/task:0/device:GPU:0,8.0,0.008
cQKZSbzRyB,Slice,/job:localhost/replica:0/task:0/device:GPU:0,8.0,0.008
GVkZv2MHpm,Slice,/job:localhost/replica:0/task:0/device:GPU:0,8.0,0.008
68nqcmgXvS,Slice,/job:localhost/replica:0/task:0/device:GPU:0,8.0,0.008
CI5P2GkYWJ,Slice,/job:localhost/replica:0/task:0/device:GPU:0,8.0,0.008
QInO1BE27m,Fill,/job:localhost/replica:0/task:0/device:GPU:0,8.0,0.008
GEjHBd15mU,Fill,/job:localhost/replica:0/task:0/device:GPU:0,8.0,0.008
rSCVXFxzOa,Fill,/job:localhost/replica:0/task:0/device:GPU:0,8.0,0.008
uNhgF24CZp,Pow,/job:localhost/replica:0/task:0/device:GPU:0,8.0,0.008
HicVd0h4Sk,Select,/job:localhost/replica:0/task:0/device:GPU:0,8.0,0.008
u9DkgAC2EP,Select,/job:localhost/replica:0/task:0/device:GPU:0,8.0,0.008
6SPGm8Z1Dk,RandomUniform,/job:localhost/replica:0/task:0/device:GPU:0,8.0,0.008
2zSKPAj9RL,Greater,/job:localhost/replica:0/task:0/device:GPU:0,8.0,0.008
RrohQU7afx,AddV2,/job:localhost/replica:0/task:0/device:GPU:0,8.0,0.008
5zRw87hntD,Prod,/job:localhost/replica:0/task:0/device:GPU:0,8.0,0.008
KVdhgwETkD,BiasAdd,/job:localhost/replica:0/task:0/device:GPU:0,8.0,0.008
mubHn71YIz,AddV2,/job:localhost/replica:0/task:0/device:GPU:0,8.0,0.008
XqWnjzao1D,Prod,/job:localhost/replica:0/task:0/device:GPU:0,8.0,0.008
sekUtDbwdr,Select,/job:localhost/replica:0/task:0/device:GPU:0,8.0,0.008
mpGLrlDWN7,Prod,/job:localhost/replica:0/task:0/device:GPU:0,8.0,0.008
b1Scgu5LBU,Sum,/job:localhost/replica:0/task:0/device:GPU:0,8.0,0.008
NbkoJPlieG,Select,/job:localhost/replica:0/task:0/device:GPU:0,8.0,0.008
h7z4PqgvpK,Select,/job:localhost/replica:0/task:0/device:GPU:0,8.0,0.008
4JDbCKLsNg,Select,/job:localhost/replica:0/task:0/device:GPU:0,8.0,0.008
bE9mAYPrdp,Equal,/job:localhost/replica:0/task:0/device:GPU:0,8.0,0.008
b0dtw78UXH,Sum,/job:localhost/replica:0/task:0/device:GPU:0,8.0,0.008
KvmQZ15lya,Select,/job:localhost/replica:0/task:0/device:GPU:0,8.0,0.008
h2pTa3Zbzv,Sum,/job:localhost/replica:0/task:0/device:GPU:0,8.0,0.008
GX7Mu1k8ZR,Sum,/job:localhost/replica:0/task:0/device:GPU:0,8.0,0.008
85KbopZNxH,SquaredDifference,/job:localhost/replica:0/task:0/device:GPU:0,8.0,0.008
RYbiElHtAJ,Prod,/job:localhost/replica:0/task:0/device:GPU:0,8.0,0.008
v0lJPYgrOT,Pow,/job:localhost/replica:0/task:0/device:GPU:0,8.0,0.008
cLE9q3kPJG,Sum,/job:localhost/replica:0/task:0/device:GPU:0,8.0,0.008
NQEtopXVDw,Relu,/job:localhost/replica:0/task:0/device:GPU:0,8.0,0.008
4PlnYqcUAK,SquaredDifference,/job:localhost/replica:0/task:0/device:GPU:0,8.0,0.008
3pvfOt6zWY,Pow,/job:localhost/replica:0/task:0/device:GPU:0,8.0,0.008
TCzRrtVNmu,Prod,/job:localhost/replica:0/task:0/device:GPU:0,8.0,0.008
pUSIFclsWn,StopGradient,/job:localhost/replica:0/task:0/device:GPU:0,8.0,0.008
v80sW9VzK1,AddV2,/job:localhost/replica:0/task:0/device:GPU:0,8.0,0.008
B7rCktp9eK,RealDiv,/job:localhost/replica:0/task:0/device:GPU:0,8.0,0.008
7LQfblwyPH,RealDiv,/job:localhost/replica:0/task:0/device:GPU:0,8.0,0.008
7u4n2vBGcl,Prod,/job:localhost/replica:0/task:0/device:GPU:0,8.0,0.008
H4RPyqxL8e,AddV2,/job:localhost/replica:0/task:0/device:GPU:0,8.0,0.008
q6rD5mZuav,AddV2,/job:localhost/replica:0/task:0/device:GPU:0,8.0,0.008
IlXEMHAeyq,Sub,/job:localhost/replica:0/task:0/device:GPU:0,8.0,0.008
JrjvuxCN6K,Pow,/job:localhost/replica:0/task:0/device:GPU:0,8.0,0.008
8gH1iJpLVX,Add,/job:localhost/replica:0/task:0/device:GPU:0,8.0,0.008
Qjo5VdOC6T,Prod,/job:localhost/replica:0/task:0/device:GPU:0,8.0,0.008
MjcbB0o8Gz,SquaredDifference,/job:localhost/replica:0/task:0/device:GPU:0,8.0,0.008
BULfhSPXAJ,Unpack,/job:localhost/replica:0/task:0/device:GPU:0,8.0,0.008
hOKa5c8JNI,Pack,/job:localhost/replica:0/task:0/device:GPU:0,8.0,0.008
GCgdNwK8om,Mul,/job:localhost/replica:0/task:0/device:GPU:0,8.0,0.008
PEgTnc637h,RealDiv,/job:localhost/replica:0/task:0/device:GPU:0,8.0,0.008
GduD36fzZm,Mul,/job:localhost/replica:0/task:0/device:GPU:0,8.0,0.008
h6dbZAsmvk,RealDiv,/job:localhost/replica:0/task:0/device:GPU:0,8.0,0.008
SRH6I9KVNL,Shape,/job:localhost/replica:0/task:0/device:GPU:0,8.0,0.008
koEic7hDjy,Pack,/job:localhost/replica:0/task:0/device:GPU:0,8.0,0.008
S3hBM5c6L4,Mul,/job:localhost/replica:0/task:0/device:GPU:0,8.0,0.008
axZwFqU4BR,Add,/job:localhost/replica:0/task:0/device:GPU:0,8.0,0.008
P5hiGIpxNZ,RealDiv,/job:localhost/replica:0/task:0/device:GPU:0,8.0,0.008
oYFdM8C6V4,Mul,/job:localhost/replica:0/task:0/device:GPU:0,8.0,0.008
3uyMxsaonS,Pow,/job:localhost/replica:0/task:0/device:GPU:0,8.0,0.008
Utfq4oigPN,Pow,/job:localhost/replica:0/task:0/device:GPU:0,8.0,0.008
FBCwULnq2P,RealDiv,/job:localhost/replica:0/task:0/device:GPU:0,8.0,0.008
C4W6fbLcPS,Sum,/job:localhost/replica:0/task:0/device:GPU:0,8.0,0.008
CHrymdp2s9,Tanh,/job:localhost/replica:0/task:0/device:GPU:0,8.0,0.008
mIcrLX7xvD,RealDiv,/job:localhost/replica:0/task:0/device:GPU:0,8.0,0.008
vNzck3ybwp,Pow,/job:localhost/replica:0/task:0/device:GPU:0,8.0,0.008
zt1AyCh5Pq,Shape,/job:localhost/replica:0/task:0/device:GPU:0,8.0,0.008
yKh1I2malv,Shape,/job:localhost/replica:0/task:0/device:GPU:0,8.0,0.008
4Q5v9hyzCj,Unpack,/job:localhost/replica:0/task:0/device:GPU:0,8.0,0.008
j1lOUiVKhz,Mul,/job:localhost/replica:0/task:0/device:GPU:0,8.0,0.008
fHc8nYbFao,Sub,/job:localhost/replica:0/task:0/device:GPU:0,8.0,0.008
je2JiBNtHG,Prod,/job:localhost/replica:0/task:0/device:GPU:0,8.0,0.008
LDxftNSGU8,Pow,/job:localhost/replica:0/task:0/device:GPU:0,8.0,0.008
cJqoh1WnYj,MatMul,/job:localhost/replica:0/task:0/device:GPU:0,8.0,0.008
UBH0dnSjGC,Tile,/job:localhost/replica:0/task:0/device:GPU:0,8.0,0.008
zq9x6lyAav,Sub,/job:localhost/replica:0/task:0/device:GPU:0,8.0,0.008
ztgeIjBVKG,Pow,/job:localhost/replica:0/task:0/device:GPU:0,8.0,0.008
mXfsPqWIJC,Shape,/job:localhost/replica:0/task:0/device:GPU:0,8.0,0.008
AInbmhME1c,Pack,/job:localhost/replica:0/task:0/device:GPU:0,8.0,0.008
ekbsjSRzGA,Pow,/job:localhost/replica:0/task:0/device:GPU:0,8.0,0.008
kZsFfouhc7,Relu,/job:localhost/replica:0/task:0/device:GPU:0,8.0,0.008
9zYj1DeOkZ,RealDiv,/job:localhost/replica:0/task:0/device:GPU:0,8.0,0.008
odz3UiH5eX,Reshape,/job:localhost/replica:0/task:0/device:GPU:0,8.0,0.008
cQfWjh1voZ,RealDiv,/job:localhost/replica:0/task:0/device:GPU:0,8.0,0.008
OwrRHpE4zs,Sub,/job:localhost/replica:0/task:0/device:GPU:0,8.0,0.008
sZTI4YmBrl,Add,/job:localhost/replica:0/task:0/device:GPU:0,8.0,0.008
vAIs1cQXbR,Pow,/job:localhost/replica:0/task:0/device:GPU:0,8.0,0.008
taUTIHkjQW,Prod,/job:localhost/replica:0/task:0/device:GPU:0,8.0,0.008
LA5xTwoqOD,Squeeze,/job:localhost/replica:0/task:0/device:GPU:0,8.0,0.008
6IuFqDWhtv,RealDiv,/job:localhost/replica:0/task:0/device:GPU:0,8.0,0.008
bAglfQt7hM,RealDiv,/job:localhost/replica:0/task:0/device:GPU:0,8.0,0.008
ifjwyM1I53,Unpack,/job:localhost/replica:0/task:0/device:GPU:0,8.0,0.008
mx0yWXRZoY,Mul,/job:localhost/replica:0/task:0/device:GPU:0,8.0,0.008
nA38pvL6OI,Pow,/job:localhost/replica:0/task:0/device:GPU:0,8.0,0.008
LVHTURKGqw,Log,/job:localhost/replica:0/task:0/device:GPU:0,8.0,0.008
OtUksTYjF1,Slice,/job:localhost/replica:0/task:0/device:GPU:0,8.0,0.008
uJox21KHpc,Add,/job:localhost/replica:0/task:0/device:GPU:0,8.0,0.008
YUZGRj92ID,ZerosLike,/job:localhost/replica:0/task:0/device:GPU:0,8.0,0.008
uJxCtb3Zvm,Split,/job:localhost/replica:0/task:0/device:GPU:0,8.0,0.008
HPRm8nDYc7,Fill,/job:localhost/replica:0/task:0/device:GPU:0,8.0,0.008
jXskCzwUAQ,Split,/job:localhost/replica:0/task:0/device:GPU:0,8.0,0.008
NTksB7VZG8,Split,/job:localhost/replica:0/task:0/device:GPU:0,8.0,0.008
en2C7lKzqS,Mean,/job:localhost/replica:0/task:0/device:GPU:0,8.0,0.008
J9lZBKedWb,Fill,/job:localhost/replica:0/task:0/device:GPU:0,8.0,0.008
TydFDOoJlR,Log1p,/job:localhost/replica:0/task:0/device:GPU:0,8.0,0.008
UJ1hurkRxT,Select,/job:localhost/replica:0/task:0/device:GPU:0,8.0,0.008
UfakpLDRw3,Select,/job:localhost/replica:0/task:0/device:GPU:0,8.0,0.008
4GZ37fVoup,RealDiv,/job:localhost/replica:0/task:0/device:GPU:0,8.0,0.008
_arg_d5WwCBkug3_0_625,Placeholder,/job:localhost/replica:0/task:0/device:CPU:0,8.0,0.008
_arg_aZogrnhk7R_0_584,Placeholder,/job:localhost/replica:0/task:0/device:CPU:0,8.0,0.008
_arg_78wPTAbe6n_0_112,Placeholder,/job:localhost/replica:0/task:0/device:CPU:0,8.0,0.008
_arg_FNvEyf3TaK_0_225,Placeholder,/job:localhost/replica:0/task:0/device:CPU:0,8.0,0.008
wrHqyhEfRL,Const,/job:localhost/replica:0/task:0/device:GPU:0,7.0,0.007
AqLWxe7moj,Const,/job:localhost/replica:0/task:0/device:GPU:0,7.0,0.007
wVeYb79RS8/_358__cf__358,Reshape,/job:localhost/replica:0/task:0/device:GPU:0,7.0,0.007
tmwY0gW9d1,Slice,/job:localhost/replica:0/task:0/device:GPU:0,7.0,0.007
HuFVd4W2sv,Slice,/job:localhost/replica:0/task:0/device:GPU:0,7.0,0.007
524WrnEeAV/_37__cf__37,Reshape,/job:localhost/replica:0/task:0/device:GPU:0,7.0,0.007
7kKtQqCxFI/_62__cf__62,Reshape,/job:localhost/replica:0/task:0/device:GPU:0,7.0,0.007
CrXPwM7W3y/_94__cf__94,Reshape,/job:localhost/replica:0/task:0/device:GPU:0,7.0,0.007
Yo67riNtJO/_230__cf__230,Reshape,/job:localhost/replica:0/task:0/device:GPU:0,7.0,0.007
SYh8EHTMX3/_194__cf__194,Reshape,/job:localhost/replica:0/task:0/device:GPU:0,7.0,0.007
T5Kqltmx2c/_197__cf__197,Reshape,/job:localhost/replica:0/task:0/device:GPU:0,7.0,0.007
h2RNdIPsGW/_281__cf__281,Reshape,/job:localhost/replica:0/task:0/device:GPU:0,7.0,0.007
JEzRFZ2Pxu,Slice,/job:localhost/replica:0/task:0/device:GPU:0,7.0,0.007
DvG8bzxeNR,Slice,/job:localhost/replica:0/task:0/device:GPU:0,7.0,0.007
Pd92OjURFc,Slice,/job:localhost/replica:0/task:0/device:GPU:0,7.0,0.007
efO7FQYvSm,Const,/job:localhost/replica:0/task:0/device:GPU:0,7.0,0.007
3R8kFVnuOs,Const,/job:localhost/replica:0/task:0/device:GPU:0,7.0,0.007
01DKy4oc6M,Const,/job:localhost/replica:0/task:0/device:GPU:0,7.0,0.007
0p2xDBlTt4,Const,/job:localhost/replica:0/task:0/device:GPU:0,7.0,0.007
TFd3GmNq59,Slice,/job:localhost/replica:0/task:0/device:GPU:0,7.0,0.007
mpSHOtKvw6,Slice,/job:localhost/replica:0/task:0/device:GPU:0,7.0,0.007
g4NjaqsZeP,Const,/job:localhost/replica:0/task:0/device:GPU:0,7.0,0.007
j9R13TkWF7,Const,/job:localhost/replica:0/task:0/device:GPU:0,7.0,0.007
GkxdQ75I8p,Const,/job:localhost/replica:0/task:0/device:GPU:0,7.0,0.007
snRz1A9qFI,Const,/job:localhost/replica:0/task:0/device:GPU:0,7.0,0.007
0AXRs7ul4b/_0__cf__0,Reshape,/job:localhost/replica:0/task:0/device:GPU:0,7.0,0.007
5Rk2MqfCGa,Const,/job:localhost/replica:0/task:0/device:GPU:0,7.0,0.007
wNGn13LPyZ,Const,/job:localhost/replica:0/task:0/device:GPU:0,7.0,0.007
9uHdPyD2LA,Pack,/job:localhost/replica:0/task:0/device:GPU:0,7.0,0.007
HBmqQKzLyv,Slice,/job:localhost/replica:0/task:0/device:GPU:0,7.0,0.007
RiT1rlW60c,Relu,/job:localhost/replica:0/task:0/device:GPU:0,7.0,0.007
0d3p8YIxy7,Rsqrt,/job:localhost/replica:0/task:0/device:GPU:0,7.0,0.007
ceSJsaMx8b,Slice,/job:localhost/replica:0/task:0/device:GPU:0,7.0,0.007
sIpAWxgPer,Equal,/job:localhost/replica:0/task:0/device:GPU:0,7.0,0.007
bNPHrwMlod,Pack,/job:localhost/replica:0/task:0/device:GPU:0,7.0,0.007
aUM2sQEZ4I,Shape,/job:localhost/replica:0/task:0/device:GPU:0,7.0,0.007
kUBhd5C9QE,Minimum,/job:localhost/replica:0/task:0/device:GPU:0,7.0,0.007
lPti60Ur5z,Slice,/job:localhost/replica:0/task:0/device:GPU:0,7.0,0.007
UqKw7l0eJY,Slice,/job:localhost/replica:0/task:0/device:GPU:0,7.0,0.007
RExYuDSf2b,Slice,/job:localhost/replica:0/task:0/device:GPU:0,7.0,0.007
csjzdJBuSa,Slice,/job:localhost/replica:0/task:0/device:GPU:0,7.0,0.007
psTHmwARoW,Slice,/job:localhost/replica:0/task:0/device:GPU:0,7.0,0.007
62YSDEJwMb,Slice,/job:localhost/replica:0/task:0/device:GPU:0,7.0,0.007
Re7xirvTho,Slice,/job:localhost/replica:0/task:0/device:GPU:0,7.0,0.007
ocqtIEm1NF,Slice,/job:localhost/replica:0/task:0/device:GPU:0,7.0,0.007
ao5Xu6yNAR,Slice,/job:localhost/replica:0/task:0/device:GPU:0,7.0,0.007
Ti5uwXO9Q1,Slice,/job:localhost/replica:0/task:0/device:GPU:0,7.0,0.007
wrRsgLoN0J,Slice,/job:localhost/replica:0/task:0/device:GPU:0,7.0,0.007
dxnfSm8APE,Slice,/job:localhost/replica:0/task:0/device:GPU:0,7.0,0.007
dJ5uhpzxfH,Slice,/job:localhost/replica:0/task:0/device:GPU:0,7.0,0.007
ZM0F6gz9LE,Slice,/job:localhost/replica:0/task:0/device:GPU:0,7.0,0.007
AQKUGcBlYd,Slice,/job:localhost/replica:0/task:0/device:GPU:0,7.0,0.007
YRmUWqeEN1,Slice,/job:localhost/replica:0/task:0/device:GPU:0,7.0,0.007
PjIUhR1Nk6,Slice,/job:localhost/replica:0/task:0/device:GPU:0,7.0,0.007
dfalHESLk4,Slice,/job:localhost/replica:0/task:0/device:GPU:0,7.0,0.007
1EuUHzOgkW,Slice,/job:localhost/replica:0/task:0/device:GPU:0,7.0,0.007
Kq9pGeLPoW,Slice,/job:localhost/replica:0/task:0/device:GPU:0,7.0,0.007
Bed3s7jMai,Slice,/job:localhost/replica:0/task:0/device:GPU:0,7.0,0.007
dUcgJH0Ey9,Slice,/job:localhost/replica:0/task:0/device:GPU:0,7.0,0.007
IudnORMLGm,Slice,/job:localhost/replica:0/task:0/device:GPU:0,7.0,0.007
Q5BxAdR0vP,Slice,/job:localhost/replica:0/task:0/device:GPU:0,7.0,0.007
DXBE93vtNC,Slice,/job:localhost/replica:0/task:0/device:GPU:0,7.0,0.007
EcLkOU3m1a,Slice,/job:localhost/replica:0/task:0/device:GPU:0,7.0,0.007
nauQiWXHmL,Slice,/job:localhost/replica:0/task:0/device:GPU:0,7.0,0.007
ktAbEj6CpK,Slice,/job:localhost/replica:0/task:0/device:GPU:0,7.0,0.007
XYEND5kpKx,Slice,/job:localhost/replica:0/task:0/device:GPU:0,7.0,0.007
OSMWHlZf7z,Slice,/job:localhost/replica:0/task:0/device:GPU:0,7.0,0.007
FqEcQBwlSO,Slice,/job:localhost/replica:0/task:0/device:GPU:0,7.0,0.007
E4wfHdiGhB,Slice,/job:localhost/replica:0/task:0/device:GPU:0,7.0,0.007
y1lqrgW0KA,Slice,/job:localhost/replica:0/task:0/device:GPU:0,7.0,0.007
CRZjOfKSn2,Slice,/job:localhost/replica:0/task:0/device:GPU:0,7.0,0.007
0iZh3FtmTy,Slice,/job:localhost/replica:0/task:0/device:GPU:0,7.0,0.007
KWuVyRXrbM,Slice,/job:localhost/replica:0/task:0/device:GPU:0,7.0,0.007
vWqcuLaCY3,Slice,/job:localhost/replica:0/task:0/device:GPU:0,7.0,0.007
x3w5d1CSHD,Slice,/job:localhost/replica:0/task:0/device:GPU:0,7.0,0.007
sDHUNoWr9h,Slice,/job:localhost/replica:0/task:0/device:GPU:0,7.0,0.007
5vHPMh6Kdw,Slice,/job:localhost/replica:0/task:0/device:GPU:0,7.0,0.007
MGfScTCirJ,Slice,/job:localhost/replica:0/task:0/device:GPU:0,7.0,0.007
oGgIJhCcWF,Slice,/job:localhost/replica:0/task:0/device:GPU:0,7.0,0.007
EQuqRGUcBM,Slice,/job:localhost/replica:0/task:0/device:GPU:0,7.0,0.007
OQKsXnFVk3,Slice,/job:localhost/replica:0/task:0/device:GPU:0,7.0,0.007
TvDPOCUo52,Slice,/job:localhost/replica:0/task:0/device:GPU:0,7.0,0.007
E4eJbtrTaI,Slice,/job:localhost/replica:0/task:0/device:GPU:0,7.0,0.007
EZYkSnH5ib,Slice,/job:localhost/replica:0/task:0/device:GPU:0,7.0,0.007
T5Hx73DOcY,Slice,/job:localhost/replica:0/task:0/device:GPU:0,7.0,0.007
d7WfHkgwJG,Slice,/job:localhost/replica:0/task:0/device:GPU:0,7.0,0.007
fOX7WoR9DL,Slice,/job:localhost/replica:0/task:0/device:GPU:0,7.0,0.007
8l2S5aLmou,Slice,/job:localhost/replica:0/task:0/device:GPU:0,7.0,0.007
gk3MSHfQ40,Slice,/job:localhost/replica:0/task:0/device:GPU:0,7.0,0.007
hxZS15k6Ce,Slice,/job:localhost/replica:0/task:0/device:GPU:0,7.0,0.007
ihCHZwBAf2,Slice,/job:localhost/replica:0/task:0/device:GPU:0,7.0,0.007
lLM7RuJEvj,Slice,/job:localhost/replica:0/task:0/device:GPU:0,7.0,0.007
IM6Wkonilt,Slice,/job:localhost/replica:0/task:0/device:GPU:0,7.0,0.007
gUowFOfNJL,Slice,/job:localhost/replica:0/task:0/device:GPU:0,7.0,0.007
3qWPuwdhUV,Slice,/job:localhost/replica:0/task:0/device:GPU:0,7.0,0.007
A4Hm3JThN7,Slice,/job:localhost/replica:0/task:0/device:GPU:0,7.0,0.007
1b4mIoL9PH,Slice,/job:localhost/replica:0/task:0/device:GPU:0,7.0,0.007
Uivh4F5nVE,Slice,/job:localhost/replica:0/task:0/device:GPU:0,7.0,0.007
eaRpNjKQqt,Slice,/job:localhost/replica:0/task:0/device:GPU:0,7.0,0.007
0GPM93r28y,Slice,/job:localhost/replica:0/task:0/device:GPU:0,7.0,0.007
rLAzhwDd5g,Slice,/job:localhost/replica:0/task:0/device:GPU:0,7.0,0.007
xGUt4fT10B,Slice,/job:localhost/replica:0/task:0/device:GPU:0,7.0,0.007
2WHIhfRAEZ,Slice,/job:localhost/replica:0/task:0/device:GPU:0,7.0,0.007
NE1OukdzSK,Slice,/job:localhost/replica:0/task:0/device:GPU:0,7.0,0.007
1jJSBuAP2p,Slice,/job:localhost/replica:0/task:0/device:GPU:0,7.0,0.007
8UXNas97QL,Slice,/job:localhost/replica:0/task:0/device:GPU:0,7.0,0.007
b9u0qK2MmE,Slice,/job:localhost/replica:0/task:0/device:GPU:0,7.0,0.007
udyS57D1qG,Slice,/job:localhost/replica:0/task:0/device:GPU:0,7.0,0.007
vxlDUG45Hh,Slice,/job:localhost/replica:0/task:0/device:GPU:0,7.0,0.007
p7zvjMXkE9,Slice,/job:localhost/replica:0/task:0/device:GPU:0,7.0,0.007
4jdxV7ewWY,Slice,/job:localhost/replica:0/task:0/device:GPU:0,7.0,0.007
1pWtlDbcwP,Slice,/job:localhost/replica:0/task:0/device:GPU:0,7.0,0.007
Lp37ytaQZF,Slice,/job:localhost/replica:0/task:0/device:GPU:0,7.0,0.007
U1Iluv49HY,Slice,/job:localhost/replica:0/task:0/device:GPU:0,7.0,0.007
nSobjf3aOt,Slice,/job:localhost/replica:0/task:0/device:GPU:0,7.0,0.007
Gc9dTsYUv3,Slice,/job:localhost/replica:0/task:0/device:GPU:0,7.0,0.007
RC0jVKIZkT,Slice,/job:localhost/replica:0/task:0/device:GPU:0,7.0,0.007
1vHrAt4Eyn,Slice,/job:localhost/replica:0/task:0/device:GPU:0,7.0,0.007
jCqw1QBoUb,Slice,/job:localhost/replica:0/task:0/device:GPU:0,7.0,0.007
JwNCFEG6Yr,Slice,/job:localhost/replica:0/task:0/device:GPU:0,7.0,0.007
osm3vFekHf,Slice,/job:localhost/replica:0/task:0/device:GPU:0,7.0,0.007
VFECAkfhut,Slice,/job:localhost/replica:0/task:0/device:GPU:0,7.0,0.007
dfDKlZeFwb,Slice,/job:localhost/replica:0/task:0/device:GPU:0,7.0,0.007
Tq4kDK9P0d,Slice,/job:localhost/replica:0/task:0/device:GPU:0,7.0,0.007
hqbowCp9JQ,Slice,/job:localhost/replica:0/task:0/device:GPU:0,7.0,0.007
jKdotNbqTg,Slice,/job:localhost/replica:0/task:0/device:GPU:0,7.0,0.007
ATXuyPDEeK,Slice,/job:localhost/replica:0/task:0/device:GPU:0,7.0,0.007
2es3Jcmva4,Slice,/job:localhost/replica:0/task:0/device:GPU:0,7.0,0.007
fkUv9FMK0W,Slice,/job:localhost/replica:0/task:0/device:GPU:0,7.0,0.007
wXhYpomfSH,Slice,/job:localhost/replica:0/task:0/device:GPU:0,7.0,0.007
XR4NkG0wK1,Slice,/job:localhost/replica:0/task:0/device:GPU:0,7.0,0.007
dqT5CnZ9VM,Slice,/job:localhost/replica:0/task:0/device:GPU:0,7.0,0.007
6UVzte9LOE,Slice,/job:localhost/replica:0/task:0/device:GPU:0,7.0,0.007
Wpr2tvUG4F,Slice,/job:localhost/replica:0/task:0/device:GPU:0,7.0,0.007
XO9SFuWDIT,Slice,/job:localhost/replica:0/task:0/device:GPU:0,7.0,0.007
UzWV9TIBA1,Fill,/job:localhost/replica:0/task:0/device:GPU:0,7.0,0.007
ApVu3cQZvP,Fill,/job:localhost/replica:0/task:0/device:GPU:0,7.0,0.007
rO2DeJqRNy,Select,/job:localhost/replica:0/task:0/device:GPU:0,7.0,0.007
zJ13AwHBfU,Sub,/job:localhost/replica:0/task:0/device:GPU:0,7.0,0.007
oElW9zbFhy,RandomUniform,/job:localhost/replica:0/task:0/device:GPU:0,7.0,0.007
ueqXcLFEMV,RandomUniform,/job:localhost/replica:0/task:0/device:GPU:0,7.0,0.007
GDqr7VHi9s,Prod,/job:localhost/replica:0/task:0/device:GPU:0,7.0,0.007
aHW4zuZA75,Select,/job:localhost/replica:0/task:0/device:GPU:0,7.0,0.007
SvM1ItAcQW,Select,/job:localhost/replica:0/task:0/device:GPU:0,7.0,0.007
5QeSK7Es2V,Squeeze,/job:localhost/replica:0/task:0/device:GPU:0,7.0,0.007
DeYzjc6tlO,Fill,/job:localhost/replica:0/task:0/device:GPU:0,7.0,0.007
imXgMr3tvV,BiasAdd,/job:localhost/replica:0/task:0/device:GPU:0,7.0,0.007
xFd6qGvWYs,BiasAdd,/job:localhost/replica:0/task:0/device:GPU:0,7.0,0.007
mhSFtOa7Xo,Less,/job:localhost/replica:0/task:0/device:GPU:0,7.0,0.007
bTQij4DSNX,Less,/job:localhost/replica:0/task:0/device:GPU:0,7.0,0.007
nKwND6jYMu,Less,/job:localhost/replica:0/task:0/device:GPU:0,7.0,0.007
z1P84cq3sW,Less,/job:localhost/replica:0/task:0/device:GPU:0,7.0,0.007
rhjMbL9EKy,Select,/job:localhost/replica:0/task:0/device:GPU:0,7.0,0.007
PaRtOskdl6,Select,/job:localhost/replica:0/task:0/device:GPU:0,7.0,0.007
HLO9327SqX,Select,/job:localhost/replica:0/task:0/device:GPU:0,7.0,0.007
aUFV2YqClG,Select,/job:localhost/replica:0/task:0/device:GPU:0,7.0,0.007
QVz4KYlt0k,Select,/job:localhost/replica:0/task:0/device:GPU:0,7.0,0.007
bLnrls5W7E,SquaredDifference,/job:localhost/replica:0/task:0/device:GPU:0,7.0,0.007
5nuHjJvhiA,SquaredDifference,/job:localhost/replica:0/task:0/device:GPU:0,7.0,0.007
YX8s436VNo,BiasAdd,/job:localhost/replica:0/task:0/device:GPU:0,7.0,0.007
moM9BCThbz,BiasAdd,/job:localhost/replica:0/task:0/device:GPU:0,7.0,0.007
5O0HSmN7Xz,BiasAdd,/job:localhost/replica:0/task:0/device:GPU:0,7.0,0.007
WZczbhNLsR,Sigmoid,/job:localhost/replica:0/task:0/device:GPU:0,7.0,0.007
zvjFAEeQiX,Log,/job:localhost/replica:0/task:0/device:GPU:0,7.0,0.007
gTHE9ImYB1,Tanh,/job:localhost/replica:0/task:0/device:GPU:0,7.0,0.007
ztWkP4jwpR,Sum,/job:localhost/replica:0/task:0/device:GPU:0,7.0,0.007
zME86KbYye,Sub,/job:localhost/replica:0/task:0/device:GPU:0,7.0,0.007
1WaneNJvqb,Prod,/job:localhost/replica:0/task:0/device:GPU:0,7.0,0.007
HBTxIKvV3h,Add,/job:localhost/replica:0/task:0/device:GPU:0,7.0,0.007
x19reZTkvW,Sub,/job:localhost/replica:0/task:0/device:GPU:0,7.0,0.007
b4lDHCeEWn,RealDiv,/job:localhost/replica:0/task:0/device:GPU:0,7.0,0.007
aVQPZDtfTw,AddV2,/job:localhost/replica:0/task:0/device:GPU:0,7.0,0.007
UhFPSa2OdH,SquaredDifference,/job:localhost/replica:0/task:0/device:GPU:0,7.0,0.007
OQ5huNisJy,BiasAdd,/job:localhost/replica:0/task:0/device:GPU:0,7.0,0.007
cf3DzN1eB5,Pow,/job:localhost/replica:0/task:0/device:GPU:0,7.0,0.007
mz8o1xg39F,AddV2,/job:localhost/replica:0/task:0/device:GPU:0,7.0,0.007
0ekqcZGzvA,Pow,/job:localhost/replica:0/task:0/device:GPU:0,7.0,0.007
aj0S4YQMJZ,SquaredDifference,/job:localhost/replica:0/task:0/device:GPU:0,7.0,0.007
hB2s7v6IdV,Sub,/job:localhost/replica:0/task:0/device:GPU:0,7.0,0.007
GmUaCx8RPw,Sub,/job:localhost/replica:0/task:0/device:GPU:0,7.0,0.007
vFX0JHeSBa,Sigmoid,/job:localhost/replica:0/task:0/device:GPU:0,7.0,0.007
t4pJ9sNj0u,RealDiv,/job:localhost/replica:0/task:0/device:GPU:0,7.0,0.007
b8MsdCzacF,Mul,/job:localhost/replica:0/task:0/device:GPU:0,7.0,0.007
15cOd9bjXK,Add,/job:localhost/replica:0/task:0/device:GPU:0,7.0,0.007
5aFWtpA9ob,Add,/job:localhost/replica:0/task:0/device:GPU:0,7.0,0.007
56Iy3hjfZF,Sub,/job:localhost/replica:0/task:0/device:GPU:0,7.0,0.007
vrE9tapMZB,Sum,/job:localhost/replica:0/task:0/device:GPU:0,7.0,0.007
BH7r9bqNGT,Sub,/job:localhost/replica:0/task:0/device:GPU:0,7.0,0.007
IyX7sroxBT,Log,/job:localhost/replica:0/task:0/device:GPU:0,7.0,0.007
c7kHVxPnFJ,AddV2,/job:localhost/replica:0/task:0/device:GPU:0,7.0,0.007
TkEG6SwXxW,Pow,/job:localhost/replica:0/task:0/device:GPU:0,7.0,0.007
16sCHpeqTZ,Pow,/job:localhost/replica:0/task:0/device:GPU:0,7.0,0.007
AR6mI4YjNQ,Add,/job:localhost/replica:0/task:0/device:GPU:0,7.0,0.007
o94gif6Vt1,Prod,/job:localhost/replica:0/task:0/device:GPU:0,7.0,0.007
N4yvUI0MR1,Pow,/job:localhost/replica:0/task:0/device:GPU:0,7.0,0.007
xc0Q9JYk5z,RealDiv,/job:localhost/replica:0/task:0/device:GPU:0,7.0,0.007
Pa1hfr2Zg7,Sub,/job:localhost/replica:0/task:0/device:GPU:0,7.0,0.007
SK2bs69FNH,Pow,/job:localhost/replica:0/task:0/device:GPU:0,7.0,0.007
J0EAtgxK8v,Mul,/job:localhost/replica:0/task:0/device:GPU:0,7.0,0.007
FsBl3g60Em,Add,/job:localhost/replica:0/task:0/device:GPU:0,7.0,0.007
RnBga54bxA,RealDiv,/job:localhost/replica:0/task:0/device:GPU:0,7.0,0.007
vMIjCnhkr3,AddV2,/job:localhost/replica:0/task:0/device:GPU:0,7.0,0.007
FTnxGXloZp,RealDiv,/job:localhost/replica:0/task:0/device:GPU:0,7.0,0.007
baEePo8xp9,RealDiv,/job:localhost/replica:0/task:0/device:GPU:0,7.0,0.007
lEuHhjWBtM,RealDiv,/job:localhost/replica:0/task:0/device:GPU:0,7.0,0.007
2qkQJym3Ug,Mul,/job:localhost/replica:0/task:0/device:GPU:0,7.0,0.007
aZOxPuVc5X,Log,/job:localhost/replica:0/task:0/device:GPU:0,7.0,0.007
vxfswmU9K0,Rsqrt,/job:localhost/replica:0/task:0/device:GPU:0,7.0,0.007
XyFQdDUWlH,RealDiv,/job:localhost/replica:0/task:0/device:GPU:0,7.0,0.007
OXN60D4HaC,Pack,/job:localhost/replica:0/task:0/device:GPU:0,7.0,0.007
LrqylbQdOY,Pow,/job:localhost/replica:0/task:0/device:GPU:0,7.0,0.007
8bzuomqnKQ,Pow,/job:localhost/replica:0/task:0/device:GPU:0,7.0,0.007
b9QGiuV3pT,RealDiv,/job:localhost/replica:0/task:0/device:GPU:0,7.0,0.007
kLUFv89G3m,Pow,/job:localhost/replica:0/task:0/device:GPU:0,7.0,0.007
OGYQArRhXk,RealDiv,/job:localhost/replica:0/task:0/device:GPU:0,7.0,0.007
KHjdsiEZmx,Mul,/job:localhost/replica:0/task:0/device:GPU:0,7.0,0.007
1N9cTSIrWO,Transpose,/job:localhost/replica:0/task:0/device:GPU:0,7.0,0.007
hygafTkbzv,Pack,/job:localhost/replica:0/task:0/device:GPU:0,7.0,0.007
Bkpz8J7maG,Mul,/job:localhost/replica:0/task:0/device:GPU:0,7.0,0.007
qY1jXZm0cu,Mul,/job:localhost/replica:0/task:0/device:GPU:0,7.0,0.007
a7srm1GoFQ,RealDiv,/job:localhost/replica:0/task:0/device:GPU:0,7.0,0.007
AEp1e3hUZX,Sub,/job:localhost/replica:0/task:0/device:GPU:0,7.0,0.007
S4Tc1b27ni,Pow,/job:localhost/replica:0/task:0/device:GPU:0,7.0,0.007
q5zvHKnNxp,AddV2,/job:localhost/replica:0/task:0/device:GPU:0,7.0,0.007
JKBnkxIC4V,RealDiv,/job:localhost/replica:0/task:0/device:GPU:0,7.0,0.007
8xK6S05srk,Pack,/job:localhost/replica:0/task:0/device:GPU:0,7.0,0.007
S5AeDK8yT6,Pack,/job:localhost/replica:0/task:0/device:GPU:0,7.0,0.007
HlVgy6LXUP,Sub,/job:localhost/replica:0/task:0/device:GPU:0,7.0,0.007
qW7Vk6L4gR,Pow,/job:localhost/replica:0/task:0/device:GPU:0,7.0,0.007
tJfbXV6W2I,RealDiv,/job:localhost/replica:0/task:0/device:GPU:0,7.0,0.007
2lBJVkLsPa,Mul,/job:localhost/replica:0/task:0/device:GPU:0,7.0,0.007
wlfNXuW46S,Pow,/job:localhost/replica:0/task:0/device:GPU:0,7.0,0.007
2gSPEdfYOx,Sub,/job:localhost/replica:0/task:0/device:GPU:0,7.0,0.007
cANoBICPt0,Sub,/job:localhost/replica:0/task:0/device:GPU:0,7.0,0.007
E0dxSCYVHT,Add,/job:localhost/replica:0/task:0/device:GPU:0,7.0,0.007
lgzf4atSiu,Sub,/job:localhost/replica:0/task:0/device:GPU:0,7.0,0.007
rsILoTKjZO,RealDiv,/job:localhost/replica:0/task:0/device:GPU:0,7.0,0.007
iaUxVQ8GAe,Pow,/job:localhost/replica:0/task:0/device:GPU:0,7.0,0.007
D9yJomn2Gz,AddV2,/job:localhost/replica:0/task:0/device:GPU:0,7.0,0.007
28GvJodUDn,Sub,/job:localhost/replica:0/task:0/device:GPU:0,7.0,0.007
x47GpvDql1,AddV2,/job:localhost/replica:0/task:0/device:GPU:0,7.0,0.007
2m7UNfQ4nH,RealDiv,/job:localhost/replica:0/task:0/device:GPU:0,7.0,0.007
x5pHQhfuwT,RealDiv,/job:localhost/replica:0/task:0/device:GPU:0,7.0,0.007
Rgs3LqaFwN,Log,/job:localhost/replica:0/task:0/device:GPU:0,7.0,0.007
nHmDlxkU37,Mul,/job:localhost/replica:0/task:0/device:GPU:0,7.0,0.007
u3apWKC8gq,RealDiv,/job:localhost/replica:0/task:0/device:GPU:0,7.0,0.007
qmyJgQTDVn,Shape,/job:localhost/replica:0/task:0/device:GPU:0,7.0,0.007
rOzgwXh0aE,Reshape,/job:localhost/replica:0/task:0/device:GPU:0,7.0,0.007
PEJk2mT7QD,Pack,/job:localhost/replica:0/task:0/device:GPU:0,7.0,0.007
Jl6HOUhFcP,Sub,/job:localhost/replica:0/task:0/device:GPU:0,7.0,0.007
4CMqaT0grl,Pow,/job:localhost/replica:0/task:0/device:GPU:0,7.0,0.007
Dufp81oIda,BiasAdd,/job:localhost/replica:0/task:0/device:GPU:0,7.0,0.007
HS7hmLPiTt,BiasAdd,/job:localhost/replica:0/task:0/device:GPU:0,7.0,0.007
ITpbtj3Ac8,BiasAdd,/job:localhost/replica:0/task:0/device:GPU:0,7.0,0.007
ARHqKYeBdN,BiasAdd,/job:localhost/replica:0/task:0/device:GPU:0,7.0,0.007
FnYPiAcpUa,Tile,/job:localhost/replica:0/task:0/device:GPU:0,7.0,0.007
1oiQMrRcan,Tile,/job:localhost/replica:0/task:0/device:GPU:0,7.0,0.007
4Hgbsqeic8,Add,/job:localhost/replica:0/task:0/device:GPU:0,7.0,0.007
7QJ6xglCDY,RealDiv,/job:localhost/replica:0/task:0/device:GPU:0,7.0,0.007
qNyk7H3doQ,Sub,/job:localhost/replica:0/task:0/device:GPU:0,7.0,0.007
l8MvtcDghj,Sub,/job:localhost/replica:0/task:0/device:GPU:0,7.0,0.007
3RckfMKrSW,RealDiv,/job:localhost/replica:0/task:0/device:GPU:0,7.0,0.007
mt5sQ8OyP6,RealDiv,/job:localhost/replica:0/task:0/device:GPU:0,7.0,0.007
vfCqSAPOzV,AddV2,/job:localhost/replica:0/task:0/device:GPU:0,7.0,0.007
BJnbPUHOle,Mul,/job:localhost/replica:0/task:0/device:GPU:0,7.0,0.007
S2xfh4AeUz,Sub,/job:localhost/replica:0/task:0/device:GPU:0,7.0,0.007
tNnjlQcv5g,RealDiv,/job:localhost/replica:0/task:0/device:GPU:0,7.0,0.007
maAO6Ewqpi,RealDiv,/job:localhost/replica:0/task:0/device:GPU:0,7.0,0.007
ZLYEzfKj67,Reshape,/job:localhost/replica:0/task:0/device:GPU:0,7.0,0.007
J0MwDKqSFH,Shape,/job:localhost/replica:0/task:0/device:GPU:0,7.0,0.007
tWV9whuTJf,Mul,/job:localhost/replica:0/task:0/device:GPU:0,7.0,0.007
3WtsGg4lRP,Add,/job:localhost/replica:0/task:0/device:GPU:0,7.0,0.007
cFVJekYRxG,Pow,/job:localhost/replica:0/task:0/device:GPU:0,7.0,0.007
pEjLPnV03S,Mul,/job:localhost/replica:0/task:0/device:GPU:0,7.0,0.007
NLVfBzxD97,RealDiv,/job:localhost/replica:0/task:0/device:GPU:0,7.0,0.007
fRe1sXCpIm,RealDiv,/job:localhost/replica:0/task:0/device:GPU:0,7.0,0.007
GAHUF5eX3d,Add,/job:localhost/replica:0/task:0/device:GPU:0,7.0,0.007
Bp4T9WQ0Jw,Split,/job:localhost/replica:0/task:0/device:GPU:0,7.0,0.007
AxDeFMrnVU,AddV2,/job:localhost/replica:0/task:0/device:GPU:0,7.0,0.007
7mqDVdZBON,AddV2,/job:localhost/replica:0/task:0/device:GPU:0,7.0,0.007
v0bDH4rtRo,Pow,/job:localhost/replica:0/task:0/device:GPU:0,7.0,0.007
n14iyc3oZh,Prod,/job:localhost/replica:0/task:0/device:GPU:0,7.0,0.007
4pCyY3Dk8e,Add,/job:localhost/replica:0/task:0/device:GPU:0,7.0,0.007
Cj6ET5lqyb,Pow,/job:localhost/replica:0/task:0/device:GPU:0,7.0,0.007
UnOHiCs9dE,Prod,/job:localhost/replica:0/task:0/device:GPU:0,7.0,0.007
sf9ZRGLIP2,Prod,/job:localhost/replica:0/task:0/device:GPU:0,7.0,0.007
6RbFj87s1o,Relu,/job:localhost/replica:0/task:0/device:GPU:0,7.0,0.007
8z23YJeBwM,Relu,/job:localhost/replica:0/task:0/device:GPU:0,7.0,0.007
epRUWzGNgu,RealDiv,/job:localhost/replica:0/task:0/device:GPU:0,7.0,0.007
odnmOjyFpQ,Pow,/job:localhost/replica:0/task:0/device:GPU:0,7.0,0.007
OP7Q3vjpsT,BiasAdd,/job:localhost/replica:0/task:0/device:GPU:0,7.0,0.007
mDyz6tGFsf,BiasAdd,/job:localhost/replica:0/task:0/device:GPU:0,7.0,0.007
l6sCQBNwJ9,Pow,/job:localhost/replica:0/task:0/device:GPU:0,7.0,0.007
z9GEnNkYQ1,RealDiv,/job:localhost/replica:0/task:0/device:GPU:0,7.0,0.007
Q7VyajLHbl,Prod,/job:localhost/replica:0/task:0/device:GPU:0,7.0,0.007
aGXNt02CkM,Pow,/job:localhost/replica:0/task:0/device:GPU:0,7.0,0.007
VbtSrx1ud6,Log,/job:localhost/replica:0/task:0/device:GPU:0,7.0,0.007
GtUos152Fy,BiasAdd,/job:localhost/replica:0/task:0/device:GPU:0,7.0,0.007
UAgLFyvMiw,RealDiv,/job:localhost/replica:0/task:0/device:GPU:0,7.0,0.007
nCNBTazIpA,BiasAdd,/job:localhost/replica:0/task:0/device:GPU:0,7.0,0.007
sZ6hkUTJ7L,Relu,/job:localhost/replica:0/task:0/device:GPU:0,7.0,0.007
7VbdowNRDx,Prod,/job:localhost/replica:0/task:0/device:GPU:0,7.0,0.007
Rjok0l43zZ,BiasAdd,/job:localhost/replica:0/task:0/device:GPU:0,7.0,0.007
eR53b2GrOf,Prod,/job:localhost/replica:0/task:0/device:GPU:0,7.0,0.007
E9jp3BmyL2,Rsqrt,/job:localhost/replica:0/task:0/device:GPU:0,7.0,0.007
QexKjl8kUb,Neg,/job:localhost/replica:0/task:0/device:GPU:0,7.0,0.007
KTbYXQW2xD,Prod,/job:localhost/replica:0/task:0/device:GPU:0,7.0,0.007
tjTSBnCdlg,Sub,/job:localhost/replica:0/task:0/device:GPU:0,7.0,0.007
JgeC2KYduO,Pow,/job:localhost/replica:0/task:0/device:GPU:0,7.0,0.007
N6I8idpGvj,Add,/job:localhost/replica:0/task:0/device:GPU:0,7.0,0.007
7NZaWmiADL,RealDiv,/job:localhost/replica:0/task:0/device:GPU:0,7.0,0.007
u5UmAOtlE2,Mul,/job:localhost/replica:0/task:0/device:GPU:0,7.0,0.007
GgaziJlYTO,Mul,/job:localhost/replica:0/task:0/device:GPU:0,7.0,0.007
9PE0fakdoZ,Pow,/job:localhost/replica:0/task:0/device:GPU:0,7.0,0.007
09ULqSsHlu,ZerosLike,/job:localhost/replica:0/task:0/device:GPU:0,7.0,0.007
B2w7ztmT4O,Tanh,/job:localhost/replica:0/task:0/device:GPU:0,7.0,0.007
qUfwMzKCoP,Exp,/job:localhost/replica:0/task:0/device:GPU:0,7.0,0.007
rZNVXYdowF,AddV2,/job:localhost/replica:0/task:0/device:GPU:0,7.0,0.007
bjzmTFs9xi,RealDiv,/job:localhost/replica:0/task:0/device:GPU:0,7.0,0.007
PLJKcp4FHC,Neg,/job:localhost/replica:0/task:0/device:GPU:0,7.0,0.007
rdV6XsiUW3,ZerosLike,/job:localhost/replica:0/task:0/device:GPU:0,7.0,0.007
_arg_UuQXweHVJa_0_498,Placeholder,/job:localhost/replica:0/task:0/device:CPU:0,7.0,0.007
_arg_ciUqu9fA8L_0_614,Placeholder,/job:localhost/replica:0/task:0/device:CPU:0,7.0,0.007
_arg_W8cYe6Pvrm_0_522,Placeholder,/job:localhost/replica:0/task:0/device:CPU:0,7.0,0.007
_arg_dR1QqyToUL_0_631,Placeholder,/job:localhost/replica:0/task:0/device:CPU:0,7.0,0.007
_arg_fSKDLgbZ1t_0_664,Placeholder,/job:localhost/replica:0/task:0/device:CPU:0,7.0,0.007
_arg_azqdM486ls_0_588,Placeholder,/job:localhost/replica:0/task:0/device:CPU:0,7.0,0.007
_retval_Ooq5WuKaGs_0_2,Rsqrt,/job:localhost/replica:0/task:0/device:CPU:0,7.0,0.007
gAxJRkvyIC,Const,/job:localhost/replica:0/task:0/device:GPU:0,6.0,0.006
dBaiZfewOx,Const,/job:localhost/replica:0/task:0/device:GPU:0,6.0,0.006
8ZY6qzEu7j,Const,/job:localhost/replica:0/task:0/device:GPU:0,6.0,0.006
ov6Sy20dlw,Const,/job:localhost/replica:0/task:0/device:GPU:0,6.0,0.006
qJ3j8lm4cv,Const,/job:localhost/replica:0/task:0/device:GPU:0,6.0,0.006
D0Gh92mVAY,Const,/job:localhost/replica:0/task:0/device:GPU:0,6.0,0.006
sxkR6njfZ5,Const,/job:localhost/replica:0/task:0/device:GPU:0,6.0,0.006
oIjyfblhuL,Const,/job:localhost/replica:0/task:0/device:GPU:0,6.0,0.006
7BZnr8hY4J/_58__cf__58,Reshape,/job:localhost/replica:0/task:0/device:GPU:0,6.0,0.006
B6RDqf19LT/_81__cf__81,Reshape,/job:localhost/replica:0/task:0/device:GPU:0,6.0,0.006
Ekp83be0hs/_104__cf__104,Reshape,/job:localhost/replica:0/task:0/device:GPU:0,6.0,0.006
FSXD0p3iAs/_110__cf__110,Reshape,/job:localhost/replica:0/task:0/device:GPU:0,6.0,0.006
9Br3ilYRFL/_68__cf__68,Reshape,/job:localhost/replica:0/task:0/device:GPU:0,6.0,0.006
C0qh1fnKiY/_87__cf__87,Reshape,/job:localhost/replica:0/task:0/device:GPU:0,6.0,0.006
M2zTZ0Qmpt/_146__cf__146,Reshape,/job:localhost/replica:0/task:0/device:GPU:0,6.0,0.006
JcS8Uk4bGH/_134__cf__134,Reshape,/job:localhost/replica:0/task:0/device:GPU:0,6.0,0.006
fULCMZ2Jyr/_269__cf__269,Reshape,/job:localhost/replica:0/task:0/device:GPU:0,6.0,0.006
gCzdVrof6P/_274__cf__274,Reshape,/job:localhost/replica:0/task:0/device:GPU:0,6.0,0.006
wEaRy9OqjV,Slice,/job:localhost/replica:0/task:0/device:GPU:0,6.0,0.006
Shd27Og8Z5,Const,/job:localhost/replica:0/task:0/device:GPU:0,6.0,0.006
QxtqWUyM2H,Const,/job:localhost/replica:0/task:0/device:GPU:0,6.0,0.006
WdRkMyT4fr,Const,/job:localhost/replica:0/task:0/device:GPU:0,6.0,0.006
IYq58JjTAo,Const,/job:localhost/replica:0/task:0/device:GPU:0,6.0,0.006
az5XtMfLOZ,Const,/job:localhost/replica:0/task:0/device:GPU:0,6.0,0.006
297VHJo6rq,Const,/job:localhost/replica:0/task:0/device:GPU:0,6.0,0.006
HvfnK2czJA,Shape,/job:localhost/replica:0/task:0/device:GPU:0,6.0,0.006
l2Wbvy7COh,Slice,/job:localhost/replica:0/task:0/device:GPU:0,6.0,0.006
Q0JjFBIREZ,Slice,/job:localhost/replica:0/task:0/device:GPU:0,6.0,0.006
4NVm6gnHuf,Slice,/job:localhost/replica:0/task:0/device:GPU:0,6.0,0.006
nYVxrW2qZQ,Const,/job:localhost/replica:0/task:0/device:GPU:0,6.0,0.006
FgfP2a5Q31,Const,/job:localhost/replica:0/task:0/device:GPU:0,6.0,0.006
uyw2dVni5t,Const,/job:localhost/replica:0/task:0/device:GPU:0,6.0,0.006
3FN1By9ZO8,Slice,/job:localhost/replica:0/task:0/device:GPU:0,6.0,0.006
p4gXeAwiyl,Equal,/job:localhost/replica:0/task:0/device:GPU:0,6.0,0.006
ZoWuywGIRJ,Slice,/job:localhost/replica:0/task:0/device:GPU:0,6.0,0.006
1JoDpnvbEk,Slice,/job:localhost/replica:0/task:0/device:GPU:0,6.0,0.006
7xrvODP0zj,StridedSlice,/job:localhost/replica:0/task:0/device:GPU:0,6.0,0.006
XN9eOI36QC,Slice,/job:localhost/replica:0/task:0/device:GPU:0,6.0,0.006
PHUWbtyZhL,Slice,/job:localhost/replica:0/task:0/device:GPU:0,6.0,0.006
nsyuTqw2Lr,Slice,/job:localhost/replica:0/task:0/device:GPU:0,6.0,0.006
p1nNZcEWFg,Slice,/job:localhost/replica:0/task:0/device:GPU:0,6.0,0.006
4wu1VgWhKQ,Slice,/job:localhost/replica:0/task:0/device:GPU:0,6.0,0.006
raGlQMnxbe,Slice,/job:localhost/replica:0/task:0/device:GPU:0,6.0,0.006
QEqJxXDg2w,Slice,/job:localhost/replica:0/task:0/device:GPU:0,6.0,0.006
DioRGzfALQ,Slice,/job:localhost/replica:0/task:0/device:GPU:0,6.0,0.006
2AI5Sxb1wW,Slice,/job:localhost/replica:0/task:0/device:GPU:0,6.0,0.006
uQmGZ5hBAR,Slice,/job:localhost/replica:0/task:0/device:GPU:0,6.0,0.006
hy8KSipMUX,Slice,/job:localhost/replica:0/task:0/device:GPU:0,6.0,0.006
Mx3bUWswad,Shape,/job:localhost/replica:0/task:0/device:GPU:0,6.0,0.006
0WDKPL16Ve,Shape,/job:localhost/replica:0/task:0/device:GPU:0,6.0,0.006
J0LP6WCIn2,Shape,/job:localhost/replica:0/task:0/device:GPU:0,6.0,0.006
DshcYf7HFL,Slice,/job:localhost/replica:0/task:0/device:GPU:0,6.0,0.006
gqyrUvSx7V,Slice,/job:localhost/replica:0/task:0/device:GPU:0,6.0,0.006
htnua8T1dg,Slice,/job:localhost/replica:0/task:0/device:GPU:0,6.0,0.006
MBKDjY8dC3,Slice,/job:localhost/replica:0/task:0/device:GPU:0,6.0,0.006
rCKDeVfxlH,Slice,/job:localhost/replica:0/task:0/device:GPU:0,6.0,0.006
Xy5GVBwo3M,Slice,/job:localhost/replica:0/task:0/device:GPU:0,6.0,0.006
V3iwa0uIAd,Slice,/job:localhost/replica:0/task:0/device:GPU:0,6.0,0.006
l6JOqXVgfy,Slice,/job:localhost/replica:0/task:0/device:GPU:0,6.0,0.006
IvdgtmCRXl,Slice,/job:localhost/replica:0/task:0/device:GPU:0,6.0,0.006
eW2k6J8Bip,Slice,/job:localhost/replica:0/task:0/device:GPU:0,6.0,0.006
965nVWqERs,Slice,/job:localhost/replica:0/task:0/device:GPU:0,6.0,0.006
W4OL2o6fHg,Slice,/job:localhost/replica:0/task:0/device:GPU:0,6.0,0.006
ktTNeK46mX,Slice,/job:localhost/replica:0/task:0/device:GPU:0,6.0,0.006
EGaIbkhp3e,Slice,/job:localhost/replica:0/task:0/device:GPU:0,6.0,0.006
FZ0McshC5J,Slice,/job:localhost/replica:0/task:0/device:GPU:0,6.0,0.006
3nfmRBKuM0,Slice,/job:localhost/replica:0/task:0/device:GPU:0,6.0,0.006
LfQctZ4o2u,Slice,/job:localhost/replica:0/task:0/device:GPU:0,6.0,0.006
J7MGhfb3PN,Slice,/job:localhost/replica:0/task:0/device:GPU:0,6.0,0.006
7ADfZ49BuU,Slice,/job:localhost/replica:0/task:0/device:GPU:0,6.0,0.006
cHXj2VE6FK,Slice,/job:localhost/replica:0/task:0/device:GPU:0,6.0,0.006
hlwqvKB4sF,Slice,/job:localhost/replica:0/task:0/device:GPU:0,6.0,0.006
OJosWIEg8x,Slice,/job:localhost/replica:0/task:0/device:GPU:0,6.0,0.006
VIs4ZHzeKj,Slice,/job:localhost/replica:0/task:0/device:GPU:0,6.0,0.006
leEbiI0C8B,Slice,/job:localhost/replica:0/task:0/device:GPU:0,6.0,0.006
H5siGw8ELD,Slice,/job:localhost/replica:0/task:0/device:GPU:0,6.0,0.006
WUDrK9ChMb,Slice,/job:localhost/replica:0/task:0/device:GPU:0,6.0,0.006
nr4MCvideg,Slice,/job:localhost/replica:0/task:0/device:GPU:0,6.0,0.006
vZGJwlFzjy,Slice,/job:localhost/replica:0/task:0/device:GPU:0,6.0,0.006
Ized9GyZR2,Slice,/job:localhost/replica:0/task:0/device:GPU:0,6.0,0.006
BFqY597j4y,Slice,/job:localhost/replica:0/task:0/device:GPU:0,6.0,0.006
taogx457UM,Slice,/job:localhost/replica:0/task:0/device:GPU:0,6.0,0.006
NXrKlZmkIt,Slice,/job:localhost/replica:0/task:0/device:GPU:0,6.0,0.006
PnDL4tF5am,Slice,/job:localhost/replica:0/task:0/device:GPU:0,6.0,0.006
rCfJ6L0qa1,Slice,/job:localhost/replica:0/task:0/device:GPU:0,6.0,0.006
EPHl6oIqfS,Slice,/job:localhost/replica:0/task:0/device:GPU:0,6.0,0.006
DtyMIXPRj3,Slice,/job:localhost/replica:0/task:0/device:GPU:0,6.0,0.006
EivhX20kLJ,Slice,/job:localhost/replica:0/task:0/device:GPU:0,6.0,0.006
Za3qMG9mLF,Slice,/job:localhost/replica:0/task:0/device:GPU:0,6.0,0.006
AZyTxHw6sB,Slice,/job:localhost/replica:0/task:0/device:GPU:0,6.0,0.006
dhLwYj8eQO,Slice,/job:localhost/replica:0/task:0/device:GPU:0,6.0,0.006
ZAjKqz2QpX,Slice,/job:localhost/replica:0/task:0/device:GPU:0,6.0,0.006
duc9V2Oz1w,Slice,/job:localhost/replica:0/task:0/device:GPU:0,6.0,0.006
NSYVX0PLcr,Slice,/job:localhost/replica:0/task:0/device:GPU:0,6.0,0.006
k7pgz4ctKj,Slice,/job:localhost/replica:0/task:0/device:GPU:0,6.0,0.006
Jo6O5LX1kn,Slice,/job:localhost/replica:0/task:0/device:GPU:0,6.0,0.006
nxEdyJ8z9R,Slice,/job:localhost/replica:0/task:0/device:GPU:0,6.0,0.006
bZvs9kf0jW,Slice,/job:localhost/replica:0/task:0/device:GPU:0,6.0,0.006
YzedxXITCD,Slice,/job:localhost/replica:0/task:0/device:GPU:0,6.0,0.006
m1FIBUWRfr,Slice,/job:localhost/replica:0/task:0/device:GPU:0,6.0,0.006
UjwldHy8M4,Slice,/job:localhost/replica:0/task:0/device:GPU:0,6.0,0.006
8dwQgcEAxq,Slice,/job:localhost/replica:0/task:0/device:GPU:0,6.0,0.006
8N02adMP3S,Slice,/job:localhost/replica:0/task:0/device:GPU:0,6.0,0.006
SE8cawPvpM,Slice,/job:localhost/replica:0/task:0/device:GPU:0,6.0,0.006
Ptceiu3o6d,Slice,/job:localhost/replica:0/task:0/device:GPU:0,6.0,0.006
ZvIiG7OKV8,Slice,/job:localhost/replica:0/task:0/device:GPU:0,6.0,0.006
dMuUqXl8hW,Slice,/job:localhost/replica:0/task:0/device:GPU:0,6.0,0.006
YeH0LOul3p,Slice,/job:localhost/replica:0/task:0/device:GPU:0,6.0,0.006
jptJ0RxnLs,Slice,/job:localhost/replica:0/task:0/device:GPU:0,6.0,0.006
GpjXdCufLN,Slice,/job:localhost/replica:0/task:0/device:GPU:0,6.0,0.006
pmy2s0nDEx,Slice,/job:localhost/replica:0/task:0/device:GPU:0,6.0,0.006
YK2fb0t3VG,Slice,/job:localhost/replica:0/task:0/device:GPU:0,6.0,0.006
jGUxv2Hdcm,Slice,/job:localhost/replica:0/task:0/device:GPU:0,6.0,0.006
B1W8EzOGxv,Slice,/job:localhost/replica:0/task:0/device:GPU:0,6.0,0.006
nHyt93Th0s,Slice,/job:localhost/replica:0/task:0/device:GPU:0,6.0,0.006
zPn3iVjq2Y,Slice,/job:localhost/replica:0/task:0/device:GPU:0,6.0,0.006
4NuEIXt81M,Slice,/job:localhost/replica:0/task:0/device:GPU:0,6.0,0.006
9lXTYyILda,Slice,/job:localhost/replica:0/task:0/device:GPU:0,6.0,0.006
kAgyd3DBOz,Slice,/job:localhost/replica:0/task:0/device:GPU:0,6.0,0.006
lhUI3QYjrW,Slice,/job:localhost/replica:0/task:0/device:GPU:0,6.0,0.006
hn6j1KXywV,Slice,/job:localhost/replica:0/task:0/device:GPU:0,6.0,0.006
R5hW6tTjGP,Slice,/job:localhost/replica:0/task:0/device:GPU:0,6.0,0.006
ah2eAzymTX,Slice,/job:localhost/replica:0/task:0/device:GPU:0,6.0,0.006
utx7BH4UVW,Slice,/job:localhost/replica:0/task:0/device:GPU:0,6.0,0.006
TPuJyadMjb,Slice,/job:localhost/replica:0/task:0/device:GPU:0,6.0,0.006
jPGFwh8JRD,Slice,/job:localhost/replica:0/task:0/device:GPU:0,6.0,0.006
CiGIqp51JO,Slice,/job:localhost/replica:0/task:0/device:GPU:0,6.0,0.006
3dgcO2hAzI,Slice,/job:localhost/replica:0/task:0/device:GPU:0,6.0,0.006
iEM1aOgNnt,Slice,/job:localhost/replica:0/task:0/device:GPU:0,6.0,0.006
OF7qlGejir,Slice,/job:localhost/replica:0/task:0/device:GPU:0,6.0,0.006
ZxkPFXJDlh,Slice,/job:localhost/replica:0/task:0/device:GPU:0,6.0,0.006
MyIAXeirv4,Slice,/job:localhost/replica:0/task:0/device:GPU:0,6.0,0.006
9uJXgvyZNT,Slice,/job:localhost/replica:0/task:0/device:GPU:0,6.0,0.006
b5iRJdnBWI,Slice,/job:localhost/replica:0/task:0/device:GPU:0,6.0,0.006
NqnokXysjE,Slice,/job:localhost/replica:0/task:0/device:GPU:0,6.0,0.006
wv1XAteZYl,Slice,/job:localhost/replica:0/task:0/device:GPU:0,6.0,0.006
xWJfTzXHDY,Slice,/job:localhost/replica:0/task:0/device:GPU:0,6.0,0.006
yj9JLYIzmd,Slice,/job:localhost/replica:0/task:0/device:GPU:0,6.0,0.006
wNQvfaebAn,Slice,/job:localhost/replica:0/task:0/device:GPU:0,6.0,0.006
qrtb1MX4gf,Slice,/job:localhost/replica:0/task:0/device:GPU:0,6.0,0.006
n7hFkcAH9x,Slice,/job:localhost/replica:0/task:0/device:GPU:0,6.0,0.006
2wivYnADp6,Slice,/job:localhost/replica:0/task:0/device:GPU:0,6.0,0.006
J9EwBuHiXk,Slice,/job:localhost/replica:0/task:0/device:GPU:0,6.0,0.006
gW185e2ZTw,Slice,/job:localhost/replica:0/task:0/device:GPU:0,6.0,0.006
sJKh0d9v7a,Slice,/job:localhost/replica:0/task:0/device:GPU:0,6.0,0.006
iJq5Ts0CYw,Slice,/job:localhost/replica:0/task:0/device:GPU:0,6.0,0.006
geM5ITBvPh,Slice,/job:localhost/replica:0/task:0/device:GPU:0,6.0,0.006
rZiYuXgQp6,Slice,/job:localhost/replica:0/task:0/device:GPU:0,6.0,0.006
krmCKTew2F,Slice,/job:localhost/replica:0/task:0/device:GPU:0,6.0,0.006
FSyTlDOGEz,Slice,/job:localhost/replica:0/task:0/device:GPU:0,6.0,0.006
HqetgJ51bl,Slice,/job:localhost/replica:0/task:0/device:GPU:0,6.0,0.006
3JUaNo2mZi,Slice,/job:localhost/replica:0/task:0/device:GPU:0,6.0,0.006
yLx6Y0imCv,Slice,/job:localhost/replica:0/task:0/device:GPU:0,6.0,0.006
wFAN3LOkKa,Slice,/job:localhost/replica:0/task:0/device:GPU:0,6.0,0.006
TCyMaYjfRh,Slice,/job:localhost/replica:0/task:0/device:GPU:0,6.0,0.006
94dTLXfIsz,Slice,/job:localhost/replica:0/task:0/device:GPU:0,6.0,0.006
iZbmCVHljf,Slice,/job:localhost/replica:0/task:0/device:GPU:0,6.0,0.006
2cAONKUsVT,Slice,/job:localhost/replica:0/task:0/device:GPU:0,6.0,0.006
b5tBXLfy9h,Slice,/job:localhost/replica:0/task:0/device:GPU:0,6.0,0.006
LqWblInXC3,Slice,/job:localhost/replica:0/task:0/device:GPU:0,6.0,0.006
5DSMaOFycH,Slice,/job:localhost/replica:0/task:0/device:GPU:0,6.0,0.006
z9psGSfBqV,Slice,/job:localhost/replica:0/task:0/device:GPU:0,6.0,0.006
a390NUph4j,Slice,/job:localhost/replica:0/task:0/device:GPU:0,6.0,0.006
59ptyiGzvB,Slice,/job:localhost/replica:0/task:0/device:GPU:0,6.0,0.006
FuU1n6ZpQz,Slice,/job:localhost/replica:0/task:0/device:GPU:0,6.0,0.006
udGkSymo9O,Slice,/job:localhost/replica:0/task:0/device:GPU:0,6.0,0.006
Jq0l3nEeSG,Slice,/job:localhost/replica:0/task:0/device:GPU:0,6.0,0.006
E38Ufm9GwT,Slice,/job:localhost/replica:0/task:0/device:GPU:0,6.0,0.006
e6ElZ7rnhR,Slice,/job:localhost/replica:0/task:0/device:GPU:0,6.0,0.006
oELrXdVfBn,Slice,/job:localhost/replica:0/task:0/device:GPU:0,6.0,0.006
KvBVYzL3Uq,Slice,/job:localhost/replica:0/task:0/device:GPU:0,6.0,0.006
Zwu18sKmMW,Slice,/job:localhost/replica:0/task:0/device:GPU:0,6.0,0.006
aY1hlgwTNL,Slice,/job:localhost/replica:0/task:0/device:GPU:0,6.0,0.006
za1oHIGYBO,Slice,/job:localhost/replica:0/task:0/device:GPU:0,6.0,0.006
q2GiDKHLbn,Slice,/job:localhost/replica:0/task:0/device:GPU:0,6.0,0.006
hL6ciDM1nE,Slice,/job:localhost/replica:0/task:0/device:GPU:0,6.0,0.006
hRjpi8mFCe,Slice,/job:localhost/replica:0/task:0/device:GPU:0,6.0,0.006
5HeKJF4itl,Reshape,/job:localhost/replica:0/task:0/device:GPU:0,6.0,0.006
NFWXjtOkVq,Slice,/job:localhost/replica:0/task:0/device:GPU:0,6.0,0.006
xchTJLipAb,Slice,/job:localhost/replica:0/task:0/device:GPU:0,6.0,0.006
OIt8mqSfWQ,Slice,/job:localhost/replica:0/task:0/device:GPU:0,6.0,0.006
UekIBaoAvO,Slice,/job:localhost/replica:0/task:0/device:GPU:0,6.0,0.006
4eGRy5ZPXB,Slice,/job:localhost/replica:0/task:0/device:GPU:0,6.0,0.006
LP4iOVqvFB,Slice,/job:localhost/replica:0/task:0/device:GPU:0,6.0,0.006
vD7UJXlBMA,Slice,/job:localhost/replica:0/task:0/device:GPU:0,6.0,0.006
HcZl9A2uNo,Slice,/job:localhost/replica:0/task:0/device:GPU:0,6.0,0.006
dTJGUZ295u,Slice,/job:localhost/replica:0/task:0/device:GPU:0,6.0,0.006
sfjqkhnCRp,Slice,/job:localhost/replica:0/task:0/device:GPU:0,6.0,0.006
ICwuWX4g1D,Slice,/job:localhost/replica:0/task:0/device:GPU:0,6.0,0.006
yTBW0rtn6e,Slice,/job:localhost/replica:0/task:0/device:GPU:0,6.0,0.006
PgMXcfpQjh,Slice,/job:localhost/replica:0/task:0/device:GPU:0,6.0,0.006
f5mZ96w21X,Slice,/job:localhost/replica:0/task:0/device:GPU:0,6.0,0.006
T1DOSQyw7v,Slice,/job:localhost/replica:0/task:0/device:GPU:0,6.0,0.006
D6I9VUzZ02,Slice,/job:localhost/replica:0/task:0/device:GPU:0,6.0,0.006
E3zk6udwhR,Slice,/job:localhost/replica:0/task:0/device:GPU:0,6.0,0.006
jKAsv7OZpL,Slice,/job:localhost/replica:0/task:0/device:GPU:0,6.0,0.006
Mvwx16uGj3,Slice,/job:localhost/replica:0/task:0/device:GPU:0,6.0,0.006
ZgaV3Y0Aiq,Slice,/job:localhost/replica:0/task:0/device:GPU:0,6.0,0.006
Zb3Iq98Mkc,Slice,/job:localhost/replica:0/task:0/device:GPU:0,6.0,0.006
2wRdIfs36e,Slice,/job:localhost/replica:0/task:0/device:GPU:0,6.0,0.006
YNw2FOEVhI,Slice,/job:localhost/replica:0/task:0/device:GPU:0,6.0,0.006
gvhtoNAxk3,Slice,/job:localhost/replica:0/task:0/device:GPU:0,6.0,0.006
x4Gb6lWkjD,Slice,/job:localhost/replica:0/task:0/device:GPU:0,6.0,0.006
8SvDOMdWHm,Slice,/job:localhost/replica:0/task:0/device:GPU:0,6.0,0.006
nmdH93r6sw,Slice,/job:localhost/replica:0/task:0/device:GPU:0,6.0,0.006
FIagwbYh8k,Slice,/job:localhost/replica:0/task:0/device:GPU:0,6.0,0.006
eLRpTv1EBA,Slice,/job:localhost/replica:0/task:0/device:GPU:0,6.0,0.006
EYTMcVvt9d,Slice,/job:localhost/replica:0/task:0/device:GPU:0,6.0,0.006
91O84hfuC7,Slice,/job:localhost/replica:0/task:0/device:GPU:0,6.0,0.006
HKFAuMvz95,Slice,/job:localhost/replica:0/task:0/device:GPU:0,6.0,0.006
4eBRmk79Uv,Slice,/job:localhost/replica:0/task:0/device:GPU:0,6.0,0.006
Wvk5VZBsIa,Fill,/job:localhost/replica:0/task:0/device:GPU:0,6.0,0.006
m0xhkKZIbi,Switch,/job:localhost/replica:0/task:0/device:GPU:0,6.0,0.006
FOvlzRcYWg,Identity,/job:localhost/replica:0/task:0/device:GPU:0,6.0,0.006
yzNTtARg4S,Prod,/job:localhost/replica:0/task:0/device:GPU:0,6.0,0.006
5pjr2XutOm,RandomUniform,/job:localhost/replica:0/task:0/device:GPU:0,6.0,0.006
tne9HU6Vha,RandomUniform,/job:localhost/replica:0/task:0/device:GPU:0,6.0,0.006
zO5QvwAEyb,Greater,/job:localhost/replica:0/task:0/device:GPU:0,6.0,0.006
tTp6jaeRCE,Prod,/job:localhost/replica:0/task:0/device:GPU:0,6.0,0.006
1Rz5ydiGFW,Add,/job:localhost/replica:0/task:0/device:GPU:0,6.0,0.006
qEc0YgBuXw,Rsqrt,/job:localhost/replica:0/task:0/device:GPU:0,6.0,0.006
ej1gOfNiKG,BiasAdd,/job:localhost/replica:0/task:0/device:GPU:0,6.0,0.006
cTKhHoYmuI,BiasAdd,/job:localhost/replica:0/task:0/device:GPU:0,6.0,0.006
RDznecZBJT,Less,/job:localhost/replica:0/task:0/device:GPU:0,6.0,0.006
nKaQBxqeIG,Less,/job:localhost/replica:0/task:0/device:GPU:0,6.0,0.006
c0UgRld1If,Less,/job:localhost/replica:0/task:0/device:GPU:0,6.0,0.006
okgTy0d9zh,Less,/job:localhost/replica:0/task:0/device:GPU:0,6.0,0.006
3IxzELbwmc,Less,/job:localhost/replica:0/task:0/device:GPU:0,6.0,0.006
8e23RjwLtI,Less,/job:localhost/replica:0/task:0/device:GPU:0,6.0,0.006
XHTdhi2bcO,Less,/job:localhost/replica:0/task:0/device:GPU:0,6.0,0.006
zHXmkIaDBT,Prod,/job:localhost/replica:0/task:0/device:GPU:0,6.0,0.006
u3YNygiFD7,Maximum,/job:localhost/replica:0/task:0/device:GPU:0,6.0,0.006
rg9ui5wf3P,Prod,/job:localhost/replica:0/task:0/device:GPU:0,6.0,0.006
FW4pHn68Gh,BiasAdd,/job:localhost/replica:0/task:0/device:GPU:0,6.0,0.006
U50DgziAIk,BiasAdd,/job:localhost/replica:0/task:0/device:GPU:0,6.0,0.006
ORq1a6Ggur,Select,/job:localhost/replica:0/task:0/device:GPU:0,6.0,0.006
UnNTLm2tyw,Select,/job:localhost/replica:0/task:0/device:GPU:0,6.0,0.006
yQOuAzP54i,Select,/job:localhost/replica:0/task:0/device:GPU:0,6.0,0.006
wKMtrjkyI7,Neg,/job:localhost/replica:0/task:0/device:GPU:0,6.0,0.006
LPTsGiO6Sa,Select,/job:localhost/replica:0/task:0/device:GPU:0,6.0,0.006
IR8taZDhb2,Select,/job:localhost/replica:0/task:0/device:GPU:0,6.0,0.006
vuPCWNBH9s,Sub,/job:localhost/replica:0/task:0/device:GPU:0,6.0,0.006
iHmbwPfrDz,BiasAdd,/job:localhost/replica:0/task:0/device:GPU:0,6.0,0.006
CXEKFaTZc9,BiasAdd,/job:localhost/replica:0/task:0/device:GPU:0,6.0,0.006
QahMd306pS,BiasAdd,/job:localhost/replica:0/task:0/device:GPU:0,6.0,0.006
7swxdC1Vzi,Sigmoid,/job:localhost/replica:0/task:0/device:GPU:0,6.0,0.006
ktFPWYcA7w,Pow,/job:localhost/replica:0/task:0/device:GPU:0,6.0,0.006
RhsM62gVFD,BiasAdd,/job:localhost/replica:0/task:0/device:GPU:0,6.0,0.006
fb63Muzt5r,Neg,/job:localhost/replica:0/task:0/device:GPU:0,6.0,0.006
iK9wD2LlRX,Sum,/job:localhost/replica:0/task:0/device:GPU:0,6.0,0.006
gJB7P0bZQj,Pow,/job:localhost/replica:0/task:0/device:GPU:0,6.0,0.006
yljZUzDHKt,Add,/job:localhost/replica:0/task:0/device:GPU:0,6.0,0.006
LBPsG59AqW,AddV2,/job:localhost/replica:0/task:0/device:GPU:0,6.0,0.006
KAjoG2HUI0,AddV2,/job:localhost/replica:0/task:0/device:GPU:0,6.0,0.006
giEb8JFfMW,ZerosLike,/job:localhost/replica:0/task:0/device:GPU:0,6.0,0.006
dk8TqWEnfo,Pow,/job:localhost/replica:0/task:0/device:GPU:0,6.0,0.006
Olh4YCtgVv,Pow,/job:localhost/replica:0/task:0/device:GPU:0,6.0,0.006
hD0cM4JpPi,Sigmoid,/job:localhost/replica:0/task:0/device:GPU:0,6.0,0.006
FJletX1CHY,Sub,/job:localhost/replica:0/task:0/device:GPU:0,6.0,0.006
kgJtVuvayO,Pow,/job:localhost/replica:0/task:0/device:GPU:0,6.0,0.006
HW5JPVfkc3,RealDiv,/job:localhost/replica:0/task:0/device:GPU:0,6.0,0.006
gMA7TNypmr,RealDiv,/job:localhost/replica:0/task:0/device:GPU:0,6.0,0.006
hR0MmDCcfs,Add,/job:localhost/replica:0/task:0/device:GPU:0,6.0,0.006
Wap80fh1OJ,Pow,/job:localhost/replica:0/task:0/device:GPU:0,6.0,0.006
tE0YMFoDvR,Pow,/job:localhost/replica:0/task:0/device:GPU:0,6.0,0.006
KY17cWFMgh,RealDiv,/job:localhost/replica:0/task:0/device:GPU:0,6.0,0.006
4lMue1JVLj,RealDiv,/job:localhost/replica:0/task:0/device:GPU:0,6.0,0.006
QcVkm52Eq9,Sub,/job:localhost/replica:0/task:0/device:GPU:0,6.0,0.006
u0MbgTUesz,RealDiv,/job:localhost/replica:0/task:0/device:GPU:0,6.0,0.006
i0zjg6nTkR,Mul,/job:localhost/replica:0/task:0/device:GPU:0,6.0,0.006
XbtHIwJOmP,Mul,/job:localhost/replica:0/task:0/device:GPU:0,6.0,0.006
funHl6dIPS,RealDiv,/job:localhost/replica:0/task:0/device:GPU:0,6.0,0.006
uEm6st2aDS,Add,/job:localhost/replica:0/task:0/device:GPU:0,6.0,0.006
WZrhX5CoNY,Transpose,/job:localhost/replica:0/task:0/device:GPU:0,6.0,0.006
FWEzLv8mDR,Unpack,/job:localhost/replica:0/task:0/device:GPU:0,6.0,0.006
7TwF3f8py9,Sub,/job:localhost/replica:0/task:0/device:GPU:0,6.0,0.006
6VivxSWY2L,Sub,/job:localhost/replica:0/task:0/device:GPU:0,6.0,0.006
qJH34Ftpbw,Mul,/job:localhost/replica:0/task:0/device:GPU:0,6.0,0.006
PuONjpBzTE,Mul,/job:localhost/replica:0/task:0/device:GPU:0,6.0,0.006
rlMqvKGo7Z,Sub,/job:localhost/replica:0/task:0/device:GPU:0,6.0,0.006
cNZb0TGpo8,Mul,/job:localhost/replica:0/task:0/device:GPU:0,6.0,0.006
YVUqnR05LQ,Sub,/job:localhost/replica:0/task:0/device:GPU:0,6.0,0.006
nwxBMZV061,RealDiv,/job:localhost/replica:0/task:0/device:GPU:0,6.0,0.006
Uv6hoP8WZR,Pow,/job:localhost/replica:0/task:0/device:GPU:0,6.0,0.006
z2AIoPwfyq,RealDiv,/job:localhost/replica:0/task:0/device:GPU:0,6.0,0.006
B3MgtOzIKW,Sub,/job:localhost/replica:0/task:0/device:GPU:0,6.0,0.006
YU6Hob0kWe,Mul,/job:localhost/replica:0/task:0/device:GPU:0,6.0,0.006
B9TJ1iX4d8,Sub,/job:localhost/replica:0/task:0/device:GPU:0,6.0,0.006
ldxwM5JDZN,Pow,/job:localhost/replica:0/task:0/device:GPU:0,6.0,0.006
PAiCZeL69R,Mul,/job:localhost/replica:0/task:0/device:GPU:0,6.0,0.006
sKfAhRP5I6,Sub,/job:localhost/replica:0/task:0/device:GPU:0,6.0,0.006
m7KYtOgkPA,AddV2,/job:localhost/replica:0/task:0/device:GPU:0,6.0,0.006
1ISQonVfRu,Add,/job:localhost/replica:0/task:0/device:GPU:0,6.0,0.006
vkzRqZKP6C,Pow,/job:localhost/replica:0/task:0/device:GPU:0,6.0,0.006
4lCmdq1tHn,Sub,/job:localhost/replica:0/task:0/device:GPU:0,6.0,0.006
TmtQgGyFHI,RealDiv,/job:localhost/replica:0/task:0/device:GPU:0,6.0,0.006
1SaXbiCoPL,Add,/job:localhost/replica:0/task:0/device:GPU:0,6.0,0.006
rRZEMCNXuG,Add,/job:localhost/replica:0/task:0/device:GPU:0,6.0,0.006
N4vkOPqRXL,Add,/job:localhost/replica:0/task:0/device:GPU:0,6.0,0.006
vtiH3NcSzb,RealDiv,/job:localhost/replica:0/task:0/device:GPU:0,6.0,0.006
BHJngDu1by,RealDiv,/job:localhost/replica:0/task:0/device:GPU:0,6.0,0.006
Y5ma0On1dj,AddV2,/job:localhost/replica:0/task:0/device:GPU:0,6.0,0.006
5eSONMWxCP,Pow,/job:localhost/replica:0/task:0/device:GPU:0,6.0,0.006
6EqCOAXIh3,Pow,/job:localhost/replica:0/task:0/device:GPU:0,6.0,0.006
nXZwtD3hWi,RealDiv,/job:localhost/replica:0/task:0/device:GPU:0,6.0,0.006
BV1hbrXjIu,Sub,/job:localhost/replica:0/task:0/device:GPU:0,6.0,0.006
mDu05LgNrq,Mul,/job:localhost/replica:0/task:0/device:GPU:0,6.0,0.006
m04fF69kuh,Pow,/job:localhost/replica:0/task:0/device:GPU:0,6.0,0.006
bhSCWmDzgK,Mul,/job:localhost/replica:0/task:0/device:GPU:0,6.0,0.006
W84iMwUd7O,Pow,/job:localhost/replica:0/task:0/device:GPU:0,6.0,0.006
kG8UJQg1aZ,Sub,/job:localhost/replica:0/task:0/device:GPU:0,6.0,0.006
RM4FrI2gev,Pow,/job:localhost/replica:0/task:0/device:GPU:0,6.0,0.006
Q6JEpRmDMe,AddV2,/job:localhost/replica:0/task:0/device:GPU:0,6.0,0.006
MoX0KYcDCG,Sub,/job:localhost/replica:0/task:0/device:GPU:0,6.0,0.006
SEfVaov8qU,Sigmoid,/job:localhost/replica:0/task:0/device:GPU:0,6.0,0.006
RGUov9B4Vs,Neg,/job:localhost/replica:0/task:0/device:GPU:0,6.0,0.006
CUgMZoiHbO,Neg,/job:localhost/replica:0/task:0/device:GPU:0,6.0,0.006
8z4FJhZvQr,Sigmoid,/job:localhost/replica:0/task:0/device:GPU:0,6.0,0.006
ljn1PWbx5Y,Log,/job:localhost/replica:0/task:0/device:GPU:0,6.0,0.006
nNdvsE9jCO,RealDiv,/job:localhost/replica:0/task:0/device:GPU:0,6.0,0.006
Bn0lR5qjm7,Pow,/job:localhost/replica:0/task:0/device:GPU:0,6.0,0.006
NHYVkIBoMc,RealDiv,/job:localhost/replica:0/task:0/device:GPU:0,6.0,0.006
sROqpiP6em,Add,/job:localhost/replica:0/task:0/device:GPU:0,6.0,0.006
NspSYLmXFQ,AddV2,/job:localhost/replica:0/task:0/device:GPU:0,6.0,0.006
qvm63ACaK2,RealDiv,/job:localhost/replica:0/task:0/device:GPU:0,6.0,0.006
VYPzQG4uLH,Add,/job:localhost/replica:0/task:0/device:GPU:0,6.0,0.006
Zz2dDkx3YP,Shape,/job:localhost/replica:0/task:0/device:GPU:0,6.0,0.006
R8UZzXB1W6,Reshape,/job:localhost/replica:0/task:0/device:GPU:0,6.0,0.006
F48lc96YU5,Pow,/job:localhost/replica:0/task:0/device:GPU:0,6.0,0.006
lo4PL85uYt,Sub,/job:localhost/replica:0/task:0/device:GPU:0,6.0,0.006
XozxHMDpaI,Sub,/job:localhost/replica:0/task:0/device:GPU:0,6.0,0.006
Kd3tjCE0XJ,RealDiv,/job:localhost/replica:0/task:0/device:GPU:0,6.0,0.006
8CLaI7eS9o,Prod,/job:localhost/replica:0/task:0/device:GPU:0,6.0,0.006
Kh6iCmnkAB,Mul,/job:localhost/replica:0/task:0/device:GPU:0,6.0,0.006
6qbnI9DcKv,Log,/job:localhost/replica:0/task:0/device:GPU:0,6.0,0.006
zKu2GihCtV,AddV2,/job:localhost/replica:0/task:0/device:GPU:0,6.0,0.006
gqc2do4siP,Pow,/job:localhost/replica:0/task:0/device:GPU:0,6.0,0.006
7Upnbzyfjd,Mul,/job:localhost/replica:0/task:0/device:GPU:0,6.0,0.006
gp2UY3C0Ts,Transpose,/job:localhost/replica:0/task:0/device:GPU:0,6.0,0.006
fNbqRtj13d,Pow,/job:localhost/replica:0/task:0/device:GPU:0,6.0,0.006
NjKvTFDsmt,RealDiv,/job:localhost/replica:0/task:0/device:GPU:0,6.0,0.006
qIDucrJo2C,RealDiv,/job:localhost/replica:0/task:0/device:GPU:0,6.0,0.006
0SNmApCbMI,RealDiv,/job:localhost/replica:0/task:0/device:GPU:0,6.0,0.006
umHwdh4G6F,Pow,/job:localhost/replica:0/task:0/device:GPU:0,6.0,0.006
x7ph89eCwR,Pow,/job:localhost/replica:0/task:0/device:GPU:0,6.0,0.006
2hKgRBz1Hi,Sub,/job:localhost/replica:0/task:0/device:GPU:0,6.0,0.006
OXApRPaSZD,Pow,/job:localhost/replica:0/task:0/device:GPU:0,6.0,0.006
O50cfeqA4N,RealDiv,/job:localhost/replica:0/task:0/device:GPU:0,6.0,0.006
ukFghRSm0M,Sub,/job:localhost/replica:0/task:0/device:GPU:0,6.0,0.006
c1jrfz63kR,Sub,/job:localhost/replica:0/task:0/device:GPU:0,6.0,0.006
ft1wiKlVZM,Sub,/job:localhost/replica:0/task:0/device:GPU:0,6.0,0.006
2AcYfBnPyC,Mul,/job:localhost/replica:0/task:0/device:GPU:0,6.0,0.006
j1LyBlts6E,Add,/job:localhost/replica:0/task:0/device:GPU:0,6.0,0.006
K3bF4LulTJ,Mul,/job:localhost/replica:0/task:0/device:GPU:0,6.0,0.006
vYhRw8xoZE,AddV2,/job:localhost/replica:0/task:0/device:GPU:0,6.0,0.006
GL84xicBoe,Sub,/job:localhost/replica:0/task:0/device:GPU:0,6.0,0.006
6X8jtIQlbn,Add,/job:localhost/replica:0/task:0/device:GPU:0,6.0,0.006
ABNdMkQWZR,AddV2,/job:localhost/replica:0/task:0/device:GPU:0,6.0,0.006
KuDlmW83xt,Pow,/job:localhost/replica:0/task:0/device:GPU:0,6.0,0.006
ow1nXU29J6,Sub,/job:localhost/replica:0/task:0/device:GPU:0,6.0,0.006
yOrkwlVq0P,RealDiv,/job:localhost/replica:0/task:0/device:GPU:0,6.0,0.006
msPyOQr9K5,Mul,/job:localhost/replica:0/task:0/device:GPU:0,6.0,0.006
Ki7rxqp4nf,Pow,/job:localhost/replica:0/task:0/device:GPU:0,6.0,0.006
txn8avBsIg,Sub,/job:localhost/replica:0/task:0/device:GPU:0,6.0,0.006
pRE94iCouk,Mul,/job:localhost/replica:0/task:0/device:GPU:0,6.0,0.006
2zPACTsNfW,RealDiv,/job:localhost/replica:0/task:0/device:GPU:0,6.0,0.006
JmwRNeACgl,Sub,/job:localhost/replica:0/task:0/device:GPU:0,6.0,0.006
zuExXike12,Add,/job:localhost/replica:0/task:0/device:GPU:0,6.0,0.006
H2EGOZJrTt,Sub,/job:localhost/replica:0/task:0/device:GPU:0,6.0,0.006
2AVIu5HpSd,RealDiv,/job:localhost/replica:0/task:0/device:GPU:0,6.0,0.006
eaoBszD70p,AddV2,/job:localhost/replica:0/task:0/device:GPU:0,6.0,0.006
V3je6qzaoN,Rsqrt,/job:localhost/replica:0/task:0/device:GPU:0,6.0,0.006
hXSU1njugI,Neg,/job:localhost/replica:0/task:0/device:GPU:0,6.0,0.006
pv7wrXHGiL,Log,/job:localhost/replica:0/task:0/device:GPU:0,6.0,0.006
DA4smCvrno,Log,/job:localhost/replica:0/task:0/device:GPU:0,6.0,0.006
rtqImLlsc1,Rsqrt,/job:localhost/replica:0/task:0/device:GPU:0,6.0,0.006
lNU9CKryY5,Sigmoid,/job:localhost/replica:0/task:0/device:GPU:0,6.0,0.006
WHoB9k1NhE,Mul,/job:localhost/replica:0/task:0/device:GPU:0,6.0,0.006
T4DglQxwV2,AddV2,/job:localhost/replica:0/task:0/device:GPU:0,6.0,0.006
aHYGbKEqFw,Sub,/job:localhost/replica:0/task:0/device:GPU:0,6.0,0.006
W6qobPF789,RealDiv,/job:localhost/replica:0/task:0/device:GPU:0,6.0,0.006
2150Q9CYyA,Reshape,/job:localhost/replica:0/task:0/device:GPU:0,6.0,0.006
lykNsJfMWR,Pow,/job:localhost/replica:0/task:0/device:GPU:0,6.0,0.006
05Ikmlovht,Sub,/job:localhost/replica:0/task:0/device:GPU:0,6.0,0.006
3axTwN4otj,Sub,/job:localhost/replica:0/task:0/device:GPU:0,6.0,0.006
o5w0sbdztG,Mul,/job:localhost/replica:0/task:0/device:GPU:0,6.0,0.006
ZeHpxF3cma,Pow,/job:localhost/replica:0/task:0/device:GPU:0,6.0,0.006
Y1gvHIJGy5,RealDiv,/job:localhost/replica:0/task:0/device:GPU:0,6.0,0.006
FNpRAaj7yr,Relu,/job:localhost/replica:0/task:0/device:GPU:0,6.0,0.006
1nONosF8zZ,BiasAdd,/job:localhost/replica:0/task:0/device:GPU:0,6.0,0.006
h1JD6tEHU8,BiasAdd,/job:localhost/replica:0/task:0/device:GPU:0,6.0,0.006
2B0tGoQgS3,BiasAdd,/job:localhost/replica:0/task:0/device:GPU:0,6.0,0.006
Tyw74d1Wt6,BiasAdd,/job:localhost/replica:0/task:0/device:GPU:0,6.0,0.006
fFRuMrlLQ0,BiasAdd,/job:localhost/replica:0/task:0/device:GPU:0,6.0,0.006
XwJqkcbV6z,Split,/job:localhost/replica:0/task:0/device:GPU:0,6.0,0.006
w7jrmF2Zti,Tile,/job:localhost/replica:0/task:0/device:GPU:0,6.0,0.006
9aiSbYWyFp,BiasAdd,/job:localhost/replica:0/task:0/device:GPU:0,6.0,0.006
TkcYdJ5X4W,Tile,/job:localhost/replica:0/task:0/device:GPU:0,6.0,0.006
7n0YNLUxlJ,Tile,/job:localhost/replica:0/task:0/device:GPU:0,6.0,0.006
YwnVvzpKmu,RealDiv,/job:localhost/replica:0/task:0/device:GPU:0,6.0,0.006
qOoXjI6irS,Pow,/job:localhost/replica:0/task:0/device:GPU:0,6.0,0.006
YSWojGKFQ3,Relu,/job:localhost/replica:0/task:0/device:GPU:0,6.0,0.006
BdYwJaUV1D,Sub,/job:localhost/replica:0/task:0/device:GPU:0,6.0,0.006
mnJMiW2kQI,Relu,/job:localhost/replica:0/task:0/device:GPU:0,6.0,0.006
kxg84ODfX5,Relu,/job:localhost/replica:0/task:0/device:GPU:0,6.0,0.006
RtP6s5Qda9,RealDiv,/job:localhost/replica:0/task:0/device:GPU:0,6.0,0.006
imvMVCUqDw,Pow,/job:localhost/replica:0/task:0/device:GPU:0,6.0,0.006
mZXsgG5TKW,Pow,/job:localhost/replica:0/task:0/device:GPU:0,6.0,0.006
bEzhs6LOMc,Sub,/job:localhost/replica:0/task:0/device:GPU:0,6.0,0.006
niwVAyG1HJ,Pow,/job:localhost/replica:0/task:0/device:GPU:0,6.0,0.006
84eTNmWqv6,Pow,/job:localhost/replica:0/task:0/device:GPU:0,6.0,0.006
16FSsxXIUn,Sub,/job:localhost/replica:0/task:0/device:GPU:0,6.0,0.006
L3N4j2scIf,Pow,/job:localhost/replica:0/task:0/device:GPU:0,6.0,0.006
ZiQagzOXVU,RealDiv,/job:localhost/replica:0/task:0/device:GPU:0,6.0,0.006
bAv4gS3Wzu,Prod,/job:localhost/replica:0/task:0/device:GPU:0,6.0,0.006
MWsQzwDRgB,RealDiv,/job:localhost/replica:0/task:0/device:GPU:0,6.0,0.006
7Dq436JZOP,Mean,/job:localhost/replica:0/task:0/device:GPU:0,6.0,0.006
3lFQjvzaDN,Prod,/job:localhost/replica:0/task:0/device:GPU:0,6.0,0.006
HKzwpXTMJG,Mean,/job:localhost/replica:0/task:0/device:GPU:0,6.0,0.006
fKyxrlATaI,Pow,/job:localhost/replica:0/task:0/device:GPU:0,6.0,0.006
g17tzemjAk,Prod,/job:localhost/replica:0/task:0/device:GPU:0,6.0,0.006
FPVpe46btH,Mean,/job:localhost/replica:0/task:0/device:GPU:0,6.0,0.006
V4iCvKolIH,Prod,/job:localhost/replica:0/task:0/device:GPU:0,6.0,0.006
7rUoqI3H1b,Prod,/job:localhost/replica:0/task:0/device:GPU:0,6.0,0.006
YhAdRszBG6,Pow,/job:localhost/replica:0/task:0/device:GPU:0,6.0,0.006
d8YVqE4Mu2,AddV2,/job:localhost/replica:0/task:0/device:GPU:0,6.0,0.006
cO9BfxsqGL,RealDiv,/job:localhost/replica:0/task:0/device:GPU:0,6.0,0.006
o6ZTFtMp05,Relu,/job:localhost/replica:0/task:0/device:GPU:0,6.0,0.006
mbB3SNrIah,BiasAdd,/job:localhost/replica:0/task:0/device:GPU:0,6.0,0.006
3iNaWD7Jk0,BiasAdd,/job:localhost/replica:0/task:0/device:GPU:0,6.0,0.006
DnSIOt157s,BiasAdd,/job:localhost/replica:0/task:0/device:GPU:0,6.0,0.006
eq1XSVx8C6,Relu,/job:localhost/replica:0/task:0/device:GPU:0,6.0,0.006
aid8HltEBU,AddV2,/job:localhost/replica:0/task:0/device:GPU:0,6.0,0.006
6J0qsFSBUL,Mul,/job:localhost/replica:0/task:0/device:GPU:0,6.0,0.006
1Gf6q9tjcu,AddV2,/job:localhost/replica:0/task:0/device:GPU:0,6.0,0.006
U2EnK3hjyW,Add,/job:localhost/replica:0/task:0/device:GPU:0,6.0,0.006
rZnCXMq52h,Log,/job:localhost/replica:0/task:0/device:GPU:0,6.0,0.006
SIeaYLmkXi,Sigmoid,/job:localhost/replica:0/task:0/device:GPU:0,6.0,0.006
MBm60kLUP7,RealDiv,/job:localhost/replica:0/task:0/device:GPU:0,6.0,0.006
0NS7GrTiOa,RealDiv,/job:localhost/replica:0/task:0/device:GPU:0,6.0,0.006
nyW7RDBKHJ,RealDiv,/job:localhost/replica:0/task:0/device:GPU:0,6.0,0.006
RJXD6rKYfw,Pow,/job:localhost/replica:0/task:0/device:GPU:0,6.0,0.006
qJTu65Ls4d,Add,/job:localhost/replica:0/task:0/device:GPU:0,6.0,0.006
b3r7exJnWB,Add,/job:localhost/replica:0/task:0/device:GPU:0,6.0,0.006
p3QOuMKRY9,Add,/job:localhost/replica:0/task:0/device:GPU:0,6.0,0.006
jJpYXmhnvN,Add,/job:localhost/replica:0/task:0/device:GPU:0,6.0,0.006
17Sg3YCWxr,Sub,/job:localhost/replica:0/task:0/device:GPU:0,6.0,0.006
4hPZHAESym,Rsqrt,/job:localhost/replica:0/task:0/device:GPU:0,6.0,0.006
tOSrXIVqik,Sub,/job:localhost/replica:0/task:0/device:GPU:0,6.0,0.006
FfgKrwtVjv,Relu,/job:localhost/replica:0/task:0/device:GPU:0,6.0,0.006
YXUEaVDPbw,Pow,/job:localhost/replica:0/task:0/device:GPU:0,6.0,0.006
9y7cMQoXVv,Sub,/job:localhost/replica:0/task:0/device:GPU:0,6.0,0.006
EtvPF3hmlr,AddV2,/job:localhost/replica:0/task:0/device:GPU:0,6.0,0.006
hT2SoP6ujL,Mul,/job:localhost/replica:0/task:0/device:GPU:0,6.0,0.006
c1Ef8bP0Rz,AddV2,/job:localhost/replica:0/task:0/device:GPU:0,6.0,0.006
6oasv82iNQ,StridedSlice,/job:localhost/replica:0/task:0/device:GPU:0,6.0,0.006
sbz1ZpwDPr,BiasAdd,/job:localhost/replica:0/task:0/device:GPU:0,6.0,0.006
lJ5PoEzA24,Relu,/job:localhost/replica:0/task:0/device:GPU:0,6.0,0.006
dB9vzpwOUh,Add,/job:localhost/replica:0/task:0/device:GPU:0,6.0,0.006
jL6xSlrJcF,AddV2,/job:localhost/replica:0/task:0/device:GPU:0,6.0,0.006
A79MqBSg03,Mul,/job:localhost/replica:0/task:0/device:GPU:0,6.0,0.006
1do4uTtEqV,Pow,/job:localhost/replica:0/task:0/device:GPU:0,6.0,0.006
cLEh6x3AHr,Rsqrt,/job:localhost/replica:0/task:0/device:GPU:0,6.0,0.006
YOouEd2qHb,RealDiv,/job:localhost/replica:0/task:0/device:GPU:0,6.0,0.006
b1IN5ArORt,Sub,/job:localhost/replica:0/task:0/device:GPU:0,6.0,0.006
K7shNu2eoi,Exp,/job:localhost/replica:0/task:0/device:GPU:0,6.0,0.006
ZwLSaODqC8,RealDiv,/job:localhost/replica:0/task:0/device:GPU:0,6.0,0.006
cHeU8xbhZ0,RealDiv,/job:localhost/replica:0/task:0/device:GPU:0,6.0,0.006
sMQ4z1Zrpd,Neg,/job:localhost/replica:0/task:0/device:GPU:0,6.0,0.006
n3jzIH6uSc,Log,/job:localhost/replica:0/task:0/device:GPU:0,6.0,0.006
lwFnkfmCE8,Mul,/job:localhost/replica:0/task:0/device:GPU:0,6.0,0.006
THoNF1exib,Pow,/job:localhost/replica:0/task:0/device:GPU:0,6.0,0.006
wArtsRTyJc,Sub,/job:localhost/replica:0/task:0/device:GPU:0,6.0,0.006
FqTkoBP1Ia,Add,/job:localhost/replica:0/task:0/device:GPU:0,6.0,0.006
S3AYkWBy6C,Select,/job:localhost/replica:0/task:0/device:GPU:0,6.0,0.006
Ql2uKZ1sbo,Log1p,/job:localhost/replica:0/task:0/device:GPU:0,6.0,0.006
O4WypQX3n2,Sub,/job:localhost/replica:0/task:0/device:GPU:0,6.0,0.006
snghWJZFS6,AddV2,/job:localhost/replica:0/task:0/device:GPU:0,6.0,0.006
fHgpZA0XIk,AddV2,/job:localhost/replica:0/task:0/device:GPU:0,6.0,0.006
_arg_UtAeMybOsN_0_497,Placeholder,/job:localhost/replica:0/task:0/device:CPU:0,6.0,0.006
_arg_YmptSNIW2R_0_557,Placeholder,/job:localhost/replica:0/task:0/device:CPU:0,6.0,0.006
_arg_Z2Rbx45m1A_0_561,Placeholder,/job:localhost/replica:0/task:0/device:CPU:0,6.0,0.006
_arg_dRs6UD9Yre_0_632,Placeholder,/job:localhost/replica:0/task:0/device:CPU:0,6.0,0.006
_arg_eImu3Rz0GX_0_640,Placeholder,/job:localhost/replica:0/task:0/device:CPU:0,6.0,0.006
_arg_aL2t7QPs5j_0_582,Placeholder,/job:localhost/replica:0/task:0/device:CPU:0,6.0,0.006
_arg_cnTjVm1267_0_615,Placeholder,/job:localhost/replica:0/task:0/device:CPU:0,6.0,0.006
_arg_fj5BU2XK7b_0_671,Placeholder,/job:localhost/replica:0/task:0/device:CPU:0,6.0,0.006
_arg_muzyjlZCT5_0_783,Placeholder,/job:localhost/replica:0/task:0/device:CPU:0,6.0,0.006
3HeEqCG1nj,Switch,/job:localhost/replica:0/task:0/device:CPU:0,6.0,0.006
7hHz2oxQXt,Const,/job:localhost/replica:0/task:0/device:GPU:0,5.0,0.005
8XSVYlPUDm,Const,/job:localhost/replica:0/task:0/device:GPU:0,5.0,0.005
7xK49uW8rL,Const,/job:localhost/replica:0/task:0/device:GPU:0,5.0,0.005
QT4wNXPLFY,Const,/job:localhost/replica:0/task:0/device:GPU:0,5.0,0.005
3XqanK7r6o,Const,/job:localhost/replica:0/task:0/device:GPU:0,5.0,0.005
d7sp8lnQtg,Const,/job:localhost/replica:0/task:0/device:GPU:0,5.0,0.005
rcG5gXbMVu,Shape,/job:localhost/replica:0/task:0/device:GPU:0,5.0,0.005
lbz9cCxJQI,Shape,/job:localhost/replica:0/task:0/device:GPU:0,5.0,0.005
nkzA2gqdN9/_318__cf__318,Reshape,/job:localhost/replica:0/task:0/device:GPU:0,5.0,0.005
szMX96qL1H/_338__cf__338,Reshape,/job:localhost/replica:0/task:0/device:GPU:0,5.0,0.005
7yJ8oEqKHY/_64__cf__64,Reshape,/job:localhost/replica:0/task:0/device:GPU:0,5.0,0.005
9Y52WMaxKR/_70__cf__70,Sqrt,/job:localhost/replica:0/task:0/device:GPU:0,5.0,0.005
8GdU4BX72Q/_66__cf__66,Reshape,/job:localhost/replica:0/task:0/device:GPU:0,5.0,0.005
IylQJoBOUp/_131__cf__131,Reshape,/job:localhost/replica:0/task:0/device:GPU:0,5.0,0.005
L3YSz2iRQl/_139__cf__139,Reshape,/job:localhost/replica:0/task:0/device:GPU:0,5.0,0.005
Nfd5nqeVBh/_158__cf__158,Sqrt,/job:localhost/replica:0/task:0/device:GPU:0,5.0,0.005
DWOr4aj9PI/_98__cf__98,Reshape,/job:localhost/replica:0/task:0/device:GPU:0,5.0,0.005
UqkBpCNhiz/_210__cf__210,Reshape,/job:localhost/replica:0/task:0/device:GPU:0,5.0,0.005
RH4pVQA5ux/_184__cf__184,Reshape,/job:localhost/replica:0/task:0/device:GPU:0,5.0,0.005
WYsxJbRIlL/_217__cf__217,Reshape,/job:localhost/replica:0/task:0/device:GPU:0,5.0,0.005
XWrsgNQki0/_225__cf__225,Reshape,/job:localhost/replica:0/task:0/device:GPU:0,5.0,0.005
WBX37SQcpi/_215__cf__215,AddV2,/job:localhost/replica:0/task:0/device:GPU:0,5.0,0.005
ZzKO3NJ0ye/_240__cf__240,Reshape,/job:localhost/replica:0/task:0/device:GPU:0,5.0,0.005
awqsNtTLXi/_245__cf__245,Reshape,/job:localhost/replica:0/task:0/device:GPU:0,5.0,0.005
d3gqYfmjHK/_261__cf__261,Reshape,/job:localhost/replica:0/task:0/device:GPU:0,5.0,0.005
ZLEATFh2XO/_236__cf__236,Reshape,/job:localhost/replica:0/task:0/device:GPU:0,5.0,0.005
eqMaJGnArF/_266__cf__266,Reshape,/job:localhost/replica:0/task:0/device:GPU:0,5.0,0.005
WvMZPlhHUf/_222__cf__222,Reshape,/job:localhost/replica:0/task:0/device:GPU:0,5.0,0.005
cze6yh8guR/_257__cf__257,Reshape,/job:localhost/replica:0/task:0/device:GPU:0,5.0,0.005
gbOCoBIkcZ/_276__cf__276,Reshape,/job:localhost/replica:0/task:0/device:GPU:0,5.0,0.005
iN8LEBd09e/_286__cf__286,Reshape,/job:localhost/replica:0/task:0/device:GPU:0,5.0,0.005
cf7qUNk5Tn/_254__cf__254,Reshape,/job:localhost/replica:0/task:0/device:GPU:0,5.0,0.005
gp7yk6NlML/_278__cf__278,Reshape,/job:localhost/replica:0/task:0/device:GPU:0,5.0,0.005
hrsDPv8OuN/_284__cf__284,Reshape,/job:localhost/replica:0/task:0/device:GPU:0,5.0,0.005
whmWgOynNt,Const,/job:localhost/replica:0/task:0/device:GPU:0,5.0,0.005
1puw7GRjhk,Const,/job:localhost/replica:0/task:0/device:GPU:0,5.0,0.005
V1CjtW9unF,Const,/job:localhost/replica:0/task:0/device:GPU:0,5.0,0.005
I1afFoLXdD,Const,/job:localhost/replica:0/task:0/device:GPU:0,5.0,0.005
1Hf9wlbdoj,Const,/job:localhost/replica:0/task:0/device:GPU:0,5.0,0.005
qT7V1tmYhx,Const,/job:localhost/replica:0/task:0/device:GPU:0,5.0,0.005
DzJPWG9s0f,Const,/job:localhost/replica:0/task:0/device:GPU:0,5.0,0.005
EhnMRzF46U,Const,/job:localhost/replica:0/task:0/device:GPU:0,5.0,0.005
qpNdMCwbKX,Const,/job:localhost/replica:0/task:0/device:GPU:0,5.0,0.005
vTxBGcSIZE,Const,/job:localhost/replica:0/task:0/device:GPU:0,5.0,0.005
Gn3NP5gKSo,Const,/job:localhost/replica:0/task:0/device:GPU:0,5.0,0.005
yhQ2Mn6lXV,Const,/job:localhost/replica:0/task:0/device:GPU:0,5.0,0.005
UYQHlo2uAT,Const,/job:localhost/replica:0/task:0/device:GPU:0,5.0,0.005
4PdLSfz92E,Const,/job:localhost/replica:0/task:0/device:GPU:0,5.0,0.005
f0KFqe51YQ,Const,/job:localhost/replica:0/task:0/device:GPU:0,5.0,0.005
A3q9IQOzpS,Const,/job:localhost/replica:0/task:0/device:GPU:0,5.0,0.005
5ku19SXped,Const,/job:localhost/replica:0/task:0/device:GPU:0,5.0,0.005
gJbLcBZCFK,Const,/job:localhost/replica:0/task:0/device:GPU:0,5.0,0.005
Q9gNsmcZtz,Const,/job:localhost/replica:0/task:0/device:GPU:0,5.0,0.005
Jm5FAVjK0t,Const,/job:localhost/replica:0/task:0/device:GPU:0,5.0,0.005
lPx3af5c8g,Const,/job:localhost/replica:0/task:0/device:GPU:0,5.0,0.005
xDAHs4gFIR,Const,/job:localhost/replica:0/task:0/device:GPU:0,5.0,0.005
Ne7yVvBGPL,Const,/job:localhost/replica:0/task:0/device:GPU:0,5.0,0.005
FspoRcDlLA,Const,/job:localhost/replica:0/task:0/device:GPU:0,5.0,0.005
xEtd8NyBLm,Rsqrt,/job:localhost/replica:0/task:0/device:GPU:0,5.0,0.005
gRJeWuUHzX,Const,/job:localhost/replica:0/task:0/device:GPU:0,5.0,0.005
H9CUm816yt,Const,/job:localhost/replica:0/task:0/device:GPU:0,5.0,0.005
1DjYbVKNq4/_7__cf__7,Reshape,/job:localhost/replica:0/task:0/device:GPU:0,5.0,0.005
b2hvGfKXDp,Shape,/job:localhost/replica:0/task:0/device:GPU:0,5.0,0.005
4SGTvWrEc7,Slice,/job:localhost/replica:0/task:0/device:GPU:0,5.0,0.005
Bk1cIQ4G9x,Reshape,/job:localhost/replica:0/task:0/device:GPU:0,5.0,0.005
fRy6er8GDH,Const,/job:localhost/replica:0/task:0/device:GPU:0,5.0,0.005
WKGVFHtjJR,Const,/job:localhost/replica:0/task:0/device:GPU:0,5.0,0.005
YaxE0uSg98,Const,/job:localhost/replica:0/task:0/device:GPU:0,5.0,0.005
LkE89KnQGc,Const,/job:localhost/replica:0/task:0/device:GPU:0,5.0,0.005
hr2HSzKwXB,Shape,/job:localhost/replica:0/task:0/device:GPU:0,5.0,0.005
U0Y8trl1gO,Fill,/job:localhost/replica:0/task:0/device:GPU:0,5.0,0.005
17UyHrwk28,Minimum,/job:localhost/replica:0/task:0/device:GPU:0,5.0,0.005
mYNgOW8uGU,Equal,/job:localhost/replica:0/task:0/device:GPU:0,5.0,0.005
PSTXt3JhGv,ExpandDims,/job:localhost/replica:0/task:0/device:GPU:0,5.0,0.005
F3J4tN2nzi,Shape,/job:localhost/replica:0/task:0/device:GPU:0,5.0,0.005
PLC6XicuOY,Shape,/job:localhost/replica:0/task:0/device:GPU:0,5.0,0.005
3Azav7sIRM,Slice,/job:localhost/replica:0/task:0/device:GPU:0,5.0,0.005
LKGa49VoUv,Slice,/job:localhost/replica:0/task:0/device:GPU:0,5.0,0.005
P0w1J9ZmFs,Slice,/job:localhost/replica:0/task:0/device:GPU:0,5.0,0.005
V3Rpiv7YdO,Slice,/job:localhost/replica:0/task:0/device:GPU:0,5.0,0.005
hbj0mqlknU,Slice,/job:localhost/replica:0/task:0/device:GPU:0,5.0,0.005
vtIiQB86Wh,Slice,/job:localhost/replica:0/task:0/device:GPU:0,5.0,0.005
HDUoyVthI5,Slice,/job:localhost/replica:0/task:0/device:GPU:0,5.0,0.005
38bZHNdOEV,Slice,/job:localhost/replica:0/task:0/device:GPU:0,5.0,0.005
x3ZfUEHDVa,Slice,/job:localhost/replica:0/task:0/device:GPU:0,5.0,0.005
6UnHYExGAq,Slice,/job:localhost/replica:0/task:0/device:GPU:0,5.0,0.005
B3mTudXRbq,Slice,/job:localhost/replica:0/task:0/device:GPU:0,5.0,0.005
p1xP7jWdru,Slice,/job:localhost/replica:0/task:0/device:GPU:0,5.0,0.005
nuspVQ032q,Slice,/job:localhost/replica:0/task:0/device:GPU:0,5.0,0.005
Q7h0LtOpbq,Slice,/job:localhost/replica:0/task:0/device:GPU:0,5.0,0.005
EiFldGny5o,Slice,/job:localhost/replica:0/task:0/device:GPU:0,5.0,0.005
1fpu6YFdzl,Slice,/job:localhost/replica:0/task:0/device:GPU:0,5.0,0.005
7iU5eIBvV6,Slice,/job:localhost/replica:0/task:0/device:GPU:0,5.0,0.005
ayJ2jf3n0V,Slice,/job:localhost/replica:0/task:0/device:GPU:0,5.0,0.005
4QzZDu0Amd,Slice,/job:localhost/replica:0/task:0/device:GPU:0,5.0,0.005
IXfStwAo9N,Slice,/job:localhost/replica:0/task:0/device:GPU:0,5.0,0.005
Wsd8QIXR9L,Slice,/job:localhost/replica:0/task:0/device:GPU:0,5.0,0.005
THK9QOa3MA,Slice,/job:localhost/replica:0/task:0/device:GPU:0,5.0,0.005
tFrnRhQpji,Slice,/job:localhost/replica:0/task:0/device:GPU:0,5.0,0.005
KVdLjDwfxe,Slice,/job:localhost/replica:0/task:0/device:GPU:0,5.0,0.005
8m64FPuiYj,Slice,/job:localhost/replica:0/task:0/device:GPU:0,5.0,0.005
NzqktXLGYb,Slice,/job:localhost/replica:0/task:0/device:GPU:0,5.0,0.005
csf13k8jmO,Slice,/job:localhost/replica:0/task:0/device:GPU:0,5.0,0.005
4Ne9u8E5zi,Slice,/job:localhost/replica:0/task:0/device:GPU:0,5.0,0.005
Os7Ko3q0Jx,Slice,/job:localhost/replica:0/task:0/device:GPU:0,5.0,0.005
j2DzwdgErl,Slice,/job:localhost/replica:0/task:0/device:GPU:0,5.0,0.005
dQJgGbWZYp,Slice,/job:localhost/replica:0/task:0/device:GPU:0,5.0,0.005
BWpXwn7LdE,Slice,/job:localhost/replica:0/task:0/device:GPU:0,5.0,0.005
on9BEcNVxT,Slice,/job:localhost/replica:0/task:0/device:GPU:0,5.0,0.005
MOWcos1lmL,Slice,/job:localhost/replica:0/task:0/device:GPU:0,5.0,0.005
RdYgxnlXCI,Slice,/job:localhost/replica:0/task:0/device:GPU:0,5.0,0.005
rARoE6Vv8l,Slice,/job:localhost/replica:0/task:0/device:GPU:0,5.0,0.005
SfiKBhomer,Slice,/job:localhost/replica:0/task:0/device:GPU:0,5.0,0.005
rNxby0TVCW,Slice,/job:localhost/replica:0/task:0/device:GPU:0,5.0,0.005
5QjnPVsF7Y,Slice,/job:localhost/replica:0/task:0/device:GPU:0,5.0,0.005
MDhPJeFCxT,Slice,/job:localhost/replica:0/task:0/device:GPU:0,5.0,0.005
SqWBJtvguR,Slice,/job:localhost/replica:0/task:0/device:GPU:0,5.0,0.005
3lAdVeW8CL,Slice,/job:localhost/replica:0/task:0/device:GPU:0,5.0,0.005
u0hkVDCWx8,Slice,/job:localhost/replica:0/task:0/device:GPU:0,5.0,0.005
CBfKcmsFEW,Slice,/job:localhost/replica:0/task:0/device:GPU:0,5.0,0.005
wz5Zx1Hi0d,Slice,/job:localhost/replica:0/task:0/device:GPU:0,5.0,0.005
lw9ay4Yxkr,Slice,/job:localhost/replica:0/task:0/device:GPU:0,5.0,0.005
65iY2fIbEB,Slice,/job:localhost/replica:0/task:0/device:GPU:0,5.0,0.005
FgQTk6zvHq,Slice,/job:localhost/replica:0/task:0/device:GPU:0,5.0,0.005
L54RuswyIa,Slice,/job:localhost/replica:0/task:0/device:GPU:0,5.0,0.005
h702cCSiIH,Slice,/job:localhost/replica:0/task:0/device:GPU:0,5.0,0.005
dVOkGRNHgm,Slice,/job:localhost/replica:0/task:0/device:GPU:0,5.0,0.005
r6dNtba9Qi,Slice,/job:localhost/replica:0/task:0/device:GPU:0,5.0,0.005
Cf5RWun4ZI,Slice,/job:localhost/replica:0/task:0/device:GPU:0,5.0,0.005
AXehWfzIFu,Slice,/job:localhost/replica:0/task:0/device:GPU:0,5.0,0.005
hEezPLvpjx,Slice,/job:localhost/replica:0/task:0/device:GPU:0,5.0,0.005
I35qO2XJxr,Slice,/job:localhost/replica:0/task:0/device:GPU:0,5.0,0.005
bTmWUdYygp,Slice,/job:localhost/replica:0/task:0/device:GPU:0,5.0,0.005
ftSkQx4dgp,Slice,/job:localhost/replica:0/task:0/device:GPU:0,5.0,0.005
rswt4xGpOY,Slice,/job:localhost/replica:0/task:0/device:GPU:0,5.0,0.005
l20DBtFfzM,Slice,/job:localhost/replica:0/task:0/device:GPU:0,5.0,0.005
RuGszeZQmt,Slice,/job:localhost/replica:0/task:0/device:GPU:0,5.0,0.005
VRZjqUdx7t,Slice,/job:localhost/replica:0/task:0/device:GPU:0,5.0,0.005
GdVcuX9hrv,Slice,/job:localhost/replica:0/task:0/device:GPU:0,5.0,0.005
DMncUkwhSb,Slice,/job:localhost/replica:0/task:0/device:GPU:0,5.0,0.005
Cjv8n0gok7,Slice,/job:localhost/replica:0/task:0/device:GPU:0,5.0,0.005
jbQaA4u2xT,Slice,/job:localhost/replica:0/task:0/device:GPU:0,5.0,0.005
XH5dBZUCeS,Slice,/job:localhost/replica:0/task:0/device:GPU:0,5.0,0.005
OG5ySjER9L,Slice,/job:localhost/replica:0/task:0/device:GPU:0,5.0,0.005
3dtGcJ42Ek,Slice,/job:localhost/replica:0/task:0/device:GPU:0,5.0,0.005
auIpwdV8Ks,Slice,/job:localhost/replica:0/task:0/device:GPU:0,5.0,0.005
2OPszCmy3N,Slice,/job:localhost/replica:0/task:0/device:GPU:0,5.0,0.005
hDXZ2uBAga,Slice,/job:localhost/replica:0/task:0/device:GPU:0,5.0,0.005
IFgjJ2ONbv,Slice,/job:localhost/replica:0/task:0/device:GPU:0,5.0,0.005
4Q2pTPrevJ,Slice,/job:localhost/replica:0/task:0/device:GPU:0,5.0,0.005
hHRegaydAs,Slice,/job:localhost/replica:0/task:0/device:GPU:0,5.0,0.005
ycUdSlKiTx,Slice,/job:localhost/replica:0/task:0/device:GPU:0,5.0,0.005
6RrKLwcyu8,Slice,/job:localhost/replica:0/task:0/device:GPU:0,5.0,0.005
P8iHzFXwL9,Slice,/job:localhost/replica:0/task:0/device:GPU:0,5.0,0.005
fGv8nVa0rQ,Slice,/job:localhost/replica:0/task:0/device:GPU:0,5.0,0.005
Kv8FbmPuTa,Slice,/job:localhost/replica:0/task:0/device:GPU:0,5.0,0.005
6FhuVUQ7MO,Slice,/job:localhost/replica:0/task:0/device:GPU:0,5.0,0.005
NGgEmfey8M,Slice,/job:localhost/replica:0/task:0/device:GPU:0,5.0,0.005
OgD2zG7kb3,Slice,/job:localhost/replica:0/task:0/device:GPU:0,5.0,0.005
dFWr9Op8iG,Slice,/job:localhost/replica:0/task:0/device:GPU:0,5.0,0.005
lIzXe8JqEm,Slice,/job:localhost/replica:0/task:0/device:GPU:0,5.0,0.005
byuqPkDXQV,Slice,/job:localhost/replica:0/task:0/device:GPU:0,5.0,0.005
1mwndCfFte,Slice,/job:localhost/replica:0/task:0/device:GPU:0,5.0,0.005
iSd8mxAKDk,Slice,/job:localhost/replica:0/task:0/device:GPU:0,5.0,0.005
VqyjvRPAdU,Slice,/job:localhost/replica:0/task:0/device:GPU:0,5.0,0.005
IWHb3ngauk,Maximum,/job:localhost/replica:0/task:0/device:GPU:0,5.0,0.005
4jU6IDFtwZ,Pack,/job:localhost/replica:0/task:0/device:GPU:0,5.0,0.005
HGqhYO01F4,Switch,/job:localhost/replica:0/task:0/device:GPU:0,5.0,0.005
mN9uHKLpcs,Fill,/job:localhost/replica:0/task:0/device:GPU:0,5.0,0.005
DsTnXjAJY6,BiasAdd,/job:localhost/replica:0/task:0/device:GPU:0,5.0,0.005
qegDycm4W7,Less,/job:localhost/replica:0/task:0/device:GPU:0,5.0,0.005
Ft3ViIaLxd,Less,/job:localhost/replica:0/task:0/device:GPU:0,5.0,0.005
uCIeSaTwGs,Less,/job:localhost/replica:0/task:0/device:GPU:0,5.0,0.005
VwvlZ0iN1A,Fill,/job:localhost/replica:0/task:0/device:GPU:0,5.0,0.005
VlkPmUwoaz,Equal,/job:localhost/replica:0/task:0/device:GPU:0,5.0,0.005
DEK7AkFcaW,Pow,/job:localhost/replica:0/task:0/device:GPU:0,5.0,0.005
thxIUevPfQ,RealDiv,/job:localhost/replica:0/task:0/device:GPU:0,5.0,0.005
y2UhQXzNru,Pow,/job:localhost/replica:0/task:0/device:GPU:0,5.0,0.005
AdK27Jv1UH,Relu,/job:localhost/replica:0/task:0/device:GPU:0,5.0,0.005
EoDg6mts0h,Relu,/job:localhost/replica:0/task:0/device:GPU:0,5.0,0.005
tF0AcldgwS,BiasAdd,/job:localhost/replica:0/task:0/device:GPU:0,5.0,0.005
7tEUBhC1zy,Neg,/job:localhost/replica:0/task:0/device:GPU:0,5.0,0.005
D1W9ym6Zbw,AddV2,/job:localhost/replica:0/task:0/device:GPU:0,5.0,0.005
DhecwP19X3,Pow,/job:localhost/replica:0/task:0/device:GPU:0,5.0,0.005
lG4f8LRdvg,BiasAdd,/job:localhost/replica:0/task:0/device:GPU:0,5.0,0.005
tQS5mlfx24,BiasAdd,/job:localhost/replica:0/task:0/device:GPU:0,5.0,0.005
ClSNXP2bps,RealDiv,/job:localhost/replica:0/task:0/device:GPU:0,5.0,0.005
NYTCPmiEfg,Add,/job:localhost/replica:0/task:0/device:GPU:0,5.0,0.005
0xQB5fHKVe,Sigmoid,/job:localhost/replica:0/task:0/device:GPU:0,5.0,0.005
72DOQu8gzo,BiasAdd,/job:localhost/replica:0/task:0/device:GPU:0,5.0,0.005
1jaEtqv0no,RealDiv,/job:localhost/replica:0/task:0/device:GPU:0,5.0,0.005
JhsVterdBK,Add,/job:localhost/replica:0/task:0/device:GPU:0,5.0,0.005
jTHu9db7VJ,AddV2,/job:localhost/replica:0/task:0/device:GPU:0,5.0,0.005
LO3tbkrPjS,Pow,/job:localhost/replica:0/task:0/device:GPU:0,5.0,0.005
UGp1vqFE8W,RealDiv,/job:localhost/replica:0/task:0/device:GPU:0,5.0,0.005
XdZJR2if96,Shape,/job:localhost/replica:0/task:0/device:GPU:0,5.0,0.005
4kLPSbtFTW,Unpack,/job:localhost/replica:0/task:0/device:GPU:0,5.0,0.005
it6zpdfnRk,Sub,/job:localhost/replica:0/task:0/device:GPU:0,5.0,0.005
nMc4Nf2Urb,Mul,/job:localhost/replica:0/task:0/device:GPU:0,5.0,0.005
SgDMbXcqsf,Log,/job:localhost/replica:0/task:0/device:GPU:0,5.0,0.005
lULxpOdTn8,Reshape,/job:localhost/replica:0/task:0/device:GPU:0,5.0,0.005
lv5WDBJaCh,Unpack,/job:localhost/replica:0/task:0/device:GPU:0,5.0,0.005
2fedahIPRH,Sub,/job:localhost/replica:0/task:0/device:GPU:0,5.0,0.005
2YzxPaGg8h,Pow,/job:localhost/replica:0/task:0/device:GPU:0,5.0,0.005
2voWzSDXTL,RealDiv,/job:localhost/replica:0/task:0/device:GPU:0,5.0,0.005
Wb2M4Z9owx,Sub,/job:localhost/replica:0/task:0/device:GPU:0,5.0,0.005
s2iUhOTD3X,Add,/job:localhost/replica:0/task:0/device:GPU:0,5.0,0.005
gnDL9xXPrN,Sub,/job:localhost/replica:0/task:0/device:GPU:0,5.0,0.005
1BuKPxaX7h,Sub,/job:localhost/replica:0/task:0/device:GPU:0,5.0,0.005
7PeR3wASOt,RealDiv,/job:localhost/replica:0/task:0/device:GPU:0,5.0,0.005
gdIVtBC8wJ,AddV2,/job:localhost/replica:0/task:0/device:GPU:0,5.0,0.005
veYnFsLzqb,RealDiv,/job:localhost/replica:0/task:0/device:GPU:0,5.0,0.005
msTK9SikqF,Pow,/job:localhost/replica:0/task:0/device:GPU:0,5.0,0.005
6w7URAlFqi,AddV2,/job:localhost/replica:0/task:0/device:GPU:0,5.0,0.005
MLqz5jS8n7,RealDiv,/job:localhost/replica:0/task:0/device:GPU:0,5.0,0.005
tRDPkvOAmr,Mul,/job:localhost/replica:0/task:0/device:GPU:0,5.0,0.005
DvhHTu0Cfi,RealDiv,/job:localhost/replica:0/task:0/device:GPU:0,5.0,0.005
9hs0KmMb8p,RealDiv,/job:localhost/replica:0/task:0/device:GPU:0,5.0,0.005
3TfwsxBmdW,Pow,/job:localhost/replica:0/task:0/device:GPU:0,5.0,0.005
B0HMZkFNpz,RealDiv,/job:localhost/replica:0/task:0/device:GPU:0,5.0,0.005
PHnNA74Ga6,RealDiv,/job:localhost/replica:0/task:0/device:GPU:0,5.0,0.005
1NfbKHjF07,Sub,/job:localhost/replica:0/task:0/device:GPU:0,5.0,0.005
y7CKpY2D18,Add,/job:localhost/replica:0/task:0/device:GPU:0,5.0,0.005
MGswp7ecKb,Sigmoid,/job:localhost/replica:0/task:0/device:GPU:0,5.0,0.005
9WNPpGitnR,Sigmoid,/job:localhost/replica:0/task:0/device:GPU:0,5.0,0.005
ea0YbK8lJd,Neg,/job:localhost/replica:0/task:0/device:GPU:0,5.0,0.005
jDpV91LORS,Neg,/job:localhost/replica:0/task:0/device:GPU:0,5.0,0.005
gfM6DjJEG9,Sigmoid,/job:localhost/replica:0/task:0/device:GPU:0,5.0,0.005
JD5h9SEckI,Sigmoid,/job:localhost/replica:0/task:0/device:GPU:0,5.0,0.005
D3s0F47GAf,Sub,/job:localhost/replica:0/task:0/device:GPU:0,5.0,0.005
x5WC1X8MEq,Pow,/job:localhost/replica:0/task:0/device:GPU:0,5.0,0.005
o8Hw6fM0b4,RealDiv,/job:localhost/replica:0/task:0/device:GPU:0,5.0,0.005
g6Fb93oE0O,Sub,/job:localhost/replica:0/task:0/device:GPU:0,5.0,0.005
KEUaxhVJ8z,RealDiv,/job:localhost/replica:0/task:0/device:GPU:0,5.0,0.005
1PCFiMtScb,Sub,/job:localhost/replica:0/task:0/device:GPU:0,5.0,0.005
75Ls4V1ofe,RealDiv,/job:localhost/replica:0/task:0/device:GPU:0,5.0,0.005
t2Mux6gIid,Mul,/job:localhost/replica:0/task:0/device:GPU:0,5.0,0.005
l8CbhUuved,Sub,/job:localhost/replica:0/task:0/device:GPU:0,5.0,0.005
VsIXtgQ49U,RealDiv,/job:localhost/replica:0/task:0/device:GPU:0,5.0,0.005
mkPClIe8cj,RealDiv,/job:localhost/replica:0/task:0/device:GPU:0,5.0,0.005
cx5M1bUWHQ,Sub,/job:localhost/replica:0/task:0/device:GPU:0,5.0,0.005
5iDbBkzLVa,RealDiv,/job:localhost/replica:0/task:0/device:GPU:0,5.0,0.005
3N6ZvOt8Is,Sub,/job:localhost/replica:0/task:0/device:GPU:0,5.0,0.005
HudsPR3EbV,RealDiv,/job:localhost/replica:0/task:0/device:GPU:0,5.0,0.005
ghwO75zsjn,RealDiv,/job:localhost/replica:0/task:0/device:GPU:0,5.0,0.005
kbM8nFUZ2H,Sub,/job:localhost/replica:0/task:0/device:GPU:0,5.0,0.005
mMpbiC4YWQ,RealDiv,/job:localhost/replica:0/task:0/device:GPU:0,5.0,0.005
uiJ6ZsEy34,Pack,/job:localhost/replica:0/task:0/device:GPU:0,5.0,0.005
aMZXxHmjLR,Shape,/job:localhost/replica:0/task:0/device:GPU:0,5.0,0.005
Q7eJKHElS9,Unpack,/job:localhost/replica:0/task:0/device:GPU:0,5.0,0.005
pzrdVu7aOU,Pack,/job:localhost/replica:0/task:0/device:GPU:0,5.0,0.005
SR2hOJy095,Mul,/job:localhost/replica:0/task:0/device:GPU:0,5.0,0.005
a5GxOUieKF,Pow,/job:localhost/replica:0/task:0/device:GPU:0,5.0,0.005
XvxqZUL41z,RealDiv,/job:localhost/replica:0/task:0/device:GPU:0,5.0,0.005
MoAenXI51v,Sub,/job:localhost/replica:0/task:0/device:GPU:0,5.0,0.005
3AtsoviDgP,Unpack,/job:localhost/replica:0/task:0/device:GPU:0,5.0,0.005
0hqTfO9eNg,Sub,/job:localhost/replica:0/task:0/device:GPU:0,5.0,0.005
HtOR6Yyx4w,Mul,/job:localhost/replica:0/task:0/device:GPU:0,5.0,0.005
y2IsG7mhNl,Add,/job:localhost/replica:0/task:0/device:GPU:0,5.0,0.005
SyHCNmMAlo,AddV2,/job:localhost/replica:0/task:0/device:GPU:0,5.0,0.005
O3oGVMuaUv,Pow,/job:localhost/replica:0/task:0/device:GPU:0,5.0,0.005
8ZEwNzupGi,Sub,/job:localhost/replica:0/task:0/device:GPU:0,5.0,0.005
j3UfqiCD5k,RealDiv,/job:localhost/replica:0/task:0/device:GPU:0,5.0,0.005
Plhz8CbykM,Pow,/job:localhost/replica:0/task:0/device:GPU:0,5.0,0.005
ka8NJ20OiU,Sub,/job:localhost/replica:0/task:0/device:GPU:0,5.0,0.005
DESHikZ7qK,Add,/job:localhost/replica:0/task:0/device:GPU:0,5.0,0.005
MkZKVUG3ge,AddV2,/job:localhost/replica:0/task:0/device:GPU:0,5.0,0.005
LQ09sptAID,Sub,/job:localhost/replica:0/task:0/device:GPU:0,5.0,0.005
v079hoiHOG,RealDiv,/job:localhost/replica:0/task:0/device:GPU:0,5.0,0.005
ry7x0FoJSR,Mul,/job:localhost/replica:0/task:0/device:GPU:0,5.0,0.005
DqexIbRi85,Sub,/job:localhost/replica:0/task:0/device:GPU:0,5.0,0.005
YZC8Lv4by9,Pow,/job:localhost/replica:0/task:0/device:GPU:0,5.0,0.005
X1sGIl9Rze,RealDiv,/job:localhost/replica:0/task:0/device:GPU:0,5.0,0.005
2skVQ8Nr1v,Sub,/job:localhost/replica:0/task:0/device:GPU:0,5.0,0.005
A0a9WoLHjG,Pow,/job:localhost/replica:0/task:0/device:GPU:0,5.0,0.005
t2iGEvZg7y,RealDiv,/job:localhost/replica:0/task:0/device:GPU:0,5.0,0.005
rms4xt3IXk,Add,/job:localhost/replica:0/task:0/device:GPU:0,5.0,0.005
1dHsQTizGo,Sub,/job:localhost/replica:0/task:0/device:GPU:0,5.0,0.005
pBLjFHzq9o,AddV2,/job:localhost/replica:0/task:0/device:GPU:0,5.0,0.005
l8b5kHXsge,Pow,/job:localhost/replica:0/task:0/device:GPU:0,5.0,0.005
j4IB7bKN2O,Pow,/job:localhost/replica:0/task:0/device:GPU:0,5.0,0.005
3yD9awz0KM,Sigmoid,/job:localhost/replica:0/task:0/device:GPU:0,5.0,0.005
uGiPA9mQr3,Rsqrt,/job:localhost/replica:0/task:0/device:GPU:0,5.0,0.005
XQh8HTO1Sb,Rsqrt,/job:localhost/replica:0/task:0/device:GPU:0,5.0,0.005
Dofw36ZYLv,Sigmoid,/job:localhost/replica:0/task:0/device:GPU:0,5.0,0.005
7FXGmSKTyf,RealDiv,/job:localhost/replica:0/task:0/device:GPU:0,5.0,0.005
lkQ3i1OwHs,RealDiv,/job:localhost/replica:0/task:0/device:GPU:0,5.0,0.005
0ntCGMLifj,Pow,/job:localhost/replica:0/task:0/device:GPU:0,5.0,0.005
1OJMdsFDLZ,RealDiv,/job:localhost/replica:0/task:0/device:GPU:0,5.0,0.005
eDTOKmyFuf,Sub,/job:localhost/replica:0/task:0/device:GPU:0,5.0,0.005
8lmdCIx6tZ,Pow,/job:localhost/replica:0/task:0/device:GPU:0,5.0,0.005
XRJ09BbzTY,Shape,/job:localhost/replica:0/task:0/device:GPU:0,5.0,0.005
ptWjE1gsO5,Pow,/job:localhost/replica:0/task:0/device:GPU:0,5.0,0.005
Y07H2gCf6B,Sub,/job:localhost/replica:0/task:0/device:GPU:0,5.0,0.005
G49HE8mTIC,Sub,/job:localhost/replica:0/task:0/device:GPU:0,5.0,0.005
wqJiIbv6Ht,RealDiv,/job:localhost/replica:0/task:0/device:GPU:0,5.0,0.005
z3dqYXghrc,Mul,/job:localhost/replica:0/task:0/device:GPU:0,5.0,0.005
wHvycOmlV0,Sub,/job:localhost/replica:0/task:0/device:GPU:0,5.0,0.005
9VxPFWpytI,Mul,/job:localhost/replica:0/task:0/device:GPU:0,5.0,0.005
qpYnl9UAaM,Pow,/job:localhost/replica:0/task:0/device:GPU:0,5.0,0.005
gJcI7Smwli,Relu,/job:localhost/replica:0/task:0/device:GPU:0,5.0,0.005
mnVbpLh4J7,BiasAdd,/job:localhost/replica:0/task:0/device:GPU:0,5.0,0.005
vb06pBGMLZ,Relu,/job:localhost/replica:0/task:0/device:GPU:0,5.0,0.005
lukKpCT4SQ,Relu,/job:localhost/replica:0/task:0/device:GPU:0,5.0,0.005
VPsIqm190b,BiasAdd,/job:localhost/replica:0/task:0/device:GPU:0,5.0,0.005
CHgrp7TKdo,BiasAdd,/job:localhost/replica:0/task:0/device:GPU:0,5.0,0.005
LAszPditNo,BiasAdd,/job:localhost/replica:0/task:0/device:GPU:0,5.0,0.005
5YLcmGRU1K,BiasAdd,/job:localhost/replica:0/task:0/device:GPU:0,5.0,0.005
oAjQ30fbsc,BiasAdd,/job:localhost/replica:0/task:0/device:GPU:0,5.0,0.005
Rz6xpo0d8a,Tile,/job:localhost/replica:0/task:0/device:GPU:0,5.0,0.005
02J5isYMvf,Tile,/job:localhost/replica:0/task:0/device:GPU:0,5.0,0.005
OBwdutls0Z,Pow,/job:localhost/replica:0/task:0/device:GPU:0,5.0,0.005
DFnBHzPf7i,Relu,/job:localhost/replica:0/task:0/device:GPU:0,5.0,0.005
a8u9LorhRX,Relu,/job:localhost/replica:0/task:0/device:GPU:0,5.0,0.005
LCBDy8uWtc,Relu,/job:localhost/replica:0/task:0/device:GPU:0,5.0,0.005
XNDlVPm6tj,Relu,/job:localhost/replica:0/task:0/device:GPU:0,5.0,0.005
d69VRKInJL,Mul,/job:localhost/replica:0/task:0/device:GPU:0,5.0,0.005
LSMQmxPF4g,Add,/job:localhost/replica:0/task:0/device:GPU:0,5.0,0.005
EVxif49uXr,Pow,/job:localhost/replica:0/task:0/device:GPU:0,5.0,0.005
za3OGHgLFf,Shape,/job:localhost/replica:0/task:0/device:GPU:0,5.0,0.005
MVNDX9maEQ,Sub,/job:localhost/replica:0/task:0/device:GPU:0,5.0,0.005
uDiAOCagy5,Relu,/job:localhost/replica:0/task:0/device:GPU:0,5.0,0.005
gc2R3TXJFU,BiasAdd,/job:localhost/replica:0/task:0/device:GPU:0,5.0,0.005
AQmixCtEOU,AddV2,/job:localhost/replica:0/task:0/device:GPU:0,5.0,0.005
ZckMGVx8id,Relu,/job:localhost/replica:0/task:0/device:GPU:0,5.0,0.005
CmKb4Pq8es,Mul,/job:localhost/replica:0/task:0/device:GPU:0,5.0,0.005
WxLbFAR7Zh,Add,/job:localhost/replica:0/task:0/device:GPU:0,5.0,0.005
ypbwCE0gWt,Pow,/job:localhost/replica:0/task:0/device:GPU:0,5.0,0.005
SDPj5dyEwr,Log,/job:localhost/replica:0/task:0/device:GPU:0,5.0,0.005
oXBW49j2qc,AddV2,/job:localhost/replica:0/task:0/device:GPU:0,5.0,0.005
JMR1FKLAPZ,Neg,/job:localhost/replica:0/task:0/device:GPU:0,5.0,0.005
b8RMZDgtuL,Sub,/job:localhost/replica:0/task:0/device:GPU:0,5.0,0.005
n4BCcgR5It,StridedSlice,/job:localhost/replica:0/task:0/device:GPU:0,5.0,0.005
LaSQxHudh1,Pow,/job:localhost/replica:0/task:0/device:GPU:0,5.0,0.005
1cWFpmawTn,Pow,/job:localhost/replica:0/task:0/device:GPU:0,5.0,0.005
EA9e8VRFup,Log,/job:localhost/replica:0/task:0/device:GPU:0,5.0,0.005
O6Zklq7QzA,AddV2,/job:localhost/replica:0/task:0/device:GPU:0,5.0,0.005
GQvHdT95fp,Log,/job:localhost/replica:0/task:0/device:GPU:0,5.0,0.005
pHhJc81uZw,Pow,/job:localhost/replica:0/task:0/device:GPU:0,5.0,0.005
8KJ70PpqED,Sub,/job:localhost/replica:0/task:0/device:GPU:0,5.0,0.005
fDobswXJON,Pow,/job:localhost/replica:0/task:0/device:GPU:0,5.0,0.005
r2ud4wjqfD,Pow,/job:localhost/replica:0/task:0/device:GPU:0,5.0,0.005
07AyXbkMfp,Neg,/job:localhost/replica:0/task:0/device:GPU:0,5.0,0.005
MDO28KCvSU,Add,/job:localhost/replica:0/task:0/device:GPU:0,5.0,0.005
qeXzR5rwoH,Pow,/job:localhost/replica:0/task:0/device:GPU:0,5.0,0.005
sFZiPKga0R,Pow,/job:localhost/replica:0/task:0/device:GPU:0,5.0,0.005
967lZXTbCD,Rsqrt,/job:localhost/replica:0/task:0/device:GPU:0,5.0,0.005
mo6M9YTEK5,Log,/job:localhost/replica:0/task:0/device:GPU:0,5.0,0.005
CIrmNl8cg4,Add,/job:localhost/replica:0/task:0/device:GPU:0,5.0,0.005
vZjMcfoNX9,Pow,/job:localhost/replica:0/task:0/device:GPU:0,5.0,0.005
0nVTb2M9Ro,Sub,/job:localhost/replica:0/task:0/device:GPU:0,5.0,0.005
08HsENJGQD,Sigmoid,/job:localhost/replica:0/task:0/device:GPU:0,5.0,0.005
83kAqUrZtF,Relu,/job:localhost/replica:0/task:0/device:GPU:0,5.0,0.005
bVkBFiIHQu,Sigmoid,/job:localhost/replica:0/task:0/device:GPU:0,5.0,0.005
OY84EDQktx,Exp,/job:localhost/replica:0/task:0/device:GPU:0,5.0,0.005
HYLybWs3IJ,Log1p,/job:localhost/replica:0/task:0/device:GPU:0,5.0,0.005
n43Txvf7Io,Log1p,/job:localhost/replica:0/task:0/device:GPU:0,5.0,0.005
Bc8Xlj0pE2,Sub,/job:localhost/replica:0/task:0/device:GPU:0,5.0,0.005
gwjDmsGzy0,Tanh,/job:localhost/replica:0/task:0/device:GPU:0,5.0,0.005
abBimeLqk8,Rsqrt,/job:localhost/replica:0/task:0/device:GPU:0,5.0,0.005
3UDQbrX4cg,Select,/job:localhost/replica:0/task:0/device:GPU:0,5.0,0.005
CAjo9BOvlt,Sub,/job:localhost/replica:0/task:0/device:GPU:0,5.0,0.005
GQ5byq6xjJ,Select,/job:localhost/replica:0/task:0/device:GPU:0,5.0,0.005
Ooq5WuKaGs,Rsqrt,/job:localhost/replica:0/task:0/device:GPU:0,5.0,0.005
2grZqwfROo,Sub,/job:localhost/replica:0/task:0/device:GPU:0,5.0,0.005
_arg_XrjkIafAvd_0_543,Placeholder,/job:localhost/replica:0/task:0/device:CPU:0,5.0,0.005
_arg_Vz5egEJ0Gn_0_516,Placeholder,/job:localhost/replica:0/task:0/device:CPU:0,5.0,0.005
_arg_VS9QN4Yrzp_0_504,Placeholder,/job:localhost/replica:0/task:0/device:CPU:0,5.0,0.005
_arg_Yi8QVGrPUk_0_556,Placeholder,/job:localhost/replica:0/task:0/device:CPU:0,5.0,0.005
_arg_ZKociQnRjf_0_567,Placeholder,/job:localhost/replica:0/task:0/device:CPU:0,5.0,0.005
_arg_ZV3zhv8own_0_570,Placeholder,/job:localhost/replica:0/task:0/device:CPU:0,5.0,0.005
_arg_bQm3gIzWvG_0_594,Placeholder,/job:localhost/replica:0/task:0/device:CPU:0,5.0,0.005
_arg_Z9dfOks8vw_0_565,Placeholder,/job:localhost/replica:0/task:0/device:CPU:0,5.0,0.005
_arg_Zlaet51Cdu_0_572,Placeholder,/job:localhost/replica:0/task:0/device:CPU:0,5.0,0.005
_arg_aYWJpt4CFO_0_583,Placeholder,/job:localhost/replica:0/task:0/device:CPU:0,5.0,0.005
_arg_d7voCjJmXw_0_627,Placeholder,/job:localhost/replica:0/task:0/device:CPU:0,5.0,0.005
_arg_bG3BcQM79a_0_592,Placeholder,/job:localhost/replica:0/task:0/device:CPU:0,5.0,0.005
_arg_etYqX8mcDN_0_655,Placeholder,/job:localhost/replica:0/task:0/device:CPU:0,5.0,0.005
_arg_jW4yILUTwH_0_734,Placeholder,/job:localhost/replica:0/task:0/device:CPU:0,5.0,0.005
_arg_zqIvsF9eG0_0_964,Placeholder,/job:localhost/replica:0/task:0/device:CPU:0,5.0,0.005
_arg_k3Gmr7u9CN_0_743,Placeholder,/job:localhost/replica:0/task:0/device:CPU:0,5.0,0.005
_arg_zEegdbJKi6_0_960,Placeholder,/job:localhost/replica:0/task:0/device:CPU:0,5.0,0.005
_arg_ITcgRaGPWb_0_281,Placeholder,/job:localhost/replica:0/task:0/device:CPU:0,5.0,0.005
_arg_QoOrcPJV6m_0_434,Placeholder,/job:localhost/replica:0/task:0/device:CPU:0,5.0,0.005
_arg_IUgzXTVAsv_0_283,Placeholder,/job:localhost/replica:0/task:0/device:CPU:0,5.0,0.005
_arg_GKFrhdajIE_0_243,Placeholder,/job:localhost/replica:0/task:0/device:CPU:0,5.0,0.005
_arg_5ANjsmdk09_0_86,Placeholder,/job:localhost/replica:0/task:0/device:CPU:0,5.0,0.005
2qU1VZXMFx,Const,/job:localhost/replica:0/task:0/device:GPU:0,4.0,0.004
w8LoIptCNh,Const,/job:localhost/replica:0/task:0/device:GPU:0,4.0,0.004
BlyL9pVgei,Const,/job:localhost/replica:0/task:0/device:GPU:0,4.0,0.004
NM4SrBbHEw,Const,/job:localhost/replica:0/task:0/device:GPU:0,4.0,0.004
0ndQ5NSy1I,Const,/job:localhost/replica:0/task:0/device:GPU:0,4.0,0.004
PjV0zMpSFN,Const,/job:localhost/replica:0/task:0/device:GPU:0,4.0,0.004
SFTyrDAPvw,Const,/job:localhost/replica:0/task:0/device:GPU:0,4.0,0.004
SPFrwlORGj,Const,/job:localhost/replica:0/task:0/device:GPU:0,4.0,0.004
jdBNK3fzTI,Shape,/job:localhost/replica:0/task:0/device:GPU:0,4.0,0.004
7swXfCAqMz,Shape,/job:localhost/replica:0/task:0/device:GPU:0,4.0,0.004
oZtjszIf4M/_322__cf__322,Reshape,/job:localhost/replica:0/task:0/device:GPU:0,4.0,0.004
t5lXYh4WcZ/_339__cf__339,Reshape,/job:localhost/replica:0/task:0/device:GPU:0,4.0,0.004
tpIKzsnw0S/_344__cf__344,Reshape,/job:localhost/replica:0/task:0/device:GPU:0,4.0,0.004
wW9otnyfDa/_359__cf__359,Reshape,/job:localhost/replica:0/task:0/device:GPU:0,4.0,0.004
yFIuMXiz61/_372__cf__372,Reshape,/job:localhost/replica:0/task:0/device:GPU:0,4.0,0.004
uLhqUv8ndf/_345__cf__345,Reshape,/job:localhost/replica:0/task:0/device:GPU:0,4.0,0.004
weX3nyIHdS/_360__cf__360,Reshape,/job:localhost/replica:0/task:0/device:GPU:0,4.0,0.004
irGyLeSBzR,Reshape,/job:localhost/replica:0/task:0/device:GPU:0,4.0,0.004
zWfCZ6Dl9e/_378__cf__378,Reshape,/job:localhost/replica:0/task:0/device:GPU:0,4.0,0.004
7MSX1E02Zz/_59__cf__59,Reshape,/job:localhost/replica:0/task:0/device:GPU:0,4.0,0.004
5eOMJUDxwa/_41__cf__41,Reshape,/job:localhost/replica:0/task:0/device:GPU:0,4.0,0.004
8vVMmuqwpY/_67__cf__67,Reshape,/job:localhost/replica:0/task:0/device:GPU:0,4.0,0.004
5mLuZBjI6S/_42__cf__42,Sub,/job:localhost/replica:0/task:0/device:GPU:0,4.0,0.004
Andwv9GaUt/_75__cf__75,Reshape,/job:localhost/replica:0/task:0/device:GPU:0,4.0,0.004
Ba1MdkZqJX/_84__cf__84,Reshape,/job:localhost/replica:0/task:0/device:GPU:0,4.0,0.004
LufUqDSFkN/_145__cf__145,Reshape,/job:localhost/replica:0/task:0/device:GPU:0,4.0,0.004
NsOmrK3Vqn/_160__cf__160,Reshape,/job:localhost/replica:0/task:0/device:GPU:0,4.0,0.004
Wp2nhXMbCE/_219__cf__219,Reshape,/job:localhost/replica:0/task:0/device:GPU:0,4.0,0.004
cqswXzu9Ck/_255__cf__255,Reshape,/job:localhost/replica:0/task:0/device:GPU:0,4.0,0.004
WruAsOfEnV/_221__cf__221,Reshape,/job:localhost/replica:0/task:0/device:GPU:0,4.0,0.004
a1gFf8DCqS/_241__cf__241,Reshape,/job:localhost/replica:0/task:0/device:GPU:0,4.0,0.004
c8CSQxkjps/_252__cf__252,Sqrt,/job:localhost/replica:0/task:0/device:GPU:0,4.0,0.004
cupjNfAMXF/_256__cf__256,Sqrt,/job:localhost/replica:0/task:0/device:GPU:0,4.0,0.004
kpSHuGyN0C/_298__cf__298,Reshape,/job:localhost/replica:0/task:0/device:GPU:0,4.0,0.004
akcUlQ5ioz/_243__cf__243,Reshape,/job:localhost/replica:0/task:0/device:GPU:0,4.0,0.004
d1johQpLNm/_259__cf__259,Reshape,/job:localhost/replica:0/task:0/device:GPU:0,4.0,0.004
f8YF6ARdIb/_268__cf__268,Sub,/job:localhost/replica:0/task:0/device:GPU:0,4.0,0.004
lNySZd4gGe/_301__cf__301,Reshape,/job:localhost/replica:0/task:0/device:GPU:0,4.0,0.004
wysWrT1Ed2/_364__cf__364,Reshape,/job:localhost/replica:0/task:0/device:GPU:0,4.0,0.004
mLStEPshBo,Slice,/job:localhost/replica:0/task:0/device:GPU:0,4.0,0.004
tdQo2qNcCx,Slice,/job:localhost/replica:0/task:0/device:GPU:0,4.0,0.004
lGP35zDmsY,Slice,/job:localhost/replica:0/task:0/device:GPU:0,4.0,0.004
jJEFSNwt64,Const,/job:localhost/replica:0/task:0/device:GPU:0,4.0,0.004
fpPoVtULcO,Const,/job:localhost/replica:0/task:0/device:GPU:0,4.0,0.004
sY0zdOLneF,Const,/job:localhost/replica:0/task:0/device:GPU:0,4.0,0.004
XeP38CuEGb,Const,/job:localhost/replica:0/task:0/device:GPU:0,4.0,0.004
PiOvkbQJNo,Const,/job:localhost/replica:0/task:0/device:GPU:0,4.0,0.004
2yqn85vths,Const,/job:localhost/replica:0/task:0/device:GPU:0,4.0,0.004
m3Uh8ce6AJ,Const,/job:localhost/replica:0/task:0/device:GPU:0,4.0,0.004
HLIdfqUvab,Const,/job:localhost/replica:0/task:0/device:GPU:0,4.0,0.004
7vhyYRwq3r,Const,/job:localhost/replica:0/task:0/device:GPU:0,4.0,0.004
ZMDaYje0A8,Const,/job:localhost/replica:0/task:0/device:GPU:0,4.0,0.004
bZIheyAcjs,Const,/job:localhost/replica:0/task:0/device:GPU:0,4.0,0.004
2K7Z4Ex1Wf,Const,/job:localhost/replica:0/task:0/device:GPU:0,4.0,0.004
RlXBWHbITF,Const,/job:localhost/replica:0/task:0/device:GPU:0,4.0,0.004
FxOLNn2MEt,Const,/job:localhost/replica:0/task:0/device:GPU:0,4.0,0.004
IrE6sfSjCw,Const,/job:localhost/replica:0/task:0/device:GPU:0,4.0,0.004
jKphFyNL5s,Const,/job:localhost/replica:0/task:0/device:GPU:0,4.0,0.004
wO6Yi9BXul,Const,/job:localhost/replica:0/task:0/device:GPU:0,4.0,0.004
wCZNuoFKhl,Const,/job:localhost/replica:0/task:0/device:GPU:0,4.0,0.004
uPipk70eyE,Const,/job:localhost/replica:0/task:0/device:GPU:0,4.0,0.004
5M8NL3oYCc,Const,/job:localhost/replica:0/task:0/device:GPU:0,4.0,0.004
Bougs0YXMn,Const,/job:localhost/replica:0/task:0/device:GPU:0,4.0,0.004
c7rYvJWlbs,Const,/job:localhost/replica:0/task:0/device:GPU:0,4.0,0.004
T1W9qdnNP2,Const,/job:localhost/replica:0/task:0/device:GPU:0,4.0,0.004
PjcLbzToFn,Slice,/job:localhost/replica:0/task:0/device:GPU:0,4.0,0.004
MdU9woWYuZ,Slice,/job:localhost/replica:0/task:0/device:GPU:0,4.0,0.004
dVqfDSJ1Li,Slice,/job:localhost/replica:0/task:0/device:GPU:0,4.0,0.004
BVTv1k5cXy,Slice,/job:localhost/replica:0/task:0/device:GPU:0,4.0,0.004
38vghNTVRF,Slice,/job:localhost/replica:0/task:0/device:GPU:0,4.0,0.004
qRoxtupLAK,Const,/job:localhost/replica:0/task:0/device:GPU:0,4.0,0.004
32COVRrxzY,Const,/job:localhost/replica:0/task:0/device:GPU:0,4.0,0.004
27egdpZMYI,Const,/job:localhost/replica:0/task:0/device:GPU:0,4.0,0.004
fioWdYm9we,Const,/job:localhost/replica:0/task:0/device:GPU:0,4.0,0.004
tLmyuxRkv5,Maximum,/job:localhost/replica:0/task:0/device:GPU:0,4.0,0.004
38gaUuMo2b,Pack,/job:localhost/replica:0/task:0/device:GPU:0,4.0,0.004
7QoHmlBEvs,Shape,/job:localhost/replica:0/task:0/device:GPU:0,4.0,0.004
IKgOn4irbR,Fill,/job:localhost/replica:0/task:0/device:GPU:0,4.0,0.004
H4dS3rtmvj,Reshape,/job:localhost/replica:0/task:0/device:GPU:0,4.0,0.004
3bpNHOglRs,Reshape,/job:localhost/replica:0/task:0/device:GPU:0,4.0,0.004
u2J1kTxUin,Fill,/job:localhost/replica:0/task:0/device:GPU:0,4.0,0.004
Ic5WjBfMEi,StridedSlice,/job:localhost/replica:0/task:0/device:GPU:0,4.0,0.004
gT7GSecNtF,StridedSlice,/job:localhost/replica:0/task:0/device:GPU:0,4.0,0.004
xkYIcZFCXh,Minimum,/job:localhost/replica:0/task:0/device:GPU:0,4.0,0.004
SIfgTXpUVP,Shape,/job:localhost/replica:0/task:0/device:GPU:0,4.0,0.004
yKzYXRiCIq,Shape,/job:localhost/replica:0/task:0/device:GPU:0,4.0,0.004
YLsPdikpuU,Slice,/job:localhost/replica:0/task:0/device:GPU:0,4.0,0.004
rEova9nLJ5,Slice,/job:localhost/replica:0/task:0/device:GPU:0,4.0,0.004
0IJqEndUXu,Slice,/job:localhost/replica:0/task:0/device:GPU:0,4.0,0.004
2zhqWtEYbk,Slice,/job:localhost/replica:0/task:0/device:GPU:0,4.0,0.004
3raTLklnuy,Slice,/job:localhost/replica:0/task:0/device:GPU:0,4.0,0.004
sScD5NxhZ4,Slice,/job:localhost/replica:0/task:0/device:GPU:0,4.0,0.004
meXuZpYcaf,Slice,/job:localhost/replica:0/task:0/device:GPU:0,4.0,0.004
3ULoq15OXu,Slice,/job:localhost/replica:0/task:0/device:GPU:0,4.0,0.004
SxqHYzMbEZ,Slice,/job:localhost/replica:0/task:0/device:GPU:0,4.0,0.004
j08hzSsmAU,Switch,/job:localhost/replica:0/task:0/device:GPU:0,4.0,0.004
9Nk8VDSIZf,Pack,/job:localhost/replica:0/task:0/device:GPU:0,4.0,0.004
6QYa1VmeB5,Const,/job:localhost/replica:0/task:0/device:GPU:0,4.0,0.004
MP6xEUVZAe,Identity,/job:localhost/replica:0/task:0/device:GPU:0,4.0,0.004
zuAt78Y5bx,Const,/job:localhost/replica:0/task:0/device:GPU:0,4.0,0.004
UjECnBDuLH,StopGradient,/job:localhost/replica:0/task:0/device:GPU:0,4.0,0.004
k0WDps5cxb,Shape,/job:localhost/replica:0/task:0/device:GPU:0,4.0,0.004
ikbtzhw41e,Shape,/job:localhost/replica:0/task:0/device:GPU:0,4.0,0.004
yqW4mAJ9pn,Equal,/job:localhost/replica:0/task:0/device:GPU:0,4.0,0.004
komjfviQyU,Reshape,/job:localhost/replica:0/task:0/device:GPU:0,4.0,0.004
FZa9qB1Hw2,Reshape,/job:localhost/replica:0/task:0/device:GPU:0,4.0,0.004
GrDwik6PTd,BiasAdd,/job:localhost/replica:0/task:0/device:GPU:0,4.0,0.004
eIUJzoYmZ8,Shape,/job:localhost/replica:0/task:0/device:GPU:0,4.0,0.004
VUcQO9bNT5,Pack,/job:localhost/replica:0/task:0/device:GPU:0,4.0,0.004
6IySOfAPFH,Unpack,/job:localhost/replica:0/task:0/device:GPU:0,4.0,0.004
48Nbov9sHE,Unpack,/job:localhost/replica:0/task:0/device:GPU:0,4.0,0.004
AlvI83ixeM,Unpack,/job:localhost/replica:0/task:0/device:GPU:0,4.0,0.004
1DLdeghrH3,Unpack,/job:localhost/replica:0/task:0/device:GPU:0,4.0,0.004
OzfiLDvrV0,Pack,/job:localhost/replica:0/task:0/device:GPU:0,4.0,0.004
vaVCPwM7qj,Pack,/job:localhost/replica:0/task:0/device:GPU:0,4.0,0.004
n2pDUfezuT,AddV2,/job:localhost/replica:0/task:0/device:GPU:0,4.0,0.004
KMJsBDUxYz,RealDiv,/job:localhost/replica:0/task:0/device:GPU:0,4.0,0.004
LIhbjUXWJT,Mul,/job:localhost/replica:0/task:0/device:GPU:0,4.0,0.004
6lus07cDKh,AddV2,/job:localhost/replica:0/task:0/device:GPU:0,4.0,0.004
6RLPx4EmpI,RealDiv,/job:localhost/replica:0/task:0/device:GPU:0,4.0,0.004
HPq1lOnJ5t,Sub,/job:localhost/replica:0/task:0/device:GPU:0,4.0,0.004
vrezDjmEYB,Unpack,/job:localhost/replica:0/task:0/device:GPU:0,4.0,0.004
W97JuEowtT,Pack,/job:localhost/replica:0/task:0/device:GPU:0,4.0,0.004
Hmjp6IEwAR,Shape,/job:localhost/replica:0/task:0/device:GPU:0,4.0,0.004
04HzKmAIJY,Unpack,/job:localhost/replica:0/task:0/device:GPU:0,4.0,0.004
AkfIm1S8nu,Unpack,/job:localhost/replica:0/task:0/device:GPU:0,4.0,0.004
Bj2y6GWZaF,Unpack,/job:localhost/replica:0/task:0/device:GPU:0,4.0,0.004
72TmtuUyiW,Unpack,/job:localhost/replica:0/task:0/device:GPU:0,4.0,0.004
cZYCzFrOdD,Shape,/job:localhost/replica:0/task:0/device:GPU:0,4.0,0.004
zEqljAtQbC,Pack,/job:localhost/replica:0/task:0/device:GPU:0,4.0,0.004
C2rfMxYV9b,Log,/job:localhost/replica:0/task:0/device:GPU:0,4.0,0.004
sSEalL9Dwz,Rsqrt,/job:localhost/replica:0/task:0/device:GPU:0,4.0,0.004
Ps6fJr4L1e,Mul,/job:localhost/replica:0/task:0/device:GPU:0,4.0,0.004
pLar6X0YsH,RealDiv,/job:localhost/replica:0/task:0/device:GPU:0,4.0,0.004
2bjBrtDMan,Pow,/job:localhost/replica:0/task:0/device:GPU:0,4.0,0.004
4FxHuE72ow,Pow,/job:localhost/replica:0/task:0/device:GPU:0,4.0,0.004
vCTtcLWZUu,Sub,/job:localhost/replica:0/task:0/device:GPU:0,4.0,0.004
KfqGHYPV7I,Sub,/job:localhost/replica:0/task:0/device:GPU:0,4.0,0.004
WzdlJtVGmN,AddV2,/job:localhost/replica:0/task:0/device:GPU:0,4.0,0.004
M0iwLSnvaz,AddV2,/job:localhost/replica:0/task:0/device:GPU:0,4.0,0.004
AoXTcR0fOt,AddV2,/job:localhost/replica:0/task:0/device:GPU:0,4.0,0.004
xp0leBasuN,RealDiv,/job:localhost/replica:0/task:0/device:GPU:0,4.0,0.004
MDrjO8XWJb,AddV2,/job:localhost/replica:0/task:0/device:GPU:0,4.0,0.004
O3L85VjShu,Shape,/job:localhost/replica:0/task:0/device:GPU:0,4.0,0.004
e4cWIVDsAR,Shape,/job:localhost/replica:0/task:0/device:GPU:0,4.0,0.004
Ggew2S67R5,Unpack,/job:localhost/replica:0/task:0/device:GPU:0,4.0,0.004
w7d1OMHvKW,Unpack,/job:localhost/replica:0/task:0/device:GPU:0,4.0,0.004
u2Bj45IK1X,Unpack,/job:localhost/replica:0/task:0/device:GPU:0,4.0,0.004
PRgw1kcmCa,Pack,/job:localhost/replica:0/task:0/device:GPU:0,4.0,0.004
MH9cr5vbEQ,Sub,/job:localhost/replica:0/task:0/device:GPU:0,4.0,0.004
rfPpDKQlc7,Relu,/job:localhost/replica:0/task:0/device:GPU:0,4.0,0.004
wfnrPO1GK0,Shape,/job:localhost/replica:0/task:0/device:GPU:0,4.0,0.004
bO6L0fWe5d,Unpack,/job:localhost/replica:0/task:0/device:GPU:0,4.0,0.004
xFvUVWHolS,Pack,/job:localhost/replica:0/task:0/device:GPU:0,4.0,0.004
MJ23KnZgtY,Unpack,/job:localhost/replica:0/task:0/device:GPU:0,4.0,0.004
qPWTo1znKg,Pack,/job:localhost/replica:0/task:0/device:GPU:0,4.0,0.004
bGwUphv5QK,Unpack,/job:localhost/replica:0/task:0/device:GPU:0,4.0,0.004
9olXVDFI3d,Sub,/job:localhost/replica:0/task:0/device:GPU:0,4.0,0.004
LQ91PVWXoq,Sub,/job:localhost/replica:0/task:0/device:GPU:0,4.0,0.004
OgA0es9TjB,Unpack,/job:localhost/replica:0/task:0/device:GPU:0,4.0,0.004
rGNvF5YoAp,Pack,/job:localhost/replica:0/task:0/device:GPU:0,4.0,0.004
Qs6ejO3tdq,Relu,/job:localhost/replica:0/task:0/device:GPU:0,4.0,0.004
3VrGINxduD,Pack,/job:localhost/replica:0/task:0/device:GPU:0,4.0,0.004
h81wtgdmaj,Add,/job:localhost/replica:0/task:0/device:GPU:0,4.0,0.004
IKjk7dApxN,Add,/job:localhost/replica:0/task:0/device:GPU:0,4.0,0.004
fxvmNKdOhM,Pow,/job:localhost/replica:0/task:0/device:GPU:0,4.0,0.004
dniw9zXENV,Shape,/job:localhost/replica:0/task:0/device:GPU:0,4.0,0.004
fPpgaUhQOy,StridedSlice,/job:localhost/replica:0/task:0/device:GPU:0,4.0,0.004
OpIHguYGjX,RealDiv,/job:localhost/replica:0/task:0/device:GPU:0,4.0,0.004
c3QsI6UFlS,AddV2,/job:localhost/replica:0/task:0/device:GPU:0,4.0,0.004
_arg_W2MibOaAKt_0_519,Placeholder,/job:localhost/replica:0/task:0/device:CPU:0,4.0,0.004
_arg_YZzaN2oTdL_0_552,Placeholder,/job:localhost/replica:0/task:0/device:CPU:0,4.0,0.004
_arg_WiGNjdTzVx_0_525,Placeholder,/job:localhost/replica:0/task:0/device:CPU:0,4.0,0.004
_arg_W6eJE1r8j0_0_521,Placeholder,/job:localhost/replica:0/task:0/device:CPU:0,4.0,0.004
_arg_WiPYHft1Rn_0_526,Placeholder,/job:localhost/replica:0/task:0/device:CPU:0,4.0,0.004
_arg_d2ogbiWn9c_0_622,Placeholder,/job:localhost/replica:0/task:0/device:CPU:0,4.0,0.004
_arg_dTPZsMA7gR_0_633,Placeholder,/job:localhost/replica:0/task:0/device:CPU:0,4.0,0.004
_arg_Z9LcNBCSKe_0_564,Placeholder,/job:localhost/replica:0/task:0/device:CPU:0,4.0,0.004
_arg_d4RTh6NusD_0_623,Placeholder,/job:localhost/replica:0/task:0/device:CPU:0,4.0,0.004
_arg_cZBaPTkSyR_0_610,Placeholder,/job:localhost/replica:0/task:0/device:CPU:0,4.0,0.004
_arg_f3erNipzC8_0_660,Placeholder,/job:localhost/replica:0/task:0/device:CPU:0,4.0,0.004
_arg_fbqoHIS12P_0_668,Placeholder,/job:localhost/replica:0/task:0/device:CPU:0,4.0,0.004
_arg_aoUIhVw5rj_0_587,Placeholder,/job:localhost/replica:0/task:0/device:CPU:0,4.0,0.004
_arg_ct8x7bJrfj_0_616,Placeholder,/job:localhost/replica:0/task:0/device:CPU:0,4.0,0.004
_arg_gEwQP5TYSR_0_679,Placeholder,/job:localhost/replica:0/task:0/device:CPU:0,4.0,0.004
_arg_eNj5LGAy3I_0_642,Placeholder,/job:localhost/replica:0/task:0/device:CPU:0,4.0,0.004
_arg_eTZ3nx8JXz_0_645,Placeholder,/job:localhost/replica:0/task:0/device:CPU:0,4.0,0.004
_arg_iaNJ4Sx2T9_0_722,Placeholder,/job:localhost/replica:0/task:0/device:CPU:0,4.0,0.004
_arg_cVYf6pKlwR_0_609,Placeholder,/job:localhost/replica:0/task:0/device:CPU:0,4.0,0.004
_arg_hQCrO6geN4_0_704,Placeholder,/job:localhost/replica:0/task:0/device:CPU:0,4.0,0.004
_arg_bGaXqAoVIk_0_593,Placeholder,/job:localhost/replica:0/task:0/device:CPU:0,4.0,0.004
_arg_jV570A4fYO_0_733,Placeholder,/job:localhost/replica:0/task:0/device:CPU:0,4.0,0.004
_arg_c8Lg3ZOrVH_0_605,Placeholder,/job:localhost/replica:0/task:0/device:CPU:0,4.0,0.004
_arg_jh4TcmHZxL_0_738,Placeholder,/job:localhost/replica:0/task:0/device:CPU:0,4.0,0.004
_arg_j6iB5lCnEt_0_727,Placeholder,/job:localhost/replica:0/task:0/device:CPU:0,4.0,0.004
_arg_yrSQz7l9xu_0_955,Placeholder,/job:localhost/replica:0/task:0/device:CPU:0,4.0,0.004
_arg_Jviza69WuE_0_315,Placeholder,/job:localhost/replica:0/task:0/device:CPU:0,4.0,0.004
_arg_NiwT9Uxqop_0_383,Placeholder,/job:localhost/replica:0/task:0/device:CPU:0,4.0,0.004
_arg_Td3xitn0uS_0_475,Placeholder,/job:localhost/replica:0/task:0/device:CPU:0,4.0,0.004
_arg_T8uZ0QUAnX_0_464,Placeholder,/job:localhost/replica:0/task:0/device:CPU:0,4.0,0.004
_arg_SlY5ZEfVBb_0_458,Placeholder,/job:localhost/replica:0/task:0/device:CPU:0,4.0,0.004
_arg_TqJoGtmCI7_0_478,Placeholder,/job:localhost/replica:0/task:0/device:CPU:0,4.0,0.004
_arg_GjE6vfBhLp_0_247,Placeholder,/job:localhost/replica:0/task:0/device:CPU:0,4.0,0.004
_arg_JIj4nGRTQW_0_298,Placeholder,/job:localhost/replica:0/task:0/device:CPU:0,4.0,0.004
_arg_Ln0xU9Rc7z_0_350,Placeholder,/job:localhost/replica:0/task:0/device:CPU:0,4.0,0.004
_arg_NanzbIrwqU_0_379,Placeholder,/job:localhost/replica:0/task:0/device:CPU:0,4.0,0.004
_arg_3g5jWhRn7s_0_61,Placeholder,/job:localhost/replica:0/task:0/device:CPU:0,4.0,0.004
_arg_FTufmv6Hej_0_230,Placeholder,/job:localhost/replica:0/task:0/device:CPU:0,4.0,0.004
_arg_wFudntyaQ1_0_909,Placeholder,/job:localhost/replica:0/task:0/device:CPU:0,4.0,0.004
xknzjy4wqX,Switch,/job:localhost/replica:0/task:0/device:CPU:0,4.0,0.004
Nk8eW6ofOZ,Const,/job:localhost/replica:0/task:0/device:GPU:0,3.0,0.003
8CIWRXPhaq,Const,/job:localhost/replica:0/task:0/device:GPU:0,3.0,0.003
HrTbQcD8Jf,Const,/job:localhost/replica:0/task:0/device:GPU:0,3.0,0.003
MT1vqJpQV5,Const,/job:localhost/replica:0/task:0/device:GPU:0,3.0,0.003
9ZJ2yDhi5C,Const,/job:localhost/replica:0/task:0/device:GPU:0,3.0,0.003
ui4Dt7FaXR,Const,/job:localhost/replica:0/task:0/device:GPU:0,3.0,0.003
dashbNEDOi,Const,/job:localhost/replica:0/task:0/device:GPU:0,3.0,0.003
vGo2dM87ih,Const,/job:localhost/replica:0/task:0/device:GPU:0,3.0,0.003
SusAkDnwzL,Const,/job:localhost/replica:0/task:0/device:GPU:0,3.0,0.003
HtA4IEDkZC,Const,/job:localhost/replica:0/task:0/device:GPU:0,3.0,0.003
cT86kNCADS,Const,/job:localhost/replica:0/task:0/device:GPU:0,3.0,0.003
HVt2qJEgKo,Const,/job:localhost/replica:0/task:0/device:GPU:0,3.0,0.003
45F9w1YNJ3,Const,/job:localhost/replica:0/task:0/device:GPU:0,3.0,0.003
xD1GkLQ2f3,Const,/job:localhost/replica:0/task:0/device:GPU:0,3.0,0.003
AX4pvcZbDT,Const,/job:localhost/replica:0/task:0/device:GPU:0,3.0,0.003
Iazb2FLOKY,Const,/job:localhost/replica:0/task:0/device:GPU:0,3.0,0.003
sGcxyuCFYQ,Const,/job:localhost/replica:0/task:0/device:GPU:0,3.0,0.003
9HIDdWFw0u,Const,/job:localhost/replica:0/task:0/device:GPU:0,3.0,0.003
4PJCBSQbL5,Const,/job:localhost/replica:0/task:0/device:GPU:0,3.0,0.003
UZxO9TISGN,Const,/job:localhost/replica:0/task:0/device:GPU:0,3.0,0.003
ScfjgoBIYN,Const,/job:localhost/replica:0/task:0/device:GPU:0,3.0,0.003
MzQnehA7fV,Const,/job:localhost/replica:0/task:0/device:GPU:0,3.0,0.003
ysgmM0I34S,Const,/job:localhost/replica:0/task:0/device:GPU:0,3.0,0.003
lBfzsQoJid,Const,/job:localhost/replica:0/task:0/device:GPU:0,3.0,0.003
RDQUeYMprn,Const,/job:localhost/replica:0/task:0/device:GPU:0,3.0,0.003
1rpohfjJy4,Const,/job:localhost/replica:0/task:0/device:GPU:0,3.0,0.003
Fzf5UqSEXg,Shape,/job:localhost/replica:0/task:0/device:GPU:0,3.0,0.003
hLC1NaMKUT,Shape,/job:localhost/replica:0/task:0/device:GPU:0,3.0,0.003
gulTIfcCO1,Shape,/job:localhost/replica:0/task:0/device:GPU:0,3.0,0.003
QqvMXC3WpE,Const,/job:localhost/replica:0/task:0/device:GPU:0,3.0,0.003
CW0doGhXKw,Const,/job:localhost/replica:0/task:0/device:GPU:0,3.0,0.003
4jUPEnxl7X,Pack,/job:localhost/replica:0/task:0/device:GPU:0,3.0,0.003
9Y3ZQbInqA,Const,/job:localhost/replica:0/task:0/device:GPU:0,3.0,0.003
wND92lxZGs,Const,/job:localhost/replica:0/task:0/device:GPU:0,3.0,0.003
taIbFkeBQN/_343__cf__343,Reshape,/job:localhost/replica:0/task:0/device:GPU:0,3.0,0.003
1YXxabQtsq,Reshape,/job:localhost/replica:0/task:0/device:GPU:0,3.0,0.003
BZ7Ft6nrPp/_83__cf__83,Reshape,/job:localhost/replica:0/task:0/device:GPU:0,3.0,0.003
OSoi6Fxmlt/_164__cf__164,Reshape,/job:localhost/replica:0/task:0/device:GPU:0,3.0,0.003
bluBVT9d1v/_249__cf__249,Reshape,/job:localhost/replica:0/task:0/device:GPU:0,3.0,0.003
149lbZvwqo,Const,/job:localhost/replica:0/task:0/device:GPU:0,3.0,0.003
eNmSHGFgEi,Const,/job:localhost/replica:0/task:0/device:GPU:0,3.0,0.003
TFNgBtVjaf,Slice,/job:localhost/replica:0/task:0/device:GPU:0,3.0,0.003
m7hzI1nf2Q,Slice,/job:localhost/replica:0/task:0/device:GPU:0,3.0,0.003
ouiMOrRX5h,Slice,/job:localhost/replica:0/task:0/device:GPU:0,3.0,0.003
SzOXG3w7I2,Const,/job:localhost/replica:0/task:0/device:GPU:0,3.0,0.003
wJza9OMNLT,Const,/job:localhost/replica:0/task:0/device:GPU:0,3.0,0.003
x9ow7uOBsJ,Const,/job:localhost/replica:0/task:0/device:GPU:0,3.0,0.003
na3SxWy6A1,Const,/job:localhost/replica:0/task:0/device:GPU:0,3.0,0.003
lKs2tRuZo5,Const,/job:localhost/replica:0/task:0/device:GPU:0,3.0,0.003
NSIUxsq215,Const,/job:localhost/replica:0/task:0/device:GPU:0,3.0,0.003
0fqzAZoFKQ,Const,/job:localhost/replica:0/task:0/device:GPU:0,3.0,0.003
CsqOM9efKm,Const,/job:localhost/replica:0/task:0/device:GPU:0,3.0,0.003
WBNAJY1oQz,Const,/job:localhost/replica:0/task:0/device:GPU:0,3.0,0.003
grK9LShcQt,Const,/job:localhost/replica:0/task:0/device:GPU:0,3.0,0.003
7Z8xuaAgYj,Const,/job:localhost/replica:0/task:0/device:GPU:0,3.0,0.003
oexVDS3WCy,Const,/job:localhost/replica:0/task:0/device:GPU:0,3.0,0.003
HomOu4Klyb,Const,/job:localhost/replica:0/task:0/device:GPU:0,3.0,0.003
dS0jKPuH3N,Const,/job:localhost/replica:0/task:0/device:GPU:0,3.0,0.003
iNoVAChlR7,Const,/job:localhost/replica:0/task:0/device:GPU:0,3.0,0.003
JYis0kPDTQ,Const,/job:localhost/replica:0/task:0/device:GPU:0,3.0,0.003
XxWOGH490Y,Const,/job:localhost/replica:0/task:0/device:GPU:0,3.0,0.003
y1MbvrZ67L,Const,/job:localhost/replica:0/task:0/device:GPU:0,3.0,0.003
uzoBD7yFXZ,Const,/job:localhost/replica:0/task:0/device:GPU:0,3.0,0.003
w1RXhbqO8n,Const,/job:localhost/replica:0/task:0/device:GPU:0,3.0,0.003
sKWnCk6a1E,Const,/job:localhost/replica:0/task:0/device:GPU:0,3.0,0.003
2mV0Bfsipc/_21__cf__21,Reshape,/job:localhost/replica:0/task:0/device:GPU:0,3.0,0.003
kGIgxd43pv,Const,/job:localhost/replica:0/task:0/device:GPU:0,3.0,0.003
ChYeyLBSib,Const,/job:localhost/replica:0/task:0/device:GPU:0,3.0,0.003
xycwq0KVdk,Slice,/job:localhost/replica:0/task:0/device:GPU:0,3.0,0.003
4XcMlmdNC3,Slice,/job:localhost/replica:0/task:0/device:GPU:0,3.0,0.003
NxWOUzvYmy,Slice,/job:localhost/replica:0/task:0/device:GPU:0,3.0,0.003
jg3oQrlW7E,Slice,/job:localhost/replica:0/task:0/device:GPU:0,3.0,0.003
er89pktRJD,Slice,/job:localhost/replica:0/task:0/device:GPU:0,3.0,0.003
4hyxKagrTW,Slice,/job:localhost/replica:0/task:0/device:GPU:0,3.0,0.003
OIXBux5gMf,Const,/job:localhost/replica:0/task:0/device:GPU:0,3.0,0.003
KEg12T78rC,Const,/job:localhost/replica:0/task:0/device:GPU:0,3.0,0.003
vaMRrJlObG,Reshape,/job:localhost/replica:0/task:0/device:GPU:0,3.0,0.003
EJiBLX7o4U,Slice,/job:localhost/replica:0/task:0/device:GPU:0,3.0,0.003
Lje6TYb9PG,Const,/job:localhost/replica:0/task:0/device:GPU:0,3.0,0.003
aV4SEr8nGT,Slice,/job:localhost/replica:0/task:0/device:GPU:0,3.0,0.003
va2ZCpn9wK,Reshape,/job:localhost/replica:0/task:0/device:GPU:0,3.0,0.003
Mo5BshPmT0,Slice,/job:localhost/replica:0/task:0/device:GPU:0,3.0,0.003
J5gmNzEeSv,Const,/job:localhost/replica:0/task:0/device:GPU:0,3.0,0.003
6ibXzBZpOt,Const,/job:localhost/replica:0/task:0/device:GPU:0,3.0,0.003
pdfEFbP8nH,Const,/job:localhost/replica:0/task:0/device:GPU:0,3.0,0.003
iMbvHuTFPo,Const,/job:localhost/replica:0/task:0/device:GPU:0,3.0,0.003
VIZThm7Qbw,Const,/job:localhost/replica:0/task:0/device:GPU:0,3.0,0.003
oMINZYe8ji,Const,/job:localhost/replica:0/task:0/device:GPU:0,3.0,0.003
wl8Ac4zvJN,Const,/job:localhost/replica:0/task:0/device:GPU:0,3.0,0.003
0lyh8wWYbZ,Const,/job:localhost/replica:0/task:0/device:GPU:0,3.0,0.003
sNCB67pHyj,Const,/job:localhost/replica:0/task:0/device:GPU:0,3.0,0.003
6DfF1V8SJY,Const,/job:localhost/replica:0/task:0/device:GPU:0,3.0,0.003
nWg8Tv64qj,Const,/job:localhost/replica:0/task:0/device:GPU:0,3.0,0.003
D5Hk93PXFx,Const,/job:localhost/replica:0/task:0/device:GPU:0,3.0,0.003
V5SBrqwhmO,Const,/job:localhost/replica:0/task:0/device:GPU:0,3.0,0.003
71dbLE3wty,Const,/job:localhost/replica:0/task:0/device:GPU:0,3.0,0.003
Hez9WI7xji,Const,/job:localhost/replica:0/task:0/device:GPU:0,3.0,0.003
UxWSYqr5lB,Const,/job:localhost/replica:0/task:0/device:GPU:0,3.0,0.003
ezLxat0c1k,Const,/job:localhost/replica:0/task:0/device:GPU:0,3.0,0.003
iJDyNIkHgP,Const,/job:localhost/replica:0/task:0/device:GPU:0,3.0,0.003
sr8K7czeBn,Const,/job:localhost/replica:0/task:0/device:GPU:0,3.0,0.003
vPRagQjT69,Const,/job:localhost/replica:0/task:0/device:GPU:0,3.0,0.003
28vnrBdIXx,Const,/job:localhost/replica:0/task:0/device:GPU:0,3.0,0.003
4h5bZRjnBm,Const,/job:localhost/replica:0/task:0/device:GPU:0,3.0,0.003
ZxOMc98HeT,Const,/job:localhost/replica:0/task:0/device:GPU:0,3.0,0.003
6Am7WLCwNy,Const,/job:localhost/replica:0/task:0/device:GPU:0,3.0,0.003
ibcnI1CXk2,Const,/job:localhost/replica:0/task:0/device:GPU:0,3.0,0.003
Tqd2Gtw0Zr,Const,/job:localhost/replica:0/task:0/device:GPU:0,3.0,0.003
24JrTf3OmY,Const,/job:localhost/replica:0/task:0/device:GPU:0,3.0,0.003
R4fBqygbxt,Const,/job:localhost/replica:0/task:0/device:GPU:0,3.0,0.003
euLo5tHx0Z,Const,/job:localhost/replica:0/task:0/device:GPU:0,3.0,0.003
T8FxQygoLP,Const,/job:localhost/replica:0/task:0/device:GPU:0,3.0,0.003
qTSltvJnwh,Const,/job:localhost/replica:0/task:0/device:GPU:0,3.0,0.003
Zndt1z9MIr,Const,/job:localhost/replica:0/task:0/device:GPU:0,3.0,0.003
JWc4iVmGu8,Const,/job:localhost/replica:0/task:0/device:GPU:0,3.0,0.003
NgzKiDwpj7,Const,/job:localhost/replica:0/task:0/device:GPU:0,3.0,0.003
hV3AabJqBS,Const,/job:localhost/replica:0/task:0/device:GPU:0,3.0,0.003
GJoANOd7EC,Const,/job:localhost/replica:0/task:0/device:GPU:0,3.0,0.003
RpJcYINlP2,Const,/job:localhost/replica:0/task:0/device:GPU:0,3.0,0.003
zhmgiupE4k,Const,/job:localhost/replica:0/task:0/device:GPU:0,3.0,0.003
pBd2LuUhn8,Const,/job:localhost/replica:0/task:0/device:GPU:0,3.0,0.003
187lYjdFap,Const,/job:localhost/replica:0/task:0/device:GPU:0,3.0,0.003
pxbvw5VfQP,Const,/job:localhost/replica:0/task:0/device:GPU:0,3.0,0.003
1y5R7NrGVh,Const,/job:localhost/replica:0/task:0/device:GPU:0,3.0,0.003
JunPDdq1XH,Const,/job:localhost/replica:0/task:0/device:GPU:0,3.0,0.003
AEBjkyh6nT,Const,/job:localhost/replica:0/task:0/device:GPU:0,3.0,0.003
TahX0gWjxl,Const,/job:localhost/replica:0/task:0/device:GPU:0,3.0,0.003
GyWqZRuHpS,Const,/job:localhost/replica:0/task:0/device:GPU:0,3.0,0.003
iFhDQpEusI,Const,/job:localhost/replica:0/task:0/device:GPU:0,3.0,0.003
Qlt3x6Udi1,Const,/job:localhost/replica:0/task:0/device:GPU:0,3.0,0.003
6PNd3aZ09A,Const,/job:localhost/replica:0/task:0/device:GPU:0,3.0,0.003
T4WdHoEyze,Const,/job:localhost/replica:0/task:0/device:GPU:0,3.0,0.003
bCsd1zvBFU,Const,/job:localhost/replica:0/task:0/device:GPU:0,3.0,0.003
OfLGqAMdYt,Maximum,/job:localhost/replica:0/task:0/device:GPU:0,3.0,0.003
I0hE4HzFls,Reshape,/job:localhost/replica:0/task:0/device:GPU:0,3.0,0.003
Jp2ANTR17j,StridedSlice,/job:localhost/replica:0/task:0/device:GPU:0,3.0,0.003
bF6s2zCQuP,StridedSlice,/job:localhost/replica:0/task:0/device:GPU:0,3.0,0.003
I5Mc2NzpqA,Shape,/job:localhost/replica:0/task:0/device:GPU:0,3.0,0.003
yeTFUcr3P1,Shape,/job:localhost/replica:0/task:0/device:GPU:0,3.0,0.003
7CIK8xeUsy,Shape,/job:localhost/replica:0/task:0/device:GPU:0,3.0,0.003
ZvFGjLzRNH,Reshape,/job:localhost/replica:0/task:0/device:GPU:0,3.0,0.003
rizp5HaR8g,Maximum,/job:localhost/replica:0/task:0/device:GPU:0,3.0,0.003
oSh7smfZCJ,Pack,/job:localhost/replica:0/task:0/device:GPU:0,3.0,0.003
3b4Pe7pFXY,Const,/job:localhost/replica:0/task:0/device:GPU:0,3.0,0.003
vgp7Zo3Vqx,Switch,/job:localhost/replica:0/task:0/device:GPU:0,3.0,0.003
UZbHY3STtF,Pack,/job:localhost/replica:0/task:0/device:GPU:0,3.0,0.003
liamdVvyfG,Identity,/job:localhost/replica:0/task:0/device:GPU:0,3.0,0.003
vEeFHNXs6h,Identity,/job:localhost/replica:0/task:0/device:GPU:0,3.0,0.003
V2erYSyOgD,Switch,/job:localhost/replica:0/task:0/device:GPU:0,3.0,0.003
duZRIUnc3C,Switch,/job:localhost/replica:0/task:0/device:GPU:0,3.0,0.003
VnQHSuXxAe,Switch,/job:localhost/replica:0/task:0/device:GPU:0,3.0,0.003
Kifbv8qD60,Pack,/job:localhost/replica:0/task:0/device:GPU:0,3.0,0.003
iK3GEn0w17,Reshape,/job:localhost/replica:0/task:0/device:GPU:0,3.0,0.003
gUBAdEeVvm,Reshape,/job:localhost/replica:0/task:0/device:GPU:0,3.0,0.003
L2mgkuUCn7,Reshape,/job:localhost/replica:0/task:0/device:GPU:0,3.0,0.003
opNuF305OD,ExpandDims,/job:localhost/replica:0/task:0/device:GPU:0,3.0,0.003
DmNLt3sU4M,Equal,/job:localhost/replica:0/task:0/device:GPU:0,3.0,0.003
vF1TRKEXom,Reshape,/job:localhost/replica:0/task:0/device:GPU:0,3.0,0.003
oQKgdWFJln,Reshape,/job:localhost/replica:0/task:0/device:GPU:0,3.0,0.003
c9Mpke5CJU,Reshape,/job:localhost/replica:0/task:0/device:GPU:0,3.0,0.003
TKdSDsrMkn,Reshape,/job:localhost/replica:0/task:0/device:GPU:0,3.0,0.003
IM7TQHn2s5,Pack,/job:localhost/replica:0/task:0/device:GPU:0,3.0,0.003
BpI4uz5rUl,Shape,/job:localhost/replica:0/task:0/device:GPU:0,3.0,0.003
hbCiT043rx,Shape,/job:localhost/replica:0/task:0/device:GPU:0,3.0,0.003
8zfEnbPSNH,Shape,/job:localhost/replica:0/task:0/device:GPU:0,3.0,0.003
abuCKIcdFx,Unpack,/job:localhost/replica:0/task:0/device:GPU:0,3.0,0.003
tXYC01Shx5,Unpack,/job:localhost/replica:0/task:0/device:GPU:0,3.0,0.003
DxrKvekjZY,Unpack,/job:localhost/replica:0/task:0/device:GPU:0,3.0,0.003
4LJWyqDFKI,Unpack,/job:localhost/replica:0/task:0/device:GPU:0,3.0,0.003
hNzJ9Kftrk,Pack,/job:localhost/replica:0/task:0/device:GPU:0,3.0,0.003
oIE7pYk8rX,Pack,/job:localhost/replica:0/task:0/device:GPU:0,3.0,0.003
wYTO3zZ64R,Pack,/job:localhost/replica:0/task:0/device:GPU:0,3.0,0.003
LNOIjsJcDV,Shape,/job:localhost/replica:0/task:0/device:GPU:0,3.0,0.003
XdLbuKZC4U,Shape,/job:localhost/replica:0/task:0/device:GPU:0,3.0,0.003
YJUfgn6cpH,Shape,/job:localhost/replica:0/task:0/device:GPU:0,3.0,0.003
6wzRIgDuQc,Unpack,/job:localhost/replica:0/task:0/device:GPU:0,3.0,0.003
WcATXZP3LG,Unpack,/job:localhost/replica:0/task:0/device:GPU:0,3.0,0.003
c0O9M4QSkj,Unpack,/job:localhost/replica:0/task:0/device:GPU:0,3.0,0.003
xP3GUl9kdt,Unpack,/job:localhost/replica:0/task:0/device:GPU:0,3.0,0.003
IGmqnxfFsB,Unpack,/job:localhost/replica:0/task:0/device:GPU:0,3.0,0.003
AagHnxU0tl,Pack,/job:localhost/replica:0/task:0/device:GPU:0,3.0,0.003
C3jzrTb4Ut,Pack,/job:localhost/replica:0/task:0/device:GPU:0,3.0,0.003
eB2W64USh1,Reshape,/job:localhost/replica:0/task:0/device:GPU:0,3.0,0.003
V9PieA4BLq,Shape,/job:localhost/replica:0/task:0/device:GPU:0,3.0,0.003
Ls4v68fnVi,Unpack,/job:localhost/replica:0/task:0/device:GPU:0,3.0,0.003
t4ay1dOHP9,Unpack,/job:localhost/replica:0/task:0/device:GPU:0,3.0,0.003
U6iBS5Qmav,Unpack,/job:localhost/replica:0/task:0/device:GPU:0,3.0,0.003
gCyko97jxd,Unpack,/job:localhost/replica:0/task:0/device:GPU:0,3.0,0.003
R07xzO2BIy,Unpack,/job:localhost/replica:0/task:0/device:GPU:0,3.0,0.003
5YIqa9jSeW,Unpack,/job:localhost/replica:0/task:0/device:GPU:0,3.0,0.003
Fkc8OHGzyn,Pack,/job:localhost/replica:0/task:0/device:GPU:0,3.0,0.003
IgNmcG6dz7,Pack,/job:localhost/replica:0/task:0/device:GPU:0,3.0,0.003
0itxoGIOYX,Unpack,/job:localhost/replica:0/task:0/device:GPU:0,3.0,0.003
UDiCH42LRF,Unpack,/job:localhost/replica:0/task:0/device:GPU:0,3.0,0.003
PGWp5nXx3v,Unpack,/job:localhost/replica:0/task:0/device:GPU:0,3.0,0.003
08kUz6NTFY,Unpack,/job:localhost/replica:0/task:0/device:GPU:0,3.0,0.003
X86KxLNti2,Unpack,/job:localhost/replica:0/task:0/device:GPU:0,3.0,0.003
FVCuhlI9oY,Unpack,/job:localhost/replica:0/task:0/device:GPU:0,3.0,0.003
CI1bJFj9xf,Reshape,/job:localhost/replica:0/task:0/device:GPU:0,3.0,0.003
lpqQg4KhIv,Unpack,/job:localhost/replica:0/task:0/device:GPU:0,3.0,0.003
kRdGPCSXxZ,Unpack,/job:localhost/replica:0/task:0/device:GPU:0,3.0,0.003
scMDph5kYT,Unpack,/job:localhost/replica:0/task:0/device:GPU:0,3.0,0.003
vXWBzNldg1,Unpack,/job:localhost/replica:0/task:0/device:GPU:0,3.0,0.003
R2HtlauQyT,Unpack,/job:localhost/replica:0/task:0/device:GPU:0,3.0,0.003
YRg8EfAXiU,Unpack,/job:localhost/replica:0/task:0/device:GPU:0,3.0,0.003
mKvDd0BwHp,Unpack,/job:localhost/replica:0/task:0/device:GPU:0,3.0,0.003
fTYIl8R6qQ,Unpack,/job:localhost/replica:0/task:0/device:GPU:0,3.0,0.003
BV0ZQMtSq7,Pack,/job:localhost/replica:0/task:0/device:GPU:0,3.0,0.003
2J8BMia1uR,Shape,/job:localhost/replica:0/task:0/device:GPU:0,3.0,0.003
A1dkfiVY4t,Shape,/job:localhost/replica:0/task:0/device:GPU:0,3.0,0.003
nAq29JjMf6,Unpack,/job:localhost/replica:0/task:0/device:GPU:0,3.0,0.003
tRglDw09Bv,Unpack,/job:localhost/replica:0/task:0/device:GPU:0,3.0,0.003
RICdykVD1n,Unpack,/job:localhost/replica:0/task:0/device:GPU:0,3.0,0.003
Q7osvxktVF,Unpack,/job:localhost/replica:0/task:0/device:GPU:0,3.0,0.003
ITQ32yOHoE,Pack,/job:localhost/replica:0/task:0/device:GPU:0,3.0,0.003
xfmeio2B64,Mul,/job:localhost/replica:0/task:0/device:GPU:0,3.0,0.003
RCujOsHVEQ,Reshape,/job:localhost/replica:0/task:0/device:GPU:0,3.0,0.003
NI8CTm0k57,Reshape,/job:localhost/replica:0/task:0/device:GPU:0,3.0,0.003
xQFen6EzZK,Unpack,/job:localhost/replica:0/task:0/device:GPU:0,3.0,0.003
Uq7P1HQFxL,Unpack,/job:localhost/replica:0/task:0/device:GPU:0,3.0,0.003
Binzfp3MDj,Shape,/job:localhost/replica:0/task:0/device:GPU:0,3.0,0.003
RUQlhPanTY,Shape,/job:localhost/replica:0/task:0/device:GPU:0,3.0,0.003
xUWX0wZ4vp,Pack,/job:localhost/replica:0/task:0/device:GPU:0,3.0,0.003
MaG8lOmBQA,Unpack,/job:localhost/replica:0/task:0/device:GPU:0,3.0,0.003
m5wlV73vkU,Unpack,/job:localhost/replica:0/task:0/device:GPU:0,3.0,0.003
BK0vxwZrlG,Unpack,/job:localhost/replica:0/task:0/device:GPU:0,3.0,0.003
RVsy0rN6hn,Unpack,/job:localhost/replica:0/task:0/device:GPU:0,3.0,0.003
fetwpz85by,Pack,/job:localhost/replica:0/task:0/device:GPU:0,3.0,0.003
5fviHxoAWp,Unpack,/job:localhost/replica:0/task:0/device:GPU:0,3.0,0.003
tSQHAwImTK,Unpack,/job:localhost/replica:0/task:0/device:GPU:0,3.0,0.003
4NlqJQenkZ,Unpack,/job:localhost/replica:0/task:0/device:GPU:0,3.0,0.003
GorZniVcUE,Unpack,/job:localhost/replica:0/task:0/device:GPU:0,3.0,0.003
8rwN0ksHpx,Pack,/job:localhost/replica:0/task:0/device:GPU:0,3.0,0.003
3qYzM25rUN,Pack,/job:localhost/replica:0/task:0/device:GPU:0,3.0,0.003
cQmJL5kIsn,Pack,/job:localhost/replica:0/task:0/device:GPU:0,3.0,0.003
DIifKv8x7s,Squeeze,/job:localhost/replica:0/task:0/device:GPU:0,3.0,0.003
Enm2pYKfSu,Shape,/job:localhost/replica:0/task:0/device:GPU:0,3.0,0.003
i17jvSI9tr,Pack,/job:localhost/replica:0/task:0/device:GPU:0,3.0,0.003
LzVse2Opgv,Pack,/job:localhost/replica:0/task:0/device:GPU:0,3.0,0.003
hKon8J9fA0,Shape,/job:localhost/replica:0/task:0/device:GPU:0,3.0,0.003
NxvWhzB3TV,Mean,/job:localhost/replica:0/task:0/device:GPU:0,3.0,0.003
rlzdfxPsG7,Shape,/job:localhost/replica:0/task:0/device:GPU:0,3.0,0.003
iQ4W1ketbF,Pack,/job:localhost/replica:0/task:0/device:GPU:0,3.0,0.003
x5fNqH2UlP,Shape,/job:localhost/replica:0/task:0/device:GPU:0,3.0,0.003
FWKh7G391u,Pack,/job:localhost/replica:0/task:0/device:GPU:0,3.0,0.003
7GtZw1cEzO,Reshape,/job:localhost/replica:0/task:0/device:GPU:0,3.0,0.003
uwFxNsPvBo,Mean,/job:localhost/replica:0/task:0/device:GPU:0,3.0,0.003
uTUxdleFCV,Prod,/job:localhost/replica:0/task:0/device:GPU:0,3.0,0.003
_arg_YoUHTO3PNy_0_558,Placeholder,/job:localhost/replica:0/task:0/device:CPU:0,3.0,0.003
_arg_YgUSz1sRHC_0_555,Placeholder,/job:localhost/replica:0/task:0/device:CPU:0,3.0,0.003
_arg_Z5vltuKpyf_0_562,Placeholder,/job:localhost/replica:0/task:0/device:CPU:0,3.0,0.003
_arg_d0C9wTRcAu_0_621,Placeholder,/job:localhost/replica:0/task:0/device:CPU:0,3.0,0.003
_arg_bnr6K3x1Y0_0_599,Placeholder,/job:localhost/replica:0/task:0/device:CPU:0,3.0,0.003
_arg_ekmhFAl1ZH_0_652,Placeholder,/job:localhost/replica:0/task:0/device:CPU:0,3.0,0.003
_arg_b7FIDCVQ6j_0_591,Placeholder,/job:localhost/replica:0/task:0/device:CPU:0,3.0,0.003
_arg_gftCSszOo4_0_691,Placeholder,/job:localhost/replica:0/task:0/device:CPU:0,3.0,0.003
_arg_ZnxTCgOAbQ_0_573,Placeholder,/job:localhost/replica:0/task:0/device:CPU:0,3.0,0.003
_arg_aBVF1bIUh8_0_580,Placeholder,/job:localhost/replica:0/task:0/device:CPU:0,3.0,0.003
_arg_ezACbR3xuw_0_656,Placeholder,/job:localhost/replica:0/task:0/device:CPU:0,3.0,0.003
_arg_cZyUS5Lt6h_0_611,Placeholder,/job:localhost/replica:0/task:0/device:CPU:0,3.0,0.003
_arg_btne4vP9sd_0_601,Placeholder,/job:localhost/replica:0/task:0/device:CPU:0,3.0,0.003
_arg_czqYaB0x2j_0_620,Placeholder,/job:localhost/replica:0/task:0/device:CPU:0,3.0,0.003
_arg_f0KExPW6wh_0_657,Placeholder,/job:localhost/replica:0/task:0/device:CPU:0,3.0,0.003
_arg_gMBNj4X2Hi_0_680,Placeholder,/job:localhost/replica:0/task:0/device:CPU:0,3.0,0.003
_arg_f1cKF0BJ32_0_658,Placeholder,/job:localhost/replica:0/task:0/device:CPU:0,3.0,0.003
_arg_fi3EOxUHlZ_0_670,Placeholder,/job:localhost/replica:0/task:0/device:CPU:0,3.0,0.003
_arg_ackeLbPGFl_0_585,Placeholder,/job:localhost/replica:0/task:0/device:CPU:0,3.0,0.003
_arg_f2zAVw0v5g_0_659,Placeholder,/job:localhost/replica:0/task:0/device:CPU:0,3.0,0.003
_arg_gUlsIxtw3Z_0_685,Placeholder,/job:localhost/replica:0/task:0/device:CPU:0,3.0,0.003
_arg_gdpvWSC2wE_0_689,Placeholder,/job:localhost/replica:0/task:0/device:CPU:0,3.0,0.003
_arg_hHa4UQfpDB_0_701,Placeholder,/job:localhost/replica:0/task:0/device:CPU:0,3.0,0.003
_arg_hUpTaBqxuM_0_707,Placeholder,/job:localhost/replica:0/task:0/device:CPU:0,3.0,0.003
_arg_hjQz8AsTkV_0_711,Placeholder,/job:localhost/replica:0/task:0/device:CPU:0,3.0,0.003
_arg_fwZPRux1Ko_0_674,Placeholder,/job:localhost/replica:0/task:0/device:CPU:0,3.0,0.003
_arg_hNaKUlcX54_0_702,Placeholder,/job:localhost/replica:0/task:0/device:CPU:0,3.0,0.003
_arg_iLDdC7Q5fh_0_716,Placeholder,/job:localhost/replica:0/task:0/device:CPU:0,3.0,0.003
_arg_jygNZ8iHUx_0_742,Placeholder,/job:localhost/replica:0/task:0/device:CPU:0,3.0,0.003
_arg_gEQ2NkWzX5_0_678,Placeholder,/job:localhost/replica:0/task:0/device:CPU:0,3.0,0.003
_arg_zOC2anJTkj_0_961,Placeholder,/job:localhost/replica:0/task:0/device:CPU:0,3.0,0.003
_arg_i21RcvHrOt_0_713,Placeholder,/job:localhost/replica:0/task:0/device:CPU:0,3.0,0.003
_arg_iOX4JmeZF0_0_717,Placeholder,/job:localhost/replica:0/task:0/device:CPU:0,3.0,0.003
_arg_xkFawVIlZc_0_937,Placeholder,/job:localhost/replica:0/task:0/device:CPU:0,3.0,0.003
_arg_zCg25KiIAd_0_958,Placeholder,/job:localhost/replica:0/task:0/device:CPU:0,3.0,0.003
_arg_wg39FKSPtX_0_918,Placeholder,/job:localhost/replica:0/task:0/device:CPU:0,3.0,0.003
_arg_wsIvtC28T4_0_921,Placeholder,/job:localhost/replica:0/task:0/device:CPU:0,3.0,0.003
_arg_x6aLnYFbI7_0_925,Placeholder,/job:localhost/replica:0/task:0/device:CPU:0,3.0,0.003
_arg_xYVDCTLIen_0_933,Placeholder,/job:localhost/replica:0/task:0/device:CPU:0,3.0,0.003
_arg_yFPsTJOz1B_0_942,Placeholder,/job:localhost/replica:0/task:0/device:CPU:0,3.0,0.003
_arg_yMh5f1vkHG_0_946,Placeholder,/job:localhost/replica:0/task:0/device:CPU:0,3.0,0.003
_arg_wQDn1236gu_0_914,Placeholder,/job:localhost/replica:0/task:0/device:CPU:0,3.0,0.003
_arg_yFTfnDoS9b_0_943,Placeholder,/job:localhost/replica:0/task:0/device:CPU:0,3.0,0.003
_arg_yMwWiZcOr7_0_947,Placeholder,/job:localhost/replica:0/task:0/device:CPU:0,3.0,0.003
_arg_ych0Cjif7t_0_951,Placeholder,/job:localhost/replica:0/task:0/device:CPU:0,3.0,0.003
_arg_wOSpM1r30I_0_912,Placeholder,/job:localhost/replica:0/task:0/device:CPU:0,3.0,0.003
_arg_xQZjsE4yUi_0_931,Placeholder,/job:localhost/replica:0/task:0/device:CPU:0,3.0,0.003
_arg_GEX3comF48_0_242,Placeholder,/job:localhost/replica:0/task:0/device:CPU:0,3.0,0.003
_arg_Gx8Nh9pTv3_0_249,Placeholder,/job:localhost/replica:0/task:0/device:CPU:0,3.0,0.003
_arg_ILh1gxDyYu_0_277,Placeholder,/job:localhost/replica:0/task:0/device:CPU:0,3.0,0.003
_arg_H963Nq2Ivi_0_254,Placeholder,/job:localhost/replica:0/task:0/device:CPU:0,3.0,0.003
_arg_IUYnMw6dgr_0_282,Placeholder,/job:localhost/replica:0/task:0/device:CPU:0,3.0,0.003
_arg_JcVqzFn7tR_0_304,Placeholder,/job:localhost/replica:0/task:0/device:CPU:0,3.0,0.003
_arg_LIrR3K2j51_0_342,Placeholder,/job:localhost/replica:0/task:0/device:CPU:0,3.0,0.003
_arg_MPClqv4pXT_0_361,Placeholder,/job:localhost/replica:0/task:0/device:CPU:0,3.0,0.003
_arg_MT1KmjECYJ_0_364,Placeholder,/job:localhost/replica:0/task:0/device:CPU:0,3.0,0.003
_arg_OAzNC2ZfFy_0_390,Placeholder,/job:localhost/replica:0/task:0/device:CPU:0,3.0,0.003
_arg_OgEnyjVGNF_0_401,Placeholder,/job:localhost/replica:0/task:0/device:CPU:0,3.0,0.003
_arg_OgfdYoijG7_0_402,Placeholder,/job:localhost/replica:0/task:0/device:CPU:0,3.0,0.003
_arg_Qbqv8uKfVx_0_428,Placeholder,/job:localhost/replica:0/task:0/device:CPU:0,3.0,0.003
_arg_Ql69YyogNG_0_432,Placeholder,/job:localhost/replica:0/task:0/device:CPU:0,3.0,0.003
_arg_O3a6EcJrv2_0_388,Placeholder,/job:localhost/replica:0/task:0/device:CPU:0,3.0,0.003
_arg_OBwTEjpyYH_0_392,Placeholder,/job:localhost/replica:0/task:0/device:CPU:0,3.0,0.003
_arg_Og4uls5Tzd_0_400,Placeholder,/job:localhost/replica:0/task:0/device:CPU:0,3.0,0.003
_arg_PsJFjIpN2c_0_418,Placeholder,/job:localhost/replica:0/task:0/device:CPU:0,3.0,0.003
_arg_OpVWnoYMdE_0_404,Placeholder,/job:localhost/replica:0/task:0/device:CPU:0,3.0,0.003
_arg_RdxBeozrhf_0_441,Placeholder,/job:localhost/replica:0/task:0/device:CPU:0,3.0,0.003
_arg_TUDsbC42Xf_0_471,Placeholder,/job:localhost/replica:0/task:0/device:CPU:0,3.0,0.003
_arg_SMkOyC7avj_0_454,Placeholder,/job:localhost/replica:0/task:0/device:CPU:0,3.0,0.003
_arg_TouZ9Bq86L_0_476,Placeholder,/job:localhost/replica:0/task:0/device:CPU:0,3.0,0.003
_arg_UB4aPqyedD_0_486,Placeholder,/job:localhost/replica:0/task:0/device:CPU:0,3.0,0.003
_arg_TyvP4rM58L_0_481,Placeholder,/job:localhost/replica:0/task:0/device:CPU:0,3.0,0.003
_arg_HNZsUic9Ia_0_260,Placeholder,/job:localhost/replica:0/task:0/device:CPU:0,3.0,0.003
_arg_HosilaJZcG_0_268,Placeholder,/job:localhost/replica:0/task:0/device:CPU:0,3.0,0.003
_arg_Lnvfwhsok7_0_351,Placeholder,/job:localhost/replica:0/task:0/device:CPU:0,3.0,0.003
_arg_LT3A6vFO5E_0_344,Placeholder,/job:localhost/replica:0/task:0/device:CPU:0,3.0,0.003
_arg_UPL1q30w5W_0_492,Placeholder,/job:localhost/replica:0/task:0/device:CPU:0,3.0,0.003
_arg_JFrGskNhD7_0_297,Placeholder,/job:localhost/replica:0/task:0/device:CPU:0,3.0,0.003
_arg_JQoc0up9kK_0_302,Placeholder,/job:localhost/replica:0/task:0/device:CPU:0,3.0,0.003
_arg_LpyVu1z7oi_0_353,Placeholder,/job:localhost/replica:0/task:0/device:CPU:0,3.0,0.003
_arg_LWqG0cYehB_0_346,Placeholder,/job:localhost/replica:0/task:0/device:CPU:0,3.0,0.003
_arg_M9djLnNXsE_0_357,Placeholder,/job:localhost/replica:0/task:0/device:CPU:0,3.0,0.003
_arg_J9AMghrQSP_0_295,Placeholder,/job:localhost/replica:0/task:0/device:CPU:0,3.0,0.003
_arg_3pOFJMfZcY_0_66,Placeholder,/job:localhost/replica:0/task:0/device:CPU:0,3.0,0.003
_arg_36gukBz148_0_47,Placeholder,/job:localhost/replica:0/task:0/device:CPU:0,3.0,0.003
_arg_4AOm5HQeXD_0_74,Placeholder,/job:localhost/replica:0/task:0/device:CPU:0,3.0,0.003
_arg_3gpi7vkcBr_0_63,Placeholder,/job:localhost/replica:0/task:0/device:CPU:0,3.0,0.003
_arg_3pkXYZaQRl_0_68,Placeholder,/job:localhost/replica:0/task:0/device:CPU:0,3.0,0.003
_arg_1FDsSz069l_0_21,Placeholder,/job:localhost/replica:0/task:0/device:CPU:0,3.0,0.003
_arg_3CABlqbZE2_0_49,Placeholder,/job:localhost/replica:0/task:0/device:CPU:0,3.0,0.003
_arg_3qmCDvXO5y_0_69,Placeholder,/job:localhost/replica:0/task:0/device:CPU:0,3.0,0.003
_arg_4OK8HRUIjp_0_77,Placeholder,/job:localhost/replica:0/task:0/device:CPU:0,3.0,0.003
_arg_3ME0JLnCyF_0_52,Placeholder,/job:localhost/replica:0/task:0/device:CPU:0,3.0,0.003
_arg_6h35CmObtz_0_108,Placeholder,/job:localhost/replica:0/task:0/device:CPU:0,3.0,0.003
_arg_4R02xFgoLe_0_78,Placeholder,/job:localhost/replica:0/task:0/device:CPU:0,3.0,0.003
_arg_6ramYsOg30_0_109,Placeholder,/job:localhost/replica:0/task:0/device:CPU:0,3.0,0.003
_arg_1QCP6H3GqE_0_23,Placeholder,/job:localhost/replica:0/task:0/device:CPU:0,3.0,0.003
_arg_4WgZJ3G9QI_0_81,Placeholder,/job:localhost/replica:0/task:0/device:CPU:0,3.0,0.003
_arg_o7Rgb0XwCE_0_797,Placeholder,/job:localhost/replica:0/task:0/device:CPU:0,3.0,0.003
_arg_4b5CQRpEIJ_0_82,Placeholder,/job:localhost/replica:0/task:0/device:CPU:0,3.0,0.003
_arg_nuEGzgN78x_0_793,Placeholder,/job:localhost/replica:0/task:0/device:CPU:0,3.0,0.003
_arg_kxViRsbHlp_0_757,Placeholder,/job:localhost/replica:0/task:0/device:CPU:0,3.0,0.003
_arg_5RaWrczbqu_0_90,Placeholder,/job:localhost/replica:0/task:0/device:CPU:0,3.0,0.003
_arg_mGIvgUCw1s_0_777,Placeholder,/job:localhost/replica:0/task:0/device:CPU:0,3.0,0.003
_arg_nGXf3IQj6U_0_789,Placeholder,/job:localhost/replica:0/task:0/device:CPU:0,3.0,0.003
_arg_0BmqGcadnH_0_0,Placeholder,/job:localhost/replica:0/task:0/device:CPU:0,3.0,0.003
_arg_nwHGPKYWyS_0_794,Placeholder,/job:localhost/replica:0/task:0/device:CPU:0,3.0,0.003
_arg_8VS6lyfXtu_0_130,Placeholder,/job:localhost/replica:0/task:0/device:CPU:0,3.0,0.003
_arg_FNITlocvfu_0_224,Placeholder,/job:localhost/replica:0/task:0/device:CPU:0,3.0,0.003
_arg_Fu8mskwLEH_0_238,Placeholder,/job:localhost/replica:0/task:0/device:CPU:0,3.0,0.003
_arg_9t81ZovRnm_0_148,Placeholder,/job:localhost/replica:0/task:0/device:CPU:0,3.0,0.003
_arg_D2hnSNdTve_0_186,Placeholder,/job:localhost/replica:0/task:0/device:CPU:0,3.0,0.003
_arg_BfaF6pRIxy_0_169,Placeholder,/job:localhost/replica:0/task:0/device:CPU:0,3.0,0.003
_arg_p9b0agHPrj_0_814,Placeholder,/job:localhost/replica:0/task:0/device:CPU:0,3.0,0.003
_arg_r0lfN73wzi_0_840,Placeholder,/job:localhost/replica:0/task:0/device:CPU:0,3.0,0.003
_arg_qKx8i6VA1Y_0_831,Placeholder,/job:localhost/replica:0/task:0/device:CPU:0,3.0,0.003
_arg_vRAjBfx4d7_0_900,Placeholder,/job:localhost/replica:0/task:0/device:CPU:0,3.0,0.003
_arg_Vxyjelg6Na_0_515,Placeholder,/job:localhost/replica:0/task:0/device:CPU:0,3.0,0.003
_arg_UnLAWsGh7Y_0_496,Placeholder,/job:localhost/replica:0/task:0/device:CPU:0,3.0,0.003
AfvuQpP6eH,Switch,/job:localhost/replica:0/task:0/device:CPU:0,3.0,0.003
h4C0i8WRsK,Switch,/job:localhost/replica:0/task:0/device:CPU:0,3.0,0.003
hq4XsyEirI,Switch,/job:localhost/replica:0/task:0/device:CPU:0,3.0,0.003
5oD1InFOWm,Const,/job:localhost/replica:0/task:0/device:GPU:0,2.0,0.002
AoXN78REMk,Const,/job:localhost/replica:0/task:0/device:GPU:0,2.0,0.002
Y7e8pdu1Qz,Const,/job:localhost/replica:0/task:0/device:GPU:0,2.0,0.002
Pg4EjwUZOe,Const,/job:localhost/replica:0/task:0/device:GPU:0,2.0,0.002
jpD06FecWT,Const,/job:localhost/replica:0/task:0/device:GPU:0,2.0,0.002
gfiqZHtDwO,Const,/job:localhost/replica:0/task:0/device:GPU:0,2.0,0.002
12zygm9BYN,Const,/job:localhost/replica:0/task:0/device:GPU:0,2.0,0.002
UwpqIEsFgQ,Const,/job:localhost/replica:0/task:0/device:GPU:0,2.0,0.002
vh0aBAP9HG,Const,/job:localhost/replica:0/task:0/device:GPU:0,2.0,0.002
YdZShjILag,Const,/job:localhost/replica:0/task:0/device:GPU:0,2.0,0.002
AU3RSJb0Y2,Const,/job:localhost/replica:0/task:0/device:GPU:0,2.0,0.002
42a8HnNW0T,Const,/job:localhost/replica:0/task:0/device:GPU:0,2.0,0.002
jYSX0Ewuxa,Const,/job:localhost/replica:0/task:0/device:GPU:0,2.0,0.002
o2FcyUDius,Const,/job:localhost/replica:0/task:0/device:GPU:0,2.0,0.002
nczfVlAm3Z,Const,/job:localhost/replica:0/task:0/device:GPU:0,2.0,0.002
xrTnLYV6v2,Const,/job:localhost/replica:0/task:0/device:GPU:0,2.0,0.002
OlCkVL4m5o,Const,/job:localhost/replica:0/task:0/device:GPU:0,2.0,0.002
3OWeHRzS8Z,Const,/job:localhost/replica:0/task:0/device:GPU:0,2.0,0.002
gNTmGWtDsw,Const,/job:localhost/replica:0/task:0/device:GPU:0,2.0,0.002
17aLwUZYFh,Const,/job:localhost/replica:0/task:0/device:GPU:0,2.0,0.002
RGhme0Cgfd,Const,/job:localhost/replica:0/task:0/device:GPU:0,2.0,0.002
3He47kSwKx,Const,/job:localhost/replica:0/task:0/device:GPU:0,2.0,0.002
qgu8ahTzbH,Const,/job:localhost/replica:0/task:0/device:GPU:0,2.0,0.002
J5n0rsgVB4,Const,/job:localhost/replica:0/task:0/device:GPU:0,2.0,0.002
oyFHWQlGXj,Const,/job:localhost/replica:0/task:0/device:GPU:0,2.0,0.002
fwmVUM7qjv,Const,/job:localhost/replica:0/task:0/device:GPU:0,2.0,0.002
PsafDviMk8,Const,/job:localhost/replica:0/task:0/device:GPU:0,2.0,0.002
it8KBRT4As,Const,/job:localhost/replica:0/task:0/device:GPU:0,2.0,0.002
AdSuVJ0yrg,Const,/job:localhost/replica:0/task:0/device:GPU:0,2.0,0.002
bw5O1dIfSK,Const,/job:localhost/replica:0/task:0/device:GPU:0,2.0,0.002
m5EHPaLlxB,Const,/job:localhost/replica:0/task:0/device:GPU:0,2.0,0.002
dQzWahwDJH,Const,/job:localhost/replica:0/task:0/device:GPU:0,2.0,0.002
Esqv4O9DXV,Const,/job:localhost/replica:0/task:0/device:GPU:0,2.0,0.002
Sth9zMu38L,Const,/job:localhost/replica:0/task:0/device:GPU:0,2.0,0.002
ZSOgQ2RWIY,Const,/job:localhost/replica:0/task:0/device:GPU:0,2.0,0.002
KJFtkLwXsd,Const,/job:localhost/replica:0/task:0/device:GPU:0,2.0,0.002
aNQFoBkGOs,Const,/job:localhost/replica:0/task:0/device:GPU:0,2.0,0.002
gyf58IEq9Y,Const,/job:localhost/replica:0/task:0/device:GPU:0,2.0,0.002
bB6crAs2J5,Const,/job:localhost/replica:0/task:0/device:GPU:0,2.0,0.002
jUz4DxhWnb,Const,/job:localhost/replica:0/task:0/device:GPU:0,2.0,0.002
32JolZ9QEn,Const,/job:localhost/replica:0/task:0/device:GPU:0,2.0,0.002
otNIGhwsWd/_324__cf__324,Reshape,/job:localhost/replica:0/task:0/device:GPU:0,2.0,0.002
q082JPKTBC/_326__cf__326,Reshape,/job:localhost/replica:0/task:0/device:GPU:0,2.0,0.002
qrEp8Y2Ffm/_331__cf__331,Reshape,/job:localhost/replica:0/task:0/device:GPU:0,2.0,0.002
r8h0DLFzjn/_332__cf__332,Reshape,/job:localhost/replica:0/task:0/device:GPU:0,2.0,0.002
t8I0wYsjZ2/_340__cf__340,Reshape,/job:localhost/replica:0/task:0/device:GPU:0,2.0,0.002
yV74sj1oJi/_376__cf__376,Reshape,/job:localhost/replica:0/task:0/device:GPU:0,2.0,0.002
uqHYer4JbZ/_349__cf__349,Reshape,/job:localhost/replica:0/task:0/device:GPU:0,2.0,0.002
gF4vWAC2GJ,Const,/job:localhost/replica:0/task:0/device:GPU:0,2.0,0.002
5yi9P7ct38/_44__cf__44,Reshape,/job:localhost/replica:0/task:0/device:GPU:0,2.0,0.002
6OTfkRJwuB/_49__cf__49,Reshape,/job:localhost/replica:0/task:0/device:GPU:0,2.0,0.002
6cjwP2R5T8/_51__cf__51,Reshape,/job:localhost/replica:0/task:0/device:GPU:0,2.0,0.002
CSliQhOpNU/_93__cf__93,Reshape,/job:localhost/replica:0/task:0/device:GPU:0,2.0,0.002
EqkfPGFtV7/_106__cf__106,Reshape,/job:localhost/replica:0/task:0/device:GPU:0,2.0,0.002
FolBHcL53v/_113__cf__113,Reshape,/job:localhost/replica:0/task:0/device:GPU:0,2.0,0.002
I2PxWkHYLG/_123__cf__123,Reshape,/job:localhost/replica:0/task:0/device:GPU:0,2.0,0.002
AzJq5FrMBe/_77__cf__77,Reshape,/job:localhost/replica:0/task:0/device:GPU:0,2.0,0.002
G7OIU13PD0/_114__cf__114,Reshape,/job:localhost/replica:0/task:0/device:GPU:0,2.0,0.002
Nq5BYIHM7R/_159__cf__159,Reshape,/job:localhost/replica:0/task:0/device:GPU:0,2.0,0.002
NERA2quntG/_157__cf__157,Reshape,/job:localhost/replica:0/task:0/device:GPU:0,2.0,0.002
OzpCTybaoY/_167__cf__167,Reshape,/job:localhost/replica:0/task:0/device:GPU:0,2.0,0.002
RJqphU2AYr/_185__cf__185,Sqrt,/job:localhost/replica:0/task:0/device:GPU:0,2.0,0.002
Z2dDOzELm8/_232__cf__232,Reshape,/job:localhost/replica:0/task:0/device:GPU:0,2.0,0.002
QZA32p6riF/_181__cf__181,Reshape,/job:localhost/replica:0/task:0/device:GPU:0,2.0,0.002
Rd8m9IrAfl/_187__cf__187,Sub,/job:localhost/replica:0/task:0/device:GPU:0,2.0,0.002
S9IhdzMKsw/_190__cf__190,Reshape,/job:localhost/replica:0/task:0/device:GPU:0,2.0,0.002
TqQcdup9GH/_201__cf__201,Reshape,/job:localhost/replica:0/task:0/device:GPU:0,2.0,0.002
cN8dTQPAW1/_253__cf__253,Reshape,/job:localhost/replica:0/task:0/device:GPU:0,2.0,0.002
lItjVwrYfx/_300__cf__300,Reshape,/job:localhost/replica:0/task:0/device:GPU:0,2.0,0.002
auwHEQFmAg/_244__cf__244,Reshape,/job:localhost/replica:0/task:0/device:GPU:0,2.0,0.002
g9GTlh6PC5/_272__cf__272,Reshape,/job:localhost/replica:0/task:0/device:GPU:0,2.0,0.002
lZBPIOaRfv/_302__cf__302,Reshape,/job:localhost/replica:0/task:0/device:GPU:0,2.0,0.002
3SXvCjIDwh,Slice,/job:localhost/replica:0/task:0/device:GPU:0,2.0,0.002
ro2Ka9WvYt,Slice,/job:localhost/replica:0/task:0/device:GPU:0,2.0,0.002
GkRFaTghxH,Slice,/job:localhost/replica:0/task:0/device:GPU:0,2.0,0.002
kV618r2WPu,Slice,/job:localhost/replica:0/task:0/device:GPU:0,2.0,0.002
YKxmo10bLQ,Slice,/job:localhost/replica:0/task:0/device:GPU:0,2.0,0.002
Jly3Gq6NP9,Slice,/job:localhost/replica:0/task:0/device:GPU:0,2.0,0.002
C2bAMepR6B,Slice,/job:localhost/replica:0/task:0/device:GPU:0,2.0,0.002
QD8FuBzvIR,Slice,/job:localhost/replica:0/task:0/device:GPU:0,2.0,0.002
Q3pZPeovsT,Slice,/job:localhost/replica:0/task:0/device:GPU:0,2.0,0.002
E5DmSGltYL,Slice,/job:localhost/replica:0/task:0/device:GPU:0,2.0,0.002
vwlKCWLVRy,Slice,/job:localhost/replica:0/task:0/device:GPU:0,2.0,0.002
H94RIax7nh,Slice,/job:localhost/replica:0/task:0/device:GPU:0,2.0,0.002
LcuYVQNKfW,Slice,/job:localhost/replica:0/task:0/device:GPU:0,2.0,0.002
PyhmUFVLeb,Slice,/job:localhost/replica:0/task:0/device:GPU:0,2.0,0.002
kTAsC1LMVp,Slice,/job:localhost/replica:0/task:0/device:GPU:0,2.0,0.002
PUwKsoNWg7,Slice,/job:localhost/replica:0/task:0/device:GPU:0,2.0,0.002
6DXYVoa3cB,Slice,/job:localhost/replica:0/task:0/device:GPU:0,2.0,0.002
yE9xB21t5j,Slice,/job:localhost/replica:0/task:0/device:GPU:0,2.0,0.002
icSmXBINnE,Slice,/job:localhost/replica:0/task:0/device:GPU:0,2.0,0.002
qwBHoesrdY,Slice,/job:localhost/replica:0/task:0/device:GPU:0,2.0,0.002
WbxohE8X3U,Slice,/job:localhost/replica:0/task:0/device:GPU:0,2.0,0.002
ktoguymB2P,Slice,/job:localhost/replica:0/task:0/device:GPU:0,2.0,0.002
tTEQK5SAdz,Slice,/job:localhost/replica:0/task:0/device:GPU:0,2.0,0.002
AIbTFkZBOR,Slice,/job:localhost/replica:0/task:0/device:GPU:0,2.0,0.002
dZVtjp7G41,Slice,/job:localhost/replica:0/task:0/device:GPU:0,2.0,0.002
dHA1SxVbqL,Slice,/job:localhost/replica:0/task:0/device:GPU:0,2.0,0.002
vcn8KfQHjw,Const,/job:localhost/replica:0/task:0/device:GPU:0,2.0,0.002
vkobpZdzY3,Const,/job:localhost/replica:0/task:0/device:GPU:0,2.0,0.002
yxmq4lzN52,Slice,/job:localhost/replica:0/task:0/device:GPU:0,2.0,0.002
Da8Eo75Wxy,Const,/job:localhost/replica:0/task:0/device:GPU:0,2.0,0.002
itsxaMmZ4N,Slice,/job:localhost/replica:0/task:0/device:GPU:0,2.0,0.002
QbEonqArS0,Const,/job:localhost/replica:0/task:0/device:GPU:0,2.0,0.002
7coQIpSZ1l,Const,/job:localhost/replica:0/task:0/device:GPU:0,2.0,0.002
r7yKU6B1zP,Const,/job:localhost/replica:0/task:0/device:GPU:0,2.0,0.002
8SbFBJkalm,Const,/job:localhost/replica:0/task:0/device:GPU:0,2.0,0.002
5NnMw87RIT,Const,/job:localhost/replica:0/task:0/device:GPU:0,2.0,0.002
ag8ST1mRKN,Const,/job:localhost/replica:0/task:0/device:GPU:0,2.0,0.002
H4maBv2YAz,Slice,/job:localhost/replica:0/task:0/device:GPU:0,2.0,0.002
futlJUnyrA,Slice,/job:localhost/replica:0/task:0/device:GPU:0,2.0,0.002
0oQ6HSB7R1,Slice,/job:localhost/replica:0/task:0/device:GPU:0,2.0,0.002
taTgrcAd9x,Slice,/job:localhost/replica:0/task:0/device:GPU:0,2.0,0.002
ZsOFE0ckt2,Const,/job:localhost/replica:0/task:0/device:GPU:0,2.0,0.002
jvuWKRFbM9,Const,/job:localhost/replica:0/task:0/device:GPU:0,2.0,0.002
14Num09LWF,Const,/job:localhost/replica:0/task:0/device:GPU:0,2.0,0.002
We7BIX5TqO,Const,/job:localhost/replica:0/task:0/device:GPU:0,2.0,0.002
968sALEhuU,Const,/job:localhost/replica:0/task:0/device:GPU:0,2.0,0.002
cYr1TeIoA4,Const,/job:localhost/replica:0/task:0/device:GPU:0,2.0,0.002
Zzed6TLQ1F,Const,/job:localhost/replica:0/task:0/device:GPU:0,2.0,0.002
9v5jyOSJCb,Const,/job:localhost/replica:0/task:0/device:GPU:0,2.0,0.002
EN7hlQS2VF,Const,/job:localhost/replica:0/task:0/device:GPU:0,2.0,0.002
o1yrOdncg4,Slice,/job:localhost/replica:0/task:0/device:GPU:0,2.0,0.002
SuR2Ge8gYI,Slice,/job:localhost/replica:0/task:0/device:GPU:0,2.0,0.002
hqCsmHnE8Q,Const,/job:localhost/replica:0/task:0/device:GPU:0,2.0,0.002
C3EsmiaOn8,Const,/job:localhost/replica:0/task:0/device:GPU:0,2.0,0.002
1QW9zaPLSt,Const,/job:localhost/replica:0/task:0/device:GPU:0,2.0,0.002
t9nf5MilG3,Const,/job:localhost/replica:0/task:0/device:GPU:0,2.0,0.002
8FWuDQCgXK,Const,/job:localhost/replica:0/task:0/device:GPU:0,2.0,0.002
3idvgb5Vc2,Const,/job:localhost/replica:0/task:0/device:GPU:0,2.0,0.002
kX9zap21KZ,Const,/job:localhost/replica:0/task:0/device:GPU:0,2.0,0.002
UfqxNawocX,Const,/job:localhost/replica:0/task:0/device:GPU:0,2.0,0.002
TSn4HjmtXo,Const,/job:localhost/replica:0/task:0/device:GPU:0,2.0,0.002
izwNVUgATe,Const,/job:localhost/replica:0/task:0/device:GPU:0,2.0,0.002
kmlBg1LvXx,Const,/job:localhost/replica:0/task:0/device:GPU:0,2.0,0.002
Yb8gz3yuIJ,Slice,/job:localhost/replica:0/task:0/device:GPU:0,2.0,0.002
oEN67u2z9B,Const,/job:localhost/replica:0/task:0/device:GPU:0,2.0,0.002
buA7GURjVQ,Const,/job:localhost/replica:0/task:0/device:GPU:0,2.0,0.002
3wFmzZCR9b,Const,/job:localhost/replica:0/task:0/device:GPU:0,2.0,0.002
wrIbyFUR1D,Const,/job:localhost/replica:0/task:0/device:GPU:0,2.0,0.002
z2FtIeqKCS,Const,/job:localhost/replica:0/task:0/device:GPU:0,2.0,0.002
G1y9gsnvtf,Const,/job:localhost/replica:0/task:0/device:GPU:0,2.0,0.002
DECrAjzwSg,Const,/job:localhost/replica:0/task:0/device:GPU:0,2.0,0.002
yOxgNbdkEq,Const,/job:localhost/replica:0/task:0/device:GPU:0,2.0,0.002
9UiW4L8yNY,Const,/job:localhost/replica:0/task:0/device:GPU:0,2.0,0.002
wQZRjkq4o5,Const,/job:localhost/replica:0/task:0/device:GPU:0,2.0,0.002
vr3jeGNlI1,Const,/job:localhost/replica:0/task:0/device:GPU:0,2.0,0.002
sOtn0296oH,Const,/job:localhost/replica:0/task:0/device:GPU:0,2.0,0.002
9xGS2nradH,Const,/job:localhost/replica:0/task:0/device:GPU:0,2.0,0.002
xgFdZ6Elry,Const,/job:localhost/replica:0/task:0/device:GPU:0,2.0,0.002
ZTqwgbYIiH,Const,/job:localhost/replica:0/task:0/device:GPU:0,2.0,0.002
a7SFbzVsDG,Const,/job:localhost/replica:0/task:0/device:GPU:0,2.0,0.002
w9IOHaZRdA,Const,/job:localhost/replica:0/task:0/device:GPU:0,2.0,0.002
0NHKriYyZL,Const,/job:localhost/replica:0/task:0/device:GPU:0,2.0,0.002
qyxLdw3Y82,Const,/job:localhost/replica:0/task:0/device:GPU:0,2.0,0.002
Q6waIxErOb,Const,/job:localhost/replica:0/task:0/device:GPU:0,2.0,0.002
bB8MPdHy4J,Const,/job:localhost/replica:0/task:0/device:GPU:0,2.0,0.002
NHZo5ETjFU,Const,/job:localhost/replica:0/task:0/device:GPU:0,2.0,0.002
5YSGoA9Cxc,Const,/job:localhost/replica:0/task:0/device:GPU:0,2.0,0.002
0ZKsk8HVQv,Const,/job:localhost/replica:0/task:0/device:GPU:0,2.0,0.002
8nPONl45Er,Const,/job:localhost/replica:0/task:0/device:GPU:0,2.0,0.002
3O0GlsdSNU,Const,/job:localhost/replica:0/task:0/device:GPU:0,2.0,0.002
Z8MpeYcEzr,Const,/job:localhost/replica:0/task:0/device:GPU:0,2.0,0.002
h8It7294lS,Const,/job:localhost/replica:0/task:0/device:GPU:0,2.0,0.002
XsVuJAKmnq,Const,/job:localhost/replica:0/task:0/device:GPU:0,2.0,0.002
9SDcvILfgH,Const,/job:localhost/replica:0/task:0/device:GPU:0,2.0,0.002
QiXpN8aZUR,Const,/job:localhost/replica:0/task:0/device:GPU:0,2.0,0.002
0bRypiKsDV,Const,/job:localhost/replica:0/task:0/device:GPU:0,2.0,0.002
MW6HVAQb1N,Const,/job:localhost/replica:0/task:0/device:GPU:0,2.0,0.002
mPuGnbJsyh,Const,/job:localhost/replica:0/task:0/device:GPU:0,2.0,0.002
SZzyiXpdtm,Const,/job:localhost/replica:0/task:0/device:GPU:0,2.0,0.002
uB5FwbdMnL,Const,/job:localhost/replica:0/task:0/device:GPU:0,2.0,0.002
1lZQkfFwoO/_14__cf__14,Reshape,/job:localhost/replica:0/task:0/device:GPU:0,2.0,0.002
2SZODQrTqm/_17__cf__17,Reshape,/job:localhost/replica:0/task:0/device:GPU:0,2.0,0.002
37mdgZIh4w/_22__cf__22,Reshape,/job:localhost/replica:0/task:0/device:GPU:0,2.0,0.002
5hfixpBvCs,Const,/job:localhost/replica:0/task:0/device:GPU:0,2.0,0.002
0es5tA7YfK/_3__cf__3,Reshape,/job:localhost/replica:0/task:0/device:GPU:0,2.0,0.002
2cl5BIAEWD/_18__cf__18,Reshape,/job:localhost/replica:0/task:0/device:GPU:0,2.0,0.002
vctukIHJjY,Const,/job:localhost/replica:0/task:0/device:GPU:0,2.0,0.002
3dmgqNHYXM/_28__cf__28,Reshape,/job:localhost/replica:0/task:0/device:GPU:0,2.0,0.002
NXC4IW3y9w,Const,/job:localhost/replica:0/task:0/device:GPU:0,2.0,0.002
C0mtk6MfRF,Slice,/job:localhost/replica:0/task:0/device:GPU:0,2.0,0.002
SvkW1CAuGh,Slice,/job:localhost/replica:0/task:0/device:GPU:0,2.0,0.002
IkiEcJB8l4,Slice,/job:localhost/replica:0/task:0/device:GPU:0,2.0,0.002
ZmSQKG5J9s,Slice,/job:localhost/replica:0/task:0/device:GPU:0,2.0,0.002
WLyNtUPmpG,Slice,/job:localhost/replica:0/task:0/device:GPU:0,2.0,0.002
o3SEK40kB7,Slice,/job:localhost/replica:0/task:0/device:GPU:0,2.0,0.002
q9yeQal7SK,Slice,/job:localhost/replica:0/task:0/device:GPU:0,2.0,0.002
gHz3v8tu5x,Slice,/job:localhost/replica:0/task:0/device:GPU:0,2.0,0.002
UgTWluIKRf,Slice,/job:localhost/replica:0/task:0/device:GPU:0,2.0,0.002
QsIrilzjva,Slice,/job:localhost/replica:0/task:0/device:GPU:0,2.0,0.002
ZbkKiEPrCF,Slice,/job:localhost/replica:0/task:0/device:GPU:0,2.0,0.002
vs47FKde6J,Slice,/job:localhost/replica:0/task:0/device:GPU:0,2.0,0.002
3MjDs1imzK,Slice,/job:localhost/replica:0/task:0/device:GPU:0,2.0,0.002
Nos3H6SIZ4,Slice,/job:localhost/replica:0/task:0/device:GPU:0,2.0,0.002
cyX8V1v7b9,Slice,/job:localhost/replica:0/task:0/device:GPU:0,2.0,0.002
iWglR5mwYI,Slice,/job:localhost/replica:0/task:0/device:GPU:0,2.0,0.002
ugelSK1hB9,Slice,/job:localhost/replica:0/task:0/device:GPU:0,2.0,0.002
mv0jDTsoiC,Slice,/job:localhost/replica:0/task:0/device:GPU:0,2.0,0.002
pxvoTjZaeD,Slice,/job:localhost/replica:0/task:0/device:GPU:0,2.0,0.002
c37vuYq0rQ,Slice,/job:localhost/replica:0/task:0/device:GPU:0,2.0,0.002
ODGvihfazr,Slice,/job:localhost/replica:0/task:0/device:GPU:0,2.0,0.002
NrWLyFZ4M3,Slice,/job:localhost/replica:0/task:0/device:GPU:0,2.0,0.002
fh9KZj1xFJ,Slice,/job:localhost/replica:0/task:0/device:GPU:0,2.0,0.002
BsMiZzp6AL,Slice,/job:localhost/replica:0/task:0/device:GPU:0,2.0,0.002
Z3poFIdGYw,Slice,/job:localhost/replica:0/task:0/device:GPU:0,2.0,0.002
WUXaVwejJN,Slice,/job:localhost/replica:0/task:0/device:GPU:0,2.0,0.002
zi05eqsMoY,Slice,/job:localhost/replica:0/task:0/device:GPU:0,2.0,0.002
ONqwtfEWlS,Slice,/job:localhost/replica:0/task:0/device:GPU:0,2.0,0.002
erPuGF3cW1,Slice,/job:localhost/replica:0/task:0/device:GPU:0,2.0,0.002
fErmtUnIW8,Slice,/job:localhost/replica:0/task:0/device:GPU:0,2.0,0.002
R7HodOqzFV,Slice,/job:localhost/replica:0/task:0/device:GPU:0,2.0,0.002
CcxW4EqpAM,Slice,/job:localhost/replica:0/task:0/device:GPU:0,2.0,0.002
xGZ9lhAs5Y,Slice,/job:localhost/replica:0/task:0/device:GPU:0,2.0,0.002
CFh81QtYcH,Slice,/job:localhost/replica:0/task:0/device:GPU:0,2.0,0.002
8mQ9o6iMAK,Slice,/job:localhost/replica:0/task:0/device:GPU:0,2.0,0.002
wNo8pLXyVM,Slice,/job:localhost/replica:0/task:0/device:GPU:0,2.0,0.002
AqnhUbm0Z1,Slice,/job:localhost/replica:0/task:0/device:GPU:0,2.0,0.002
5fA6NqDOVR,Slice,/job:localhost/replica:0/task:0/device:GPU:0,2.0,0.002
6gDKNeSRzu,Slice,/job:localhost/replica:0/task:0/device:GPU:0,2.0,0.002
J1IRsvWCU3,Slice,/job:localhost/replica:0/task:0/device:GPU:0,2.0,0.002
RE3W2PDqbk,Slice,/job:localhost/replica:0/task:0/device:GPU:0,2.0,0.002
E9FI5817fK,Slice,/job:localhost/replica:0/task:0/device:GPU:0,2.0,0.002
LcCtXO2GHS,Slice,/job:localhost/replica:0/task:0/device:GPU:0,2.0,0.002
3wSxgYeFfD,Slice,/job:localhost/replica:0/task:0/device:GPU:0,2.0,0.002
naTsbAWBeu,Slice,/job:localhost/replica:0/task:0/device:GPU:0,2.0,0.002
8GngruYkwQ,Slice,/job:localhost/replica:0/task:0/device:GPU:0,2.0,0.002
4NPJ7UGHXi,Slice,/job:localhost/replica:0/task:0/device:GPU:0,2.0,0.002
26XUyjZts9,Slice,/job:localhost/replica:0/task:0/device:GPU:0,2.0,0.002
n3VXUAN9bE,Slice,/job:localhost/replica:0/task:0/device:GPU:0,2.0,0.002
0gfHSnTsUo,Slice,/job:localhost/replica:0/task:0/device:GPU:0,2.0,0.002
tROKxrjf2S,Slice,/job:localhost/replica:0/task:0/device:GPU:0,2.0,0.002
vjGkhmHI4o,Slice,/job:localhost/replica:0/task:0/device:GPU:0,2.0,0.002
psf2VkEj83,Slice,/job:localhost/replica:0/task:0/device:GPU:0,2.0,0.002
T3FWgeA6p7,Slice,/job:localhost/replica:0/task:0/device:GPU:0,2.0,0.002
kLXMit5zwa,Slice,/job:localhost/replica:0/task:0/device:GPU:0,2.0,0.002
SKWUFlVCug,Const,/job:localhost/replica:0/task:0/device:GPU:0,2.0,0.002
A1dQm2YxSr,Const,/job:localhost/replica:0/task:0/device:GPU:0,2.0,0.002
0eW5mKS1EN,Reshape,/job:localhost/replica:0/task:0/device:GPU:0,2.0,0.002
F4cmib2Rg0,Const,/job:localhost/replica:0/task:0/device:GPU:0,2.0,0.002
tKc7i5jI9g,Const,/job:localhost/replica:0/task:0/device:GPU:0,2.0,0.002
TI8w0mxeB1,Const,/job:localhost/replica:0/task:0/device:GPU:0,2.0,0.002
XZ0HQ2hIPK,Const,/job:localhost/replica:0/task:0/device:GPU:0,2.0,0.002
XAFsvB9tCf,Const,/job:localhost/replica:0/task:0/device:GPU:0,2.0,0.002
6TUqMj4OrC,Const,/job:localhost/replica:0/task:0/device:GPU:0,2.0,0.002
hejG0JKaWD,Const,/job:localhost/replica:0/task:0/device:GPU:0,2.0,0.002
1mjlzyGn3T,Const,/job:localhost/replica:0/task:0/device:GPU:0,2.0,0.002
M7E5ZIaPVU,Const,/job:localhost/replica:0/task:0/device:GPU:0,2.0,0.002
0Tzld4IypC,Const,/job:localhost/replica:0/task:0/device:GPU:0,2.0,0.002
BPF7H0j8OW,Const,/job:localhost/replica:0/task:0/device:GPU:0,2.0,0.002
B0tPTsVuMv,Const,/job:localhost/replica:0/task:0/device:GPU:0,2.0,0.002
9W82Sw64YH,Const,/job:localhost/replica:0/task:0/device:GPU:0,2.0,0.002
KeZDuIfWTJ,Const,/job:localhost/replica:0/task:0/device:GPU:0,2.0,0.002
U2hDtQ0EJn,Const,/job:localhost/replica:0/task:0/device:GPU:0,2.0,0.002
e3jbHJA796,Const,/job:localhost/replica:0/task:0/device:GPU:0,2.0,0.002
KBHMnUowJy,Const,/job:localhost/replica:0/task:0/device:GPU:0,2.0,0.002
MbdNeFLPhA,Const,/job:localhost/replica:0/task:0/device:GPU:0,2.0,0.002
duaXLZMkvz,Const,/job:localhost/replica:0/task:0/device:GPU:0,2.0,0.002
m7ntRMzFlj,Const,/job:localhost/replica:0/task:0/device:GPU:0,2.0,0.002
6dkvecRbw3,Const,/job:localhost/replica:0/task:0/device:GPU:0,2.0,0.002
Sl5DtJLZxq,Const,/job:localhost/replica:0/task:0/device:GPU:0,2.0,0.002
v1cO9MS5qt,Const,/job:localhost/replica:0/task:0/device:GPU:0,2.0,0.002
zfS2Vkxa1O,Const,/job:localhost/replica:0/task:0/device:GPU:0,2.0,0.002
z2SRIPHcrh,Const,/job:localhost/replica:0/task:0/device:GPU:0,2.0,0.002
N4OgewKzcd,Const,/job:localhost/replica:0/task:0/device:GPU:0,2.0,0.002
l2D0Js45j9,Const,/job:localhost/replica:0/task:0/device:GPU:0,2.0,0.002
vFn5MRGg3X,Const,/job:localhost/replica:0/task:0/device:GPU:0,2.0,0.002
6gE9b0HFXU,Const,/job:localhost/replica:0/task:0/device:GPU:0,2.0,0.002
vAp28lZKYN,Const,/job:localhost/replica:0/task:0/device:GPU:0,2.0,0.002
6iY2ebsy0J,Const,/job:localhost/replica:0/task:0/device:GPU:0,2.0,0.002
c3MdruR69X,Const,/job:localhost/replica:0/task:0/device:GPU:0,2.0,0.002
FBGbiHKrD7,Const,/job:localhost/replica:0/task:0/device:GPU:0,2.0,0.002
1I8jhYr0bP,Const,/job:localhost/replica:0/task:0/device:GPU:0,2.0,0.002
FGuKbBa5sj,Const,/job:localhost/replica:0/task:0/device:GPU:0,2.0,0.002
EcQIqmdtA3,Const,/job:localhost/replica:0/task:0/device:GPU:0,2.0,0.002
wG8TBHJ1qS,Const,/job:localhost/replica:0/task:0/device:GPU:0,2.0,0.002
Io52g8naP1,Const,/job:localhost/replica:0/task:0/device:GPU:0,2.0,0.002
ZirvCQms52,Const,/job:localhost/replica:0/task:0/device:GPU:0,2.0,0.002
TfSZs3x8IH,Const,/job:localhost/replica:0/task:0/device:GPU:0,2.0,0.002
b29waoKgRi,Const,/job:localhost/replica:0/task:0/device:GPU:0,2.0,0.002
W673cTNpxA,Const,/job:localhost/replica:0/task:0/device:GPU:0,2.0,0.002
wIqCRuZhgv,Const,/job:localhost/replica:0/task:0/device:GPU:0,2.0,0.002
9cVIagLU7h,Const,/job:localhost/replica:0/task:0/device:GPU:0,2.0,0.002
Jn6bRxc9p0,Const,/job:localhost/replica:0/task:0/device:GPU:0,2.0,0.002
dwMfA3cXpV,Const,/job:localhost/replica:0/task:0/device:GPU:0,2.0,0.002
9sldWKHhEA,Const,/job:localhost/replica:0/task:0/device:GPU:0,2.0,0.002
bXSik1IKqD,Const,/job:localhost/replica:0/task:0/device:GPU:0,2.0,0.002
ZN2tnr6Bm1,Const,/job:localhost/replica:0/task:0/device:GPU:0,2.0,0.002
M98ect6jvS,Const,/job:localhost/replica:0/task:0/device:GPU:0,2.0,0.002
Y5cxd9rko6,Const,/job:localhost/replica:0/task:0/device:GPU:0,2.0,0.002
FEkMf3VQDB,Const,/job:localhost/replica:0/task:0/device:GPU:0,2.0,0.002
902KYXtoDI,Const,/job:localhost/replica:0/task:0/device:GPU:0,2.0,0.002
sZb17BnhAi,Const,/job:localhost/replica:0/task:0/device:GPU:0,2.0,0.002
ciu68v2jMa,Const,/job:localhost/replica:0/task:0/device:GPU:0,2.0,0.002
KO8DyGTMHN,Const,/job:localhost/replica:0/task:0/device:GPU:0,2.0,0.002
nkSR1QOaci,Const,/job:localhost/replica:0/task:0/device:GPU:0,2.0,0.002
VSlX10uIL8,Const,/job:localhost/replica:0/task:0/device:GPU:0,2.0,0.002
XdAzfaH7mo,Const,/job:localhost/replica:0/task:0/device:GPU:0,2.0,0.002
rizvmJSGyA,Const,/job:localhost/replica:0/task:0/device:GPU:0,2.0,0.002
OwhPvbeanJ,Const,/job:localhost/replica:0/task:0/device:GPU:0,2.0,0.002
e2i9k5JHMx,Const,/job:localhost/replica:0/task:0/device:GPU:0,2.0,0.002
TlwKmanJI7,Const,/job:localhost/replica:0/task:0/device:GPU:0,2.0,0.002
BsCPznqXQR,Const,/job:localhost/replica:0/task:0/device:GPU:0,2.0,0.002
dYR7hFqgCM,Const,/job:localhost/replica:0/task:0/device:GPU:0,2.0,0.002
RcFriqD1yQ,Const,/job:localhost/replica:0/task:0/device:GPU:0,2.0,0.002
91g6EAaIMx,Const,/job:localhost/replica:0/task:0/device:GPU:0,2.0,0.002
O6tJVRIcTu,Const,/job:localhost/replica:0/task:0/device:GPU:0,2.0,0.002
s5yRL8Nmbo,Const,/job:localhost/replica:0/task:0/device:GPU:0,2.0,0.002
VcTwH2hzMy,Const,/job:localhost/replica:0/task:0/device:GPU:0,2.0,0.002
JkZcz47MRu,Const,/job:localhost/replica:0/task:0/device:GPU:0,2.0,0.002
AxLbPDc2zj,Const,/job:localhost/replica:0/task:0/device:GPU:0,2.0,0.002
eSQ7E12CM5,Const,/job:localhost/replica:0/task:0/device:GPU:0,2.0,0.002
DqNhwXgct1,Const,/job:localhost/replica:0/task:0/device:GPU:0,2.0,0.002
M7m20ZX4Bi,Const,/job:localhost/replica:0/task:0/device:GPU:0,2.0,0.002
G5Bq8VNlmC,Const,/job:localhost/replica:0/task:0/device:GPU:0,2.0,0.002
R1Tjo9qurx,Const,/job:localhost/replica:0/task:0/device:GPU:0,2.0,0.002
EFMgxUhbPk,Const,/job:localhost/replica:0/task:0/device:GPU:0,2.0,0.002
kNQuBeEXgw,Const,/job:localhost/replica:0/task:0/device:GPU:0,2.0,0.002
JtMd58QWm4,Const,/job:localhost/replica:0/task:0/device:GPU:0,2.0,0.002
8RtLglfIUz,Const,/job:localhost/replica:0/task:0/device:GPU:0,2.0,0.002
OmoelY1bPK,Const,/job:localhost/replica:0/task:0/device:GPU:0,2.0,0.002
uc0lGqyWv2,Const,/job:localhost/replica:0/task:0/device:GPU:0,2.0,0.002
sVfLjSO3x9,Const,/job:localhost/replica:0/task:0/device:GPU:0,2.0,0.002
WSRxHLvfKk,Const,/job:localhost/replica:0/task:0/device:GPU:0,2.0,0.002
hZUsOd4YyS,Const,/job:localhost/replica:0/task:0/device:GPU:0,2.0,0.002
284ViNAnjr,Const,/job:localhost/replica:0/task:0/device:GPU:0,2.0,0.002
5ZlX1VL9AJ,Const,/job:localhost/replica:0/task:0/device:GPU:0,2.0,0.002
UR7kJY3WZL,Const,/job:localhost/replica:0/task:0/device:GPU:0,2.0,0.002
kQmcZ7CBqw,Const,/job:localhost/replica:0/task:0/device:GPU:0,2.0,0.002
4aj20zSWHD,Const,/job:localhost/replica:0/task:0/device:GPU:0,2.0,0.002
3fmlqEFbUZ,Const,/job:localhost/replica:0/task:0/device:GPU:0,2.0,0.002
8ZHhmL0ol2,Const,/job:localhost/replica:0/task:0/device:GPU:0,2.0,0.002
axQ2nFELrv,Const,/job:localhost/replica:0/task:0/device:GPU:0,2.0,0.002
uhvNVRskf7,Const,/job:localhost/replica:0/task:0/device:GPU:0,2.0,0.002
dShCvtYLAf,Const,/job:localhost/replica:0/task:0/device:GPU:0,2.0,0.002
AEzySh2djO,Const,/job:localhost/replica:0/task:0/device:GPU:0,2.0,0.002
irwNKvd7UZ,Const,/job:localhost/replica:0/task:0/device:GPU:0,2.0,0.002
qsbDJ48Wm5,Const,/job:localhost/replica:0/task:0/device:GPU:0,2.0,0.002
dtbO9chqSJ,Const,/job:localhost/replica:0/task:0/device:GPU:0,2.0,0.002
HYxdDFofjV,Const,/job:localhost/replica:0/task:0/device:GPU:0,2.0,0.002
g0o61wElVF,Const,/job:localhost/replica:0/task:0/device:GPU:0,2.0,0.002
hL24pc80G6,Const,/job:localhost/replica:0/task:0/device:GPU:0,2.0,0.002
9YkZyb6cFa,Const,/job:localhost/replica:0/task:0/device:GPU:0,2.0,0.002
vI7wrjialM,Const,/job:localhost/replica:0/task:0/device:GPU:0,2.0,0.002
Vc3IoAvMaT,Const,/job:localhost/replica:0/task:0/device:GPU:0,2.0,0.002
DftnOSgVmb,Const,/job:localhost/replica:0/task:0/device:GPU:0,2.0,0.002
NnM4hYKZOC,Const,/job:localhost/replica:0/task:0/device:GPU:0,2.0,0.002
7QybMkAiur,Const,/job:localhost/replica:0/task:0/device:GPU:0,2.0,0.002
TLWRv4qtrX,Const,/job:localhost/replica:0/task:0/device:GPU:0,2.0,0.002
ia1dn2AMmh,Const,/job:localhost/replica:0/task:0/device:GPU:0,2.0,0.002
P6vb7aipNL,Const,/job:localhost/replica:0/task:0/device:GPU:0,2.0,0.002
uTZ8rg6sI4,Const,/job:localhost/replica:0/task:0/device:GPU:0,2.0,0.002
lKJyHcrf92,Const,/job:localhost/replica:0/task:0/device:GPU:0,2.0,0.002
CdownGFH0v,Const,/job:localhost/replica:0/task:0/device:GPU:0,2.0,0.002
lC9mtJURTo,Const,/job:localhost/replica:0/task:0/device:GPU:0,2.0,0.002
ag8f1Lrn7t,Const,/job:localhost/replica:0/task:0/device:GPU:0,2.0,0.002
wCh7H1zgyi,Const,/job:localhost/replica:0/task:0/device:GPU:0,2.0,0.002
Xgi1vwUSAe,Const,/job:localhost/replica:0/task:0/device:GPU:0,2.0,0.002
t6GAioXq7d,Const,/job:localhost/replica:0/task:0/device:GPU:0,2.0,0.002
yQYOqgcheb,Const,/job:localhost/replica:0/task:0/device:GPU:0,2.0,0.002
iIs7E3KTYM,Const,/job:localhost/replica:0/task:0/device:GPU:0,2.0,0.002
YDo85QpZG6,Const,/job:localhost/replica:0/task:0/device:GPU:0,2.0,0.002
gxoyhGTNMq,Const,/job:localhost/replica:0/task:0/device:GPU:0,2.0,0.002
PE8gdNRbUS,Const,/job:localhost/replica:0/task:0/device:GPU:0,2.0,0.002
IB937Zzwys,Const,/job:localhost/replica:0/task:0/device:GPU:0,2.0,0.002
7DeHlPjnUt,Const,/job:localhost/replica:0/task:0/device:GPU:0,2.0,0.002
bdRrAT7IpK,Const,/job:localhost/replica:0/task:0/device:GPU:0,2.0,0.002
trWGUujeqN,Const,/job:localhost/replica:0/task:0/device:GPU:0,2.0,0.002
nKvtTpP5hM,Const,/job:localhost/replica:0/task:0/device:GPU:0,2.0,0.002
jyFWLtxcSz,Const,/job:localhost/replica:0/task:0/device:GPU:0,2.0,0.002
Di5IOXUWBM,Const,/job:localhost/replica:0/task:0/device:GPU:0,2.0,0.002
5fdONj3GPI,Const,/job:localhost/replica:0/task:0/device:GPU:0,2.0,0.002
6DzuXNoiTL,Const,/job:localhost/replica:0/task:0/device:GPU:0,2.0,0.002
opbTOG5ZIi,Const,/job:localhost/replica:0/task:0/device:GPU:0,2.0,0.002
JKRCxfMWTs,Const,/job:localhost/replica:0/task:0/device:GPU:0,2.0,0.002
IEliPbYv7q,Const,/job:localhost/replica:0/task:0/device:GPU:0,2.0,0.002
scDF0M1OEJ,Const,/job:localhost/replica:0/task:0/device:GPU:0,2.0,0.002
lxmTkiYFoH,Const,/job:localhost/replica:0/task:0/device:GPU:0,2.0,0.002
iJ7UfgzQc9,Const,/job:localhost/replica:0/task:0/device:GPU:0,2.0,0.002
JcPIYdxj1b,Maximum,/job:localhost/replica:0/task:0/device:GPU:0,2.0,0.002
LVvmzNGy3l,Reshape,/job:localhost/replica:0/task:0/device:GPU:0,2.0,0.002
sNoD90O7Pt,Const,/job:localhost/replica:0/task:0/device:GPU:0,2.0,0.002
nVc0ErW4Bg,Const,/job:localhost/replica:0/task:0/device:GPU:0,2.0,0.002
sK2tlq3YaN,Const,/job:localhost/replica:0/task:0/device:GPU:0,2.0,0.002
HoX7sJpcS1,Const,/job:localhost/replica:0/task:0/device:GPU:0,2.0,0.002
uXnzAVEFvB,Const,/job:localhost/replica:0/task:0/device:GPU:0,2.0,0.002
sTLXlvw1x5,Const,/job:localhost/replica:0/task:0/device:GPU:0,2.0,0.002
5dnMamFfEJ,StridedSlice,/job:localhost/replica:0/task:0/device:GPU:0,2.0,0.002
3DCletGKPM,StridedSlice,/job:localhost/replica:0/task:0/device:GPU:0,2.0,0.002
pytVh6rb2R,Minimum,/job:localhost/replica:0/task:0/device:GPU:0,2.0,0.002
8dHCgvDLUl,Minimum,/job:localhost/replica:0/task:0/device:GPU:0,2.0,0.002
UDS8WR1atw,Slice,/job:localhost/replica:0/task:0/device:GPU:0,2.0,0.002
OiMH2KGVkl,Slice,/job:localhost/replica:0/task:0/device:GPU:0,2.0,0.002
OfmwvpWPjI,Slice,/job:localhost/replica:0/task:0/device:GPU:0,2.0,0.002
9SpLGXAIok,Slice,/job:localhost/replica:0/task:0/device:GPU:0,2.0,0.002
fsM3Zmitqh,Slice,/job:localhost/replica:0/task:0/device:GPU:0,2.0,0.002
ECgz8G6Pn9,Slice,/job:localhost/replica:0/task:0/device:GPU:0,2.0,0.002
LWQM7UlHXC,Slice,/job:localhost/replica:0/task:0/device:GPU:0,2.0,0.002
C8jZ6dncLQ,Slice,/job:localhost/replica:0/task:0/device:GPU:0,2.0,0.002
Vu14e0ngqc,Slice,/job:localhost/replica:0/task:0/device:GPU:0,2.0,0.002
rEqbsUF9ND,Slice,/job:localhost/replica:0/task:0/device:GPU:0,2.0,0.002
PMIN1f5ht9,Slice,/job:localhost/replica:0/task:0/device:GPU:0,2.0,0.002
vYyLacXS6u,Slice,/job:localhost/replica:0/task:0/device:GPU:0,2.0,0.002
H9zG2nSehV,Slice,/job:localhost/replica:0/task:0/device:GPU:0,2.0,0.002
N8yJab25T1,Slice,/job:localhost/replica:0/task:0/device:GPU:0,2.0,0.002
y8tzOTrjY7,Slice,/job:localhost/replica:0/task:0/device:GPU:0,2.0,0.002
pKU75P8ZaW,Slice,/job:localhost/replica:0/task:0/device:GPU:0,2.0,0.002
n4Q60Ms5K2,Slice,/job:localhost/replica:0/task:0/device:GPU:0,2.0,0.002
tiO0HANrGl,Slice,/job:localhost/replica:0/task:0/device:GPU:0,2.0,0.002
Kenh2Cw5IF,Slice,/job:localhost/replica:0/task:0/device:GPU:0,2.0,0.002
B6zVLeb3H9,Slice,/job:localhost/replica:0/task:0/device:GPU:0,2.0,0.002
kGgHUxtMBW,Slice,/job:localhost/replica:0/task:0/device:GPU:0,2.0,0.002
axYcWqOuIr,Slice,/job:localhost/replica:0/task:0/device:GPU:0,2.0,0.002
LXHOB5NDek,Slice,/job:localhost/replica:0/task:0/device:GPU:0,2.0,0.002
4aJhMGkKS2,Slice,/job:localhost/replica:0/task:0/device:GPU:0,2.0,0.002
1OrwHYk0zR,Slice,/job:localhost/replica:0/task:0/device:GPU:0,2.0,0.002
FmkZNsKvOe,Slice,/job:localhost/replica:0/task:0/device:GPU:0,2.0,0.002
AkC2HwY03r,Slice,/job:localhost/replica:0/task:0/device:GPU:0,2.0,0.002
Z4Rzit7Elm,Slice,/job:localhost/replica:0/task:0/device:GPU:0,2.0,0.002
O6Qfz0gYtj,Slice,/job:localhost/replica:0/task:0/device:GPU:0,2.0,0.002
xknCWE7USo,Slice,/job:localhost/replica:0/task:0/device:GPU:0,2.0,0.002
GuMqPA94pC,Slice,/job:localhost/replica:0/task:0/device:GPU:0,2.0,0.002
16QyC7ifeM,Slice,/job:localhost/replica:0/task:0/device:GPU:0,2.0,0.002
6VSN0RHiKI,Slice,/job:localhost/replica:0/task:0/device:GPU:0,2.0,0.002
0HV16W3xtc,Slice,/job:localhost/replica:0/task:0/device:GPU:0,2.0,0.002
AY9ldXU2fL,Slice,/job:localhost/replica:0/task:0/device:GPU:0,2.0,0.002
fKVJPAouSi,Slice,/job:localhost/replica:0/task:0/device:GPU:0,2.0,0.002
vEyC0MDAFx,Slice,/job:localhost/replica:0/task:0/device:GPU:0,2.0,0.002
vHXMzDJgu0,Slice,/job:localhost/replica:0/task:0/device:GPU:0,2.0,0.002
zTC0gqB9ls,Slice,/job:localhost/replica:0/task:0/device:GPU:0,2.0,0.002
TmeVLDBuGv,Slice,/job:localhost/replica:0/task:0/device:GPU:0,2.0,0.002
L8Z139MmGB,Slice,/job:localhost/replica:0/task:0/device:GPU:0,2.0,0.002
eXLqndgs1I,Slice,/job:localhost/replica:0/task:0/device:GPU:0,2.0,0.002
NR86FqWiPK,Slice,/job:localhost/replica:0/task:0/device:GPU:0,2.0,0.002
uvsBl1medY,Slice,/job:localhost/replica:0/task:0/device:GPU:0,2.0,0.002
GrcMvVsj4m,Slice,/job:localhost/replica:0/task:0/device:GPU:0,2.0,0.002
6rwX5C3dMu,Slice,/job:localhost/replica:0/task:0/device:GPU:0,2.0,0.002
QKxBWlThio,Slice,/job:localhost/replica:0/task:0/device:GPU:0,2.0,0.002
mql5kHNiur,Slice,/job:localhost/replica:0/task:0/device:GPU:0,2.0,0.002
KMp4bZSfTr,Slice,/job:localhost/replica:0/task:0/device:GPU:0,2.0,0.002
kTuyZUPfDQ,Slice,/job:localhost/replica:0/task:0/device:GPU:0,2.0,0.002
a75isJTXAo,Slice,/job:localhost/replica:0/task:0/device:GPU:0,2.0,0.002
lcNBM6x0E2,Slice,/job:localhost/replica:0/task:0/device:GPU:0,2.0,0.002
IpAVRT4Mjq,Slice,/job:localhost/replica:0/task:0/device:GPU:0,2.0,0.002
qg93FKBi6A,Slice,/job:localhost/replica:0/task:0/device:GPU:0,2.0,0.002
Lx7MuPs13m,Slice,/job:localhost/replica:0/task:0/device:GPU:0,2.0,0.002
fh48aSJrH5,Slice,/job:localhost/replica:0/task:0/device:GPU:0,2.0,0.002
L2BfIbkRtg,Slice,/job:localhost/replica:0/task:0/device:GPU:0,2.0,0.002
bqonE5tHFk,Slice,/job:localhost/replica:0/task:0/device:GPU:0,2.0,0.002
qxY4AUswGM,Slice,/job:localhost/replica:0/task:0/device:GPU:0,2.0,0.002
uzyhwxJRCn,Slice,/job:localhost/replica:0/task:0/device:GPU:0,2.0,0.002
dFhx7yE8ep,Slice,/job:localhost/replica:0/task:0/device:GPU:0,2.0,0.002
QhqHPSozwD,Slice,/job:localhost/replica:0/task:0/device:GPU:0,2.0,0.002
7tTfH0uagN,Slice,/job:localhost/replica:0/task:0/device:GPU:0,2.0,0.002
biC0197dra,Slice,/job:localhost/replica:0/task:0/device:GPU:0,2.0,0.002
FEuT6RNJaZ,Slice,/job:localhost/replica:0/task:0/device:GPU:0,2.0,0.002
l4QMRpiSxq,Slice,/job:localhost/replica:0/task:0/device:GPU:0,2.0,0.002
mX3ezxOWHd,Slice,/job:localhost/replica:0/task:0/device:GPU:0,2.0,0.002
c4SxK7bADY,Slice,/job:localhost/replica:0/task:0/device:GPU:0,2.0,0.002
N0HoLUtBJw,Slice,/job:localhost/replica:0/task:0/device:GPU:0,2.0,0.002
FemJWE6yRB,Slice,/job:localhost/replica:0/task:0/device:GPU:0,2.0,0.002
XFhjPEsG6I,Slice,/job:localhost/replica:0/task:0/device:GPU:0,2.0,0.002
TRv3gMkCAS,Slice,/job:localhost/replica:0/task:0/device:GPU:0,2.0,0.002
FN2tGv7w0r,Slice,/job:localhost/replica:0/task:0/device:GPU:0,2.0,0.002
jcwYsBpGHF,Slice,/job:localhost/replica:0/task:0/device:GPU:0,2.0,0.002
1aAnZ8WwX0,Slice,/job:localhost/replica:0/task:0/device:GPU:0,2.0,0.002
FpH4fKlSyI,Slice,/job:localhost/replica:0/task:0/device:GPU:0,2.0,0.002
ye49ZLA2mF,Slice,/job:localhost/replica:0/task:0/device:GPU:0,2.0,0.002
8QTwFKJCkE,Slice,/job:localhost/replica:0/task:0/device:GPU:0,2.0,0.002
upcmIZ1AtQ,Slice,/job:localhost/replica:0/task:0/device:GPU:0,2.0,0.002
xN15caHRnO,Slice,/job:localhost/replica:0/task:0/device:GPU:0,2.0,0.002
WGma4w6tB8,Slice,/job:localhost/replica:0/task:0/device:GPU:0,2.0,0.002
MERjeQnvcw,Slice,/job:localhost/replica:0/task:0/device:GPU:0,2.0,0.002
35uUaH2EMv,Slice,/job:localhost/replica:0/task:0/device:GPU:0,2.0,0.002
r7E8aZAXO0,Slice,/job:localhost/replica:0/task:0/device:GPU:0,2.0,0.002
bz8NZcmYuQ,Slice,/job:localhost/replica:0/task:0/device:GPU:0,2.0,0.002
WfnVZamYU8,Slice,/job:localhost/replica:0/task:0/device:GPU:0,2.0,0.002
Mxo9EDZXHb,Slice,/job:localhost/replica:0/task:0/device:GPU:0,2.0,0.002
KsDW95RjpO,Slice,/job:localhost/replica:0/task:0/device:GPU:0,2.0,0.002
7jtbNGIep6,Slice,/job:localhost/replica:0/task:0/device:GPU:0,2.0,0.002
4INbqaWdpz,Slice,/job:localhost/replica:0/task:0/device:GPU:0,2.0,0.002
NeIgxOWa7R,Slice,/job:localhost/replica:0/task:0/device:GPU:0,2.0,0.002
mjEhJIkfgs,Slice,/job:localhost/replica:0/task:0/device:GPU:0,2.0,0.002
tIEmHb7rRD,Slice,/job:localhost/replica:0/task:0/device:GPU:0,2.0,0.002
kwEsNPtDbI,Slice,/job:localhost/replica:0/task:0/device:GPU:0,2.0,0.002
xGrmnDbtTH,Slice,/job:localhost/replica:0/task:0/device:GPU:0,2.0,0.002
rGuvlmWJhK,Slice,/job:localhost/replica:0/task:0/device:GPU:0,2.0,0.002
bxoyfhO9si,Slice,/job:localhost/replica:0/task:0/device:GPU:0,2.0,0.002
Ohx85ocWAV,Slice,/job:localhost/replica:0/task:0/device:GPU:0,2.0,0.002
40Obwz5D8W,Slice,/job:localhost/replica:0/task:0/device:GPU:0,2.0,0.002
XLzIdlBnq0,Slice,/job:localhost/replica:0/task:0/device:GPU:0,2.0,0.002
Z5vw8XTxWP,Slice,/job:localhost/replica:0/task:0/device:GPU:0,2.0,0.002
cFv0KDEBXh,Slice,/job:localhost/replica:0/task:0/device:GPU:0,2.0,0.002
LJDBqUYvct,Slice,/job:localhost/replica:0/task:0/device:GPU:0,2.0,0.002
w3qchsY14F,Slice,/job:localhost/replica:0/task:0/device:GPU:0,2.0,0.002
R6Y7igSCKL,Slice,/job:localhost/replica:0/task:0/device:GPU:0,2.0,0.002
aBylbgZVT9,Slice,/job:localhost/replica:0/task:0/device:GPU:0,2.0,0.002
TdbFaUNh2v,Slice,/job:localhost/replica:0/task:0/device:GPU:0,2.0,0.002
CqIbOHWjm2,Slice,/job:localhost/replica:0/task:0/device:GPU:0,2.0,0.002
VqPpvjulS7,Slice,/job:localhost/replica:0/task:0/device:GPU:0,2.0,0.002
QFGiTKEJwt,Slice,/job:localhost/replica:0/task:0/device:GPU:0,2.0,0.002
UaVzGkwclZ,Slice,/job:localhost/replica:0/task:0/device:GPU:0,2.0,0.002
R3lQ8tFnaf,Slice,/job:localhost/replica:0/task:0/device:GPU:0,2.0,0.002
VurWne6RZv,Slice,/job:localhost/replica:0/task:0/device:GPU:0,2.0,0.002
LZvDQVhSTe,Slice,/job:localhost/replica:0/task:0/device:GPU:0,2.0,0.002
7svH954yTC,Slice,/job:localhost/replica:0/task:0/device:GPU:0,2.0,0.002
1D74sFfeKH,Slice,/job:localhost/replica:0/task:0/device:GPU:0,2.0,0.002
6QwhVUkTNP,Slice,/job:localhost/replica:0/task:0/device:GPU:0,2.0,0.002
erEGMlu5ZS,Slice,/job:localhost/replica:0/task:0/device:GPU:0,2.0,0.002
x3jgPNdIR1,Slice,/job:localhost/replica:0/task:0/device:GPU:0,2.0,0.002
4TD2MYWwg3,Slice,/job:localhost/replica:0/task:0/device:GPU:0,2.0,0.002
BryYCslPF8,Slice,/job:localhost/replica:0/task:0/device:GPU:0,2.0,0.002
74udYa1Iov,Slice,/job:localhost/replica:0/task:0/device:GPU:0,2.0,0.002
U01FSmdTvu,Slice,/job:localhost/replica:0/task:0/device:GPU:0,2.0,0.002
g23bvmocsO,Slice,/job:localhost/replica:0/task:0/device:GPU:0,2.0,0.002
AupGiPg0qD,Slice,/job:localhost/replica:0/task:0/device:GPU:0,2.0,0.002
xfeGDtXgdK,Slice,/job:localhost/replica:0/task:0/device:GPU:0,2.0,0.002
4fHgMrV0DP,Slice,/job:localhost/replica:0/task:0/device:GPU:0,2.0,0.002
HfcGswNb0q,Reshape,/job:localhost/replica:0/task:0/device:GPU:0,2.0,0.002
aRkoITjVFd,Reshape,/job:localhost/replica:0/task:0/device:GPU:0,2.0,0.002
bwkpoiWNQ1,Reshape,/job:localhost/replica:0/task:0/device:GPU:0,2.0,0.002
Qri8gPvCqU,Reshape,/job:localhost/replica:0/task:0/device:GPU:0,2.0,0.002
qc4CYkHT27,Reshape,/job:localhost/replica:0/task:0/device:GPU:0,2.0,0.002
7KJWUH6uO0,Reshape,/job:localhost/replica:0/task:0/device:GPU:0,2.0,0.002
DXohEma30w,Pack,/job:localhost/replica:0/task:0/device:GPU:0,2.0,0.002
emCFzjnNEg,Pack,/job:localhost/replica:0/task:0/device:GPU:0,2.0,0.002
1Jnf2UZM9L,Reshape,/job:localhost/replica:0/task:0/device:GPU:0,2.0,0.002
Jn2Dweovix,Maximum,/job:localhost/replica:0/task:0/device:GPU:0,2.0,0.002
pewqyQJDic,Switch,/job:localhost/replica:0/task:0/device:GPU:0,2.0,0.002
BZYElX06oC,Switch,/job:localhost/replica:0/task:0/device:GPU:0,2.0,0.002
XDcVz92vOL,Const,/job:localhost/replica:0/task:0/device:GPU:0,2.0,0.002
iQ3a1pOsGf,Const,/job:localhost/replica:0/task:0/device:GPU:0,2.0,0.002
nRI2BFQAS4,Switch,/job:localhost/replica:0/task:0/device:GPU:0,2.0,0.002
YWdie01sAu,Switch,/job:localhost/replica:0/task:0/device:GPU:0,2.0,0.002
eyfCEW439p,Switch,/job:localhost/replica:0/task:0/device:GPU:0,2.0,0.002
AvGxcVmYoL,Switch,/job:localhost/replica:0/task:0/device:GPU:0,2.0,0.002
lhpWs081f4,Identity,/job:localhost/replica:0/task:0/device:GPU:0,2.0,0.002
3rNGkvMhBd,Const,/job:localhost/replica:0/task:0/device:GPU:0,2.0,0.002
2mVdofIB9s,Switch,/job:localhost/replica:0/task:0/device:GPU:0,2.0,0.002
6zijAWDG17,Const,/job:localhost/replica:0/task:0/device:GPU:0,2.0,0.002
moIGgu3J9T,Merge,/job:localhost/replica:0/task:0/device:GPU:0,2.0,0.002
Ajid6hzk72,Reshape,/job:localhost/replica:0/task:0/device:GPU:0,2.0,0.002
bNgjXtLRH3,Reshape,/job:localhost/replica:0/task:0/device:GPU:0,2.0,0.002
4P5SrYd3a2,Reshape,/job:localhost/replica:0/task:0/device:GPU:0,2.0,0.002
uTF0v1Id6x,Reshape,/job:localhost/replica:0/task:0/device:GPU:0,2.0,0.002
Eyj3RxVtNZ,Reshape,/job:localhost/replica:0/task:0/device:GPU:0,2.0,0.002
vTC7b8GfSw,Pack,/job:localhost/replica:0/task:0/device:GPU:0,2.0,0.002
axcQG8gHhS,Shape,/job:localhost/replica:0/task:0/device:GPU:0,2.0,0.002
utpShgkqGP,Squeeze,/job:localhost/replica:0/task:0/device:GPU:0,2.0,0.002
F1W4VHpyMz,Reshape,/job:localhost/replica:0/task:0/device:GPU:0,2.0,0.002
58DfjbZzPB,Switch,/job:localhost/replica:0/task:0/device:GPU:0,2.0,0.002
nRcMQH8Eiq,Switch,/job:localhost/replica:0/task:0/device:GPU:0,2.0,0.002
SNVF5JDQ9T,Switch,/job:localhost/replica:0/task:0/device:GPU:0,2.0,0.002
pT5fwlYatB,Fill,/job:localhost/replica:0/task:0/device:GPU:0,2.0,0.002
l9URc3uTCN,Reshape,/job:localhost/replica:0/task:0/device:GPU:0,2.0,0.002
M5tXPuGjTe,Reshape,/job:localhost/replica:0/task:0/device:GPU:0,2.0,0.002
PHdx2eQzWN,Fill,/job:localhost/replica:0/task:0/device:GPU:0,2.0,0.002
6cQmgH7Rkt,Equal,/job:localhost/replica:0/task:0/device:GPU:0,2.0,0.002
06Ahla3Com,StopGradient,/job:localhost/replica:0/task:0/device:GPU:0,2.0,0.002
KBl2bZLCut,Reshape,/job:localhost/replica:0/task:0/device:GPU:0,2.0,0.002
OKl65WgjDF,Reshape,/job:localhost/replica:0/task:0/device:GPU:0,2.0,0.002
W3JyFCSOzj,Merge,/job:localhost/replica:0/task:0/device:GPU:0,2.0,0.002
RQxBN2WvjI,Merge,/job:localhost/replica:0/task:0/device:GPU:0,2.0,0.002
heQosDTAa0,Reshape,/job:localhost/replica:0/task:0/device:GPU:0,2.0,0.002
INhnPzcWXi,Reshape,/job:localhost/replica:0/task:0/device:GPU:0,2.0,0.002
4riqJRox5h,StopGradient,/job:localhost/replica:0/task:0/device:GPU:0,2.0,0.002
oaNgikqtV2,Reshape,/job:localhost/replica:0/task:0/device:GPU:0,2.0,0.002
sQCB9unXSW,Reshape,/job:localhost/replica:0/task:0/device:GPU:0,2.0,0.002
nK43ArsGve,Reshape,/job:localhost/replica:0/task:0/device:GPU:0,2.0,0.002
nIUYTs4Kc7,Shape,/job:localhost/replica:0/task:0/device:GPU:0,2.0,0.002
OVrjWcEFsP,Shape,/job:localhost/replica:0/task:0/device:GPU:0,2.0,0.002
D9K5Y6gvJ8,Shape,/job:localhost/replica:0/task:0/device:GPU:0,2.0,0.002
c06GEflKN4,Reshape,/job:localhost/replica:0/task:0/device:GPU:0,2.0,0.002
D6NtfHBWTu,Reshape,/job:localhost/replica:0/task:0/device:GPU:0,2.0,0.002
sOcyBmSRMT,Shape,/job:localhost/replica:0/task:0/device:GPU:0,2.0,0.002
hsnWQU3oql,Reshape,/job:localhost/replica:0/task:0/device:GPU:0,2.0,0.002
BWUDfsuHRr,Shape,/job:localhost/replica:0/task:0/device:GPU:0,2.0,0.002
gRCSEkxjHh,Reshape,/job:localhost/replica:0/task:0/device:GPU:0,2.0,0.002
bWCDpYoUH0,Shape,/job:localhost/replica:0/task:0/device:GPU:0,2.0,0.002
UgxFLYmZtX,Shape,/job:localhost/replica:0/task:0/device:GPU:0,2.0,0.002
IrlEY1XKtN,Unpack,/job:localhost/replica:0/task:0/device:GPU:0,2.0,0.002
Lj4psrWg7v,Unpack,/job:localhost/replica:0/task:0/device:GPU:0,2.0,0.002
9TEu0Wkd6i,Pack,/job:localhost/replica:0/task:0/device:GPU:0,2.0,0.002
She4ns8qG6,Pack,/job:localhost/replica:0/task:0/device:GPU:0,2.0,0.002
p6cFurmdZ3,Pack,/job:localhost/replica:0/task:0/device:GPU:0,2.0,0.002
bJ0CSqZukN,Pack,/job:localhost/replica:0/task:0/device:GPU:0,2.0,0.002
6rEWO9RTSw,Pack,/job:localhost/replica:0/task:0/device:GPU:0,2.0,0.002
7ihd1eJLnW,Pack,/job:localhost/replica:0/task:0/device:GPU:0,2.0,0.002
Bc5gDKuXjv,Pack,/job:localhost/replica:0/task:0/device:GPU:0,2.0,0.002
UoaG3RfigY,Pack,/job:localhost/replica:0/task:0/device:GPU:0,2.0,0.002
qvd4b70kOw,Reshape,/job:localhost/replica:0/task:0/device:GPU:0,2.0,0.002
AZ3X6eOPis,Reshape,/job:localhost/replica:0/task:0/device:GPU:0,2.0,0.002
PpZ54Ic0VM,Reshape,/job:localhost/replica:0/task:0/device:GPU:0,2.0,0.002
qC8kgA1mtU,StopGradient,/job:localhost/replica:0/task:0/device:GPU:0,2.0,0.002
1kPYS0Bh9e,Reshape,/job:localhost/replica:0/task:0/device:GPU:0,2.0,0.002
KCsI8OR5cF,Reshape,/job:localhost/replica:0/task:0/device:GPU:0,2.0,0.002
MyLQSau1w3,Reshape,/job:localhost/replica:0/task:0/device:GPU:0,2.0,0.002
KSd0L4G3se,Shape,/job:localhost/replica:0/task:0/device:GPU:0,2.0,0.002
Ofz4lLqUhe,Reshape,/job:localhost/replica:0/task:0/device:GPU:0,2.0,0.002
T2ypYMj41a,Shape,/job:localhost/replica:0/task:0/device:GPU:0,2.0,0.002
SHW7zmFoYE,Reshape,/job:localhost/replica:0/task:0/device:GPU:0,2.0,0.002
Npl1FxHJOQ,Shape,/job:localhost/replica:0/task:0/device:GPU:0,2.0,0.002
xNIXivursV,Reshape,/job:localhost/replica:0/task:0/device:GPU:0,2.0,0.002
keUuWEhOb1,Shape,/job:localhost/replica:0/task:0/device:GPU:0,2.0,0.002
HQjFJgvDIV,Shape,/job:localhost/replica:0/task:0/device:GPU:0,2.0,0.002
ZXM4I1zRuy,Reshape,/job:localhost/replica:0/task:0/device:GPU:0,2.0,0.002
wdjYADcSBr,Shape,/job:localhost/replica:0/task:0/device:GPU:0,2.0,0.002
cThlQzg7vj,Unpack,/job:localhost/replica:0/task:0/device:GPU:0,2.0,0.002
Z3bzsMmSkJ,Unpack,/job:localhost/replica:0/task:0/device:GPU:0,2.0,0.002
A9c3aoPhiF,Unpack,/job:localhost/replica:0/task:0/device:GPU:0,2.0,0.002
eXyw6LV0Kt,Unpack,/job:localhost/replica:0/task:0/device:GPU:0,2.0,0.002
iKAtwvnsp6,Unpack,/job:localhost/replica:0/task:0/device:GPU:0,2.0,0.002
KchjsGO3fB,Unpack,/job:localhost/replica:0/task:0/device:GPU:0,2.0,0.002
S9F27s3KD4,Pack,/job:localhost/replica:0/task:0/device:GPU:0,2.0,0.002
MqtQwaSIzA,Pack,/job:localhost/replica:0/task:0/device:GPU:0,2.0,0.002
rLTsRaxBq1,Pack,/job:localhost/replica:0/task:0/device:GPU:0,2.0,0.002
tAfWwsCvnL,Pack,/job:localhost/replica:0/task:0/device:GPU:0,2.0,0.002
WsyP4wJ8kM,Pack,/job:localhost/replica:0/task:0/device:GPU:0,2.0,0.002
B0PbGAtOxv,Pack,/job:localhost/replica:0/task:0/device:GPU:0,2.0,0.002
zAGi8jmnfZ,Pack,/job:localhost/replica:0/task:0/device:GPU:0,2.0,0.002
K8y0qx4WYt,Reshape,/job:localhost/replica:0/task:0/device:GPU:0,2.0,0.002
juD0XrLSgl,Reshape,/job:localhost/replica:0/task:0/device:GPU:0,2.0,0.002
9eLylUFiV7,Reshape,/job:localhost/replica:0/task:0/device:GPU:0,2.0,0.002
d8cteMn1T2,Shape,/job:localhost/replica:0/task:0/device:GPU:0,2.0,0.002
4D7SmB5G86,Reshape,/job:localhost/replica:0/task:0/device:GPU:0,2.0,0.002
6cjqhs85lg,Reshape,/job:localhost/replica:0/task:0/device:GPU:0,2.0,0.002
a1SoF6qAMP,Shape,/job:localhost/replica:0/task:0/device:GPU:0,2.0,0.002
pDJQEtwU27,Shape,/job:localhost/replica:0/task:0/device:GPU:0,2.0,0.002
TEP9tijw5c,Shape,/job:localhost/replica:0/task:0/device:GPU:0,2.0,0.002
DuLzTRbB8J,Shape,/job:localhost/replica:0/task:0/device:GPU:0,2.0,0.002
cXdxzGsv2M,Shape,/job:localhost/replica:0/task:0/device:GPU:0,2.0,0.002
R34EtBr6kV,Shape,/job:localhost/replica:0/task:0/device:GPU:0,2.0,0.002
iwhNBPISVn,Shape,/job:localhost/replica:0/task:0/device:GPU:0,2.0,0.002
s7vBqIrY0A,Shape,/job:localhost/replica:0/task:0/device:GPU:0,2.0,0.002
uKJxE4nwpQ,Reshape,/job:localhost/replica:0/task:0/device:GPU:0,2.0,0.002
WoHKQpUmjV,Shape,/job:localhost/replica:0/task:0/device:GPU:0,2.0,0.002
Fon7j96Hrg,Reshape,/job:localhost/replica:0/task:0/device:GPU:0,2.0,0.002
1kGI2srOxB,Unpack,/job:localhost/replica:0/task:0/device:GPU:0,2.0,0.002
4jYKs8rJmn,Unpack,/job:localhost/replica:0/task:0/device:GPU:0,2.0,0.002
ivzm2e4Sqt,Pack,/job:localhost/replica:0/task:0/device:GPU:0,2.0,0.002
yflxr7nmI3,Pack,/job:localhost/replica:0/task:0/device:GPU:0,2.0,0.002
9UeT4clMfa,Pack,/job:localhost/replica:0/task:0/device:GPU:0,2.0,0.002
zSKNAIBJ7x,Pack,/job:localhost/replica:0/task:0/device:GPU:0,2.0,0.002
ZchJtvd5W9,Pack,/job:localhost/replica:0/task:0/device:GPU:0,2.0,0.002
KLy0bXpzW6,Pack,/job:localhost/replica:0/task:0/device:GPU:0,2.0,0.002
kFV1CG9odT,Pack,/job:localhost/replica:0/task:0/device:GPU:0,2.0,0.002
lNTEn56c4D,Pack,/job:localhost/replica:0/task:0/device:GPU:0,2.0,0.002
PBKol2pmxs,Pack,/job:localhost/replica:0/task:0/device:GPU:0,2.0,0.002
2TnZubMqOS,Pack,/job:localhost/replica:0/task:0/device:GPU:0,2.0,0.002
oB38Abk0Xj,Pack,/job:localhost/replica:0/task:0/device:GPU:0,2.0,0.002
8kNtcyd6Mg,Reshape,/job:localhost/replica:0/task:0/device:GPU:0,2.0,0.002
UFRQ6kJlo8,Reshape,/job:localhost/replica:0/task:0/device:GPU:0,2.0,0.002
p5PW9RK6Cl,Reshape,/job:localhost/replica:0/task:0/device:GPU:0,2.0,0.002
hHRsyOZJX2,Reshape,/job:localhost/replica:0/task:0/device:GPU:0,2.0,0.002
tpLHMBS7ev,Reshape,/job:localhost/replica:0/task:0/device:GPU:0,2.0,0.002
lZm3zxeBrI,Reshape,/job:localhost/replica:0/task:0/device:GPU:0,2.0,0.002
sLTAoYyHzR,Reshape,/job:localhost/replica:0/task:0/device:GPU:0,2.0,0.002
DU1HFsZijM,Reshape,/job:localhost/replica:0/task:0/device:GPU:0,2.0,0.002
3pVtbkrKnC,Shape,/job:localhost/replica:0/task:0/device:GPU:0,2.0,0.002
xNBFCzbl7t,Shape,/job:localhost/replica:0/task:0/device:GPU:0,2.0,0.002
K40A3Ik9gZ,Shape,/job:localhost/replica:0/task:0/device:GPU:0,2.0,0.002
Jsqod4VaAv,Shape,/job:localhost/replica:0/task:0/device:GPU:0,2.0,0.002
glBUhvcNZz,Shape,/job:localhost/replica:0/task:0/device:GPU:0,2.0,0.002
pHAhVJkbCn,Reshape,/job:localhost/replica:0/task:0/device:GPU:0,2.0,0.002
u90c5lGdxX,Shape,/job:localhost/replica:0/task:0/device:GPU:0,2.0,0.002
AdRqzXat8W,Reshape,/job:localhost/replica:0/task:0/device:GPU:0,2.0,0.002
EnT7hAQftH,Shape,/job:localhost/replica:0/task:0/device:GPU:0,2.0,0.002
uxvBTzlFWG,Shape,/job:localhost/replica:0/task:0/device:GPU:0,2.0,0.002
btoOwUxLfT,Reshape,/job:localhost/replica:0/task:0/device:GPU:0,2.0,0.002
lD5t9cBThO,Reshape,/job:localhost/replica:0/task:0/device:GPU:0,2.0,0.002
0madx653DE,Shape,/job:localhost/replica:0/task:0/device:GPU:0,2.0,0.002
rkLVn3vJyY,Shape,/job:localhost/replica:0/task:0/device:GPU:0,2.0,0.002
oA8tj9WHpC,Shape,/job:localhost/replica:0/task:0/device:GPU:0,2.0,0.002
WLUa1xu6ol,Reshape,/job:localhost/replica:0/task:0/device:GPU:0,2.0,0.002
gOh7yW3YBL,Shape,/job:localhost/replica:0/task:0/device:GPU:0,2.0,0.002
bd6TIq2xKg,Unpack,/job:localhost/replica:0/task:0/device:GPU:0,2.0,0.002
0gxI2yuHt1,Unpack,/job:localhost/replica:0/task:0/device:GPU:0,2.0,0.002
oU7BtxeNd0,Pack,/job:localhost/replica:0/task:0/device:GPU:0,2.0,0.002
ORzsbGwpBW,Pack,/job:localhost/replica:0/task:0/device:GPU:0,2.0,0.002
evX8Va5SH4,Pack,/job:localhost/replica:0/task:0/device:GPU:0,2.0,0.002
jPy5E6tzCO,Pack,/job:localhost/replica:0/task:0/device:GPU:0,2.0,0.002
lhVBu63DNJ,Pack,/job:localhost/replica:0/task:0/device:GPU:0,2.0,0.002
ox1QZlifXc,Pack,/job:localhost/replica:0/task:0/device:GPU:0,2.0,0.002
FgYKQeh6aG,Pack,/job:localhost/replica:0/task:0/device:GPU:0,2.0,0.002
YxstnXver0,Pack,/job:localhost/replica:0/task:0/device:GPU:0,2.0,0.002
mdQsFKenPb,Pack,/job:localhost/replica:0/task:0/device:GPU:0,2.0,0.002
35nK8sLvQV,Reshape,/job:localhost/replica:0/task:0/device:GPU:0,2.0,0.002
4P39lQKOr8,StopGradient,/job:localhost/replica:0/task:0/device:GPU:0,2.0,0.002
xfP4RpZ6V2,Reshape,/job:localhost/replica:0/task:0/device:GPU:0,2.0,0.002
pq3woBbY4m,Shape,/job:localhost/replica:0/task:0/device:GPU:0,2.0,0.002
oetpnWPJ26,Reshape,/job:localhost/replica:0/task:0/device:GPU:0,2.0,0.002
qgWONFhlwm,Shape,/job:localhost/replica:0/task:0/device:GPU:0,2.0,0.002
SNrlOey08m,Reshape,/job:localhost/replica:0/task:0/device:GPU:0,2.0,0.002
kg38h0QtPU,Shape,/job:localhost/replica:0/task:0/device:GPU:0,2.0,0.002
lvjOAYLBdV,Shape,/job:localhost/replica:0/task:0/device:GPU:0,2.0,0.002
EFH0YVi3kv,Shape,/job:localhost/replica:0/task:0/device:GPU:0,2.0,0.002
14MTt3Rmvz,Shape,/job:localhost/replica:0/task:0/device:GPU:0,2.0,0.002
kQhOruc4ZK,Shape,/job:localhost/replica:0/task:0/device:GPU:0,2.0,0.002
2KhlCZLfH3,Reshape,/job:localhost/replica:0/task:0/device:GPU:0,2.0,0.002
aeTxzrSytg,Shape,/job:localhost/replica:0/task:0/device:GPU:0,2.0,0.002
AkTFb9JO2P,Shape,/job:localhost/replica:0/task:0/device:GPU:0,2.0,0.002
myNRcl0pFT,Shape,/job:localhost/replica:0/task:0/device:GPU:0,2.0,0.002
P5FTZe2JVa,Unpack,/job:localhost/replica:0/task:0/device:GPU:0,2.0,0.002
6gspUSWQzd,Unpack,/job:localhost/replica:0/task:0/device:GPU:0,2.0,0.002
B3HFakiuSm,Unpack,/job:localhost/replica:0/task:0/device:GPU:0,2.0,0.002
rxjmqC1VKp,Pack,/job:localhost/replica:0/task:0/device:GPU:0,2.0,0.002
HTmnNvJYXl,Pack,/job:localhost/replica:0/task:0/device:GPU:0,2.0,0.002
uxn5teGSVb,Pack,/job:localhost/replica:0/task:0/device:GPU:0,2.0,0.002
yEvw7rW0SK,Pack,/job:localhost/replica:0/task:0/device:GPU:0,2.0,0.002
2yzXcaMVeS,Pack,/job:localhost/replica:0/task:0/device:GPU:0,2.0,0.002
cAYrvlVwkN,Pack,/job:localhost/replica:0/task:0/device:GPU:0,2.0,0.002
zHCpvGcxIF,Reshape,/job:localhost/replica:0/task:0/device:GPU:0,2.0,0.002
cmSHLTeuUb,Reshape,/job:localhost/replica:0/task:0/device:GPU:0,2.0,0.002
U72flJ60kL,Reshape,/job:localhost/replica:0/task:0/device:GPU:0,2.0,0.002
eZdrLJGRp3,Reshape,/job:localhost/replica:0/task:0/device:GPU:0,2.0,0.002
rj3nGxMuQ8,Shape,/job:localhost/replica:0/task:0/device:GPU:0,2.0,0.002
PeDVKE8WwS,Shape,/job:localhost/replica:0/task:0/device:GPU:0,2.0,0.002
fO0uzwtM4D,Shape,/job:localhost/replica:0/task:0/device:GPU:0,2.0,0.002
PnDumXrMLt,Shape,/job:localhost/replica:0/task:0/device:GPU:0,2.0,0.002
SEVPdLYOtH,Reshape,/job:localhost/replica:0/task:0/device:GPU:0,2.0,0.002
aCnhkpvbUq,Reshape,/job:localhost/replica:0/task:0/device:GPU:0,2.0,0.002
mCb65gVUwX,Reshape,/job:localhost/replica:0/task:0/device:GPU:0,2.0,0.002
IPpX7fKMcY,Shape,/job:localhost/replica:0/task:0/device:GPU:0,2.0,0.002
XMgNcWuSPB,Shape,/job:localhost/replica:0/task:0/device:GPU:0,2.0,0.002
LmciY9VnkA,Shape,/job:localhost/replica:0/task:0/device:GPU:0,2.0,0.002
Ev7cH3n89t,Unpack,/job:localhost/replica:0/task:0/device:GPU:0,2.0,0.002
VF9AiIjhXc,Unpack,/job:localhost/replica:0/task:0/device:GPU:0,2.0,0.002
osgwxfuQhj,Pack,/job:localhost/replica:0/task:0/device:GPU:0,2.0,0.002
ef2hGRx1qk,Pack,/job:localhost/replica:0/task:0/device:GPU:0,2.0,0.002
EgsM49ujrO,Pack,/job:localhost/replica:0/task:0/device:GPU:0,2.0,0.002
y4NBAdPgfa,Pack,/job:localhost/replica:0/task:0/device:GPU:0,2.0,0.002
VeHfcQOdup,Pack,/job:localhost/replica:0/task:0/device:GPU:0,2.0,0.002
kYD3XgVRF5,Pack,/job:localhost/replica:0/task:0/device:GPU:0,2.0,0.002
bFYktJ8NWp,Pack,/job:localhost/replica:0/task:0/device:GPU:0,2.0,0.002
b3ywBFEZpu,Pack,/job:localhost/replica:0/task:0/device:GPU:0,2.0,0.002
BubLIPlpRv,Pack,/job:localhost/replica:0/task:0/device:GPU:0,2.0,0.002
lXEmPSbZI7,Pack,/job:localhost/replica:0/task:0/device:GPU:0,2.0,0.002
FMUAE2qs7Y,Reshape,/job:localhost/replica:0/task:0/device:GPU:0,2.0,0.002
DExkFjB6nQ,Reshape,/job:localhost/replica:0/task:0/device:GPU:0,2.0,0.002
Q7UKk4N9eS,StopGradient,/job:localhost/replica:0/task:0/device:GPU:0,2.0,0.002
GegIQAWjcE,Reshape,/job:localhost/replica:0/task:0/device:GPU:0,2.0,0.002
1JPyDKxL2m,Reshape,/job:localhost/replica:0/task:0/device:GPU:0,2.0,0.002
z3uWVrakfs,Reshape,/job:localhost/replica:0/task:0/device:GPU:0,2.0,0.002
ebgWTQJdXk,Reshape,/job:localhost/replica:0/task:0/device:GPU:0,2.0,0.002
o0AGt5pWaU,Shape,/job:localhost/replica:0/task:0/device:GPU:0,2.0,0.002
PMFQBiHDoc,Reshape,/job:localhost/replica:0/task:0/device:GPU:0,2.0,0.002
Xdrs6WE7U4,Shape,/job:localhost/replica:0/task:0/device:GPU:0,2.0,0.002
UaDIenJvX2,Reshape,/job:localhost/replica:0/task:0/device:GPU:0,2.0,0.002
XCa5KoNsQ6,Shape,/job:localhost/replica:0/task:0/device:GPU:0,2.0,0.002
n6XyY7fHkR,Reshape,/job:localhost/replica:0/task:0/device:GPU:0,2.0,0.002
bncLhYulds,Reshape,/job:localhost/replica:0/task:0/device:GPU:0,2.0,0.002
GMNzldrRiA,Unpack,/job:localhost/replica:0/task:0/device:GPU:0,2.0,0.002
HaIZciRQY0,Pack,/job:localhost/replica:0/task:0/device:GPU:0,2.0,0.002
0FlzQf2pac,Pack,/job:localhost/replica:0/task:0/device:GPU:0,2.0,0.002
ylWOMhNfv6,Pack,/job:localhost/replica:0/task:0/device:GPU:0,2.0,0.002
OZrM6LyFpz,Reshape,/job:localhost/replica:0/task:0/device:GPU:0,2.0,0.002
0QpBxngXO2,Reshape,/job:localhost/replica:0/task:0/device:GPU:0,2.0,0.002
FSnTzZpOqk,Shape,/job:localhost/replica:0/task:0/device:GPU:0,2.0,0.002
nZ4KSvJLBT,Reshape,/job:localhost/replica:0/task:0/device:GPU:0,2.0,0.002
FhMqfH3aCo,Shape,/job:localhost/replica:0/task:0/device:GPU:0,2.0,0.002
49wdQANJT7,Reshape,/job:localhost/replica:0/task:0/device:GPU:0,2.0,0.002
hFQemI6NBO,Shape,/job:localhost/replica:0/task:0/device:GPU:0,2.0,0.002
qw08KEfWMX,Reshape,/job:localhost/replica:0/task:0/device:GPU:0,2.0,0.002
N8nqhaB4jV,Reshape,/job:localhost/replica:0/task:0/device:GPU:0,2.0,0.002
rLgVENiYQx,Shape,/job:localhost/replica:0/task:0/device:GPU:0,2.0,0.002
OpgcI4MykD,Shape,/job:localhost/replica:0/task:0/device:GPU:0,2.0,0.002
xXdN7YTnbG,Shape,/job:localhost/replica:0/task:0/device:GPU:0,2.0,0.002
kIB3TOj4rY,Reshape,/job:localhost/replica:0/task:0/device:GPU:0,2.0,0.002
NCvy3kpEBs,Shape,/job:localhost/replica:0/task:0/device:GPU:0,2.0,0.002
BKM3mQ6jG2,Pack,/job:localhost/replica:0/task:0/device:GPU:0,2.0,0.002
iGzXBFRUce,Pack,/job:localhost/replica:0/task:0/device:GPU:0,2.0,0.002
Q2xVOpv87P,Unpack,/job:localhost/replica:0/task:0/device:GPU:0,2.0,0.002
y5UBL2xeJN,Unpack,/job:localhost/replica:0/task:0/device:GPU:0,2.0,0.002
Pvn96zCoIg,Reshape,/job:localhost/replica:0/task:0/device:GPU:0,2.0,0.002
R0sle6L23u,Pack,/job:localhost/replica:0/task:0/device:GPU:0,2.0,0.002
8v3i1GMPUb,Pack,/job:localhost/replica:0/task:0/device:GPU:0,2.0,0.002
hl4mQeGzIH,Pack,/job:localhost/replica:0/task:0/device:GPU:0,2.0,0.002
6GSbaPdBKf,Reshape,/job:localhost/replica:0/task:0/device:GPU:0,2.0,0.002
4JCAlWRnTX,Reshape,/job:localhost/replica:0/task:0/device:GPU:0,2.0,0.002
kJj1oN5rhg,Reshape,/job:localhost/replica:0/task:0/device:GPU:0,2.0,0.002
I6cxdhgL27,Reshape,/job:localhost/replica:0/task:0/device:GPU:0,2.0,0.002
x06sC5ycZ4,Reshape,/job:localhost/replica:0/task:0/device:GPU:0,2.0,0.002
NIcxF759ZM,Reshape,/job:localhost/replica:0/task:0/device:GPU:0,2.0,0.002
fvw1arYR4S,Reshape,/job:localhost/replica:0/task:0/device:GPU:0,2.0,0.002
ImCvuKH1s5,Reshape,/job:localhost/replica:0/task:0/device:GPU:0,2.0,0.002
m0dVIX9pi8,Shape,/job:localhost/replica:0/task:0/device:GPU:0,2.0,0.002
EZoFLqvHAm,Shape,/job:localhost/replica:0/task:0/device:GPU:0,2.0,0.002
UCcFJZf7N6,Reshape,/job:localhost/replica:0/task:0/device:GPU:0,2.0,0.002
ADR0peo7QW,Unpack,/job:localhost/replica:0/task:0/device:GPU:0,2.0,0.002
kz8WBPmMVt,Pack,/job:localhost/replica:0/task:0/device:GPU:0,2.0,0.002
hOewGf9DT1,Prod,/job:localhost/replica:0/task:0/device:GPU:0,2.0,0.002
_arg_Xf4gcqK28R_0_535,Placeholder,/job:localhost/replica:0/task:0/device:CPU:0,2.0,0.002
_arg_XFATe9m0B6_0_529,Placeholder,/job:localhost/replica:0/task:0/device:CPU:0,2.0,0.002
_arg_XjUGgpfMsV_0_538,Placeholder,/job:localhost/replica:0/task:0/device:CPU:0,2.0,0.002
_arg_dPmyVlRtM9_0_630,Placeholder,/job:localhost/replica:0/task:0/device:CPU:0,2.0,0.002
_arg_d5YQxPRjAl_0_626,Placeholder,/job:localhost/replica:0/task:0/device:CPU:0,2.0,0.002
_arg_dUzpRYL3sn_0_634,Placeholder,/job:localhost/replica:0/task:0/device:CPU:0,2.0,0.002
_arg_ZsgTXHzCcY_0_575,Placeholder,/job:localhost/replica:0/task:0/device:CPU:0,2.0,0.002
_arg_fmFcnXzISG_0_672,Placeholder,/job:localhost/replica:0/task:0/device:CPU:0,2.0,0.002
_arg_eFVRzU0D32_0_639,Placeholder,/job:localhost/replica:0/task:0/device:CPU:0,2.0,0.002
_arg_eJ5yPdlDcM_0_641,Placeholder,/job:localhost/replica:0/task:0/device:CPU:0,2.0,0.002
_arg_grOSMBCL5w_0_694,Placeholder,/job:localhost/replica:0/task:0/device:CPU:0,2.0,0.002
_arg_gzs26ydXKN_0_697,Placeholder,/job:localhost/replica:0/task:0/device:CPU:0,2.0,0.002
_arg_eUL7gf0GMS_0_646,Placeholder,/job:localhost/replica:0/task:0/device:CPU:0,2.0,0.002
_arg_ejRoCuTaUv_0_650,Placeholder,/job:localhost/replica:0/task:0/device:CPU:0,2.0,0.002
_arg_hSnkpXeWzg_0_705,Placeholder,/job:localhost/replica:0/task:0/device:CPU:0,2.0,0.002
_arg_eZt4Y5jrBW_0_647,Placeholder,/job:localhost/replica:0/task:0/device:CPU:0,2.0,0.002
_arg_ipjOfrwt2Y_0_726,Placeholder,/job:localhost/replica:0/task:0/device:CPU:0,2.0,0.002
_arg_kBiAJ7Yh9M_0_746,Placeholder,/job:localhost/replica:0/task:0/device:CPU:0,2.0,0.002
_arg_kDIKTExtQY_0_747,Placeholder,/job:localhost/replica:0/task:0/device:CPU:0,2.0,0.002
_arg_yDREc5A8kM_0_941,Placeholder,/job:localhost/replica:0/task:0/device:CPU:0,2.0,0.002
_arg_yUJfZSwaPK_0_949,Placeholder,/job:localhost/replica:0/task:0/device:CPU:0,2.0,0.002
_arg_zQfrH6ijop_0_962,Placeholder,/job:localhost/replica:0/task:0/device:CPU:0,2.0,0.002
_arg_wDosOX4mYg_0_907,Placeholder,/job:localhost/replica:0/task:0/device:CPU:0,2.0,0.002
_arg_jrSx9lcwOJ_0_740,Placeholder,/job:localhost/replica:0/task:0/device:CPU:0,2.0,0.002
_arg_zk64hIKLbV_0_963,Placeholder,/job:localhost/replica:0/task:0/device:CPU:0,2.0,0.002
_arg_x7yzJvqm3o_0_926,Placeholder,/job:localhost/replica:0/task:0/device:CPU:0,2.0,0.002
_arg_xpy8Lu1mSw_0_939,Placeholder,/job:localhost/replica:0/task:0/device:CPU:0,2.0,0.002
_arg_whxSH4kruM_0_920,Placeholder,/job:localhost/replica:0/task:0/device:CPU:0,2.0,0.002
_arg_wuTkgZlv4C_0_923,Placeholder,/job:localhost/replica:0/task:0/device:CPU:0,2.0,0.002
_arg_y6QjqGMLBi_0_940,Placeholder,/job:localhost/replica:0/task:0/device:CPU:0,2.0,0.002
_arg_yTVmMt8pFh_0_948,Placeholder,/job:localhost/replica:0/task:0/device:CPU:0,2.0,0.002
_arg_xIz7Ty3oEr_0_928,Placeholder,/job:localhost/replica:0/task:0/device:CPU:0,2.0,0.002
_arg_H15gbGFKV6_0_250,Placeholder,/job:localhost/replica:0/task:0/device:CPU:0,2.0,0.002
_arg_HM37mJISqw_0_259,Placeholder,/job:localhost/replica:0/task:0/device:CPU:0,2.0,0.002
_arg_HtnbfwaSLD_0_270,Placeholder,/job:localhost/replica:0/task:0/device:CPU:0,2.0,0.002
_arg_KADWpN9qgL_0_319,Placeholder,/job:localhost/replica:0/task:0/device:CPU:0,2.0,0.002
_arg_L6BPYDlkgW_0_339,Placeholder,/job:localhost/replica:0/task:0/device:CPU:0,2.0,0.002
_arg_MR3Qd967eH_0_362,Placeholder,/job:localhost/replica:0/task:0/device:CPU:0,2.0,0.002
_arg_OuymCBpj67_0_405,Placeholder,/job:localhost/replica:0/task:0/device:CPU:0,2.0,0.002
_arg_PRWqAjvJLB_0_410,Placeholder,/job:localhost/replica:0/task:0/device:CPU:0,2.0,0.002
_arg_PckSbEnsDz_0_413,Placeholder,/job:localhost/replica:0/task:0/device:CPU:0,2.0,0.002
_arg_Ne8zlER3s5_0_381,Placeholder,/job:localhost/replica:0/task:0/device:CPU:0,2.0,0.002
_arg_OILbUAskzY_0_395,Placeholder,/job:localhost/replica:0/task:0/device:CPU:0,2.0,0.002
_arg_NnvB1P32zS_0_385,Placeholder,/job:localhost/replica:0/task:0/device:CPU:0,2.0,0.002
_arg_OB9dTY4fVI_0_391,Placeholder,/job:localhost/replica:0/task:0/device:CPU:0,2.0,0.002
_arg_QChEcldjSp_0_424,Placeholder,/job:localhost/replica:0/task:0/device:CPU:0,2.0,0.002
_arg_PU9s4XZY0i_0_411,Placeholder,/job:localhost/replica:0/task:0/device:CPU:0,2.0,0.002
_arg_Pmda3cIn6k_0_417,Placeholder,/job:localhost/replica:0/task:0/device:CPU:0,2.0,0.002
_arg_QIpvtKPu58_0_425,Placeholder,/job:localhost/replica:0/task:0/device:CPU:0,2.0,0.002
_arg_MtG3LNQsVu_0_370,Placeholder,/job:localhost/replica:0/task:0/device:CPU:0,2.0,0.002
_arg_OCWXAytp8K_0_393,Placeholder,/job:localhost/replica:0/task:0/device:CPU:0,2.0,0.002
_arg_QfRHe6ioIr_0_429,Placeholder,/job:localhost/replica:0/task:0/device:CPU:0,2.0,0.002
_arg_SF4xBs9QO0_0_452,Placeholder,/job:localhost/replica:0/task:0/device:CPU:0,2.0,0.002
_arg_T6aLYVEmOx_0_463,Placeholder,/job:localhost/replica:0/task:0/device:CPU:0,2.0,0.002
_arg_SF8M7aGf4h_0_453,Placeholder,/job:localhost/replica:0/task:0/device:CPU:0,2.0,0.002
_arg_Rlgrxd48L6_0_442,Placeholder,/job:localhost/replica:0/task:0/device:CPU:0,2.0,0.002
_arg_URWtk6vfea_0_493,Placeholder,/job:localhost/replica:0/task:0/device:CPU:0,2.0,0.002
_arg_Sr1vN3PVAF_0_460,Placeholder,/job:localhost/replica:0/task:0/device:CPU:0,2.0,0.002
_arg_T8vIpKdkiE_0_465,Placeholder,/job:localhost/replica:0/task:0/device:CPU:0,2.0,0.002
_arg_TXvt2QAYiO_0_472,Placeholder,/job:localhost/replica:0/task:0/device:CPU:0,2.0,0.002
_arg_RtsrheyHju_0_447,Placeholder,/job:localhost/replica:0/task:0/device:CPU:0,2.0,0.002
_arg_ICpwRovB5Y_0_274,Placeholder,/job:localhost/replica:0/task:0/device:CPU:0,2.0,0.002
_arg_U4BQ9zZqF6_0_484,Placeholder,/job:localhost/replica:0/task:0/device:CPU:0,2.0,0.002
_arg_IDaRuBfrHn_0_275,Placeholder,/job:localhost/replica:0/task:0/device:CPU:0,2.0,0.002
_arg_IgdGSlUyMu_0_285,Placeholder,/job:localhost/replica:0/task:0/device:CPU:0,2.0,0.002
_arg_J5EMIfoRsX_0_293,Placeholder,/job:localhost/replica:0/task:0/device:CPU:0,2.0,0.002
_arg_UFEDr7b2dN_0_488,Placeholder,/job:localhost/replica:0/task:0/device:CPU:0,2.0,0.002
_arg_UNshugBP9F_0_490,Placeholder,/job:localhost/replica:0/task:0/device:CPU:0,2.0,0.002
_arg_IKugeX6sjS_0_276,Placeholder,/job:localhost/replica:0/task:0/device:CPU:0,2.0,0.002
_arg_JdvqLW9VAb_0_306,Placeholder,/job:localhost/replica:0/task:0/device:CPU:0,2.0,0.002
_arg_Jj3HLip2kK_0_309,Placeholder,/job:localhost/replica:0/task:0/device:CPU:0,2.0,0.002
_arg_Kd1uRvIPD4_0_329,Placeholder,/job:localhost/replica:0/task:0/device:CPU:0,2.0,0.002
_arg_Kkemh9N7OQ_0_332,Placeholder,/job:localhost/replica:0/task:0/device:CPU:0,2.0,0.002
_arg_LgkcW0ZoHB_0_348,Placeholder,/job:localhost/replica:0/task:0/device:CPU:0,2.0,0.002
_arg_J6c1OQY2fj_0_294,Placeholder,/job:localhost/replica:0/task:0/device:CPU:0,2.0,0.002
_arg_JzoTxfS9ya_0_316,Placeholder,/job:localhost/replica:0/task:0/device:CPU:0,2.0,0.002
_arg_KIW9pRUAMN_0_320,Placeholder,/job:localhost/replica:0/task:0/device:CPU:0,2.0,0.002
_arg_KdA9Hb8hqz_0_330,Placeholder,/job:localhost/replica:0/task:0/device:CPU:0,2.0,0.002
_arg_MFd1axZIVr_0_359,Placeholder,/job:localhost/replica:0/task:0/device:CPU:0,2.0,0.002
_arg_Nf8nXoJbhE_0_382,Placeholder,/job:localhost/replica:0/task:0/device:CPU:0,2.0,0.002
_arg_JmtRyOIfXU_0_311,Placeholder,/job:localhost/replica:0/task:0/device:CPU:0,2.0,0.002
_arg_K4FsiawldT_0_317,Placeholder,/job:localhost/replica:0/task:0/device:CPU:0,2.0,0.002
_arg_M7X2fJeyzi_0_356,Placeholder,/job:localhost/replica:0/task:0/device:CPU:0,2.0,0.002
_arg_KQhWE6FBT8_0_322,Placeholder,/job:localhost/replica:0/task:0/device:CPU:0,2.0,0.002
_arg_NHuyPIMz2G_0_376,Placeholder,/job:localhost/replica:0/task:0/device:CPU:0,2.0,0.002
_arg_NJl2ok3w8H_0_377,Placeholder,/job:localhost/replica:0/task:0/device:CPU:0,2.0,0.002
_arg_15WRIPBiYO_0_16,Placeholder,/job:localhost/replica:0/task:0/device:CPU:0,2.0,0.002
_arg_1BIhYke5jo_0_19,Placeholder,/job:localhost/replica:0/task:0/device:CPU:0,2.0,0.002
_arg_25auN3pGRW_0_31,Placeholder,/job:localhost/replica:0/task:0/device:CPU:0,2.0,0.002
_arg_26xCbIfzah_0_32,Placeholder,/job:localhost/replica:0/task:0/device:CPU:0,2.0,0.002
_arg_3YZqw7y0tF_0_58,Placeholder,/job:localhost/replica:0/task:0/device:CPU:0,2.0,0.002
_arg_3IBsOUja9T_0_50,Placeholder,/job:localhost/replica:0/task:0/device:CPU:0,2.0,0.002
_arg_3dm8BifeY7_0_60,Placeholder,/job:localhost/replica:0/task:0/device:CPU:0,2.0,0.002
_arg_3Ur9wxsIv6_0_55,Placeholder,/job:localhost/replica:0/task:0/device:CPU:0,2.0,0.002
_arg_4sh6U3nH0u_0_85,Placeholder,/job:localhost/replica:0/task:0/device:CPU:0,2.0,0.002
_arg_3z6aS7hYot_0_71,Placeholder,/job:localhost/replica:0/task:0/device:CPU:0,2.0,0.002
_arg_4MnvdxOz7J_0_75,Placeholder,/job:localhost/replica:0/task:0/device:CPU:0,2.0,0.002
_arg_3KTD1Ef6aq_0_51,Placeholder,/job:localhost/replica:0/task:0/device:CPU:0,2.0,0.002
_arg_3MIkigbP1x_0_53,Placeholder,/job:localhost/replica:0/task:0/device:CPU:0,2.0,0.002
_arg_10Qhqv2fw9_0_14,Placeholder,/job:localhost/replica:0/task:0/device:CPU:0,2.0,0.002
uOTIURDgW8,Const,/job:localhost/replica:0/task:0/device:CPU:0,2.0,0.002
_arg_68MKr7Rlpf_0_101,Placeholder,/job:localhost/replica:0/task:0/device:CPU:0,2.0,0.002
_arg_0rGg1FhVDc_0_11,Placeholder,/job:localhost/replica:0/task:0/device:CPU:0,2.0,0.002
_arg_4ct9SlgUP1_0_83,Placeholder,/job:localhost/replica:0/task:0/device:CPU:0,2.0,0.002
_arg_mkiyqPhGje_0_781,Placeholder,/job:localhost/replica:0/task:0/device:CPU:0,2.0,0.002
_arg_FaZKx9OEbX_0_232,Placeholder,/job:localhost/replica:0/task:0/device:CPU:0,2.0,0.002
_arg_FrD2QRtHLJ_0_236,Placeholder,/job:localhost/replica:0/task:0/device:CPU:0,2.0,0.002
_arg_G5VhLOJvr0_0_239,Placeholder,/job:localhost/replica:0/task:0/device:CPU:0,2.0,0.002
_arg_B7FDWM3Cxr_0_162,Placeholder,/job:localhost/replica:0/task:0/device:CPU:0,2.0,0.002
_arg_Aka3BRixOc_0_159,Placeholder,/job:localhost/replica:0/task:0/device:CPU:0,2.0,0.002
_arg_BmiCVhr7Md_0_170,Placeholder,/job:localhost/replica:0/task:0/device:CPU:0,2.0,0.002
_arg_CBdwfvD9I6_0_175,Placeholder,/job:localhost/replica:0/task:0/device:CPU:0,2.0,0.002
_arg_CJFE5pwU8x_0_179,Placeholder,/job:localhost/replica:0/task:0/device:CPU:0,2.0,0.002
_arg_ESG4Nsd0hz_0_205,Placeholder,/job:localhost/replica:0/task:0/device:CPU:0,2.0,0.002
_arg_Bt4ETWia18_0_172,Placeholder,/job:localhost/replica:0/task:0/device:CPU:0,2.0,0.002
_arg_CGDOQfT7zh_0_176,Placeholder,/job:localhost/replica:0/task:0/device:CPU:0,2.0,0.002
_arg_D4MiRf5vSC_0_187,Placeholder,/job:localhost/replica:0/task:0/device:CPU:0,2.0,0.002
_arg_DLYknyaTMj_0_191,Placeholder,/job:localhost/replica:0/task:0/device:CPU:0,2.0,0.002
_arg_FE6Im4HBdM_0_217,Placeholder,/job:localhost/replica:0/task:0/device:CPU:0,2.0,0.002
_arg_FKY3QZa7Ru_0_221,Placeholder,/job:localhost/replica:0/task:0/device:CPU:0,2.0,0.002
_arg_oEj2VzgK8T_0_800,Placeholder,/job:localhost/replica:0/task:0/device:CPU:0,2.0,0.002
_arg_nyuP3DjXt4_0_796,Placeholder,/job:localhost/replica:0/task:0/device:CPU:0,2.0,0.002
_arg_pbfFnUBdh9_0_821,Placeholder,/job:localhost/replica:0/task:0/device:CPU:0,2.0,0.002
_arg_rinDbXHIBK_0_844,Placeholder,/job:localhost/replica:0/task:0/device:CPU:0,2.0,0.002
_arg_rt8x7g9mNa_0_848,Placeholder,/job:localhost/replica:0/task:0/device:CPU:0,2.0,0.002
_arg_oUmYxZ8bf0_0_807,Placeholder,/job:localhost/replica:0/task:0/device:CPU:0,2.0,0.002
_arg_shFDc7q92y_0_860,Placeholder,/job:localhost/replica:0/task:0/device:CPU:0,2.0,0.002
_arg_n0ND6dPzg8_0_784,Placeholder,/job:localhost/replica:0/task:0/device:CPU:0,2.0,0.002
_arg_poeha5DckA_0_823,Placeholder,/job:localhost/replica:0/task:0/device:CPU:0,2.0,0.002
_arg_tFJkuWHO9q_0_864,Placeholder,/job:localhost/replica:0/task:0/device:CPU:0,2.0,0.002
_arg_nEe53U6rDh_0_788,Placeholder,/job:localhost/replica:0/task:0/device:CPU:0,2.0,0.002
_arg_s4vYB90lHp_0_851,Placeholder,/job:localhost/replica:0/task:0/device:CPU:0,2.0,0.002
_arg_sZvOHoTh7S_0_859,Placeholder,/job:localhost/replica:0/task:0/device:CPU:0,2.0,0.002
_arg_tip1RODehq_0_874,Placeholder,/job:localhost/replica:0/task:0/device:CPU:0,2.0,0.002
_arg_u39leAUH0R_0_879,Placeholder,/job:localhost/replica:0/task:0/device:CPU:0,2.0,0.002
_arg_tpP6w7D0lN_0_877,Placeholder,/job:localhost/replica:0/task:0/device:CPU:0,2.0,0.002
_arg_werANnbXiP_0_917,Placeholder,/job:localhost/replica:0/task:0/device:CPU:0,2.0,0.002
_arg_v8q4K6x2zi_0_897,Placeholder,/job:localhost/replica:0/task:0/device:CPU:0,2.0,0.002
_arg_UxwdfqS3DM_0_499,Placeholder,/job:localhost/replica:0/task:0/device:CPU:0,2.0,0.002
i5ElNV2GQb,Switch,/job:localhost/replica:0/task:0/device:CPU:0,2.0,0.002
4pFhPa56qv,Switch,/job:localhost/replica:0/task:0/device:CPU:0,2.0,0.002
_retval_SvM1ItAcQW_0_4,Select,/job:localhost/replica:0/task:0/device:CPU:0,2.0,0.002
hBkJurRa27,Const,/job:localhost/replica:0/task:0/device:GPU:0,1.0,0.001
j4RCeVM6Ei,Const,/job:localhost/replica:0/task:0/device:GPU:0,1.0,0.001
x3kKIlA9Ez,Const,/job:localhost/replica:0/task:0/device:GPU:0,1.0,0.001
bAjC16dky2,Const,/job:localhost/replica:0/task:0/device:GPU:0,1.0,0.001
wMLQiUs4N5,Const,/job:localhost/replica:0/task:0/device:GPU:0,1.0,0.001
el6gP0aAxZ,Const,/job:localhost/replica:0/task:0/device:GPU:0,1.0,0.001
Z0ebah76Vy,Const,/job:localhost/replica:0/task:0/device:GPU:0,1.0,0.001
6w519WpxFX,Const,/job:localhost/replica:0/task:0/device:GPU:0,1.0,0.001
VGjFUhlbuz,Const,/job:localhost/replica:0/task:0/device:GPU:0,1.0,0.001
8EoR7iXmSC,Const,/job:localhost/replica:0/task:0/device:GPU:0,1.0,0.001
yt6W3SYhIu,Const,/job:localhost/replica:0/task:0/device:GPU:0,1.0,0.001
dOZ8S13EDh,Const,/job:localhost/replica:0/task:0/device:GPU:0,1.0,0.001
OcioRGw7BI,Const,/job:localhost/replica:0/task:0/device:GPU:0,1.0,0.001
DKN4LyMwSr,Const,/job:localhost/replica:0/task:0/device:GPU:0,1.0,0.001
7UgjrVEmZs,Const,/job:localhost/replica:0/task:0/device:GPU:0,1.0,0.001
FORbJspNKh,Const,/job:localhost/replica:0/task:0/device:GPU:0,1.0,0.001
UZl30y1gDp,Const,/job:localhost/replica:0/task:0/device:GPU:0,1.0,0.001
mgksZS6yer,Const,/job:localhost/replica:0/task:0/device:GPU:0,1.0,0.001
2aND4KJfMx,Const,/job:localhost/replica:0/task:0/device:GPU:0,1.0,0.001
40m51AfJNY,Const,/job:localhost/replica:0/task:0/device:GPU:0,1.0,0.001
S5wRlZiWtq,Const,/job:localhost/replica:0/task:0/device:GPU:0,1.0,0.001
wqQpADUia5,Const,/job:localhost/replica:0/task:0/device:GPU:0,1.0,0.001
hzibBMnUXW,Const,/job:localhost/replica:0/task:0/device:GPU:0,1.0,0.001
mEiSyjV7go,Const,/job:localhost/replica:0/task:0/device:GPU:0,1.0,0.001
R5WDoi8TaX,Const,/job:localhost/replica:0/task:0/device:GPU:0,1.0,0.001
5TYFOSilLN/_40__cf__40,Reshape,/job:localhost/replica:0/task:0/device:GPU:0,1.0,0.001
AYmMZkGRr7/_74__cf__74,Reshape,/job:localhost/replica:0/task:0/device:GPU:0,1.0,0.001
C1rbOjmUJT/_88__cf__88,Reshape,/job:localhost/replica:0/task:0/device:GPU:0,1.0,0.001
EqvLhBT7WH/_107__cf__107,Sqrt,/job:localhost/replica:0/task:0/device:GPU:0,1.0,0.001
C3UaWBMox5/_89__cf__89,Reshape,/job:localhost/replica:0/task:0/device:GPU:0,1.0,0.001
GSAHTPr5VX/_115__cf__115,Reshape,/job:localhost/replica:0/task:0/device:GPU:0,1.0,0.001
Lj9F5HkIvK/_144__cf__144,Reshape,/job:localhost/replica:0/task:0/device:GPU:0,1.0,0.001
NAB2MSDGaP/_154__cf__154,Reshape,/job:localhost/replica:0/task:0/device:GPU:0,1.0,0.001
VCQEcM5bNY/_211__cf__211,RealDiv,/job:localhost/replica:0/task:0/device:GPU:0,1.0,0.001
Pz19MdRtV6/_177__cf__177,Reshape,/job:localhost/replica:0/task:0/device:GPU:0,1.0,0.001
XkaRv4Ldh7/_228__cf__228,Reshape,/job:localhost/replica:0/task:0/device:GPU:0,1.0,0.001
WJIHXYiEvP/_216__cf__216,Reshape,/job:localhost/replica:0/task:0/device:GPU:0,1.0,0.001
YCXi5yaUoj/_229__cf__229,Reshape,/job:localhost/replica:0/task:0/device:GPU:0,1.0,0.001
bWN7TRgUu3/_248__cf__248,Reshape,/job:localhost/replica:0/task:0/device:GPU:0,1.0,0.001
ZQ7Ox2KYtu/_237__cf__237,Reshape,/job:localhost/replica:0/task:0/device:GPU:0,1.0,0.001
evo4fiBELr/_267__cf__267,Reshape,/job:localhost/replica:0/task:0/device:GPU:0,1.0,0.001
bsHuTIQfJj/_250__cf__250,Reshape,/job:localhost/replica:0/task:0/device:GPU:0,1.0,0.001
hYftKEWdS2/_283__cf__283,Reshape,/job:localhost/replica:0/task:0/device:GPU:0,1.0,0.001
iOznf5I3Wq/_287__cf__287,Add,/job:localhost/replica:0/task:0/device:GPU:0,1.0,0.001
gC6exB10by/_273__cf__273,Reshape,/job:localhost/replica:0/task:0/device:GPU:0,1.0,0.001
kGSaxOqtUP/_294__cf__294,Equal,/job:localhost/replica:0/task:0/device:GPU:0,1.0,0.001
i4MUvCWlQd/_285__cf__285,RealDiv,/job:localhost/replica:0/task:0/device:GPU:0,1.0,0.001
AGMSWj7rcV,Slice,/job:localhost/replica:0/task:0/device:GPU:0,1.0,0.001
wvbIR2ODNj,Slice,/job:localhost/replica:0/task:0/device:GPU:0,1.0,0.001
FinbdIDqah,Slice,/job:localhost/replica:0/task:0/device:GPU:0,1.0,0.001
cjdzZDs5XJ,Slice,/job:localhost/replica:0/task:0/device:GPU:0,1.0,0.001
CokydmIOY1,Slice,/job:localhost/replica:0/task:0/device:GPU:0,1.0,0.001
hu7yrgYkDP,Slice,/job:localhost/replica:0/task:0/device:GPU:0,1.0,0.001
FajsSMvL5B,Slice,/job:localhost/replica:0/task:0/device:GPU:0,1.0,0.001
HvKlEB9sGn,Const,/job:localhost/replica:0/task:0/device:GPU:0,1.0,0.001
dTmFWzCEgk,Const,/job:localhost/replica:0/task:0/device:GPU:0,1.0,0.001
891IkG72MW,Const,/job:localhost/replica:0/task:0/device:GPU:0,1.0,0.001
92xBq3N5al,Const,/job:localhost/replica:0/task:0/device:GPU:0,1.0,0.001
rDNJxqeIiT,Const,/job:localhost/replica:0/task:0/device:GPU:0,1.0,0.001
c0MFqpubhz,Const,/job:localhost/replica:0/task:0/device:GPU:0,1.0,0.001
l5hsOuFZX9,Const,/job:localhost/replica:0/task:0/device:GPU:0,1.0,0.001
70ybItHFwR,Const,/job:localhost/replica:0/task:0/device:GPU:0,1.0,0.001
A3ZacmlzQ8,Const,/job:localhost/replica:0/task:0/device:GPU:0,1.0,0.001
EkWrAzI80T,Const,/job:localhost/replica:0/task:0/device:GPU:0,1.0,0.001
YtuXaWgDLF,Const,/job:localhost/replica:0/task:0/device:GPU:0,1.0,0.001
M6Vpag3wYA,Const,/job:localhost/replica:0/task:0/device:GPU:0,1.0,0.001
4YjgVNxUih,Const,/job:localhost/replica:0/task:0/device:GPU:0,1.0,0.001
742SwZQIsK,Const,/job:localhost/replica:0/task:0/device:GPU:0,1.0,0.001
9uL4Hfr3ld,Const,/job:localhost/replica:0/task:0/device:GPU:0,1.0,0.001
mpKrG7sOyI,Const,/job:localhost/replica:0/task:0/device:GPU:0,1.0,0.001
hYf97HiSvM,Const,/job:localhost/replica:0/task:0/device:GPU:0,1.0,0.001
SXMTWR6Ls9,Const,/job:localhost/replica:0/task:0/device:GPU:0,1.0,0.001
d7qnm8wKWV,Const,/job:localhost/replica:0/task:0/device:GPU:0,1.0,0.001
PR7aXmZBU8,Const,/job:localhost/replica:0/task:0/device:GPU:0,1.0,0.001
YVLiI4T9se,Const,/job:localhost/replica:0/task:0/device:GPU:0,1.0,0.001
dumypkYTDF,Const,/job:localhost/replica:0/task:0/device:GPU:0,1.0,0.001
XI25MEeOP8,Const,/job:localhost/replica:0/task:0/device:GPU:0,1.0,0.001
Cmxc7VYG2u,Const,/job:localhost/replica:0/task:0/device:GPU:0,1.0,0.001
LWjaStAG4r,Const,/job:localhost/replica:0/task:0/device:GPU:0,1.0,0.001
TMrIEYkUJL,Const,/job:localhost/replica:0/task:0/device:GPU:0,1.0,0.001
sit9mvlj2g,Const,/job:localhost/replica:0/task:0/device:GPU:0,1.0,0.001
viS39z6Cuw,Const,/job:localhost/replica:0/task:0/device:GPU:0,1.0,0.001
8QdfjO5IXe,Const,/job:localhost/replica:0/task:0/device:GPU:0,1.0,0.001
AetUNzQpiG,Const,/job:localhost/replica:0/task:0/device:GPU:0,1.0,0.001
0DWyco5N7a,Const,/job:localhost/replica:0/task:0/device:GPU:0,1.0,0.001
JQFefGM1Kw,Const,/job:localhost/replica:0/task:0/device:GPU:0,1.0,0.001
TAqzE2vYRN,Const,/job:localhost/replica:0/task:0/device:GPU:0,1.0,0.001
zAXZCGj5dL,Const,/job:localhost/replica:0/task:0/device:GPU:0,1.0,0.001
G47JasfXki,Const,/job:localhost/replica:0/task:0/device:GPU:0,1.0,0.001
qhmeFwsfNC,Const,/job:localhost/replica:0/task:0/device:GPU:0,1.0,0.001
40VFwqatur/_32__cf__32,Reshape,/job:localhost/replica:0/task:0/device:GPU:0,1.0,0.001
3AhazDvoiG/_23__cf__23,Reshape,/job:localhost/replica:0/task:0/device:GPU:0,1.0,0.001
w6Xzft3IWD,Const,/job:localhost/replica:0/task:0/device:GPU:0,1.0,0.001
kYhUi2uzyC,Const,/job:localhost/replica:0/task:0/device:GPU:0,1.0,0.001
XRcmFY8r3U,Const,/job:localhost/replica:0/task:0/device:GPU:0,1.0,0.001
pk1Ete9sPZ,Slice,/job:localhost/replica:0/task:0/device:GPU:0,1.0,0.001
qwCzxFUi65,Slice,/job:localhost/replica:0/task:0/device:GPU:0,1.0,0.001
5PustIWgBf,Slice,/job:localhost/replica:0/task:0/device:GPU:0,1.0,0.001
tjroqZYJCu,Slice,/job:localhost/replica:0/task:0/device:GPU:0,1.0,0.001
HwSGrPcmfd,Slice,/job:localhost/replica:0/task:0/device:GPU:0,1.0,0.001
XBCwMxNoRA,Slice,/job:localhost/replica:0/task:0/device:GPU:0,1.0,0.001
lQVRiqd5tb,Slice,/job:localhost/replica:0/task:0/device:GPU:0,1.0,0.001
oAS4EIBkdN,Slice,/job:localhost/replica:0/task:0/device:GPU:0,1.0,0.001
KvuOV7nX4q,Slice,/job:localhost/replica:0/task:0/device:GPU:0,1.0,0.001
RvfGjbJowS,Slice,/job:localhost/replica:0/task:0/device:GPU:0,1.0,0.001
N8mcRSu2lU,Slice,/job:localhost/replica:0/task:0/device:GPU:0,1.0,0.001
pfG7XHzK85,Slice,/job:localhost/replica:0/task:0/device:GPU:0,1.0,0.001
lfyLwNOGgm,Slice,/job:localhost/replica:0/task:0/device:GPU:0,1.0,0.001
Nd146vkLlx,Slice,/job:localhost/replica:0/task:0/device:GPU:0,1.0,0.001
us5wIv91TD,Slice,/job:localhost/replica:0/task:0/device:GPU:0,1.0,0.001
Lj6Bm7Foqh,Slice,/job:localhost/replica:0/task:0/device:GPU:0,1.0,0.001
bZTI4XdrRj,Slice,/job:localhost/replica:0/task:0/device:GPU:0,1.0,0.001
IEi8vkK3Gg,Slice,/job:localhost/replica:0/task:0/device:GPU:0,1.0,0.001
Pej4dgSXGK,Slice,/job:localhost/replica:0/task:0/device:GPU:0,1.0,0.001
xHhUytzBDo,Slice,/job:localhost/replica:0/task:0/device:GPU:0,1.0,0.001
wHetNObc8v,Const,/job:localhost/replica:0/task:0/device:GPU:0,1.0,0.001
OznlgrY5L0,Reshape,/job:localhost/replica:0/task:0/device:GPU:0,1.0,0.001
3DLEJcN1ni,Slice,/job:localhost/replica:0/task:0/device:GPU:0,1.0,0.001
0ljJEiIU5D,Const,/job:localhost/replica:0/task:0/device:GPU:0,1.0,0.001
H6lEf9abqW,Reshape,/job:localhost/replica:0/task:0/device:GPU:0,1.0,0.001
eRcvlIf28P,Const,/job:localhost/replica:0/task:0/device:GPU:0,1.0,0.001
8nIuTWy2Sv,Const,/job:localhost/replica:0/task:0/device:GPU:0,1.0,0.001
1YVRfSl4uG,Const,/job:localhost/replica:0/task:0/device:GPU:0,1.0,0.001
iH0CaxuRQB,Const,/job:localhost/replica:0/task:0/device:GPU:0,1.0,0.001
o21gnAlRtu,Const,/job:localhost/replica:0/task:0/device:GPU:0,1.0,0.001
6zVSx90kLC,Const,/job:localhost/replica:0/task:0/device:GPU:0,1.0,0.001
a1N3PWo7HJ,Const,/job:localhost/replica:0/task:0/device:GPU:0,1.0,0.001
Sbn1JaD2zv,Const,/job:localhost/replica:0/task:0/device:GPU:0,1.0,0.001
5V2ZTnQpqX,Const,/job:localhost/replica:0/task:0/device:GPU:0,1.0,0.001
LWiqrvQJn3,Const,/job:localhost/replica:0/task:0/device:GPU:0,1.0,0.001
jcIBFJrTXR,Const,/job:localhost/replica:0/task:0/device:GPU:0,1.0,0.001
5N7wgJn2Hu,Const,/job:localhost/replica:0/task:0/device:GPU:0,1.0,0.001
EkXCopdq6N,Const,/job:localhost/replica:0/task:0/device:GPU:0,1.0,0.001
Kuz9OdHCji,Const,/job:localhost/replica:0/task:0/device:GPU:0,1.0,0.001
JFeQqRTg8Y,Const,/job:localhost/replica:0/task:0/device:GPU:0,1.0,0.001
dyH4mFnA85,Const,/job:localhost/replica:0/task:0/device:GPU:0,1.0,0.001
shgOtfEaSd,Const,/job:localhost/replica:0/task:0/device:GPU:0,1.0,0.001
KIqPst4uiY,Const,/job:localhost/replica:0/task:0/device:GPU:0,1.0,0.001
CQ3qbZ6Mtc,Const,/job:localhost/replica:0/task:0/device:GPU:0,1.0,0.001
lJhUDXVymM,Const,/job:localhost/replica:0/task:0/device:GPU:0,1.0,0.001
wqGozBXD9N,Const,/job:localhost/replica:0/task:0/device:GPU:0,1.0,0.001
ZsB1UvRQyq,Const,/job:localhost/replica:0/task:0/device:GPU:0,1.0,0.001
djC0gxlbnB,Const,/job:localhost/replica:0/task:0/device:GPU:0,1.0,0.001
KS5vrewY6t,Const,/job:localhost/replica:0/task:0/device:GPU:0,1.0,0.001
rMGVjBYToq,Const,/job:localhost/replica:0/task:0/device:GPU:0,1.0,0.001
4kDJFqygru,Const,/job:localhost/replica:0/task:0/device:GPU:0,1.0,0.001
7nRMm9TtA1,Const,/job:localhost/replica:0/task:0/device:GPU:0,1.0,0.001
wm0JUdKPVX,Const,/job:localhost/replica:0/task:0/device:GPU:0,1.0,0.001
JZgSaqNHRV,Const,/job:localhost/replica:0/task:0/device:GPU:0,1.0,0.001
i9ZOef7g2M,Const,/job:localhost/replica:0/task:0/device:GPU:0,1.0,0.001
0jycKHXsum,Const,/job:localhost/replica:0/task:0/device:GPU:0,1.0,0.001
2Ygwz3ZEcy,Const,/job:localhost/replica:0/task:0/device:GPU:0,1.0,0.001
6Xyk34sE2w,Const,/job:localhost/replica:0/task:0/device:GPU:0,1.0,0.001
SfKJI5aysX,Const,/job:localhost/replica:0/task:0/device:GPU:0,1.0,0.001
26eRO8VEdz,Const,/job:localhost/replica:0/task:0/device:GPU:0,1.0,0.001
VuZ2HCX73p,Const,/job:localhost/replica:0/task:0/device:GPU:0,1.0,0.001
tuNKysH0A2,Const,/job:localhost/replica:0/task:0/device:GPU:0,1.0,0.001
S78UJ3KmNF,Const,/job:localhost/replica:0/task:0/device:GPU:0,1.0,0.001
kVfEMqpeYt,Const,/job:localhost/replica:0/task:0/device:GPU:0,1.0,0.001
mMngOEVihb,Const,/job:localhost/replica:0/task:0/device:GPU:0,1.0,0.001
Rxa0WDUMO9,Const,/job:localhost/replica:0/task:0/device:GPU:0,1.0,0.001
6zOXRmYpHG,Const,/job:localhost/replica:0/task:0/device:GPU:0,1.0,0.001
bdpCEPOBMi,Const,/job:localhost/replica:0/task:0/device:GPU:0,1.0,0.001
KdxbG5jqZ6,Const,/job:localhost/replica:0/task:0/device:GPU:0,1.0,0.001
uVefStJTmK,Const,/job:localhost/replica:0/task:0/device:GPU:0,1.0,0.001
dTnWBHOh1Z,Const,/job:localhost/replica:0/task:0/device:GPU:0,1.0,0.001
JkAfMedqE8,Const,/job:localhost/replica:0/task:0/device:GPU:0,1.0,0.001
QzgsSxEcGX,Const,/job:localhost/replica:0/task:0/device:GPU:0,1.0,0.001
sARVXWqDJi,Const,/job:localhost/replica:0/task:0/device:GPU:0,1.0,0.001
SHvswRyqCV,Const,/job:localhost/replica:0/task:0/device:GPU:0,1.0,0.001
raXSTQU6hs,Const,/job:localhost/replica:0/task:0/device:GPU:0,1.0,0.001
8lAbcRiUHS,Const,/job:localhost/replica:0/task:0/device:GPU:0,1.0,0.001
ijwP43dHBl,Const,/job:localhost/replica:0/task:0/device:GPU:0,1.0,0.001
K610xpcsCj,Const,/job:localhost/replica:0/task:0/device:GPU:0,1.0,0.001
QCEhwvocZ2,Const,/job:localhost/replica:0/task:0/device:GPU:0,1.0,0.001
7Xm5sPGzSL,Const,/job:localhost/replica:0/task:0/device:GPU:0,1.0,0.001
tRc4Uv0mbV,Const,/job:localhost/replica:0/task:0/device:GPU:0,1.0,0.001
ZSInDkBouv,Const,/job:localhost/replica:0/task:0/device:GPU:0,1.0,0.001
leH2dvOPj9,Const,/job:localhost/replica:0/task:0/device:GPU:0,1.0,0.001
xlb5I4Ggz0,Const,/job:localhost/replica:0/task:0/device:GPU:0,1.0,0.001
vDkUaisexY,Const,/job:localhost/replica:0/task:0/device:GPU:0,1.0,0.001
UYKRdGqumL,Const,/job:localhost/replica:0/task:0/device:GPU:0,1.0,0.001
qEYpPhC7dG,Const,/job:localhost/replica:0/task:0/device:GPU:0,1.0,0.001
t97dhXcG5z,Const,/job:localhost/replica:0/task:0/device:GPU:0,1.0,0.001
2RHLKiqIZr,Const,/job:localhost/replica:0/task:0/device:GPU:0,1.0,0.001
FjGbgqiEok,Const,/job:localhost/replica:0/task:0/device:GPU:0,1.0,0.001
rWnZhsALC4,Const,/job:localhost/replica:0/task:0/device:GPU:0,1.0,0.001
3iutxzZ60N,Const,/job:localhost/replica:0/task:0/device:GPU:0,1.0,0.001
awZniFjHVe,Const,/job:localhost/replica:0/task:0/device:GPU:0,1.0,0.001
6npIY0wyv2,Const,/job:localhost/replica:0/task:0/device:GPU:0,1.0,0.001
TLMhka2V3J,Const,/job:localhost/replica:0/task:0/device:GPU:0,1.0,0.001
gOhirnqcl1,Const,/job:localhost/replica:0/task:0/device:GPU:0,1.0,0.001
vWXkSMxBns,Const,/job:localhost/replica:0/task:0/device:GPU:0,1.0,0.001
u1OsJK4WVS,Const,/job:localhost/replica:0/task:0/device:GPU:0,1.0,0.001
8FLsgVcXy2,Minimum,/job:localhost/replica:0/task:0/device:GPU:0,1.0,0.001
a0zUkT3yen,Slice,/job:localhost/replica:0/task:0/device:GPU:0,1.0,0.001
Dj3F1qXe0g,Slice,/job:localhost/replica:0/task:0/device:GPU:0,1.0,0.001
f2JNPeS8g9,Slice,/job:localhost/replica:0/task:0/device:GPU:0,1.0,0.001
Oh6a7KnmLt,Slice,/job:localhost/replica:0/task:0/device:GPU:0,1.0,0.001
pScRibgTDu,Slice,/job:localhost/replica:0/task:0/device:GPU:0,1.0,0.001
SCGPBV0fda,Slice,/job:localhost/replica:0/task:0/device:GPU:0,1.0,0.001
8LynWvQrU4,Slice,/job:localhost/replica:0/task:0/device:GPU:0,1.0,0.001
9po7bwkJR3,Slice,/job:localhost/replica:0/task:0/device:GPU:0,1.0,0.001
uayjCb246G,Slice,/job:localhost/replica:0/task:0/device:GPU:0,1.0,0.001
FBqdv27XZh,Slice,/job:localhost/replica:0/task:0/device:GPU:0,1.0,0.001
uKdzfwVtCT,Slice,/job:localhost/replica:0/task:0/device:GPU:0,1.0,0.001
S7wzrgPGoQ,Slice,/job:localhost/replica:0/task:0/device:GPU:0,1.0,0.001
EbZ7g6Y5pA,Slice,/job:localhost/replica:0/task:0/device:GPU:0,1.0,0.001
F9yVWhxEd0,Slice,/job:localhost/replica:0/task:0/device:GPU:0,1.0,0.001
l7jYhf3Pub,Slice,/job:localhost/replica:0/task:0/device:GPU:0,1.0,0.001
nVgwHtdXaO,Slice,/job:localhost/replica:0/task:0/device:GPU:0,1.0,0.001
yqbZeAuB1F,Slice,/job:localhost/replica:0/task:0/device:GPU:0,1.0,0.001
V8nrAC4jlx,Slice,/job:localhost/replica:0/task:0/device:GPU:0,1.0,0.001
IUR3Tvyxd2,Slice,/job:localhost/replica:0/task:0/device:GPU:0,1.0,0.001
db8aVzqeHM,Slice,/job:localhost/replica:0/task:0/device:GPU:0,1.0,0.001
rLYBgEsJ8G,Slice,/job:localhost/replica:0/task:0/device:GPU:0,1.0,0.001
x54BP6wCi9,Slice,/job:localhost/replica:0/task:0/device:GPU:0,1.0,0.001
l7efwptN9o,Slice,/job:localhost/replica:0/task:0/device:GPU:0,1.0,0.001
znj0PX8ZQJ,Slice,/job:localhost/replica:0/task:0/device:GPU:0,1.0,0.001
IgFQTZph9O,Slice,/job:localhost/replica:0/task:0/device:GPU:0,1.0,0.001
uWqGhfg3Bp,Slice,/job:localhost/replica:0/task:0/device:GPU:0,1.0,0.001
0RkpaSxwCi,Slice,/job:localhost/replica:0/task:0/device:GPU:0,1.0,0.001
0b3co7VrJG,Slice,/job:localhost/replica:0/task:0/device:GPU:0,1.0,0.001
tZSOW3meC7,Slice,/job:localhost/replica:0/task:0/device:GPU:0,1.0,0.001
K67byT83qF,Slice,/job:localhost/replica:0/task:0/device:GPU:0,1.0,0.001
syYKdH6Wl1,Slice,/job:localhost/replica:0/task:0/device:GPU:0,1.0,0.001
uJr2kW0LAh,Slice,/job:localhost/replica:0/task:0/device:GPU:0,1.0,0.001
txGmHBpSl6,Slice,/job:localhost/replica:0/task:0/device:GPU:0,1.0,0.001
COT1rpvDtU,Slice,/job:localhost/replica:0/task:0/device:GPU:0,1.0,0.001
905gQTGAPI,Slice,/job:localhost/replica:0/task:0/device:GPU:0,1.0,0.001
79xfDSqnpa,Slice,/job:localhost/replica:0/task:0/device:GPU:0,1.0,0.001
jh1kM0EVlt,Slice,/job:localhost/replica:0/task:0/device:GPU:0,1.0,0.001
aLdBEnbGIU,Slice,/job:localhost/replica:0/task:0/device:GPU:0,1.0,0.001
5F8CneJm1u,Slice,/job:localhost/replica:0/task:0/device:GPU:0,1.0,0.001
ms5YwbrPdi,Slice,/job:localhost/replica:0/task:0/device:GPU:0,1.0,0.001
oZarYzTLfR,Slice,/job:localhost/replica:0/task:0/device:GPU:0,1.0,0.001
7gYcdtbwq5,Slice,/job:localhost/replica:0/task:0/device:GPU:0,1.0,0.001
CjZg2rT1M3,Slice,/job:localhost/replica:0/task:0/device:GPU:0,1.0,0.001
5dh70EvGMi,Slice,/job:localhost/replica:0/task:0/device:GPU:0,1.0,0.001
WN4fMTnv5S,Slice,/job:localhost/replica:0/task:0/device:GPU:0,1.0,0.001
7MuFknvUYL,Slice,/job:localhost/replica:0/task:0/device:GPU:0,1.0,0.001
9Sqk2JYA7R,Slice,/job:localhost/replica:0/task:0/device:GPU:0,1.0,0.001
EMJIx8yj3K,Slice,/job:localhost/replica:0/task:0/device:GPU:0,1.0,0.001
Y9yRDWbIaH,Slice,/job:localhost/replica:0/task:0/device:GPU:0,1.0,0.001
bFjIuxY8pN,Slice,/job:localhost/replica:0/task:0/device:GPU:0,1.0,0.001
c3DbzhoxNU,Slice,/job:localhost/replica:0/task:0/device:GPU:0,1.0,0.001
nzXON2BCef,Slice,/job:localhost/replica:0/task:0/device:GPU:0,1.0,0.001
IU5Vy7392k,Slice,/job:localhost/replica:0/task:0/device:GPU:0,1.0,0.001
UcqiJ7K1vw,Slice,/job:localhost/replica:0/task:0/device:GPU:0,1.0,0.001
eu5wlGyHd7,Slice,/job:localhost/replica:0/task:0/device:GPU:0,1.0,0.001
1z8IORyDe9,Slice,/job:localhost/replica:0/task:0/device:GPU:0,1.0,0.001
JjUY2IrAyb,Slice,/job:localhost/replica:0/task:0/device:GPU:0,1.0,0.001
yR468PMnOB,Slice,/job:localhost/replica:0/task:0/device:GPU:0,1.0,0.001
e0b9XvT5VR,Slice,/job:localhost/replica:0/task:0/device:GPU:0,1.0,0.001
YR5PzEtChg,Slice,/job:localhost/replica:0/task:0/device:GPU:0,1.0,0.001
p1c0NWKevZ,Slice,/job:localhost/replica:0/task:0/device:GPU:0,1.0,0.001
2zdWp1oSRm,Slice,/job:localhost/replica:0/task:0/device:GPU:0,1.0,0.001
9YQskhX7dw,Slice,/job:localhost/replica:0/task:0/device:GPU:0,1.0,0.001
0BlI6RazJC,Slice,/job:localhost/replica:0/task:0/device:GPU:0,1.0,0.001
I02u8UcWvJ,Slice,/job:localhost/replica:0/task:0/device:GPU:0,1.0,0.001
l5AW8LcKiF,Slice,/job:localhost/replica:0/task:0/device:GPU:0,1.0,0.001
9c0khTxQly,Slice,/job:localhost/replica:0/task:0/device:GPU:0,1.0,0.001
dSpacZUD7N,Slice,/job:localhost/replica:0/task:0/device:GPU:0,1.0,0.001
nygoFbeKO4,Slice,/job:localhost/replica:0/task:0/device:GPU:0,1.0,0.001
hxqvNI0oL5,Slice,/job:localhost/replica:0/task:0/device:GPU:0,1.0,0.001
w2YWVCTH0v,Slice,/job:localhost/replica:0/task:0/device:GPU:0,1.0,0.001
X2VrcfbxFa,Slice,/job:localhost/replica:0/task:0/device:GPU:0,1.0,0.001
bpgzi4AkFL,Slice,/job:localhost/replica:0/task:0/device:GPU:0,1.0,0.001
qizHPTsFmZ,Slice,/job:localhost/replica:0/task:0/device:GPU:0,1.0,0.001
ZAseaw3zXS,Slice,/job:localhost/replica:0/task:0/device:GPU:0,1.0,0.001
TUaAnhjIBZ,Slice,/job:localhost/replica:0/task:0/device:GPU:0,1.0,0.001
Jd17xonfsj,Slice,/job:localhost/replica:0/task:0/device:GPU:0,1.0,0.001
D4Wo5CPATt,Slice,/job:localhost/replica:0/task:0/device:GPU:0,1.0,0.001
9DMv6HtGgm,Slice,/job:localhost/replica:0/task:0/device:GPU:0,1.0,0.001
VoZ3Nvdbsy,Slice,/job:localhost/replica:0/task:0/device:GPU:0,1.0,0.001
OhxE6fjL95,Slice,/job:localhost/replica:0/task:0/device:GPU:0,1.0,0.001
p07clHWxu1,Slice,/job:localhost/replica:0/task:0/device:GPU:0,1.0,0.001
oIw4SzMPDb,Slice,/job:localhost/replica:0/task:0/device:GPU:0,1.0,0.001
beNhCk8P1w,Slice,/job:localhost/replica:0/task:0/device:GPU:0,1.0,0.001
Kp1aDSPQLs,Slice,/job:localhost/replica:0/task:0/device:GPU:0,1.0,0.001
Jts5IDxFhr,Slice,/job:localhost/replica:0/task:0/device:GPU:0,1.0,0.001
beBW89ORFU,Slice,/job:localhost/replica:0/task:0/device:GPU:0,1.0,0.001
amNwAtku41,Slice,/job:localhost/replica:0/task:0/device:GPU:0,1.0,0.001
9UxY10ynuH,Slice,/job:localhost/replica:0/task:0/device:GPU:0,1.0,0.001
6HqGi34cmJ,Slice,/job:localhost/replica:0/task:0/device:GPU:0,1.0,0.001
6YOQzng1Fq,Slice,/job:localhost/replica:0/task:0/device:GPU:0,1.0,0.001
qgUVdAolGs,Slice,/job:localhost/replica:0/task:0/device:GPU:0,1.0,0.001
pRQkP6COFo,Slice,/job:localhost/replica:0/task:0/device:GPU:0,1.0,0.001
JBEF8MWcvK,Slice,/job:localhost/replica:0/task:0/device:GPU:0,1.0,0.001
bIR2fmPVsQ,Slice,/job:localhost/replica:0/task:0/device:GPU:0,1.0,0.001
we4qnGfrOk,Slice,/job:localhost/replica:0/task:0/device:GPU:0,1.0,0.001
gFuhA2dZao,Slice,/job:localhost/replica:0/task:0/device:GPU:0,1.0,0.001
vKR5EDyfsI,Slice,/job:localhost/replica:0/task:0/device:GPU:0,1.0,0.001
xW0bejkVUE,Slice,/job:localhost/replica:0/task:0/device:GPU:0,1.0,0.001
SAgv3tdh8W,Slice,/job:localhost/replica:0/task:0/device:GPU:0,1.0,0.001
UCkVarqfdQ,Slice,/job:localhost/replica:0/task:0/device:GPU:0,1.0,0.001
4rmJgIA8Qo,Slice,/job:localhost/replica:0/task:0/device:GPU:0,1.0,0.001
TeM4VU6Rya,Slice,/job:localhost/replica:0/task:0/device:GPU:0,1.0,0.001
iOIH3bT8kK,Slice,/job:localhost/replica:0/task:0/device:GPU:0,1.0,0.001
iEyMToxshc,Slice,/job:localhost/replica:0/task:0/device:GPU:0,1.0,0.001
aOpCHyedZX,Slice,/job:localhost/replica:0/task:0/device:GPU:0,1.0,0.001
tgxjr8nZbC,Slice,/job:localhost/replica:0/task:0/device:GPU:0,1.0,0.001
knloViyHep,Slice,/job:localhost/replica:0/task:0/device:GPU:0,1.0,0.001
ncajLE4YQe,Slice,/job:localhost/replica:0/task:0/device:GPU:0,1.0,0.001
aiW2GERYAQ,Slice,/job:localhost/replica:0/task:0/device:GPU:0,1.0,0.001
FDGhs4rx79,Slice,/job:localhost/replica:0/task:0/device:GPU:0,1.0,0.001
qpxyHFO0ft,Slice,/job:localhost/replica:0/task:0/device:GPU:0,1.0,0.001
o2eAyHbntr,Slice,/job:localhost/replica:0/task:0/device:GPU:0,1.0,0.001
FdPQ1pKXUr,Slice,/job:localhost/replica:0/task:0/device:GPU:0,1.0,0.001
8bw7UxAJjB,Slice,/job:localhost/replica:0/task:0/device:GPU:0,1.0,0.001
lMEWQKY6Z4,Slice,/job:localhost/replica:0/task:0/device:GPU:0,1.0,0.001
RpXmHh4SO2,Slice,/job:localhost/replica:0/task:0/device:GPU:0,1.0,0.001
TDaPp8tVd9,Slice,/job:localhost/replica:0/task:0/device:GPU:0,1.0,0.001
z4gFWR5KsB,Slice,/job:localhost/replica:0/task:0/device:GPU:0,1.0,0.001
8sBmY3aZcC,Slice,/job:localhost/replica:0/task:0/device:GPU:0,1.0,0.001
27TqDYtjow,Slice,/job:localhost/replica:0/task:0/device:GPU:0,1.0,0.001
znbpi6gVBq,Slice,/job:localhost/replica:0/task:0/device:GPU:0,1.0,0.001
5W9POfDpAe,Slice,/job:localhost/replica:0/task:0/device:GPU:0,1.0,0.001
WzgJfH075F,Slice,/job:localhost/replica:0/task:0/device:GPU:0,1.0,0.001
B0nKA9I7k4,Slice,/job:localhost/replica:0/task:0/device:GPU:0,1.0,0.001
pOgQdPKUFx,Slice,/job:localhost/replica:0/task:0/device:GPU:0,1.0,0.001
Hd59MXO4Sv,Slice,/job:localhost/replica:0/task:0/device:GPU:0,1.0,0.001
rpuUL2AI8P,Slice,/job:localhost/replica:0/task:0/device:GPU:0,1.0,0.001
QTfaGXxchj,Slice,/job:localhost/replica:0/task:0/device:GPU:0,1.0,0.001
krCVRKIfQW,Slice,/job:localhost/replica:0/task:0/device:GPU:0,1.0,0.001
D1oYJWH37O,Slice,/job:localhost/replica:0/task:0/device:GPU:0,1.0,0.001
avATl5kgDP,Slice,/job:localhost/replica:0/task:0/device:GPU:0,1.0,0.001
Zb80jHzeTK,Slice,/job:localhost/replica:0/task:0/device:GPU:0,1.0,0.001
tdTmBWuErR,Slice,/job:localhost/replica:0/task:0/device:GPU:0,1.0,0.001
ru9GjBgIPZ,Slice,/job:localhost/replica:0/task:0/device:GPU:0,1.0,0.001
vjzaotcT9S,Slice,/job:localhost/replica:0/task:0/device:GPU:0,1.0,0.001
xwfb09YjtM,Slice,/job:localhost/replica:0/task:0/device:GPU:0,1.0,0.001
HYCzWhDfTN,Slice,/job:localhost/replica:0/task:0/device:GPU:0,1.0,0.001
DTMwyWecE0,Slice,/job:localhost/replica:0/task:0/device:GPU:0,1.0,0.001
sMpCbXt2V7,Slice,/job:localhost/replica:0/task:0/device:GPU:0,1.0,0.001
cusKQP2ZDM,Slice,/job:localhost/replica:0/task:0/device:GPU:0,1.0,0.001
0SgkZ5YqLz,Slice,/job:localhost/replica:0/task:0/device:GPU:0,1.0,0.001
DwvjEZQbHz,Slice,/job:localhost/replica:0/task:0/device:GPU:0,1.0,0.001
hxGpwSUQNj,Slice,/job:localhost/replica:0/task:0/device:GPU:0,1.0,0.001
4cREL0mOy3,Slice,/job:localhost/replica:0/task:0/device:GPU:0,1.0,0.001
PlAriMokSL,Slice,/job:localhost/replica:0/task:0/device:GPU:0,1.0,0.001
9MqUTRhcPe,Slice,/job:localhost/replica:0/task:0/device:GPU:0,1.0,0.001
KI8cwabuCy,Slice,/job:localhost/replica:0/task:0/device:GPU:0,1.0,0.001
Wtq28LkAPD,Slice,/job:localhost/replica:0/task:0/device:GPU:0,1.0,0.001
42epXQaijy,Slice,/job:localhost/replica:0/task:0/device:GPU:0,1.0,0.001
ZQWEtI975n,Slice,/job:localhost/replica:0/task:0/device:GPU:0,1.0,0.001
wjUg4HAmQf,Slice,/job:localhost/replica:0/task:0/device:GPU:0,1.0,0.001
XqU21jJr8I,Slice,/job:localhost/replica:0/task:0/device:GPU:0,1.0,0.001
OR9In8zfBm,Slice,/job:localhost/replica:0/task:0/device:GPU:0,1.0,0.001
5wAHbIU9s7,Slice,/job:localhost/replica:0/task:0/device:GPU:0,1.0,0.001
E2p6WXVR5J,Slice,/job:localhost/replica:0/task:0/device:GPU:0,1.0,0.001
OldIchmW1X,Slice,/job:localhost/replica:0/task:0/device:GPU:0,1.0,0.001
dARXGtewYL,Slice,/job:localhost/replica:0/task:0/device:GPU:0,1.0,0.001
zJyh5bSmjd,Slice,/job:localhost/replica:0/task:0/device:GPU:0,1.0,0.001
O3IsaxlruA,Slice,/job:localhost/replica:0/task:0/device:GPU:0,1.0,0.001
lgV2frmwDi,Slice,/job:localhost/replica:0/task:0/device:GPU:0,1.0,0.001
LoqSmEuPXG,Slice,/job:localhost/replica:0/task:0/device:GPU:0,1.0,0.001
bn6vRk0aFX,Slice,/job:localhost/replica:0/task:0/device:GPU:0,1.0,0.001
78oWi3a2mD,Slice,/job:localhost/replica:0/task:0/device:GPU:0,1.0,0.001
RkaZrTibh8,Slice,/job:localhost/replica:0/task:0/device:GPU:0,1.0,0.001
YSi6nwIeoj,Slice,/job:localhost/replica:0/task:0/device:GPU:0,1.0,0.001
veWwQKbgEz,Slice,/job:localhost/replica:0/task:0/device:GPU:0,1.0,0.001
PkHx8zaND0,Slice,/job:localhost/replica:0/task:0/device:GPU:0,1.0,0.001
g2xQDanGkq,Slice,/job:localhost/replica:0/task:0/device:GPU:0,1.0,0.001
Mj5p0PsWzm,Slice,/job:localhost/replica:0/task:0/device:GPU:0,1.0,0.001
4YkeRM3F2P,Slice,/job:localhost/replica:0/task:0/device:GPU:0,1.0,0.001
8fD0ZBx7wz,Slice,/job:localhost/replica:0/task:0/device:GPU:0,1.0,0.001
8IbUOxzKXi,Slice,/job:localhost/replica:0/task:0/device:GPU:0,1.0,0.001
9IS6h02LDR,Slice,/job:localhost/replica:0/task:0/device:GPU:0,1.0,0.001
j7XBcPiglI,Slice,/job:localhost/replica:0/task:0/device:GPU:0,1.0,0.001
wpqkKir9JI,Slice,/job:localhost/replica:0/task:0/device:GPU:0,1.0,0.001
39fHDpOTlG,Slice,/job:localhost/replica:0/task:0/device:GPU:0,1.0,0.001
x9t8V6ifRG,Slice,/job:localhost/replica:0/task:0/device:GPU:0,1.0,0.001
Xa2jwxdKSI,Slice,/job:localhost/replica:0/task:0/device:GPU:0,1.0,0.001
s0GOXxneZQ,Slice,/job:localhost/replica:0/task:0/device:GPU:0,1.0,0.001
b7DlpR8ynK,Slice,/job:localhost/replica:0/task:0/device:GPU:0,1.0,0.001
CycLQTPsmg,Slice,/job:localhost/replica:0/task:0/device:GPU:0,1.0,0.001
VenmgYl2d4,Slice,/job:localhost/replica:0/task:0/device:GPU:0,1.0,0.001
FxnS8M6DPs,Slice,/job:localhost/replica:0/task:0/device:GPU:0,1.0,0.001
WMOZugcr7f,Slice,/job:localhost/replica:0/task:0/device:GPU:0,1.0,0.001
jTcEwG27CP,Slice,/job:localhost/replica:0/task:0/device:GPU:0,1.0,0.001
jLfVag6At1,Slice,/job:localhost/replica:0/task:0/device:GPU:0,1.0,0.001
brIeKl9ptO,Slice,/job:localhost/replica:0/task:0/device:GPU:0,1.0,0.001
9yAN8JVoq5,Slice,/job:localhost/replica:0/task:0/device:GPU:0,1.0,0.001
bOs7oyPiGa,Slice,/job:localhost/replica:0/task:0/device:GPU:0,1.0,0.001
EzNLo9dF0w,Slice,/job:localhost/replica:0/task:0/device:GPU:0,1.0,0.001
SUWk5Kz6YQ,Slice,/job:localhost/replica:0/task:0/device:GPU:0,1.0,0.001
Fvfre2AX6c,Slice,/job:localhost/replica:0/task:0/device:GPU:0,1.0,0.001
PusDaTwtZM,Slice,/job:localhost/replica:0/task:0/device:GPU:0,1.0,0.001
A61uWm3gy2,Slice,/job:localhost/replica:0/task:0/device:GPU:0,1.0,0.001
9TADtFKQOz,Slice,/job:localhost/replica:0/task:0/device:GPU:0,1.0,0.001
zkvfN5Sapb,Slice,/job:localhost/replica:0/task:0/device:GPU:0,1.0,0.001
zcM210gDBm,Slice,/job:localhost/replica:0/task:0/device:GPU:0,1.0,0.001
yM0lHCZnAf,Slice,/job:localhost/replica:0/task:0/device:GPU:0,1.0,0.001
KupDVB4WCd,Slice,/job:localhost/replica:0/task:0/device:GPU:0,1.0,0.001
VCx4LXDRpe,Slice,/job:localhost/replica:0/task:0/device:GPU:0,1.0,0.001
i2OE7PxBQe,Slice,/job:localhost/replica:0/task:0/device:GPU:0,1.0,0.001
ohUuKiSXV6,Slice,/job:localhost/replica:0/task:0/device:GPU:0,1.0,0.001
y1qL845UIm,Slice,/job:localhost/replica:0/task:0/device:GPU:0,1.0,0.001
82gyboc5hn,Slice,/job:localhost/replica:0/task:0/device:GPU:0,1.0,0.001
4DhfXPcwou,Slice,/job:localhost/replica:0/task:0/device:GPU:0,1.0,0.001
SXJEMljqVK,Slice,/job:localhost/replica:0/task:0/device:GPU:0,1.0,0.001
ASPCco03r7,Slice,/job:localhost/replica:0/task:0/device:GPU:0,1.0,0.001
IFoapNKCsd,Slice,/job:localhost/replica:0/task:0/device:GPU:0,1.0,0.001
XToz5Z2wOH,Slice,/job:localhost/replica:0/task:0/device:GPU:0,1.0,0.001
mSRuaqKnsf,Pack,/job:localhost/replica:0/task:0/device:GPU:0,1.0,0.001
W5PsY18AyF,Pack,/job:localhost/replica:0/task:0/device:GPU:0,1.0,0.001
YoiEpXe9d2,Pack,/job:localhost/replica:0/task:0/device:GPU:0,1.0,0.001
S0AIDLO7tZ,Pack,/job:localhost/replica:0/task:0/device:GPU:0,1.0,0.001
dYVwDFO8tf,Pack,/job:localhost/replica:0/task:0/device:GPU:0,1.0,0.001
a6bXjzi5ln,Pack,/job:localhost/replica:0/task:0/device:GPU:0,1.0,0.001
uDhIQ4ZjfV,Maximum,/job:localhost/replica:0/task:0/device:GPU:0,1.0,0.001
4yNZCpl0TK,Maximum,/job:localhost/replica:0/task:0/device:GPU:0,1.0,0.001
4BGuPhEnJA,Identity,/job:localhost/replica:0/task:0/device:GPU:0,1.0,0.001
YFNJlC1eK0,Identity,/job:localhost/replica:0/task:0/device:GPU:0,1.0,0.001
TgpMwaLZrS,Switch,/job:localhost/replica:0/task:0/device:GPU:0,1.0,0.001
mzcoXgO1GV,Identity,/job:localhost/replica:0/task:0/device:GPU:0,1.0,0.001
pbxQ97ftHJ,Pack,/job:localhost/replica:0/task:0/device:GPU:0,1.0,0.001
pD3K2eGHaZ,Identity,/job:localhost/replica:0/task:0/device:GPU:0,1.0,0.001
8kFmUW4f5C,Pack,/job:localhost/replica:0/task:0/device:GPU:0,1.0,0.001
lnR7Lga3kB,Switch,/job:localhost/replica:0/task:0/device:GPU:0,1.0,0.001
Xtsvd1a0lg,Pack,/job:localhost/replica:0/task:0/device:GPU:0,1.0,0.001
K2hDY4wcIa,Pack,/job:localhost/replica:0/task:0/device:GPU:0,1.0,0.001
4rCTZ0cpIW,Reshape,/job:localhost/replica:0/task:0/device:GPU:0,1.0,0.001
xzW8hrU0BS,Reshape,/job:localhost/replica:0/task:0/device:GPU:0,1.0,0.001
jdGQBHDc3X,Reshape,/job:localhost/replica:0/task:0/device:GPU:0,1.0,0.001
UDHq0XCfb5,Reshape,/job:localhost/replica:0/task:0/device:GPU:0,1.0,0.001
UiEjkgdH1O,Pack,/job:localhost/replica:0/task:0/device:GPU:0,1.0,0.001
yU60xY7bnv,Switch,/job:localhost/replica:0/task:0/device:GPU:0,1.0,0.001
Df0gvrRbjB,Switch,/job:localhost/replica:0/task:0/device:GPU:0,1.0,0.001
omkMrbixZ1,Switch,/job:localhost/replica:0/task:0/device:GPU:0,1.0,0.001
3CgfvINT2b,Switch,/job:localhost/replica:0/task:0/device:GPU:0,1.0,0.001
efL6blEK9T,Switch,/job:localhost/replica:0/task:0/device:GPU:0,1.0,0.001
L9CQXS2gH7,Shape,/job:localhost/replica:0/task:0/device:GPU:0,1.0,0.001
T3WQkXA609,Reshape,/job:localhost/replica:0/task:0/device:GPU:0,1.0,0.001
bHALczpOQq,Reshape,/job:localhost/replica:0/task:0/device:GPU:0,1.0,0.001
jDa0HU5GiI,StopGradient,/job:localhost/replica:0/task:0/device:GPU:0,1.0,0.001
lA1DHUQsMu,StopGradient,/job:localhost/replica:0/task:0/device:GPU:0,1.0,0.001
GHW6XJuxNo,StopGradient,/job:localhost/replica:0/task:0/device:GPU:0,1.0,0.001
vMLm1luxfj,Reshape,/job:localhost/replica:0/task:0/device:GPU:0,1.0,0.001
ALNt2YlskD,StopGradient,/job:localhost/replica:0/task:0/device:GPU:0,1.0,0.001
AOhFMzaT4d,StopGradient,/job:localhost/replica:0/task:0/device:GPU:0,1.0,0.001
6mcUa9KXWJ,Merge,/job:localhost/replica:0/task:0/device:GPU:0,1.0,0.001
aXFQGdbMOm,Merge,/job:localhost/replica:0/task:0/device:GPU:0,1.0,0.001
zpA1gOZC4c,Merge,/job:localhost/replica:0/task:0/device:GPU:0,1.0,0.001
eEIaUFNOrP,Merge,/job:localhost/replica:0/task:0/device:GPU:0,1.0,0.001
Dp3J1NPL97,Merge,/job:localhost/replica:0/task:0/device:GPU:0,1.0,0.001
tm0UphiIDQ,Merge,/job:localhost/replica:0/task:0/device:GPU:0,1.0,0.001
5KhL9eDo8X,StopGradient,/job:localhost/replica:0/task:0/device:GPU:0,1.0,0.001
2Ik7V8qWYF,StopGradient,/job:localhost/replica:0/task:0/device:GPU:0,1.0,0.001
SUzJKoE1tr,StopGradient,/job:localhost/replica:0/task:0/device:GPU:0,1.0,0.001
z0FxRUgOeI,Reshape,/job:localhost/replica:0/task:0/device:GPU:0,1.0,0.001
HwscnVJtuP,Reshape,/job:localhost/replica:0/task:0/device:GPU:0,1.0,0.001
R3MxOG8nK9,Reshape,/job:localhost/replica:0/task:0/device:GPU:0,1.0,0.001
oOuxF4C52p,Reshape,/job:localhost/replica:0/task:0/device:GPU:0,1.0,0.001
RFQUsTXyaf,Reshape,/job:localhost/replica:0/task:0/device:GPU:0,1.0,0.001
aTWrI7gniZ,Reshape,/job:localhost/replica:0/task:0/device:GPU:0,1.0,0.001
R56yJpIxeD,Reshape,/job:localhost/replica:0/task:0/device:GPU:0,1.0,0.001
DXSVO1xvbi,Reshape,/job:localhost/replica:0/task:0/device:GPU:0,1.0,0.001
RxDpzbGZ4N,Reshape,/job:localhost/replica:0/task:0/device:GPU:0,1.0,0.001
yqBZSTr6PM,Reshape,/job:localhost/replica:0/task:0/device:GPU:0,1.0,0.001
FTnLBjAGX4,Reshape,/job:localhost/replica:0/task:0/device:GPU:0,1.0,0.001
7y4NHq5hBf,Reshape,/job:localhost/replica:0/task:0/device:GPU:0,1.0,0.001
kfOBbLMteT,Reshape,/job:localhost/replica:0/task:0/device:GPU:0,1.0,0.001
oIOzFsULGZ,Shape,/job:localhost/replica:0/task:0/device:GPU:0,1.0,0.001
mB1yH69KU4,Shape,/job:localhost/replica:0/task:0/device:GPU:0,1.0,0.001
GKBmfxyp7J,Reshape,/job:localhost/replica:0/task:0/device:GPU:0,1.0,0.001
RxykQtpNDw,Reshape,/job:localhost/replica:0/task:0/device:GPU:0,1.0,0.001
M04n2Qo3af,Reshape,/job:localhost/replica:0/task:0/device:GPU:0,1.0,0.001
y5gmw467B1,Reshape,/job:localhost/replica:0/task:0/device:GPU:0,1.0,0.001
d9s7yFqxov,Reshape,/job:localhost/replica:0/task:0/device:GPU:0,1.0,0.001
r284SsqhKN,Reshape,/job:localhost/replica:0/task:0/device:GPU:0,1.0,0.001
ZjvRraMSoi,Reshape,/job:localhost/replica:0/task:0/device:GPU:0,1.0,0.001
6SvT7CLiBe,Reshape,/job:localhost/replica:0/task:0/device:GPU:0,1.0,0.001
1DtsQUpqPd,Reshape,/job:localhost/replica:0/task:0/device:GPU:0,1.0,0.001
IeNJ40t3xG,Reshape,/job:localhost/replica:0/task:0/device:GPU:0,1.0,0.001
47T0kOdSLn,Reshape,/job:localhost/replica:0/task:0/device:GPU:0,1.0,0.001
jnaLo2q4Ol,Reshape,/job:localhost/replica:0/task:0/device:GPU:0,1.0,0.001
6RomqNkVTz,Reshape,/job:localhost/replica:0/task:0/device:GPU:0,1.0,0.001
4KmDCQZxlt,Reshape,/job:localhost/replica:0/task:0/device:GPU:0,1.0,0.001
Ia3hAjdpyq,Reshape,/job:localhost/replica:0/task:0/device:GPU:0,1.0,0.001
FBZQOxA41M,Shape,/job:localhost/replica:0/task:0/device:GPU:0,1.0,0.001
YXW1f0cRht,Pack,/job:localhost/replica:0/task:0/device:GPU:0,1.0,0.001
kzG7ZFjgvr,Reshape,/job:localhost/replica:0/task:0/device:GPU:0,1.0,0.001
CGwkP7yJRm,Reshape,/job:localhost/replica:0/task:0/device:GPU:0,1.0,0.001
dFjftNwRy0,Reshape,/job:localhost/replica:0/task:0/device:GPU:0,1.0,0.001
8jWcsbYiaS,Reshape,/job:localhost/replica:0/task:0/device:GPU:0,1.0,0.001
0sPQKRZ9Wz,Reshape,/job:localhost/replica:0/task:0/device:GPU:0,1.0,0.001
8RBTlJxQV7,Reshape,/job:localhost/replica:0/task:0/device:GPU:0,1.0,0.001
cwf3AMpurT,Reshape,/job:localhost/replica:0/task:0/device:GPU:0,1.0,0.001
OVo0M7UJtY,Reshape,/job:localhost/replica:0/task:0/device:GPU:0,1.0,0.001
rAEYg6xjRH,Reshape,/job:localhost/replica:0/task:0/device:GPU:0,1.0,0.001
bEMpIzqgBc,Reshape,/job:localhost/replica:0/task:0/device:GPU:0,1.0,0.001
2vbDkKWIj0,Reshape,/job:localhost/replica:0/task:0/device:GPU:0,1.0,0.001
6tE3W2oP7f,Reshape,/job:localhost/replica:0/task:0/device:GPU:0,1.0,0.001
fIECjPeOkT,Reshape,/job:localhost/replica:0/task:0/device:GPU:0,1.0,0.001
2TE0rD8Hpb,Reshape,/job:localhost/replica:0/task:0/device:GPU:0,1.0,0.001
5L4QT2ucDM,Reshape,/job:localhost/replica:0/task:0/device:GPU:0,1.0,0.001
aLnb80vHFz,Reshape,/job:localhost/replica:0/task:0/device:GPU:0,1.0,0.001
b4XYTu0IzJ,Reshape,/job:localhost/replica:0/task:0/device:GPU:0,1.0,0.001
SQenjCDM7d,Reshape,/job:localhost/replica:0/task:0/device:GPU:0,1.0,0.001
m02GO7AIYz,Reshape,/job:localhost/replica:0/task:0/device:GPU:0,1.0,0.001
ecf0rX7kVI,Reshape,/job:localhost/replica:0/task:0/device:GPU:0,1.0,0.001
l2O0fS1mar,Reshape,/job:localhost/replica:0/task:0/device:GPU:0,1.0,0.001
DfKGoATukl,Reshape,/job:localhost/replica:0/task:0/device:GPU:0,1.0,0.001
aADu8FrhC0,Reshape,/job:localhost/replica:0/task:0/device:GPU:0,1.0,0.001
ixEWhLuOcP,Reshape,/job:localhost/replica:0/task:0/device:GPU:0,1.0,0.001
5kDFd8nvWI,Reshape,/job:localhost/replica:0/task:0/device:GPU:0,1.0,0.001
HvotxQ7hSR,Reshape,/job:localhost/replica:0/task:0/device:GPU:0,1.0,0.001
4zL6jM1UyA,StopGradient,/job:localhost/replica:0/task:0/device:GPU:0,1.0,0.001
o16JUyCPQs,Reshape,/job:localhost/replica:0/task:0/device:GPU:0,1.0,0.001
fvAVn3Hcu7,Reshape,/job:localhost/replica:0/task:0/device:GPU:0,1.0,0.001
vsCqbIB9So,Reshape,/job:localhost/replica:0/task:0/device:GPU:0,1.0,0.001
pWqjgEvT2a,Reshape,/job:localhost/replica:0/task:0/device:GPU:0,1.0,0.001
vDJCqcQkuy,Reshape,/job:localhost/replica:0/task:0/device:GPU:0,1.0,0.001
nE2rP9yoA1,Reshape,/job:localhost/replica:0/task:0/device:GPU:0,1.0,0.001
D8F6dkSq2x,Reshape,/job:localhost/replica:0/task:0/device:GPU:0,1.0,0.001
PGxj7LvhSu,Reshape,/job:localhost/replica:0/task:0/device:GPU:0,1.0,0.001
acHYmRf9Nv,Reshape,/job:localhost/replica:0/task:0/device:GPU:0,1.0,0.001
NLMj9CGml1,Reshape,/job:localhost/replica:0/task:0/device:GPU:0,1.0,0.001
89P2CfJ5zb,Pack,/job:localhost/replica:0/task:0/device:GPU:0,1.0,0.001
dQ2VUNjTOh,Reshape,/job:localhost/replica:0/task:0/device:GPU:0,1.0,0.001
81k6vhIl52,Reshape,/job:localhost/replica:0/task:0/device:GPU:0,1.0,0.001
b9ZWnBH2uY,Reshape,/job:localhost/replica:0/task:0/device:GPU:0,1.0,0.001
Tag1iqbNpo,Reshape,/job:localhost/replica:0/task:0/device:GPU:0,1.0,0.001
GacIzrZ0jq,Reshape,/job:localhost/replica:0/task:0/device:GPU:0,1.0,0.001
WHcUwI5XJA,Reshape,/job:localhost/replica:0/task:0/device:GPU:0,1.0,0.001
Fak5BwYPsy,Reshape,/job:localhost/replica:0/task:0/device:GPU:0,1.0,0.001
MIhHGQV64Z,Reshape,/job:localhost/replica:0/task:0/device:GPU:0,1.0,0.001
CEOz5yarh6,Reshape,/job:localhost/replica:0/task:0/device:GPU:0,1.0,0.001
7YDHntwxqu,Reshape,/job:localhost/replica:0/task:0/device:GPU:0,1.0,0.001
40Lo2KWpGO,Reshape,/job:localhost/replica:0/task:0/device:GPU:0,1.0,0.001
b0FtRGunrC,Reshape,/job:localhost/replica:0/task:0/device:GPU:0,1.0,0.001
b4B6fPq1Ze,Reshape,/job:localhost/replica:0/task:0/device:GPU:0,1.0,0.001
OPnoGbJ1mu,Reshape,/job:localhost/replica:0/task:0/device:GPU:0,1.0,0.001
jsLi3DOf06,Reshape,/job:localhost/replica:0/task:0/device:GPU:0,1.0,0.001
tcP3AgL8Iu,Reshape,/job:localhost/replica:0/task:0/device:GPU:0,1.0,0.001
0aY7twdhZ3,Reshape,/job:localhost/replica:0/task:0/device:GPU:0,1.0,0.001
RSqHce9Lls,Reshape,/job:localhost/replica:0/task:0/device:GPU:0,1.0,0.001
6zX3OD7kmw,Reshape,/job:localhost/replica:0/task:0/device:GPU:0,1.0,0.001
PsEtgAdTv7,Reshape,/job:localhost/replica:0/task:0/device:GPU:0,1.0,0.001
YnT9pW17Lz,Pack,/job:localhost/replica:0/task:0/device:GPU:0,1.0,0.001
0KSFdctDnh,Pack,/job:localhost/replica:0/task:0/device:GPU:0,1.0,0.001
vuLCI4ETxi,Pack,/job:localhost/replica:0/task:0/device:GPU:0,1.0,0.001
aKPSHiszcl,Reshape,/job:localhost/replica:0/task:0/device:GPU:0,1.0,0.001
lLoaSspJtd,Reshape,/job:localhost/replica:0/task:0/device:GPU:0,1.0,0.001
kAGn0rpEzi,Reshape,/job:localhost/replica:0/task:0/device:GPU:0,1.0,0.001
BLpNr0SQ4g,Reshape,/job:localhost/replica:0/task:0/device:GPU:0,1.0,0.001
aitmgIh1Vv,Reshape,/job:localhost/replica:0/task:0/device:GPU:0,1.0,0.001
r3Ehmuw6aO,Reshape,/job:localhost/replica:0/task:0/device:GPU:0,1.0,0.001
8aU2fWstKM,Reshape,/job:localhost/replica:0/task:0/device:GPU:0,1.0,0.001
SrA7kKNnbI,Reshape,/job:localhost/replica:0/task:0/device:GPU:0,1.0,0.001
pM8Z7XYvzl,Reshape,/job:localhost/replica:0/task:0/device:GPU:0,1.0,0.001
tz0gAFB9Oh,Reshape,/job:localhost/replica:0/task:0/device:GPU:0,1.0,0.001
QiABmJD7bG,Reshape,/job:localhost/replica:0/task:0/device:GPU:0,1.0,0.001
A0G6nW7fmE,Reshape,/job:localhost/replica:0/task:0/device:GPU:0,1.0,0.001
G6Ebl2KTw7,Reshape,/job:localhost/replica:0/task:0/device:GPU:0,1.0,0.001
Z4ALTJHsRu,Reshape,/job:localhost/replica:0/task:0/device:GPU:0,1.0,0.001
hHPdkjFQqf,Reshape,/job:localhost/replica:0/task:0/device:GPU:0,1.0,0.001
p3Bqi2MUDI,Reshape,/job:localhost/replica:0/task:0/device:GPU:0,1.0,0.001
jUzai09CFP,Reshape,/job:localhost/replica:0/task:0/device:GPU:0,1.0,0.001
oWFMHDCe9I,Reshape,/job:localhost/replica:0/task:0/device:GPU:0,1.0,0.001
isUJhfOR4H,Reshape,/job:localhost/replica:0/task:0/device:GPU:0,1.0,0.001
R4g693C02O,Reshape,/job:localhost/replica:0/task:0/device:GPU:0,1.0,0.001
QV0gAbfSPM,Reshape,/job:localhost/replica:0/task:0/device:GPU:0,1.0,0.001
XzQy5ZDstW,Reshape,/job:localhost/replica:0/task:0/device:GPU:0,1.0,0.001
lo7XD6dUJM,Reshape,/job:localhost/replica:0/task:0/device:GPU:0,1.0,0.001
iYCv1K0ZFx,Reshape,/job:localhost/replica:0/task:0/device:GPU:0,1.0,0.001
cmw6vxrpWk,Reshape,/job:localhost/replica:0/task:0/device:GPU:0,1.0,0.001
abU8j5r3zD,Reshape,/job:localhost/replica:0/task:0/device:GPU:0,1.0,0.001
iA6bGpFavO,Reshape,/job:localhost/replica:0/task:0/device:GPU:0,1.0,0.001
jwL86G1aYn,Reshape,/job:localhost/replica:0/task:0/device:GPU:0,1.0,0.001
sAJGI1PNlL,StopGradient,/job:localhost/replica:0/task:0/device:GPU:0,1.0,0.001
4s7gPI5yoz,Reshape,/job:localhost/replica:0/task:0/device:GPU:0,1.0,0.001
YOIfemAQDr,Reshape,/job:localhost/replica:0/task:0/device:GPU:0,1.0,0.001
Dyv9obmncz,Reshape,/job:localhost/replica:0/task:0/device:GPU:0,1.0,0.001
WgrhfEUu6F,Reshape,/job:localhost/replica:0/task:0/device:GPU:0,1.0,0.001
4Ac8ZVhkgD,Reshape,/job:localhost/replica:0/task:0/device:GPU:0,1.0,0.001
rLygt9XYB8,Reshape,/job:localhost/replica:0/task:0/device:GPU:0,1.0,0.001
WPwTajr08p,Reshape,/job:localhost/replica:0/task:0/device:GPU:0,1.0,0.001
UlxquFmaEL,Shape,/job:localhost/replica:0/task:0/device:GPU:0,1.0,0.001
kJhXDYzHty,Shape,/job:localhost/replica:0/task:0/device:GPU:0,1.0,0.001
pPh37G1OFN,Reshape,/job:localhost/replica:0/task:0/device:GPU:0,1.0,0.001
eiJC9WvpHr,Reshape,/job:localhost/replica:0/task:0/device:GPU:0,1.0,0.001
AE4YNiRCkw,Reshape,/job:localhost/replica:0/task:0/device:GPU:0,1.0,0.001
iy7qh5sARo,Reshape,/job:localhost/replica:0/task:0/device:GPU:0,1.0,0.001
2natNehSAb,Reshape,/job:localhost/replica:0/task:0/device:GPU:0,1.0,0.001
Zj0LFdNnmK,Reshape,/job:localhost/replica:0/task:0/device:GPU:0,1.0,0.001
tSyDjrhI6x,Reshape,/job:localhost/replica:0/task:0/device:GPU:0,1.0,0.001
BXJrP196gE,Reshape,/job:localhost/replica:0/task:0/device:GPU:0,1.0,0.001
XMbsdlfCkV,Reshape,/job:localhost/replica:0/task:0/device:GPU:0,1.0,0.001
IYU1Td7ktr,Reshape,/job:localhost/replica:0/task:0/device:GPU:0,1.0,0.001
rhvFbHOgtG,Reshape,/job:localhost/replica:0/task:0/device:GPU:0,1.0,0.001
3Ao4ns2jxL,Reshape,/job:localhost/replica:0/task:0/device:GPU:0,1.0,0.001
uB4OvlCfEe,Reshape,/job:localhost/replica:0/task:0/device:GPU:0,1.0,0.001
3KUBNHgjea,Reshape,/job:localhost/replica:0/task:0/device:GPU:0,1.0,0.001
Jvkt3BaRCu,Reshape,/job:localhost/replica:0/task:0/device:GPU:0,1.0,0.001
3YPa5mfsw2,Reshape,/job:localhost/replica:0/task:0/device:GPU:0,1.0,0.001
XTJ9zrvbLK,Reshape,/job:localhost/replica:0/task:0/device:GPU:0,1.0,0.001
qAETQGXbFH,Reshape,/job:localhost/replica:0/task:0/device:GPU:0,1.0,0.001
ct0EvmRuan,Reshape,/job:localhost/replica:0/task:0/device:GPU:0,1.0,0.001
DSEJOPunYf,Reshape,/job:localhost/replica:0/task:0/device:GPU:0,1.0,0.001
NP10F2hIyz,Reshape,/job:localhost/replica:0/task:0/device:GPU:0,1.0,0.001
y8qY0GRnLx,Reshape,/job:localhost/replica:0/task:0/device:GPU:0,1.0,0.001
_arg_Xmp5LoZJ0g_0_539,Placeholder,/job:localhost/replica:0/task:0/device:CPU:0,1.0,0.001
_arg_XruQ3whGEl_0_544,Placeholder,/job:localhost/replica:0/task:0/device:CPU:0,1.0,0.001
_arg_YVJNrCMLg9_0_550,Placeholder,/job:localhost/replica:0/task:0/device:CPU:0,1.0,0.001
_arg_YWmOVjhSLc_0_551,Placeholder,/job:localhost/replica:0/task:0/device:CPU:0,1.0,0.001
_arg_YKcl3pktHh_0_547,Placeholder,/job:localhost/replica:0/task:0/device:CPU:0,1.0,0.001
_arg_YfBdnzgxZe_0_554,Placeholder,/job:localhost/replica:0/task:0/device:CPU:0,1.0,0.001
_arg_XPJjUVGOot_0_531,Placeholder,/job:localhost/replica:0/task:0/device:CPU:0,1.0,0.001
_arg_Xj9i0O6FPb_0_536,Placeholder,/job:localhost/replica:0/task:0/device:CPU:0,1.0,0.001
_arg_XoATQtCZSJ_0_540,Placeholder,/job:localhost/replica:0/task:0/device:CPU:0,1.0,0.001
_arg_YtSNdqGXm5_0_559,Placeholder,/job:localhost/replica:0/task:0/device:CPU:0,1.0,0.001
_arg_YKjXI8mdge_0_548,Placeholder,/job:localhost/replica:0/task:0/device:CPU:0,1.0,0.001
_arg_ViT8jSLz5U_0_508,Placeholder,/job:localhost/replica:0/task:0/device:CPU:0,1.0,0.001
_arg_WZQuAp3h5e_0_524,Placeholder,/job:localhost/replica:0/task:0/device:CPU:0,1.0,0.001
_arg_VAYN3u2Wby_0_500,Placeholder,/job:localhost/replica:0/task:0/device:CPU:0,1.0,0.001
_arg_VURXYZ3Jcu_0_505,Placeholder,/job:localhost/replica:0/task:0/device:CPU:0,1.0,0.001
_arg_W6OgQTcGIN_0_520,Placeholder,/job:localhost/replica:0/task:0/device:CPU:0,1.0,0.001
_arg_Z1GkmK89rS_0_560,Placeholder,/job:localhost/replica:0/task:0/device:CPU:0,1.0,0.001
_arg_ZCSyBxnagU_0_566,Placeholder,/job:localhost/replica:0/task:0/device:CPU:0,1.0,0.001
_arg_XqKEVdGgB7_0_542,Placeholder,/job:localhost/replica:0/task:0/device:CPU:0,1.0,0.001
_arg_VjrvgcxSEb_0_509,Placeholder,/job:localhost/replica:0/task:0/device:CPU:0,1.0,0.001
_arg_VvbUKL3h1T_0_514,Placeholder,/job:localhost/replica:0/task:0/device:CPU:0,1.0,0.001
_arg_Vzc9O3jAuJ_0_517,Placeholder,/job:localhost/replica:0/task:0/device:CPU:0,1.0,0.001
_arg_XdElb8v4YF_0_533,Placeholder,/job:localhost/replica:0/task:0/device:CPU:0,1.0,0.001
_arg_VAZNc1zd6s_0_501,Placeholder,/job:localhost/replica:0/task:0/device:CPU:0,1.0,0.001
_arg_Y8h9NuaG7j_0_546,Placeholder,/job:localhost/replica:0/task:0/device:CPU:0,1.0,0.001
_arg_VmW3afXIi8_0_510,Placeholder,/job:localhost/replica:0/task:0/device:CPU:0,1.0,0.001
_arg_YbEQICu86w_0_553,Placeholder,/job:localhost/replica:0/task:0/device:CPU:0,1.0,0.001
_arg_Zqw6MvJrQx_0_574,Placeholder,/job:localhost/replica:0/task:0/device:CPU:0,1.0,0.001
_arg_VW4kdCoMpb_0_506,Placeholder,/job:localhost/replica:0/task:0/device:CPU:0,1.0,0.001
_arg_dGmq76NkHX_0_629,Placeholder,/job:localhost/replica:0/task:0/device:CPU:0,1.0,0.001
_arg_ZlQGr69zRu_0_571,Placeholder,/job:localhost/replica:0/task:0/device:CPU:0,1.0,0.001
_arg_Xef3IsRQxN_0_534,Placeholder,/job:localhost/replica:0/task:0/device:CPU:0,1.0,0.001
_arg_ctBFUafOKQ_0_617,Placeholder,/job:localhost/replica:0/task:0/device:CPU:0,1.0,0.001
_arg_ag31UR7JxT_0_586,Placeholder,/job:localhost/replica:0/task:0/device:CPU:0,1.0,0.001
_arg_b60DFXkKUy_0_590,Placeholder,/job:localhost/replica:0/task:0/device:CPU:0,1.0,0.001
_arg_dy6XufQ4N8_0_636,Placeholder,/job:localhost/replica:0/task:0/device:CPU:0,1.0,0.001
_arg_ZLYWSJEuxD_0_568,Placeholder,/job:localhost/replica:0/task:0/device:CPU:0,1.0,0.001
_arg_ctvQIr0usq_0_618,Placeholder,/job:localhost/replica:0/task:0/device:CPU:0,1.0,0.001
_arg_bm15OEwvRd_0_598,Placeholder,/job:localhost/replica:0/task:0/device:CPU:0,1.0,0.001
_arg_eRP1risJy0_0_644,Placeholder,/job:localhost/replica:0/task:0/device:CPU:0,1.0,0.001
_arg_cG7ISN0qlC_0_607,Placeholder,/job:localhost/replica:0/task:0/device:CPU:0,1.0,0.001
_arg_eCJQoA83Dc_0_637,Placeholder,/job:localhost/replica:0/task:0/device:CPU:0,1.0,0.001
_arg_egwjnvOsfu_0_648,Placeholder,/job:localhost/replica:0/task:0/device:CPU:0,1.0,0.001
_arg_ZLoUTwtulF_0_569,Placeholder,/job:localhost/replica:0/task:0/device:CPU:0,1.0,0.001
_arg_a8pALuWzix_0_579,Placeholder,/job:localhost/replica:0/task:0/device:CPU:0,1.0,0.001
_arg_eDt1ubzUpB_0_638,Placeholder,/job:localhost/replica:0/task:0/device:CPU:0,1.0,0.001
_arg_bq8nuk6K7z_0_600,Placeholder,/job:localhost/replica:0/task:0/device:CPU:0,1.0,0.001
_arg_bvt65Ljkc9_0_602,Placeholder,/job:localhost/replica:0/task:0/device:CPU:0,1.0,0.001
_arg_cSJmC1DYrT_0_608,Placeholder,/job:localhost/replica:0/task:0/device:CPU:0,1.0,0.001
_arg_faCdj3NU91_0_667,Placeholder,/job:localhost/replica:0/task:0/device:CPU:0,1.0,0.001
_arg_ZvfEDJspBq_0_576,Placeholder,/job:localhost/replica:0/task:0/device:CPU:0,1.0,0.001
_arg_gro2R9CMBw_0_695,Placeholder,/job:localhost/replica:0/task:0/device:CPU:0,1.0,0.001
_arg_bWZuxhDGdn_0_596,Placeholder,/job:localhost/replica:0/task:0/device:CPU:0,1.0,0.001
_arg_ephTjBM4N6_0_653,Placeholder,/job:localhost/replica:0/task:0/device:CPU:0,1.0,0.001
_arg_f7RnJ4udlo_0_661,Placeholder,/job:localhost/replica:0/task:0/device:CPU:0,1.0,0.001
_arg_cysrGz0PUx_0_619,Placeholder,/job:localhost/replica:0/task:0/device:CPU:0,1.0,0.001
_arg_g8NwdBb6T5_0_675,Placeholder,/job:localhost/replica:0/task:0/device:CPU:0,1.0,0.001
_arg_gi1walpeZm_0_692,Placeholder,/job:localhost/replica:0/task:0/device:CPU:0,1.0,0.001
_arg_byXLTR92W0_0_603,Placeholder,/job:localhost/replica:0/task:0/device:CPU:0,1.0,0.001
_arg_fgYL6lb8BW_0_669,Placeholder,/job:localhost/replica:0/task:0/device:CPU:0,1.0,0.001
_arg_gUAnC3cPKz_0_683,Placeholder,/job:localhost/replica:0/task:0/device:CPU:0,1.0,0.001
_arg_gZ2AONRC0V_0_687,Placeholder,/job:localhost/replica:0/task:0/device:CPU:0,1.0,0.001
_arg_k5ewyRlBDu_0_745,Placeholder,/job:localhost/replica:0/task:0/device:CPU:0,1.0,0.001
_arg_ZyfIkFJ32R_0_577,Placeholder,/job:localhost/replica:0/task:0/device:CPU:0,1.0,0.001
_arg_f8yxjZKgJN_0_662,Placeholder,/job:localhost/replica:0/task:0/device:CPU:0,1.0,0.001
_arg_caU8PWiXlt_0_612,Placeholder,/job:localhost/replica:0/task:0/device:CPU:0,1.0,0.001
_arg_gD7M9CeY5k_0_676,Placeholder,/job:localhost/replica:0/task:0/device:CPU:0,1.0,0.001
_arg_d5Gkyo8tv2_0_624,Placeholder,/job:localhost/replica:0/task:0/device:CPU:0,1.0,0.001
_arg_dAnUEga3lb_0_628,Placeholder,/job:localhost/replica:0/task:0/device:CPU:0,1.0,0.001
_arg_gj4bFr5YN0_0_693,Placeholder,/job:localhost/replica:0/task:0/device:CPU:0,1.0,0.001
_arg_gyrV5FBoCz_0_696,Placeholder,/job:localhost/replica:0/task:0/device:CPU:0,1.0,0.001
_arg_hC2Y0m41Db_0_699,Placeholder,/job:localhost/replica:0/task:0/device:CPU:0,1.0,0.001
_arg_hOUw2tZLHm_0_703,Placeholder,/job:localhost/replica:0/task:0/device:CPU:0,1.0,0.001
_arg_aEkgjvAnTw_0_581,Placeholder,/job:localhost/replica:0/task:0/device:CPU:0,1.0,0.001
_arg_eh4AYKj71F_0_649,Placeholder,/job:localhost/replica:0/task:0/device:CPU:0,1.0,0.001
_arg_b1daLAf78I_0_589,Placeholder,/job:localhost/replica:0/task:0/device:CPU:0,1.0,0.001
_arg_fUmzPG2j4B_0_665,Placeholder,/job:localhost/replica:0/task:0/device:CPU:0,1.0,0.001
_arg_fqLmBndvP5_0_673,Placeholder,/job:localhost/replica:0/task:0/device:CPU:0,1.0,0.001
_arg_ceADZkJ9C7_0_613,Placeholder,/job:localhost/replica:0/task:0/device:CPU:0,1.0,0.001
_arg_jvBqtPNdkb_0_741,Placeholder,/job:localhost/replica:0/task:0/device:CPU:0,1.0,0.001
_arg_gUB14muJfx_0_684,Placeholder,/job:localhost/replica:0/task:0/device:CPU:0,1.0,0.001
_arg_gb7dkz8thf_0_688,Placeholder,/job:localhost/replica:0/task:0/device:CPU:0,1.0,0.001
_arg_hHE8QAxjL2_0_700,Placeholder,/job:localhost/replica:0/task:0/device:CPU:0,1.0,0.001
_arg_eQLw46iVSA_0_643,Placeholder,/job:localhost/replica:0/task:0/device:CPU:0,1.0,0.001
_arg_fa1PDtd84s_0_666,Placeholder,/job:localhost/replica:0/task:0/device:CPU:0,1.0,0.001
_arg_c2iaAQxqP6_0_604,Placeholder,/job:localhost/replica:0/task:0/device:CPU:0,1.0,0.001
_arg_gDuO891FMa_0_677,Placeholder,/job:localhost/replica:0/task:0/device:CPU:0,1.0,0.001
_arg_gQdzxW8ha4_0_681,Placeholder,/job:localhost/replica:0/task:0/device:CPU:0,1.0,0.001
_arg_wH7gOt5aQ0_0_910,Placeholder,/job:localhost/replica:0/task:0/device:CPU:0,1.0,0.001
_arg_h6FP3IsxjZ_0_698,Placeholder,/job:localhost/replica:0/task:0/device:CPU:0,1.0,0.001
_arg_iLB6IPYlZr_0_715,Placeholder,/job:localhost/replica:0/task:0/device:CPU:0,1.0,0.001
_arg_iVo85HrY1X_0_719,Placeholder,/job:localhost/replica:0/task:0/device:CPU:0,1.0,0.001
_arg_ibTolxetmr_0_723,Placeholder,/job:localhost/replica:0/task:0/device:CPU:0,1.0,0.001
_arg_ilykrBCgtT_0_725,Placeholder,/job:localhost/replica:0/task:0/device:CPU:0,1.0,0.001
_arg_jDnzQxwI4T_0_729,Placeholder,/job:localhost/replica:0/task:0/device:CPU:0,1.0,0.001
_arg_jfdBKSzNn5_0_737,Placeholder,/job:localhost/replica:0/task:0/device:CPU:0,1.0,0.001
_arg_gRFzmilunx_0_682,Placeholder,/job:localhost/replica:0/task:0/device:CPU:0,1.0,0.001
_arg_gXxwPJ2BFp_0_686,Placeholder,/job:localhost/replica:0/task:0/device:CPU:0,1.0,0.001
_arg_gerhYzE80f_0_690,Placeholder,/job:localhost/replica:0/task:0/device:CPU:0,1.0,0.001
_arg_hUPmzIGk8l_0_706,Placeholder,/job:localhost/replica:0/task:0/device:CPU:0,1.0,0.001
_arg_hgWTzxrnXl_0_708,Placeholder,/job:localhost/replica:0/task:0/device:CPU:0,1.0,0.001
_arg_hystXNo079_0_712,Placeholder,/job:localhost/replica:0/task:0/device:CPU:0,1.0,0.001
_arg_jILAuyslmK_0_730,Placeholder,/job:localhost/replica:0/task:0/device:CPU:0,1.0,0.001
_arg_jagsiBpZvP_0_735,Placeholder,/job:localhost/replica:0/task:0/device:CPU:0,1.0,0.001
_arg_zAJXlGHx2n_0_957,Placeholder,/job:localhost/replica:0/task:0/device:CPU:0,1.0,0.001
_arg_hjCgT65x1I_0_709,Placeholder,/job:localhost/replica:0/task:0/device:CPU:0,1.0,0.001
_arg_iWJ7jyzMF9_0_720,Placeholder,/job:localhost/replica:0/task:0/device:CPU:0,1.0,0.001
_arg_icCnlQ7oZg_0_724,Placeholder,/job:localhost/replica:0/task:0/device:CPU:0,1.0,0.001
_arg_jboVOgGphi_0_736,Placeholder,/job:localhost/replica:0/task:0/device:CPU:0,1.0,0.001
_arg_jiTrNwmJcD_0_739,Placeholder,/job:localhost/replica:0/task:0/device:CPU:0,1.0,0.001
_arg_yLb1Q9r5gB_0_945,Placeholder,/job:localhost/replica:0/task:0/device:CPU:0,1.0,0.001
_arg_yhf6Co8l1d_0_953,Placeholder,/job:localhost/replica:0/task:0/device:CPU:0,1.0,0.001
_arg_hjDHnu0RaJ_0_710,Placeholder,/job:localhost/replica:0/task:0/device:CPU:0,1.0,0.001
_arg_iLA6sgBXhx_0_714,Placeholder,/job:localhost/replica:0/task:0/device:CPU:0,1.0,0.001
_arg_iUEpuKgCZn_0_718,Placeholder,/job:localhost/replica:0/task:0/device:CPU:0,1.0,0.001
_arg_iYnbvGQBpt_0_721,Placeholder,/job:localhost/replica:0/task:0/device:CPU:0,1.0,0.001
_arg_j7SHauLWqw_0_728,Placeholder,/job:localhost/replica:0/task:0/device:CPU:0,1.0,0.001
_arg_jT8xbAEhLG_0_732,Placeholder,/job:localhost/replica:0/task:0/device:CPU:0,1.0,0.001
_arg_k4fvUh9oE3_0_744,Placeholder,/job:localhost/replica:0/task:0/device:CPU:0,1.0,0.001
_arg_xKcOVzsIlP_0_929,Placeholder,/job:localhost/replica:0/task:0/device:CPU:0,1.0,0.001
_arg_xoTl57saQu_0_938,Placeholder,/job:localhost/replica:0/task:0/device:CPU:0,1.0,0.001
_arg_yb482xgRKd_0_950,Placeholder,/job:localhost/replica:0/task:0/device:CPU:0,1.0,0.001
_arg_yrKvIpHRkx_0_954,Placeholder,/job:localhost/replica:0/task:0/device:CPU:0,1.0,0.001
_arg_zE0b632KDi_0_959,Placeholder,/job:localhost/replica:0/task:0/device:CPU:0,1.0,0.001
_arg_zvrJbKMeT2_0_966,Placeholder,/job:localhost/replica:0/task:0/device:CPU:0,1.0,0.001
_arg_vrTM3NE0Uk_0_904,Placeholder,/job:localhost/replica:0/task:0/device:CPU:0,1.0,0.001
_arg_wFf21mJjrV_0_908,Placeholder,/job:localhost/replica:0/task:0/device:CPU:0,1.0,0.001
_arg_wNWZKJES76_0_911,Placeholder,/job:localhost/replica:0/task:0/device:CPU:0,1.0,0.001
_arg_wgiGO9leCT_0_919,Placeholder,/job:localhost/replica:0/task:0/device:CPU:0,1.0,0.001
_arg_wuEKvaNz1r_0_922,Placeholder,/job:localhost/replica:0/task:0/device:CPU:0,1.0,0.001
_arg_xMtWq8hcZu_0_930,Placeholder,/job:localhost/replica:0/task:0/device:CPU:0,1.0,0.001
_arg_xaGSKWEtyR_0_934,Placeholder,/job:localhost/replica:0/task:0/device:CPU:0,1.0,0.001
_arg_wYvfHjth9S_0_915,Placeholder,/job:localhost/replica:0/task:0/device:CPU:0,1.0,0.001
_arg_xC5X64PswK_0_927,Placeholder,/job:localhost/replica:0/task:0/device:CPU:0,1.0,0.001
_arg_xdiqPoUaWG_0_935,Placeholder,/job:localhost/replica:0/task:0/device:CPU:0,1.0,0.001
_arg_z1R9KIB4HO_0_956,Placeholder,/job:localhost/replica:0/task:0/device:CPU:0,1.0,0.001
_arg_wZiXVvSJx2_0_916,Placeholder,/job:localhost/replica:0/task:0/device:CPU:0,1.0,0.001
_arg_x3koeIyTa8_0_924,Placeholder,/job:localhost/replica:0/task:0/device:CPU:0,1.0,0.001
_arg_xTzQbgKidB_0_932,Placeholder,/job:localhost/replica:0/task:0/device:CPU:0,1.0,0.001
_arg_GbKjDVg8Iy_0_245,Placeholder,/job:localhost/replica:0/task:0/device:CPU:0,1.0,0.001
_arg_H7I3UoGkCE_0_253,Placeholder,/job:localhost/replica:0/task:0/device:CPU:0,1.0,0.001
_arg_HG7gzSl1sw_0_257,Placeholder,/job:localhost/replica:0/task:0/device:CPU:0,1.0,0.001
_arg_HNefozM0Er_0_261,Placeholder,/job:localhost/replica:0/task:0/device:CPU:0,1.0,0.001
_arg_HZYQbtPwyW_0_265,Placeholder,/job:localhost/replica:0/task:0/device:CPU:0,1.0,0.001
_arg_HJ82MTKFU5_0_258,Placeholder,/job:localhost/replica:0/task:0/device:CPU:0,1.0,0.001
_arg_IA4KCVeETk_0_273,Placeholder,/job:localhost/replica:0/task:0/device:CPU:0,1.0,0.001
_arg_HqzT7s3CuQ_0_269,Placeholder,/job:localhost/replica:0/task:0/device:CPU:0,1.0,0.001
_arg_JNPYdfpvTl_0_300,Placeholder,/job:localhost/replica:0/task:0/device:CPU:0,1.0,0.001
_arg_Gd4KJhs1ZE_0_246,Placeholder,/job:localhost/replica:0/task:0/device:CPU:0,1.0,0.001
_arg_KcRsBZDoEy_0_327,Placeholder,/job:localhost/replica:0/task:0/device:CPU:0,1.0,0.001
_arg_KuZEhjLC8y_0_335,Placeholder,/job:localhost/replica:0/task:0/device:CPU:0,1.0,0.001
_arg_He8hfrlcxm_0_266,Placeholder,/job:localhost/replica:0/task:0/device:CPU:0,1.0,0.001
_arg_Ls012FUxvz_0_354,Placeholder,/job:localhost/replica:0/task:0/device:CPU:0,1.0,0.001
_arg_M9nG65LIhC_0_358,Placeholder,/job:localhost/replica:0/task:0/device:CPU:0,1.0,0.001
_arg_MkUVQWE7fB_0_367,Placeholder,/job:localhost/replica:0/task:0/device:CPU:0,1.0,0.001
_arg_Mb7giTSz5P_0_365,Placeholder,/job:localhost/replica:0/task:0/device:CPU:0,1.0,0.001
_arg_LMTZifpVUq_0_343,Placeholder,/job:localhost/replica:0/task:0/device:CPU:0,1.0,0.001
_arg_NoIX7aLkQm_0_386,Placeholder,/job:localhost/replica:0/task:0/device:CPU:0,1.0,0.001
_arg_NmAji7PeCo_0_384,Placeholder,/job:localhost/replica:0/task:0/device:CPU:0,1.0,0.001
_arg_OQTDHZNtpE_0_397,Placeholder,/job:localhost/replica:0/task:0/device:CPU:0,1.0,0.001
_arg_PQkVMbRFcx_0_409,Placeholder,/job:localhost/replica:0/task:0/device:CPU:0,1.0,0.001
_arg_Ndpzx3bQy9_0_380,Placeholder,/job:localhost/replica:0/task:0/device:CPU:0,1.0,0.001
_arg_OVMsx8Y7jl_0_398,Placeholder,/job:localhost/replica:0/task:0/device:CPU:0,1.0,0.001
_arg_PlgyXxiub1_0_416,Placeholder,/job:localhost/replica:0/task:0/device:CPU:0,1.0,0.001
_arg_O28vl6xJDY_0_387,Placeholder,/job:localhost/replica:0/task:0/device:CPU:0,1.0,0.001
_arg_MoJPaNlEnL_0_369,Placeholder,/job:localhost/replica:0/task:0/device:CPU:0,1.0,0.001
_arg_N3jX5AqPSl_0_372,Placeholder,/job:localhost/replica:0/task:0/device:CPU:0,1.0,0.001
_arg_P7LweMgB9E_0_406,Placeholder,/job:localhost/replica:0/task:0/device:CPU:0,1.0,0.001
_arg_MgNIs6lRXS_0_366,Placeholder,/job:localhost/replica:0/task:0/device:CPU:0,1.0,0.001
_arg_Och4lmwYKP_0_399,Placeholder,/job:localhost/replica:0/task:0/device:CPU:0,1.0,0.001
_arg_OnmJw7Ck0g_0_403,Placeholder,/job:localhost/replica:0/task:0/device:CPU:0,1.0,0.001
_arg_P84JTfMvWa_0_407,Placeholder,/job:localhost/replica:0/task:0/device:CPU:0,1.0,0.001
_arg_Q0tpdNxOXc_0_420,Placeholder,/job:localhost/replica:0/task:0/device:CPU:0,1.0,0.001
_arg_N9DrkgwU6L_0_373,Placeholder,/job:localhost/replica:0/task:0/device:CPU:0,1.0,0.001
_arg_PIUitaVTXk_0_408,Placeholder,/job:localhost/replica:0/task:0/device:CPU:0,1.0,0.001
_arg_Ra38OlQ5ci_0_440,Placeholder,/job:localhost/replica:0/task:0/device:CPU:0,1.0,0.001
_arg_Qt9PMXzSTk_0_436,Placeholder,/job:localhost/replica:0/task:0/device:CPU:0,1.0,0.001
_arg_PXc3tVzqHh_0_412,Placeholder,/job:localhost/replica:0/task:0/device:CPU:0,1.0,0.001
_arg_RoUGJyE3Oa_0_444,Placeholder,/job:localhost/replica:0/task:0/device:CPU:0,1.0,0.001
_arg_O8fjKHoLWC_0_389,Placeholder,/job:localhost/replica:0/task:0/device:CPU:0,1.0,0.001
_arg_NAOBogRkWX_0_374,Placeholder,/job:localhost/replica:0/task:0/device:CPU:0,1.0,0.001
_arg_PjiAgYy5DF_0_415,Placeholder,/job:localhost/replica:0/task:0/device:CPU:0,1.0,0.001
_arg_Q1dG40WyAP_0_421,Placeholder,/job:localhost/replica:0/task:0/device:CPU:0,1.0,0.001
_arg_QRLZnsIe0N_0_426,Placeholder,/job:localhost/replica:0/task:0/device:CPU:0,1.0,0.001
_arg_RpD54L6ZKW_0_445,Placeholder,/job:localhost/replica:0/task:0/device:CPU:0,1.0,0.001
_arg_S0VTH3mzgq_0_448,Placeholder,/job:localhost/replica:0/task:0/device:CPU:0,1.0,0.001
_arg_Q2co5U7Imn_0_422,Placeholder,/job:localhost/replica:0/task:0/device:CPU:0,1.0,0.001
_arg_TFH8vgnMC3_0_467,Placeholder,/job:localhost/replica:0/task:0/device:CPU:0,1.0,0.001
_arg_RGDs8ytlz2_0_437,Placeholder,/job:localhost/replica:0/task:0/device:CPU:0,1.0,0.001
_arg_TrYVjEZ5Pd_0_479,Placeholder,/job:localhost/replica:0/task:0/device:CPU:0,1.0,0.001
_arg_RrQYMEpwV0_0_446,Placeholder,/job:localhost/replica:0/task:0/device:CPU:0,1.0,0.001
_arg_SBpr9nDORY_0_449,Placeholder,/job:localhost/replica:0/task:0/device:CPU:0,1.0,0.001
_arg_SZiXGOm3zE_0_456,Placeholder,/job:localhost/replica:0/task:0/device:CPU:0,1.0,0.001
_arg_SqbaAIN7Ld_0_459,Placeholder,/job:localhost/replica:0/task:0/device:CPU:0,1.0,0.001
_arg_QAW3N5G7Vu_0_423,Placeholder,/job:localhost/replica:0/task:0/device:CPU:0,1.0,0.001
_arg_QfzNqMBdky_0_430,Placeholder,/job:localhost/replica:0/task:0/device:CPU:0,1.0,0.001
_arg_SBwW26hNkI_0_450,Placeholder,/job:localhost/replica:0/task:0/device:CPU:0,1.0,0.001
_arg_SfxawQNsO4_0_457,Placeholder,/job:localhost/replica:0/task:0/device:CPU:0,1.0,0.001
_arg_TO7XLbdho2_0_469,Placeholder,/job:localhost/replica:0/task:0/device:CPU:0,1.0,0.001
_arg_QisjqLN8XW_0_431,Placeholder,/job:localhost/replica:0/task:0/device:CPU:0,1.0,0.001
_arg_QsOyN32cqF_0_435,Placeholder,/job:localhost/replica:0/task:0/device:CPU:0,1.0,0.001
_arg_RoKwUTSsAr_0_443,Placeholder,/job:localhost/replica:0/task:0/device:CPU:0,1.0,0.001
_arg_SsvbyUnCh8_0_461,Placeholder,/job:localhost/replica:0/task:0/device:CPU:0,1.0,0.001
_arg_TA7aNi5p4S_0_466,Placeholder,/job:localhost/replica:0/task:0/device:CPU:0,1.0,0.001
_arg_TZKtpIu5b3_0_473,Placeholder,/job:localhost/replica:0/task:0/device:CPU:0,1.0,0.001
_arg_RQ7T9lvozd_0_438,Placeholder,/job:localhost/replica:0/task:0/device:CPU:0,1.0,0.001
_arg_UI5C10xM9B_0_489,Placeholder,/job:localhost/replica:0/task:0/device:CPU:0,1.0,0.001
_arg_HvOJIg0ShV_0_271,Placeholder,/job:localhost/replica:0/task:0/device:CPU:0,1.0,0.001
_arg_IQOstAEZpi_0_278,Placeholder,/job:localhost/replica:0/task:0/device:CPU:0,1.0,0.001
_arg_T3GBHhjnKq_0_462,Placeholder,/job:localhost/replica:0/task:0/device:CPU:0,1.0,0.001
_arg_Ik9VQmrYNy_0_288,Placeholder,/job:localhost/replica:0/task:0/device:CPU:0,1.0,0.001
_arg_Tb6MncUxhB_0_474,Placeholder,/job:localhost/replica:0/task:0/device:CPU:0,1.0,0.001
_arg_TpcJCUsQkn_0_477,Placeholder,/job:localhost/replica:0/task:0/device:CPU:0,1.0,0.001
_arg_JdCtXxDvwP_0_305,Placeholder,/job:localhost/replica:0/task:0/device:CPU:0,1.0,0.001
_arg_UCcDsBpmvo_0_487,Placeholder,/job:localhost/replica:0/task:0/device:CPU:0,1.0,0.001
_arg_RSdlupeyfQ_0_439,Placeholder,/job:localhost/replica:0/task:0/device:CPU:0,1.0,0.001
_arg_HA9oBFidlE_0_255,Placeholder,/job:localhost/replica:0/task:0/device:CPU:0,1.0,0.001
_arg_HoFEpLVbg1_0_267,Placeholder,/job:localhost/replica:0/task:0/device:CPU:0,1.0,0.001
_arg_I9CrY8JaF0_0_272,Placeholder,/job:localhost/replica:0/task:0/device:CPU:0,1.0,0.001
_arg_IS082yp594_0_279,Placeholder,/job:localhost/replica:0/task:0/device:CPU:0,1.0,0.001
_arg_UAdMneZfbr_0_485,Placeholder,/job:localhost/replica:0/task:0/device:CPU:0,1.0,0.001
_arg_JgbI9ULxzW_0_308,Placeholder,/job:localhost/replica:0/task:0/device:CPU:0,1.0,0.001
_arg_H1yjizkQlG_0_251,Placeholder,/job:localhost/replica:0/task:0/device:CPU:0,1.0,0.001
_arg_HFhMgOeL6U_0_256,Placeholder,/job:localhost/replica:0/task:0/device:CPU:0,1.0,0.001
_arg_KctRXxSQYV_0_328,Placeholder,/job:localhost/replica:0/task:0/device:CPU:0,1.0,0.001
_arg_HUx93JWEju_0_263,Placeholder,/job:localhost/replica:0/task:0/device:CPU:0,1.0,0.001
_arg_LHUKacgu06_0_340,Placeholder,/job:localhost/replica:0/task:0/device:CPU:0,1.0,0.001
_arg_ITJ6DPCm2X_0_280,Placeholder,/job:localhost/replica:0/task:0/device:CPU:0,1.0,0.001
_arg_IiTDVQ3OXU_0_286,Placeholder,/job:localhost/replica:0/task:0/device:CPU:0,1.0,0.001
_arg_IxEFuUBoO5_0_289,Placeholder,/job:localhost/replica:0/task:0/device:CPU:0,1.0,0.001
_arg_J9CVtTpxzm_0_296,Placeholder,/job:localhost/replica:0/task:0/device:CPU:0,1.0,0.001
_arg_JOjcSiNXZG_0_301,Placeholder,/job:localhost/replica:0/task:0/device:CPU:0,1.0,0.001
_arg_Jont740QX6_0_312,Placeholder,/job:localhost/replica:0/task:0/device:CPU:0,1.0,0.001
_arg_GZhSQHoyIc_0_244,Placeholder,/job:localhost/replica:0/task:0/device:CPU:0,1.0,0.001
_arg_HXUJAjrS8i_0_264,Placeholder,/job:localhost/replica:0/task:0/device:CPU:0,1.0,0.001
_arg_LIa9uvixMS_0_341,Placeholder,/job:localhost/replica:0/task:0/device:CPU:0,1.0,0.001
_arg_Lovt0prmcB_0_352,Placeholder,/job:localhost/replica:0/task:0/device:CPU:0,1.0,0.001
_arg_IjY8phPZbD_0_287,Placeholder,/job:localhost/replica:0/task:0/device:CPU:0,1.0,0.001
_arg_JgCeTHzBvf_0_307,Placeholder,/job:localhost/replica:0/task:0/device:CPU:0,1.0,0.001
_arg_Jks0z3WtZ4_0_310,Placeholder,/job:localhost/replica:0/task:0/device:CPU:0,1.0,0.001
_arg_JvTatsSWwl_0_313,Placeholder,/job:localhost/replica:0/task:0/device:CPU:0,1.0,0.001
_arg_KYxBlF9M4J_0_324,Placeholder,/job:localhost/replica:0/task:0/device:CPU:0,1.0,0.001
_arg_KlBP7A2Nd1_0_333,Placeholder,/job:localhost/replica:0/task:0/device:CPU:0,1.0,0.001
_arg_LUVfjdasTH_0_345,Placeholder,/job:localhost/replica:0/task:0/device:CPU:0,1.0,0.001
_arg_LmXgOnJ48w_0_349,Placeholder,/job:localhost/replica:0/task:0/device:CPU:0,1.0,0.001
_arg_LzZwKxkjrT_0_355,Placeholder,/job:localhost/replica:0/task:0/device:CPU:0,1.0,0.001
_arg_J0kGxfmRAX_0_291,Placeholder,/job:localhost/replica:0/task:0/device:CPU:0,1.0,0.001
_arg_JUXHoeK3F6_0_303,Placeholder,/job:localhost/replica:0/task:0/device:CPU:0,1.0,0.001
_arg_JvaIUphrN5_0_314,Placeholder,/job:localhost/replica:0/task:0/device:CPU:0,1.0,0.001
_arg_KNI6SHXsjP_0_321,Placeholder,/job:localhost/replica:0/task:0/device:CPU:0,1.0,0.001
_arg_KjQXI79gV8_0_331,Placeholder,/job:localhost/replica:0/task:0/device:CPU:0,1.0,0.001
_arg_KuL6JnfiHC_0_334,Placeholder,/job:localhost/replica:0/task:0/device:CPU:0,1.0,0.001
_arg_L31rnJu5aK_0_337,Placeholder,/job:localhost/replica:0/task:0/device:CPU:0,1.0,0.001
_arg_MJeY2X3TSW_0_360,Placeholder,/job:localhost/replica:0/task:0/device:CPU:0,1.0,0.001
_arg_NGzMkVZonc_0_375,Placeholder,/job:localhost/replica:0/task:0/device:CPU:0,1.0,0.001
_arg_JKUErgRPbL_0_299,Placeholder,/job:localhost/replica:0/task:0/device:CPU:0,1.0,0.001
_arg_OFJ6f9TRuU_0_394,Placeholder,/job:localhost/replica:0/task:0/device:CPU:0,1.0,0.001
_arg_K8q7oZSXVj_0_318,Placeholder,/job:localhost/replica:0/task:0/device:CPU:0,1.0,0.001
_arg_L5VodrCeaz_0_338,Placeholder,/job:localhost/replica:0/task:0/device:CPU:0,1.0,0.001
_arg_Nagq7dikKY_0_378,Placeholder,/job:localhost/replica:0/task:0/device:CPU:0,1.0,0.001
_arg_KURN4gJt1r_0_323,Placeholder,/job:localhost/replica:0/task:0/device:CPU:0,1.0,0.001
_arg_0HZzeElK9A_0_2,Placeholder,/job:localhost/replica:0/task:0/device:CPU:0,1.0,0.001
_arg_0V6DYc2AEx_0_5,Placeholder,/job:localhost/replica:0/task:0/device:CPU:0,1.0,0.001
_arg_0gprBXiu7c_0_8,Placeholder,/job:localhost/replica:0/task:0/device:CPU:0,1.0,0.001
_arg_0hJT3WOLbo_0_9,Placeholder,/job:localhost/replica:0/task:0/device:CPU:0,1.0,0.001
_arg_1R63kvSwm9_0_24,Placeholder,/job:localhost/replica:0/task:0/device:CPU:0,1.0,0.001
_arg_1tlTFqIdxw_0_29,Placeholder,/job:localhost/replica:0/task:0/device:CPU:0,1.0,0.001
_arg_2IdUoiEzKw_0_35,Placeholder,/job:localhost/replica:0/task:0/device:CPU:0,1.0,0.001
_arg_2LBpmYaDS3_0_36,Placeholder,/job:localhost/replica:0/task:0/device:CPU:0,1.0,0.001
_arg_2NVJu9cCB1_0_37,Placeholder,/job:localhost/replica:0/task:0/device:CPU:0,1.0,0.001
_arg_2pxUSfhkgi_0_46,Placeholder,/job:localhost/replica:0/task:0/device:CPU:0,1.0,0.001
_arg_2AMt3GCJLF_0_33,Placeholder,/job:localhost/replica:0/task:0/device:CPU:0,1.0,0.001
_arg_1DJ0potFmI_0_20,Placeholder,/job:localhost/replica:0/task:0/device:CPU:0,1.0,0.001
_arg_0XamB7kbJw_0_6,Placeholder,/job:localhost/replica:0/task:0/device:CPU:0,1.0,0.001
_arg_15ocHfk3A7_0_17,Placeholder,/job:localhost/replica:0/task:0/device:CPU:0,1.0,0.001
_arg_0PDBcXevVZ_0_3,Placeholder,/job:localhost/replica:0/task:0/device:CPU:0,1.0,0.001
_arg_3tndgw4BkY_0_70,Placeholder,/job:localhost/replica:0/task:0/device:CPU:0,1.0,0.001
_arg_3YbICoLqz5_0_59,Placeholder,/job:localhost/replica:0/task:0/device:CPU:0,1.0,0.001
_arg_2igQ6eAFHJ_0_42,Placeholder,/job:localhost/replica:0/task:0/device:CPU:0,1.0,0.001
_arg_3UVPIrYBzZ_0_54,Placeholder,/job:localhost/replica:0/task:0/device:CPU:0,1.0,0.001
_arg_2YdOPM6ce5_0_38,Placeholder,/job:localhost/replica:0/task:0/device:CPU:0,1.0,0.001
_arg_2kx9aPulmJ_0_43,Placeholder,/job:localhost/replica:0/task:0/device:CPU:0,1.0,0.001
_arg_3C7US2iWsD_0_48,Placeholder,/job:localhost/replica:0/task:0/device:CPU:0,1.0,0.001
_arg_5YNFhoK3Ca_0_92,Placeholder,/job:localhost/replica:0/task:0/device:CPU:0,1.0,0.001
_arg_1H8Bbk3gY7_0_22,Placeholder,/job:localhost/replica:0/task:0/device:CPU:0,1.0,0.001
_arg_3h4YsvU0yZ_0_64,Placeholder,/job:localhost/replica:0/task:0/device:CPU:0,1.0,0.001
_arg_409EOAQVDv_0_72,Placeholder,/job:localhost/replica:0/task:0/device:CPU:0,1.0,0.001
_arg_4O5ISKiesQ_0_76,Placeholder,/job:localhost/replica:0/task:0/device:CPU:0,1.0,0.001
_arg_3YNf1Qmjc7_0_57,Placeholder,/job:localhost/replica:0/task:0/device:CPU:0,1.0,0.001
_arg_5af1Meg8WB_0_93,Placeholder,/job:localhost/replica:0/task:0/device:CPU:0,1.0,0.001
_arg_3hkd8Jtmwr_0_65,Placeholder,/job:localhost/replica:0/task:0/device:CPU:0,1.0,0.001
_arg_1jxaqyEBvH_0_26,Placeholder,/job:localhost/replica:0/task:0/device:CPU:0,1.0,0.001
_arg_6PawIlHMyN_0_104,Placeholder,/job:localhost/replica:0/task:0/device:CPU:0,1.0,0.001
_arg_2lUFaX9npv_0_44,Placeholder,/job:localhost/replica:0/task:0/device:CPU:0,1.0,0.001
_arg_0RrpteHYAl_0_4,Placeholder,/job:localhost/replica:0/task:0/device:CPU:0,1.0,0.001
_arg_0ribzS6mdJ_0_12,Placeholder,/job:localhost/replica:0/task:0/device:CPU:0,1.0,0.001
_arg_5yBDY1fqiz_0_100,Placeholder,/job:localhost/replica:0/task:0/device:CPU:0,1.0,0.001
_arg_6TEBuGrzJs_0_105,Placeholder,/job:localhost/replica:0/task:0/device:CPU:0,1.0,0.001
_arg_41ENBvq5SR_0_73,Placeholder,/job:localhost/replica:0/task:0/device:CPU:0,1.0,0.001
_arg_7CfcIK9wlL_0_113,Placeholder,/job:localhost/replica:0/task:0/device:CPU:0,1.0,0.001
_arg_2cgpL6Bqy3_0_39,Placeholder,/job:localhost/replica:0/task:0/device:CPU:0,1.0,0.001
_arg_5cIj9sefou_0_94,Placeholder,/job:localhost/replica:0/task:0/device:CPU:0,1.0,0.001
_arg_0lONKiAPGU_0_10,Placeholder,/job:localhost/replica:0/task:0/device:CPU:0,1.0,0.001
_arg_0sQiakHpXc_0_13,Placeholder,/job:localhost/replica:0/task:0/device:CPU:0,1.0,0.001
_arg_6aY49f2AOE_0_106,Placeholder,/job:localhost/replica:0/task:0/device:CPU:0,1.0,0.001
_arg_1nYNtZksXL_0_27,Placeholder,/job:localhost/replica:0/task:0/device:CPU:0,1.0,0.001
_arg_4VoA2FrGSk_0_80,Placeholder,/job:localhost/replica:0/task:0/device:CPU:0,1.0,0.001
_arg_2f3B7SgkmA_0_40,Placeholder,/job:localhost/replica:0/task:0/device:CPU:0,1.0,0.001
_arg_5ES1nWKgU7_0_89,Placeholder,/job:localhost/replica:0/task:0/device:CPU:0,1.0,0.001
ufrEUpHTFQ,Const,/job:localhost/replica:0/task:0/device:CPU:0,1.0,0.001
_arg_0fNen2EVkx_0_7,Placeholder,/job:localhost/replica:0/task:0/device:CPU:0,1.0,0.001
_arg_6wfRoIEUOJ_0_110,Placeholder,/job:localhost/replica:0/task:0/device:CPU:0,1.0,0.001
_arg_14GtkHPXKc_0_15,Placeholder,/job:localhost/replica:0/task:0/device:CPU:0,1.0,0.001
_arg_1qdwZ59Vb3_0_28,Placeholder,/job:localhost/replica:0/task:0/device:CPU:0,1.0,0.001
_arg_5CKTpmeDcj_0_87,Placeholder,/job:localhost/replica:0/task:0/device:CPU:0,1.0,0.001
_arg_2h5Wj7SDup_0_41,Placeholder,/job:localhost/replica:0/task:0/device:CPU:0,1.0,0.001
_arg_5iZjmFrcHo_0_95,Placeholder,/job:localhost/replica:0/task:0/device:CPU:0,1.0,0.001
_arg_5jkcwintlR_0_96,Placeholder,/job:localhost/replica:0/task:0/device:CPU:0,1.0,0.001
_arg_6g1KzWHYJx_0_107,Placeholder,/job:localhost/replica:0/task:0/device:CPU:0,1.0,0.001
_arg_oFBXA18thD_0_801,Placeholder,/job:localhost/replica:0/task:0/device:CPU:0,1.0,0.001
_arg_lBfwuQ8nzS_0_761,Placeholder,/job:localhost/replica:0/task:0/device:CPU:0,1.0,0.001
_arg_5liHaDGNtT_0_97,Placeholder,/job:localhost/replica:0/task:0/device:CPU:0,1.0,0.001
_arg_kLuRq6IBG4_0_750,Placeholder,/job:localhost/replica:0/task:0/device:CPU:0,1.0,0.001
_arg_kUQG3SqpCE_0_754,Placeholder,/job:localhost/replica:0/task:0/device:CPU:0,1.0,0.001
_arg_kzlOpry7Db_0_758,Placeholder,/job:localhost/replica:0/task:0/device:CPU:0,1.0,0.001
_arg_lBx1VpktX3_0_762,Placeholder,/job:localhost/replica:0/task:0/device:CPU:0,1.0,0.001
_arg_4pGjywgFbS_0_84,Placeholder,/job:localhost/replica:0/task:0/device:CPU:0,1.0,0.001
_arg_5DgyxMruCq_0_88,Placeholder,/job:localhost/replica:0/task:0/device:CPU:0,1.0,0.001
_arg_2Ej9ehqdGz_0_34,Placeholder,/job:localhost/replica:0/task:0/device:CPU:0,1.0,0.001
_arg_5nQe6EZpcr_0_98,Placeholder,/job:localhost/replica:0/task:0/device:CPU:0,1.0,0.001
_arg_oAF8tx6a3G_0_798,Placeholder,/job:localhost/replica:0/task:0/device:CPU:0,1.0,0.001
_arg_kJTXGBawuA_0_748,Placeholder,/job:localhost/replica:0/task:0/device:CPU:0,1.0,0.001
_arg_0CKcwRxnX3_0_1,Placeholder,/job:localhost/replica:0/task:0/device:CPU:0,1.0,0.001
_arg_l2QFdmRAcx_0_759,Placeholder,/job:localhost/replica:0/task:0/device:CPU:0,1.0,0.001
_arg_lG5B0WSCy6_0_763,Placeholder,/job:localhost/replica:0/task:0/device:CPU:0,1.0,0.001
_arg_lbnj8qJCGu_0_766,Placeholder,/job:localhost/replica:0/task:0/device:CPU:0,1.0,0.001
_arg_lj6OVnXrH3_0_769,Placeholder,/job:localhost/replica:0/task:0/device:CPU:0,1.0,0.001
_arg_lxjMduPhqi_0_773,Placeholder,/job:localhost/replica:0/task:0/device:CPU:0,1.0,0.001
_arg_1wum0DClPq_0_30,Placeholder,/job:localhost/replica:0/task:0/device:CPU:0,1.0,0.001
_arg_5wqIfQps2l_0_99,Placeholder,/job:localhost/replica:0/task:0/device:CPU:0,1.0,0.001
_arg_nwjQ3fWmSX_0_795,Placeholder,/job:localhost/replica:0/task:0/device:CPU:0,1.0,0.001
_arg_oCqPRv5hba_0_799,Placeholder,/job:localhost/replica:0/task:0/device:CPU:0,1.0,0.001
_arg_7DTwaZsNtP_0_114,Placeholder,/job:localhost/replica:0/task:0/device:CPU:0,1.0,0.001
_arg_7GQyZvzeft_0_116,Placeholder,/job:localhost/replica:0/task:0/device:CPU:0,1.0,0.001
_arg_7WLb0kevsG_0_118,Placeholder,/job:localhost/replica:0/task:0/device:CPU:0,1.0,0.001
_arg_7JU1GLx5EX_0_117,Placeholder,/job:localhost/replica:0/task:0/device:CPU:0,1.0,0.001
_arg_7ZFbo5fIE3_0_119,Placeholder,/job:localhost/replica:0/task:0/device:CPU:0,1.0,0.001
_arg_7nywVkSKAI_0_122,Placeholder,/job:localhost/replica:0/task:0/device:CPU:0,1.0,0.001
_arg_8F2Bt0LVWm_0_126,Placeholder,/job:localhost/replica:0/task:0/device:CPU:0,1.0,0.001
_arg_7tmiOdPTbs_0_123,Placeholder,/job:localhost/replica:0/task:0/device:CPU:0,1.0,0.001
_arg_7n5jNWfFJP_0_121,Placeholder,/job:localhost/replica:0/task:0/device:CPU:0,1.0,0.001
_arg_7waupGCsH6_0_124,Placeholder,/job:localhost/replica:0/task:0/device:CPU:0,1.0,0.001
_arg_8MZyWUiEJ3_0_128,Placeholder,/job:localhost/replica:0/task:0/device:CPU:0,1.0,0.001
_arg_8XIayuE0cS_0_131,Placeholder,/job:localhost/replica:0/task:0/device:CPU:0,1.0,0.001
_arg_8omhv0gJfn_0_134,Placeholder,/job:localhost/replica:0/task:0/device:CPU:0,1.0,0.001
_arg_9CmAphOdR0_0_138,Placeholder,/job:localhost/replica:0/task:0/device:CPU:0,1.0,0.001
_arg_8DBJn4bCOx_0_125,Placeholder,/job:localhost/replica:0/task:0/device:CPU:0,1.0,0.001
_arg_8YsrqS7Qgd_0_132,Placeholder,/job:localhost/replica:0/task:0/device:CPU:0,1.0,0.001
_arg_8vCGhOHU2K_0_135,Placeholder,/job:localhost/replica:0/task:0/device:CPU:0,1.0,0.001
_arg_EQJNn3KtBp_0_204,Placeholder,/job:localhost/replica:0/task:0/device:CPU:0,1.0,0.001
_arg_9m5FCXHSda_0_147,Placeholder,/job:localhost/replica:0/task:0/device:CPU:0,1.0,0.001
_arg_8O2xqzF63i_0_129,Placeholder,/job:localhost/replica:0/task:0/device:CPU:0,1.0,0.001
_arg_8oFPX9OZ5L_0_133,Placeholder,/job:localhost/replica:0/task:0/device:CPU:0,1.0,0.001
_arg_96d152i3HU_0_136,Placeholder,/job:localhost/replica:0/task:0/device:CPU:0,1.0,0.001
_arg_FRJPj9oHgd_0_227,Placeholder,/job:localhost/replica:0/task:0/device:CPU:0,1.0,0.001
_arg_Fk3RerUGQ2_0_235,Placeholder,/job:localhost/replica:0/task:0/device:CPU:0,1.0,0.001
_arg_FSaMh5rovA_0_228,Placeholder,/job:localhost/replica:0/task:0/device:CPU:0,1.0,0.001
_arg_Aj8eWLCUaB_0_158,Placeholder,/job:localhost/replica:0/task:0/device:CPU:0,1.0,0.001
_arg_GC57nyxMNB_0_240,Placeholder,/job:localhost/replica:0/task:0/device:CPU:0,1.0,0.001
_arg_9VQj7IynsT_0_143,Placeholder,/job:localhost/replica:0/task:0/device:CPU:0,1.0,0.001
_arg_A1RPGgp09o_0_150,Placeholder,/job:localhost/replica:0/task:0/device:CPU:0,1.0,0.001
_arg_AZt40PzO3F_0_155,Placeholder,/job:localhost/replica:0/task:0/device:CPU:0,1.0,0.001
_arg_B84Ojc7FwW_0_163,Placeholder,/job:localhost/replica:0/task:0/device:CPU:0,1.0,0.001
_arg_BIgKNWkTSt_0_166,Placeholder,/job:localhost/replica:0/task:0/device:CPU:0,1.0,0.001
_arg_98PUN6sX4i_0_137,Placeholder,/job:localhost/replica:0/task:0/device:CPU:0,1.0,0.001
_arg_9IawKHBMGD_0_141,Placeholder,/job:localhost/replica:0/task:0/device:CPU:0,1.0,0.001
_arg_9Waf0ZCyuv_0_144,Placeholder,/job:localhost/replica:0/task:0/device:CPU:0,1.0,0.001
_arg_A19Xm52qg4_0_149,Placeholder,/job:localhost/replica:0/task:0/device:CPU:0,1.0,0.001
_arg_AangNhvQMY_0_156,Placeholder,/job:localhost/replica:0/task:0/device:CPU:0,1.0,0.001
_arg_Ba3IKOs7vf_0_167,Placeholder,/job:localhost/replica:0/task:0/device:CPU:0,1.0,0.001
_arg_CA9oHB3Dni_0_174,Placeholder,/job:localhost/replica:0/task:0/device:CPU:0,1.0,0.001
_arg_CHVGuqR08A_0_178,Placeholder,/job:localhost/replica:0/task:0/device:CPU:0,1.0,0.001
_arg_CqSbJHgFxn_0_185,Placeholder,/job:localhost/replica:0/task:0/device:CPU:0,1.0,0.001
_arg_A7fa0RM8Zi_0_152,Placeholder,/job:localhost/replica:0/task:0/device:CPU:0,1.0,0.001
_arg_AhoLuOc7BF_0_157,Placeholder,/job:localhost/replica:0/task:0/device:CPU:0,1.0,0.001
_arg_BCa12MspOU_0_165,Placeholder,/job:localhost/replica:0/task:0/device:CPU:0,1.0,0.001
_arg_BcURMfPGVn_0_168,Placeholder,/job:localhost/replica:0/task:0/device:CPU:0,1.0,0.001
_arg_Bp4KMj7GV6_0_171,Placeholder,/job:localhost/replica:0/task:0/device:CPU:0,1.0,0.001
_arg_COU8oFEqwV_0_181,Placeholder,/job:localhost/replica:0/task:0/device:CPU:0,1.0,0.001
_arg_AQcTHNhSUw_0_153,Placeholder,/job:localhost/replica:0/task:0/device:CPU:0,1.0,0.001
_arg_DvfO7Y49PJ_0_197,Placeholder,/job:localhost/replica:0/task:0/device:CPU:0,1.0,0.001
_arg_EBFvJbs9ir_0_201,Placeholder,/job:localhost/replica:0/task:0/device:CPU:0,1.0,0.001
_arg_CJzFIkKLQu_0_180,Placeholder,/job:localhost/replica:0/task:0/device:CPU:0,1.0,0.001
_arg_CVSLsrcjHU_0_182,Placeholder,/job:localhost/replica:0/task:0/device:CPU:0,1.0,0.001
_arg_DL7fVxk5zX_0_190,Placeholder,/job:localhost/replica:0/task:0/device:CPU:0,1.0,0.001
_arg_DgIR4waVLT_0_193,Placeholder,/job:localhost/replica:0/task:0/device:CPU:0,1.0,0.001
_arg_E3mOutPRfU_0_198,Placeholder,/job:localhost/replica:0/task:0/device:CPU:0,1.0,0.001
_arg_EJGHRVU36C_0_202,Placeholder,/job:localhost/replica:0/task:0/device:CPU:0,1.0,0.001
_arg_EVcHSqg1dp_0_206,Placeholder,/job:localhost/replica:0/task:0/device:CPU:0,1.0,0.001
_arg_Es9lFOByno_0_213,Placeholder,/job:localhost/replica:0/task:0/device:CPU:0,1.0,0.001
_arg_C1BS0WoQjG_0_173,Placeholder,/job:localhost/replica:0/task:0/device:CPU:0,1.0,0.001
_arg_CHEnjf4JcD_0_177,Placeholder,/job:localhost/replica:0/task:0/device:CPU:0,1.0,0.001
_arg_CkYcLWjB4J_0_183,Placeholder,/job:localhost/replica:0/task:0/device:CPU:0,1.0,0.001
_arg_DiU2tx6raJ_0_194,Placeholder,/job:localhost/replica:0/task:0/device:CPU:0,1.0,0.001
_arg_E7ecklGDfN_0_199,Placeholder,/job:localhost/replica:0/task:0/device:CPU:0,1.0,0.001
_arg_EXyBTqKlHZ_0_207,Placeholder,/job:localhost/replica:0/task:0/device:CPU:0,1.0,0.001
_arg_F7CzkfyeKI_0_214,Placeholder,/job:localhost/replica:0/task:0/device:CPU:0,1.0,0.001
_arg_FRA7BaETbO_0_226,Placeholder,/job:localhost/replica:0/task:0/device:CPU:0,1.0,0.001
_arg_FSwsQEnWiN_0_229,Placeholder,/job:localhost/replica:0/task:0/device:CPU:0,1.0,0.001
_arg_CnEQeIOd3q_0_184,Placeholder,/job:localhost/replica:0/task:0/device:CPU:0,1.0,0.001
_arg_Dibk6fZ2qI_0_195,Placeholder,/job:localhost/replica:0/task:0/device:CPU:0,1.0,0.001
_arg_EBCOcwbtD0_0_200,Placeholder,/job:localhost/replica:0/task:0/device:CPU:0,1.0,0.001
_arg_knB6j8ybc3_0_755,Placeholder,/job:localhost/replica:0/task:0/device:CPU:0,1.0,0.001
_arg_EZMBNid1Pc_0_208,Placeholder,/job:localhost/replica:0/task:0/device:CPU:0,1.0,0.001
_arg_El4iGHoDOZ_0_211,Placeholder,/job:localhost/replica:0/task:0/device:CPU:0,1.0,0.001
_arg_FA1ZdhOmpM_0_215,Placeholder,/job:localhost/replica:0/task:0/device:CPU:0,1.0,0.001
_arg_FGhJ4xUvLW_0_218,Placeholder,/job:localhost/replica:0/task:0/device:CPU:0,1.0,0.001
_arg_FLe8TzKl79_0_222,Placeholder,/job:localhost/replica:0/task:0/device:CPU:0,1.0,0.001
_arg_nL0lsVFrhm_0_790,Placeholder,/job:localhost/replica:0/task:0/device:CPU:0,1.0,0.001
_arg_GDugT9HI6j_0_241,Placeholder,/job:localhost/replica:0/task:0/device:CPU:0,1.0,0.001
_arg_oQEDtFklaR_0_805,Placeholder,/job:localhost/replica:0/task:0/device:CPU:0,1.0,0.001
_arg_oZTmWtFygd_0_809,Placeholder,/job:localhost/replica:0/task:0/device:CPU:0,1.0,0.001
_arg_ot1nNTaKBv_0_813,Placeholder,/job:localhost/replica:0/task:0/device:CPU:0,1.0,0.001
_arg_EnzLV7GY2q_0_212,Placeholder,/job:localhost/replica:0/task:0/device:CPU:0,1.0,0.001
_arg_FIk8G2DHtl_0_219,Placeholder,/job:localhost/replica:0/task:0/device:CPU:0,1.0,0.001
_arg_FMK8dyrORq_0_223,Placeholder,/job:localhost/replica:0/task:0/device:CPU:0,1.0,0.001
_arg_kKAOxJ9rqY_0_749,Placeholder,/job:localhost/replica:0/task:0/device:CPU:0,1.0,0.001
_arg_kM2dCEgqaA_0_751,Placeholder,/job:localhost/replica:0/task:0/device:CPU:0,1.0,0.001
_arg_knloIc2fSy_0_756,Placeholder,/job:localhost/replica:0/task:0/device:CPU:0,1.0,0.001
_arg_l31idZRBVI_0_760,Placeholder,/job:localhost/replica:0/task:0/device:CPU:0,1.0,0.001
_arg_lc3zkUM87X_0_767,Placeholder,/job:localhost/replica:0/task:0/device:CPU:0,1.0,0.001
_arg_lnUxAK7p8H_0_770,Placeholder,/job:localhost/replica:0/task:0/device:CPU:0,1.0,0.001
_arg_m2ETJo4P1L_0_774,Placeholder,/job:localhost/replica:0/task:0/device:CPU:0,1.0,0.001
_arg_mkiuLZctgI_0_780,Placeholder,/job:localhost/replica:0/task:0/device:CPU:0,1.0,0.001
_arg_mq8oWzKxOa_0_782,Placeholder,/job:localhost/replica:0/task:0/device:CPU:0,1.0,0.001
_arg_n17NXZt6Ff_0_785,Placeholder,/job:localhost/replica:0/task:0/device:CPU:0,1.0,0.001
_arg_nYhTaZ5BPq_0_791,Placeholder,/job:localhost/replica:0/task:0/device:CPU:0,1.0,0.001
_arg_FJoE92wbj0_0_220,Placeholder,/job:localhost/replica:0/task:0/device:CPU:0,1.0,0.001
_arg_oK3LvcO7Xq_0_802,Placeholder,/job:localhost/replica:0/task:0/device:CPU:0,1.0,0.001
_arg_oU0E5qg7Dd_0_806,Placeholder,/job:localhost/replica:0/task:0/device:CPU:0,1.0,0.001
_arg_ocNiQBkzXH_0_810,Placeholder,/job:localhost/replica:0/task:0/device:CPU:0,1.0,0.001
_arg_pKqZMI3xFJ_0_817,Placeholder,/job:localhost/replica:0/task:0/device:CPU:0,1.0,0.001
_arg_ps9f02Byti_0_824,Placeholder,/job:localhost/replica:0/task:0/device:CPU:0,1.0,0.001
_arg_qF18jCYBNZ_0_828,Placeholder,/job:localhost/replica:0/task:0/device:CPU:0,1.0,0.001
_arg_qSTwtkd9RY_0_832,Placeholder,/job:localhost/replica:0/task:0/device:CPU:0,1.0,0.001
_arg_qhEKQa5S82_0_836,Placeholder,/job:localhost/replica:0/task:0/device:CPU:0,1.0,0.001
_arg_s8gjVZnhLO_0_852,Placeholder,/job:localhost/replica:0/task:0/device:CPU:0,1.0,0.001
_arg_lfIkpDLK0a_0_768,Placeholder,/job:localhost/replica:0/task:0/device:CPU:0,1.0,0.001
_arg_loPZG6wpdi_0_771,Placeholder,/job:localhost/replica:0/task:0/device:CPU:0,1.0,0.001
_arg_m5Eijvrkd3_0_775,Placeholder,/job:localhost/replica:0/task:0/device:CPU:0,1.0,0.001
_arg_tOBaU9jRG8_0_867,Placeholder,/job:localhost/replica:0/task:0/device:CPU:0,1.0,0.001
_arg_n4EzDhO1Al_0_786,Placeholder,/job:localhost/replica:0/task:0/device:CPU:0,1.0,0.001
_arg_oLfYA3GFnS_0_803,Placeholder,/job:localhost/replica:0/task:0/device:CPU:0,1.0,0.001
_arg_pC3QnAho2e_0_815,Placeholder,/job:localhost/replica:0/task:0/device:CPU:0,1.0,0.001
_arg_pQcuSsnR6P_0_818,Placeholder,/job:localhost/replica:0/task:0/device:CPU:0,1.0,0.001
_arg_pi4yfTFDOZ_0_822,Placeholder,/job:localhost/replica:0/task:0/device:CPU:0,1.0,0.001
_arg_q1EXLeB8QC_0_825,Placeholder,/job:localhost/replica:0/task:0/device:CPU:0,1.0,0.001
_arg_qIieFWQfmu_0_829,Placeholder,/job:localhost/replica:0/task:0/device:CPU:0,1.0,0.001
_arg_qUv3bMFDap_0_833,Placeholder,/job:localhost/replica:0/task:0/device:CPU:0,1.0,0.001
_arg_qlb6mMA9Y1_0_837,Placeholder,/job:localhost/replica:0/task:0/device:CPU:0,1.0,0.001
_arg_kT2ErKHqSV_0_753,Placeholder,/job:localhost/replica:0/task:0/device:CPU:0,1.0,0.001
_arg_rtNsn9UMpX_0_849,Placeholder,/job:localhost/replica:0/task:0/device:CPU:0,1.0,0.001
_arg_sIxltMQfkm_0_853,Placeholder,/job:localhost/replica:0/task:0/device:CPU:0,1.0,0.001
_arg_sWg7vV4txf_0_856,Placeholder,/job:localhost/replica:0/task:0/device:CPU:0,1.0,0.001
_arg_lwOmtP1zc9_0_772,Placeholder,/job:localhost/replica:0/task:0/device:CPU:0,1.0,0.001
_arg_m8p9YUStoC_0_776,Placeholder,/job:localhost/replica:0/task:0/device:CPU:0,1.0,0.001
_arg_tYRB2GJkmd_0_871,Placeholder,/job:localhost/replica:0/task:0/device:CPU:0,1.0,0.001
_arg_n6zIOHC3Z5_0_787,Placeholder,/job:localhost/replica:0/task:0/device:CPU:0,1.0,0.001
_arg_oNZe2zgOGE_0_804,Placeholder,/job:localhost/replica:0/task:0/device:CPU:0,1.0,0.001
_arg_of1JQ9C4j0_0_812,Placeholder,/job:localhost/replica:0/task:0/device:CPU:0,1.0,0.001
_arg_pIXZEbHC1O_0_816,Placeholder,/job:localhost/replica:0/task:0/device:CPU:0,1.0,0.001
_arg_pVvEDP2sTa_0_819,Placeholder,/job:localhost/replica:0/task:0/device:CPU:0,1.0,0.001
_arg_q4VhmMBpyS_0_826,Placeholder,/job:localhost/replica:0/task:0/device:CPU:0,1.0,0.001
_arg_qKXchmVwju_0_830,Placeholder,/job:localhost/replica:0/task:0/device:CPU:0,1.0,0.001
_arg_qaWmwVsT8B_0_834,Placeholder,/job:localhost/replica:0/task:0/device:CPU:0,1.0,0.001
_arg_qpdnvtUAc7_0_838,Placeholder,/job:localhost/replica:0/task:0/device:CPU:0,1.0,0.001
_arg_rLU6AkoX2Q_0_841,Placeholder,/job:localhost/replica:0/task:0/device:CPU:0,1.0,0.001
_arg_rkCB4PtNVp_0_845,Placeholder,/job:localhost/replica:0/task:0/device:CPU:0,1.0,0.001
_arg_sMuFD6J15a_0_854,Placeholder,/job:localhost/replica:0/task:0/device:CPU:0,1.0,0.001
_arg_sWykQFX5uP_0_857,Placeholder,/job:localhost/replica:0/task:0/device:CPU:0,1.0,0.001
_arg_tPU3L1nSAs_0_868,Placeholder,/job:localhost/replica:0/task:0/device:CPU:0,1.0,0.001
_arg_thVq9u604E_0_872,Placeholder,/job:localhost/replica:0/task:0/device:CPU:0,1.0,0.001
_arg_pZFedo1nzi_0_820,Placeholder,/job:localhost/replica:0/task:0/device:CPU:0,1.0,0.001
_arg_q6xuWgBn0H_0_827,Placeholder,/job:localhost/replica:0/task:0/device:CPU:0,1.0,0.001
_arg_qbnZt1P7MV_0_835,Placeholder,/job:localhost/replica:0/task:0/device:CPU:0,1.0,0.001
_arg_qzSNkARPrF_0_839,Placeholder,/job:localhost/replica:0/task:0/device:CPU:0,1.0,0.001
_arg_rMI5Y6Kx8f_0_842,Placeholder,/job:localhost/replica:0/task:0/device:CPU:0,1.0,0.001
_arg_rkz54XZaed_0_846,Placeholder,/job:localhost/replica:0/task:0/device:CPU:0,1.0,0.001
_arg_sOkWGFfCPj_0_855,Placeholder,/job:localhost/replica:0/task:0/device:CPU:0,1.0,0.001
_arg_sXZkVGU6M7_0_858,Placeholder,/job:localhost/replica:0/task:0/device:CPU:0,1.0,0.001
_arg_tGeCB2wmu6_0_865,Placeholder,/job:localhost/replica:0/task:0/device:CPU:0,1.0,0.001
_arg_thcjXI2e4E_0_873,Placeholder,/job:localhost/replica:0/task:0/device:CPU:0,1.0,0.001
_arg_revYdJHR8f_0_843,Placeholder,/job:localhost/replica:0/task:0/device:CPU:0,1.0,0.001
_arg_roO1dKtbaC_0_847,Placeholder,/job:localhost/replica:0/task:0/device:CPU:0,1.0,0.001
_arg_tCuzLI1qJP_0_863,Placeholder,/job:localhost/replica:0/task:0/device:CPU:0,1.0,0.001
_arg_tWKnycE9fa_0_870,Placeholder,/job:localhost/replica:0/task:0/device:CPU:0,1.0,0.001
_arg_tlfaLxkVqi_0_875,Placeholder,/job:localhost/replica:0/task:0/device:CPU:0,1.0,0.001
_arg_tmYv1LAOyF_0_876,Placeholder,/job:localhost/replica:0/task:0/device:CPU:0,1.0,0.001
_arg_u93Hx7OV1r_0_882,Placeholder,/job:localhost/replica:0/task:0/device:CPU:0,1.0,0.001
_arg_u4tZjSB9UQ_0_880,Placeholder,/job:localhost/replica:0/task:0/device:CPU:0,1.0,0.001
_arg_uDgTNYkibd_0_883,Placeholder,/job:localhost/replica:0/task:0/device:CPU:0,1.0,0.001
_arg_uOj4Fqmx79_0_886,Placeholder,/job:localhost/replica:0/task:0/device:CPU:0,1.0,0.001
_arg_ui2CfDw4Hq_0_890,Placeholder,/job:localhost/replica:0/task:0/device:CPU:0,1.0,0.001
_arg_u5emkA1l2G_0_881,Placeholder,/job:localhost/replica:0/task:0/device:CPU:0,1.0,0.001
_arg_uQb5Vvgn0M_0_887,Placeholder,/job:localhost/replica:0/task:0/device:CPU:0,1.0,0.001
_arg_umpd5sY1Gn_0_891,Placeholder,/job:localhost/replica:0/task:0/device:CPU:0,1.0,0.001
_arg_v2Pf0N1SBg_0_894,Placeholder,/job:localhost/replica:0/task:0/device:CPU:0,1.0,0.001
_arg_uKoknaUcHD_0_885,Placeholder,/job:localhost/replica:0/task:0/device:CPU:0,1.0,0.001
_arg_uXQGrHMTs5_0_888,Placeholder,/job:localhost/replica:0/task:0/device:CPU:0,1.0,0.001
_arg_unaIy2UZSm_0_892,Placeholder,/job:localhost/replica:0/task:0/device:CPU:0,1.0,0.001
_arg_v4R1IDzs3b_0_895,Placeholder,/job:localhost/replica:0/task:0/device:CPU:0,1.0,0.001
_arg_vI8UEGwQWg_0_898,Placeholder,/job:localhost/replica:0/task:0/device:CPU:0,1.0,0.001
_arg_vYMZKpTVFy_0_901,Placeholder,/job:localhost/replica:0/task:0/device:CPU:0,1.0,0.001
_arg_uhHtl2XUG4_0_889,Placeholder,/job:localhost/replica:0/task:0/device:CPU:0,1.0,0.001
_arg_v5FnTdRPx1_0_896,Placeholder,/job:localhost/replica:0/task:0/device:CPU:0,1.0,0.001
_arg_vIFh2p90nC_0_899,Placeholder,/job:localhost/replica:0/task:0/device:CPU:0,1.0,0.001
_arg_vf5qdk0UxC_0_902,Placeholder,/job:localhost/replica:0/task:0/device:CPU:0,1.0,0.001
_arg_wP0MHlKche_0_913,Placeholder,/job:localhost/replica:0/task:0/device:CPU:0,1.0,0.001
_arg_vgDlx4oBU6_0_903,Placeholder,/job:localhost/replica:0/task:0/device:CPU:0,1.0,0.001
_arg_USZ7Oy0Bf5_0_494,Placeholder,/job:localhost/replica:0/task:0/device:CPU:0,1.0,0.001
_arg_Un36eKL80R_0_495,Placeholder,/job:localhost/replica:0/task:0/device:CPU:0,1.0,0.001
_arg_VQ7TOudNyX_0_503,Placeholder,/job:localhost/replica:0/task:0/device:CPU:0,1.0,0.001
_arg_Vc3xjRYOT7_0_507,Placeholder,/job:localhost/replica:0/task:0/device:CPU:0,1.0,0.001
_arg_VptjJwnm1T_0_511,Placeholder,/job:localhost/replica:0/task:0/device:CPU:0,1.0,0.001
_arg_WFJ3gEmvc5_0_523,Placeholder,/job:localhost/replica:0/task:0/device:CPU:0,1.0,0.001
q97CI5jWTa,Switch,/job:localhost/replica:0/task:0/device:CPU:0,1.0,0.001
aFxcjsXtbV,Switch,/job:localhost/replica:0/task:0/device:CPU:0,1.0,0.001
_retval_PLJKcp4FHC_0_3,Neg,/job:localhost/replica:0/task:0/device:CPU:0,1.0,0.001
_retval_2grZqwfROo_0_0,Sub,/job:localhost/replica:0/task:0/device:CPU:0,1.0,0.001
_SOURCE,Unknown,/job:localhost/replica:0/task:0/device:GPU:0,0.0,0.0
_SOURCE,Unknown,/job:localhost/replica:0/task:0/device:CPU:0,0.0,0.0
_arg_XjQaweUthR_0_537,Placeholder,/job:localhost/replica:0/task:0/device:CPU:0,0.0,0.0
_arg_VrxlI7dmwL_0_512,Placeholder,/job:localhost/replica:0/task:0/device:CPU:0,0.0,0.0
_arg_XvT08nfIbA_0_545,Placeholder,/job:localhost/replica:0/task:0/device:CPU:0,0.0,0.0
_arg_XW9JwgECAo_0_532,Placeholder,/job:localhost/replica:0/task:0/device:CPU:0,0.0,0.0
_arg_XpWfVTLxJc_0_541,Placeholder,/job:localhost/replica:0/task:0/device:CPU:0,0.0,0.0
_arg_YUgVNJuIF9_0_549,Placeholder,/job:localhost/replica:0/task:0/device:CPU:0,0.0,0.0
_arg_XHyMlUBZVD_0_530,Placeholder,/job:localhost/replica:0/task:0/device:CPU:0,0.0,0.0
_arg_Z8Ble25qxL_0_563,Placeholder,/job:localhost/replica:0/task:0/device:CPU:0,0.0,0.0
_arg_a6URdpsTKv_0_578,Placeholder,/job:localhost/replica:0/task:0/device:CPU:0,0.0,0.0
_arg_dZq8Yu59wH_0_635,Placeholder,/job:localhost/replica:0/task:0/device:CPU:0,0.0,0.0
_arg_bcuoqRBvQA_0_597,Placeholder,/job:localhost/replica:0/task:0/device:CPU:0,0.0,0.0
_arg_ejqndp4C2W_0_651,Placeholder,/job:localhost/replica:0/task:0/device:CPU:0,0.0,0.0
_arg_jSpok6TblP_0_731,Placeholder,/job:localhost/replica:0/task:0/device:CPU:0,0.0,0.0
_arg_zuXdAvNHhB_0_965,Placeholder,/job:localhost/replica:0/task:0/device:CPU:0,0.0,0.0
_arg_yfFp4ZzV8m_0_952,Placeholder,/job:localhost/replica:0/task:0/device:CPU:0,0.0,0.0
_arg_xjyK9TW8Pb_0_936,Placeholder,/job:localhost/replica:0/task:0/device:CPU:0,0.0,0.0
_arg_LXjFwis9ET_0_347,Placeholder,/job:localhost/replica:0/task:0/device:CPU:0,0.0,0.0
_arg_MkVsKDtqL8_0_368,Placeholder,/job:localhost/replica:0/task:0/device:CPU:0,0.0,0.0
_arg_PcpHJOtGqe_0_414,Placeholder,/job:localhost/replica:0/task:0/device:CPU:0,0.0,0.0
_arg_Qms9IenXAo_0_433,Placeholder,/job:localhost/replica:0/task:0/device:CPU:0,0.0,0.0
_arg_OKWD6kNTMd_0_396,Placeholder,/job:localhost/replica:0/task:0/device:CPU:0,0.0,0.0
_arg_PvKZGp81sQ_0_419,Placeholder,/job:localhost/replica:0/task:0/device:CPU:0,0.0,0.0
_arg_TGoBp9YucA_0_468,Placeholder,/job:localhost/replica:0/task:0/device:CPU:0,0.0,0.0
_arg_TxFHEUhCbX_0_480,Placeholder,/job:localhost/replica:0/task:0/device:CPU:0,0.0,0.0
_arg_Tzv3g01cYl_0_482,Placeholder,/job:localhost/replica:0/task:0/device:CPU:0,0.0,0.0
_arg_SCAL9Zf3e1_0_451,Placeholder,/job:localhost/replica:0/task:0/device:CPU:0,0.0,0.0
_arg_SNmfKut6xE_0_455,Placeholder,/job:localhost/replica:0/task:0/device:CPU:0,0.0,0.0
_arg_TOfaMhvIGl_0_470,Placeholder,/job:localhost/replica:0/task:0/device:CPU:0,0.0,0.0
_arg_QVIKXkxFOT_0_427,Placeholder,/job:localhost/replica:0/task:0/device:CPU:0,0.0,0.0
_arg_U2QX9SgBwG_0_483,Placeholder,/job:localhost/replica:0/task:0/device:CPU:0,0.0,0.0
_arg_J3Vx61FoCd_0_292,Placeholder,/job:localhost/replica:0/task:0/device:CPU:0,0.0,0.0
_arg_HPebm3Ft1T_0_262,Placeholder,/job:localhost/replica:0/task:0/device:CPU:0,0.0,0.0
_arg_Ibu5TZcG1q_0_284,Placeholder,/job:localhost/replica:0/task:0/device:CPU:0,0.0,0.0
_arg_UOI0m3vilp_0_491,Placeholder,/job:localhost/replica:0/task:0/device:CPU:0,0.0,0.0
_arg_Gt30sFv84H_0_248,Placeholder,/job:localhost/replica:0/task:0/device:CPU:0,0.0,0.0
_arg_H597zAGUcD_0_252,Placeholder,/job:localhost/replica:0/task:0/device:CPU:0,0.0,0.0
_arg_IzJXZTwaQu_0_290,Placeholder,/job:localhost/replica:0/task:0/device:CPU:0,0.0,0.0
_arg_KzjnxOCZhN_0_336,Placeholder,/job:localhost/replica:0/task:0/device:CPU:0,0.0,0.0
_arg_MRFXoCjdB9_0_363,Placeholder,/job:localhost/replica:0/task:0/device:CPU:0,0.0,0.0
_arg_MvwnxT6Wkq_0_371,Placeholder,/job:localhost/replica:0/task:0/device:CPU:0,0.0,0.0
_arg_Kc5DEAmJI2_0_325,Placeholder,/job:localhost/replica:0/task:0/device:CPU:0,0.0,0.0
_arg_3gOtvzcU0y_0_62,Placeholder,/job:localhost/replica:0/task:0/device:CPU:0,0.0,0.0
_arg_1aqmoz7nri_0_25,Placeholder,/job:localhost/replica:0/task:0/device:CPU:0,0.0,0.0
_arg_3pXOMtyPvq_0_67,Placeholder,/job:localhost/replica:0/task:0/device:CPU:0,0.0,0.0
_arg_4ViX30MQvw_0_79,Placeholder,/job:localhost/replica:0/task:0/device:CPU:0,0.0,0.0
_arg_2lshItLoXB_0_45,Placeholder,/job:localhost/replica:0/task:0/device:CPU:0,0.0,0.0
_arg_176efWcyFM_0_18,Placeholder,/job:localhost/replica:0/task:0/device:CPU:0,0.0,0.0
_arg_73U6XjW2H5_0_111,Placeholder,/job:localhost/replica:0/task:0/device:CPU:0,0.0,0.0
_arg_6EXjrcMkh1_0_102,Placeholder,/job:localhost/replica:0/task:0/device:CPU:0,0.0,0.0
_arg_lV2EfXxtcM_0_765,Placeholder,/job:localhost/replica:0/task:0/device:CPU:0,0.0,0.0
_arg_6M8d2EwhzO_0_103,Placeholder,/job:localhost/replica:0/task:0/device:CPU:0,0.0,0.0
_arg_mUk746TFyD_0_778,Placeholder,/job:localhost/replica:0/task:0/device:CPU:0,0.0,0.0
_arg_7DYwLCciNO_0_115,Placeholder,/job:localhost/replica:0/task:0/device:CPU:0,0.0,0.0
_arg_7f93e6kcDZ_0_120,Placeholder,/job:localhost/replica:0/task:0/device:CPU:0,0.0,0.0
_arg_8FRgbEZKrt_0_127,Placeholder,/job:localhost/replica:0/task:0/device:CPU:0,0.0,0.0
_arg_9ZBdD6xIbK_0_146,Placeholder,/job:localhost/replica:0/task:0/device:CPU:0,0.0,0.0
_arg_9Czgx0yHlu_0_139,Placeholder,/job:localhost/replica:0/task:0/device:CPU:0,0.0,0.0
_arg_FXb5kWgICS_0_231,Placeholder,/job:localhost/replica:0/task:0/device:CPU:0,0.0,0.0
_arg_Ff4b1YvcDE_0_234,Placeholder,/job:localhost/replica:0/task:0/device:CPU:0,0.0,0.0
_arg_ASUXGRrW0y_0_154,Placeholder,/job:localhost/replica:0/task:0/device:CPU:0,0.0,0.0
_arg_9G1Ee4c8oX_0_140,Placeholder,/job:localhost/replica:0/task:0/device:CPU:0,0.0,0.0
_arg_A5eCyr7JS6_0_151,Placeholder,/job:localhost/replica:0/task:0/device:CPU:0,0.0,0.0
_arg_AnWK42LouY_0_160,Placeholder,/job:localhost/replica:0/task:0/device:CPU:0,0.0,0.0
_arg_B8KP9OLwlA_0_164,Placeholder,/job:localhost/replica:0/task:0/device:CPU:0,0.0,0.0
_arg_9XRNGbLVsc_0_145,Placeholder,/job:localhost/replica:0/task:0/device:CPU:0,0.0,0.0
_arg_B5RaQlwWbM_0_161,Placeholder,/job:localhost/replica:0/task:0/device:CPU:0,0.0,0.0
_arg_DHMhAe1xLZ_0_189,Placeholder,/job:localhost/replica:0/task:0/device:CPU:0,0.0,0.0
_arg_EeFfmVNgQT_0_209,Placeholder,/job:localhost/replica:0/task:0/device:CPU:0,0.0,0.0
_arg_D8qrfMtRV9_0_188,Placeholder,/job:localhost/replica:0/task:0/device:CPU:0,0.0,0.0
_arg_EQBlHKA3ng_0_203,Placeholder,/job:localhost/replica:0/task:0/device:CPU:0,0.0,0.0
_arg_FsdhEgmtL3_0_237,Placeholder,/job:localhost/replica:0/task:0/device:CPU:0,0.0,0.0
_arg_DOj27c4BU1_0_192,Placeholder,/job:localhost/replica:0/task:0/device:CPU:0,0.0,0.0
_arg_mcV081DBo5_0_779,Placeholder,/job:localhost/replica:0/task:0/device:CPU:0,0.0,0.0
_arg_FbcQTJdpXV_0_233,Placeholder,/job:localhost/replica:0/task:0/device:CPU:0,0.0,0.0
_arg_DmQgN4AR7T_0_196,Placeholder,/job:localhost/replica:0/task:0/device:CPU:0,0.0,0.0
_arg_FDo8t3IeE9_0_216,Placeholder,/job:localhost/replica:0/task:0/device:CPU:0,0.0,0.0
_arg_kQWaFy95is_0_752,Placeholder,/job:localhost/replica:0/task:0/device:CPU:0,0.0,0.0
_arg_nqEhUXQ8Sx_0_792,Placeholder,/job:localhost/replica:0/task:0/device:CPU:0,0.0,0.0
_arg_odRYyFNP8L_0_811,Placeholder,/job:localhost/replica:0/task:0/device:CPU:0,0.0,0.0
_arg_oVOlzf48qc_0_808,Placeholder,/job:localhost/replica:0/task:0/device:CPU:0,0.0,0.0
_arg_rwI8vRJuYg_0_850,Placeholder,/job:localhost/replica:0/task:0/device:CPU:0,0.0,0.0
_arg_t2bnTEiLoV_0_862,Placeholder,/job:localhost/replica:0/task:0/device:CPU:0,0.0,0.0
_arg_tTA5Vak1PD_0_869,Placeholder,/job:localhost/replica:0/task:0/device:CPU:0,0.0,0.0
_arg_tHGISeQvf3_0_866,Placeholder,/job:localhost/replica:0/task:0/device:CPU:0,0.0,0.0
_arg_tvy5d6ePhb_0_878,Placeholder,/job:localhost/replica:0/task:0/device:CPU:0,0.0,0.0
_arg_uEKpxycL0S_0_884,Placeholder,/job:localhost/replica:0/task:0/device:CPU:0,0.0,0.0
_arg_w60RMl5kKs_0_905,Placeholder,/job:localhost/replica:0/task:0/device:CPU:0,0.0,0.0
_arg_v1m2GgOfPe_0_893,Placeholder,/job:localhost/replica:0/task:0/device:CPU:0,0.0,0.0
_arg_w7gJeouv2O_0_906,Placeholder,/job:localhost/replica:0/task:0/device:CPU:0,0.0,0.0
_arg_WuLH3RTEcG_0_527,Placeholder,/job:localhost/replica:0/task:0/device:CPU:0,0.0,0.0
