node_name,op_type,device,time_us,time_ms
7FTwLhA5Qa,SplitV,/job:localhost/replica:0/task:0/device:GPU:0,4429.0,4.429
FnShOs3rlb,ConcatV2,/job:localhost/replica:0/task:0/device:GPU:0,1019.0,1.019
Nt0UubvYpm,Where,/job:localhost/replica:0/task:0/device:GPU:0,726.0,0.726
Sp0J7ZN93m,ConcatV2,/job:localhost/replica:0/task:0/device:GPU:0,714.0,0.714
4XKnuOhVbE,ConcatV2,/job:localhost/replica:0/task:0/device:GPU:0,503.0,0.503
4hjWyrRHb1,Where,/job:localhost/replica:0/task:0/device:GPU:0,367.0,0.367
ieZVQTX0Ib,Where,/job:localhost/replica:0/task:0/device:GPU:0,349.0,0.349
ZgBYaSW5cC,Where,/job:localhost/replica:0/task:0/device:GPU:0,345.0,0.345
psqZoARVzd,Where,/job:localhost/replica:0/task:0/device:GPU:0,311.0,0.311
Xpc2DHq1nB,Where,/job:localhost/replica:0/task:0/device:GPU:0,300.0,0.3
HOf5Pux4Ap,Where,/job:localhost/replica:0/task:0/device:GPU:0,281.0,0.281
q6MfHxbtrh,Where,/job:localhost/replica:0/task:0/device:GPU:0,268.0,0.268
MFfcV9OwNX,Where,/job:localhost/replica:0/task:0/device:GPU:0,264.0,0.264
1GH2C4TP57,Where,/job:localhost/replica:0/task:0/device:GPU:0,257.0,0.257
WIAqHnbuJ0,MatMul,/job:localhost/replica:0/task:0/device:GPU:0,226.0,0.226
I9bBlQnodR,MatMul,/job:localhost/replica:0/task:0/device:GPU:0,220.0,0.22
kIHUr1Eqle,Where,/job:localhost/replica:0/task:0/device:GPU:0,216.0,0.216
f4xlBZ0yMU,ConcatV2,/job:localhost/replica:0/task:0/device:GPU:0,216.0,0.216
vHUCB3kgA1,ConcatV2,/job:localhost/replica:0/task:0/device:GPU:0,185.0,0.185
gRSnKcPyfT,Where,/job:localhost/replica:0/task:0/device:GPU:0,178.0,0.178
jCFJ5Y1pen,Prod,/job:localhost/replica:0/task:0/device:GPU:0,171.0,0.171
siyHApILgY,ConcatV2,/job:localhost/replica:0/task:0/device:GPU:0,170.0,0.17
gQ2l4SXUfu,ConcatV2,/job:localhost/replica:0/task:0/device:GPU:0,167.0,0.167
J6DBpqxQ72,StridedSlice,/job:localhost/replica:0/task:0/device:GPU:0,154.0,0.154
jgq2RN3tMf,ConcatV2,/job:localhost/replica:0/task:0/device:GPU:0,153.0,0.153
_arg_4n7Lh5GaZg_0_135,Placeholder,/job:localhost/replica:0/task:0/device:CPU:0,152.0,0.152
0FCHDQMcNp,ConcatV2,/job:localhost/replica:0/task:0/device:GPU:0,151.0,0.151
rXBSnujkfq,ConcatV2,/job:localhost/replica:0/task:0/device:GPU:0,147.0,0.147
dEVrTOBUKs,ConcatV2,/job:localhost/replica:0/task:0/device:GPU:0,137.0,0.137
hzZBspCIQM,Tile,/job:localhost/replica:0/task:0/device:GPU:0,136.0,0.136
WsJQl7THk3,GatherV2,/job:localhost/replica:0/task:0/device:GPU:0,136.0,0.136
gMdv0h4OFb,Where,/job:localhost/replica:0/task:0/device:GPU:0,135.0,0.135
yQmoxWTzvV,ConcatV2,/job:localhost/replica:0/task:0/device:GPU:0,134.0,0.134
kiMK3BZWm6,ConcatV2,/job:localhost/replica:0/task:0/device:GPU:0,132.0,0.132
iWotTxOdGz,Where,/job:localhost/replica:0/task:0/device:GPU:0,130.0,0.13
H4Qrq1i3gy,BatchMatMulV2,/job:localhost/replica:0/task:0/device:GPU:0,129.0,0.129
3s1fuZyJGl,ConcatV2,/job:localhost/replica:0/task:0/device:GPU:0,127.0,0.127
gcZHbqMku7,Where,/job:localhost/replica:0/task:0/device:GPU:0,123.0,0.123
vr0l4ZOsNC,ConcatV2,/job:localhost/replica:0/task:0/device:GPU:0,120.0,0.12
iGfZQyCg9o,ConcatV2,/job:localhost/replica:0/task:0/device:GPU:0,120.0,0.12
BMn3gDuLxs,GatherV2,/job:localhost/replica:0/task:0/device:GPU:0,119.0,0.119
Lk9aW5fj6X,Cast,/job:localhost/replica:0/task:0/device:GPU:0,116.0,0.116
toeGKWXaQd,Equal,/job:localhost/replica:0/task:0/device:CPU:0,115.0,0.115
oPCnw2zxuH,GatherV2,/job:localhost/replica:0/task:0/device:GPU:0,115.0,0.115
HnpZbzI0AK,MatMul,/job:localhost/replica:0/task:0/device:GPU:0,113.0,0.113
sIyhO8aLHr,ConcatV2,/job:localhost/replica:0/task:0/device:GPU:0,111.0,0.111
nYev1Jw4Er,MatMul,/job:localhost/replica:0/task:0/device:GPU:0,108.0,0.108
ADOKeFf3rp,ConcatV2,/job:localhost/replica:0/task:0/device:GPU:0,107.0,0.107
xrLfITnB7M,ConcatV2,/job:localhost/replica:0/task:0/device:GPU:0,105.0,0.105
i1p5R6AzrZ,MatMul,/job:localhost/replica:0/task:0/device:GPU:0,105.0,0.105
qawneSWlJ0,ConcatV2,/job:localhost/replica:0/task:0/device:GPU:0,101.0,0.101
Dj8ORnAL1M,Mean,/job:localhost/replica:0/task:0/device:GPU:0,101.0,0.101
U2kayP5bJ3,ConcatV2,/job:localhost/replica:0/task:0/device:GPU:0,100.0,0.1
zpuG2gQZcw,Where,/job:localhost/replica:0/task:0/device:GPU:0,96.0,0.096
vf1R6gdyKH,ConcatV2,/job:localhost/replica:0/task:0/device:GPU:0,95.0,0.095
uZdPmoyLzq,ConcatV2,/job:localhost/replica:0/task:0/device:GPU:0,95.0,0.095
VTBExmMo4c,ConcatV2,/job:localhost/replica:0/task:0/device:GPU:0,94.0,0.094
tTMv4SUxNY,ConcatV2,/job:localhost/replica:0/task:0/device:GPU:0,94.0,0.094
3VCPRI2U8g,ConcatV2,/job:localhost/replica:0/task:0/device:GPU:0,93.0,0.093
PZ7rGBLKSd,ConcatV2,/job:localhost/replica:0/task:0/device:GPU:0,93.0,0.093
zPTpFotVba,ConcatV2,/job:localhost/replica:0/task:0/device:GPU:0,93.0,0.093
vW7CJ14rgH,MatMul,/job:localhost/replica:0/task:0/device:GPU:0,93.0,0.093
Gm56Zf7yBJ,GatherV2,/job:localhost/replica:0/task:0/device:GPU:0,92.0,0.092
XhoErm9kHz,MatMul,/job:localhost/replica:0/task:0/device:GPU:0,91.0,0.091
9SOuYmqHi5,ConcatV2,/job:localhost/replica:0/task:0/device:GPU:0,91.0,0.091
k4p89TYsLb,NotEqual,/job:localhost/replica:0/task:0/device:GPU:0,90.0,0.09
hngQojL1Zi,ConcatV2,/job:localhost/replica:0/task:0/device:GPU:0,88.0,0.088
7PxsJf6avn,BatchMatMulV2,/job:localhost/replica:0/task:0/device:GPU:0,88.0,0.088
VBxfr9HF6D,ConcatV2,/job:localhost/replica:0/task:0/device:GPU:0,87.0,0.087
8nGDPvAb07,ConcatV2,/job:localhost/replica:0/task:0/device:GPU:0,87.0,0.087
X9MeAgiQ85,ConcatV2,/job:localhost/replica:0/task:0/device:GPU:0,86.0,0.086
F5JouaA19m,AddN,/job:localhost/replica:0/task:0/device:GPU:0,85.0,0.085
Q9c4iIsHgF,Equal,/job:localhost/replica:0/task:0/device:GPU:0,84.0,0.084
eJyU1D0Wjp,StridedSlice,/job:localhost/replica:0/task:0/device:GPU:0,83.0,0.083
YLWORbjNuC,Mean,/job:localhost/replica:0/task:0/device:GPU:0,81.0,0.081
gNtZpwVTWi,GatherV2,/job:localhost/replica:0/task:0/device:GPU:0,81.0,0.081
Va5ts2gNwL,MatMul,/job:localhost/replica:0/task:0/device:GPU:0,80.0,0.08
T4qZS0shcX,ConcatV2,/job:localhost/replica:0/task:0/device:GPU:0,80.0,0.08
YV6ogUPZxG,ConcatV2,/job:localhost/replica:0/task:0/device:GPU:0,78.0,0.078
BeLKRsAbXJ,Slice,/job:localhost/replica:0/task:0/device:GPU:0,77.0,0.077
J1YcUwXfL0,BatchMatMulV2,/job:localhost/replica:0/task:0/device:GPU:0,77.0,0.077
0uLgxB7HEc,Const,/job:localhost/replica:0/task:0/device:CPU:0,75.0,0.075
G7jgiY56xR,ConcatV2,/job:localhost/replica:0/task:0/device:GPU:0,75.0,0.075
GeOv1ILpf7,AddV2,/job:localhost/replica:0/task:0/device:GPU:0,74.0,0.074
ygdHJxUSC7,ConcatV2,/job:localhost/replica:0/task:0/device:GPU:0,73.0,0.073
8UJPuXA4Cf,ConcatV2,/job:localhost/replica:0/task:0/device:GPU:0,72.0,0.072
toiRl231Qr,Mul,/job:localhost/replica:0/task:0/device:GPU:0,72.0,0.072
Z34NlPnoWj,MatMul,/job:localhost/replica:0/task:0/device:GPU:0,72.0,0.072
VQPWb7N5Hk,MatMul,/job:localhost/replica:0/task:0/device:GPU:0,72.0,0.072
bkHP5X4SRT,MatMul,/job:localhost/replica:0/task:0/device:GPU:0,71.0,0.071
rviNp5Oqls,MatMul,/job:localhost/replica:0/task:0/device:GPU:0,71.0,0.071
hPma0YdFvg,Fill,/job:localhost/replica:0/task:0/device:GPU:0,70.0,0.07
m9QDYV1K8L,MatMul,/job:localhost/replica:0/task:0/device:GPU:0,70.0,0.07
nt2yTdRINB,BatchMatMulV2,/job:localhost/replica:0/task:0/device:GPU:0,69.0,0.069
T6SCDothzB,ConcatV2,/job:localhost/replica:0/task:0/device:GPU:0,69.0,0.069
8Yh2XP4tVO,MatMul,/job:localhost/replica:0/task:0/device:GPU:0,68.0,0.068
Myc054fehR,MatMul,/job:localhost/replica:0/task:0/device:GPU:0,68.0,0.068
ep0K9txs3T,MatMul,/job:localhost/replica:0/task:0/device:GPU:0,67.0,0.067
iFJCuS29OI,ConcatV2,/job:localhost/replica:0/task:0/device:GPU:0,67.0,0.067
6pnxCS3FJq,MatMul,/job:localhost/replica:0/task:0/device:GPU:0,67.0,0.067
0knx1puayw,Prod,/job:localhost/replica:0/task:0/device:GPU:0,67.0,0.067
wefy74xms8,ConcatV2,/job:localhost/replica:0/task:0/device:GPU:0,67.0,0.067
aNo4TBrmuS,Mean,/job:localhost/replica:0/task:0/device:GPU:0,64.0,0.064
sHjGhA9Q85,ConcatV2,/job:localhost/replica:0/task:0/device:GPU:0,64.0,0.064
yerw6hj93f,LogicalOr,/job:localhost/replica:0/task:0/device:GPU:0,63.0,0.063
I6fgZAUoVL,ConcatV2,/job:localhost/replica:0/task:0/device:GPU:0,63.0,0.063
DE1a3xgR9q,ConcatV2,/job:localhost/replica:0/task:0/device:GPU:0,63.0,0.063
fI2EBFbcdV,MatMul,/job:localhost/replica:0/task:0/device:GPU:0,63.0,0.063
YutkiyAJE6,BatchMatMulV2,/job:localhost/replica:0/task:0/device:GPU:0,62.0,0.062
QqzbUd2McB,Equal,/job:localhost/replica:0/task:0/device:GPU:0,61.0,0.061
6SxuMWVwFb,Mean,/job:localhost/replica:0/task:0/device:GPU:0,61.0,0.061
0PuWY537xz,Prod,/job:localhost/replica:0/task:0/device:GPU:0,61.0,0.061
S4bAcKgy63,MatMul,/job:localhost/replica:0/task:0/device:GPU:0,60.0,0.06
A8EVh1RwCa,MatMul,/job:localhost/replica:0/task:0/device:GPU:0,60.0,0.06
Hv4eR1ra5D,BatchMatMulV2,/job:localhost/replica:0/task:0/device:GPU:0,60.0,0.06
FZg51Ru9wa,ConcatV2,/job:localhost/replica:0/task:0/device:GPU:0,60.0,0.06
nIbYwAOGd0,Mean,/job:localhost/replica:0/task:0/device:GPU:0,59.0,0.059
vGyZwOkhTo,MatMul,/job:localhost/replica:0/task:0/device:GPU:0,59.0,0.059
HLPcRBlyvC,ConcatV2,/job:localhost/replica:0/task:0/device:GPU:0,59.0,0.059
P7RlDXCqMH,Prod,/job:localhost/replica:0/task:0/device:GPU:0,59.0,0.059
FhSOEa4qHR,ConcatV2,/job:localhost/replica:0/task:0/device:GPU:0,58.0,0.058
I9lAfr1wgH,ConcatV2,/job:localhost/replica:0/task:0/device:GPU:0,58.0,0.058
n0uDgMjPkv,MatMul,/job:localhost/replica:0/task:0/device:GPU:0,58.0,0.058
J4vkDWrHmN,ConcatV2,/job:localhost/replica:0/task:0/device:GPU:0,57.0,0.057
EsZhdbpiMo,StridedSlice,/job:localhost/replica:0/task:0/device:GPU:0,56.0,0.056
Kc1YGzJ54O,Const,/job:localhost/replica:0/task:0/device:GPU:0,56.0,0.056
lFCwyabck7,MatMul,/job:localhost/replica:0/task:0/device:GPU:0,56.0,0.056
PfmWrCsJxh,ConcatV2,/job:localhost/replica:0/task:0/device:GPU:0,55.0,0.055
UL7EeJ9cTu,MatMul,/job:localhost/replica:0/task:0/device:GPU:0,55.0,0.055
9OQpPEwXx1,ConcatV2,/job:localhost/replica:0/task:0/device:GPU:0,55.0,0.055
ReqFWImC0o,ConcatV2,/job:localhost/replica:0/task:0/device:GPU:0,55.0,0.055
Dpf12UMwoI,MatMul,/job:localhost/replica:0/task:0/device:GPU:0,55.0,0.055
RQOxc2szSK,Equal,/job:localhost/replica:0/task:0/device:GPU:0,54.0,0.054
SPBLdX4ecu,Rsqrt,/job:localhost/replica:0/task:0/device:GPU:0,54.0,0.054
2jhrGRaTsB,ConcatV2,/job:localhost/replica:0/task:0/device:GPU:0,54.0,0.054
T5HsgmMQD8,MatMul,/job:localhost/replica:0/task:0/device:GPU:0,54.0,0.054
vVawPz3f84,MatMul,/job:localhost/replica:0/task:0/device:GPU:0,54.0,0.054
5crJtGZ64u,Pack,/job:localhost/replica:0/task:0/device:GPU:0,54.0,0.054
pb0mvaAkhQ,Tile,/job:localhost/replica:0/task:0/device:GPU:0,53.0,0.053
lPOyk2HcgY,Prod,/job:localhost/replica:0/task:0/device:GPU:0,52.0,0.052
zDSvWYlpdC,ConcatV2,/job:localhost/replica:0/task:0/device:GPU:0,52.0,0.052
cAwXMsKSap,StridedSlice,/job:localhost/replica:0/task:0/device:GPU:0,51.0,0.051
x1F7lzva96,StridedSlice,/job:localhost/replica:0/task:0/device:GPU:0,51.0,0.051
BGON3wkR7r,AddN,/job:localhost/replica:0/task:0/device:GPU:0,51.0,0.051
7oLugdeGCp,MatMul,/job:localhost/replica:0/task:0/device:GPU:0,51.0,0.051
j2VE9NCDYZ,Const,/job:localhost/replica:0/task:0/device:GPU:0,50.0,0.05
ZFLjUch5Tw,Add,/job:localhost/replica:0/task:0/device:GPU:0,50.0,0.05
QI4N9bJxMH,Fill,/job:localhost/replica:0/task:0/device:GPU:0,50.0,0.05
YlaP4B8XcK,Cast,/job:localhost/replica:0/task:0/device:GPU:0,49.0,0.049
UPqj5LlFwM,MatMul,/job:localhost/replica:0/task:0/device:GPU:0,49.0,0.049
0ti4d8Jpg2,MatMul,/job:localhost/replica:0/task:0/device:GPU:0,49.0,0.049
sjBS9WQ3NU,Mul,/job:localhost/replica:0/task:0/device:GPU:0,48.0,0.048
UmywWD5RHG,ConcatV2,/job:localhost/replica:0/task:0/device:GPU:0,48.0,0.048
R2lnhPBWNT,ConcatV2,/job:localhost/replica:0/task:0/device:GPU:0,48.0,0.048
GHs7dvtr3o,Prod,/job:localhost/replica:0/task:0/device:GPU:0,48.0,0.048
QeVmBihZkO,ConcatV2,/job:localhost/replica:0/task:0/device:GPU:0,48.0,0.048
ozLSmyBHJX,ConcatV2,/job:localhost/replica:0/task:0/device:GPU:0,48.0,0.048
IBcr2iUkED,Const,/job:localhost/replica:0/task:0/device:GPU:0,47.0,0.047
iyT7wkP2te,StridedSlice,/job:localhost/replica:0/task:0/device:GPU:0,47.0,0.047
1SGpHKeyQU,Prod,/job:localhost/replica:0/task:0/device:GPU:0,47.0,0.047
hF1yDUz6g8,Minimum,/job:localhost/replica:0/task:0/device:GPU:0,47.0,0.047
zf6Olmy7PB,MatMul,/job:localhost/replica:0/task:0/device:GPU:0,47.0,0.047
HRKi0LlngY,ConcatV2,/job:localhost/replica:0/task:0/device:GPU:0,47.0,0.047
AeqjQUwSHZ,Const,/job:localhost/replica:0/task:0/device:GPU:0,46.0,0.046
vr4A6FJTkZ,Equal,/job:localhost/replica:0/task:0/device:GPU:0,46.0,0.046
Xq2Zw0sPV5,StridedSlice,/job:localhost/replica:0/task:0/device:GPU:0,46.0,0.046
cxRFM75yrQ,MatMul,/job:localhost/replica:0/task:0/device:GPU:0,46.0,0.046
2BzlVRFA9n,MatMul,/job:localhost/replica:0/task:0/device:GPU:0,46.0,0.046
PfzlVMykIn,MatMul,/job:localhost/replica:0/task:0/device:GPU:0,46.0,0.046
laPKkxtuYH,ZerosLike,/job:localhost/replica:0/task:0/device:GPU:0,45.0,0.045
v0Qo2I7bOZ,MatMul,/job:localhost/replica:0/task:0/device:GPU:0,45.0,0.045
x2hrs1KEqT,ConcatV2,/job:localhost/replica:0/task:0/device:GPU:0,45.0,0.045
V25lD7PuYz,Maximum,/job:localhost/replica:0/task:0/device:GPU:0,44.0,0.044
fkN1TFcHdp,ConcatV2,/job:localhost/replica:0/task:0/device:GPU:0,44.0,0.044
Zr0iOHPDjt,MatMul,/job:localhost/replica:0/task:0/device:GPU:0,44.0,0.044
e5Sb24WIFN,MatMul,/job:localhost/replica:0/task:0/device:GPU:0,44.0,0.044
htQTIGYykC,Prod,/job:localhost/replica:0/task:0/device:GPU:0,43.0,0.043
wL72aQAuKl,MatMul,/job:localhost/replica:0/task:0/device:GPU:0,43.0,0.043
875IiqBSJl,ConcatV2,/job:localhost/replica:0/task:0/device:GPU:0,43.0,0.043
J9GEX2u4tZ,ConcatV2,/job:localhost/replica:0/task:0/device:GPU:0,43.0,0.043
l4Pxvi7OYM,Const,/job:localhost/replica:0/task:0/device:GPU:0,42.0,0.042
JHcxODVUYR,MatMul,/job:localhost/replica:0/task:0/device:GPU:0,42.0,0.042
aik4TmPj1M,NotEqual,/job:localhost/replica:0/task:0/device:GPU:0,42.0,0.042
qvSUg41lA2,ConcatV2,/job:localhost/replica:0/task:0/device:GPU:0,42.0,0.042
PBeqWLuMRr,MatMul,/job:localhost/replica:0/task:0/device:GPU:0,42.0,0.042
zpi1LF4JVw,MatMul,/job:localhost/replica:0/task:0/device:GPU:0,42.0,0.042
1qXClGKuYz,MatMul,/job:localhost/replica:0/task:0/device:GPU:0,42.0,0.042
m7ez1KoW8B,MatMul,/job:localhost/replica:0/task:0/device:GPU:0,42.0,0.042
UNsrWIFOD8,MatMul,/job:localhost/replica:0/task:0/device:GPU:0,42.0,0.042
jdVmRKXoJc,MatMul,/job:localhost/replica:0/task:0/device:GPU:0,42.0,0.042
tzFmMsSwjL,Const,/job:localhost/replica:0/task:0/device:GPU:0,41.0,0.041
prWR2fEP4N,Fill,/job:localhost/replica:0/task:0/device:GPU:0,41.0,0.041
dyIKjcF8DZ,StridedSlice,/job:localhost/replica:0/task:0/device:GPU:0,41.0,0.041
jqn6VLy8zp,MatMul,/job:localhost/replica:0/task:0/device:GPU:0,41.0,0.041
xLVj0GTX5v,Select,/job:localhost/replica:0/task:0/device:GPU:0,41.0,0.041
sFELBkcNCh,AddN,/job:localhost/replica:0/task:0/device:GPU:0,41.0,0.041
aQt95sOlun,BatchMatMulV2,/job:localhost/replica:0/task:0/device:GPU:0,41.0,0.041
hKzMbZ4k0O,ConcatV2,/job:localhost/replica:0/task:0/device:GPU:0,41.0,0.041
QRtqC3I2ub,MatMul,/job:localhost/replica:0/task:0/device:GPU:0,41.0,0.041
TXGu3p1m9M,Const,/job:localhost/replica:0/task:0/device:GPU:0,40.0,0.04
GMKNZfChSr,Prod,/job:localhost/replica:0/task:0/device:GPU:0,40.0,0.04
aWDF9VHzY3,Add,/job:localhost/replica:0/task:0/device:GPU:0,40.0,0.04
oCzN7cWqXr,MatMul,/job:localhost/replica:0/task:0/device:GPU:0,40.0,0.04
TM98WiXveP,ConcatV2,/job:localhost/replica:0/task:0/device:GPU:0,40.0,0.04
Rc2uCdGMXn,MatMul,/job:localhost/replica:0/task:0/device:GPU:0,40.0,0.04
FnP32vQWEk,MatMul,/job:localhost/replica:0/task:0/device:GPU:0,40.0,0.04
zuD7htSg5l,MatMul,/job:localhost/replica:0/task:0/device:GPU:0,40.0,0.04
e9L6wAyaJt,Cast,/job:localhost/replica:0/task:0/device:GPU:0,39.0,0.039
9sWj1Zqof0,Select,/job:localhost/replica:0/task:0/device:GPU:0,39.0,0.039
eDMFpfWglw,Select,/job:localhost/replica:0/task:0/device:GPU:0,39.0,0.039
3UB6ih9efV,Add,/job:localhost/replica:0/task:0/device:GPU:0,39.0,0.039
HYaEJwGdqP,MatMul,/job:localhost/replica:0/task:0/device:GPU:0,39.0,0.039
d8WNsjkBzZ,MatMul,/job:localhost/replica:0/task:0/device:GPU:0,39.0,0.039
ZT3UzYwFKI,Prod,/job:localhost/replica:0/task:0/device:GPU:0,39.0,0.039
9wkMs24QRu,GatherV2,/job:localhost/replica:0/task:0/device:GPU:0,39.0,0.039
h9KsXHCl17,Sigmoid,/job:localhost/replica:0/task:0/device:GPU:0,38.0,0.038
9eJU6fyDnN,Const,/job:localhost/replica:0/task:0/device:GPU:0,38.0,0.038
cS9QqhRZaU,Const,/job:localhost/replica:0/task:0/device:GPU:0,38.0,0.038
BKwGdOM2le,Prod,/job:localhost/replica:0/task:0/device:GPU:0,38.0,0.038
lu6Dsmj5Lr,Add,/job:localhost/replica:0/task:0/device:GPU:0,38.0,0.038
CD3ToMPAZl,AddN,/job:localhost/replica:0/task:0/device:GPU:0,38.0,0.038
76El9yTsFt,MatMul,/job:localhost/replica:0/task:0/device:GPU:0,38.0,0.038
S3H5hEbape,Pow,/job:localhost/replica:0/task:0/device:GPU:0,38.0,0.038
ko649Xa3nB,ConcatV2,/job:localhost/replica:0/task:0/device:GPU:0,38.0,0.038
9Ra8Q04tNz,ConcatV2,/job:localhost/replica:0/task:0/device:GPU:0,38.0,0.038
qCY9AcrfnF,ConcatV2,/job:localhost/replica:0/task:0/device:GPU:0,38.0,0.038
xt8WeBaylK,MatMul,/job:localhost/replica:0/task:0/device:GPU:0,38.0,0.038
hzYXWBmLRJ,MatMul,/job:localhost/replica:0/task:0/device:GPU:0,37.0,0.037
JbX9vdyOFW,ConcatV2,/job:localhost/replica:0/task:0/device:GPU:0,37.0,0.037
ncCOF6aYNE,MatMul,/job:localhost/replica:0/task:0/device:GPU:0,37.0,0.037
INJT34EB5p,ConcatV2,/job:localhost/replica:0/task:0/device:GPU:0,37.0,0.037
tOEiTkb2BP,ConcatV2,/job:localhost/replica:0/task:0/device:GPU:0,37.0,0.037
gdPw7UOSYA,ConcatV2,/job:localhost/replica:0/task:0/device:GPU:0,37.0,0.037
KZyprR4Ii7,ConcatV2,/job:localhost/replica:0/task:0/device:GPU:0,37.0,0.037
VKSrBPTpbz,Prod,/job:localhost/replica:0/task:0/device:GPU:0,36.0,0.036
NSliJZE68p,Prod,/job:localhost/replica:0/task:0/device:GPU:0,36.0,0.036
tpWGAyCFoJ,ConcatV2,/job:localhost/replica:0/task:0/device:GPU:0,36.0,0.036
x4TEPelKRB,MatMul,/job:localhost/replica:0/task:0/device:GPU:0,36.0,0.036
ahewCq5kN7,BiasAdd,/job:localhost/replica:0/task:0/device:GPU:0,36.0,0.036
kJCxRto2i8,MatMul,/job:localhost/replica:0/task:0/device:GPU:0,36.0,0.036
FoWTfVmA6q,ConcatV2,/job:localhost/replica:0/task:0/device:GPU:0,36.0,0.036
tSGxdw9uDO,BatchMatMulV2,/job:localhost/replica:0/task:0/device:GPU:0,36.0,0.036
LXOrUQmFGB,ConcatV2,/job:localhost/replica:0/task:0/device:GPU:0,36.0,0.036
rW5EloFkBp,ConcatV2,/job:localhost/replica:0/task:0/device:GPU:0,36.0,0.036
RT1tZ45Q3I,BiasAdd,/job:localhost/replica:0/task:0/device:GPU:0,35.0,0.035
uDLHOv3U08,Tile,/job:localhost/replica:0/task:0/device:GPU:0,35.0,0.035
BbhqTIVP4o,AddN,/job:localhost/replica:0/task:0/device:GPU:0,35.0,0.035
1V0d78vMe4,ConcatV2,/job:localhost/replica:0/task:0/device:GPU:0,35.0,0.035
hVS3f1DKYA,Sub,/job:localhost/replica:0/task:0/device:GPU:0,35.0,0.035
mUo4BcJNGw,MatMul,/job:localhost/replica:0/task:0/device:GPU:0,35.0,0.035
QMZLHf725V,MatMul,/job:localhost/replica:0/task:0/device:GPU:0,35.0,0.035
9yVasWpBRO,ConcatV2,/job:localhost/replica:0/task:0/device:GPU:0,35.0,0.035
kqXjxnIBgQ,ConcatV2,/job:localhost/replica:0/task:0/device:GPU:0,35.0,0.035
KQ5idtUZRG,ConcatV2,/job:localhost/replica:0/task:0/device:GPU:0,35.0,0.035
CSYVhuvz7c,MatMul,/job:localhost/replica:0/task:0/device:GPU:0,35.0,0.035
nqgiuyYx6L,MatMul,/job:localhost/replica:0/task:0/device:GPU:0,35.0,0.035
Zr8xoaFtmP,MatMul,/job:localhost/replica:0/task:0/device:GPU:0,35.0,0.035
mFyz0Hiqux,MatMul,/job:localhost/replica:0/task:0/device:GPU:0,35.0,0.035
tRO8K7HkFp,GatherV2,/job:localhost/replica:0/task:0/device:GPU:0,35.0,0.035
Sb5n4a2GzL,ConcatV2,/job:localhost/replica:0/task:0/device:GPU:0,34.0,0.034
TDRKCowb9n,Mul,/job:localhost/replica:0/task:0/device:GPU:0,34.0,0.034
Xqz0kOQnIt,Equal,/job:localhost/replica:0/task:0/device:GPU:0,34.0,0.034
rTA2VJhNmk,Mul,/job:localhost/replica:0/task:0/device:GPU:0,34.0,0.034
LDhXKcIMeQ,MatMul,/job:localhost/replica:0/task:0/device:GPU:0,34.0,0.034
7K34k6j1mP,Pow,/job:localhost/replica:0/task:0/device:GPU:0,34.0,0.034
OJjVoEvwQf,MatMul,/job:localhost/replica:0/task:0/device:GPU:0,34.0,0.034
pKRW08S9AY,ConcatV2,/job:localhost/replica:0/task:0/device:GPU:0,34.0,0.034
ZzP9yT2B5A,ConcatV2,/job:localhost/replica:0/task:0/device:GPU:0,34.0,0.034
5rRfix9e6z,ConcatV2,/job:localhost/replica:0/task:0/device:GPU:0,34.0,0.034
DiJmEGlKPQ,MatMul,/job:localhost/replica:0/task:0/device:GPU:0,34.0,0.034
RWxduihcbq,Squeeze,/job:localhost/replica:0/task:0/device:GPU:0,33.0,0.033
oBFxb0I9LK,Mul,/job:localhost/replica:0/task:0/device:GPU:0,33.0,0.033
X4G6NFOryT,AddN,/job:localhost/replica:0/task:0/device:GPU:0,33.0,0.033
LVsykUI7gG,ConcatV2,/job:localhost/replica:0/task:0/device:GPU:0,33.0,0.033
ZMIJeXg4h1,BiasAdd,/job:localhost/replica:0/task:0/device:GPU:0,33.0,0.033
lbGEgr8TZF,MatMul,/job:localhost/replica:0/task:0/device:GPU:0,33.0,0.033
4crEiKPyLF,MatMul,/job:localhost/replica:0/task:0/device:GPU:0,33.0,0.033
CqdS3N6hTE,ConcatV2,/job:localhost/replica:0/task:0/device:GPU:0,33.0,0.033
Gik2npzVdX,MatMul,/job:localhost/replica:0/task:0/device:GPU:0,33.0,0.033
13rUli4zef,ConcatV2,/job:localhost/replica:0/task:0/device:GPU:0,33.0,0.033
j9oV5tFBh0,BatchMatMulV2,/job:localhost/replica:0/task:0/device:GPU:0,33.0,0.033
kA9ayvb7UZ,MatMul,/job:localhost/replica:0/task:0/device:GPU:0,33.0,0.033
9OmQxLaiVM,MatMul,/job:localhost/replica:0/task:0/device:GPU:0,33.0,0.033
OfyHLg26le,GatherV2,/job:localhost/replica:0/task:0/device:GPU:0,33.0,0.033
iwWfDgsB8z,Fill,/job:localhost/replica:0/task:0/device:GPU:0,32.0,0.032
yitAcB5q3J,Sign,/job:localhost/replica:0/task:0/device:GPU:0,32.0,0.032
UAvfSh9rYn,Mean,/job:localhost/replica:0/task:0/device:GPU:0,32.0,0.032
aGwr5JPMKW,StridedSlice,/job:localhost/replica:0/task:0/device:GPU:0,32.0,0.032
Cafve6My3k,Greater,/job:localhost/replica:0/task:0/device:GPU:0,32.0,0.032
GN627aBhTq,StridedSlice,/job:localhost/replica:0/task:0/device:GPU:0,32.0,0.032
6cCHDIFjTK,Tile,/job:localhost/replica:0/task:0/device:GPU:0,32.0,0.032
AI2BaVJheY,ConcatV2,/job:localhost/replica:0/task:0/device:GPU:0,32.0,0.032
8FW93SOmEh,AddN,/job:localhost/replica:0/task:0/device:GPU:0,32.0,0.032
R9VWcCn01x,MatMul,/job:localhost/replica:0/task:0/device:GPU:0,32.0,0.032
S8tNbdwics,MatMul,/job:localhost/replica:0/task:0/device:GPU:0,32.0,0.032
kRh1sGSycC,Pow,/job:localhost/replica:0/task:0/device:GPU:0,32.0,0.032
DOq7bABn13,ConcatV2,/job:localhost/replica:0/task:0/device:GPU:0,32.0,0.032
6bhqfYS9QM,ConcatV2,/job:localhost/replica:0/task:0/device:GPU:0,32.0,0.032
K0F15EjV2Z,Equal,/job:localhost/replica:0/task:0/device:GPU:0,31.0,0.031
up5CNocXK3,MatMul,/job:localhost/replica:0/task:0/device:GPU:0,31.0,0.031
xl5SOADn6v,LogicalAnd,/job:localhost/replica:0/task:0/device:GPU:0,31.0,0.031
0xHaDEOzUs,Prod,/job:localhost/replica:0/task:0/device:GPU:0,31.0,0.031
5oJCek73Fu,Mul,/job:localhost/replica:0/task:0/device:GPU:0,31.0,0.031
aZkHnIwmoP,AddN,/job:localhost/replica:0/task:0/device:GPU:0,31.0,0.031
41wBtNgU7y,ConcatV2,/job:localhost/replica:0/task:0/device:GPU:0,31.0,0.031
HWA9e8kGCs,MatMul,/job:localhost/replica:0/task:0/device:GPU:0,31.0,0.031
zbdKWpwCe0,MatMul,/job:localhost/replica:0/task:0/device:GPU:0,31.0,0.031
mbFPIYehcW,MatMul,/job:localhost/replica:0/task:0/device:GPU:0,31.0,0.031
0GsNpr9Maj,Softmax,/job:localhost/replica:0/task:0/device:GPU:0,31.0,0.031
ndoZbxr0WG,MatMul,/job:localhost/replica:0/task:0/device:GPU:0,31.0,0.031
bwxTFXZyMP,Const,/job:localhost/replica:0/task:0/device:GPU:0,30.0,0.03
Zf4qOl6c7D,Slice,/job:localhost/replica:0/task:0/device:GPU:0,30.0,0.03
PrM05kxAT7,Tanh,/job:localhost/replica:0/task:0/device:GPU:0,30.0,0.03
NIOQYXLlbC,AddN,/job:localhost/replica:0/task:0/device:GPU:0,30.0,0.03
dSRHnGVBlj,Select,/job:localhost/replica:0/task:0/device:GPU:0,30.0,0.03
u1bSo52AaZ,AddN,/job:localhost/replica:0/task:0/device:GPU:0,30.0,0.03
OWh6FAuNz7,BatchMatMulV2,/job:localhost/replica:0/task:0/device:GPU:0,30.0,0.03
m3AK1X70LH,MatMul,/job:localhost/replica:0/task:0/device:GPU:0,30.0,0.03
S1Hp53xujI,MatMul,/job:localhost/replica:0/task:0/device:GPU:0,30.0,0.03
LCxSWect3y,MatMul,/job:localhost/replica:0/task:0/device:GPU:0,30.0,0.03
p2dDWUknNQ,MatMul,/job:localhost/replica:0/task:0/device:GPU:0,30.0,0.03
QCkPjgYSqO,MatMul,/job:localhost/replica:0/task:0/device:GPU:0,30.0,0.03
DWHAZOws1L,MatMul,/job:localhost/replica:0/task:0/device:GPU:0,30.0,0.03
UPxETmW4IA,Add,/job:localhost/replica:0/task:0/device:GPU:0,30.0,0.03
MxeHAZCW6X,StridedSlice,/job:localhost/replica:0/task:0/device:GPU:0,29.0,0.029
r69VG8OIEu,LogicalAnd,/job:localhost/replica:0/task:0/device:GPU:0,29.0,0.029
FgyRpir7OA,Prod,/job:localhost/replica:0/task:0/device:GPU:0,29.0,0.029
1uWDLXE6wG,AddN,/job:localhost/replica:0/task:0/device:GPU:0,29.0,0.029
5HEKFRGqWj,GatherV2,/job:localhost/replica:0/task:0/device:GPU:0,29.0,0.029
HL7ORPNAMX,MatMul,/job:localhost/replica:0/task:0/device:GPU:0,29.0,0.029
nHkqNBu4UJ,BiasAdd,/job:localhost/replica:0/task:0/device:GPU:0,29.0,0.029
IbycthUQeM,MatMul,/job:localhost/replica:0/task:0/device:GPU:0,29.0,0.029
fcO5WZCEGM,MatMul,/job:localhost/replica:0/task:0/device:GPU:0,29.0,0.029
ZpHMeTLb17,MatMul,/job:localhost/replica:0/task:0/device:GPU:0,29.0,0.029
wegES3N0XA,MatMul,/job:localhost/replica:0/task:0/device:GPU:0,29.0,0.029
2UH0Fi4pVK,MatMul,/job:localhost/replica:0/task:0/device:GPU:0,29.0,0.029
13faXwSAxL,MatMul,/job:localhost/replica:0/task:0/device:GPU:0,29.0,0.029
Ytqexl9nZ3,MatMul,/job:localhost/replica:0/task:0/device:GPU:0,29.0,0.029
biwSPyCeju,MatMul,/job:localhost/replica:0/task:0/device:GPU:0,29.0,0.029
xsbijw17Or,MatMul,/job:localhost/replica:0/task:0/device:GPU:0,29.0,0.029
fVQe50KRFS,MatMul,/job:localhost/replica:0/task:0/device:GPU:0,29.0,0.029
ZsRw0Eidoq,MatMul,/job:localhost/replica:0/task:0/device:GPU:0,29.0,0.029
8IuiYWDUv7,MatMul,/job:localhost/replica:0/task:0/device:GPU:0,29.0,0.029
Qx9ufPXgm0,MatMul,/job:localhost/replica:0/task:0/device:GPU:0,29.0,0.029
kzgMI4oFSE,MatMul,/job:localhost/replica:0/task:0/device:GPU:0,29.0,0.029
bpK3Wc0ZqN,GatherV2,/job:localhost/replica:0/task:0/device:GPU:0,29.0,0.029
6gzrCou1VT,Const,/job:localhost/replica:0/task:0/device:GPU:0,28.0,0.028
K6hJxSlROP,Sum,/job:localhost/replica:0/task:0/device:GPU:0,28.0,0.028
XKRrOwsx7D,StridedSlice,/job:localhost/replica:0/task:0/device:GPU:0,28.0,0.028
WYnvm76rxM,Slice,/job:localhost/replica:0/task:0/device:GPU:0,28.0,0.028
jGHbKZsrkE,Mean,/job:localhost/replica:0/task:0/device:GPU:0,28.0,0.028
6NBCpPDy8E,Fill,/job:localhost/replica:0/task:0/device:GPU:0,28.0,0.028
vmwr6tSFKX,AddN,/job:localhost/replica:0/task:0/device:GPU:0,28.0,0.028
42IWrMsjEd,BiasAdd,/job:localhost/replica:0/task:0/device:GPU:0,28.0,0.028
YF6lUty1KP,Mean,/job:localhost/replica:0/task:0/device:GPU:0,28.0,0.028
pxDf9IOTkZ,MatMul,/job:localhost/replica:0/task:0/device:GPU:0,28.0,0.028
LKr9EiTPYA,MatMul,/job:localhost/replica:0/task:0/device:GPU:0,28.0,0.028
kQZ7cNgjMp,MatMul,/job:localhost/replica:0/task:0/device:GPU:0,28.0,0.028
XUjfFOCdqm,MatMul,/job:localhost/replica:0/task:0/device:GPU:0,28.0,0.028
OrYpN8zGEj,MatMul,/job:localhost/replica:0/task:0/device:GPU:0,28.0,0.028
lvS89rKYJ6,MatMul,/job:localhost/replica:0/task:0/device:GPU:0,28.0,0.028
BdvSq36io8,MatMul,/job:localhost/replica:0/task:0/device:GPU:0,28.0,0.028
Sdy5bhQxMK,BatchMatMulV2,/job:localhost/replica:0/task:0/device:GPU:0,28.0,0.028
YmICAJliya,ConcatV2,/job:localhost/replica:0/task:0/device:GPU:0,28.0,0.028
tFeNXEUqbG,MatMul,/job:localhost/replica:0/task:0/device:GPU:0,28.0,0.028
sGyj4UefoE,MatMul,/job:localhost/replica:0/task:0/device:GPU:0,28.0,0.028
kurjBSMEeT,MatMul,/job:localhost/replica:0/task:0/device:GPU:0,28.0,0.028
gdfrtOaPhS,MatMul,/job:localhost/replica:0/task:0/device:GPU:0,28.0,0.028
tFKWGEQDy2,MatMul,/job:localhost/replica:0/task:0/device:GPU:0,28.0,0.028
fLndBa7V0s,MatMul,/job:localhost/replica:0/task:0/device:GPU:0,28.0,0.028
TeAaBI4lNs,MatMul,/job:localhost/replica:0/task:0/device:GPU:0,28.0,0.028
20pt4ALBNq,GatherV2,/job:localhost/replica:0/task:0/device:GPU:0,28.0,0.028
y67Z0rOqJP,Mean,/job:localhost/replica:0/task:0/device:GPU:0,28.0,0.028
cdzQLHn5B0,StridedSlice,/job:localhost/replica:0/task:0/device:GPU:0,27.0,0.027
n7TMSBFALY,StridedSlice,/job:localhost/replica:0/task:0/device:GPU:0,27.0,0.027
Sl9jiAe0mb,StridedSlice,/job:localhost/replica:0/task:0/device:GPU:0,27.0,0.027
PV2tSayBNw,Select,/job:localhost/replica:0/task:0/device:GPU:0,27.0,0.027
xopRf58m4S,BiasAdd,/job:localhost/replica:0/task:0/device:GPU:0,27.0,0.027
pk4b59gGsl,Fill,/job:localhost/replica:0/task:0/device:GPU:0,27.0,0.027
tqWrkL4mzx,Tile,/job:localhost/replica:0/task:0/device:GPU:0,27.0,0.027
ijImc80Kq6,ConcatV2,/job:localhost/replica:0/task:0/device:GPU:0,27.0,0.027
B82jcXi5V0,Select,/job:localhost/replica:0/task:0/device:GPU:0,27.0,0.027
LQWq7nMmiK,AddN,/job:localhost/replica:0/task:0/device:GPU:0,27.0,0.027
vNdS0P4ary,BiasAdd,/job:localhost/replica:0/task:0/device:GPU:0,27.0,0.027
tnMmx2r5kg,Pow,/job:localhost/replica:0/task:0/device:GPU:0,27.0,0.027
xz4icsapgF,MatMul,/job:localhost/replica:0/task:0/device:GPU:0,27.0,0.027
WvT7VKNCyB,MatMul,/job:localhost/replica:0/task:0/device:GPU:0,27.0,0.027
YDBbxW6KA5,MatMul,/job:localhost/replica:0/task:0/device:GPU:0,27.0,0.027
510ZRyJis2,MatMul,/job:localhost/replica:0/task:0/device:GPU:0,27.0,0.027
PLKNlqhzng,MatMul,/job:localhost/replica:0/task:0/device:GPU:0,27.0,0.027
F62NqsCMde,MatMul,/job:localhost/replica:0/task:0/device:GPU:0,27.0,0.027
lzFV7IaZwm,MatMul,/job:localhost/replica:0/task:0/device:GPU:0,27.0,0.027
vmyrSpJzEe,MatMul,/job:localhost/replica:0/task:0/device:GPU:0,27.0,0.027
Rv7QjyNISn,MatMul,/job:localhost/replica:0/task:0/device:GPU:0,27.0,0.027
ReknNmjA40,MatMul,/job:localhost/replica:0/task:0/device:GPU:0,27.0,0.027
Rz9Uw5nLFq,MatMul,/job:localhost/replica:0/task:0/device:GPU:0,27.0,0.027
h4ygQTv1CX,MatMul,/job:localhost/replica:0/task:0/device:GPU:0,27.0,0.027
Top6lxwEui,MatMul,/job:localhost/replica:0/task:0/device:GPU:0,27.0,0.027
XKJM0aRUv6,Cast,/job:localhost/replica:0/task:0/device:GPU:0,26.0,0.026
yrXnCkvJfa,Maximum,/job:localhost/replica:0/task:0/device:GPU:0,26.0,0.026
dN421GuDS3,Equal,/job:localhost/replica:0/task:0/device:GPU:0,26.0,0.026
dOJhZmDNfT,Select,/job:localhost/replica:0/task:0/device:GPU:0,26.0,0.026
1VBfTMh2p6,MatMul,/job:localhost/replica:0/task:0/device:GPU:0,26.0,0.026
iBc5Zfq0QM,MatMul,/job:localhost/replica:0/task:0/device:GPU:0,26.0,0.026
IsPWNupDd3,MatMul,/job:localhost/replica:0/task:0/device:GPU:0,26.0,0.026
kXnlH51WZQ,BatchMatMulV2,/job:localhost/replica:0/task:0/device:GPU:0,26.0,0.026
KJw1sBhcyQ,MatMul,/job:localhost/replica:0/task:0/device:GPU:0,26.0,0.026
s35cWT69qy,MatMul,/job:localhost/replica:0/task:0/device:GPU:0,26.0,0.026
SfjsxPdv95,MatMul,/job:localhost/replica:0/task:0/device:GPU:0,26.0,0.026
J7SEeklWFN,MatMul,/job:localhost/replica:0/task:0/device:GPU:0,26.0,0.026
3L7SbhEdvU,SplitV,/job:localhost/replica:0/task:0/device:GPU:0,26.0,0.026
lKO9Qw07ms,MatMul,/job:localhost/replica:0/task:0/device:GPU:0,26.0,0.026
tDg1Lz2hCc,MatMul,/job:localhost/replica:0/task:0/device:GPU:0,26.0,0.026
3XklZWrANc,MatMul,/job:localhost/replica:0/task:0/device:GPU:0,26.0,0.026
mZypsRiLJM,Sign,/job:localhost/replica:0/task:0/device:GPU:0,25.0,0.025
OkhGFaebVA,StridedSlice,/job:localhost/replica:0/task:0/device:GPU:0,25.0,0.025
Q8zcqX6k9N,Prod,/job:localhost/replica:0/task:0/device:GPU:0,25.0,0.025
KzW5Y3M7qR,Maximum,/job:localhost/replica:0/task:0/device:GPU:0,25.0,0.025
L2oZknt1uB,Slice,/job:localhost/replica:0/task:0/device:GPU:0,25.0,0.025
4rY3HUpdSZ,Select,/job:localhost/replica:0/task:0/device:GPU:0,25.0,0.025
XJcWHn5rNq,BatchMatMulV2,/job:localhost/replica:0/task:0/device:GPU:0,25.0,0.025
FP6WK9SMBO,Mean,/job:localhost/replica:0/task:0/device:GPU:0,25.0,0.025
n1EONCKAyx,MatMul,/job:localhost/replica:0/task:0/device:GPU:0,25.0,0.025
hjFEAx3c7a,Relu,/job:localhost/replica:0/task:0/device:GPU:0,25.0,0.025
Jx5W2gOG4m,BiasAdd,/job:localhost/replica:0/task:0/device:GPU:0,25.0,0.025
KnsDVCEvTw,MatMul,/job:localhost/replica:0/task:0/device:GPU:0,25.0,0.025
8EPQR0BHq9,MatMul,/job:localhost/replica:0/task:0/device:GPU:0,25.0,0.025
Egyn0Ke63z,MatMul,/job:localhost/replica:0/task:0/device:GPU:0,25.0,0.025
s7kJuPHQNg,MatMul,/job:localhost/replica:0/task:0/device:GPU:0,25.0,0.025
UGNqjchr32,MatMul,/job:localhost/replica:0/task:0/device:GPU:0,25.0,0.025
iVjuy2x7JU,MatMul,/job:localhost/replica:0/task:0/device:GPU:0,25.0,0.025
5F3idovJOb,GatherV2,/job:localhost/replica:0/task:0/device:GPU:0,25.0,0.025
hKXiVcexf0,Const,/job:localhost/replica:0/task:0/device:GPU:0,24.0,0.024
68B0eqPgAo,Slice,/job:localhost/replica:0/task:0/device:GPU:0,24.0,0.024
7pode5kE8b,StridedSlice,/job:localhost/replica:0/task:0/device:GPU:0,24.0,0.024
bILTCcSuev,StridedSlice,/job:localhost/replica:0/task:0/device:GPU:0,24.0,0.024
LtI1Ey2vpV,Prod,/job:localhost/replica:0/task:0/device:GPU:0,24.0,0.024
4cjQvAWbV1,Greater,/job:localhost/replica:0/task:0/device:GPU:0,24.0,0.024
K8tu5SwFlR,Add,/job:localhost/replica:0/task:0/device:GPU:0,24.0,0.024
cDz7NOYtFk,Mean,/job:localhost/replica:0/task:0/device:GPU:0,24.0,0.024
1ejMKH6bVg,Log,/job:localhost/replica:0/task:0/device:GPU:0,24.0,0.024
7CbaXivq2G,RealDiv,/job:localhost/replica:0/task:0/device:GPU:0,24.0,0.024
RGiXtshFVo,ConcatV2,/job:localhost/replica:0/task:0/device:GPU:0,24.0,0.024
1b6qc0knCl,MatMul,/job:localhost/replica:0/task:0/device:GPU:0,24.0,0.024
LHwoV39XtW,ConcatV2,/job:localhost/replica:0/task:0/device:GPU:0,24.0,0.024
3xcTs5aUAu,AddN,/job:localhost/replica:0/task:0/device:GPU:0,24.0,0.024
SGshIHwvVu,Pow,/job:localhost/replica:0/task:0/device:GPU:0,24.0,0.024
BkYzfIernx,Sum,/job:localhost/replica:0/task:0/device:GPU:0,24.0,0.024
se362VKnbl,ConcatV2,/job:localhost/replica:0/task:0/device:GPU:0,24.0,0.024
ZWpiaOrNIn,MatMul,/job:localhost/replica:0/task:0/device:GPU:0,24.0,0.024
YULbwrqdp5,ConcatV2,/job:localhost/replica:0/task:0/device:GPU:0,24.0,0.024
hT4vWw02Sf,ConcatV2,/job:localhost/replica:0/task:0/device:GPU:0,24.0,0.024
1D5FvfdO2e,Relu,/job:localhost/replica:0/task:0/device:GPU:0,23.0,0.023
UpNPtoxIrK,Transpose,/job:localhost/replica:0/task:0/device:GPU:0,23.0,0.023
Rnwr9jxshP,MatMul,/job:localhost/replica:0/task:0/device:GPU:0,23.0,0.023
iWquDO8QAw,Mean,/job:localhost/replica:0/task:0/device:GPU:0,23.0,0.023
ZyJguKv6LM,ConcatV2,/job:localhost/replica:0/task:0/device:GPU:0,23.0,0.023
0V81Pt2Yfi,Select,/job:localhost/replica:0/task:0/device:GPU:0,23.0,0.023
8V53upJ4io,MatMul,/job:localhost/replica:0/task:0/device:GPU:0,23.0,0.023
AlqUZtyXJK,Relu,/job:localhost/replica:0/task:0/device:GPU:0,23.0,0.023
Z8w3uR9OTL,MatMul,/job:localhost/replica:0/task:0/device:GPU:0,23.0,0.023
jpdmXQAnRH,AddN,/job:localhost/replica:0/task:0/device:GPU:0,23.0,0.023
K3MY2qocFu,BiasAdd,/job:localhost/replica:0/task:0/device:GPU:0,23.0,0.023
GEiQrgoFD6,Softmax,/job:localhost/replica:0/task:0/device:GPU:0,23.0,0.023
J5v2oC97lx,Sub,/job:localhost/replica:0/task:0/device:GPU:0,23.0,0.023
kMcyIs1JxU,ConcatV2,/job:localhost/replica:0/task:0/device:GPU:0,23.0,0.023
64137HIvfQ,BatchMatMulV2,/job:localhost/replica:0/task:0/device:GPU:0,23.0,0.023
oD59yTdRXC,Const,/job:localhost/replica:0/task:0/device:GPU:0,22.0,0.022
sZcD9YlE26,Slice,/job:localhost/replica:0/task:0/device:GPU:0,22.0,0.022
ytQpxWL9hb,StridedSlice,/job:localhost/replica:0/task:0/device:GPU:0,22.0,0.022
LY4ufMgIrj,Mul,/job:localhost/replica:0/task:0/device:GPU:0,22.0,0.022
F0y3Vvl91s,Prod,/job:localhost/replica:0/task:0/device:GPU:0,22.0,0.022
yhLS5sVkOC,Prod,/job:localhost/replica:0/task:0/device:GPU:0,22.0,0.022
SP5Vye4fzg,Rsqrt,/job:localhost/replica:0/task:0/device:GPU:0,22.0,0.022
09wlrNXCpJ,Mean,/job:localhost/replica:0/task:0/device:GPU:0,22.0,0.022
oC7ANh45zI,AddN,/job:localhost/replica:0/task:0/device:GPU:0,22.0,0.022
XmV7MtUdlP,Select,/job:localhost/replica:0/task:0/device:GPU:0,22.0,0.022
FeGigp5Anb,Sub,/job:localhost/replica:0/task:0/device:GPU:0,22.0,0.022
ODZ24u0NPC,Select,/job:localhost/replica:0/task:0/device:GPU:0,22.0,0.022
fSoAtq0aji,MatMul,/job:localhost/replica:0/task:0/device:GPU:0,22.0,0.022
Oz0slLYjaG,AddV2,/job:localhost/replica:0/task:0/device:GPU:0,22.0,0.022
MLRtbumwPF,ConcatV2,/job:localhost/replica:0/task:0/device:GPU:0,22.0,0.022
1WDktQUofH,ConcatV2,/job:localhost/replica:0/task:0/device:GPU:0,22.0,0.022
jLpOvJQXVs,Prod,/job:localhost/replica:0/task:0/device:GPU:0,22.0,0.022
YEN9Ft6bSL,MatMul,/job:localhost/replica:0/task:0/device:GPU:0,22.0,0.022
xbWqZyoePD,ConcatV2,/job:localhost/replica:0/task:0/device:GPU:0,22.0,0.022
DkefLoFIHW,StridedSlice,/job:localhost/replica:0/task:0/device:GPU:0,21.0,0.021
v6iQRga5s0,Mean,/job:localhost/replica:0/task:0/device:GPU:0,21.0,0.021
sYbJ0QmNM9,Reshape,/job:localhost/replica:0/task:0/device:GPU:0,21.0,0.021
Tmy51hEzoj,MatMul,/job:localhost/replica:0/task:0/device:GPU:0,21.0,0.021
pTzXCARmUH,StridedSlice,/job:localhost/replica:0/task:0/device:GPU:0,21.0,0.021
bkUoweTfzt,Prod,/job:localhost/replica:0/task:0/device:GPU:0,21.0,0.021
C2t0xj673G,Sum,/job:localhost/replica:0/task:0/device:GPU:0,21.0,0.021
KaPpdn39l7,AddV2,/job:localhost/replica:0/task:0/device:GPU:0,21.0,0.021
4vLgiK5ZSb,GatherV2,/job:localhost/replica:0/task:0/device:GPU:0,21.0,0.021
ZG6fgHkWLr,ConcatV2,/job:localhost/replica:0/task:0/device:GPU:0,21.0,0.021
GPjvFEXKpa,ConcatV2,/job:localhost/replica:0/task:0/device:GPU:0,21.0,0.021
2VEI3SlXj8,ConcatV2,/job:localhost/replica:0/task:0/device:GPU:0,21.0,0.021
xjSPKAVX1T,ConcatV2,/job:localhost/replica:0/task:0/device:GPU:0,21.0,0.021
NPvCKAXILT,Sum,/job:localhost/replica:0/task:0/device:GPU:0,21.0,0.021
eHolWVGy6x,SplitV,/job:localhost/replica:0/task:0/device:GPU:0,21.0,0.021
lFt41HCZjY,BatchMatMulV2,/job:localhost/replica:0/task:0/device:GPU:0,21.0,0.021
Wu4HGxr1q6,MatMul,/job:localhost/replica:0/task:0/device:GPU:0,21.0,0.021
ac2inFtSsL,BatchMatMulV2,/job:localhost/replica:0/task:0/device:GPU:0,21.0,0.021
EyzVbjwvGY,MatMul,/job:localhost/replica:0/task:0/device:GPU:0,21.0,0.021
iloUKV02HA,MatMul,/job:localhost/replica:0/task:0/device:GPU:0,21.0,0.021
Hqod8tPcpZ,Rsqrt,/job:localhost/replica:0/task:0/device:GPU:0,21.0,0.021
UPJKj5HWiq,GatherV2,/job:localhost/replica:0/task:0/device:GPU:0,21.0,0.021
EDyRgOFS06,Const,/job:localhost/replica:0/task:0/device:GPU:0,20.0,0.02
iF2LpjOIZo,Const,/job:localhost/replica:0/task:0/device:GPU:0,20.0,0.02
AhUSwCVdjp,LogicalOr,/job:localhost/replica:0/task:0/device:GPU:0,20.0,0.02
Cy50fxFr1z,Cast,/job:localhost/replica:0/task:0/device:GPU:0,20.0,0.02
Mo8F02dcPN,Pow,/job:localhost/replica:0/task:0/device:GPU:0,20.0,0.02
TGwWM0iBOt,NotEqual,/job:localhost/replica:0/task:0/device:GPU:0,20.0,0.02
3afeL5mtMr,Tile,/job:localhost/replica:0/task:0/device:GPU:0,20.0,0.02
fNlYXZkTAQ,ConcatV2,/job:localhost/replica:0/task:0/device:GPU:0,20.0,0.02
BOrwy3icRI,Transpose,/job:localhost/replica:0/task:0/device:GPU:0,20.0,0.02
LeSKvNmscd,ConcatV2,/job:localhost/replica:0/task:0/device:GPU:0,20.0,0.02
dZm4ALVEuD,Prod,/job:localhost/replica:0/task:0/device:GPU:0,20.0,0.02
Au3B0mQOTk,MatMul,/job:localhost/replica:0/task:0/device:GPU:0,20.0,0.02
suOlmvAoIq,MatMul,/job:localhost/replica:0/task:0/device:GPU:0,20.0,0.02
dCy0mZigNL,MatMul,/job:localhost/replica:0/task:0/device:GPU:0,20.0,0.02
oJA9ZFdOSX,MatMul,/job:localhost/replica:0/task:0/device:GPU:0,20.0,0.02
tCPoX1TMz8,MatMul,/job:localhost/replica:0/task:0/device:GPU:0,20.0,0.02
8UnDJT5AkZ,Softmax,/job:localhost/replica:0/task:0/device:GPU:0,20.0,0.02
KayoTW4LJH,Softmax,/job:localhost/replica:0/task:0/device:GPU:0,20.0,0.02
tP2wHEjVgU,MatMul,/job:localhost/replica:0/task:0/device:GPU:0,20.0,0.02
QWi5ObmGZq,ConcatV2,/job:localhost/replica:0/task:0/device:GPU:0,20.0,0.02
UTMjLk2xS4,ConcatV2,/job:localhost/replica:0/task:0/device:GPU:0,20.0,0.02
25RPjvXE4U,BatchMatMulV2,/job:localhost/replica:0/task:0/device:GPU:0,20.0,0.02
DGjagIcJW4,NotEqual,/job:localhost/replica:0/task:0/device:GPU:0,19.0,0.019
PYfwqortAT,Sign,/job:localhost/replica:0/task:0/device:GPU:0,19.0,0.019
wfnmD30WGR,Mean,/job:localhost/replica:0/task:0/device:GPU:0,19.0,0.019
R6dlhzHnmu,Const,/job:localhost/replica:0/task:0/device:GPU:0,19.0,0.019
APIUFRtjah,AddV2,/job:localhost/replica:0/task:0/device:GPU:0,19.0,0.019
chNzfsp4Wa,Equal,/job:localhost/replica:0/task:0/device:GPU:0,19.0,0.019
G3y8NdUlQD,MatMul,/job:localhost/replica:0/task:0/device:GPU:0,19.0,0.019
evBzpYVFQx,Prod,/job:localhost/replica:0/task:0/device:GPU:0,19.0,0.019
YTNSL1CxVp,Mean,/job:localhost/replica:0/task:0/device:GPU:0,19.0,0.019
JKEz7FWtZy,Select,/job:localhost/replica:0/task:0/device:GPU:0,19.0,0.019
bv0OckYZ8U,Mul,/job:localhost/replica:0/task:0/device:GPU:0,19.0,0.019
luAL7BpMqk,Prod,/job:localhost/replica:0/task:0/device:GPU:0,19.0,0.019
pRoTiQWMNz,AddN,/job:localhost/replica:0/task:0/device:GPU:0,19.0,0.019
CGSBgvdb0Y,Mul,/job:localhost/replica:0/task:0/device:GPU:0,19.0,0.019
JUjv3gCNFR,Fill,/job:localhost/replica:0/task:0/device:GPU:0,19.0,0.019
Vos0I7tRmu,Equal,/job:localhost/replica:0/task:0/device:GPU:0,19.0,0.019
g86JXiBGbc,Equal,/job:localhost/replica:0/task:0/device:GPU:0,19.0,0.019
hk9nE84wbC,BiasAdd,/job:localhost/replica:0/task:0/device:GPU:0,19.0,0.019
8bx5uK0dhY,Pow,/job:localhost/replica:0/task:0/device:GPU:0,19.0,0.019
3WHoq870dj,MatMul,/job:localhost/replica:0/task:0/device:GPU:0,19.0,0.019
oBtQrJPn5Y,MatMul,/job:localhost/replica:0/task:0/device:GPU:0,19.0,0.019
l7V8wZh9fb,MatMul,/job:localhost/replica:0/task:0/device:GPU:0,19.0,0.019
TpJC5oDjgO,MatMul,/job:localhost/replica:0/task:0/device:GPU:0,19.0,0.019
dfFhX5yQTP,Transpose,/job:localhost/replica:0/task:0/device:GPU:0,19.0,0.019
fsVl98Mxj6,StridedSlice,/job:localhost/replica:0/task:0/device:GPU:0,19.0,0.019
Rt5G6wlhvu,MatMul,/job:localhost/replica:0/task:0/device:GPU:0,19.0,0.019
FxWqvdlwXK,Softmax,/job:localhost/replica:0/task:0/device:GPU:0,19.0,0.019
R48hdCZauc,BatchMatMulV2,/job:localhost/replica:0/task:0/device:GPU:0,19.0,0.019
WtPZkva1ou,ConcatV2,/job:localhost/replica:0/task:0/device:GPU:0,19.0,0.019
73diCX6J0f,Const,/job:localhost/replica:0/task:0/device:GPU:0,18.0,0.018
5ZyMSNJswK,Const,/job:localhost/replica:0/task:0/device:GPU:0,18.0,0.018
4RhJOavkg5,Const,/job:localhost/replica:0/task:0/device:GPU:0,18.0,0.018
Z12iunCJO3,Const,/job:localhost/replica:0/task:0/device:GPU:0,18.0,0.018
kBoFIU9tLV,Fill,/job:localhost/replica:0/task:0/device:GPU:0,18.0,0.018
biE3I4APpC,Equal,/job:localhost/replica:0/task:0/device:GPU:0,18.0,0.018
v4aIVHLW3K,StridedSlice,/job:localhost/replica:0/task:0/device:GPU:0,18.0,0.018
Si3kFf10tW,BiasAdd,/job:localhost/replica:0/task:0/device:GPU:0,18.0,0.018
nePotJzBhX,Cast,/job:localhost/replica:0/task:0/device:GPU:0,18.0,0.018
VRfs9LPJEC,Prod,/job:localhost/replica:0/task:0/device:GPU:0,18.0,0.018
eO7iCRTld9,Prod,/job:localhost/replica:0/task:0/device:GPU:0,18.0,0.018
G6B2lfMgFK,Pow,/job:localhost/replica:0/task:0/device:GPU:0,18.0,0.018
vuo0VGMY2N,ZerosLike,/job:localhost/replica:0/task:0/device:GPU:0,18.0,0.018
V6rzJYSx5L,NotEqual,/job:localhost/replica:0/task:0/device:GPU:0,18.0,0.018
putU9X1zCO,Add,/job:localhost/replica:0/task:0/device:GPU:0,18.0,0.018
qyfsbgXtx3,Add,/job:localhost/replica:0/task:0/device:GPU:0,18.0,0.018
EJCji56MaO,Select,/job:localhost/replica:0/task:0/device:GPU:0,18.0,0.018
6Gmy2v5sre,MatMul,/job:localhost/replica:0/task:0/device:GPU:0,18.0,0.018
GtW20EhbiV,Sub,/job:localhost/replica:0/task:0/device:GPU:0,18.0,0.018
FA93YdIVJ4,Sub,/job:localhost/replica:0/task:0/device:GPU:0,18.0,0.018
W2tlM3i4Yw,ConcatV2,/job:localhost/replica:0/task:0/device:GPU:0,18.0,0.018
oO1a8LmbMP,Mean,/job:localhost/replica:0/task:0/device:GPU:0,18.0,0.018
ZiFTAxvEIX,Pack,/job:localhost/replica:0/task:0/device:GPU:0,18.0,0.018
NlZXK1mOQR,ConcatV2,/job:localhost/replica:0/task:0/device:GPU:0,18.0,0.018
qOXgoHJF36,ConcatV2,/job:localhost/replica:0/task:0/device:GPU:0,18.0,0.018
XmjD0649uE,ConcatV2,/job:localhost/replica:0/task:0/device:GPU:0,18.0,0.018
cmWEGyblOZ,MatMul,/job:localhost/replica:0/task:0/device:GPU:0,18.0,0.018
cHnG2aBCA3,MatMul,/job:localhost/replica:0/task:0/device:GPU:0,18.0,0.018
mkWnNEC8Ql,Mul,/job:localhost/replica:0/task:0/device:GPU:0,18.0,0.018
ev7m19Y2pN,MatMul,/job:localhost/replica:0/task:0/device:GPU:0,18.0,0.018
f4E9I6oshe,Const,/job:localhost/replica:0/task:0/device:GPU:0,17.0,0.017
4WYRMHe2br,Const,/job:localhost/replica:0/task:0/device:GPU:0,17.0,0.017
Ikx7FNTzdV,Shape,/job:localhost/replica:0/task:0/device:GPU:0,17.0,0.017
doOSjMxbZE,Select,/job:localhost/replica:0/task:0/device:GPU:0,17.0,0.017
5UAHlrKamg,Slice,/job:localhost/replica:0/task:0/device:GPU:0,17.0,0.017
6warYpWN0o,StridedSlice,/job:localhost/replica:0/task:0/device:GPU:0,17.0,0.017
zkB4bXevHg,StridedSlice,/job:localhost/replica:0/task:0/device:GPU:0,17.0,0.017
fAqznxvp1J,Slice,/job:localhost/replica:0/task:0/device:GPU:0,17.0,0.017
m5DeHjbIWw,Slice,/job:localhost/replica:0/task:0/device:GPU:0,17.0,0.017
ugMvZYCsqG,Greater,/job:localhost/replica:0/task:0/device:GPU:0,17.0,0.017
J4cWIbFxT3,StridedSlice,/job:localhost/replica:0/task:0/device:GPU:0,17.0,0.017
CMEyKIkiZY,StridedSlice,/job:localhost/replica:0/task:0/device:GPU:0,17.0,0.017
v3XTFA5nEg,RealDiv,/job:localhost/replica:0/task:0/device:GPU:0,17.0,0.017
MvDi6EhcHU,Fill,/job:localhost/replica:0/task:0/device:GPU:0,17.0,0.017
W3DoBCQJe5,Fill,/job:localhost/replica:0/task:0/device:GPU:0,17.0,0.017
k89jIzy5CF,Select,/job:localhost/replica:0/task:0/device:GPU:0,17.0,0.017
EbNpheTjHQ,Mul,/job:localhost/replica:0/task:0/device:GPU:0,17.0,0.017
ReMZBoWbqf,ZerosLike,/job:localhost/replica:0/task:0/device:GPU:0,17.0,0.017
voxZ2C3Wlu,BatchMatMulV2,/job:localhost/replica:0/task:0/device:GPU:0,17.0,0.017
rDNOaBH6IE,Mul,/job:localhost/replica:0/task:0/device:GPU:0,17.0,0.017
c1xM98GZ0k,ConcatV2,/job:localhost/replica:0/task:0/device:GPU:0,17.0,0.017
OwfgtpiFTd,MatMul,/job:localhost/replica:0/task:0/device:GPU:0,17.0,0.017
8IVUwxykH4,MatMul,/job:localhost/replica:0/task:0/device:GPU:0,17.0,0.017
U17iMzHmGo,BatchMatMulV2,/job:localhost/replica:0/task:0/device:GPU:0,17.0,0.017
tHZKMpCGbI,MatMul,/job:localhost/replica:0/task:0/device:GPU:0,17.0,0.017
XGDCtZSImx,Prod,/job:localhost/replica:0/task:0/device:GPU:0,17.0,0.017
iUjcJv1S7m,ConcatV2,/job:localhost/replica:0/task:0/device:GPU:0,17.0,0.017
M4auvYAQ3n,MatMul,/job:localhost/replica:0/task:0/device:GPU:0,17.0,0.017
KlhpRsYMBG,Split,/job:localhost/replica:0/task:0/device:GPU:0,17.0,0.017
c7HgjvfRXa,ConcatV2,/job:localhost/replica:0/task:0/device:GPU:0,17.0,0.017
vPk6ZFrY3o,MatMul,/job:localhost/replica:0/task:0/device:GPU:0,17.0,0.017
IghYSTt570,BatchMatMulV2,/job:localhost/replica:0/task:0/device:GPU:0,17.0,0.017
fvGB6MxORw,GatherV2,/job:localhost/replica:0/task:0/device:GPU:0,17.0,0.017
peybz50iwD,Const,/job:localhost/replica:0/task:0/device:GPU:0,16.0,0.016
ymWVqNx96h,Const,/job:localhost/replica:0/task:0/device:GPU:0,16.0,0.016
tz8ImSBe6i,Const,/job:localhost/replica:0/task:0/device:GPU:0,16.0,0.016
KH2P93J8iB,Const,/job:localhost/replica:0/task:0/device:GPU:0,16.0,0.016
GDTMsv2obP,Const,/job:localhost/replica:0/task:0/device:GPU:0,16.0,0.016
EOI0n9FglV,Const,/job:localhost/replica:0/task:0/device:GPU:0,16.0,0.016
sYV86JNSz9,Fill,/job:localhost/replica:0/task:0/device:GPU:0,16.0,0.016
HwWrBAEYND,StridedSlice,/job:localhost/replica:0/task:0/device:GPU:0,16.0,0.016
yEnWbgAv47,StridedSlice,/job:localhost/replica:0/task:0/device:GPU:0,16.0,0.016
BZGP6SNC54,Cast,/job:localhost/replica:0/task:0/device:GPU:0,16.0,0.016
wyThcsEbtP,Mean,/job:localhost/replica:0/task:0/device:GPU:0,16.0,0.016
GbQyAap3lr,Mean,/job:localhost/replica:0/task:0/device:GPU:0,16.0,0.016
YI7NdW0FEG,Fill,/job:localhost/replica:0/task:0/device:GPU:0,16.0,0.016
8ST3PzBqwk,Equal,/job:localhost/replica:0/task:0/device:GPU:0,16.0,0.016
w8F1VfsCbD,Slice,/job:localhost/replica:0/task:0/device:GPU:0,16.0,0.016
MiEks4fZdJ,Slice,/job:localhost/replica:0/task:0/device:GPU:0,16.0,0.016
OcVMAlLnjN,Equal,/job:localhost/replica:0/task:0/device:GPU:0,16.0,0.016
VJLvfH3pCN,Pow,/job:localhost/replica:0/task:0/device:GPU:0,16.0,0.016
4Hrtw2iBqs,StridedSlice,/job:localhost/replica:0/task:0/device:GPU:0,16.0,0.016
8KNpCnbvyH,StridedSlice,/job:localhost/replica:0/task:0/device:GPU:0,16.0,0.016
7xR6BacqdU,StridedSlice,/job:localhost/replica:0/task:0/device:GPU:0,16.0,0.016
jcO830gEsI,LogicalOr,/job:localhost/replica:0/task:0/device:GPU:0,16.0,0.016
MnZrbpxdoe,Tanh,/job:localhost/replica:0/task:0/device:GPU:0,16.0,0.016
FBLGH4WNl5,Sum,/job:localhost/replica:0/task:0/device:GPU:0,16.0,0.016
5VaqlzurHI,Mean,/job:localhost/replica:0/task:0/device:GPU:0,16.0,0.016
RLvQXoksCe,Prod,/job:localhost/replica:0/task:0/device:GPU:0,16.0,0.016
ujtP91fvaJ,Fill,/job:localhost/replica:0/task:0/device:GPU:0,16.0,0.016
FdxZ1aWk7i,Add,/job:localhost/replica:0/task:0/device:GPU:0,16.0,0.016
D8rQHeRvMt,Pow,/job:localhost/replica:0/task:0/device:GPU:0,16.0,0.016
DV1LX85mdu,Select,/job:localhost/replica:0/task:0/device:GPU:0,16.0,0.016
Ne85DJBd3c,Pow,/job:localhost/replica:0/task:0/device:GPU:0,16.0,0.016
EepATxRo7Y,Mean,/job:localhost/replica:0/task:0/device:GPU:0,16.0,0.016
Z6fCpLV0xP,ConcatV2,/job:localhost/replica:0/task:0/device:GPU:0,16.0,0.016
L5062ZkihN,MatMul,/job:localhost/replica:0/task:0/device:GPU:0,16.0,0.016
7lXRikvofA,MatMul,/job:localhost/replica:0/task:0/device:GPU:0,16.0,0.016
ryXmEjoTBc,MatMul,/job:localhost/replica:0/task:0/device:GPU:0,16.0,0.016
NTpr53SJ2b,ConcatV2,/job:localhost/replica:0/task:0/device:GPU:0,16.0,0.016
z05t4y9ruo,MatMul,/job:localhost/replica:0/task:0/device:GPU:0,16.0,0.016
oSGuIrbnXh,Prod,/job:localhost/replica:0/task:0/device:GPU:0,16.0,0.016
ch9WBNfqn7,Mean,/job:localhost/replica:0/task:0/device:GPU:0,16.0,0.016
lzCygKUHx9,BatchMatMulV2,/job:localhost/replica:0/task:0/device:GPU:0,16.0,0.016
bmgf1DuWs4,StridedSlice,/job:localhost/replica:0/task:0/device:GPU:0,16.0,0.016
rHGkgltJ6m,MatMul,/job:localhost/replica:0/task:0/device:GPU:0,16.0,0.016
KPfAMylFUc,BatchMatMulV2,/job:localhost/replica:0/task:0/device:GPU:0,16.0,0.016
WZSebMQVKu,BatchMatMulV2,/job:localhost/replica:0/task:0/device:GPU:0,16.0,0.016
Y4JCTo13wK,BatchMatMulV2,/job:localhost/replica:0/task:0/device:GPU:0,16.0,0.016
18kZo3EPeQ,Mul,/job:localhost/replica:0/task:0/device:GPU:0,16.0,0.016
6eajoZQviD,Const,/job:localhost/replica:0/task:0/device:GPU:0,15.0,0.015
isQ2yqAaFI,Const,/job:localhost/replica:0/task:0/device:GPU:0,15.0,0.015
x4IEpQmBTX,Const,/job:localhost/replica:0/task:0/device:GPU:0,15.0,0.015
1PVgiOKCol,Const,/job:localhost/replica:0/task:0/device:GPU:0,15.0,0.015
LO91dkMFxj,Shape,/job:localhost/replica:0/task:0/device:GPU:0,15.0,0.015
Fg4mXTKojw,Shape,/job:localhost/replica:0/task:0/device:GPU:0,15.0,0.015
BCxWr9ZIUh,Const,/job:localhost/replica:0/task:0/device:GPU:0,15.0,0.015
rMFEZjKv1o,Const,/job:localhost/replica:0/task:0/device:GPU:0,15.0,0.015
5FhRnqVQOa,Const,/job:localhost/replica:0/task:0/device:GPU:0,15.0,0.015
JBSdL7zGOq,Const,/job:localhost/replica:0/task:0/device:GPU:0,15.0,0.015
ChnbgTGk13,Const,/job:localhost/replica:0/task:0/device:GPU:0,15.0,0.015
lAr0yjDtaf,Shape,/job:localhost/replica:0/task:0/device:GPU:0,15.0,0.015
Zp3NhUeTPb,Shape,/job:localhost/replica:0/task:0/device:GPU:0,15.0,0.015
D6dfI7Aix5,Const,/job:localhost/replica:0/task:0/device:GPU:0,15.0,0.015
N8hjGMgYbE,Fill,/job:localhost/replica:0/task:0/device:GPU:0,15.0,0.015
GVZIXisAqS,RealDiv,/job:localhost/replica:0/task:0/device:GPU:0,15.0,0.015
Vrsm5GyBh4,StridedSlice,/job:localhost/replica:0/task:0/device:GPU:0,15.0,0.015
jUAaiJZz0m,Slice,/job:localhost/replica:0/task:0/device:GPU:0,15.0,0.015
0tbO3Uj4dx,StridedSlice,/job:localhost/replica:0/task:0/device:GPU:0,15.0,0.015
kaqYbv0O8C,Mul,/job:localhost/replica:0/task:0/device:GPU:0,15.0,0.015
sLnMGJgalF,Mean,/job:localhost/replica:0/task:0/device:GPU:0,15.0,0.015
lsHaJSy18M/_561__cf__561,Reshape,/job:localhost/replica:0/task:0/device:GPU:0,15.0,0.015
ISFusMqiJo,Cast,/job:localhost/replica:0/task:0/device:GPU:0,15.0,0.015
IxP2ELRYGM,Slice,/job:localhost/replica:0/task:0/device:GPU:0,15.0,0.015
VTsuzqPNtC,Add,/job:localhost/replica:0/task:0/device:GPU:0,15.0,0.015
FYPZWaVTnH,Equal,/job:localhost/replica:0/task:0/device:GPU:0,15.0,0.015
NYGQbP0g4K,Greater,/job:localhost/replica:0/task:0/device:GPU:0,15.0,0.015
8RhCSczF0G,StridedSlice,/job:localhost/replica:0/task:0/device:GPU:0,15.0,0.015
NLx4HrQCvZ,NotEqual,/job:localhost/replica:0/task:0/device:GPU:0,15.0,0.015
9i7PQWcxBG,NotEqual,/job:localhost/replica:0/task:0/device:GPU:0,15.0,0.015
qL1ltPzcRm,StridedSlice,/job:localhost/replica:0/task:0/device:GPU:0,15.0,0.015
RtJahEfKHg,StridedSlice,/job:localhost/replica:0/task:0/device:GPU:0,15.0,0.015
GWO6iPma1N,StridedSlice,/job:localhost/replica:0/task:0/device:GPU:0,15.0,0.015
L0exmc9tVp,Fill,/job:localhost/replica:0/task:0/device:GPU:0,15.0,0.015
M3BPr6EsHD,Prod,/job:localhost/replica:0/task:0/device:GPU:0,15.0,0.015
V5JGhpcKdM,Mean,/job:localhost/replica:0/task:0/device:GPU:0,15.0,0.015
sWXUj031HE,Sigmoid,/job:localhost/replica:0/task:0/device:GPU:0,15.0,0.015
flpEGuVemr,Mean,/job:localhost/replica:0/task:0/device:GPU:0,15.0,0.015
Wot1rqm5S2,Fill,/job:localhost/replica:0/task:0/device:GPU:0,15.0,0.015
65SMi9O4IE,Fill,/job:localhost/replica:0/task:0/device:GPU:0,15.0,0.015
ikuvaAKF1D,Log,/job:localhost/replica:0/task:0/device:GPU:0,15.0,0.015
KkztNGndho,NotEqual,/job:localhost/replica:0/task:0/device:GPU:0,15.0,0.015
7u8Pz9kwNy,Fill,/job:localhost/replica:0/task:0/device:GPU:0,15.0,0.015
M3I2tOYch0,NotEqual,/job:localhost/replica:0/task:0/device:GPU:0,15.0,0.015
vZKw3DOtyS,AddN,/job:localhost/replica:0/task:0/device:GPU:0,15.0,0.015
3Q5TqfOMaC,Mul,/job:localhost/replica:0/task:0/device:GPU:0,15.0,0.015
S3VI8adom7,Sub,/job:localhost/replica:0/task:0/device:GPU:0,15.0,0.015
lTuQEKHAiO,Equal,/job:localhost/replica:0/task:0/device:GPU:0,15.0,0.015
cYMJCPIn7A,AddN,/job:localhost/replica:0/task:0/device:GPU:0,15.0,0.015
aQFp89MrKX,Sub,/job:localhost/replica:0/task:0/device:GPU:0,15.0,0.015
hZAJun1D9g,ConcatV2,/job:localhost/replica:0/task:0/device:GPU:0,15.0,0.015
qjyX9BZJuc,ConcatV2,/job:localhost/replica:0/task:0/device:GPU:0,15.0,0.015
hYXZ7oI0WC,Select,/job:localhost/replica:0/task:0/device:GPU:0,15.0,0.015
ftkLSy1dr0,StridedSlice,/job:localhost/replica:0/task:0/device:GPU:0,15.0,0.015
fgOwoHBhdZ,Sum,/job:localhost/replica:0/task:0/device:GPU:0,15.0,0.015
5BxriJpI6O,BiasAdd,/job:localhost/replica:0/task:0/device:GPU:0,15.0,0.015
vZR0VtO8Js,SquaredDifference,/job:localhost/replica:0/task:0/device:GPU:0,15.0,0.015
XC1un3hEFr,BiasAdd,/job:localhost/replica:0/task:0/device:GPU:0,15.0,0.015
1aVSK4stjf,ConcatV2,/job:localhost/replica:0/task:0/device:GPU:0,15.0,0.015
EGHDT8odze,ConcatV2,/job:localhost/replica:0/task:0/device:GPU:0,15.0,0.015
Pvzi1nIteu,MatMul,/job:localhost/replica:0/task:0/device:GPU:0,15.0,0.015
ih2lnz3ayu,RealDiv,/job:localhost/replica:0/task:0/device:GPU:0,15.0,0.015
aAihUZrLJy,BiasAdd,/job:localhost/replica:0/task:0/device:GPU:0,15.0,0.015
mAbK2EiWO6,Reshape,/job:localhost/replica:0/task:0/device:GPU:0,15.0,0.015
8AWxONeJrq,MatMul,/job:localhost/replica:0/task:0/device:GPU:0,15.0,0.015
FsRW065qLe,MatMul,/job:localhost/replica:0/task:0/device:GPU:0,15.0,0.015
RhdbuMsXGg,BatchMatMulV2,/job:localhost/replica:0/task:0/device:GPU:0,15.0,0.015
B4dwy6M5Gs,BatchMatMulV2,/job:localhost/replica:0/task:0/device:GPU:0,15.0,0.015
xvipqPzS1b,BatchMatMulV2,/job:localhost/replica:0/task:0/device:GPU:0,15.0,0.015
JtzCSYeRhM,BatchMatMulV2,/job:localhost/replica:0/task:0/device:GPU:0,15.0,0.015
FNKVmHiLGc,BatchMatMulV2,/job:localhost/replica:0/task:0/device:GPU:0,15.0,0.015
p7BqgiCMF8,MatMul,/job:localhost/replica:0/task:0/device:GPU:0,15.0,0.015
wILf9QAcXb,Const,/job:localhost/replica:0/task:0/device:GPU:0,14.0,0.014
KQ9seFbOt6,Const,/job:localhost/replica:0/task:0/device:GPU:0,14.0,0.014
ELgBXS8NZ2,Const,/job:localhost/replica:0/task:0/device:GPU:0,14.0,0.014
jNEtzvwFRe,Const,/job:localhost/replica:0/task:0/device:GPU:0,14.0,0.014
tLf5ErVhZ1,Const,/job:localhost/replica:0/task:0/device:GPU:0,14.0,0.014
aS2M8dGxto,Const,/job:localhost/replica:0/task:0/device:GPU:0,14.0,0.014
Adyea5wNYu,Const,/job:localhost/replica:0/task:0/device:GPU:0,14.0,0.014
NHzaXgf1cj,Const,/job:localhost/replica:0/task:0/device:GPU:0,14.0,0.014
zhg82yu6EQ,Const,/job:localhost/replica:0/task:0/device:GPU:0,14.0,0.014
oKFCUmAk6Z,Const,/job:localhost/replica:0/task:0/device:GPU:0,14.0,0.014
U52tensSzi,Const,/job:localhost/replica:0/task:0/device:GPU:0,14.0,0.014
iPWG5Nqtrm,Const,/job:localhost/replica:0/task:0/device:GPU:0,14.0,0.014
kTybjKWtUw,Const,/job:localhost/replica:0/task:0/device:GPU:0,14.0,0.014
Eq6ZsOoDMv,Const,/job:localhost/replica:0/task:0/device:GPU:0,14.0,0.014
QU9bVtCZ0d,Const,/job:localhost/replica:0/task:0/device:GPU:0,14.0,0.014
GU0VB47b39,MatMul,/job:localhost/replica:0/task:0/device:GPU:0,14.0,0.014
Q2xTIjR7vS,MatMul,/job:localhost/replica:0/task:0/device:GPU:0,14.0,0.014
6WAwzX21nv,StridedSlice,/job:localhost/replica:0/task:0/device:GPU:0,14.0,0.014
DbA1ESZVFg,RealDiv,/job:localhost/replica:0/task:0/device:GPU:0,14.0,0.014
sSeZHXA6P9,Cast,/job:localhost/replica:0/task:0/device:GPU:0,14.0,0.014
vKDBcV9Pfe,RealDiv,/job:localhost/replica:0/task:0/device:GPU:0,14.0,0.014
TOX0FGR84U,Slice,/job:localhost/replica:0/task:0/device:GPU:0,14.0,0.014
ketFlWVgCD,Select,/job:localhost/replica:0/task:0/device:GPU:0,14.0,0.014
rA4THQvE7Z,Equal,/job:localhost/replica:0/task:0/device:GPU:0,14.0,0.014
oXAUOqd7gh,StridedSlice,/job:localhost/replica:0/task:0/device:GPU:0,14.0,0.014
w7RMs09uOy,NotEqual,/job:localhost/replica:0/task:0/device:GPU:0,14.0,0.014
7QUo9tHBPE,LogicalOr,/job:localhost/replica:0/task:0/device:GPU:0,14.0,0.014
w56CNMt4VD,StridedSlice,/job:localhost/replica:0/task:0/device:GPU:0,14.0,0.014
1LT4ytRiAV,Prod,/job:localhost/replica:0/task:0/device:GPU:0,14.0,0.014
mOMYwI6Tt4,Mean,/job:localhost/replica:0/task:0/device:GPU:0,14.0,0.014
bQUVPwsqHK,StridedSlice,/job:localhost/replica:0/task:0/device:GPU:0,14.0,0.014
9QwE2dLKfj,Log,/job:localhost/replica:0/task:0/device:GPU:0,14.0,0.014
ZoMcjFRtOE,RealDiv,/job:localhost/replica:0/task:0/device:GPU:0,14.0,0.014
BfgILWq3RE,AddV2,/job:localhost/replica:0/task:0/device:GPU:0,14.0,0.014
z7xNQPr2Hd,Select,/job:localhost/replica:0/task:0/device:GPU:0,14.0,0.014
odvV6bI0TZ,AddN,/job:localhost/replica:0/task:0/device:GPU:0,14.0,0.014
siLlur0eAa,Shape,/job:localhost/replica:0/task:0/device:GPU:0,14.0,0.014
znxvdOfQhU,Select,/job:localhost/replica:0/task:0/device:GPU:0,14.0,0.014
DQI5fPB1a3,BiasAdd,/job:localhost/replica:0/task:0/device:GPU:0,14.0,0.014
kcqpXwWsVN,AddN,/job:localhost/replica:0/task:0/device:GPU:0,14.0,0.014
Ik1ohd6EUQ,BiasAdd,/job:localhost/replica:0/task:0/device:GPU:0,14.0,0.014
lLh8mQXDM0,BiasAdd,/job:localhost/replica:0/task:0/device:GPU:0,14.0,0.014
Ym9GxfWSQh,ConcatV2,/job:localhost/replica:0/task:0/device:GPU:0,14.0,0.014
qeQnx3zrLN,ConcatV2,/job:localhost/replica:0/task:0/device:GPU:0,14.0,0.014
aXtr0WjVLk,MatMul,/job:localhost/replica:0/task:0/device:GPU:0,14.0,0.014
4arynQAZXt,Prod,/job:localhost/replica:0/task:0/device:GPU:0,14.0,0.014
JWmX4SEUjd,MatMul,/job:localhost/replica:0/task:0/device:GPU:0,14.0,0.014
xotsCQqvWi,SquaredDifference,/job:localhost/replica:0/task:0/device:GPU:0,14.0,0.014
I7Xwd41SjL,ConcatV2,/job:localhost/replica:0/task:0/device:GPU:0,14.0,0.014
HJfgSoj8ds,ConcatV2,/job:localhost/replica:0/task:0/device:GPU:0,14.0,0.014
OZYzXaQcDp,MatMul,/job:localhost/replica:0/task:0/device:GPU:0,14.0,0.014
8faIFl1wzA,MatMul,/job:localhost/replica:0/task:0/device:GPU:0,14.0,0.014
8cwGkzUox2,Sum,/job:localhost/replica:0/task:0/device:GPU:0,14.0,0.014
vbf1mYJn0K,MatMul,/job:localhost/replica:0/task:0/device:GPU:0,14.0,0.014
ayADs5Vgbd,BatchMatMulV2,/job:localhost/replica:0/task:0/device:GPU:0,14.0,0.014
fvz3ymkF8g,GatherV2,/job:localhost/replica:0/task:0/device:GPU:0,14.0,0.014
F50WRZCiGy,Prod,/job:localhost/replica:0/task:0/device:GPU:0,14.0,0.014
eMkX7qaGpY,Mean,/job:localhost/replica:0/task:0/device:GPU:0,14.0,0.014
75vFwUB628,Const,/job:localhost/replica:0/task:0/device:GPU:0,13.0,0.013
rUoLHIz8us,Const,/job:localhost/replica:0/task:0/device:GPU:0,13.0,0.013
3nV4uK1js2,Const,/job:localhost/replica:0/task:0/device:GPU:0,13.0,0.013
vXbo8VIyTZ,Const,/job:localhost/replica:0/task:0/device:GPU:0,13.0,0.013
XeAWYmHfC0,Const,/job:localhost/replica:0/task:0/device:GPU:0,13.0,0.013
aqpoFyMbAu,Const,/job:localhost/replica:0/task:0/device:GPU:0,13.0,0.013
AswGEY4gPW,Const,/job:localhost/replica:0/task:0/device:GPU:0,13.0,0.013
7mRVKrSY9c,Const,/job:localhost/replica:0/task:0/device:GPU:0,13.0,0.013
39QJETr4V6,Const,/job:localhost/replica:0/task:0/device:GPU:0,13.0,0.013
QiPHvtR6fh,Const,/job:localhost/replica:0/task:0/device:GPU:0,13.0,0.013
8tZWUm3JGq,Const,/job:localhost/replica:0/task:0/device:GPU:0,13.0,0.013
jULHNkZX04,Relu,/job:localhost/replica:0/task:0/device:GPU:0,13.0,0.013
fUXuFIZg1z/_476__cf__476,Reshape,/job:localhost/replica:0/task:0/device:GPU:0,13.0,0.013
VI3M2hFPtR,StridedSlice,/job:localhost/replica:0/task:0/device:GPU:0,13.0,0.013
eOGDa37Y4B,Mul,/job:localhost/replica:0/task:0/device:GPU:0,13.0,0.013
cCj28GyHuO,StridedSlice,/job:localhost/replica:0/task:0/device:GPU:0,13.0,0.013
dI7lMBH6TE,Mean,/job:localhost/replica:0/task:0/device:GPU:0,13.0,0.013
n13c5OTR6M,Prod,/job:localhost/replica:0/task:0/device:GPU:0,13.0,0.013
mWFdo6ZUDA,StridedSlice,/job:localhost/replica:0/task:0/device:GPU:0,13.0,0.013
h9W54yGwHS,Sign,/job:localhost/replica:0/task:0/device:GPU:0,13.0,0.013
ykjD76lqR0,Add,/job:localhost/replica:0/task:0/device:GPU:0,13.0,0.013
CPHJ8Smq7a,RealDiv,/job:localhost/replica:0/task:0/device:GPU:0,13.0,0.013
yQ4XfMZiFD,Fill,/job:localhost/replica:0/task:0/device:GPU:0,13.0,0.013
fV76siI2YU,Select,/job:localhost/replica:0/task:0/device:GPU:0,13.0,0.013
HqGNUeY38F,Squeeze,/job:localhost/replica:0/task:0/device:GPU:0,13.0,0.013
X7lr5fY3UO,AddN,/job:localhost/replica:0/task:0/device:GPU:0,13.0,0.013
6HWL4jDgBi,BiasAdd,/job:localhost/replica:0/task:0/device:GPU:0,13.0,0.013
gF9BJ0otkw,BiasAdd,/job:localhost/replica:0/task:0/device:GPU:0,13.0,0.013
YqAUu0zQj2,Add,/job:localhost/replica:0/task:0/device:GPU:0,13.0,0.013
7zUFI9Audh,Pack,/job:localhost/replica:0/task:0/device:GPU:0,13.0,0.013
Zr2lo0eWHy,StridedSlice,/job:localhost/replica:0/task:0/device:GPU:0,13.0,0.013
mbUlS8EkYL,ConcatV2,/job:localhost/replica:0/task:0/device:GPU:0,13.0,0.013
IjfF2MV3gX,ConcatV2,/job:localhost/replica:0/task:0/device:GPU:0,13.0,0.013
pcHJBN14eo,ConcatV2,/job:localhost/replica:0/task:0/device:GPU:0,13.0,0.013
sb9PDkz4V3,RandomUniform,/job:localhost/replica:0/task:0/device:GPU:0,13.0,0.013
vQued2TrEF,AddN,/job:localhost/replica:0/task:0/device:GPU:0,13.0,0.013
X2iWCBYN1O,MatMul,/job:localhost/replica:0/task:0/device:GPU:0,13.0,0.013
SYa5ROCsfv,SquaredDifference,/job:localhost/replica:0/task:0/device:GPU:0,13.0,0.013
nklmC8wsDL,MatMul,/job:localhost/replica:0/task:0/device:GPU:0,13.0,0.013
oxa4byRes0,Mean,/job:localhost/replica:0/task:0/device:GPU:0,13.0,0.013
GuAVYnqzRK,StridedSlice,/job:localhost/replica:0/task:0/device:GPU:0,13.0,0.013
PDrg85oaHY,ConcatV2,/job:localhost/replica:0/task:0/device:GPU:0,13.0,0.013
jSXimvkH0o,ConcatV2,/job:localhost/replica:0/task:0/device:GPU:0,13.0,0.013
iuPK9vrkON,RealDiv,/job:localhost/replica:0/task:0/device:GPU:0,13.0,0.013
NHIeLiKStR,MatMul,/job:localhost/replica:0/task:0/device:GPU:0,13.0,0.013
gAnMCT3fjy,MatMul,/job:localhost/replica:0/task:0/device:GPU:0,13.0,0.013
FHNxeSjf1u,ConcatV2,/job:localhost/replica:0/task:0/device:GPU:0,13.0,0.013
fdO1JkHnUC,Sum,/job:localhost/replica:0/task:0/device:GPU:0,13.0,0.013
zRqxLekZ5c,RealDiv,/job:localhost/replica:0/task:0/device:GPU:0,13.0,0.013
PqckAe0j4B,Sub,/job:localhost/replica:0/task:0/device:GPU:0,13.0,0.013
u1nIvMErOw,MatMul,/job:localhost/replica:0/task:0/device:GPU:0,13.0,0.013
gbSU4atTNP,MatMul,/job:localhost/replica:0/task:0/device:GPU:0,13.0,0.013
uoawhiKvOW,AddV2,/job:localhost/replica:0/task:0/device:GPU:0,13.0,0.013
bTR6CYmjlX,RealDiv,/job:localhost/replica:0/task:0/device:GPU:0,13.0,0.013
tbsSJ9E4Z0,ConcatV2,/job:localhost/replica:0/task:0/device:GPU:0,13.0,0.013
xuskNETlMh,ConcatV2,/job:localhost/replica:0/task:0/device:GPU:0,13.0,0.013
B7hNuHS1Do,BatchMatMulV2,/job:localhost/replica:0/task:0/device:GPU:0,13.0,0.013
1o9p4a5uwE,Mul,/job:localhost/replica:0/task:0/device:GPU:0,13.0,0.013
swkZYVdzuh,Prod,/job:localhost/replica:0/task:0/device:GPU:0,13.0,0.013
43RGU8zgr0,Prod,/job:localhost/replica:0/task:0/device:GPU:0,13.0,0.013
CLF7lDvGNe,Const,/job:localhost/replica:0/task:0/device:GPU:0,12.0,0.012
k2X1Q5HiYn,Equal,/job:localhost/replica:0/task:0/device:GPU:0,12.0,0.012
DWVyQlCd8o,ZerosLike,/job:localhost/replica:0/task:0/device:GPU:0,12.0,0.012
L8XovAgKiP,StridedSlice,/job:localhost/replica:0/task:0/device:GPU:0,12.0,0.012
e7QXmfCdca,AddV2,/job:localhost/replica:0/task:0/device:GPU:0,12.0,0.012
gSTCpFiKU4,Add,/job:localhost/replica:0/task:0/device:GPU:0,12.0,0.012
0qwkHRMU6T,StridedSlice,/job:localhost/replica:0/task:0/device:GPU:0,12.0,0.012
DpFMldk82P,StridedSlice,/job:localhost/replica:0/task:0/device:GPU:0,12.0,0.012
6xSeK9t7hG,Mean,/job:localhost/replica:0/task:0/device:GPU:0,12.0,0.012
3Xbhxt9rWQ,Const,/job:localhost/replica:0/task:0/device:GPU:0,12.0,0.012
jYN9dUEToB,Fill,/job:localhost/replica:0/task:0/device:GPU:0,12.0,0.012
6Qd03F9Klu,AddN,/job:localhost/replica:0/task:0/device:GPU:0,12.0,0.012
NJW4OZkQB2,Mean,/job:localhost/replica:0/task:0/device:GPU:0,12.0,0.012
fp2mtGX4ck,StridedSlice,/job:localhost/replica:0/task:0/device:GPU:0,12.0,0.012
kn5fKl7aAp,Shape,/job:localhost/replica:0/task:0/device:GPU:0,12.0,0.012
iKyBc8PDjp,Squeeze,/job:localhost/replica:0/task:0/device:GPU:0,12.0,0.012
8ca3LGF1ip,Maximum,/job:localhost/replica:0/task:0/device:GPU:0,12.0,0.012
DVbLSgh0QW,RealDiv,/job:localhost/replica:0/task:0/device:GPU:0,12.0,0.012
ZmQ8tqn0uz,AddN,/job:localhost/replica:0/task:0/device:GPU:0,12.0,0.012
9WM62JjXuE,ConcatV2,/job:localhost/replica:0/task:0/device:GPU:0,12.0,0.012
ARQIxEGg1H,Add,/job:localhost/replica:0/task:0/device:GPU:0,12.0,0.012
2JtpPEqWvZ,AddN,/job:localhost/replica:0/task:0/device:GPU:0,12.0,0.012
WD4nJEKhrm,MatMul,/job:localhost/replica:0/task:0/device:GPU:0,12.0,0.012
M37bYjnyeF,MatMul,/job:localhost/replica:0/task:0/device:GPU:0,12.0,0.012
PSvsxl8Yjy,Less,/job:localhost/replica:0/task:0/device:GPU:0,12.0,0.012
qpPRX9cnse,Sum,/job:localhost/replica:0/task:0/device:GPU:0,12.0,0.012
MBFs0hvUYr,Slice,/job:localhost/replica:0/task:0/device:GPU:0,12.0,0.012
9peMDBQ532,BiasAdd,/job:localhost/replica:0/task:0/device:GPU:0,12.0,0.012
s1eT7cCRFh,RealDiv,/job:localhost/replica:0/task:0/device:GPU:0,12.0,0.012
Oq4KgZDBH7,AddN,/job:localhost/replica:0/task:0/device:GPU:0,12.0,0.012
VDM2qUeOxZ,MatMul,/job:localhost/replica:0/task:0/device:GPU:0,12.0,0.012
ZN6SGX0HAx,MatMul,/job:localhost/replica:0/task:0/device:GPU:0,12.0,0.012
fYDMhOXNu8,MatMul,/job:localhost/replica:0/task:0/device:GPU:0,12.0,0.012
6vGsTErKwV,MatMul,/job:localhost/replica:0/task:0/device:GPU:0,12.0,0.012
ZOxLiaYm49,MatMul,/job:localhost/replica:0/task:0/device:GPU:0,12.0,0.012
d2BrTZnQCq,MatMul,/job:localhost/replica:0/task:0/device:GPU:0,12.0,0.012
bTCxi9BWS5,Select,/job:localhost/replica:0/task:0/device:GPU:0,12.0,0.012
DRW638vxKH,Tile,/job:localhost/replica:0/task:0/device:GPU:0,12.0,0.012
GQC8IiwBLg,ConcatV2,/job:localhost/replica:0/task:0/device:GPU:0,12.0,0.012
ONq64k9g3B,ConcatV2,/job:localhost/replica:0/task:0/device:GPU:0,12.0,0.012
MX4mgDGiYN,SquaredDifference,/job:localhost/replica:0/task:0/device:GPU:0,12.0,0.012
fEwDI3lrHL,MatMul,/job:localhost/replica:0/task:0/device:GPU:0,12.0,0.012
sv0jH8MZqc,MatMul,/job:localhost/replica:0/task:0/device:GPU:0,12.0,0.012
ptNga2vhQk,Cast,/job:localhost/replica:0/task:0/device:GPU:0,12.0,0.012
N4aBxKymVq,ConcatV2,/job:localhost/replica:0/task:0/device:GPU:0,12.0,0.012
ez3rEYoCJW,ConcatV2,/job:localhost/replica:0/task:0/device:GPU:0,12.0,0.012
cUzNEOWh47,Pow,/job:localhost/replica:0/task:0/device:GPU:0,12.0,0.012
am4W6edp7l,Sub,/job:localhost/replica:0/task:0/device:GPU:0,12.0,0.012
VSmFgE7bNn,Mul,/job:localhost/replica:0/task:0/device:GPU:0,12.0,0.012
iVaZ6BdQ2e,Log,/job:localhost/replica:0/task:0/device:GPU:0,12.0,0.012
TudAkRqWBJ,ConcatV2,/job:localhost/replica:0/task:0/device:GPU:0,12.0,0.012
V7Y9Z86gCD,Mul,/job:localhost/replica:0/task:0/device:GPU:0,12.0,0.012
k3YMeaGgLC,Prod,/job:localhost/replica:0/task:0/device:GPU:0,12.0,0.012
dkBEAP9MUZ,Const,/job:localhost/replica:0/task:0/device:GPU:0,11.0,0.011
1Rr3agbKPC,LogicalOr,/job:localhost/replica:0/task:0/device:GPU:0,11.0,0.011
64RSTNDVP1,Minimum,/job:localhost/replica:0/task:0/device:GPU:0,11.0,0.011
Mw1NqHZi98,Cast,/job:localhost/replica:0/task:0/device:GPU:0,11.0,0.011
bzsRafIEVL,Sub,/job:localhost/replica:0/task:0/device:GPU:0,11.0,0.011
AWa53Jzwvt,Maximum,/job:localhost/replica:0/task:0/device:GPU:0,11.0,0.011
alDw7W6NEU,Prod,/job:localhost/replica:0/task:0/device:GPU:0,11.0,0.011
eKQujnRl9Z,Mean,/job:localhost/replica:0/task:0/device:GPU:0,11.0,0.011
ZfnBFxcLl1,Equal,/job:localhost/replica:0/task:0/device:GPU:0,11.0,0.011
oay3uiF8mg,NotEqual,/job:localhost/replica:0/task:0/device:GPU:0,11.0,0.011
hFlioAn1gw,MatMul,/job:localhost/replica:0/task:0/device:GPU:0,11.0,0.011
L2p4i0sVOI,Pow,/job:localhost/replica:0/task:0/device:GPU:0,11.0,0.011
r6bTezMRZK,StridedSlice,/job:localhost/replica:0/task:0/device:GPU:0,11.0,0.011
dqJsc56KFE,Mean,/job:localhost/replica:0/task:0/device:GPU:0,11.0,0.011
8vkE7mshe0,MatMul,/job:localhost/replica:0/task:0/device:GPU:0,11.0,0.011
K3dq5MflJW,RealDiv,/job:localhost/replica:0/task:0/device:GPU:0,11.0,0.011
76P1JAfyZI,SquaredDifference,/job:localhost/replica:0/task:0/device:GPU:0,11.0,0.011
cDK9qEwY0s,AddN,/job:localhost/replica:0/task:0/device:GPU:0,11.0,0.011
aN4uMmWRYv,Pow,/job:localhost/replica:0/task:0/device:GPU:0,11.0,0.011
K5z3A9Pn7t,AddN,/job:localhost/replica:0/task:0/device:GPU:0,11.0,0.011
G05Dir3qJf,Select,/job:localhost/replica:0/task:0/device:GPU:0,11.0,0.011
QwG9vO8Efe,BiasAdd,/job:localhost/replica:0/task:0/device:GPU:0,11.0,0.011
WQDtUMFydV,AddN,/job:localhost/replica:0/task:0/device:GPU:0,11.0,0.011
EJzPXq1KO0,Pow,/job:localhost/replica:0/task:0/device:GPU:0,11.0,0.011
1XzN0isL3d,Mean,/job:localhost/replica:0/task:0/device:GPU:0,11.0,0.011
z8LH9We5qa,MatMul,/job:localhost/replica:0/task:0/device:GPU:0,11.0,0.011
XK4cwQDglm,Mean,/job:localhost/replica:0/task:0/device:GPU:0,11.0,0.011
60EKwRsgGr,AddV2,/job:localhost/replica:0/task:0/device:GPU:0,11.0,0.011
CO0anZdRc2,RealDiv,/job:localhost/replica:0/task:0/device:GPU:0,11.0,0.011
2TVapNMBug,ConcatV2,/job:localhost/replica:0/task:0/device:GPU:0,11.0,0.011
yHvVNE7CF2,BiasAdd,/job:localhost/replica:0/task:0/device:GPU:0,11.0,0.011
Eb6WQ5yi8J,Prod,/job:localhost/replica:0/task:0/device:GPU:0,11.0,0.011
GcfTbBXdwo,MatMul,/job:localhost/replica:0/task:0/device:GPU:0,11.0,0.011
Ulz6Ld5jbB,MatMul,/job:localhost/replica:0/task:0/device:GPU:0,11.0,0.011
6i7wy3V5dr,MatMul,/job:localhost/replica:0/task:0/device:GPU:0,11.0,0.011
HsbYxEnavK,MatMul,/job:localhost/replica:0/task:0/device:GPU:0,11.0,0.011
AaVIQSFNEk,MatMul,/job:localhost/replica:0/task:0/device:GPU:0,11.0,0.011
5ZcKL8JyDk,Relu,/job:localhost/replica:0/task:0/device:GPU:0,11.0,0.011
mpowQl9UxZ,Tanh,/job:localhost/replica:0/task:0/device:GPU:0,11.0,0.011
chW0FoyfRI,AddV2,/job:localhost/replica:0/task:0/device:GPU:0,11.0,0.011
5JHTZgB6EW,BiasAdd,/job:localhost/replica:0/task:0/device:GPU:0,11.0,0.011
aupgywBVOd,MatMul,/job:localhost/replica:0/task:0/device:GPU:0,11.0,0.011
yZQq9ap0cr,Sub,/job:localhost/replica:0/task:0/device:GPU:0,11.0,0.011
W896VAbIBQ,Prod,/job:localhost/replica:0/task:0/device:GPU:0,11.0,0.011
f6jB5PAHC3,Sum,/job:localhost/replica:0/task:0/device:GPU:0,11.0,0.011
iZtg81CYrd,DiagPart,/job:localhost/replica:0/task:0/device:GPU:0,11.0,0.011
k0nQMxNlwZ,Unpack,/job:localhost/replica:0/task:0/device:GPU:0,11.0,0.011
GZUu4N1VgO,MatMul,/job:localhost/replica:0/task:0/device:GPU:0,11.0,0.011
PKmuSsrhWT,Pow,/job:localhost/replica:0/task:0/device:GPU:0,11.0,0.011
PqWr0wsxB9,Sub,/job:localhost/replica:0/task:0/device:GPU:0,11.0,0.011
EnbpXKjVIC,Prod,/job:localhost/replica:0/task:0/device:GPU:0,11.0,0.011
UCA9iOEeQF,Mean,/job:localhost/replica:0/task:0/device:GPU:0,11.0,0.011
tgE150wBka,ConcatV2,/job:localhost/replica:0/task:0/device:GPU:0,11.0,0.011
FfkPm4I2VB,ConcatV2,/job:localhost/replica:0/task:0/device:GPU:0,11.0,0.011
4uHRE7VUbo,ConcatV2,/job:localhost/replica:0/task:0/device:GPU:0,11.0,0.011
4v0F2DokIE,ConcatV2,/job:localhost/replica:0/task:0/device:GPU:0,11.0,0.011
f1cQa0FLVl,ConcatV2,/job:localhost/replica:0/task:0/device:GPU:0,11.0,0.011
qAzPgB1XUt,Mul,/job:localhost/replica:0/task:0/device:GPU:0,11.0,0.011
fMq0PKOwVZ,RealDiv,/job:localhost/replica:0/task:0/device:GPU:0,11.0,0.011
7I9QhNLFfd,MatMul,/job:localhost/replica:0/task:0/device:GPU:0,11.0,0.011
ayAleCr2fq,MatMul,/job:localhost/replica:0/task:0/device:GPU:0,11.0,0.011
8Ut6G7kA1B,Transpose,/job:localhost/replica:0/task:0/device:GPU:0,11.0,0.011
t4C8odQHE5,Pow,/job:localhost/replica:0/task:0/device:GPU:0,11.0,0.011
9kxqnbiZgJ,Transpose,/job:localhost/replica:0/task:0/device:GPU:0,11.0,0.011
R3AC9O0duY,Sub,/job:localhost/replica:0/task:0/device:GPU:0,11.0,0.011
J0yIfW3F79,Prod,/job:localhost/replica:0/task:0/device:GPU:0,11.0,0.011
NF03edCYq8,Add,/job:localhost/replica:0/task:0/device:GPU:0,11.0,0.011
LvcZymdVnX,Fill,/job:localhost/replica:0/task:0/device:GPU:0,11.0,0.011
SEhAU2e7WL,Add,/job:localhost/replica:0/task:0/device:GPU:0,11.0,0.011
N3asrYeAXH,AddV2,/job:localhost/replica:0/task:0/device:GPU:0,11.0,0.011
F2Y7jQg0To,ConcatV2,/job:localhost/replica:0/task:0/device:GPU:0,11.0,0.011
ciKzIVxXkG,Minimum,/job:localhost/replica:0/task:0/device:GPU:0,11.0,0.011
S5RZkHipYU,Select,/job:localhost/replica:0/task:0/device:GPU:0,11.0,0.011
aku07A2BgT,Select,/job:localhost/replica:0/task:0/device:GPU:0,11.0,0.011
xk2b49sEjM,Pow,/job:localhost/replica:0/task:0/device:GPU:0,11.0,0.011
MxrdCK5SHq,RealDiv,/job:localhost/replica:0/task:0/device:GPU:0,11.0,0.011
NySxqXH8ht,GatherV2,/job:localhost/replica:0/task:0/device:GPU:0,11.0,0.011
wXCNFDbzcm,Const,/job:localhost/replica:0/task:0/device:GPU:0,10.0,0.01
P8F3w0Oudt,Const,/job:localhost/replica:0/task:0/device:GPU:0,10.0,0.01
V9H4IkuNJA,Const,/job:localhost/replica:0/task:0/device:GPU:0,10.0,0.01
HwSENOaprD,Const,/job:localhost/replica:0/task:0/device:GPU:0,10.0,0.01
gPsuN0HOwY,Maximum,/job:localhost/replica:0/task:0/device:GPU:0,10.0,0.01
ClXtsiuOk7,Cast,/job:localhost/replica:0/task:0/device:GPU:0,10.0,0.01
kiIY3zDU7x,StridedSlice,/job:localhost/replica:0/task:0/device:GPU:0,10.0,0.01
3FPQKvZLMp,Mean,/job:localhost/replica:0/task:0/device:GPU:0,10.0,0.01
8LDURoOE4P,Mean,/job:localhost/replica:0/task:0/device:GPU:0,10.0,0.01
fQm3Ak620K,Maximum,/job:localhost/replica:0/task:0/device:GPU:0,10.0,0.01
3t9G0C5hcf,Equal,/job:localhost/replica:0/task:0/device:GPU:0,10.0,0.01
OzHm0Wr7ub,Pow,/job:localhost/replica:0/task:0/device:GPU:0,10.0,0.01
bGaQ8BgcXE,Equal,/job:localhost/replica:0/task:0/device:GPU:0,10.0,0.01
RctBKb2vLM,Relu,/job:localhost/replica:0/task:0/device:GPU:0,10.0,0.01
n3tiSUI8MK,Cast,/job:localhost/replica:0/task:0/device:GPU:0,10.0,0.01
vtUdRpbyGP,Prod,/job:localhost/replica:0/task:0/device:GPU:0,10.0,0.01
N6wq0eE4Yk,Log,/job:localhost/replica:0/task:0/device:GPU:0,10.0,0.01
rPmS2TWRGv,Rsqrt,/job:localhost/replica:0/task:0/device:GPU:0,10.0,0.01
vAkglxN2Yb,Sigmoid,/job:localhost/replica:0/task:0/device:GPU:0,10.0,0.01
IF9SJKebnL,Mean,/job:localhost/replica:0/task:0/device:GPU:0,10.0,0.01
PCgVSh1sLY,Prod,/job:localhost/replica:0/task:0/device:GPU:0,10.0,0.01
B5STN7dFtw,Select,/job:localhost/replica:0/task:0/device:GPU:0,10.0,0.01
kMV9UJHR2T,AddN,/job:localhost/replica:0/task:0/device:GPU:0,10.0,0.01
3lcpU9BRtX,NotEqual,/job:localhost/replica:0/task:0/device:GPU:0,10.0,0.01
2YC3mvbnKP,Equal,/job:localhost/replica:0/task:0/device:GPU:0,10.0,0.01
Vi4Wqzvrnb,Mul,/job:localhost/replica:0/task:0/device:GPU:0,10.0,0.01
Ar8uGd7Fnq,BiasAdd,/job:localhost/replica:0/task:0/device:GPU:0,10.0,0.01
DsfvEHbZ5P,Add,/job:localhost/replica:0/task:0/device:GPU:0,10.0,0.01
32awqLdjzx,StridedSlice,/job:localhost/replica:0/task:0/device:GPU:0,10.0,0.01
pufRwnx2Ch,StridedSlice,/job:localhost/replica:0/task:0/device:GPU:0,10.0,0.01
1qFXgHKpLe,Pack,/job:localhost/replica:0/task:0/device:GPU:0,10.0,0.01
tARwBNyTYH,ConcatV2,/job:localhost/replica:0/task:0/device:GPU:0,10.0,0.01
n4JF1VpNkS,ConcatV2,/job:localhost/replica:0/task:0/device:GPU:0,10.0,0.01
BMrDvGCaSu,MatMul,/job:localhost/replica:0/task:0/device:GPU:0,10.0,0.01
7Vp0ULhSZ8,ConcatV2,/job:localhost/replica:0/task:0/device:GPU:0,10.0,0.01
OLua52NysZ,ConcatV2,/job:localhost/replica:0/task:0/device:GPU:0,10.0,0.01
yMi6ChZK4s,MatMul,/job:localhost/replica:0/task:0/device:GPU:0,10.0,0.01
qGRYU6CZ3S,ConcatV2,/job:localhost/replica:0/task:0/device:GPU:0,10.0,0.01
n8R1w9V6DJ,MatMul,/job:localhost/replica:0/task:0/device:GPU:0,10.0,0.01
FWqcvOdCVI,AddN,/job:localhost/replica:0/task:0/device:GPU:0,10.0,0.01
zuMUISWkEn,BiasAdd,/job:localhost/replica:0/task:0/device:GPU:0,10.0,0.01
vKnQ2tWhEV,AddN,/job:localhost/replica:0/task:0/device:GPU:0,10.0,0.01
jpSqymPHcO,BiasAdd,/job:localhost/replica:0/task:0/device:GPU:0,10.0,0.01
vT7OPRh01y,Square,/job:localhost/replica:0/task:0/device:GPU:0,10.0,0.01
o82uviUElH,Select,/job:localhost/replica:0/task:0/device:GPU:0,10.0,0.01
aqv0uP5CIx,MatMul,/job:localhost/replica:0/task:0/device:GPU:0,10.0,0.01
GidSyIknbm,BiasAdd,/job:localhost/replica:0/task:0/device:GPU:0,10.0,0.01
tkEMKnecCR,Mul,/job:localhost/replica:0/task:0/device:GPU:0,10.0,0.01
jlNq0HITK3,MatMul,/job:localhost/replica:0/task:0/device:GPU:0,10.0,0.01
vps5wGPq8Y,MatMul,/job:localhost/replica:0/task:0/device:GPU:0,10.0,0.01
pECXVd8c4e,MatMul,/job:localhost/replica:0/task:0/device:GPU:0,10.0,0.01
7bNUX8pEjw,Shape,/job:localhost/replica:0/task:0/device:GPU:0,10.0,0.01
UZvt1X0HFk,Unpack,/job:localhost/replica:0/task:0/device:GPU:0,10.0,0.01
Vlb6pY8xd4,MatMul,/job:localhost/replica:0/task:0/device:GPU:0,10.0,0.01
Wjrt0yoXLQ,AddV2,/job:localhost/replica:0/task:0/device:GPU:0,10.0,0.01
7Aakj2hs3e,MatMul,/job:localhost/replica:0/task:0/device:GPU:0,10.0,0.01
YrHOnD39xy,RealDiv,/job:localhost/replica:0/task:0/device:GPU:0,10.0,0.01
3NjgmRIawv,MatMul,/job:localhost/replica:0/task:0/device:GPU:0,10.0,0.01
GQExPvwTqW,MatMul,/job:localhost/replica:0/task:0/device:GPU:0,10.0,0.01
boQtfl4cjU,Mul,/job:localhost/replica:0/task:0/device:GPU:0,10.0,0.01
oI1vtKlkZb,MatMul,/job:localhost/replica:0/task:0/device:GPU:0,10.0,0.01
gGblh3iODc,MatMul,/job:localhost/replica:0/task:0/device:GPU:0,10.0,0.01
zSTMgcENAJ,AddV2,/job:localhost/replica:0/task:0/device:GPU:0,10.0,0.01
qYuxv7dEeC,Cast,/job:localhost/replica:0/task:0/device:GPU:0,10.0,0.01
wMEPmycBa5,Mul,/job:localhost/replica:0/task:0/device:GPU:0,10.0,0.01
WLY10rXUFq,Mean,/job:localhost/replica:0/task:0/device:GPU:0,10.0,0.01
3RHtiMQB6D,Transpose,/job:localhost/replica:0/task:0/device:GPU:0,10.0,0.01
CcEre0P61u,Prod,/job:localhost/replica:0/task:0/device:GPU:0,10.0,0.01
MAqQcHJpb0,Mul,/job:localhost/replica:0/task:0/device:GPU:0,10.0,0.01
2FxSZs1woa,RealDiv,/job:localhost/replica:0/task:0/device:GPU:0,10.0,0.01
JU2Ne41OWh,StridedSlice,/job:localhost/replica:0/task:0/device:GPU:0,10.0,0.01
ZpV1056OTd,Sub,/job:localhost/replica:0/task:0/device:GPU:0,10.0,0.01
Gagt2Z9o3m,Sub,/job:localhost/replica:0/task:0/device:GPU:0,10.0,0.01
Y3CUqXjM1m,AddV2,/job:localhost/replica:0/task:0/device:GPU:0,10.0,0.01
0KSiYe6fgk,RealDiv,/job:localhost/replica:0/task:0/device:GPU:0,10.0,0.01
JNETS5PbXt,Sub,/job:localhost/replica:0/task:0/device:GPU:0,10.0,0.01
xF9tpInyld,Prod,/job:localhost/replica:0/task:0/device:GPU:0,10.0,0.01
qY9bG3oV0u,RealDiv,/job:localhost/replica:0/task:0/device:GPU:0,10.0,0.01
TVoJ8pw76d,Transpose,/job:localhost/replica:0/task:0/device:GPU:0,10.0,0.01
Us1EABXNzx,Pow,/job:localhost/replica:0/task:0/device:GPU:0,10.0,0.01
tLuAv7z9JB,Sum,/job:localhost/replica:0/task:0/device:GPU:0,10.0,0.01
0UL9Ry5WNC,AddV2,/job:localhost/replica:0/task:0/device:GPU:0,10.0,0.01
dkVcy0UQnA,Prod,/job:localhost/replica:0/task:0/device:GPU:0,10.0,0.01
AFWeO47BIN,StridedSlice,/job:localhost/replica:0/task:0/device:GPU:0,10.0,0.01
gMI2O5kxZ4,Prod,/job:localhost/replica:0/task:0/device:GPU:0,10.0,0.01
trqTNG72Oo,Relu,/job:localhost/replica:0/task:0/device:GPU:0,10.0,0.01
WXI3EKlSm8,MatMul,/job:localhost/replica:0/task:0/device:GPU:0,10.0,0.01
DdvK3puTfJ,Maximum,/job:localhost/replica:0/task:0/device:GPU:0,10.0,0.01
xJ8nWVz3IL,Exp,/job:localhost/replica:0/task:0/device:GPU:0,10.0,0.01
GaUy6sMVYl,AddV2,/job:localhost/replica:0/task:0/device:GPU:0,10.0,0.01
9YQDknfSev,Sub,/job:localhost/replica:0/task:0/device:GPU:0,10.0,0.01
FkEVAKdopg,Tanh,/job:localhost/replica:0/task:0/device:GPU:0,10.0,0.01
3ZRj705i9n,AddV2,/job:localhost/replica:0/task:0/device:GPU:0,10.0,0.01
acolLKUWTn,RealDiv,/job:localhost/replica:0/task:0/device:GPU:0,10.0,0.01
wNUSdfmuca,AddV2,/job:localhost/replica:0/task:0/device:GPU:0,10.0,0.01
a9wepJStnG,ConcatV2,/job:localhost/replica:0/task:0/device:GPU:0,10.0,0.01
kO1eMh8Rpb,ConcatV2,/job:localhost/replica:0/task:0/device:GPU:0,10.0,0.01
_arg_56wUdhrmuv_0_142,Placeholder,/job:localhost/replica:0/task:0/device:CPU:0,9.0,0.009
VmXEOQ2yoY,Const,/job:localhost/replica:0/task:0/device:GPU:0,9.0,0.009
3U4kix0oJr,Const,/job:localhost/replica:0/task:0/device:GPU:0,9.0,0.009
CZ5XpxzGtM,Const,/job:localhost/replica:0/task:0/device:GPU:0,9.0,0.009
UtKLANMoyk,Fill,/job:localhost/replica:0/task:0/device:GPU:0,9.0,0.009
IaGMZDOkXR,Fill,/job:localhost/replica:0/task:0/device:GPU:0,9.0,0.009
6JZKACQoah,Pack,/job:localhost/replica:0/task:0/device:GPU:0,9.0,0.009
VrNq8K1cXL,Sign,/job:localhost/replica:0/task:0/device:GPU:0,9.0,0.009
hpJS8V1syZ,Fill,/job:localhost/replica:0/task:0/device:GPU:0,9.0,0.009
5BmQX3N9UI,RealDiv,/job:localhost/replica:0/task:0/device:GPU:0,9.0,0.009
IzComBXFfH,StridedSlice,/job:localhost/replica:0/task:0/device:GPU:0,9.0,0.009
y9rw7WnObv,Minimum,/job:localhost/replica:0/task:0/device:GPU:0,9.0,0.009
jEJBc4e7Rs,StridedSlice,/job:localhost/replica:0/task:0/device:GPU:0,9.0,0.009
JrmVToQUDc,StridedSlice,/job:localhost/replica:0/task:0/device:GPU:0,9.0,0.009
wKCPi2n6eE,NotEqual,/job:localhost/replica:0/task:0/device:GPU:0,9.0,0.009
MPRj39G5ur,Select,/job:localhost/replica:0/task:0/device:GPU:0,9.0,0.009
8tH17xJzgG,LogicalNot,/job:localhost/replica:0/task:0/device:GPU:0,9.0,0.009
CeUZtNAqdV,Sub,/job:localhost/replica:0/task:0/device:GPU:0,9.0,0.009
YdyG3MfBiv,Mean,/job:localhost/replica:0/task:0/device:GPU:0,9.0,0.009
IPckmCFbKd,RealDiv,/job:localhost/replica:0/task:0/device:GPU:0,9.0,0.009
rdj1VeMKG6,StridedSlice,/job:localhost/replica:0/task:0/device:GPU:0,9.0,0.009
UaGqDQkpOb,RealDiv,/job:localhost/replica:0/task:0/device:GPU:0,9.0,0.009
VsCGNIhuRE,Shape,/job:localhost/replica:0/task:0/device:GPU:0,9.0,0.009
RoijLF3wS7,Tanh,/job:localhost/replica:0/task:0/device:GPU:0,9.0,0.009
y5tnDlqSGo,Mean,/job:localhost/replica:0/task:0/device:GPU:0,9.0,0.009
cwTEnVJ5vZ,Select,/job:localhost/replica:0/task:0/device:GPU:0,9.0,0.009
Td6Xmvt2lu,Maximum,/job:localhost/replica:0/task:0/device:GPU:0,9.0,0.009
duV92CKkx7,Reshape,/job:localhost/replica:0/task:0/device:GPU:0,9.0,0.009
qSUhJCP1fl,Select,/job:localhost/replica:0/task:0/device:GPU:0,9.0,0.009
UltmN8EFpK,AddN,/job:localhost/replica:0/task:0/device:GPU:0,9.0,0.009
M9iczAJCIf,Sub,/job:localhost/replica:0/task:0/device:GPU:0,9.0,0.009
D4jEFtQLHC,RealDiv,/job:localhost/replica:0/task:0/device:GPU:0,9.0,0.009
bZSJEvipfU,Mul,/job:localhost/replica:0/task:0/device:GPU:0,9.0,0.009
NeilArv8DC,GatherV2,/job:localhost/replica:0/task:0/device:GPU:0,9.0,0.009
D8JQqK5vwX,Select,/job:localhost/replica:0/task:0/device:GPU:0,9.0,0.009
D4zX5OsM1m,AddN,/job:localhost/replica:0/task:0/device:GPU:0,9.0,0.009
hNaruYegWM,AddN,/job:localhost/replica:0/task:0/device:GPU:0,9.0,0.009
3hDjvia9Pk,Mul,/job:localhost/replica:0/task:0/device:GPU:0,9.0,0.009
XZLqlc4bCx,AddN,/job:localhost/replica:0/task:0/device:GPU:0,9.0,0.009
2vBhk41azM,Add,/job:localhost/replica:0/task:0/device:GPU:0,9.0,0.009
kVF2azferN,ConcatV2,/job:localhost/replica:0/task:0/device:GPU:0,9.0,0.009
oh5KdjCaOl,ConcatV2,/job:localhost/replica:0/task:0/device:GPU:0,9.0,0.009
M3ZFlN5O0R,MatMul,/job:localhost/replica:0/task:0/device:GPU:0,9.0,0.009
MhwGgC3eQE,MatMul,/job:localhost/replica:0/task:0/device:GPU:0,9.0,0.009
wjdR1qzepM,ConcatV2,/job:localhost/replica:0/task:0/device:GPU:0,9.0,0.009
IAvSnsh7id,ConcatV2,/job:localhost/replica:0/task:0/device:GPU:0,9.0,0.009
lxtJwISDKH,Minimum,/job:localhost/replica:0/task:0/device:GPU:0,9.0,0.009
XMChN6fzZu,Maximum,/job:localhost/replica:0/task:0/device:GPU:0,9.0,0.009
L16l4kXQHM,Prod,/job:localhost/replica:0/task:0/device:GPU:0,9.0,0.009
BYQpRCVscr,Select,/job:localhost/replica:0/task:0/device:GPU:0,9.0,0.009
Y9rcJiOkxL,Sub,/job:localhost/replica:0/task:0/device:GPU:0,9.0,0.009
0sMzfEglJG,Mul,/job:localhost/replica:0/task:0/device:GPU:0,9.0,0.009
jZ7xObBGe1,MatMul,/job:localhost/replica:0/task:0/device:GPU:0,9.0,0.009
ZjyQ0R5b7C,MatMul,/job:localhost/replica:0/task:0/device:GPU:0,9.0,0.009
XHmb3GJkrl,MatMul,/job:localhost/replica:0/task:0/device:GPU:0,9.0,0.009
KNLT4VxfRw,Mul,/job:localhost/replica:0/task:0/device:GPU:0,9.0,0.009
qD9Pm6f3s7,ConcatV2,/job:localhost/replica:0/task:0/device:GPU:0,9.0,0.009
lK4RP8GOwb,BiasAdd,/job:localhost/replica:0/task:0/device:GPU:0,9.0,0.009
Kqmyoe3b7z,Pack,/job:localhost/replica:0/task:0/device:GPU:0,9.0,0.009
GEFfM8rOSi,AddN,/job:localhost/replica:0/task:0/device:GPU:0,9.0,0.009
NfsoFAar04,Sum,/job:localhost/replica:0/task:0/device:GPU:0,9.0,0.009
SHYixkncaC,Pow,/job:localhost/replica:0/task:0/device:GPU:0,9.0,0.009
w1Ss2m4PI0,BiasAdd,/job:localhost/replica:0/task:0/device:GPU:0,9.0,0.009
FnluqjkmXg,Pow,/job:localhost/replica:0/task:0/device:GPU:0,9.0,0.009
wfnkFeqYTo,Prod,/job:localhost/replica:0/task:0/device:GPU:0,9.0,0.009
i7nkoU0Smj,Prod,/job:localhost/replica:0/task:0/device:GPU:0,9.0,0.009
i5z3JMB840,Pow,/job:localhost/replica:0/task:0/device:GPU:0,9.0,0.009
xmtI05FRg9,MatMul,/job:localhost/replica:0/task:0/device:GPU:0,9.0,0.009
favAIqz6lM,Mean,/job:localhost/replica:0/task:0/device:GPU:0,9.0,0.009
auzinFOCrt,Prod,/job:localhost/replica:0/task:0/device:GPU:0,9.0,0.009
BcI9nPRSh5,Mul,/job:localhost/replica:0/task:0/device:GPU:0,9.0,0.009
qHgZJBQxXk,SquaredDifference,/job:localhost/replica:0/task:0/device:GPU:0,9.0,0.009
7zhbmLEgw5,Sum,/job:localhost/replica:0/task:0/device:GPU:0,9.0,0.009
Vn64fDORrM,Unpack,/job:localhost/replica:0/task:0/device:GPU:0,9.0,0.009
oVT7C1N48a,Pow,/job:localhost/replica:0/task:0/device:GPU:0,9.0,0.009
thCYndU5EX,Pow,/job:localhost/replica:0/task:0/device:GPU:0,9.0,0.009
l7oKJ3TZna,Pow,/job:localhost/replica:0/task:0/device:GPU:0,9.0,0.009
dlxk3PysLw,MatMul,/job:localhost/replica:0/task:0/device:GPU:0,9.0,0.009
cV8knxAuP9,MatMul,/job:localhost/replica:0/task:0/device:GPU:0,9.0,0.009
nahFoQrwNj,MatMul,/job:localhost/replica:0/task:0/device:GPU:0,9.0,0.009
5Q34hWtd8K,Pow,/job:localhost/replica:0/task:0/device:GPU:0,9.0,0.009
8KUGCoNJf6,MatMul,/job:localhost/replica:0/task:0/device:GPU:0,9.0,0.009
FgZTMqj4wI,Mul,/job:localhost/replica:0/task:0/device:GPU:0,9.0,0.009
M0Ozc634Qs,Prod,/job:localhost/replica:0/task:0/device:GPU:0,9.0,0.009
quY4t1KsL5,Mean,/job:localhost/replica:0/task:0/device:GPU:0,9.0,0.009
wq5gTbJXFd,Mean,/job:localhost/replica:0/task:0/device:GPU:0,9.0,0.009
UugcofVsAe,Add,/job:localhost/replica:0/task:0/device:GPU:0,9.0,0.009
ZSUKklXYN7,Sum,/job:localhost/replica:0/task:0/device:GPU:0,9.0,0.009
2KC35V7zZU,Sub,/job:localhost/replica:0/task:0/device:GPU:0,9.0,0.009
C2sRUbNxlg,Mul,/job:localhost/replica:0/task:0/device:GPU:0,9.0,0.009
xqLYBdA7zb,RealDiv,/job:localhost/replica:0/task:0/device:GPU:0,9.0,0.009
HaCouQg6vh,Mul,/job:localhost/replica:0/task:0/device:GPU:0,9.0,0.009
PLDKsrzN2x,Cast,/job:localhost/replica:0/task:0/device:GPU:0,9.0,0.009
N140Vy2L8F,Add,/job:localhost/replica:0/task:0/device:GPU:0,9.0,0.009
1eM6N8l4Li,Transpose,/job:localhost/replica:0/task:0/device:GPU:0,9.0,0.009
WUnocI4utw,Shape,/job:localhost/replica:0/task:0/device:GPU:0,9.0,0.009
AyVamzl4RI,Pack,/job:localhost/replica:0/task:0/device:GPU:0,9.0,0.009
Kai97GpOfF,AddV2,/job:localhost/replica:0/task:0/device:GPU:0,9.0,0.009
RqfjluYscE,Cast,/job:localhost/replica:0/task:0/device:GPU:0,9.0,0.009
6oq3V0aJZb,Transpose,/job:localhost/replica:0/task:0/device:GPU:0,9.0,0.009
9kEaqCR2x4,Prod,/job:localhost/replica:0/task:0/device:GPU:0,9.0,0.009
jngHocyDAI,Pow,/job:localhost/replica:0/task:0/device:GPU:0,9.0,0.009
QXbtCnDNek,Pow,/job:localhost/replica:0/task:0/device:GPU:0,9.0,0.009
sKv0A6b7uN,RealDiv,/job:localhost/replica:0/task:0/device:GPU:0,9.0,0.009
RWO3Vfpn1L,Mul,/job:localhost/replica:0/task:0/device:GPU:0,9.0,0.009
zO1ewYy8Dk,Sub,/job:localhost/replica:0/task:0/device:GPU:0,9.0,0.009
VsyH4oFI0j,AddV2,/job:localhost/replica:0/task:0/device:GPU:0,9.0,0.009
HQWNZD8lJ0,RealDiv,/job:localhost/replica:0/task:0/device:GPU:0,9.0,0.009
31vKZzqW2Y,Cast,/job:localhost/replica:0/task:0/device:GPU:0,9.0,0.009
2hy94kGrZl,AddV2,/job:localhost/replica:0/task:0/device:GPU:0,9.0,0.009
KTgEuX61ot,Cast,/job:localhost/replica:0/task:0/device:GPU:0,9.0,0.009
FJMAdroTbw,Sub,/job:localhost/replica:0/task:0/device:GPU:0,9.0,0.009
mFKxlbrHR4,AddV2,/job:localhost/replica:0/task:0/device:GPU:0,9.0,0.009
Jnxotdywf4,Pack,/job:localhost/replica:0/task:0/device:GPU:0,9.0,0.009
9Nxw3OU7rc,Sub,/job:localhost/replica:0/task:0/device:GPU:0,9.0,0.009
irEkAXYHVR,Sub,/job:localhost/replica:0/task:0/device:GPU:0,9.0,0.009
wOmj9YSDC2,Shape,/job:localhost/replica:0/task:0/device:GPU:0,9.0,0.009
TClasD5p2h,Sigmoid,/job:localhost/replica:0/task:0/device:GPU:0,9.0,0.009
e35L7SwKUo,Cast,/job:localhost/replica:0/task:0/device:GPU:0,9.0,0.009
En9fUJCzY3,Prod,/job:localhost/replica:0/task:0/device:GPU:0,9.0,0.009
v3GmRFVUrM,Sum,/job:localhost/replica:0/task:0/device:GPU:0,9.0,0.009
lJxwPBCqdD,Sigmoid,/job:localhost/replica:0/task:0/device:GPU:0,9.0,0.009
xcIp06nKlL,Split,/job:localhost/replica:0/task:0/device:GPU:0,9.0,0.009
T4bicdYrpR,Prod,/job:localhost/replica:0/task:0/device:GPU:0,9.0,0.009
zCpHrSTbxP,Mean,/job:localhost/replica:0/task:0/device:GPU:0,9.0,0.009
fR4pXQ9UHE,AddN,/job:localhost/replica:0/task:0/device:GPU:0,9.0,0.009
mxZy73AOQv,IsNan,/job:localhost/replica:0/task:0/device:GPU:0,9.0,0.009
rcseAV1EfT,Tanh,/job:localhost/replica:0/task:0/device:GPU:0,9.0,0.009
jHzDl4iABg,Mul,/job:localhost/replica:0/task:0/device:GPU:0,9.0,0.009
AoyvRbEN09,Mul,/job:localhost/replica:0/task:0/device:GPU:0,9.0,0.009
FEYnXeZLVp,Tanh,/job:localhost/replica:0/task:0/device:GPU:0,9.0,0.009
vhqSz0t7Tu,Sub,/job:localhost/replica:0/task:0/device:GPU:0,9.0,0.009
AxLX4MY190,Prod,/job:localhost/replica:0/task:0/device:GPU:0,9.0,0.009
EgVH4uW7NZ,GatherV2,/job:localhost/replica:0/task:0/device:GPU:0,9.0,0.009
h2AXbdPvjs,ConcatV2,/job:localhost/replica:0/task:0/device:GPU:0,9.0,0.009
vMWl3euDyi,AddV2,/job:localhost/replica:0/task:0/device:GPU:0,9.0,0.009
_retval_L6XxDiYnpC_0_8,Identity,/job:localhost/replica:0/task:0/device:CPU:0,8.0,0.008
BQavFfT2Ri,Const,/job:localhost/replica:0/task:0/device:GPU:0,8.0,0.008
FVkMG27zgS,Const,/job:localhost/replica:0/task:0/device:GPU:0,8.0,0.008
gGFLJpXMhT,BiasAdd,/job:localhost/replica:0/task:0/device:GPU:0,8.0,0.008
IX3T8xFA7b,Cast,/job:localhost/replica:0/task:0/device:GPU:0,8.0,0.008
k3oEeU87yn,Cast,/job:localhost/replica:0/task:0/device:GPU:0,8.0,0.008
U19IXf2cME,Mean,/job:localhost/replica:0/task:0/device:GPU:0,8.0,0.008
f2JQj9GE1e,Mean,/job:localhost/replica:0/task:0/device:GPU:0,8.0,0.008
QIS6oFfxT4,RealDiv,/job:localhost/replica:0/task:0/device:GPU:0,8.0,0.008
M1djRSY0NL,StridedSlice,/job:localhost/replica:0/task:0/device:GPU:0,8.0,0.008
brkwXVOGcA,Mul,/job:localhost/replica:0/task:0/device:GPU:0,8.0,0.008
VTYbQCkmtf,StridedSlice,/job:localhost/replica:0/task:0/device:GPU:0,8.0,0.008
Lt8rDp73nA,Sign,/job:localhost/replica:0/task:0/device:GPU:0,8.0,0.008
Y7PFQCjZTD,StridedSlice,/job:localhost/replica:0/task:0/device:GPU:0,8.0,0.008
5iTweQ6IYN,Sign,/job:localhost/replica:0/task:0/device:GPU:0,8.0,0.008
m7sv9K0OA5,Mean,/job:localhost/replica:0/task:0/device:GPU:0,8.0,0.008
8owO7V6Tjm,Const,/job:localhost/replica:0/task:0/device:GPU:0,8.0,0.008
HBESIWbeK8,Const,/job:localhost/replica:0/task:0/device:GPU:0,8.0,0.008
CSPQ1h9Knl,Const,/job:localhost/replica:0/task:0/device:GPU:0,8.0,0.008
Bg1nNaPV7j,Const,/job:localhost/replica:0/task:0/device:GPU:0,8.0,0.008
EnVqvD7OJa,Const,/job:localhost/replica:0/task:0/device:GPU:0,8.0,0.008
IvkW2xzKtd,Const,/job:localhost/replica:0/task:0/device:GPU:0,8.0,0.008
ztZTwAVgad,Const,/job:localhost/replica:0/task:0/device:GPU:0,8.0,0.008
FGcz5qQ6Md,Maximum,/job:localhost/replica:0/task:0/device:GPU:0,8.0,0.008
sh6njIzCGX,Equal,/job:localhost/replica:0/task:0/device:GPU:0,8.0,0.008
Y1t38nuehp,LogicalOr,/job:localhost/replica:0/task:0/device:GPU:0,8.0,0.008
hjvTSLHsef,LogicalAnd,/job:localhost/replica:0/task:0/device:GPU:0,8.0,0.008
hEmAYqVrOw,RealDiv,/job:localhost/replica:0/task:0/device:GPU:0,8.0,0.008
xP69aYLgwA,BiasAdd,/job:localhost/replica:0/task:0/device:GPU:0,8.0,0.008
JY9yXejq4V,AddV2,/job:localhost/replica:0/task:0/device:GPU:0,8.0,0.008
AscCpyq5di,Select,/job:localhost/replica:0/task:0/device:GPU:0,8.0,0.008
vmcyT5jQq0,RealDiv,/job:localhost/replica:0/task:0/device:GPU:0,8.0,0.008
OJapCA8s0q,Add,/job:localhost/replica:0/task:0/device:GPU:0,8.0,0.008
fU0BXmJ4ct,Select,/job:localhost/replica:0/task:0/device:GPU:0,8.0,0.008
Dcs0ZdHaVt,Select,/job:localhost/replica:0/task:0/device:GPU:0,8.0,0.008
O4I8DLiSJa,Prod,/job:localhost/replica:0/task:0/device:GPU:0,8.0,0.008
A4IM7FePZc,LogicalAnd,/job:localhost/replica:0/task:0/device:GPU:0,8.0,0.008
R0iq6o1b7H,Mul,/job:localhost/replica:0/task:0/device:GPU:0,8.0,0.008
3JGp4UjrAu,NotEqual,/job:localhost/replica:0/task:0/device:GPU:0,8.0,0.008
LX4H1AlwmY,Select,/job:localhost/replica:0/task:0/device:GPU:0,8.0,0.008
YmrJUqfuhQ,Fill,/job:localhost/replica:0/task:0/device:GPU:0,8.0,0.008
LjEKUzrZ5R,Reshape,/job:localhost/replica:0/task:0/device:GPU:0,8.0,0.008
k8fOW5DNEh,AddV2,/job:localhost/replica:0/task:0/device:GPU:0,8.0,0.008
t80Dw91ZFa,Equal,/job:localhost/replica:0/task:0/device:GPU:0,8.0,0.008
rJD6AwNxtk,MatMul,/job:localhost/replica:0/task:0/device:GPU:0,8.0,0.008
ZsdLmwNTbA,BiasAdd,/job:localhost/replica:0/task:0/device:GPU:0,8.0,0.008
kaQp9mLX8i,AddN,/job:localhost/replica:0/task:0/device:GPU:0,8.0,0.008
nAHy7Otz29,Pow,/job:localhost/replica:0/task:0/device:GPU:0,8.0,0.008
fTL4jOCMJk,MatMul,/job:localhost/replica:0/task:0/device:GPU:0,8.0,0.008
fSYpqI5UT7,MatMul,/job:localhost/replica:0/task:0/device:GPU:0,8.0,0.008
4ZcEtlbsGz,MatMul,/job:localhost/replica:0/task:0/device:GPU:0,8.0,0.008
xjgLdPv1O9,Sub,/job:localhost/replica:0/task:0/device:GPU:0,8.0,0.008
rXNER5GQAO,BiasAdd,/job:localhost/replica:0/task:0/device:GPU:0,8.0,0.008
aBsTCSuend,MatMul,/job:localhost/replica:0/task:0/device:GPU:0,8.0,0.008
idTNk0bHWA,MatMul,/job:localhost/replica:0/task:0/device:GPU:0,8.0,0.008
DZAfVMOai3,Prod,/job:localhost/replica:0/task:0/device:GPU:0,8.0,0.008
9LDGK7mFlx,Sub,/job:localhost/replica:0/task:0/device:GPU:0,8.0,0.008
Vduqk9IfTs,Select,/job:localhost/replica:0/task:0/device:GPU:0,8.0,0.008
UcHfA0tW79,MatMul,/job:localhost/replica:0/task:0/device:GPU:0,8.0,0.008
KiU2jFsmRc,Relu,/job:localhost/replica:0/task:0/device:GPU:0,8.0,0.008
h0Y8VQsSvc,Sub,/job:localhost/replica:0/task:0/device:GPU:0,8.0,0.008
mOfryVCw0t,Mul,/job:localhost/replica:0/task:0/device:GPU:0,8.0,0.008
14Ar9TCtHa,ZerosLike,/job:localhost/replica:0/task:0/device:GPU:0,8.0,0.008
kiKGS9a13C,MatMul,/job:localhost/replica:0/task:0/device:GPU:0,8.0,0.008
vKLySMI731,MatMul,/job:localhost/replica:0/task:0/device:GPU:0,8.0,0.008
mPkixgrO5U,MatMul,/job:localhost/replica:0/task:0/device:GPU:0,8.0,0.008
gNjmhuCScW,Mul,/job:localhost/replica:0/task:0/device:GPU:0,8.0,0.008
LmNcMzqywP,Sum,/job:localhost/replica:0/task:0/device:GPU:0,8.0,0.008
xWCRO4XKrZ,Sum,/job:localhost/replica:0/task:0/device:GPU:0,8.0,0.008
tlejOmRgCY,Neg,/job:localhost/replica:0/task:0/device:GPU:0,8.0,0.008
h9jfcPurZb,MatMul,/job:localhost/replica:0/task:0/device:GPU:0,8.0,0.008
TqZpycAaIb,MatMul,/job:localhost/replica:0/task:0/device:GPU:0,8.0,0.008
vJ3bwTEW2O,MatMul,/job:localhost/replica:0/task:0/device:GPU:0,8.0,0.008
U5Yl0PAbtC,MatMul,/job:localhost/replica:0/task:0/device:GPU:0,8.0,0.008
VeOlN1hWi8,Select,/job:localhost/replica:0/task:0/device:GPU:0,8.0,0.008
l1pfgxiWGn,MatMul,/job:localhost/replica:0/task:0/device:GPU:0,8.0,0.008
T1YAMaHgxc,MatMul,/job:localhost/replica:0/task:0/device:GPU:0,8.0,0.008
5SKzFc2axG,MatMul,/job:localhost/replica:0/task:0/device:GPU:0,8.0,0.008
hn4iTVLEYv,MatMul,/job:localhost/replica:0/task:0/device:GPU:0,8.0,0.008
xTZrAO3721,MatMul,/job:localhost/replica:0/task:0/device:GPU:0,8.0,0.008
VLzhQceEa9,Pow,/job:localhost/replica:0/task:0/device:GPU:0,8.0,0.008
7natB3YrAT,Sum,/job:localhost/replica:0/task:0/device:GPU:0,8.0,0.008
GvxtHkCXrp,Add,/job:localhost/replica:0/task:0/device:GPU:0,8.0,0.008
ay09uDUgph,Log,/job:localhost/replica:0/task:0/device:GPU:0,8.0,0.008
h10zfaQWr7,Rsqrt,/job:localhost/replica:0/task:0/device:GPU:0,8.0,0.008
t0RawxcGBL,Pow,/job:localhost/replica:0/task:0/device:GPU:0,8.0,0.008
yfiUhszF1c,RealDiv,/job:localhost/replica:0/task:0/device:GPU:0,8.0,0.008
QXjklGBs8N,Pow,/job:localhost/replica:0/task:0/device:GPU:0,8.0,0.008
KbMvamoc9C,SquaredDifference,/job:localhost/replica:0/task:0/device:GPU:0,8.0,0.008
MYWGorEmdf,Sum,/job:localhost/replica:0/task:0/device:GPU:0,8.0,0.008
zWEOyTLo72,Pack,/job:localhost/replica:0/task:0/device:GPU:0,8.0,0.008
7WBAU46vhy,Sub,/job:localhost/replica:0/task:0/device:GPU:0,8.0,0.008
ohKMyvFbgi,SquaredDifference,/job:localhost/replica:0/task:0/device:GPU:0,8.0,0.008
HrDkgZbYA5,RealDiv,/job:localhost/replica:0/task:0/device:GPU:0,8.0,0.008
ylU4NJvEAi,Prod,/job:localhost/replica:0/task:0/device:GPU:0,8.0,0.008
7WKybrSNEo,Sub,/job:localhost/replica:0/task:0/device:GPU:0,8.0,0.008
uvAHrxVQ92,Sub,/job:localhost/replica:0/task:0/device:GPU:0,8.0,0.008
gr0eacZq6k,Mul,/job:localhost/replica:0/task:0/device:GPU:0,8.0,0.008
0WcBP8Kk3x,Mul,/job:localhost/replica:0/task:0/device:GPU:0,8.0,0.008
yv3JQYkhnW,Mul,/job:localhost/replica:0/task:0/device:GPU:0,8.0,0.008
H0v3TAwgWV,Pow,/job:localhost/replica:0/task:0/device:GPU:0,8.0,0.008
NQaOuPcDlE,MatMul,/job:localhost/replica:0/task:0/device:GPU:0,8.0,0.008
527ishlX1T,Unpack,/job:localhost/replica:0/task:0/device:GPU:0,8.0,0.008
21UKCjLoW6,Pow,/job:localhost/replica:0/task:0/device:GPU:0,8.0,0.008
eQ5v74q8zs,Cast,/job:localhost/replica:0/task:0/device:GPU:0,8.0,0.008
FX9RbycwDe,Prod,/job:localhost/replica:0/task:0/device:GPU:0,8.0,0.008
DcrGlKZ7Ih,Pow,/job:localhost/replica:0/task:0/device:GPU:0,8.0,0.008
HdyGKXhLtQ,Add,/job:localhost/replica:0/task:0/device:GPU:0,8.0,0.008
bvMscLiQHa,RealDiv,/job:localhost/replica:0/task:0/device:GPU:0,8.0,0.008
VhKRSsFJLi,Prod,/job:localhost/replica:0/task:0/device:GPU:0,8.0,0.008
oL5cFmWTEv,RealDiv,/job:localhost/replica:0/task:0/device:GPU:0,8.0,0.008
mkCvo3tBpD,Add,/job:localhost/replica:0/task:0/device:GPU:0,8.0,0.008
Olu8rpU05D,Cast,/job:localhost/replica:0/task:0/device:GPU:0,8.0,0.008
k8zbDajXdN,SquaredDifference,/job:localhost/replica:0/task:0/device:GPU:0,8.0,0.008
XPGwAThQUE,Mul,/job:localhost/replica:0/task:0/device:GPU:0,8.0,0.008
GzVXgqAYC7,Pow,/job:localhost/replica:0/task:0/device:GPU:0,8.0,0.008
WLqkirsU1B,AddV2,/job:localhost/replica:0/task:0/device:GPU:0,8.0,0.008
N20OPu4VlK,Sum,/job:localhost/replica:0/task:0/device:GPU:0,8.0,0.008
8UvE351yFc,Mul,/job:localhost/replica:0/task:0/device:GPU:0,8.0,0.008
vKt48e965A,Sum,/job:localhost/replica:0/task:0/device:GPU:0,8.0,0.008
BM5lbtd79u,StridedSlice,/job:localhost/replica:0/task:0/device:GPU:0,8.0,0.008
Ht75K0LGwm,MatMul,/job:localhost/replica:0/task:0/device:GPU:0,8.0,0.008
xDgoe83Erd,Cast,/job:localhost/replica:0/task:0/device:GPU:0,8.0,0.008
4Bvtknzqsa,Mul,/job:localhost/replica:0/task:0/device:GPU:0,8.0,0.008
ht7Pu9cZBN,Transpose,/job:localhost/replica:0/task:0/device:GPU:0,8.0,0.008
FvXVdfgGwN,Pow,/job:localhost/replica:0/task:0/device:GPU:0,8.0,0.008
4VsJc0aPMi,Sum,/job:localhost/replica:0/task:0/device:GPU:0,8.0,0.008
Zq6fiVvz7H,Pow,/job:localhost/replica:0/task:0/device:GPU:0,8.0,0.008
KTkGASF57Z,Neg,/job:localhost/replica:0/task:0/device:GPU:0,8.0,0.008
gCUPWQh0av,Pow,/job:localhost/replica:0/task:0/device:GPU:0,8.0,0.008
YcxeGUSI3R,Sum,/job:localhost/replica:0/task:0/device:GPU:0,8.0,0.008
WFink1zTJ6,Add,/job:localhost/replica:0/task:0/device:GPU:0,8.0,0.008
wB8su5kfXm,Cast,/job:localhost/replica:0/task:0/device:GPU:0,8.0,0.008
pHD2TxUkrV,RealDiv,/job:localhost/replica:0/task:0/device:GPU:0,8.0,0.008
E8JSDHayWv,Transpose,/job:localhost/replica:0/task:0/device:GPU:0,8.0,0.008
cBNG1hPiqM,AddV2,/job:localhost/replica:0/task:0/device:GPU:0,8.0,0.008
QVsLIFPSGy,Cast,/job:localhost/replica:0/task:0/device:GPU:0,8.0,0.008
vp1g2X4xn3,Cast,/job:localhost/replica:0/task:0/device:GPU:0,8.0,0.008
2yOeToCfx1,Pow,/job:localhost/replica:0/task:0/device:GPU:0,8.0,0.008
qWjNk8SOFC,Pack,/job:localhost/replica:0/task:0/device:GPU:0,8.0,0.008
g5S0HsWkYR,Log,/job:localhost/replica:0/task:0/device:GPU:0,8.0,0.008
W2tdCpK76F,Neg,/job:localhost/replica:0/task:0/device:GPU:0,8.0,0.008
csO89TzJbH,Sub,/job:localhost/replica:0/task:0/device:GPU:0,8.0,0.008
3ekdWGAUKN,Pow,/job:localhost/replica:0/task:0/device:GPU:0,8.0,0.008
vTl5bVfpUk,Sum,/job:localhost/replica:0/task:0/device:GPU:0,8.0,0.008
nEVN0kYTjx,RealDiv,/job:localhost/replica:0/task:0/device:GPU:0,8.0,0.008
dH3sAULkZm,RealDiv,/job:localhost/replica:0/task:0/device:GPU:0,8.0,0.008
yq64cguSb9,RealDiv,/job:localhost/replica:0/task:0/device:GPU:0,8.0,0.008
Z0LqaXWS2d,Sub,/job:localhost/replica:0/task:0/device:GPU:0,8.0,0.008
LSMwV2OD61,Transpose,/job:localhost/replica:0/task:0/device:GPU:0,8.0,0.008
aDCIU2kmKb,Cast,/job:localhost/replica:0/task:0/device:GPU:0,8.0,0.008
bHwoE0h53O,Cast,/job:localhost/replica:0/task:0/device:GPU:0,8.0,0.008
tg4s1aeuVR,Cast,/job:localhost/replica:0/task:0/device:GPU:0,8.0,0.008
KJd1ChOPuF,Mul,/job:localhost/replica:0/task:0/device:GPU:0,8.0,0.008
xFdWzohuHs,Add,/job:localhost/replica:0/task:0/device:GPU:0,8.0,0.008
wpJzRO9dE8,RealDiv,/job:localhost/replica:0/task:0/device:GPU:0,8.0,0.008
xK3Igfw5yX,Add,/job:localhost/replica:0/task:0/device:GPU:0,8.0,0.008
jaFq1xQCGg,Mul,/job:localhost/replica:0/task:0/device:GPU:0,8.0,0.008
mS8QDrVU9d,RealDiv,/job:localhost/replica:0/task:0/device:GPU:0,8.0,0.008
GPR6hokuT1,Sub,/job:localhost/replica:0/task:0/device:GPU:0,8.0,0.008
Q2JpoiVvS4,Mul,/job:localhost/replica:0/task:0/device:GPU:0,8.0,0.008
2u5C4g9VDG,Sub,/job:localhost/replica:0/task:0/device:GPU:0,8.0,0.008
kMpcHAtfxC,Sub,/job:localhost/replica:0/task:0/device:GPU:0,8.0,0.008
q7i4CmAcby,BiasAdd,/job:localhost/replica:0/task:0/device:GPU:0,8.0,0.008
N5XJlVW8Ix,Sub,/job:localhost/replica:0/task:0/device:GPU:0,8.0,0.008
MHNgBeUprl,Prod,/job:localhost/replica:0/task:0/device:GPU:0,8.0,0.008
nkXLevRBHt,Add,/job:localhost/replica:0/task:0/device:GPU:0,8.0,0.008
ug1oYH85KL,RealDiv,/job:localhost/replica:0/task:0/device:GPU:0,8.0,0.008
COYI38LW0v,Mean,/job:localhost/replica:0/task:0/device:GPU:0,8.0,0.008
UAOase5Ng1,Mean,/job:localhost/replica:0/task:0/device:GPU:0,8.0,0.008
IEVR93CuFb,Fill,/job:localhost/replica:0/task:0/device:GPU:0,8.0,0.008
D4FTrdGygK,Split,/job:localhost/replica:0/task:0/device:GPU:0,8.0,0.008
btwXYgLfG5,Mean,/job:localhost/replica:0/task:0/device:GPU:0,8.0,0.008
mIjkKASbPT,Prod,/job:localhost/replica:0/task:0/device:GPU:0,8.0,0.008
6J59zhfHug,Prod,/job:localhost/replica:0/task:0/device:GPU:0,8.0,0.008
B4xq5ciXG9,Prod,/job:localhost/replica:0/task:0/device:GPU:0,8.0,0.008
QmvytZu5EC,Squeeze,/job:localhost/replica:0/task:0/device:GPU:0,8.0,0.008
WdCbBfpJZt,Relu,/job:localhost/replica:0/task:0/device:GPU:0,8.0,0.008
Ri5DmyhOAf,RealDiv,/job:localhost/replica:0/task:0/device:GPU:0,8.0,0.008
l9K5H6DgWj,MatMul,/job:localhost/replica:0/task:0/device:GPU:0,8.0,0.008
IuKFwMrLWs,Maximum,/job:localhost/replica:0/task:0/device:GPU:0,8.0,0.008
Qi4cNTfv1r,AddN,/job:localhost/replica:0/task:0/device:GPU:0,8.0,0.008
Lumvpj4TNM,Tanh,/job:localhost/replica:0/task:0/device:GPU:0,8.0,0.008
j9clk8wgrM,Shape,/job:localhost/replica:0/task:0/device:GPU:0,8.0,0.008
Ga1wEjTCeh,ConcatV2,/job:localhost/replica:0/task:0/device:GPU:0,8.0,0.008
9FQiKpMekC,Add,/job:localhost/replica:0/task:0/device:GPU:0,8.0,0.008
I5FBrsjWpE,ConcatV2,/job:localhost/replica:0/task:0/device:GPU:0,8.0,0.008
pwtAKEbvZN,Prod,/job:localhost/replica:0/task:0/device:GPU:0,8.0,0.008
Xmbquc41QN,Pack,/job:localhost/replica:0/task:0/device:GPU:0,8.0,0.008
xVwpD5LMT3,Const,/job:localhost/replica:0/task:0/device:GPU:0,7.0,0.007
DhFSejrvXz,Const,/job:localhost/replica:0/task:0/device:GPU:0,7.0,0.007
rUAl5I0z4k,Const,/job:localhost/replica:0/task:0/device:GPU:0,7.0,0.007
9IEmpFDc5r,Const,/job:localhost/replica:0/task:0/device:GPU:0,7.0,0.007
kWVtPfJogs,Const,/job:localhost/replica:0/task:0/device:GPU:0,7.0,0.007
LEkfevZXrO/_242__cf__242,Reshape,/job:localhost/replica:0/task:0/device:GPU:0,7.0,0.007
IOajUbGpXz/_202__cf__202,Reshape,/job:localhost/replica:0/task:0/device:GPU:0,7.0,0.007
sbZm034QFh,Const,/job:localhost/replica:0/task:0/device:GPU:0,7.0,0.007
yLEOjtk8vQ,Const,/job:localhost/replica:0/task:0/device:GPU:0,7.0,0.007
oJurlHmpw4,Const,/job:localhost/replica:0/task:0/device:GPU:0,7.0,0.007
qJXIDncVEK,Const,/job:localhost/replica:0/task:0/device:GPU:0,7.0,0.007
cYuymPINGB,Const,/job:localhost/replica:0/task:0/device:GPU:0,7.0,0.007
eCPVAm8a9j,Const,/job:localhost/replica:0/task:0/device:GPU:0,7.0,0.007
PUZeXY75oC,Const,/job:localhost/replica:0/task:0/device:GPU:0,7.0,0.007
rDhZebITLx,Const,/job:localhost/replica:0/task:0/device:GPU:0,7.0,0.007
pP8X6xj0NH,Const,/job:localhost/replica:0/task:0/device:GPU:0,7.0,0.007
qBLKduiZDP,Shape,/job:localhost/replica:0/task:0/device:GPU:0,7.0,0.007
AiuEBjaW47,Const,/job:localhost/replica:0/task:0/device:GPU:0,7.0,0.007
7TBLxcsdnr,Const,/job:localhost/replica:0/task:0/device:GPU:0,7.0,0.007
OYsaF9ZqUT,Const,/job:localhost/replica:0/task:0/device:GPU:0,7.0,0.007
q7JaDYFt0H,Const,/job:localhost/replica:0/task:0/device:GPU:0,7.0,0.007
lx6sLrEHod,Const,/job:localhost/replica:0/task:0/device:GPU:0,7.0,0.007
Vw4tCZhBI3/_356__cf__356,Reshape,/job:localhost/replica:0/task:0/device:GPU:0,7.0,0.007
oIVCAB3NrE/_594__cf__594,Reshape,/job:localhost/replica:0/task:0/device:GPU:0,7.0,0.007
lSIMspU3x0,StridedSlice,/job:localhost/replica:0/task:0/device:GPU:0,7.0,0.007
jp9xhum263,StridedSlice,/job:localhost/replica:0/task:0/device:GPU:0,7.0,0.007
W24AnYbVB3,RealDiv,/job:localhost/replica:0/task:0/device:GPU:0,7.0,0.007
2YNwRaDjS4,RealDiv,/job:localhost/replica:0/task:0/device:GPU:0,7.0,0.007
0dnWhHLxRQ,Const,/job:localhost/replica:0/task:0/device:GPU:0,7.0,0.007
J60S3u9jLU,Const,/job:localhost/replica:0/task:0/device:GPU:0,7.0,0.007
VYr7J4twgC,Const,/job:localhost/replica:0/task:0/device:GPU:0,7.0,0.007
PRt324GsOX,Const,/job:localhost/replica:0/task:0/device:GPU:0,7.0,0.007
HVwnUbADYI,Const,/job:localhost/replica:0/task:0/device:GPU:0,7.0,0.007
Rk1L5JOuZN,Const,/job:localhost/replica:0/task:0/device:GPU:0,7.0,0.007
gfkBp3zOUR,Const,/job:localhost/replica:0/task:0/device:GPU:0,7.0,0.007
svoBzZT5Kb,Const,/job:localhost/replica:0/task:0/device:GPU:0,7.0,0.007
k2G0oLPJan,Const,/job:localhost/replica:0/task:0/device:GPU:0,7.0,0.007
njeDWuqmd4,Const,/job:localhost/replica:0/task:0/device:GPU:0,7.0,0.007
DWKgJk5hmT,Const,/job:localhost/replica:0/task:0/device:GPU:0,7.0,0.007
gUtPRvfTxn,Const,/job:localhost/replica:0/task:0/device:GPU:0,7.0,0.007
J8qpkdPzMi,Const,/job:localhost/replica:0/task:0/device:GPU:0,7.0,0.007
0Ie451KUC2,Const,/job:localhost/replica:0/task:0/device:GPU:0,7.0,0.007
ZfiEJqHTwr,Const,/job:localhost/replica:0/task:0/device:GPU:0,7.0,0.007
gl4t5oP9NG,Const,/job:localhost/replica:0/task:0/device:GPU:0,7.0,0.007
hByYJqbzv9,Const,/job:localhost/replica:0/task:0/device:GPU:0,7.0,0.007
6orDpyL71P,Const,/job:localhost/replica:0/task:0/device:GPU:0,7.0,0.007
2NQxchKj83,Const,/job:localhost/replica:0/task:0/device:GPU:0,7.0,0.007
lr9hYsV6Uw,Const,/job:localhost/replica:0/task:0/device:GPU:0,7.0,0.007
QuXJbPckqx,Const,/job:localhost/replica:0/task:0/device:GPU:0,7.0,0.007
vXr1hl7KcE,Const,/job:localhost/replica:0/task:0/device:GPU:0,7.0,0.007
z6Eiu85fj0,Equal,/job:localhost/replica:0/task:0/device:GPU:0,7.0,0.007
0O24hDayWC,Equal,/job:localhost/replica:0/task:0/device:GPU:0,7.0,0.007
O5jsgw4N6l,Equal,/job:localhost/replica:0/task:0/device:GPU:0,7.0,0.007
YGHxVgIv79,Pow,/job:localhost/replica:0/task:0/device:GPU:0,7.0,0.007
05VYUIcNvo,Shape,/job:localhost/replica:0/task:0/device:GPU:0,7.0,0.007
zyIiXouLFR,Equal,/job:localhost/replica:0/task:0/device:GPU:0,7.0,0.007
C3oAZ0hk5l,StridedSlice,/job:localhost/replica:0/task:0/device:GPU:0,7.0,0.007
IbXtvgR789,Fill,/job:localhost/replica:0/task:0/device:GPU:0,7.0,0.007
6nTGwPKm8p,NotEqual,/job:localhost/replica:0/task:0/device:GPU:0,7.0,0.007
SvgFyUdhOk,Pow,/job:localhost/replica:0/task:0/device:GPU:0,7.0,0.007
Yr3JmG1R2h,RealDiv,/job:localhost/replica:0/task:0/device:GPU:0,7.0,0.007
jmZ8oYPz5s,StridedSlice,/job:localhost/replica:0/task:0/device:GPU:0,7.0,0.007
Wsd0tnmMDv,RealDiv,/job:localhost/replica:0/task:0/device:GPU:0,7.0,0.007
QDcKls4hEz,StridedSlice,/job:localhost/replica:0/task:0/device:GPU:0,7.0,0.007
j2tLW8KJIu,StridedSlice,/job:localhost/replica:0/task:0/device:GPU:0,7.0,0.007
qeld0pL3ZF,StridedSlice,/job:localhost/replica:0/task:0/device:GPU:0,7.0,0.007
SVgPnWQFop,StridedSlice,/job:localhost/replica:0/task:0/device:GPU:0,7.0,0.007
5etzX810oA,Sub,/job:localhost/replica:0/task:0/device:GPU:0,7.0,0.007
4tEmh7f3dX,Prod,/job:localhost/replica:0/task:0/device:GPU:0,7.0,0.007
DQlCrHmfTR,Mean,/job:localhost/replica:0/task:0/device:GPU:0,7.0,0.007
7tcIlrxpOw,Prod,/job:localhost/replica:0/task:0/device:GPU:0,7.0,0.007
HhvtmEfSya,Mean,/job:localhost/replica:0/task:0/device:GPU:0,7.0,0.007
onyBZgHYs0,Mean,/job:localhost/replica:0/task:0/device:GPU:0,7.0,0.007
iJXRngwUS8,Prod,/job:localhost/replica:0/task:0/device:GPU:0,7.0,0.007
RwMW2nEuxN,Prod,/job:localhost/replica:0/task:0/device:GPU:0,7.0,0.007
W4xrdVwLjX,Mul,/job:localhost/replica:0/task:0/device:GPU:0,7.0,0.007
FqZVvLJo0a,Log,/job:localhost/replica:0/task:0/device:GPU:0,7.0,0.007
zEpCfOuMcr,Mul,/job:localhost/replica:0/task:0/device:GPU:0,7.0,0.007
qZEr8mT1Ng,Pow,/job:localhost/replica:0/task:0/device:GPU:0,7.0,0.007
f6WxShlmAk,LogicalAnd,/job:localhost/replica:0/task:0/device:GPU:0,7.0,0.007
puG3yTeFtJ,AddV2,/job:localhost/replica:0/task:0/device:GPU:0,7.0,0.007
83iXv0Qsw5,Sub,/job:localhost/replica:0/task:0/device:GPU:0,7.0,0.007
FT0VE2hroB,BiasAdd,/job:localhost/replica:0/task:0/device:GPU:0,7.0,0.007
lLongahXw2,Prod,/job:localhost/replica:0/task:0/device:GPU:0,7.0,0.007
isoIfMHyE5,Fill,/job:localhost/replica:0/task:0/device:GPU:0,7.0,0.007
0IiBSAEGJb,Fill,/job:localhost/replica:0/task:0/device:GPU:0,7.0,0.007
L41SalwCgY,BiasAdd,/job:localhost/replica:0/task:0/device:GPU:0,7.0,0.007
T4EURIHM7B,Pow,/job:localhost/replica:0/task:0/device:GPU:0,7.0,0.007
F6BN5nKaQl,Sub,/job:localhost/replica:0/task:0/device:GPU:0,7.0,0.007
Spdi4lDU2n,RealDiv,/job:localhost/replica:0/task:0/device:GPU:0,7.0,0.007
xuG7OdVpUA,AddV2,/job:localhost/replica:0/task:0/device:GPU:0,7.0,0.007
0eRA43VD7L,NotEqual,/job:localhost/replica:0/task:0/device:GPU:0,7.0,0.007
WnraQSUjIO,Select,/job:localhost/replica:0/task:0/device:GPU:0,7.0,0.007
xnrSM9Ho4B,LogicalAnd,/job:localhost/replica:0/task:0/device:GPU:0,7.0,0.007
Wi5m7Azgfp,ZerosLike,/job:localhost/replica:0/task:0/device:GPU:0,7.0,0.007
7BZeaHcmL1,AddN,/job:localhost/replica:0/task:0/device:GPU:0,7.0,0.007
fJUTWQtyNa,Add,/job:localhost/replica:0/task:0/device:GPU:0,7.0,0.007
cM6zjAKEfU,Select,/job:localhost/replica:0/task:0/device:GPU:0,7.0,0.007
zGQuNO4xva,NotEqual,/job:localhost/replica:0/task:0/device:GPU:0,7.0,0.007
GQd3Hntsau,AddN,/job:localhost/replica:0/task:0/device:GPU:0,7.0,0.007
8AduCIELQy,Equal,/job:localhost/replica:0/task:0/device:GPU:0,7.0,0.007
EQxgOdShFi,Select,/job:localhost/replica:0/task:0/device:GPU:0,7.0,0.007
r4lNK6ice5,Select,/job:localhost/replica:0/task:0/device:GPU:0,7.0,0.007
gmTkNl8Yiu,BiasAdd,/job:localhost/replica:0/task:0/device:GPU:0,7.0,0.007
xyFNl4enfv,Relu,/job:localhost/replica:0/task:0/device:GPU:0,7.0,0.007
Mexrvw0PKQ,Relu,/job:localhost/replica:0/task:0/device:GPU:0,7.0,0.007
NTuW38cmBH,BiasAdd,/job:localhost/replica:0/task:0/device:GPU:0,7.0,0.007
Vx0JXlmn6w,BiasAdd,/job:localhost/replica:0/task:0/device:GPU:0,7.0,0.007
3FTNvBfyJd,Sub,/job:localhost/replica:0/task:0/device:GPU:0,7.0,0.007
iOlLotwcrE,Pack,/job:localhost/replica:0/task:0/device:GPU:0,7.0,0.007
h9HmKp6sib,RealDiv,/job:localhost/replica:0/task:0/device:GPU:0,7.0,0.007
1jsExLtlbR,MatMul,/job:localhost/replica:0/task:0/device:GPU:0,7.0,0.007
y6GF37TKJO,MatMul,/job:localhost/replica:0/task:0/device:GPU:0,7.0,0.007
NGjVXWQmew,MatMul,/job:localhost/replica:0/task:0/device:GPU:0,7.0,0.007
vQ6paC3AqK,MatMul,/job:localhost/replica:0/task:0/device:GPU:0,7.0,0.007
L3H0OsqtKA,MatMul,/job:localhost/replica:0/task:0/device:GPU:0,7.0,0.007
nr24hJW7jZ,MatMul,/job:localhost/replica:0/task:0/device:GPU:0,7.0,0.007
PZkADLCBGI,MatMul,/job:localhost/replica:0/task:0/device:GPU:0,7.0,0.007
kylbsISBdx,MatMul,/job:localhost/replica:0/task:0/device:GPU:0,7.0,0.007
29kEJrV3Wy,MatMul,/job:localhost/replica:0/task:0/device:GPU:0,7.0,0.007
SBY7uhIQnm,StridedSlice,/job:localhost/replica:0/task:0/device:GPU:0,7.0,0.007
uwlYmhD2r5,Fill,/job:localhost/replica:0/task:0/device:GPU:0,7.0,0.007
twCh953lzN,AddV2,/job:localhost/replica:0/task:0/device:GPU:0,7.0,0.007
1QC7JRN2Vd,Relu,/job:localhost/replica:0/task:0/device:GPU:0,7.0,0.007
8NhixRqBGS,Fill,/job:localhost/replica:0/task:0/device:GPU:0,7.0,0.007
7nPWYptb6r,Slice,/job:localhost/replica:0/task:0/device:GPU:0,7.0,0.007
hOJmL9FEn8,MatMul,/job:localhost/replica:0/task:0/device:GPU:0,7.0,0.007
yNTvOKakxG,AddV2,/job:localhost/replica:0/task:0/device:GPU:0,7.0,0.007
tpFwEjvWUC,Pack,/job:localhost/replica:0/task:0/device:GPU:0,7.0,0.007
ktKarCdnYG,Pow,/job:localhost/replica:0/task:0/device:GPU:0,7.0,0.007
qwZG6uzlmL,AddN,/job:localhost/replica:0/task:0/device:GPU:0,7.0,0.007
xe3MSFfXDJ,Prod,/job:localhost/replica:0/task:0/device:GPU:0,7.0,0.007
nDr7NKslqL,Pow,/job:localhost/replica:0/task:0/device:GPU:0,7.0,0.007
ZKJUBh6g7D,Mul,/job:localhost/replica:0/task:0/device:GPU:0,7.0,0.007
CJimkZOR24,Pow,/job:localhost/replica:0/task:0/device:GPU:0,7.0,0.007
hqJpMOsnUB,Square,/job:localhost/replica:0/task:0/device:GPU:0,7.0,0.007
98dqzrnJiR,SquaredDifference,/job:localhost/replica:0/task:0/device:GPU:0,7.0,0.007
0CG7SX8bhJ,MatMul,/job:localhost/replica:0/task:0/device:GPU:0,7.0,0.007
l08GEQsOFZ,MatMul,/job:localhost/replica:0/task:0/device:GPU:0,7.0,0.007
VKhFw5qrIs,Mul,/job:localhost/replica:0/task:0/device:GPU:0,7.0,0.007
vTb9lyEX0r,MatMul,/job:localhost/replica:0/task:0/device:GPU:0,7.0,0.007
kPu9B4te3Z,MatMul,/job:localhost/replica:0/task:0/device:GPU:0,7.0,0.007
tqBdsexW9X,MatMul,/job:localhost/replica:0/task:0/device:GPU:0,7.0,0.007
mBwl6TFjQd,Select,/job:localhost/replica:0/task:0/device:GPU:0,7.0,0.007
cwuXLKohQR,Prod,/job:localhost/replica:0/task:0/device:GPU:0,7.0,0.007
XtgHlqyYw9,MatMul,/job:localhost/replica:0/task:0/device:GPU:0,7.0,0.007
NeCcRYudKl,MatMul,/job:localhost/replica:0/task:0/device:GPU:0,7.0,0.007
wf9Zbpjlus,Select,/job:localhost/replica:0/task:0/device:GPU:0,7.0,0.007
TuIogj0qeE,MatMul,/job:localhost/replica:0/task:0/device:GPU:0,7.0,0.007
szqXJTnC15,MatMul,/job:localhost/replica:0/task:0/device:GPU:0,7.0,0.007
RAelmDGCnQ,MatMul,/job:localhost/replica:0/task:0/device:GPU:0,7.0,0.007
nHhZbNS7cC,MatMul,/job:localhost/replica:0/task:0/device:GPU:0,7.0,0.007
MjmKlbTY0O,MatMul,/job:localhost/replica:0/task:0/device:GPU:0,7.0,0.007
e8c15Nnv7M,Mul,/job:localhost/replica:0/task:0/device:GPU:0,7.0,0.007
5Bsjoq4axp,Sum,/job:localhost/replica:0/task:0/device:GPU:0,7.0,0.007
bq2OhtAyGI,RealDiv,/job:localhost/replica:0/task:0/device:GPU:0,7.0,0.007
CJKuIf7ZQw,MatMul,/job:localhost/replica:0/task:0/device:GPU:0,7.0,0.007
t6oNqsF23J,MatMul,/job:localhost/replica:0/task:0/device:GPU:0,7.0,0.007
bRNMpHejXk,Select,/job:localhost/replica:0/task:0/device:GPU:0,7.0,0.007
7CpmGdvZqK,Add,/job:localhost/replica:0/task:0/device:GPU:0,7.0,0.007
8oKDhO1NTp,MatMul,/job:localhost/replica:0/task:0/device:GPU:0,7.0,0.007
gITKYWrn2Q,MatMul,/job:localhost/replica:0/task:0/device:GPU:0,7.0,0.007
CzO8kMlASj,Add,/job:localhost/replica:0/task:0/device:GPU:0,7.0,0.007
lebCojmTzp,Mul,/job:localhost/replica:0/task:0/device:GPU:0,7.0,0.007
tZ4FLB2XcE,Pow,/job:localhost/replica:0/task:0/device:GPU:0,7.0,0.007
kAJnVgwjse,StridedSlice,/job:localhost/replica:0/task:0/device:GPU:0,7.0,0.007
aNjTWicbr3,Tanh,/job:localhost/replica:0/task:0/device:GPU:0,7.0,0.007
Cf29dusIp6,RealDiv,/job:localhost/replica:0/task:0/device:GPU:0,7.0,0.007
CjqgRfXcw2,Sub,/job:localhost/replica:0/task:0/device:GPU:0,7.0,0.007
XJcyZe6NAk,Pow,/job:localhost/replica:0/task:0/device:GPU:0,7.0,0.007
9gAMKedXa1,RealDiv,/job:localhost/replica:0/task:0/device:GPU:0,7.0,0.007
2nbuSAQVKN,Pow,/job:localhost/replica:0/task:0/device:GPU:0,7.0,0.007
Ryj2FQcKsf,Mul,/job:localhost/replica:0/task:0/device:GPU:0,7.0,0.007
QdoPymMW69,Relu,/job:localhost/replica:0/task:0/device:GPU:0,7.0,0.007
DE4n5NPUZS,Sub,/job:localhost/replica:0/task:0/device:GPU:0,7.0,0.007
LdB26t0M8x,Pow,/job:localhost/replica:0/task:0/device:GPU:0,7.0,0.007
4JC21cKUNj,Sub,/job:localhost/replica:0/task:0/device:GPU:0,7.0,0.007
Sjd1zVxgsp,BiasAdd,/job:localhost/replica:0/task:0/device:GPU:0,7.0,0.007
rMF9PUgjyz,BiasAdd,/job:localhost/replica:0/task:0/device:GPU:0,7.0,0.007
3ZUKLecAfG,Sub,/job:localhost/replica:0/task:0/device:GPU:0,7.0,0.007
tLnkDf35XA,Mul,/job:localhost/replica:0/task:0/device:GPU:0,7.0,0.007
USBOqMiehf,Mul,/job:localhost/replica:0/task:0/device:GPU:0,7.0,0.007
zHw6ixLkAI,Pow,/job:localhost/replica:0/task:0/device:GPU:0,7.0,0.007
7W6VCOYGZj,BiasAdd,/job:localhost/replica:0/task:0/device:GPU:0,7.0,0.007
H6pXxOWNrE,Shape,/job:localhost/replica:0/task:0/device:GPU:0,7.0,0.007
HseTy0Zgo4,Pack,/job:localhost/replica:0/task:0/device:GPU:0,7.0,0.007
JXRour0MyE,Transpose,/job:localhost/replica:0/task:0/device:GPU:0,7.0,0.007
iZdhBOSGNW,Mul,/job:localhost/replica:0/task:0/device:GPU:0,7.0,0.007
dTXB3mn2Y5,Sub,/job:localhost/replica:0/task:0/device:GPU:0,7.0,0.007
HokAls1mFf,Sub,/job:localhost/replica:0/task:0/device:GPU:0,7.0,0.007
MbX3KvSgaY,AddV2,/job:localhost/replica:0/task:0/device:GPU:0,7.0,0.007
baPHFYmOIE,Log,/job:localhost/replica:0/task:0/device:GPU:0,7.0,0.007
Vl9EpCqtP7,Tanh,/job:localhost/replica:0/task:0/device:GPU:0,7.0,0.007
xnEK31hR4A,RealDiv,/job:localhost/replica:0/task:0/device:GPU:0,7.0,0.007
K59x6sZHoQ,RealDiv,/job:localhost/replica:0/task:0/device:GPU:0,7.0,0.007
Mzt8Ecn7sI,AddV2,/job:localhost/replica:0/task:0/device:GPU:0,7.0,0.007
ezrMJxb2Cg,Sub,/job:localhost/replica:0/task:0/device:GPU:0,7.0,0.007
68o203S7cW,Sum,/job:localhost/replica:0/task:0/device:GPU:0,7.0,0.007
cWywAvh1CB,Prod,/job:localhost/replica:0/task:0/device:GPU:0,7.0,0.007
VjiTAIBaHK,Sum,/job:localhost/replica:0/task:0/device:GPU:0,7.0,0.007
480CgEnzka,Prod,/job:localhost/replica:0/task:0/device:GPU:0,7.0,0.007
Pvzn0XNiM2,Sum,/job:localhost/replica:0/task:0/device:GPU:0,7.0,0.007
ufZdjFqRJS,Add,/job:localhost/replica:0/task:0/device:GPU:0,7.0,0.007
PIR0uw7ja4,Add,/job:localhost/replica:0/task:0/device:GPU:0,7.0,0.007
3YJSe0igqF,AddV2,/job:localhost/replica:0/task:0/device:GPU:0,7.0,0.007
5NcobhiByG,Pow,/job:localhost/replica:0/task:0/device:GPU:0,7.0,0.007
qRdklZHMxf,Mul,/job:localhost/replica:0/task:0/device:GPU:0,7.0,0.007
dpRlzW4NKE,SquaredDifference,/job:localhost/replica:0/task:0/device:GPU:0,7.0,0.007
ajdDl01up3,SquaredDifference,/job:localhost/replica:0/task:0/device:GPU:0,7.0,0.007
LW6P2gvX8c,SquaredDifference,/job:localhost/replica:0/task:0/device:GPU:0,7.0,0.007
jPy0IqEO9Y,Prod,/job:localhost/replica:0/task:0/device:GPU:0,7.0,0.007
5HnQvhwMqU,Sum,/job:localhost/replica:0/task:0/device:GPU:0,7.0,0.007
UoseuWVABm,AddV2,/job:localhost/replica:0/task:0/device:GPU:0,7.0,0.007
uvg6BInXwy,Pow,/job:localhost/replica:0/task:0/device:GPU:0,7.0,0.007
Y8ZSBiCU40,Sub,/job:localhost/replica:0/task:0/device:GPU:0,7.0,0.007
LFP9aC0ckq,AddV2,/job:localhost/replica:0/task:0/device:GPU:0,7.0,0.007
C8py5b3cA7,RealDiv,/job:localhost/replica:0/task:0/device:GPU:0,7.0,0.007
7frIVx6wm2,RealDiv,/job:localhost/replica:0/task:0/device:GPU:0,7.0,0.007
8y1rQSUWEI,Pow,/job:localhost/replica:0/task:0/device:GPU:0,7.0,0.007
SBN7Av0Qtd,AddV2,/job:localhost/replica:0/task:0/device:GPU:0,7.0,0.007
c2l7QiA0Wq,RealDiv,/job:localhost/replica:0/task:0/device:GPU:0,7.0,0.007
G0J4tHnver,Cast,/job:localhost/replica:0/task:0/device:GPU:0,7.0,0.007
5Q3aoANl0W,AddV2,/job:localhost/replica:0/task:0/device:GPU:0,7.0,0.007
ozH83gPA5I,Rsqrt,/job:localhost/replica:0/task:0/device:GPU:0,7.0,0.007
flr1UCa9Is,Pow,/job:localhost/replica:0/task:0/device:GPU:0,7.0,0.007
j6Y8Iomvla,Prod,/job:localhost/replica:0/task:0/device:GPU:0,7.0,0.007
WEBA1pGPSg,SquaredDifference,/job:localhost/replica:0/task:0/device:GPU:0,7.0,0.007
CetDnRITq5,Sub,/job:localhost/replica:0/task:0/device:GPU:0,7.0,0.007
jsKn07Z2Ny,Cast,/job:localhost/replica:0/task:0/device:GPU:0,7.0,0.007
24yi5TasnV,Sum,/job:localhost/replica:0/task:0/device:GPU:0,7.0,0.007
xlH1jmVDry,SquaredDifference,/job:localhost/replica:0/task:0/device:GPU:0,7.0,0.007
OFA0USoRwY,RealDiv,/job:localhost/replica:0/task:0/device:GPU:0,7.0,0.007
L09bB5K6eM,Mul,/job:localhost/replica:0/task:0/device:GPU:0,7.0,0.007
02mAF9i4UI,Sub,/job:localhost/replica:0/task:0/device:GPU:0,7.0,0.007
h6p4X9eBJm,Pow,/job:localhost/replica:0/task:0/device:GPU:0,7.0,0.007
3wMJsVYr76,Transpose,/job:localhost/replica:0/task:0/device:GPU:0,7.0,0.007
GDKOgvifza,Pow,/job:localhost/replica:0/task:0/device:GPU:0,7.0,0.007
CaTI1ZobX4,Sub,/job:localhost/replica:0/task:0/device:GPU:0,7.0,0.007
EXu6xo8myG,RealDiv,/job:localhost/replica:0/task:0/device:GPU:0,7.0,0.007
nyTXJAwxo6,Add,/job:localhost/replica:0/task:0/device:GPU:0,7.0,0.007
qFZGRxak03,Prod,/job:localhost/replica:0/task:0/device:GPU:0,7.0,0.007
xMskCFdL0g,Add,/job:localhost/replica:0/task:0/device:GPU:0,7.0,0.007
soZCOS4xLt,RealDiv,/job:localhost/replica:0/task:0/device:GPU:0,7.0,0.007
2b4SD31IMF,Pow,/job:localhost/replica:0/task:0/device:GPU:0,7.0,0.007
3tXNdkuviV,Pow,/job:localhost/replica:0/task:0/device:GPU:0,7.0,0.007
whfjpUYDlr,RealDiv,/job:localhost/replica:0/task:0/device:GPU:0,7.0,0.007
0rO1KFkaqu,BiasAdd,/job:localhost/replica:0/task:0/device:GPU:0,7.0,0.007
apz6gQbSeX,Mul,/job:localhost/replica:0/task:0/device:GPU:0,7.0,0.007
8x5V6od1LO,Transpose,/job:localhost/replica:0/task:0/device:GPU:0,7.0,0.007
tOBg6jncLW,RealDiv,/job:localhost/replica:0/task:0/device:GPU:0,7.0,0.007
FV1vDLBG0a,Sub,/job:localhost/replica:0/task:0/device:GPU:0,7.0,0.007
9sEtpWLyMk,SquaredDifference,/job:localhost/replica:0/task:0/device:GPU:0,7.0,0.007
o2dE7hFfal,Prod,/job:localhost/replica:0/task:0/device:GPU:0,7.0,0.007
toQEfrg5Fx,Pow,/job:localhost/replica:0/task:0/device:GPU:0,7.0,0.007
aZdMejKn8c,Add,/job:localhost/replica:0/task:0/device:GPU:0,7.0,0.007
FAySnDi2wP,Sub,/job:localhost/replica:0/task:0/device:GPU:0,7.0,0.007
bHt4w6vc7J,Cast,/job:localhost/replica:0/task:0/device:GPU:0,7.0,0.007
EWUuTDwmjG,AddV2,/job:localhost/replica:0/task:0/device:GPU:0,7.0,0.007
oUWIlnXCx2,RealDiv,/job:localhost/replica:0/task:0/device:GPU:0,7.0,0.007
f486jdUYlX,Add,/job:localhost/replica:0/task:0/device:GPU:0,7.0,0.007
1inlaeH2oZ,Rsqrt,/job:localhost/replica:0/task:0/device:GPU:0,7.0,0.007
lk7ifqJxmH,Mul,/job:localhost/replica:0/task:0/device:GPU:0,7.0,0.007
IpUP2jZYCo,Pow,/job:localhost/replica:0/task:0/device:GPU:0,7.0,0.007
XJhRxg5iqM,Rsqrt,/job:localhost/replica:0/task:0/device:GPU:0,7.0,0.007
jZEX5QSRUN,Sub,/job:localhost/replica:0/task:0/device:GPU:0,7.0,0.007
96XthVoYjT,Add,/job:localhost/replica:0/task:0/device:GPU:0,7.0,0.007
mwogAYibGP,RealDiv,/job:localhost/replica:0/task:0/device:GPU:0,7.0,0.007
lUC8NOAVcr,Rsqrt,/job:localhost/replica:0/task:0/device:GPU:0,7.0,0.007
P7wX6FNLEC,Sub,/job:localhost/replica:0/task:0/device:GPU:0,7.0,0.007
AXx4K6U1lo,Pow,/job:localhost/replica:0/task:0/device:GPU:0,7.0,0.007
ce3sYgStjJ,Mul,/job:localhost/replica:0/task:0/device:GPU:0,7.0,0.007
9YOaIoCRnt,SquaredDifference,/job:localhost/replica:0/task:0/device:GPU:0,7.0,0.007
SLsEjuxNTy,Pow,/job:localhost/replica:0/task:0/device:GPU:0,7.0,0.007
z8cdiSrZhw,Transpose,/job:localhost/replica:0/task:0/device:GPU:0,7.0,0.007
zbJg4WcnwA,Sub,/job:localhost/replica:0/task:0/device:GPU:0,7.0,0.007
wSufdoBZkH,Mul,/job:localhost/replica:0/task:0/device:GPU:0,7.0,0.007
xzZ08DX7Ij,AddV2,/job:localhost/replica:0/task:0/device:GPU:0,7.0,0.007
I9i703DNPL,SquaredDifference,/job:localhost/replica:0/task:0/device:GPU:0,7.0,0.007
w8xYf3Ltdr,Cast,/job:localhost/replica:0/task:0/device:GPU:0,7.0,0.007
LTNlEuCSHe,Pow,/job:localhost/replica:0/task:0/device:GPU:0,7.0,0.007
sOl2k168n7,Add,/job:localhost/replica:0/task:0/device:GPU:0,7.0,0.007
OQmHrg5Uql,Log,/job:localhost/replica:0/task:0/device:GPU:0,7.0,0.007
jA6d0Ma713,Neg,/job:localhost/replica:0/task:0/device:GPU:0,7.0,0.007
7DlxbiSd3Q,AddV2,/job:localhost/replica:0/task:0/device:GPU:0,7.0,0.007
n1RaH7bzoh,RealDiv,/job:localhost/replica:0/task:0/device:GPU:0,7.0,0.007
mcASb9LxXK,Rsqrt,/job:localhost/replica:0/task:0/device:GPU:0,7.0,0.007
wtpaWiVDJG,Sub,/job:localhost/replica:0/task:0/device:GPU:0,7.0,0.007
CnbremlohU,RealDiv,/job:localhost/replica:0/task:0/device:GPU:0,7.0,0.007
DKG13p974m,Mul,/job:localhost/replica:0/task:0/device:GPU:0,7.0,0.007
vBXnrEdgKG,Sub,/job:localhost/replica:0/task:0/device:GPU:0,7.0,0.007
9ZsSohKQaL,AddV2,/job:localhost/replica:0/task:0/device:GPU:0,7.0,0.007
62PtlJCETv,Pow,/job:localhost/replica:0/task:0/device:GPU:0,7.0,0.007
En8AWmY4G2,Sub,/job:localhost/replica:0/task:0/device:GPU:0,7.0,0.007
ds2oN8CEOA,Pow,/job:localhost/replica:0/task:0/device:GPU:0,7.0,0.007
ysZ72qkfRm,SquaredDifference,/job:localhost/replica:0/task:0/device:GPU:0,7.0,0.007
BNQnhFk8jX,Pow,/job:localhost/replica:0/task:0/device:GPU:0,7.0,0.007
thIy8KBxXP,Pow,/job:localhost/replica:0/task:0/device:GPU:0,7.0,0.007
saL2d74BCY,Pow,/job:localhost/replica:0/task:0/device:GPU:0,7.0,0.007
wqQdB2SsIF,Cast,/job:localhost/replica:0/task:0/device:GPU:0,7.0,0.007
qIZSiJvzPe,Cast,/job:localhost/replica:0/task:0/device:GPU:0,7.0,0.007
XF2qiOAwJn,Relu,/job:localhost/replica:0/task:0/device:GPU:0,7.0,0.007
M4YdxysCUw,Add,/job:localhost/replica:0/task:0/device:GPU:0,7.0,0.007
HjIJvVle7Y,Pow,/job:localhost/replica:0/task:0/device:GPU:0,7.0,0.007
ClbYMZ98xO,Sub,/job:localhost/replica:0/task:0/device:GPU:0,7.0,0.007
NwB0f2ZPWA,Mul,/job:localhost/replica:0/task:0/device:GPU:0,7.0,0.007
oLdR1TjtcI,Prod,/job:localhost/replica:0/task:0/device:GPU:0,7.0,0.007
BItmZfPO2H,Pow,/job:localhost/replica:0/task:0/device:GPU:0,7.0,0.007
Z4QstavYhV,Neg,/job:localhost/replica:0/task:0/device:GPU:0,7.0,0.007
bQiE647hM0,Sigmoid,/job:localhost/replica:0/task:0/device:GPU:0,7.0,0.007
FE3y5H9gXb,Add,/job:localhost/replica:0/task:0/device:GPU:0,7.0,0.007
agqJ42UN31,Sub,/job:localhost/replica:0/task:0/device:GPU:0,7.0,0.007
z0iqVIHLeU,StridedSlice,/job:localhost/replica:0/task:0/device:GPU:0,7.0,0.007
VgIOQkAudq,Relu,/job:localhost/replica:0/task:0/device:GPU:0,7.0,0.007
mdvXNrZH6V,Pow,/job:localhost/replica:0/task:0/device:GPU:0,7.0,0.007
bMZ3cSvhY5,Log,/job:localhost/replica:0/task:0/device:GPU:0,7.0,0.007
6SOh54jCtl,RealDiv,/job:localhost/replica:0/task:0/device:GPU:0,7.0,0.007
lOjoW2dtuH,Mean,/job:localhost/replica:0/task:0/device:GPU:0,7.0,0.007
KYSVPzwJmq,Prod,/job:localhost/replica:0/task:0/device:GPU:0,7.0,0.007
puv4Xw3oAL,Mul,/job:localhost/replica:0/task:0/device:GPU:0,7.0,0.007
T2sZ57C6yW,Sigmoid,/job:localhost/replica:0/task:0/device:GPU:0,7.0,0.007
Q7ks4cIDpe,Fill,/job:localhost/replica:0/task:0/device:GPU:0,7.0,0.007
DLwe5YJvOn,Mean,/job:localhost/replica:0/task:0/device:GPU:0,7.0,0.007
e7g8tZFwBJ,Prod,/job:localhost/replica:0/task:0/device:GPU:0,7.0,0.007
1jSpRsyzEO,BiasAdd,/job:localhost/replica:0/task:0/device:GPU:0,7.0,0.007
IyaNoCS8gj,BiasAdd,/job:localhost/replica:0/task:0/device:GPU:0,7.0,0.007
i28jKHWJ0n,BiasAdd,/job:localhost/replica:0/task:0/device:GPU:0,7.0,0.007
zILPk6XTcp,Pow,/job:localhost/replica:0/task:0/device:GPU:0,7.0,0.007
Ck0gOsGRF7,Mul,/job:localhost/replica:0/task:0/device:GPU:0,7.0,0.007
iTh8yQKoZW,AddN,/job:localhost/replica:0/task:0/device:GPU:0,7.0,0.007
J8nlYktKUm,AddN,/job:localhost/replica:0/task:0/device:GPU:0,7.0,0.007
4bFIRTYHa0,AddN,/job:localhost/replica:0/task:0/device:GPU:0,7.0,0.007
urwcFC3nlO,IsNan,/job:localhost/replica:0/task:0/device:GPU:0,7.0,0.007
Y9NtBRE02I,Fill,/job:localhost/replica:0/task:0/device:GPU:0,7.0,0.007
mSIicxhuVB,Sub,/job:localhost/replica:0/task:0/device:GPU:0,7.0,0.007
tbnKB9i0WH,IsNan,/job:localhost/replica:0/task:0/device:GPU:0,7.0,0.007
WGuN3bYxRO,Fill,/job:localhost/replica:0/task:0/device:GPU:0,7.0,0.007
K30gdXSkZY,Fill,/job:localhost/replica:0/task:0/device:GPU:0,7.0,0.007
mCaUyXBVFY,Sigmoid,/job:localhost/replica:0/task:0/device:GPU:0,7.0,0.007
OCfdE08TXp,Pow,/job:localhost/replica:0/task:0/device:GPU:0,7.0,0.007
nQSrjaATzH,AddN,/job:localhost/replica:0/task:0/device:GPU:0,7.0,0.007
pGl24FcnRo,Minimum,/job:localhost/replica:0/task:0/device:GPU:0,7.0,0.007
D0tc1vyVxW,RealDiv,/job:localhost/replica:0/task:0/device:GPU:0,7.0,0.007
w219LHpmAe,RealDiv,/job:localhost/replica:0/task:0/device:GPU:0,7.0,0.007
ptkZVR63S9,RealDiv,/job:localhost/replica:0/task:0/device:GPU:0,7.0,0.007
RwAyIjCuST,Pow,/job:localhost/replica:0/task:0/device:GPU:0,7.0,0.007
YVGuPbMyLO,RealDiv,/job:localhost/replica:0/task:0/device:GPU:0,7.0,0.007
m7uA0njGU9,Mul,/job:localhost/replica:0/task:0/device:GPU:0,7.0,0.007
TF0urZWmVB,Mul,/job:localhost/replica:0/task:0/device:GPU:0,7.0,0.007
GSir0B8HUy,Sigmoid,/job:localhost/replica:0/task:0/device:GPU:0,7.0,0.007
TIDsCnWlAU,Pow,/job:localhost/replica:0/task:0/device:GPU:0,7.0,0.007
IMaiejx0ym,Shape,/job:localhost/replica:0/task:0/device:GPU:0,7.0,0.007
oEkHVSuaM1,StridedSlice,/job:localhost/replica:0/task:0/device:GPU:0,7.0,0.007
2wUjXZSy0D,ConcatV2,/job:localhost/replica:0/task:0/device:GPU:0,7.0,0.007
tTbrPEcyBq,ConcatV2,/job:localhost/replica:0/task:0/device:GPU:0,7.0,0.007
_arg_UxM3Cc8KSA_0_904,Placeholder,/job:localhost/replica:0/task:0/device:CPU:0,6.0,0.006
_arg_hCWefXnd8B_0_1242,Placeholder,/job:localhost/replica:0/task:0/device:CPU:0,6.0,0.006
HnAZjESWme,Const,/job:localhost/replica:0/task:0/device:GPU:0,6.0,0.006
gefYW8Ljw6,Const,/job:localhost/replica:0/task:0/device:GPU:0,6.0,0.006
5kgA7MCjn4,Const,/job:localhost/replica:0/task:0/device:GPU:0,6.0,0.006
0WOGsbmhBI/_4__cf__4,Reshape,/job:localhost/replica:0/task:0/device:GPU:0,6.0,0.006
duzvwOL2UK,Const,/job:localhost/replica:0/task:0/device:GPU:0,6.0,0.006
UJvpWa76ow,Const,/job:localhost/replica:0/task:0/device:GPU:0,6.0,0.006
u54GKNjn7E,Const,/job:localhost/replica:0/task:0/device:GPU:0,6.0,0.006
iXOTGyEs7J,Const,/job:localhost/replica:0/task:0/device:GPU:0,6.0,0.006
Yiw2UzuXcn,Const,/job:localhost/replica:0/task:0/device:GPU:0,6.0,0.006
7ftNykU3CD,Const,/job:localhost/replica:0/task:0/device:GPU:0,6.0,0.006
qvMiQ5N2Up,Const,/job:localhost/replica:0/task:0/device:GPU:0,6.0,0.006
EJZVnr3Wiv/_159__cf__159,Reshape,/job:localhost/replica:0/task:0/device:GPU:0,6.0,0.006
GD62ntKXgm/_185__cf__185,Reshape,/job:localhost/replica:0/task:0/device:GPU:0,6.0,0.006
zp3WRCGbvq,Const,/job:localhost/replica:0/task:0/device:GPU:0,6.0,0.006
9ezIQTNfPE,Const,/job:localhost/replica:0/task:0/device:GPU:0,6.0,0.006
5dF8xU43jD,Const,/job:localhost/replica:0/task:0/device:GPU:0,6.0,0.006
U7ewMrx6Gd,Const,/job:localhost/replica:0/task:0/device:GPU:0,6.0,0.006
06gWZ8Tedo,Const,/job:localhost/replica:0/task:0/device:GPU:0,6.0,0.006
ETy9YLaf6K,Const,/job:localhost/replica:0/task:0/device:GPU:0,6.0,0.006
1va3RKEFi6,Const,/job:localhost/replica:0/task:0/device:GPU:0,6.0,0.006
m2u8Cx1Vo6,Const,/job:localhost/replica:0/task:0/device:GPU:0,6.0,0.006
JDYGlz1UE9,Const,/job:localhost/replica:0/task:0/device:GPU:0,6.0,0.006
EXfWDzH4Nc,Const,/job:localhost/replica:0/task:0/device:GPU:0,6.0,0.006
cx3uljhr0A,Const,/job:localhost/replica:0/task:0/device:GPU:0,6.0,0.006
5un0XVl6Sj,Const,/job:localhost/replica:0/task:0/device:GPU:0,6.0,0.006
mxehTKjp41,Const,/job:localhost/replica:0/task:0/device:GPU:0,6.0,0.006
mVECH1YnPR,Const,/job:localhost/replica:0/task:0/device:GPU:0,6.0,0.006
QonHNvT1RF,Const,/job:localhost/replica:0/task:0/device:GPU:0,6.0,0.006
07MqUuPxtI,Const,/job:localhost/replica:0/task:0/device:GPU:0,6.0,0.006
03L4tsbz5a,Const,/job:localhost/replica:0/task:0/device:GPU:0,6.0,0.006
UX8K4PMfhQ,Const,/job:localhost/replica:0/task:0/device:GPU:0,6.0,0.006
mLIC0zQ2dc/_567__cf__567,Reshape,/job:localhost/replica:0/task:0/device:GPU:0,6.0,0.006
BD3mJ8ybiF,Sign,/job:localhost/replica:0/task:0/device:GPU:0,6.0,0.006
GDM1lvzpo7,StridedSlice,/job:localhost/replica:0/task:0/device:GPU:0,6.0,0.006
Tx2PKgn8oM,Const,/job:localhost/replica:0/task:0/device:GPU:0,6.0,0.006
td6Q5hzAMT,Const,/job:localhost/replica:0/task:0/device:GPU:0,6.0,0.006
SK682UkB1Z,Const,/job:localhost/replica:0/task:0/device:GPU:0,6.0,0.006
Q9XsAIZtGS,Const,/job:localhost/replica:0/task:0/device:GPU:0,6.0,0.006
4JHRpe0WlE,Const,/job:localhost/replica:0/task:0/device:GPU:0,6.0,0.006
Y7oc31lPV6,Const,/job:localhost/replica:0/task:0/device:GPU:0,6.0,0.006
LKSfX486G0,Const,/job:localhost/replica:0/task:0/device:GPU:0,6.0,0.006
m7MyNCPUFw,Const,/job:localhost/replica:0/task:0/device:GPU:0,6.0,0.006
rU35dg9aIJ,Const,/job:localhost/replica:0/task:0/device:GPU:0,6.0,0.006
zbKv83xWLY,Const,/job:localhost/replica:0/task:0/device:GPU:0,6.0,0.006
0AEL7zly4H,Const,/job:localhost/replica:0/task:0/device:GPU:0,6.0,0.006
TwRGXZtBS2,Const,/job:localhost/replica:0/task:0/device:GPU:0,6.0,0.006
qftgswF0dO,Const,/job:localhost/replica:0/task:0/device:GPU:0,6.0,0.006
W9qtPN0mzU,Const,/job:localhost/replica:0/task:0/device:GPU:0,6.0,0.006
aBwPs8md6v,Fill,/job:localhost/replica:0/task:0/device:GPU:0,6.0,0.006
VNi7SEG8Bu,Maximum,/job:localhost/replica:0/task:0/device:GPU:0,6.0,0.006
S5hL14jNqG,Maximum,/job:localhost/replica:0/task:0/device:GPU:0,6.0,0.006
1TdIaHeX34,Maximum,/job:localhost/replica:0/task:0/device:GPU:0,6.0,0.006
jfb0lQEYLp,Maximum,/job:localhost/replica:0/task:0/device:GPU:0,6.0,0.006
3aUIpLscGN,Maximum,/job:localhost/replica:0/task:0/device:GPU:0,6.0,0.006
2XaKR1Ifm3,Pow,/job:localhost/replica:0/task:0/device:GPU:0,6.0,0.006
ho9Fjm6QN5,Minimum,/job:localhost/replica:0/task:0/device:GPU:0,6.0,0.006
LTaPy8FVu1,BiasAdd,/job:localhost/replica:0/task:0/device:GPU:0,6.0,0.006
Lae2Vn76Df,StridedSlice,/job:localhost/replica:0/task:0/device:GPU:0,6.0,0.006
T7Zu8ABoRL,StridedSlice,/job:localhost/replica:0/task:0/device:GPU:0,6.0,0.006
Ins3DTkQLF,StridedSlice,/job:localhost/replica:0/task:0/device:GPU:0,6.0,0.006
N6EmFshgux,StridedSlice,/job:localhost/replica:0/task:0/device:GPU:0,6.0,0.006
ScAsyzajVT,StridedSlice,/job:localhost/replica:0/task:0/device:GPU:0,6.0,0.006
sxjkI7ZpSc,StridedSlice,/job:localhost/replica:0/task:0/device:GPU:0,6.0,0.006
2izP4otd1s,NotEqual,/job:localhost/replica:0/task:0/device:GPU:0,6.0,0.006
8dstcewDn2,NotEqual,/job:localhost/replica:0/task:0/device:GPU:0,6.0,0.006
EpRDHgKoFf,NotEqual,/job:localhost/replica:0/task:0/device:GPU:0,6.0,0.006
VstuBENGZz,BiasAdd,/job:localhost/replica:0/task:0/device:GPU:0,6.0,0.006
doYuJRlymx,StridedSlice,/job:localhost/replica:0/task:0/device:GPU:0,6.0,0.006
p0tWaEFom2,StridedSlice,/job:localhost/replica:0/task:0/device:GPU:0,6.0,0.006
h1smYtopMH,StridedSlice,/job:localhost/replica:0/task:0/device:GPU:0,6.0,0.006
U0Y1hXlvrA,RealDiv,/job:localhost/replica:0/task:0/device:GPU:0,6.0,0.006
US3hbvTOjz,Pow,/job:localhost/replica:0/task:0/device:GPU:0,6.0,0.006
DNdJIlAMVc,StridedSlice,/job:localhost/replica:0/task:0/device:GPU:0,6.0,0.006
md4SoWPKOU,StridedSlice,/job:localhost/replica:0/task:0/device:GPU:0,6.0,0.006
ezDxF8nqmh,StridedSlice,/job:localhost/replica:0/task:0/device:GPU:0,6.0,0.006
nqHMybheFf,AddV2,/job:localhost/replica:0/task:0/device:GPU:0,6.0,0.006
5Y3XvdeybA,RealDiv,/job:localhost/replica:0/task:0/device:GPU:0,6.0,0.006
fX92YP1b4h,Pow,/job:localhost/replica:0/task:0/device:GPU:0,6.0,0.006
1IcUntCGri,LogicalOr,/job:localhost/replica:0/task:0/device:GPU:0,6.0,0.006
ELTeyrFBgW,Select,/job:localhost/replica:0/task:0/device:GPU:0,6.0,0.006
C7WgQXZJG1,Select,/job:localhost/replica:0/task:0/device:GPU:0,6.0,0.006
GWCY4y2kcK,LogicalAnd,/job:localhost/replica:0/task:0/device:GPU:0,6.0,0.006
ALwWIxXqgo,Select,/job:localhost/replica:0/task:0/device:GPU:0,6.0,0.006
fbWmMZP2QK,LogicalAnd,/job:localhost/replica:0/task:0/device:GPU:0,6.0,0.006
oCpA7M3dNj,LogicalAnd,/job:localhost/replica:0/task:0/device:GPU:0,6.0,0.006
iQwJpaILOH,BiasAdd,/job:localhost/replica:0/task:0/device:GPU:0,6.0,0.006
Qy69isOhrZ,Prod,/job:localhost/replica:0/task:0/device:GPU:0,6.0,0.006
FxdDckXf4g,StridedSlice,/job:localhost/replica:0/task:0/device:GPU:0,6.0,0.006
mUOwX1gTHv,Mul,/job:localhost/replica:0/task:0/device:GPU:0,6.0,0.006
TDgK3qtRQo,Mul,/job:localhost/replica:0/task:0/device:GPU:0,6.0,0.006
LAcng7Qfrw,Select,/job:localhost/replica:0/task:0/device:GPU:0,6.0,0.006
YiUaT7kAjz,LogicalAnd,/job:localhost/replica:0/task:0/device:GPU:0,6.0,0.006
mpuR0ZOx1V,Fill,/job:localhost/replica:0/task:0/device:GPU:0,6.0,0.006
0wsOTZ4dBo,Select,/job:localhost/replica:0/task:0/device:GPU:0,6.0,0.006
zy73Nsre8o,Fill,/job:localhost/replica:0/task:0/device:GPU:0,6.0,0.006
IyAdaFQx2C,Fill,/job:localhost/replica:0/task:0/device:GPU:0,6.0,0.006
ZbkCcYytF1,Select,/job:localhost/replica:0/task:0/device:GPU:0,6.0,0.006
XVeA630COo,LogicalNot,/job:localhost/replica:0/task:0/device:GPU:0,6.0,0.006
AExKaLp95B,AddV2,/job:localhost/replica:0/task:0/device:GPU:0,6.0,0.006
FvKTPN3OsJ,Log,/job:localhost/replica:0/task:0/device:GPU:0,6.0,0.006
UyehMWnxA0,Log,/job:localhost/replica:0/task:0/device:GPU:0,6.0,0.006
c62SwOR8fz,RealDiv,/job:localhost/replica:0/task:0/device:GPU:0,6.0,0.006
xR2fyI8TlL,AddV2,/job:localhost/replica:0/task:0/device:GPU:0,6.0,0.006
AfUcJhitVd,Add,/job:localhost/replica:0/task:0/device:GPU:0,6.0,0.006
JYXHAFx6jC,Add,/job:localhost/replica:0/task:0/device:GPU:0,6.0,0.006
7hKAwnpoZ5,Minimum,/job:localhost/replica:0/task:0/device:GPU:0,6.0,0.006
ml7eGVM8EY,Minimum,/job:localhost/replica:0/task:0/device:GPU:0,6.0,0.006
FidGXlYnzL,LogicalOr,/job:localhost/replica:0/task:0/device:GPU:0,6.0,0.006
vjXPnBQ1Uz,LogicalAnd,/job:localhost/replica:0/task:0/device:GPU:0,6.0,0.006
oTAdep3WS5,NotEqual,/job:localhost/replica:0/task:0/device:GPU:0,6.0,0.006
j32uWym1wQ,NotEqual,/job:localhost/replica:0/task:0/device:GPU:0,6.0,0.006
95Ti1tBEm8,NotEqual,/job:localhost/replica:0/task:0/device:GPU:0,6.0,0.006
jnWOv3LTGl,Select,/job:localhost/replica:0/task:0/device:GPU:0,6.0,0.006
RyTHf6B4Vq,NotEqual,/job:localhost/replica:0/task:0/device:GPU:0,6.0,0.006
AjEN2k3wTX,NotEqual,/job:localhost/replica:0/task:0/device:GPU:0,6.0,0.006
I7bzoZBOmP,Add,/job:localhost/replica:0/task:0/device:GPU:0,6.0,0.006
VTdmXozfeQ,AddV2,/job:localhost/replica:0/task:0/device:GPU:0,6.0,0.006
IvbZNcEu5i,LogicalOr,/job:localhost/replica:0/task:0/device:GPU:0,6.0,0.006
smB3Ic6RWK,BiasAdd,/job:localhost/replica:0/task:0/device:GPU:0,6.0,0.006
I1kiTvMFHD,BiasAdd,/job:localhost/replica:0/task:0/device:GPU:0,6.0,0.006
2Ux8GDJZEt,BiasAdd,/job:localhost/replica:0/task:0/device:GPU:0,6.0,0.006
eTVGtNgyIb,BiasAdd,/job:localhost/replica:0/task:0/device:GPU:0,6.0,0.006
f4XnVFwzTr,Relu,/job:localhost/replica:0/task:0/device:GPU:0,6.0,0.006
XcnMuG7dm1,Relu,/job:localhost/replica:0/task:0/device:GPU:0,6.0,0.006
zAFa9pC8Ho,Relu,/job:localhost/replica:0/task:0/device:GPU:0,6.0,0.006
SD6eBtyajz,Relu,/job:localhost/replica:0/task:0/device:GPU:0,6.0,0.006
Jr1zQk6lda,BiasAdd,/job:localhost/replica:0/task:0/device:GPU:0,6.0,0.006
NB1Iia6VZJ,BiasAdd,/job:localhost/replica:0/task:0/device:GPU:0,6.0,0.006
lxjypHGgKO,MatMul,/job:localhost/replica:0/task:0/device:GPU:0,6.0,0.006
dp2DQi8BgC,AddV2,/job:localhost/replica:0/task:0/device:GPU:0,6.0,0.006
FiXTvjJMyh,BiasAdd,/job:localhost/replica:0/task:0/device:GPU:0,6.0,0.006
FbfYDhOKd0,Mean,/job:localhost/replica:0/task:0/device:GPU:0,6.0,0.006
avhnDSFN5J,Minimum,/job:localhost/replica:0/task:0/device:GPU:0,6.0,0.006
Rzh8SF6B7x,RealDiv,/job:localhost/replica:0/task:0/device:GPU:0,6.0,0.006
GVrNDdMsCw,BiasAdd,/job:localhost/replica:0/task:0/device:GPU:0,6.0,0.006
cJ2uXhjAp7,RandomUniform,/job:localhost/replica:0/task:0/device:GPU:0,6.0,0.006
yjDQovWMpZ,Sub,/job:localhost/replica:0/task:0/device:GPU:0,6.0,0.006
wqUt8CEgZL,Sub,/job:localhost/replica:0/task:0/device:GPU:0,6.0,0.006
MdI61DomfE,Pow,/job:localhost/replica:0/task:0/device:GPU:0,6.0,0.006
gYmLGMilP3,Pack,/job:localhost/replica:0/task:0/device:GPU:0,6.0,0.006
jQepbv9JBK,Relu,/job:localhost/replica:0/task:0/device:GPU:0,6.0,0.006
DgbSWyn1aP,Select,/job:localhost/replica:0/task:0/device:GPU:0,6.0,0.006
fTAoMI7ird,Select,/job:localhost/replica:0/task:0/device:GPU:0,6.0,0.006
H3mYURJ9ih,RealDiv,/job:localhost/replica:0/task:0/device:GPU:0,6.0,0.006
oGKkdzrOi3,BiasAdd,/job:localhost/replica:0/task:0/device:GPU:0,6.0,0.006
tr21yxITsk,BiasAdd,/job:localhost/replica:0/task:0/device:GPU:0,6.0,0.006
qmNO7fTbco,Mul,/job:localhost/replica:0/task:0/device:GPU:0,6.0,0.006
ScxudJHsYj,BiasAdd,/job:localhost/replica:0/task:0/device:GPU:0,6.0,0.006
Ch5B8I9i2r,BiasAdd,/job:localhost/replica:0/task:0/device:GPU:0,6.0,0.006
oX4ZAuFWRv,Pow,/job:localhost/replica:0/task:0/device:GPU:0,6.0,0.006
DMjeB62raF,Prod,/job:localhost/replica:0/task:0/device:GPU:0,6.0,0.006
Fd7yKwBvjU,Mul,/job:localhost/replica:0/task:0/device:GPU:0,6.0,0.006
ChNzaXUxFJ,Add,/job:localhost/replica:0/task:0/device:GPU:0,6.0,0.006
bnxTzc0BZy,Mul,/job:localhost/replica:0/task:0/device:GPU:0,6.0,0.006
UpbiQD8zOB,AddV2,/job:localhost/replica:0/task:0/device:GPU:0,6.0,0.006
AgrH1WJxvX,Mul,/job:localhost/replica:0/task:0/device:GPU:0,6.0,0.006
45fGLswFMa,BiasAdd,/job:localhost/replica:0/task:0/device:GPU:0,6.0,0.006
WeEUZSchRu,Pack,/job:localhost/replica:0/task:0/device:GPU:0,6.0,0.006
q4KsV5GZXf,AddV2,/job:localhost/replica:0/task:0/device:GPU:0,6.0,0.006
QOKdHp1JVR,Pow,/job:localhost/replica:0/task:0/device:GPU:0,6.0,0.006
HfdIUxOna0,ZerosLike,/job:localhost/replica:0/task:0/device:GPU:0,6.0,0.006
rSK23Zx7CH,Sum,/job:localhost/replica:0/task:0/device:GPU:0,6.0,0.006
IC2GPnoVrT,BiasAdd,/job:localhost/replica:0/task:0/device:GPU:0,6.0,0.006
61k8uoc0em,Sum,/job:localhost/replica:0/task:0/device:GPU:0,6.0,0.006
4Qv6eXLUiy,SquaredDifference,/job:localhost/replica:0/task:0/device:GPU:0,6.0,0.006
JmEif0Zh1g,MatMul,/job:localhost/replica:0/task:0/device:GPU:0,6.0,0.006
JnefqFLthC,SquaredDifference,/job:localhost/replica:0/task:0/device:GPU:0,6.0,0.006
BGMsOwxr5d,BiasAdd,/job:localhost/replica:0/task:0/device:GPU:0,6.0,0.006
BuaM5kJrzA,Sum,/job:localhost/replica:0/task:0/device:GPU:0,6.0,0.006
FVrmGZutQW,Pow,/job:localhost/replica:0/task:0/device:GPU:0,6.0,0.006
4sVSUtQlTH,Maximum,/job:localhost/replica:0/task:0/device:GPU:0,6.0,0.006
scO5jzprtG,SquaredDifference,/job:localhost/replica:0/task:0/device:GPU:0,6.0,0.006
UH8XyIW4Pl,Add,/job:localhost/replica:0/task:0/device:GPU:0,6.0,0.006
URdhFSJ7u1,BiasAdd,/job:localhost/replica:0/task:0/device:GPU:0,6.0,0.006
RdP0utNr4b,Pow,/job:localhost/replica:0/task:0/device:GPU:0,6.0,0.006
91jCm40Mpi,Mul,/job:localhost/replica:0/task:0/device:GPU:0,6.0,0.006
X9JFdGaQwn,Sub,/job:localhost/replica:0/task:0/device:GPU:0,6.0,0.006
0iXUjfLNmy,AddN,/job:localhost/replica:0/task:0/device:GPU:0,6.0,0.006
VY1PvclEui,Mul,/job:localhost/replica:0/task:0/device:GPU:0,6.0,0.006
PmCrNQcGiU,Prod,/job:localhost/replica:0/task:0/device:GPU:0,6.0,0.006
5oPmjcV4Bl,Mean,/job:localhost/replica:0/task:0/device:GPU:0,6.0,0.006
E5xn4j0821,Mean,/job:localhost/replica:0/task:0/device:GPU:0,6.0,0.006
zfL4U7ir9F,RealDiv,/job:localhost/replica:0/task:0/device:GPU:0,6.0,0.006
hDeysI5PUA,MatMul,/job:localhost/replica:0/task:0/device:GPU:0,6.0,0.006
Z98TaUR7fG,MatMul,/job:localhost/replica:0/task:0/device:GPU:0,6.0,0.006
h7GFP4owUB,RealDiv,/job:localhost/replica:0/task:0/device:GPU:0,6.0,0.006
h05NG79kDM,Sub,/job:localhost/replica:0/task:0/device:GPU:0,6.0,0.006
yOIpLuUY64,Pow,/job:localhost/replica:0/task:0/device:GPU:0,6.0,0.006
V1H4qifKMb,RealDiv,/job:localhost/replica:0/task:0/device:GPU:0,6.0,0.006
0Z9OgM65Nw,MatMul,/job:localhost/replica:0/task:0/device:GPU:0,6.0,0.006
IsRDhKto1i,Select,/job:localhost/replica:0/task:0/device:GPU:0,6.0,0.006
gy8RfIoijn,Mul,/job:localhost/replica:0/task:0/device:GPU:0,6.0,0.006
dL80jOTCV1,Add,/job:localhost/replica:0/task:0/device:GPU:0,6.0,0.006
4UEepjL9nh,AddV2,/job:localhost/replica:0/task:0/device:GPU:0,6.0,0.006
Fjswb8ZOPv,RealDiv,/job:localhost/replica:0/task:0/device:GPU:0,6.0,0.006
ny0qEFHtV8,AddV2,/job:localhost/replica:0/task:0/device:GPU:0,6.0,0.006
cmwanujCWp,Pow,/job:localhost/replica:0/task:0/device:GPU:0,6.0,0.006
Men3E78D0y,Sub,/job:localhost/replica:0/task:0/device:GPU:0,6.0,0.006
LOjX7mhnd0,Mul,/job:localhost/replica:0/task:0/device:GPU:0,6.0,0.006
MmVi8BcWau,Tile,/job:localhost/replica:0/task:0/device:GPU:0,6.0,0.006
2uCink4sf1,Tile,/job:localhost/replica:0/task:0/device:GPU:0,6.0,0.006
jWvLFGQ3o9,Tile,/job:localhost/replica:0/task:0/device:GPU:0,6.0,0.006
9mv7xJQ3Yi,AddV2,/job:localhost/replica:0/task:0/device:GPU:0,6.0,0.006
U0ciYohIMO,Tile,/job:localhost/replica:0/task:0/device:GPU:0,6.0,0.006
Ep2uKoDXxB,Tile,/job:localhost/replica:0/task:0/device:GPU:0,6.0,0.006
uZxdwOPWIy,Tile,/job:localhost/replica:0/task:0/device:GPU:0,6.0,0.006
Pk7ZblRJtC,Minimum,/job:localhost/replica:0/task:0/device:GPU:0,6.0,0.006
sYK163HQW0,Sub,/job:localhost/replica:0/task:0/device:GPU:0,6.0,0.006
fG8j3iacJ4,MatMul,/job:localhost/replica:0/task:0/device:GPU:0,6.0,0.006
fr5vMEHm1q,AddV2,/job:localhost/replica:0/task:0/device:GPU:0,6.0,0.006
dOw6IFR2p4,Mul,/job:localhost/replica:0/task:0/device:GPU:0,6.0,0.006
ePBZ7XpDsn,BiasAdd,/job:localhost/replica:0/task:0/device:GPU:0,6.0,0.006
eRuK4UZPgt,RealDiv,/job:localhost/replica:0/task:0/device:GPU:0,6.0,0.006
yMa7kpBSJ9,Pow,/job:localhost/replica:0/task:0/device:GPU:0,6.0,0.006
ZEVgdpbqKF,Pow,/job:localhost/replica:0/task:0/device:GPU:0,6.0,0.006
dnQBLRsO7k,AddV2,/job:localhost/replica:0/task:0/device:GPU:0,6.0,0.006
59uBnwv4hs,Mul,/job:localhost/replica:0/task:0/device:GPU:0,6.0,0.006
lZTdw9RuUP,BiasAdd,/job:localhost/replica:0/task:0/device:GPU:0,6.0,0.006
45oXlxvGAH,StopGradient,/job:localhost/replica:0/task:0/device:GPU:0,6.0,0.006
qXCkRSc3G2,Mul,/job:localhost/replica:0/task:0/device:GPU:0,6.0,0.006
0glHSx2UvV,Tanh,/job:localhost/replica:0/task:0/device:GPU:0,6.0,0.006
ZAnQJfB9aL,Tanh,/job:localhost/replica:0/task:0/device:GPU:0,6.0,0.006
bCZKVOHTJt,AddV2,/job:localhost/replica:0/task:0/device:GPU:0,6.0,0.006
DVlXYmB7Mg,RealDiv,/job:localhost/replica:0/task:0/device:GPU:0,6.0,0.006
XFLT8j1OeK,Pow,/job:localhost/replica:0/task:0/device:GPU:0,6.0,0.006
MiogLr7VwX,Sub,/job:localhost/replica:0/task:0/device:GPU:0,6.0,0.006
TAmkCE8xt1,AddV2,/job:localhost/replica:0/task:0/device:GPU:0,6.0,0.006
ECfHKNLYFg,AddV2,/job:localhost/replica:0/task:0/device:GPU:0,6.0,0.006
sQGzngxHOL,BiasAdd,/job:localhost/replica:0/task:0/device:GPU:0,6.0,0.006
GB1mzHbXI5,Reshape,/job:localhost/replica:0/task:0/device:GPU:0,6.0,0.006
B8uNmtKb4w,StopGradient,/job:localhost/replica:0/task:0/device:GPU:0,6.0,0.006
0VO7Z6ja8z,Reshape,/job:localhost/replica:0/task:0/device:GPU:0,6.0,0.006
v2rYIq4Zuk,Sub,/job:localhost/replica:0/task:0/device:GPU:0,6.0,0.006
TCkxj3gMoy,Sub,/job:localhost/replica:0/task:0/device:GPU:0,6.0,0.006
zR3eOXnGCr,AddV2,/job:localhost/replica:0/task:0/device:GPU:0,6.0,0.006
XJQTuAHt5L,RealDiv,/job:localhost/replica:0/task:0/device:GPU:0,6.0,0.006
y7kS2VjPLD,AddV2,/job:localhost/replica:0/task:0/device:GPU:0,6.0,0.006
RsOmi4zDBF,Mul,/job:localhost/replica:0/task:0/device:GPU:0,6.0,0.006
nKy7q0zexZ,Pow,/job:localhost/replica:0/task:0/device:GPU:0,6.0,0.006
3AK2nLjpm8,RealDiv,/job:localhost/replica:0/task:0/device:GPU:0,6.0,0.006
oGVOrXcMqu,Shape,/job:localhost/replica:0/task:0/device:GPU:0,6.0,0.006
aCp4PGJ8Bd,Unpack,/job:localhost/replica:0/task:0/device:GPU:0,6.0,0.006
YFSVzenXqu,Sub,/job:localhost/replica:0/task:0/device:GPU:0,6.0,0.006
pJX2bSfWhv,Mul,/job:localhost/replica:0/task:0/device:GPU:0,6.0,0.006
LNeCPqyuXr,Relu,/job:localhost/replica:0/task:0/device:GPU:0,6.0,0.006
CScy1EPTpv,Relu,/job:localhost/replica:0/task:0/device:GPU:0,6.0,0.006
YN8isx5dV7,Relu,/job:localhost/replica:0/task:0/device:GPU:0,6.0,0.006
ugAqjit9aY,Relu,/job:localhost/replica:0/task:0/device:GPU:0,6.0,0.006
pbg8dGDhYN,Shape,/job:localhost/replica:0/task:0/device:GPU:0,6.0,0.006
QNG5Aelv6E,Pow,/job:localhost/replica:0/task:0/device:GPU:0,6.0,0.006
j407FRGKNW,RealDiv,/job:localhost/replica:0/task:0/device:GPU:0,6.0,0.006
MZJFRGfduH,Sub,/job:localhost/replica:0/task:0/device:GPU:0,6.0,0.006
zjx9OVB0Kv,Pow,/job:localhost/replica:0/task:0/device:GPU:0,6.0,0.006
vop1NRqnxi,Mul,/job:localhost/replica:0/task:0/device:GPU:0,6.0,0.006
7OCRyHQZba,Pow,/job:localhost/replica:0/task:0/device:GPU:0,6.0,0.006
U5b9Xde8QE,Mul,/job:localhost/replica:0/task:0/device:GPU:0,6.0,0.006
hqedu3azoi,Rsqrt,/job:localhost/replica:0/task:0/device:GPU:0,6.0,0.006
KM8b4CnNA2,Rsqrt,/job:localhost/replica:0/task:0/device:GPU:0,6.0,0.006
V9mgsMwc74,Log,/job:localhost/replica:0/task:0/device:GPU:0,6.0,0.006
b0dEtFGHfr,Neg,/job:localhost/replica:0/task:0/device:GPU:0,6.0,0.006
pcqQnNO0Wm,Rsqrt,/job:localhost/replica:0/task:0/device:GPU:0,6.0,0.006
pKJtNnsh5r,AddV2,/job:localhost/replica:0/task:0/device:GPU:0,6.0,0.006
ytTo83I7pj,RealDiv,/job:localhost/replica:0/task:0/device:GPU:0,6.0,0.006
lsLYHkGr6C,AddV2,/job:localhost/replica:0/task:0/device:GPU:0,6.0,0.006
pv8qLUo7au,Add,/job:localhost/replica:0/task:0/device:GPU:0,6.0,0.006
63AwRcsXva,Add,/job:localhost/replica:0/task:0/device:GPU:0,6.0,0.006
rwPQx6t31T,Sub,/job:localhost/replica:0/task:0/device:GPU:0,6.0,0.006
YwokOQZifD,AddV2,/job:localhost/replica:0/task:0/device:GPU:0,6.0,0.006
vE3uj0BCQZ,Pow,/job:localhost/replica:0/task:0/device:GPU:0,6.0,0.006
Y7hZRFf9Po,Prod,/job:localhost/replica:0/task:0/device:GPU:0,6.0,0.006
qFXtLYmlUj,Mul,/job:localhost/replica:0/task:0/device:GPU:0,6.0,0.006
Cje2JKMDo4,Sub,/job:localhost/replica:0/task:0/device:GPU:0,6.0,0.006
FYQBDxXfiv,AddV2,/job:localhost/replica:0/task:0/device:GPU:0,6.0,0.006
aDP0LtTiEs,Sub,/job:localhost/replica:0/task:0/device:GPU:0,6.0,0.006
YZwKzR8eqv,AddV2,/job:localhost/replica:0/task:0/device:GPU:0,6.0,0.006
5ykSv7m0Kt,Sum,/job:localhost/replica:0/task:0/device:GPU:0,6.0,0.006
7twNVMDaSe,SquaredDifference,/job:localhost/replica:0/task:0/device:GPU:0,6.0,0.006
JEhePF5sfl,Unpack,/job:localhost/replica:0/task:0/device:GPU:0,6.0,0.006
vUmP3ijnte,SquaredDifference,/job:localhost/replica:0/task:0/device:GPU:0,6.0,0.006
wpgz9jJ2PD,SquaredDifference,/job:localhost/replica:0/task:0/device:GPU:0,6.0,0.006
JIdMKslkDF,SquaredDifference,/job:localhost/replica:0/task:0/device:GPU:0,6.0,0.006
gu21nI0fZK,Prod,/job:localhost/replica:0/task:0/device:GPU:0,6.0,0.006
km9c2ehzbW,Prod,/job:localhost/replica:0/task:0/device:GPU:0,6.0,0.006
BcGPl1DEV5,Prod,/job:localhost/replica:0/task:0/device:GPU:0,6.0,0.006
6i0BU4hpny,Prod,/job:localhost/replica:0/task:0/device:GPU:0,6.0,0.006
6iV4twAjaP,Sum,/job:localhost/replica:0/task:0/device:GPU:0,6.0,0.006
p7sJXGLSQy,Mul,/job:localhost/replica:0/task:0/device:GPU:0,6.0,0.006
UszhOleLj2,Pow,/job:localhost/replica:0/task:0/device:GPU:0,6.0,0.006
ZfrzHcxj7t,Sub,/job:localhost/replica:0/task:0/device:GPU:0,6.0,0.006
Us2jBOckgJ,Sub,/job:localhost/replica:0/task:0/device:GPU:0,6.0,0.006
7isEtSaHZz,RealDiv,/job:localhost/replica:0/task:0/device:GPU:0,6.0,0.006
CVsnL2Jg6S,Mul,/job:localhost/replica:0/task:0/device:GPU:0,6.0,0.006
mQZ2j9IxSg,Sub,/job:localhost/replica:0/task:0/device:GPU:0,6.0,0.006
50EgqHIimK,RealDiv,/job:localhost/replica:0/task:0/device:GPU:0,6.0,0.006
gDjtwiaHUW,Pow,/job:localhost/replica:0/task:0/device:GPU:0,6.0,0.006
mQ8sY9ZtPA,Add,/job:localhost/replica:0/task:0/device:GPU:0,6.0,0.006
17qvL4lPQM,AddV2,/job:localhost/replica:0/task:0/device:GPU:0,6.0,0.006
Bqvzlo8C7k,Mul,/job:localhost/replica:0/task:0/device:GPU:0,6.0,0.006
fcerRiLSlJ,Sub,/job:localhost/replica:0/task:0/device:GPU:0,6.0,0.006
ObZqr75lQe,AddV2,/job:localhost/replica:0/task:0/device:GPU:0,6.0,0.006
6H3CpKODT9,Add,/job:localhost/replica:0/task:0/device:GPU:0,6.0,0.006
BUjz2gt469,Add,/job:localhost/replica:0/task:0/device:GPU:0,6.0,0.006
fe4hEoV7dg,Sub,/job:localhost/replica:0/task:0/device:GPU:0,6.0,0.006
vb2nAt5w9E,Sub,/job:localhost/replica:0/task:0/device:GPU:0,6.0,0.006
5FgXj6BrRf,Mul,/job:localhost/replica:0/task:0/device:GPU:0,6.0,0.006
hJKu6xwosf,RealDiv,/job:localhost/replica:0/task:0/device:GPU:0,6.0,0.006
Hdi8KuotJ3,Pow,/job:localhost/replica:0/task:0/device:GPU:0,6.0,0.006
KDLWQmA2Z3,BiasAdd,/job:localhost/replica:0/task:0/device:GPU:0,6.0,0.006
h09bJSaoOD,BiasAdd,/job:localhost/replica:0/task:0/device:GPU:0,6.0,0.006
4vGutfF8Cs,BiasAdd,/job:localhost/replica:0/task:0/device:GPU:0,6.0,0.006
Z1qVlXgtr6,Pow,/job:localhost/replica:0/task:0/device:GPU:0,6.0,0.006
nPx9Q5Jpqc,RealDiv,/job:localhost/replica:0/task:0/device:GPU:0,6.0,0.006
sxCzu53hca,AddV2,/job:localhost/replica:0/task:0/device:GPU:0,6.0,0.006
Z2xRn36O0t,RealDiv,/job:localhost/replica:0/task:0/device:GPU:0,6.0,0.006
Iw6g0ChvRM,Cast,/job:localhost/replica:0/task:0/device:GPU:0,6.0,0.006
KRTMOr59qk,AddV2,/job:localhost/replica:0/task:0/device:GPU:0,6.0,0.006
CUnYbuKvs3,Cast,/job:localhost/replica:0/task:0/device:GPU:0,6.0,0.006
4ZfOKlW3PI,Pow,/job:localhost/replica:0/task:0/device:GPU:0,6.0,0.006
A5ygmtJDdK,Cast,/job:localhost/replica:0/task:0/device:GPU:0,6.0,0.006
LgXM5lEGC1,SquaredDifference,/job:localhost/replica:0/task:0/device:GPU:0,6.0,0.006
WgrL5GtEqH,Mul,/job:localhost/replica:0/task:0/device:GPU:0,6.0,0.006
RVi8whYQ1X,AddV2,/job:localhost/replica:0/task:0/device:GPU:0,6.0,0.006
kFTtIcgX2Q,Sub,/job:localhost/replica:0/task:0/device:GPU:0,6.0,0.006
wGrDS012iI,Cast,/job:localhost/replica:0/task:0/device:GPU:0,6.0,0.006
jkXVBvKzIS,AddV2,/job:localhost/replica:0/task:0/device:GPU:0,6.0,0.006
TEnhX9tkK4,Mul,/job:localhost/replica:0/task:0/device:GPU:0,6.0,0.006
NlxKLBpniF,Pow,/job:localhost/replica:0/task:0/device:GPU:0,6.0,0.006
UHv8QJPibY,Cast,/job:localhost/replica:0/task:0/device:GPU:0,6.0,0.006
dNc0eSFypr,Add,/job:localhost/replica:0/task:0/device:GPU:0,6.0,0.006
Ld9yuBpPDU,SquaredDifference,/job:localhost/replica:0/task:0/device:GPU:0,6.0,0.006
f1uHbS6XqP,Sum,/job:localhost/replica:0/task:0/device:GPU:0,6.0,0.006
Lu3lhZc0eR,Pow,/job:localhost/replica:0/task:0/device:GPU:0,6.0,0.006
NmnIhkjc7z,AddV2,/job:localhost/replica:0/task:0/device:GPU:0,6.0,0.006
dY2TGDqaRs,RealDiv,/job:localhost/replica:0/task:0/device:GPU:0,6.0,0.006
FSHAi0IZUp,RealDiv,/job:localhost/replica:0/task:0/device:GPU:0,6.0,0.006
54X1wez3Wa,Add,/job:localhost/replica:0/task:0/device:GPU:0,6.0,0.006
61y0dq9PLO,RealDiv,/job:localhost/replica:0/task:0/device:GPU:0,6.0,0.006
HdP7LfijB2,Sub,/job:localhost/replica:0/task:0/device:GPU:0,6.0,0.006
QznhPdjBNX,RealDiv,/job:localhost/replica:0/task:0/device:GPU:0,6.0,0.006
E4YZ6HxA2t,Pow,/job:localhost/replica:0/task:0/device:GPU:0,6.0,0.006
7Wl5LjPhN4,Pow,/job:localhost/replica:0/task:0/device:GPU:0,6.0,0.006
jr6c8UYsbt,Add,/job:localhost/replica:0/task:0/device:GPU:0,6.0,0.006
I3dD9GebRN,Mul,/job:localhost/replica:0/task:0/device:GPU:0,6.0,0.006
WkCuXG9S7y,Sub,/job:localhost/replica:0/task:0/device:GPU:0,6.0,0.006
aekiI4DRLo,Sub,/job:localhost/replica:0/task:0/device:GPU:0,6.0,0.006
by2alJGXwR,Add,/job:localhost/replica:0/task:0/device:GPU:0,6.0,0.006
fbGwUETCXk,Sub,/job:localhost/replica:0/task:0/device:GPU:0,6.0,0.006
UOzAhV2P4i,Pow,/job:localhost/replica:0/task:0/device:GPU:0,6.0,0.006
8MsjK6Lb52,Sub,/job:localhost/replica:0/task:0/device:GPU:0,6.0,0.006
oiI0ctAanU,Sub,/job:localhost/replica:0/task:0/device:GPU:0,6.0,0.006
iEzrkeBCMD,Pow,/job:localhost/replica:0/task:0/device:GPU:0,6.0,0.006
3cx179HOfX,BiasAdd,/job:localhost/replica:0/task:0/device:GPU:0,6.0,0.006
FTzBey0HgE,Log,/job:localhost/replica:0/task:0/device:GPU:0,6.0,0.006
g8TZRLhN10,AddV2,/job:localhost/replica:0/task:0/device:GPU:0,6.0,0.006
Mad28i3IxZ,Add,/job:localhost/replica:0/task:0/device:GPU:0,6.0,0.006
AZ8dUQ9FPh,Neg,/job:localhost/replica:0/task:0/device:GPU:0,6.0,0.006
FboqOChnXP,Log,/job:localhost/replica:0/task:0/device:GPU:0,6.0,0.006
SVvxzbqhLX,RealDiv,/job:localhost/replica:0/task:0/device:GPU:0,6.0,0.006
RtfVxoBbZ0,BiasAdd,/job:localhost/replica:0/task:0/device:GPU:0,6.0,0.006
MotBlCvK28,Sub,/job:localhost/replica:0/task:0/device:GPU:0,6.0,0.006
YQVHzlLvxP,Mul,/job:localhost/replica:0/task:0/device:GPU:0,6.0,0.006
CkOJgBTo91,AddV2,/job:localhost/replica:0/task:0/device:GPU:0,6.0,0.006
3ZBGnRsy0A,Add,/job:localhost/replica:0/task:0/device:GPU:0,6.0,0.006
9BebhOm0z1,Sub,/job:localhost/replica:0/task:0/device:GPU:0,6.0,0.006
JFzyW4Qu2i,Pow,/job:localhost/replica:0/task:0/device:GPU:0,6.0,0.006
s0ifPEw4uQ,Pow,/job:localhost/replica:0/task:0/device:GPU:0,6.0,0.006
K7Rpr0Vjgl,Neg,/job:localhost/replica:0/task:0/device:GPU:0,6.0,0.006
75D1lmGpLZ,Neg,/job:localhost/replica:0/task:0/device:GPU:0,6.0,0.006
ijFZNnWDqT,BiasAdd,/job:localhost/replica:0/task:0/device:GPU:0,6.0,0.006
iFj06aAHMv,Relu,/job:localhost/replica:0/task:0/device:GPU:0,6.0,0.006
srmd8BIPLQ,RealDiv,/job:localhost/replica:0/task:0/device:GPU:0,6.0,0.006
tVyEksfQaR,RealDiv,/job:localhost/replica:0/task:0/device:GPU:0,6.0,0.006
5FyCoSJLcj,AddV2,/job:localhost/replica:0/task:0/device:GPU:0,6.0,0.006
WxfTSi49vQ,Add,/job:localhost/replica:0/task:0/device:GPU:0,6.0,0.006
9Mh7x0pYsm,Neg,/job:localhost/replica:0/task:0/device:GPU:0,6.0,0.006
t8jBGcsdZM,Sub,/job:localhost/replica:0/task:0/device:GPU:0,6.0,0.006
bWtlKuNAG1,RealDiv,/job:localhost/replica:0/task:0/device:GPU:0,6.0,0.006
9HowuId32N,Add,/job:localhost/replica:0/task:0/device:GPU:0,6.0,0.006
4twBIdF0QO,Sub,/job:localhost/replica:0/task:0/device:GPU:0,6.0,0.006
XHvBpsK2z1,RealDiv,/job:localhost/replica:0/task:0/device:GPU:0,6.0,0.006
eFyRwJ3k0G,AddV2,/job:localhost/replica:0/task:0/device:GPU:0,6.0,0.006
wgnc61kOMi,Pow,/job:localhost/replica:0/task:0/device:GPU:0,6.0,0.006
psM9KubRjm,Add,/job:localhost/replica:0/task:0/device:GPU:0,6.0,0.006
EUeGtLbDm4,RealDiv,/job:localhost/replica:0/task:0/device:GPU:0,6.0,0.006
vliN1zMLXC,RealDiv,/job:localhost/replica:0/task:0/device:GPU:0,6.0,0.006
D4UMwovfsZ,Sub,/job:localhost/replica:0/task:0/device:GPU:0,6.0,0.006
wJnTxCjP1o,Pow,/job:localhost/replica:0/task:0/device:GPU:0,6.0,0.006
6YSgWzcnNP,Sub,/job:localhost/replica:0/task:0/device:GPU:0,6.0,0.006
t1xONzckYj,Mean,/job:localhost/replica:0/task:0/device:GPU:0,6.0,0.006
oA7O1BWJ0j,Prod,/job:localhost/replica:0/task:0/device:GPU:0,6.0,0.006
vzDrc9FflT,Mean,/job:localhost/replica:0/task:0/device:GPU:0,6.0,0.006
cj8HMBzGOE,Prod,/job:localhost/replica:0/task:0/device:GPU:0,6.0,0.006
M8qmpY0R3K,Prod,/job:localhost/replica:0/task:0/device:GPU:0,6.0,0.006
gAhb7kXRvC,Mean,/job:localhost/replica:0/task:0/device:GPU:0,6.0,0.006
HlBfAbUg1a,BiasAdd,/job:localhost/replica:0/task:0/device:GPU:0,6.0,0.006
s0OndMW5CV,BiasAdd,/job:localhost/replica:0/task:0/device:GPU:0,6.0,0.006
cgLtQ3mE8h,BiasAdd,/job:localhost/replica:0/task:0/device:GPU:0,6.0,0.006
Zc5yaQ1zT6,StopGradient,/job:localhost/replica:0/task:0/device:GPU:0,6.0,0.006
mqMrgQjJIP,BiasAdd,/job:localhost/replica:0/task:0/device:GPU:0,6.0,0.006
BoDHuS7NdC,Relu,/job:localhost/replica:0/task:0/device:GPU:0,6.0,0.006
dSyBFRt0PM,Relu,/job:localhost/replica:0/task:0/device:GPU:0,6.0,0.006
dHm5EwVF4c,BiasAdd,/job:localhost/replica:0/task:0/device:GPU:0,6.0,0.006
yBgItU3C2e,BiasAdd,/job:localhost/replica:0/task:0/device:GPU:0,6.0,0.006
tcBESlyHKC,BiasAdd,/job:localhost/replica:0/task:0/device:GPU:0,6.0,0.006
pr60hug5bs,BiasAdd,/job:localhost/replica:0/task:0/device:GPU:0,6.0,0.006
cSobQmX3DP,Relu,/job:localhost/replica:0/task:0/device:GPU:0,6.0,0.006
gPIOidxs3z,Relu,/job:localhost/replica:0/task:0/device:GPU:0,6.0,0.006
t5sJdcIqwz,Relu,/job:localhost/replica:0/task:0/device:GPU:0,6.0,0.006
HVO5vsYpqX,BiasAdd,/job:localhost/replica:0/task:0/device:GPU:0,6.0,0.006
31RXuLzN5P,BiasAdd,/job:localhost/replica:0/task:0/device:GPU:0,6.0,0.006
g6nvDRiu0A,BiasAdd,/job:localhost/replica:0/task:0/device:GPU:0,6.0,0.006
6PfcQbyO0H,Squeeze,/job:localhost/replica:0/task:0/device:GPU:0,6.0,0.006
t8CFHcf9N3,Sub,/job:localhost/replica:0/task:0/device:GPU:0,6.0,0.006
VYQ6PNTzaw,Mul,/job:localhost/replica:0/task:0/device:GPU:0,6.0,0.006
jPq3Jwklno,Sub,/job:localhost/replica:0/task:0/device:GPU:0,6.0,0.006
mCrbOl3P7n,Mul,/job:localhost/replica:0/task:0/device:GPU:0,6.0,0.006
xLCbijhpl4,BiasAdd,/job:localhost/replica:0/task:0/device:GPU:0,6.0,0.006
qvFU2cxdjp,BiasAdd,/job:localhost/replica:0/task:0/device:GPU:0,6.0,0.006
peXIEQUHca,AddN,/job:localhost/replica:0/task:0/device:GPU:0,6.0,0.006
G1UoxYBfeQ,Maximum,/job:localhost/replica:0/task:0/device:GPU:0,6.0,0.006
6j5CumFlzv,AddN,/job:localhost/replica:0/task:0/device:GPU:0,6.0,0.006
MCAK5vzuNi,Minimum,/job:localhost/replica:0/task:0/device:GPU:0,6.0,0.006
mAUG5gZxPS,Minimum,/job:localhost/replica:0/task:0/device:GPU:0,6.0,0.006
a2CgFSRmew,Minimum,/job:localhost/replica:0/task:0/device:GPU:0,6.0,0.006
9lU8ZzQKgP,Maximum,/job:localhost/replica:0/task:0/device:GPU:0,6.0,0.006
ByZD3R8qhN,Maximum,/job:localhost/replica:0/task:0/device:GPU:0,6.0,0.006
9fADXubFB3,Maximum,/job:localhost/replica:0/task:0/device:GPU:0,6.0,0.006
P0QaueIcBX,AddV2,/job:localhost/replica:0/task:0/device:GPU:0,6.0,0.006
iL3lgMebBT,Maximum,/job:localhost/replica:0/task:0/device:GPU:0,6.0,0.006
cJSAZX9EoY,IsNan,/job:localhost/replica:0/task:0/device:GPU:0,6.0,0.006
f1nJMkO946,IsNan,/job:localhost/replica:0/task:0/device:GPU:0,6.0,0.006
cJ85HxfwMd,IsNan,/job:localhost/replica:0/task:0/device:GPU:0,6.0,0.006
JkSIbLBgoY,Shape,/job:localhost/replica:0/task:0/device:GPU:0,6.0,0.006
cZ3HlJdWnu,IsNan,/job:localhost/replica:0/task:0/device:GPU:0,6.0,0.006
E1s8yWwIjZ,IsNan,/job:localhost/replica:0/task:0/device:GPU:0,6.0,0.006
3w0EqI6UDM,Select,/job:localhost/replica:0/task:0/device:GPU:0,6.0,0.006
orCDUWwOAg,Shape,/job:localhost/replica:0/task:0/device:GPU:0,6.0,0.006
UAYGDtB6yp,IsNan,/job:localhost/replica:0/task:0/device:GPU:0,6.0,0.006
k5ViBtcqAz,Log,/job:localhost/replica:0/task:0/device:GPU:0,6.0,0.006
cF0UrH234Z,IsNan,/job:localhost/replica:0/task:0/device:GPU:0,6.0,0.006
Io96N1h7Xa,Shape,/job:localhost/replica:0/task:0/device:GPU:0,6.0,0.006
ZxvRnWgBiH,IsNan,/job:localhost/replica:0/task:0/device:GPU:0,6.0,0.006
pPbCHhTnSx,IsNan,/job:localhost/replica:0/task:0/device:GPU:0,6.0,0.006
Qj5cPZzbdu,Fill,/job:localhost/replica:0/task:0/device:GPU:0,6.0,0.006
09mTkiOqne,Mul,/job:localhost/replica:0/task:0/device:GPU:0,6.0,0.006
Qi0YvR6WSN,Fill,/job:localhost/replica:0/task:0/device:GPU:0,6.0,0.006
2YyMnguJsd,Fill,/job:localhost/replica:0/task:0/device:GPU:0,6.0,0.006
XuKLh0Sbxq,Fill,/job:localhost/replica:0/task:0/device:GPU:0,6.0,0.006
vnHlgVcurW,Fill,/job:localhost/replica:0/task:0/device:GPU:0,6.0,0.006
4q28THJ1lC,Pow,/job:localhost/replica:0/task:0/device:GPU:0,6.0,0.006
TVzdQLrDjb,Pow,/job:localhost/replica:0/task:0/device:GPU:0,6.0,0.006
a8Fo1AgzTO,Fill,/job:localhost/replica:0/task:0/device:GPU:0,6.0,0.006
uQ8hdS9ani,Select,/job:localhost/replica:0/task:0/device:GPU:0,6.0,0.006
mPYquS96ZT,Rsqrt,/job:localhost/replica:0/task:0/device:GPU:0,6.0,0.006
vSa4WHfmF2,Select,/job:localhost/replica:0/task:0/device:GPU:0,6.0,0.006
XDzZuEBrh2,Select,/job:localhost/replica:0/task:0/device:GPU:0,6.0,0.006
TN8o2O5zRc,Select,/job:localhost/replica:0/task:0/device:GPU:0,6.0,0.006
nNklscwrU9,Select,/job:localhost/replica:0/task:0/device:GPU:0,6.0,0.006
ciPCUFtrBk,Select,/job:localhost/replica:0/task:0/device:GPU:0,6.0,0.006
PwBtd5QSbA,Select,/job:localhost/replica:0/task:0/device:GPU:0,6.0,0.006
ioI67m1XAp,Select,/job:localhost/replica:0/task:0/device:GPU:0,6.0,0.006
p7kxcN1AGB,Sub,/job:localhost/replica:0/task:0/device:GPU:0,6.0,0.006
DTC6q1Feux,Pow,/job:localhost/replica:0/task:0/device:GPU:0,6.0,0.006
zFtQr1e2DI,RealDiv,/job:localhost/replica:0/task:0/device:GPU:0,6.0,0.006
c6Qtdbqa8D,Sub,/job:localhost/replica:0/task:0/device:GPU:0,6.0,0.006
EY4kGXWK9c,Log,/job:localhost/replica:0/task:0/device:GPU:0,6.0,0.006
gdfymCzcT9,Log,/job:localhost/replica:0/task:0/device:GPU:0,6.0,0.006
hK7boaNvcY,Sigmoid,/job:localhost/replica:0/task:0/device:GPU:0,6.0,0.006
Du3IJeSfBr,Sigmoid,/job:localhost/replica:0/task:0/device:GPU:0,6.0,0.006
jxi2dCAsEw,Rsqrt,/job:localhost/replica:0/task:0/device:GPU:0,6.0,0.006
JSzfMnN9EZ,Exp,/job:localhost/replica:0/task:0/device:GPU:0,6.0,0.006
7bA9aXhcZ8,Mul,/job:localhost/replica:0/task:0/device:GPU:0,6.0,0.006
3zjAGfqu6X,Mul,/job:localhost/replica:0/task:0/device:GPU:0,6.0,0.006
MrFmRnN5bU,Mul,/job:localhost/replica:0/task:0/device:GPU:0,6.0,0.006
oYIKsJqmdk,RealDiv,/job:localhost/replica:0/task:0/device:GPU:0,6.0,0.006
O47ZuANf5Q,Mul,/job:localhost/replica:0/task:0/device:GPU:0,6.0,0.006
1Tdo0qbBPw,RealDiv,/job:localhost/replica:0/task:0/device:GPU:0,6.0,0.006
hJEORdBecX,Mul,/job:localhost/replica:0/task:0/device:GPU:0,6.0,0.006
yQs5JE9z1f,Pow,/job:localhost/replica:0/task:0/device:GPU:0,6.0,0.006
qdlz0sKwra,Add,/job:localhost/replica:0/task:0/device:GPU:0,6.0,0.006
wcf9s8Z1hF,Add,/job:localhost/replica:0/task:0/device:GPU:0,6.0,0.006
tp1doh2vQ0,RealDiv,/job:localhost/replica:0/task:0/device:GPU:0,6.0,0.006
Af3zHZsl5L,Maximum,/job:localhost/replica:0/task:0/device:GPU:0,6.0,0.006
mvA85bOzPx,Pow,/job:localhost/replica:0/task:0/device:GPU:0,6.0,0.006
yvFCu8sNxL,Mul,/job:localhost/replica:0/task:0/device:GPU:0,6.0,0.006
niqDzZfRIG,Sub,/job:localhost/replica:0/task:0/device:GPU:0,6.0,0.006
AmvN26KCVs,Sub,/job:localhost/replica:0/task:0/device:GPU:0,6.0,0.006
v4fADj1RJx,Sub,/job:localhost/replica:0/task:0/device:GPU:0,6.0,0.006
IJowb09pTg,Pow,/job:localhost/replica:0/task:0/device:GPU:0,6.0,0.006
GEQvZt9g7X,AddV2,/job:localhost/replica:0/task:0/device:GPU:0,6.0,0.006
DqVLQOPzZv,Pow,/job:localhost/replica:0/task:0/device:GPU:0,6.0,0.006
kvNT3AmJzF,Sub,/job:localhost/replica:0/task:0/device:GPU:0,6.0,0.006
KoidpXNHYj,Sub,/job:localhost/replica:0/task:0/device:GPU:0,6.0,0.006
RYGjQSpkxH,Add,/job:localhost/replica:0/task:0/device:GPU:0,6.0,0.006
X1J6ZhiKmb,RealDiv,/job:localhost/replica:0/task:0/device:GPU:0,6.0,0.006
W9LuwxHOFN,Pow,/job:localhost/replica:0/task:0/device:GPU:0,6.0,0.006
0Xpf3bMi48,Sub,/job:localhost/replica:0/task:0/device:GPU:0,6.0,0.006
VTF4mYJkHD,Sub,/job:localhost/replica:0/task:0/device:GPU:0,6.0,0.006
Uk0hcJSAD6,Mul,/job:localhost/replica:0/task:0/device:GPU:0,6.0,0.006
PhL65gEFNI,RealDiv,/job:localhost/replica:0/task:0/device:GPU:0,6.0,0.006
RoMGDLn3lb,Mul,/job:localhost/replica:0/task:0/device:GPU:0,6.0,0.006
BupJhFyna4,Sub,/job:localhost/replica:0/task:0/device:GPU:0,6.0,0.006
mhvNW7JECV,Mul,/job:localhost/replica:0/task:0/device:GPU:0,6.0,0.006
bLS8sl5913,Mul,/job:localhost/replica:0/task:0/device:GPU:0,6.0,0.006
ecV9mqGYQK,Mul,/job:localhost/replica:0/task:0/device:GPU:0,6.0,0.006
1MVC0iLjeK,RealDiv,/job:localhost/replica:0/task:0/device:GPU:0,6.0,0.006
2uVyIjWrZf,AddV2,/job:localhost/replica:0/task:0/device:GPU:0,6.0,0.006
x2PmwGTvDb,Add,/job:localhost/replica:0/task:0/device:GPU:0,6.0,0.006
QYJACK7hiE,Pow,/job:localhost/replica:0/task:0/device:GPU:0,6.0,0.006
ri3GhHRXKm,Mul,/job:localhost/replica:0/task:0/device:GPU:0,6.0,0.006
iyjuhEZtvb,Mul,/job:localhost/replica:0/task:0/device:GPU:0,6.0,0.006
e5QjLbscJY,Mul,/job:localhost/replica:0/task:0/device:GPU:0,6.0,0.006
zQqFXy3eiI,RealDiv,/job:localhost/replica:0/task:0/device:GPU:0,6.0,0.006
qLhpSZBeXy,Neg,/job:localhost/replica:0/task:0/device:GPU:0,6.0,0.006
aIOzACBmr4,Pow,/job:localhost/replica:0/task:0/device:GPU:0,6.0,0.006
3eNVgxEZwh,Sub,/job:localhost/replica:0/task:0/device:GPU:0,6.0,0.006
Atkpo7QSgF,Pow,/job:localhost/replica:0/task:0/device:GPU:0,6.0,0.006
0ScVlNEdKt,Mul,/job:localhost/replica:0/task:0/device:GPU:0,6.0,0.006
NEbPL5QyDu,Tanh,/job:localhost/replica:0/task:0/device:GPU:0,6.0,0.006
gKLN7lt5cM,RealDiv,/job:localhost/replica:0/task:0/device:GPU:0,6.0,0.006
V4JdjxQWfn,StridedSlice,/job:localhost/replica:0/task:0/device:GPU:0,6.0,0.006
PsK3mQWUYR,Mul,/job:localhost/replica:0/task:0/device:GPU:0,6.0,0.006
emG7uVrso9,Pow,/job:localhost/replica:0/task:0/device:GPU:0,6.0,0.006
krjpGqVCme,Sub,/job:localhost/replica:0/task:0/device:GPU:0,6.0,0.006
XArlcbmDNw,Sub,/job:localhost/replica:0/task:0/device:GPU:0,6.0,0.006
2g15FP0bYn,ConcatV2,/job:localhost/replica:0/task:0/device:GPU:0,6.0,0.006
yiMK0sqDUv,ConcatV2,/job:localhost/replica:0/task:0/device:GPU:0,6.0,0.006
_arg_0w17AikgGn_0_24,Placeholder,/job:localhost/replica:0/task:0/device:CPU:0,5.0,0.005
_arg_JnkaMAmPsV_0_579,Placeholder,/job:localhost/replica:0/task:0/device:CPU:0,5.0,0.005
_arg_dYJI7PcsNp_0_1136,Placeholder,/job:localhost/replica:0/task:0/device:CPU:0,5.0,0.005
_retval_r659BfXtGj_0_14,Prod,/job:localhost/replica:0/task:0/device:CPU:0,5.0,0.005
_retval_7xdYEvkVTp_0_2,Prod,/job:localhost/replica:0/task:0/device:CPU:0,5.0,0.005
LOAzjlWYn5,Const,/job:localhost/replica:0/task:0/device:GPU:0,5.0,0.005
9GplCPoqwJ,Const,/job:localhost/replica:0/task:0/device:GPU:0,5.0,0.005
IXhoe394pm,Const,/job:localhost/replica:0/task:0/device:GPU:0,5.0,0.005
gSuFzpaD9O,Const,/job:localhost/replica:0/task:0/device:GPU:0,5.0,0.005
7EhzIBuO0s,Const,/job:localhost/replica:0/task:0/device:GPU:0,5.0,0.005
43mBWpjNYF/_51__cf__51,Reshape,/job:localhost/replica:0/task:0/device:GPU:0,5.0,0.005
9y7imoSfbj,Const,/job:localhost/replica:0/task:0/device:GPU:0,5.0,0.005
LufmNwXGkI,Const,/job:localhost/replica:0/task:0/device:GPU:0,5.0,0.005
aJ5KiB27OY,Const,/job:localhost/replica:0/task:0/device:GPU:0,5.0,0.005
WkhGXuD896,Const,/job:localhost/replica:0/task:0/device:GPU:0,5.0,0.005
F5CEuMqjXz,Const,/job:localhost/replica:0/task:0/device:GPU:0,5.0,0.005
qv40KfI9du,Squeeze,/job:localhost/replica:0/task:0/device:GPU:0,5.0,0.005
j6t5XwhOiG,Const,/job:localhost/replica:0/task:0/device:GPU:0,5.0,0.005
8biIjcgJNF,Const,/job:localhost/replica:0/task:0/device:GPU:0,5.0,0.005
1yjf4Umrkq,Const,/job:localhost/replica:0/task:0/device:GPU:0,5.0,0.005
YwfRvmktKa,Const,/job:localhost/replica:0/task:0/device:GPU:0,5.0,0.005
oBh4S37HjX,Const,/job:localhost/replica:0/task:0/device:GPU:0,5.0,0.005
yHSDRoBGlm,Const,/job:localhost/replica:0/task:0/device:GPU:0,5.0,0.005
YfmXZsW6rb,Const,/job:localhost/replica:0/task:0/device:GPU:0,5.0,0.005
gVAyeJWNI2,BiasAdd,/job:localhost/replica:0/task:0/device:GPU:0,5.0,0.005
hqsZNSkTi5,Relu,/job:localhost/replica:0/task:0/device:GPU:0,5.0,0.005
1cyCShNVOj,Sign,/job:localhost/replica:0/task:0/device:GPU:0,5.0,0.005
uRwJEDYTSp,Squeeze,/job:localhost/replica:0/task:0/device:GPU:0,5.0,0.005
bGENsdDA40,Const,/job:localhost/replica:0/task:0/device:GPU:0,5.0,0.005
whJkdcVLF0,Const,/job:localhost/replica:0/task:0/device:GPU:0,5.0,0.005
iPULw2R6FO,Const,/job:localhost/replica:0/task:0/device:GPU:0,5.0,0.005
jRWnZqCFMO,Const,/job:localhost/replica:0/task:0/device:GPU:0,5.0,0.005
nV0scu2AQE,Equal,/job:localhost/replica:0/task:0/device:GPU:0,5.0,0.005
sx5C9UVHXf,Fill,/job:localhost/replica:0/task:0/device:GPU:0,5.0,0.005
CvYf6tN02I,Fill,/job:localhost/replica:0/task:0/device:GPU:0,5.0,0.005
qgjbcKLVUl,Fill,/job:localhost/replica:0/task:0/device:GPU:0,5.0,0.005
pYED5nh8vC,Maximum,/job:localhost/replica:0/task:0/device:GPU:0,5.0,0.005
HhzD6fQUNj,Maximum,/job:localhost/replica:0/task:0/device:GPU:0,5.0,0.005
Sitzavhdcs,Pow,/job:localhost/replica:0/task:0/device:GPU:0,5.0,0.005
7rI0YCklH5,Pow,/job:localhost/replica:0/task:0/device:GPU:0,5.0,0.005
0Rc3v9Hmz1,Minimum,/job:localhost/replica:0/task:0/device:GPU:0,5.0,0.005
ctRnselI3w,Minimum,/job:localhost/replica:0/task:0/device:GPU:0,5.0,0.005
uxIvE0byAW,Minimum,/job:localhost/replica:0/task:0/device:GPU:0,5.0,0.005
ozwVjksPKX,Minimum,/job:localhost/replica:0/task:0/device:GPU:0,5.0,0.005
n7dvZJzHgk,Minimum,/job:localhost/replica:0/task:0/device:GPU:0,5.0,0.005
3qMd28VTzf,Minimum,/job:localhost/replica:0/task:0/device:GPU:0,5.0,0.005
dpm124oWru,Minimum,/job:localhost/replica:0/task:0/device:GPU:0,5.0,0.005
UbxlCY3uz2,Minimum,/job:localhost/replica:0/task:0/device:GPU:0,5.0,0.005
YsDlwta3J8,Minimum,/job:localhost/replica:0/task:0/device:GPU:0,5.0,0.005
tzw8XUeWmi,Minimum,/job:localhost/replica:0/task:0/device:GPU:0,5.0,0.005
aBdwcQSojF,Minimum,/job:localhost/replica:0/task:0/device:GPU:0,5.0,0.005
UIOjTPWg5r,Minimum,/job:localhost/replica:0/task:0/device:GPU:0,5.0,0.005
3GFKNxiVzX,BiasAdd,/job:localhost/replica:0/task:0/device:GPU:0,5.0,0.005
Ea8h4MVO3s,BiasAdd,/job:localhost/replica:0/task:0/device:GPU:0,5.0,0.005
iu6vKAQCqy,LogicalOr,/job:localhost/replica:0/task:0/device:GPU:0,5.0,0.005
z0VNymeQOs,NotEqual,/job:localhost/replica:0/task:0/device:GPU:0,5.0,0.005
MygFKPphur,NotEqual,/job:localhost/replica:0/task:0/device:GPU:0,5.0,0.005
ORkjP3uAX7,NotEqual,/job:localhost/replica:0/task:0/device:GPU:0,5.0,0.005
m8l5yQxCeO,LogicalOr,/job:localhost/replica:0/task:0/device:GPU:0,5.0,0.005
ZmBh1MVTDE,AddV2,/job:localhost/replica:0/task:0/device:GPU:0,5.0,0.005
F2knDRiXQI,Select,/job:localhost/replica:0/task:0/device:GPU:0,5.0,0.005
QifLWnO240,Select,/job:localhost/replica:0/task:0/device:GPU:0,5.0,0.005
Xb53poslV2,AddV2,/job:localhost/replica:0/task:0/device:GPU:0,5.0,0.005
UyJWpsThBP,Add,/job:localhost/replica:0/task:0/device:GPU:0,5.0,0.005
2r4Ouow3t8,LogicalAnd,/job:localhost/replica:0/task:0/device:GPU:0,5.0,0.005
4wAfEhUrBg,Select,/job:localhost/replica:0/task:0/device:GPU:0,5.0,0.005
Hdsa5lUNS8,Select,/job:localhost/replica:0/task:0/device:GPU:0,5.0,0.005
0zEnlTK8vk,Select,/job:localhost/replica:0/task:0/device:GPU:0,5.0,0.005
LxI1TYvBl7,Select,/job:localhost/replica:0/task:0/device:GPU:0,5.0,0.005
vAKJNqi2Mp,LogicalOr,/job:localhost/replica:0/task:0/device:GPU:0,5.0,0.005
4pXRPAgKmL,Relu,/job:localhost/replica:0/task:0/device:GPU:0,5.0,0.005
toiY29KWwB,Relu,/job:localhost/replica:0/task:0/device:GPU:0,5.0,0.005
oVDYUCwANW,Squeeze,/job:localhost/replica:0/task:0/device:GPU:0,5.0,0.005
eJaGcUB6gw,Select,/job:localhost/replica:0/task:0/device:GPU:0,5.0,0.005
hytW4gYjQ2,Fill,/job:localhost/replica:0/task:0/device:GPU:0,5.0,0.005
nkUvsejQuf,LogicalAnd,/job:localhost/replica:0/task:0/device:GPU:0,5.0,0.005
4FuhXE1tCD,BiasAdd,/job:localhost/replica:0/task:0/device:GPU:0,5.0,0.005
al5XgSnZP1,RealDiv,/job:localhost/replica:0/task:0/device:GPU:0,5.0,0.005
aI6bTdAM7s,Add,/job:localhost/replica:0/task:0/device:GPU:0,5.0,0.005
ptL0EPxG5r,Add,/job:localhost/replica:0/task:0/device:GPU:0,5.0,0.005
IqW8pYiOM3,NotEqual,/job:localhost/replica:0/task:0/device:GPU:0,5.0,0.005
RwXP73NFpx,Shape,/job:localhost/replica:0/task:0/device:GPU:0,5.0,0.005
9JvTPfIdAM,BiasAdd,/job:localhost/replica:0/task:0/device:GPU:0,5.0,0.005
fkrw3CF7mV,BiasAdd,/job:localhost/replica:0/task:0/device:GPU:0,5.0,0.005
BZdgHbaOS5,BiasAdd,/job:localhost/replica:0/task:0/device:GPU:0,5.0,0.005
14P9KxrEAN,BiasAdd,/job:localhost/replica:0/task:0/device:GPU:0,5.0,0.005
EOtGbwoDZK,BiasAdd,/job:localhost/replica:0/task:0/device:GPU:0,5.0,0.005
M6XR3nY4tv,Relu,/job:localhost/replica:0/task:0/device:GPU:0,5.0,0.005
1SYJrnVZd0,Relu,/job:localhost/replica:0/task:0/device:GPU:0,5.0,0.005
8ElXogYKcS,Relu,/job:localhost/replica:0/task:0/device:GPU:0,5.0,0.005
FTCiuRIaQt,Relu,/job:localhost/replica:0/task:0/device:GPU:0,5.0,0.005
oGUKO5L4Sq,Relu,/job:localhost/replica:0/task:0/device:GPU:0,5.0,0.005
kbK2iuo8dh,Relu,/job:localhost/replica:0/task:0/device:GPU:0,5.0,0.005
jbkwWx2REP,Relu,/job:localhost/replica:0/task:0/device:GPU:0,5.0,0.005
BWOTUf9vSD,Relu,/job:localhost/replica:0/task:0/device:GPU:0,5.0,0.005
8Vnjl0sQGN,BiasAdd,/job:localhost/replica:0/task:0/device:GPU:0,5.0,0.005
MivlF7Nuy3,BiasAdd,/job:localhost/replica:0/task:0/device:GPU:0,5.0,0.005
jWUNJaEQC2,BiasAdd,/job:localhost/replica:0/task:0/device:GPU:0,5.0,0.005
gMOIws2vpj,Pow,/job:localhost/replica:0/task:0/device:GPU:0,5.0,0.005
pGOLDw17BM,RealDiv,/job:localhost/replica:0/task:0/device:GPU:0,5.0,0.005
q1XNYnplwg,Add,/job:localhost/replica:0/task:0/device:GPU:0,5.0,0.005
lmLPMxczB1,AddV2,/job:localhost/replica:0/task:0/device:GPU:0,5.0,0.005
W71vKN6sgb,Sub,/job:localhost/replica:0/task:0/device:GPU:0,5.0,0.005
2LD9x1yrVh,RealDiv,/job:localhost/replica:0/task:0/device:GPU:0,5.0,0.005
arM489Y5Cg,Add,/job:localhost/replica:0/task:0/device:GPU:0,5.0,0.005
ZsI2DnRc87,AddV2,/job:localhost/replica:0/task:0/device:GPU:0,5.0,0.005
vN8s9KCJre,RealDiv,/job:localhost/replica:0/task:0/device:GPU:0,5.0,0.005
rFdmGhHtZK,Add,/job:localhost/replica:0/task:0/device:GPU:0,5.0,0.005
e2Hohvc0XD,BiasAdd,/job:localhost/replica:0/task:0/device:GPU:0,5.0,0.005
SoHvKLrWyu,BiasAdd,/job:localhost/replica:0/task:0/device:GPU:0,5.0,0.005
WPrpqiMkZV,Prod,/job:localhost/replica:0/task:0/device:GPU:0,5.0,0.005
EZIKhFOz6w,Mean,/job:localhost/replica:0/task:0/device:GPU:0,5.0,0.005
awn7HcmGSE,Prod,/job:localhost/replica:0/task:0/device:GPU:0,5.0,0.005
9JOqMybAr3,BiasAdd,/job:localhost/replica:0/task:0/device:GPU:0,5.0,0.005
8izs7XE2Ia,BiasAdd,/job:localhost/replica:0/task:0/device:GPU:0,5.0,0.005
sJMkXUZ3nB,Mean,/job:localhost/replica:0/task:0/device:GPU:0,5.0,0.005
LOMCHsxQvr,BiasAdd,/job:localhost/replica:0/task:0/device:GPU:0,5.0,0.005
krcPyjDpEd,BiasAdd,/job:localhost/replica:0/task:0/device:GPU:0,5.0,0.005
SLkJn4FYCi,Mean,/job:localhost/replica:0/task:0/device:GPU:0,5.0,0.005
wbZQKETqsJ,Mean,/job:localhost/replica:0/task:0/device:GPU:0,5.0,0.005
vL3MfJH7KE,BiasAdd,/job:localhost/replica:0/task:0/device:GPU:0,5.0,0.005
urCSj548VO,Prod,/job:localhost/replica:0/task:0/device:GPU:0,5.0,0.005
kDIjWRB38h,BiasAdd,/job:localhost/replica:0/task:0/device:GPU:0,5.0,0.005
mPnGjoKvlf,RandomUniform,/job:localhost/replica:0/task:0/device:GPU:0,5.0,0.005
RzAmjWXht1,RandomUniform,/job:localhost/replica:0/task:0/device:GPU:0,5.0,0.005
4CmSpzYOk3,BiasAdd,/job:localhost/replica:0/task:0/device:GPU:0,5.0,0.005
2mctN75uHK,Fill,/job:localhost/replica:0/task:0/device:GPU:0,5.0,0.005
J8wpEgjHZN,Pow,/job:localhost/replica:0/task:0/device:GPU:0,5.0,0.005
DlrYQnU7tA,Add,/job:localhost/replica:0/task:0/device:GPU:0,5.0,0.005
BRZLpqIXQl,Pow,/job:localhost/replica:0/task:0/device:GPU:0,5.0,0.005
YsOTrqJgB5,BiasAdd,/job:localhost/replica:0/task:0/device:GPU:0,5.0,0.005
BRmwPcMOK2,BiasAdd,/job:localhost/replica:0/task:0/device:GPU:0,5.0,0.005
RLKsp4mv8O,BiasAdd,/job:localhost/replica:0/task:0/device:GPU:0,5.0,0.005
NncUd5LE08,BiasAdd,/job:localhost/replica:0/task:0/device:GPU:0,5.0,0.005
wEBids07Jo,BiasAdd,/job:localhost/replica:0/task:0/device:GPU:0,5.0,0.005
pq2Puy9HRz,BiasAdd,/job:localhost/replica:0/task:0/device:GPU:0,5.0,0.005
A63nMdEwTJ,Less,/job:localhost/replica:0/task:0/device:GPU:0,5.0,0.005
MC5o9xDSAp,Less,/job:localhost/replica:0/task:0/device:GPU:0,5.0,0.005
PRCNleEW4w,Relu,/job:localhost/replica:0/task:0/device:GPU:0,5.0,0.005
mMZSDaWkfC,Less,/job:localhost/replica:0/task:0/device:GPU:0,5.0,0.005
2QTr5LsPBc,Relu,/job:localhost/replica:0/task:0/device:GPU:0,5.0,0.005
niRJMDH7Cy,Relu,/job:localhost/replica:0/task:0/device:GPU:0,5.0,0.005
g85EOWK4tJ,BiasAdd,/job:localhost/replica:0/task:0/device:GPU:0,5.0,0.005
WegQ8JhiA7,Select,/job:localhost/replica:0/task:0/device:GPU:0,5.0,0.005
6ExOtci7NX,Mul,/job:localhost/replica:0/task:0/device:GPU:0,5.0,0.005
Uo8NGbXnvJ,Prod,/job:localhost/replica:0/task:0/device:GPU:0,5.0,0.005
ExAakZ2csv,Relu,/job:localhost/replica:0/task:0/device:GPU:0,5.0,0.005
p5dnvMLZW1,BiasAdd,/job:localhost/replica:0/task:0/device:GPU:0,5.0,0.005
bgp1ZKmrd0,AddN,/job:localhost/replica:0/task:0/device:GPU:0,5.0,0.005
5nkRfvd6Eg,BiasAdd,/job:localhost/replica:0/task:0/device:GPU:0,5.0,0.005
eDhLAH7itb,BiasAdd,/job:localhost/replica:0/task:0/device:GPU:0,5.0,0.005
YDJTOMgmIo,Pow,/job:localhost/replica:0/task:0/device:GPU:0,5.0,0.005
ZOT7gWtAeM,BiasAdd,/job:localhost/replica:0/task:0/device:GPU:0,5.0,0.005
hJTCWuMBo7,BiasAdd,/job:localhost/replica:0/task:0/device:GPU:0,5.0,0.005
qGP09w5QK4,BiasAdd,/job:localhost/replica:0/task:0/device:GPU:0,5.0,0.005
7hzQgcxdX9,Add,/job:localhost/replica:0/task:0/device:GPU:0,5.0,0.005
kKET04WLNj,Relu,/job:localhost/replica:0/task:0/device:GPU:0,5.0,0.005
T4whoFu21j,Relu,/job:localhost/replica:0/task:0/device:GPU:0,5.0,0.005
MV9UbwPDcX,Pow,/job:localhost/replica:0/task:0/device:GPU:0,5.0,0.005
a8nHRpJBqo,Sum,/job:localhost/replica:0/task:0/device:GPU:0,5.0,0.005
gfDZLiH051,Relu,/job:localhost/replica:0/task:0/device:GPU:0,5.0,0.005
Z3aUEWxiy8,SquaredDifference,/job:localhost/replica:0/task:0/device:GPU:0,5.0,0.005
1rIxnv4bLR,Pow,/job:localhost/replica:0/task:0/device:GPU:0,5.0,0.005
47Gqmb1oMF,RealDiv,/job:localhost/replica:0/task:0/device:GPU:0,5.0,0.005
6wLJs3f4lU,BiasAdd,/job:localhost/replica:0/task:0/device:GPU:0,5.0,0.005
MBsPqSzDJ4,BiasAdd,/job:localhost/replica:0/task:0/device:GPU:0,5.0,0.005
SVd7l0cKk4,Prod,/job:localhost/replica:0/task:0/device:GPU:0,5.0,0.005
0sx2E6HAU7,Mul,/job:localhost/replica:0/task:0/device:GPU:0,5.0,0.005
TFbeOhP8wu,BiasAdd,/job:localhost/replica:0/task:0/device:GPU:0,5.0,0.005
2GQ87dtgTp,BiasAdd,/job:localhost/replica:0/task:0/device:GPU:0,5.0,0.005
oqGfSEstrn,Sub,/job:localhost/replica:0/task:0/device:GPU:0,5.0,0.005
9K8n2BoGJQ,SquaredDifference,/job:localhost/replica:0/task:0/device:GPU:0,5.0,0.005
nNxYyaDoBT,BiasAdd,/job:localhost/replica:0/task:0/device:GPU:0,5.0,0.005
YJFBecnHz1,SquaredDifference,/job:localhost/replica:0/task:0/device:GPU:0,5.0,0.005
Gu5jPNBvIn,RealDiv,/job:localhost/replica:0/task:0/device:GPU:0,5.0,0.005
m2lhBZ8jYJ,RealDiv,/job:localhost/replica:0/task:0/device:GPU:0,5.0,0.005
GSO6PmJK23,RealDiv,/job:localhost/replica:0/task:0/device:GPU:0,5.0,0.005
lgRCFNto2e,Mul,/job:localhost/replica:0/task:0/device:GPU:0,5.0,0.005
fT6Me2qG4I,Pow,/job:localhost/replica:0/task:0/device:GPU:0,5.0,0.005
lpVcfh5e8L,Mul,/job:localhost/replica:0/task:0/device:GPU:0,5.0,0.005
Xi48xtSmsJ,Pow,/job:localhost/replica:0/task:0/device:GPU:0,5.0,0.005
mQPNGhHruc,Sub,/job:localhost/replica:0/task:0/device:GPU:0,5.0,0.005
8ef1BhtLFX,Mul,/job:localhost/replica:0/task:0/device:GPU:0,5.0,0.005
AHTgitKw16,Sub,/job:localhost/replica:0/task:0/device:GPU:0,5.0,0.005
9fiSW3edMr,Mul,/job:localhost/replica:0/task:0/device:GPU:0,5.0,0.005
uvIxOBUcPs,AddN,/job:localhost/replica:0/task:0/device:GPU:0,5.0,0.005
uVbpcqomRj,AddN,/job:localhost/replica:0/task:0/device:GPU:0,5.0,0.005
G46EDJZIzM,RealDiv,/job:localhost/replica:0/task:0/device:GPU:0,5.0,0.005
JsxM7ViZrG,Sub,/job:localhost/replica:0/task:0/device:GPU:0,5.0,0.005
SiVjxPAyf0,Relu,/job:localhost/replica:0/task:0/device:GPU:0,5.0,0.005
d8LbUmtHI0,Relu,/job:localhost/replica:0/task:0/device:GPU:0,5.0,0.005
h5VPFGjKcM,Relu,/job:localhost/replica:0/task:0/device:GPU:0,5.0,0.005
Sp1BoxUtjR,BiasAdd,/job:localhost/replica:0/task:0/device:GPU:0,5.0,0.005
4ClhMWRaj5,Relu,/job:localhost/replica:0/task:0/device:GPU:0,5.0,0.005
Usea4b0tOR,Relu,/job:localhost/replica:0/task:0/device:GPU:0,5.0,0.005
G5k9xE18o3,Relu,/job:localhost/replica:0/task:0/device:GPU:0,5.0,0.005
dV9eZwY6mQ,Prod,/job:localhost/replica:0/task:0/device:GPU:0,5.0,0.005
osTqzOFGdQ,Sub,/job:localhost/replica:0/task:0/device:GPU:0,5.0,0.005
wVBmdaeqgR,RealDiv,/job:localhost/replica:0/task:0/device:GPU:0,5.0,0.005
RDsgiCLqhM,Sub,/job:localhost/replica:0/task:0/device:GPU:0,5.0,0.005
XVoCnBU5SW,AddV2,/job:localhost/replica:0/task:0/device:GPU:0,5.0,0.005
ksmt43LCYq,Add,/job:localhost/replica:0/task:0/device:GPU:0,5.0,0.005
Fsf31T9xeU,Pow,/job:localhost/replica:0/task:0/device:GPU:0,5.0,0.005
QMR04IjyVW,Select,/job:localhost/replica:0/task:0/device:GPU:0,5.0,0.005
vabouensVA,AddV2,/job:localhost/replica:0/task:0/device:GPU:0,5.0,0.005
Y5XeKBqy8u,BiasAdd,/job:localhost/replica:0/task:0/device:GPU:0,5.0,0.005
Ig1Y3przb2,BiasAdd,/job:localhost/replica:0/task:0/device:GPU:0,5.0,0.005
I930aV6rgk,Add,/job:localhost/replica:0/task:0/device:GPU:0,5.0,0.005
M3zTJD1VKU,BiasAdd,/job:localhost/replica:0/task:0/device:GPU:0,5.0,0.005
3RBzVF4fhp,Sub,/job:localhost/replica:0/task:0/device:GPU:0,5.0,0.005
yewplNS57X,Pow,/job:localhost/replica:0/task:0/device:GPU:0,5.0,0.005
7VvzY0B5Uj,Sub,/job:localhost/replica:0/task:0/device:GPU:0,5.0,0.005
Ndq3lp0YRS,Select,/job:localhost/replica:0/task:0/device:GPU:0,5.0,0.005
e3L8qu2KFD,Select,/job:localhost/replica:0/task:0/device:GPU:0,5.0,0.005
S9FUA0LENa,Select,/job:localhost/replica:0/task:0/device:GPU:0,5.0,0.005
qOxAlwjL5E,Add,/job:localhost/replica:0/task:0/device:GPU:0,5.0,0.005
nKqvYhBQe5,Sub,/job:localhost/replica:0/task:0/device:GPU:0,5.0,0.005
3YNsoFnPj6,BiasAdd,/job:localhost/replica:0/task:0/device:GPU:0,5.0,0.005
MtFfKoNPGj,Relu,/job:localhost/replica:0/task:0/device:GPU:0,5.0,0.005
SKIuYbocWd,Relu,/job:localhost/replica:0/task:0/device:GPU:0,5.0,0.005
vcgPpl0U6t,Relu,/job:localhost/replica:0/task:0/device:GPU:0,5.0,0.005
LYtP2EVvH8,Relu,/job:localhost/replica:0/task:0/device:GPU:0,5.0,0.005
82FZnXHKbO,Mul,/job:localhost/replica:0/task:0/device:GPU:0,5.0,0.005
rXhbHcK1qF,Pow,/job:localhost/replica:0/task:0/device:GPU:0,5.0,0.005
SRBiD0jAZT,Tile,/job:localhost/replica:0/task:0/device:GPU:0,5.0,0.005
6wuZnRFoD7,Tile,/job:localhost/replica:0/task:0/device:GPU:0,5.0,0.005
Oh5lsCaijE,RealDiv,/job:localhost/replica:0/task:0/device:GPU:0,5.0,0.005
AVg9tjJEu3,Add,/job:localhost/replica:0/task:0/device:GPU:0,5.0,0.005
TAMtefjpNh,BiasAdd,/job:localhost/replica:0/task:0/device:GPU:0,5.0,0.005
NTXVghH3ab,BiasAdd,/job:localhost/replica:0/task:0/device:GPU:0,5.0,0.005
xdJHKnPQjO,Pack,/job:localhost/replica:0/task:0/device:GPU:0,5.0,0.005
PYwFdOakte,Add,/job:localhost/replica:0/task:0/device:GPU:0,5.0,0.005
hpZUAEoWNy,BiasAdd,/job:localhost/replica:0/task:0/device:GPU:0,5.0,0.005
nEKD7SY3HW,BiasAdd,/job:localhost/replica:0/task:0/device:GPU:0,5.0,0.005
GPVdjkS5Yw,AddV2,/job:localhost/replica:0/task:0/device:GPU:0,5.0,0.005
gKHLOtvxX2,RealDiv,/job:localhost/replica:0/task:0/device:GPU:0,5.0,0.005
knFOSYwa2b,AddV2,/job:localhost/replica:0/task:0/device:GPU:0,5.0,0.005
zFDnZNP4EK,RealDiv,/job:localhost/replica:0/task:0/device:GPU:0,5.0,0.005
6aCkHYb7lo,Mul,/job:localhost/replica:0/task:0/device:GPU:0,5.0,0.005
9NXExfbykR,Add,/job:localhost/replica:0/task:0/device:GPU:0,5.0,0.005
CVKD0O2RFe,RealDiv,/job:localhost/replica:0/task:0/device:GPU:0,5.0,0.005
pcx9aM4fR1,Mul,/job:localhost/replica:0/task:0/device:GPU:0,5.0,0.005
GuvRXDlVQ6,AddV2,/job:localhost/replica:0/task:0/device:GPU:0,5.0,0.005
lKvbeh9Qg4,Add,/job:localhost/replica:0/task:0/device:GPU:0,5.0,0.005
yta4p5NKmS,Pow,/job:localhost/replica:0/task:0/device:GPU:0,5.0,0.005
MN2VrqxoDB,Mul,/job:localhost/replica:0/task:0/device:GPU:0,5.0,0.005
XzjcrTLu5Q,RealDiv,/job:localhost/replica:0/task:0/device:GPU:0,5.0,0.005
Sni2YWMKD6,Neg,/job:localhost/replica:0/task:0/device:GPU:0,5.0,0.005
YVMbzH8p26,Tanh,/job:localhost/replica:0/task:0/device:GPU:0,5.0,0.005
ehOmNS2ydL,Rsqrt,/job:localhost/replica:0/task:0/device:GPU:0,5.0,0.005
Z9r30bvwle,BiasAdd,/job:localhost/replica:0/task:0/device:GPU:0,5.0,0.005
sX6tjvyaqB,BiasAdd,/job:localhost/replica:0/task:0/device:GPU:0,5.0,0.005
8FqUlnS0Tw,Sub,/job:localhost/replica:0/task:0/device:GPU:0,5.0,0.005
MurQGPWTDn,AddV2,/job:localhost/replica:0/task:0/device:GPU:0,5.0,0.005
QHCd1yYsUc,Sub,/job:localhost/replica:0/task:0/device:GPU:0,5.0,0.005
RPzmJQBXyu,Pack,/job:localhost/replica:0/task:0/device:GPU:0,5.0,0.005
KfyqcrQSF5,Neg,/job:localhost/replica:0/task:0/device:GPU:0,5.0,0.005
1Td6ri40M2,Sub,/job:localhost/replica:0/task:0/device:GPU:0,5.0,0.005
QnlmbevkXh,Pow,/job:localhost/replica:0/task:0/device:GPU:0,5.0,0.005
A2qVCZUgHJ,Sub,/job:localhost/replica:0/task:0/device:GPU:0,5.0,0.005
PcWtg28KqG,Relu,/job:localhost/replica:0/task:0/device:GPU:0,5.0,0.005
IMK1LshW0m,Relu,/job:localhost/replica:0/task:0/device:GPU:0,5.0,0.005
7m5LXBghvJ,Relu,/job:localhost/replica:0/task:0/device:GPU:0,5.0,0.005
E9rcXbzpfO,Relu,/job:localhost/replica:0/task:0/device:GPU:0,5.0,0.005
71DaBf8QFH,Relu,/job:localhost/replica:0/task:0/device:GPU:0,5.0,0.005
7z3WjBGqxF,Relu,/job:localhost/replica:0/task:0/device:GPU:0,5.0,0.005
W6JuMCOkl2,Relu,/job:localhost/replica:0/task:0/device:GPU:0,5.0,0.005
751sBTwP0k,Relu,/job:localhost/replica:0/task:0/device:GPU:0,5.0,0.005
mDTq6SGRbu,Add,/job:localhost/replica:0/task:0/device:GPU:0,5.0,0.005
XpZ76tAFgm,Sub,/job:localhost/replica:0/task:0/device:GPU:0,5.0,0.005
yuU7nj0iP2,Pack,/job:localhost/replica:0/task:0/device:GPU:0,5.0,0.005
QiTajeGXoz,RealDiv,/job:localhost/replica:0/task:0/device:GPU:0,5.0,0.005
O2L1p8jlqM,Unpack,/job:localhost/replica:0/task:0/device:GPU:0,5.0,0.005
nfrNwyFDRV,Pow,/job:localhost/replica:0/task:0/device:GPU:0,5.0,0.005
nBFAwNaKPl,Relu,/job:localhost/replica:0/task:0/device:GPU:0,5.0,0.005
BPbHuWrYGe,Relu,/job:localhost/replica:0/task:0/device:GPU:0,5.0,0.005
z35fZjDOMp,Pack,/job:localhost/replica:0/task:0/device:GPU:0,5.0,0.005
rngZE45ivK,Relu,/job:localhost/replica:0/task:0/device:GPU:0,5.0,0.005
yR5w4YLFqG,Transpose,/job:localhost/replica:0/task:0/device:GPU:0,5.0,0.005
B8niHRgqVG,Mul,/job:localhost/replica:0/task:0/device:GPU:0,5.0,0.005
BoXHAk8n62,Pow,/job:localhost/replica:0/task:0/device:GPU:0,5.0,0.005
Lx4tgl58a2,Sub,/job:localhost/replica:0/task:0/device:GPU:0,5.0,0.005
63tcA9Xkup,Add,/job:localhost/replica:0/task:0/device:GPU:0,5.0,0.005
HJBSwgcx3G,Pow,/job:localhost/replica:0/task:0/device:GPU:0,5.0,0.005
hlx1uvVmQL,Log,/job:localhost/replica:0/task:0/device:GPU:0,5.0,0.005
lHo3reh4vd,Log,/job:localhost/replica:0/task:0/device:GPU:0,5.0,0.005
HpiZakvVPW,Pow,/job:localhost/replica:0/task:0/device:GPU:0,5.0,0.005
kb98WHIC5J,Pow,/job:localhost/replica:0/task:0/device:GPU:0,5.0,0.005
J9Cyfkdo0r,AddV2,/job:localhost/replica:0/task:0/device:GPU:0,5.0,0.005
PsFw4DAMGr,AddV2,/job:localhost/replica:0/task:0/device:GPU:0,5.0,0.005
MFdVEobiSj,Pow,/job:localhost/replica:0/task:0/device:GPU:0,5.0,0.005
8q1znQtbHG,Pow,/job:localhost/replica:0/task:0/device:GPU:0,5.0,0.005
13tKVhEoM8,AddV2,/job:localhost/replica:0/task:0/device:GPU:0,5.0,0.005
eJj7mgyYx9,Mul,/job:localhost/replica:0/task:0/device:GPU:0,5.0,0.005
4KfyDGOot7,Sum,/job:localhost/replica:0/task:0/device:GPU:0,5.0,0.005
LHwxkdrcz4,SquaredDifference,/job:localhost/replica:0/task:0/device:GPU:0,5.0,0.005
hUqFXwxegI,SquaredDifference,/job:localhost/replica:0/task:0/device:GPU:0,5.0,0.005
f6X7rieuj4,RealDiv,/job:localhost/replica:0/task:0/device:GPU:0,5.0,0.005
FuXyH8rtx5,Mul,/job:localhost/replica:0/task:0/device:GPU:0,5.0,0.005
Q9sdNmBG2M,Pow,/job:localhost/replica:0/task:0/device:GPU:0,5.0,0.005
L5nsDdK6yG,RealDiv,/job:localhost/replica:0/task:0/device:GPU:0,5.0,0.005
ybTqhHepAg,RealDiv,/job:localhost/replica:0/task:0/device:GPU:0,5.0,0.005
IpsqdunK2b,RealDiv,/job:localhost/replica:0/task:0/device:GPU:0,5.0,0.005
lhM2eCYwxn,RealDiv,/job:localhost/replica:0/task:0/device:GPU:0,5.0,0.005
I7NQqt2OhB,Add,/job:localhost/replica:0/task:0/device:GPU:0,5.0,0.005
2QoShBlKUg,RealDiv,/job:localhost/replica:0/task:0/device:GPU:0,5.0,0.005
ahP39SJTlw,AddV2,/job:localhost/replica:0/task:0/device:GPU:0,5.0,0.005
nRCkPtU2AI,Add,/job:localhost/replica:0/task:0/device:GPU:0,5.0,0.005
a7xsDnHzFM,RealDiv,/job:localhost/replica:0/task:0/device:GPU:0,5.0,0.005
cAZ0NhOmjU,Mul,/job:localhost/replica:0/task:0/device:GPU:0,5.0,0.005
GEKZAbliMe,RealDiv,/job:localhost/replica:0/task:0/device:GPU:0,5.0,0.005
Vr2MFsGNSQ,Mul,/job:localhost/replica:0/task:0/device:GPU:0,5.0,0.005
mS1JtCGvUM,BiasAdd,/job:localhost/replica:0/task:0/device:GPU:0,5.0,0.005
HEgGjsz9K8,BiasAdd,/job:localhost/replica:0/task:0/device:GPU:0,5.0,0.005
83bXaBjrEc,BiasAdd,/job:localhost/replica:0/task:0/device:GPU:0,5.0,0.005
O4VlSB56We,AddV2,/job:localhost/replica:0/task:0/device:GPU:0,5.0,0.005
gLYAKjw6bD,Sub,/job:localhost/replica:0/task:0/device:GPU:0,5.0,0.005
czkuPvJeLx,Pow,/job:localhost/replica:0/task:0/device:GPU:0,5.0,0.005
Z5gB4z2RAx,Mul,/job:localhost/replica:0/task:0/device:GPU:0,5.0,0.005
bIXp7U4oYs,AddV2,/job:localhost/replica:0/task:0/device:GPU:0,5.0,0.005
3ecjRCOkB5,Pack,/job:localhost/replica:0/task:0/device:GPU:0,5.0,0.005
BDG0gCWErz,Transpose,/job:localhost/replica:0/task:0/device:GPU:0,5.0,0.005
89R1odDhaq,Cast,/job:localhost/replica:0/task:0/device:GPU:0,5.0,0.005
xWI8N7A5Vc,RealDiv,/job:localhost/replica:0/task:0/device:GPU:0,5.0,0.005
Rw7rpP40lT,Add,/job:localhost/replica:0/task:0/device:GPU:0,5.0,0.005
sxHgkFPceD,Pow,/job:localhost/replica:0/task:0/device:GPU:0,5.0,0.005
CNrkp7D1mW,Unpack,/job:localhost/replica:0/task:0/device:GPU:0,5.0,0.005
cE6o2wvTAM,Pack,/job:localhost/replica:0/task:0/device:GPU:0,5.0,0.005
20vCc1F5kE,RealDiv,/job:localhost/replica:0/task:0/device:GPU:0,5.0,0.005
VcuL4JQAqS,RealDiv,/job:localhost/replica:0/task:0/device:GPU:0,5.0,0.005
BHnFOuTleK,AddV2,/job:localhost/replica:0/task:0/device:GPU:0,5.0,0.005
cd72HOQ3UD,Pow,/job:localhost/replica:0/task:0/device:GPU:0,5.0,0.005
c29t0qjzUm,Unpack,/job:localhost/replica:0/task:0/device:GPU:0,5.0,0.005
rhxMls02f9,AddV2,/job:localhost/replica:0/task:0/device:GPU:0,5.0,0.005
HNmFzxli4R,AddV2,/job:localhost/replica:0/task:0/device:GPU:0,5.0,0.005
J1wgyfDFkG,Mul,/job:localhost/replica:0/task:0/device:GPU:0,5.0,0.005
7MGvyatL8n,Sigmoid,/job:localhost/replica:0/task:0/device:GPU:0,5.0,0.005
LJRKvcfbCH,RealDiv,/job:localhost/replica:0/task:0/device:GPU:0,5.0,0.005
Kpfjqrx8BT,Sub,/job:localhost/replica:0/task:0/device:GPU:0,5.0,0.005
5d76eCUGtr,Add,/job:localhost/replica:0/task:0/device:GPU:0,5.0,0.005
cbxwapToJQ,Sub,/job:localhost/replica:0/task:0/device:GPU:0,5.0,0.005
bCSr5m3zW0,Add,/job:localhost/replica:0/task:0/device:GPU:0,5.0,0.005
tKUSDLQXMC,Add,/job:localhost/replica:0/task:0/device:GPU:0,5.0,0.005
T1EfKxdGiM,Rsqrt,/job:localhost/replica:0/task:0/device:GPU:0,5.0,0.005
saYQIOU6BP,AddV2,/job:localhost/replica:0/task:0/device:GPU:0,5.0,0.005
1Hyn7WRrEu,Log,/job:localhost/replica:0/task:0/device:GPU:0,5.0,0.005
MB2gVWYrv5,AddV2,/job:localhost/replica:0/task:0/device:GPU:0,5.0,0.005
X9pBj2VEnc,AddV2,/job:localhost/replica:0/task:0/device:GPU:0,5.0,0.005
OEKCZ2SkiU,Add,/job:localhost/replica:0/task:0/device:GPU:0,5.0,0.005
t4osecG8zu,Add,/job:localhost/replica:0/task:0/device:GPU:0,5.0,0.005
2Lfudm3JES,AddV2,/job:localhost/replica:0/task:0/device:GPU:0,5.0,0.005
Tyr6v5UJPW,Rsqrt,/job:localhost/replica:0/task:0/device:GPU:0,5.0,0.005
6PTzuBMXJ4,Add,/job:localhost/replica:0/task:0/device:GPU:0,5.0,0.005
uTzR4Qnp3E,Mul,/job:localhost/replica:0/task:0/device:GPU:0,5.0,0.005
HfA8eLUwSP,Pow,/job:localhost/replica:0/task:0/device:GPU:0,5.0,0.005
p7tuJKxmvy,Pow,/job:localhost/replica:0/task:0/device:GPU:0,5.0,0.005
t4FDolOZpV,Rsqrt,/job:localhost/replica:0/task:0/device:GPU:0,5.0,0.005
y5iTQqbnAl,Pow,/job:localhost/replica:0/task:0/device:GPU:0,5.0,0.005
YdWhomyM2V,RealDiv,/job:localhost/replica:0/task:0/device:GPU:0,5.0,0.005
hjzqGIKmup,RealDiv,/job:localhost/replica:0/task:0/device:GPU:0,5.0,0.005
hjIm6V5Xyo,AddV2,/job:localhost/replica:0/task:0/device:GPU:0,5.0,0.005
xCXJ1lmdsP,AddV2,/job:localhost/replica:0/task:0/device:GPU:0,5.0,0.005
cCyhOQwq9g,Prod,/job:localhost/replica:0/task:0/device:GPU:0,5.0,0.005
Cb0sHnkm2J,Mean,/job:localhost/replica:0/task:0/device:GPU:0,5.0,0.005
ivOrh3xteJ,Prod,/job:localhost/replica:0/task:0/device:GPU:0,5.0,0.005
LOKXsZvMkf,BiasAdd,/job:localhost/replica:0/task:0/device:GPU:0,5.0,0.005
yuPwvYxb0S,BiasAdd,/job:localhost/replica:0/task:0/device:GPU:0,5.0,0.005
hmVWsI1Nyi,BiasAdd,/job:localhost/replica:0/task:0/device:GPU:0,5.0,0.005
pvMn9N8XPH,BiasAdd,/job:localhost/replica:0/task:0/device:GPU:0,5.0,0.005
xfR6b7WQuz,BiasAdd,/job:localhost/replica:0/task:0/device:GPU:0,5.0,0.005
N1EVaKxAcM,BiasAdd,/job:localhost/replica:0/task:0/device:GPU:0,5.0,0.005
GK5IlN0r4S,Relu,/job:localhost/replica:0/task:0/device:GPU:0,5.0,0.005
kHhTqBajVd,Relu,/job:localhost/replica:0/task:0/device:GPU:0,5.0,0.005
fGAaeQVNMq,Relu,/job:localhost/replica:0/task:0/device:GPU:0,5.0,0.005
h5XVyZatSU,Relu,/job:localhost/replica:0/task:0/device:GPU:0,5.0,0.005
VMupFJvGTc,Relu,/job:localhost/replica:0/task:0/device:GPU:0,5.0,0.005
blc7z4dGKF,Relu,/job:localhost/replica:0/task:0/device:GPU:0,5.0,0.005
N1XsGWKEHI,Relu,/job:localhost/replica:0/task:0/device:GPU:0,5.0,0.005
lGzALW4BM3,Relu,/job:localhost/replica:0/task:0/device:GPU:0,5.0,0.005
LdCrfSBFoi,Relu,/job:localhost/replica:0/task:0/device:GPU:0,5.0,0.005
jMd9VLJyck,Relu,/job:localhost/replica:0/task:0/device:GPU:0,5.0,0.005
wHI1i4ndSG,Relu,/job:localhost/replica:0/task:0/device:GPU:0,5.0,0.005
yp5RzEYBZl,BiasAdd,/job:localhost/replica:0/task:0/device:GPU:0,5.0,0.005
XCNKtYd3e9,BiasAdd,/job:localhost/replica:0/task:0/device:GPU:0,5.0,0.005
0ZudgO7aYV,BiasAdd,/job:localhost/replica:0/task:0/device:GPU:0,5.0,0.005
p9AOZIYaL3,BiasAdd,/job:localhost/replica:0/task:0/device:GPU:0,5.0,0.005
rjXozf5N3h,BiasAdd,/job:localhost/replica:0/task:0/device:GPU:0,5.0,0.005
7qxRfVnWr1,BiasAdd,/job:localhost/replica:0/task:0/device:GPU:0,5.0,0.005
wRMEcVKnaD,BiasAdd,/job:localhost/replica:0/task:0/device:GPU:0,5.0,0.005
FG8D75hNqA,BiasAdd,/job:localhost/replica:0/task:0/device:GPU:0,5.0,0.005
hM2HQxwrYo,BiasAdd,/job:localhost/replica:0/task:0/device:GPU:0,5.0,0.005
X1euSoqORD,Relu,/job:localhost/replica:0/task:0/device:GPU:0,5.0,0.005
pqJ0h2VjKd,Relu,/job:localhost/replica:0/task:0/device:GPU:0,5.0,0.005
594jUAqzwL,Relu,/job:localhost/replica:0/task:0/device:GPU:0,5.0,0.005
KzRQOWrEvs,Relu,/job:localhost/replica:0/task:0/device:GPU:0,5.0,0.005
fKrDPIEyai,Relu,/job:localhost/replica:0/task:0/device:GPU:0,5.0,0.005
8Kma47gsyx,Relu,/job:localhost/replica:0/task:0/device:GPU:0,5.0,0.005
QCTKaNcfRp,Relu,/job:localhost/replica:0/task:0/device:GPU:0,5.0,0.005
W9t7RkubOs,Relu,/job:localhost/replica:0/task:0/device:GPU:0,5.0,0.005
CD4QlPEnzN,Relu,/job:localhost/replica:0/task:0/device:GPU:0,5.0,0.005
3CygHQLzYD,Relu,/job:localhost/replica:0/task:0/device:GPU:0,5.0,0.005
sDWtae4zTk,Relu,/job:localhost/replica:0/task:0/device:GPU:0,5.0,0.005
nqUO2uI8kG,Relu,/job:localhost/replica:0/task:0/device:GPU:0,5.0,0.005
SFkIflRvbr,Relu,/job:localhost/replica:0/task:0/device:GPU:0,5.0,0.005
B9Gsv85ZAH,Relu,/job:localhost/replica:0/task:0/device:GPU:0,5.0,0.005
8rhNR4SKB0,Pow,/job:localhost/replica:0/task:0/device:GPU:0,5.0,0.005
bJXfMorEkR,Pow,/job:localhost/replica:0/task:0/device:GPU:0,5.0,0.005
RHF2dJXkn0,AddN,/job:localhost/replica:0/task:0/device:GPU:0,5.0,0.005
TWeGQSZpfd,Pow,/job:localhost/replica:0/task:0/device:GPU:0,5.0,0.005
UdE9MKmTDv,Pow,/job:localhost/replica:0/task:0/device:GPU:0,5.0,0.005
YpP72XHMIb,Minimum,/job:localhost/replica:0/task:0/device:GPU:0,5.0,0.005
F9yIODZSwm,AddN,/job:localhost/replica:0/task:0/device:GPU:0,5.0,0.005
oeRbuE29JQ,AddN,/job:localhost/replica:0/task:0/device:GPU:0,5.0,0.005
ak4Xun9Ujx,AddN,/job:localhost/replica:0/task:0/device:GPU:0,5.0,0.005
Xd65tcYEqA,AddN,/job:localhost/replica:0/task:0/device:GPU:0,5.0,0.005
8DXPeIq4hW,AddN,/job:localhost/replica:0/task:0/device:GPU:0,5.0,0.005
AvwltDUfrW,AddN,/job:localhost/replica:0/task:0/device:GPU:0,5.0,0.005
VhpHdeIjOk,AddN,/job:localhost/replica:0/task:0/device:GPU:0,5.0,0.005
QoHhKE5Cvf,Minimum,/job:localhost/replica:0/task:0/device:GPU:0,5.0,0.005
vJBQX0wNoK,Minimum,/job:localhost/replica:0/task:0/device:GPU:0,5.0,0.005
gGhOPNC6Wk,Minimum,/job:localhost/replica:0/task:0/device:GPU:0,5.0,0.005
oh362AaU89,Minimum,/job:localhost/replica:0/task:0/device:GPU:0,5.0,0.005
Ib0E6hHcWw,RealDiv,/job:localhost/replica:0/task:0/device:GPU:0,5.0,0.005
NuSTo5hy9D,Pow,/job:localhost/replica:0/task:0/device:GPU:0,5.0,0.005
LxtuE6D9b8,Minimum,/job:localhost/replica:0/task:0/device:GPU:0,5.0,0.005
Mdq70gONWD,Minimum,/job:localhost/replica:0/task:0/device:GPU:0,5.0,0.005
FOgnYaux3E,Minimum,/job:localhost/replica:0/task:0/device:GPU:0,5.0,0.005
NwDrtj2efZ,Maximum,/job:localhost/replica:0/task:0/device:GPU:0,5.0,0.005
z6DWrfcwYK,Maximum,/job:localhost/replica:0/task:0/device:GPU:0,5.0,0.005
1CRN2OjpSe,Fill,/job:localhost/replica:0/task:0/device:GPU:0,5.0,0.005
VvG102FCED,Maximum,/job:localhost/replica:0/task:0/device:GPU:0,5.0,0.005
VFPIk7q2m1,Maximum,/job:localhost/replica:0/task:0/device:GPU:0,5.0,0.005
MsJTKi2pwx,Maximum,/job:localhost/replica:0/task:0/device:GPU:0,5.0,0.005
ZakXpJjQEF,Maximum,/job:localhost/replica:0/task:0/device:GPU:0,5.0,0.005
sv4KtyBjn5,IsNan,/job:localhost/replica:0/task:0/device:GPU:0,5.0,0.005
hRlOEca7gm,IsNan,/job:localhost/replica:0/task:0/device:GPU:0,5.0,0.005
6GA08w9Pq2,Log,/job:localhost/replica:0/task:0/device:GPU:0,5.0,0.005
F0xwzAnmqY,Fill,/job:localhost/replica:0/task:0/device:GPU:0,5.0,0.005
cXiywO08SB,Fill,/job:localhost/replica:0/task:0/device:GPU:0,5.0,0.005
ZLUhnEX65e,Fill,/job:localhost/replica:0/task:0/device:GPU:0,5.0,0.005
yHoxB40Y6Q,RealDiv,/job:localhost/replica:0/task:0/device:GPU:0,5.0,0.005
zZ5wTQAe4n,Fill,/job:localhost/replica:0/task:0/device:GPU:0,5.0,0.005
5NVfnMvPix,Fill,/job:localhost/replica:0/task:0/device:GPU:0,5.0,0.005
uBxXVTikr8,Select,/job:localhost/replica:0/task:0/device:GPU:0,5.0,0.005
FPpa4yn70b,Select,/job:localhost/replica:0/task:0/device:GPU:0,5.0,0.005
vy5JA3cuIP,Rsqrt,/job:localhost/replica:0/task:0/device:GPU:0,5.0,0.005
SGP0UEienT,Select,/job:localhost/replica:0/task:0/device:GPU:0,5.0,0.005
7vWCbP2qp0,Select,/job:localhost/replica:0/task:0/device:GPU:0,5.0,0.005
TMPmbQ82sB,Add,/job:localhost/replica:0/task:0/device:GPU:0,5.0,0.005
cj0zRM5HOp,Sub,/job:localhost/replica:0/task:0/device:GPU:0,5.0,0.005
Op8uJwPnXg,Pow,/job:localhost/replica:0/task:0/device:GPU:0,5.0,0.005
zvQIp2CF6Z,Sub,/job:localhost/replica:0/task:0/device:GPU:0,5.0,0.005
h5CIf4tBnR,Exp,/job:localhost/replica:0/task:0/device:GPU:0,5.0,0.005
oTNUalr2fq,Pow,/job:localhost/replica:0/task:0/device:GPU:0,5.0,0.005
uPCiYfe4yl,Mul,/job:localhost/replica:0/task:0/device:GPU:0,5.0,0.005
zldun6YWU2,Mul,/job:localhost/replica:0/task:0/device:GPU:0,5.0,0.005
4VreHInzOE,Mul,/job:localhost/replica:0/task:0/device:GPU:0,5.0,0.005
c9sbREG1Tj,RealDiv,/job:localhost/replica:0/task:0/device:GPU:0,5.0,0.005
ScoUHI4XN3,Log,/job:localhost/replica:0/task:0/device:GPU:0,5.0,0.005
G8pSeKbOmW,Rsqrt,/job:localhost/replica:0/task:0/device:GPU:0,5.0,0.005
uizcrXC5oK,Sigmoid,/job:localhost/replica:0/task:0/device:GPU:0,5.0,0.005
4hKXIEqzOl,Log,/job:localhost/replica:0/task:0/device:GPU:0,5.0,0.005
Qu3acg1Xj5,Log,/job:localhost/replica:0/task:0/device:GPU:0,5.0,0.005
0EJFKQ5ARs,Rsqrt,/job:localhost/replica:0/task:0/device:GPU:0,5.0,0.005
8xOIswM6ql,Exp,/job:localhost/replica:0/task:0/device:GPU:0,5.0,0.005
xhATJy9Ue5,Exp,/job:localhost/replica:0/task:0/device:GPU:0,5.0,0.005
FHuME79Y6m,Exp,/job:localhost/replica:0/task:0/device:GPU:0,5.0,0.005
j5JqZI3T4D,Exp,/job:localhost/replica:0/task:0/device:GPU:0,5.0,0.005
oxCwklr3WI,Exp,/job:localhost/replica:0/task:0/device:GPU:0,5.0,0.005
reASU5fEba,Exp,/job:localhost/replica:0/task:0/device:GPU:0,5.0,0.005
aEm9StV0Ar,Exp,/job:localhost/replica:0/task:0/device:GPU:0,5.0,0.005
b9cQrKF1Iv,Exp,/job:localhost/replica:0/task:0/device:GPU:0,5.0,0.005
J9ruODfyIW,RealDiv,/job:localhost/replica:0/task:0/device:GPU:0,5.0,0.005
Ma5tTvD60b,Pow,/job:localhost/replica:0/task:0/device:GPU:0,5.0,0.005
lJSK6ZgjEx,Pow,/job:localhost/replica:0/task:0/device:GPU:0,5.0,0.005
IpCvM5RSXK,Pow,/job:localhost/replica:0/task:0/device:GPU:0,5.0,0.005
5oqrN69gHJ,Pow,/job:localhost/replica:0/task:0/device:GPU:0,5.0,0.005
0EFnf6NMWl,Sub,/job:localhost/replica:0/task:0/device:GPU:0,5.0,0.005
1nfLUKkjXh,Mul,/job:localhost/replica:0/task:0/device:GPU:0,5.0,0.005
fGFJoXsDgb,Pow,/job:localhost/replica:0/task:0/device:GPU:0,5.0,0.005
i4vFnueWVZ,RealDiv,/job:localhost/replica:0/task:0/device:GPU:0,5.0,0.005
0eJpI9ZquO,Pow,/job:localhost/replica:0/task:0/device:GPU:0,5.0,0.005
cMQF8aG7X0,RealDiv,/job:localhost/replica:0/task:0/device:GPU:0,5.0,0.005
fYxAZl5SH1,Mul,/job:localhost/replica:0/task:0/device:GPU:0,5.0,0.005
exRbiKBvu7,AddV2,/job:localhost/replica:0/task:0/device:GPU:0,5.0,0.005
d8mSlECopn,Add,/job:localhost/replica:0/task:0/device:GPU:0,5.0,0.005
x7IkBFSvtG,RealDiv,/job:localhost/replica:0/task:0/device:GPU:0,5.0,0.005
2t0QfXr3Ei,RealDiv,/job:localhost/replica:0/task:0/device:GPU:0,5.0,0.005
1TRIZFftig,Pow,/job:localhost/replica:0/task:0/device:GPU:0,5.0,0.005
5Pk3208gRq,RealDiv,/job:localhost/replica:0/task:0/device:GPU:0,5.0,0.005
FpIr5fy2CP,Sub,/job:localhost/replica:0/task:0/device:GPU:0,5.0,0.005
nXC4ufIZ3y,Rsqrt,/job:localhost/replica:0/task:0/device:GPU:0,5.0,0.005
KczFqB2k9p,Pow,/job:localhost/replica:0/task:0/device:GPU:0,5.0,0.005
m8RB43jLh6,Sub,/job:localhost/replica:0/task:0/device:GPU:0,5.0,0.005
j2G7HZn4gx,Pow,/job:localhost/replica:0/task:0/device:GPU:0,5.0,0.005
mglrMtAx5v,Exp,/job:localhost/replica:0/task:0/device:GPU:0,5.0,0.005
GIdFPe2qSl,RealDiv,/job:localhost/replica:0/task:0/device:GPU:0,5.0,0.005
DzeVKvOrqt,Pow,/job:localhost/replica:0/task:0/device:GPU:0,5.0,0.005
WLOteYSwV9,Sub,/job:localhost/replica:0/task:0/device:GPU:0,5.0,0.005
VWxUOidwDK,RealDiv,/job:localhost/replica:0/task:0/device:GPU:0,5.0,0.005
o1BP5I0lYS,AddV2,/job:localhost/replica:0/task:0/device:GPU:0,5.0,0.005
AlbFeNvROM,Pow,/job:localhost/replica:0/task:0/device:GPU:0,5.0,0.005
rLDfGyQaH8,Mul,/job:localhost/replica:0/task:0/device:GPU:0,5.0,0.005
z2XkNEvfQ8,Sub,/job:localhost/replica:0/task:0/device:GPU:0,5.0,0.005
ibjKG46CUZ,Pow,/job:localhost/replica:0/task:0/device:GPU:0,5.0,0.005
WfCm6acyP7,Mul,/job:localhost/replica:0/task:0/device:GPU:0,5.0,0.005
PZRwVhYosS,Mul,/job:localhost/replica:0/task:0/device:GPU:0,5.0,0.005
NC9keEltbI,Pow,/job:localhost/replica:0/task:0/device:GPU:0,5.0,0.005
13jmiUwzZK,Add,/job:localhost/replica:0/task:0/device:GPU:0,5.0,0.005
znVrkXU3hM,AddV2,/job:localhost/replica:0/task:0/device:GPU:0,5.0,0.005
NOIrGPkjFi,Mul,/job:localhost/replica:0/task:0/device:GPU:0,5.0,0.005
1TAybeBH2J,Pow,/job:localhost/replica:0/task:0/device:GPU:0,5.0,0.005
jpQhO51xCn,Sub,/job:localhost/replica:0/task:0/device:GPU:0,5.0,0.005
5RkB6SDb8a,Sub,/job:localhost/replica:0/task:0/device:GPU:0,5.0,0.005
uOvEHIwJAL,AddV2,/job:localhost/replica:0/task:0/device:GPU:0,5.0,0.005
EMNyg2aJ6U,Add,/job:localhost/replica:0/task:0/device:GPU:0,5.0,0.005
VaOXq0klnC,AddV2,/job:localhost/replica:0/task:0/device:GPU:0,5.0,0.005
H257YnOlNQ,Add,/job:localhost/replica:0/task:0/device:GPU:0,5.0,0.005
bj1qiOVJAE,Sub,/job:localhost/replica:0/task:0/device:GPU:0,5.0,0.005
AFUE9Yazlj,Mul,/job:localhost/replica:0/task:0/device:GPU:0,5.0,0.005
aeThtnwI0L,RealDiv,/job:localhost/replica:0/task:0/device:GPU:0,5.0,0.005
Sr7j28FQeU,Mul,/job:localhost/replica:0/task:0/device:GPU:0,5.0,0.005
NFiMaHDdgO,AddV2,/job:localhost/replica:0/task:0/device:GPU:0,5.0,0.005
If4lwEaMms,RealDiv,/job:localhost/replica:0/task:0/device:GPU:0,5.0,0.005
lMwEZNGWf0,AddV2,/job:localhost/replica:0/task:0/device:GPU:0,5.0,0.005
OpGE4uSRTD,Mul,/job:localhost/replica:0/task:0/device:GPU:0,5.0,0.005
QW6u4Z1NyR,Sub,/job:localhost/replica:0/task:0/device:GPU:0,5.0,0.005
QKAwCYHDnJ,Pow,/job:localhost/replica:0/task:0/device:GPU:0,5.0,0.005
8qyXRzDs1Z,RealDiv,/job:localhost/replica:0/task:0/device:GPU:0,5.0,0.005
R1T8HY3lhJ,RealDiv,/job:localhost/replica:0/task:0/device:GPU:0,5.0,0.005
ISeCJzZRk1,Pow,/job:localhost/replica:0/task:0/device:GPU:0,5.0,0.005
csJfgrdHqL,Mul,/job:localhost/replica:0/task:0/device:GPU:0,5.0,0.005
382xbEBqPn,Add,/job:localhost/replica:0/task:0/device:GPU:0,5.0,0.005
9PXzQU7fOR,RealDiv,/job:localhost/replica:0/task:0/device:GPU:0,5.0,0.005
Xu6DVzcUbQ,Add,/job:localhost/replica:0/task:0/device:GPU:0,5.0,0.005
nE7mj6eU2v,Mul,/job:localhost/replica:0/task:0/device:GPU:0,5.0,0.005
GMJV5WplYr,Rsqrt,/job:localhost/replica:0/task:0/device:GPU:0,5.0,0.005
nO7ZzU2tI6,Pow,/job:localhost/replica:0/task:0/device:GPU:0,5.0,0.005
Me6WvHX3fx,Mul,/job:localhost/replica:0/task:0/device:GPU:0,5.0,0.005
EnAZjcV7rm,Rsqrt,/job:localhost/replica:0/task:0/device:GPU:0,5.0,0.005
QLJEvg32o5,Mul,/job:localhost/replica:0/task:0/device:GPU:0,5.0,0.005
8SM9aWrZqw,Rsqrt,/job:localhost/replica:0/task:0/device:GPU:0,5.0,0.005
yxIV4zvOj1,Neg,/job:localhost/replica:0/task:0/device:GPU:0,5.0,0.005
C2WAgMJ7eq,Tanh,/job:localhost/replica:0/task:0/device:GPU:0,5.0,0.005
0viafstCrB,Neg,/job:localhost/replica:0/task:0/device:GPU:0,5.0,0.005
rWXTcGVSbg,Rsqrt,/job:localhost/replica:0/task:0/device:GPU:0,5.0,0.005
BCfX1HrcUF,AddV2,/job:localhost/replica:0/task:0/device:GPU:0,5.0,0.005
CW3gLBXlaw,Pow,/job:localhost/replica:0/task:0/device:GPU:0,5.0,0.005
p6XCKWYyxq,Sub,/job:localhost/replica:0/task:0/device:GPU:0,5.0,0.005
58MDkiBlh3,Pow,/job:localhost/replica:0/task:0/device:GPU:0,5.0,0.005
kuc73q68mn,Sigmoid,/job:localhost/replica:0/task:0/device:GPU:0,5.0,0.005
0wv65HG9NV,Tanh,/job:localhost/replica:0/task:0/device:GPU:0,5.0,0.005
WY3A5ubadL,Add,/job:localhost/replica:0/task:0/device:GPU:0,5.0,0.005
ouLICA25DO,AddV2,/job:localhost/replica:0/task:0/device:GPU:0,5.0,0.005
NIJwQ4dSTs,AddV2,/job:localhost/replica:0/task:0/device:GPU:0,5.0,0.005
ANTQ0KyX7z,RealDiv,/job:localhost/replica:0/task:0/device:GPU:0,5.0,0.005
NwmI4Gqiog,Sub,/job:localhost/replica:0/task:0/device:GPU:0,5.0,0.005
oKaEbPnlqu,Sub,/job:localhost/replica:0/task:0/device:GPU:0,5.0,0.005
HJDIKOiwYP,Add,/job:localhost/replica:0/task:0/device:GPU:0,5.0,0.005
rL4zlQcK9B,Mul,/job:localhost/replica:0/task:0/device:GPU:0,5.0,0.005
0TGaOHoWdB,StridedSlice,/job:localhost/replica:0/task:0/device:GPU:0,5.0,0.005
9GrL2CxfQX,Add,/job:localhost/replica:0/task:0/device:GPU:0,5.0,0.005
uU8NH2OsPF,Add,/job:localhost/replica:0/task:0/device:GPU:0,5.0,0.005
6OMiNcW7Hw,RealDiv,/job:localhost/replica:0/task:0/device:GPU:0,5.0,0.005
cI4QkY37Vs,RealDiv,/job:localhost/replica:0/task:0/device:GPU:0,5.0,0.005
VOkUm2whg7,AddV2,/job:localhost/replica:0/task:0/device:GPU:0,5.0,0.005
4bvF63ZAOK,RealDiv,/job:localhost/replica:0/task:0/device:GPU:0,5.0,0.005
KtZESIRhTc,Add,/job:localhost/replica:0/task:0/device:GPU:0,5.0,0.005
hubLZ4FSsm,Pow,/job:localhost/replica:0/task:0/device:GPU:0,5.0,0.005
s1w5kib6rj,AddV2,/job:localhost/replica:0/task:0/device:GPU:0,5.0,0.005
Ome7D2paZE,Tanh,/job:localhost/replica:0/task:0/device:GPU:0,5.0,0.005
Y9bTRV3jAG,AddV2,/job:localhost/replica:0/task:0/device:GPU:0,5.0,0.005
1IcKZXdtgC,Rsqrt,/job:localhost/replica:0/task:0/device:GPU:0,5.0,0.005
Ekw8qlCpPB,ConcatV2,/job:localhost/replica:0/task:0/device:GPU:0,5.0,0.005
GY5h1gjS9s,ConcatV2,/job:localhost/replica:0/task:0/device:GPU:0,5.0,0.005
bqARBWM5e9,ConcatV2,/job:localhost/replica:0/task:0/device:GPU:0,5.0,0.005
34LAtESYqC,Shape,/job:localhost/replica:0/task:0/device:GPU:0,5.0,0.005
otfBsUNZq5,StridedSlice,/job:localhost/replica:0/task:0/device:GPU:0,5.0,0.005
WY9aowBpgU,ConcatV2,/job:localhost/replica:0/task:0/device:GPU:0,5.0,0.005
_arg_78zOosYPhK_0_205,Placeholder,/job:localhost/replica:0/task:0/device:CPU:0,4.0,0.004
_arg_X0Z1qk3gRz_0_965,Placeholder,/job:localhost/replica:0/task:0/device:CPU:0,4.0,0.004
_arg_Yt02olD5y4_0_1013,Placeholder,/job:localhost/replica:0/task:0/device:CPU:0,4.0,0.004
_arg_lhXBFdx2uk_0_1361,Placeholder,/job:localhost/replica:0/task:0/device:CPU:0,4.0,0.004
_arg_qVCTybpRs2_0_1498,Placeholder,/job:localhost/replica:0/task:0/device:CPU:0,4.0,0.004
_retval_8wICuLp9xj_0_3,Mean,/job:localhost/replica:0/task:0/device:CPU:0,4.0,0.004
_retval_43RGU8zgr0_0_0,Prod,/job:localhost/replica:0/task:0/device:CPU:0,4.0,0.004
fhb7E6Yixu,Const,/job:localhost/replica:0/task:0/device:GPU:0,4.0,0.004
R5hJF1gMdE,Const,/job:localhost/replica:0/task:0/device:GPU:0,4.0,0.004
5OSAKmwxY9,Const,/job:localhost/replica:0/task:0/device:GPU:0,4.0,0.004
Ps6NzlDEUO,Const,/job:localhost/replica:0/task:0/device:GPU:0,4.0,0.004
axVdz1MFfI,Const,/job:localhost/replica:0/task:0/device:GPU:0,4.0,0.004
MtuzRqyvK9,Const,/job:localhost/replica:0/task:0/device:GPU:0,4.0,0.004
WbvxqwF8Il,Const,/job:localhost/replica:0/task:0/device:GPU:0,4.0,0.004
X1DsceE5qd,Const,/job:localhost/replica:0/task:0/device:GPU:0,4.0,0.004
AdCxJFg5NP,Const,/job:localhost/replica:0/task:0/device:GPU:0,4.0,0.004
Zm89TrD5VK,Const,/job:localhost/replica:0/task:0/device:GPU:0,4.0,0.004
F2jWuIPmXd,Const,/job:localhost/replica:0/task:0/device:GPU:0,4.0,0.004
DWZ5dTQKl6,Const,/job:localhost/replica:0/task:0/device:GPU:0,4.0,0.004
9850Dem7Yl,Const,/job:localhost/replica:0/task:0/device:GPU:0,4.0,0.004
hDe6Mm8zIO,Const,/job:localhost/replica:0/task:0/device:GPU:0,4.0,0.004
pxM1ELwvku,Const,/job:localhost/replica:0/task:0/device:GPU:0,4.0,0.004
0dzBDXGrfn/_5__cf__5,Reshape,/job:localhost/replica:0/task:0/device:GPU:0,4.0,0.004
yvrakb9PN6,Const,/job:localhost/replica:0/task:0/device:GPU:0,4.0,0.004
qGjlMIWxR0,Const,/job:localhost/replica:0/task:0/device:GPU:0,4.0,0.004
6j2lbDiPMs,Const,/job:localhost/replica:0/task:0/device:GPU:0,4.0,0.004
0uTEzHAZWU,Const,/job:localhost/replica:0/task:0/device:GPU:0,4.0,0.004
BT2Pwai13I,Const,/job:localhost/replica:0/task:0/device:GPU:0,4.0,0.004
Li8k5sTVjn,Const,/job:localhost/replica:0/task:0/device:GPU:0,4.0,0.004
GZBKQfkhEe,Const,/job:localhost/replica:0/task:0/device:GPU:0,4.0,0.004
KWTo0UebqI,Const,/job:localhost/replica:0/task:0/device:GPU:0,4.0,0.004
xD0OunISXy,Const,/job:localhost/replica:0/task:0/device:GPU:0,4.0,0.004
ml3xWFgoac,Const,/job:localhost/replica:0/task:0/device:GPU:0,4.0,0.004
2hwYlPrdk7,Const,/job:localhost/replica:0/task:0/device:GPU:0,4.0,0.004
LZfXyJE47h,Const,/job:localhost/replica:0/task:0/device:GPU:0,4.0,0.004
ywQLKYHb6S,Const,/job:localhost/replica:0/task:0/device:GPU:0,4.0,0.004
BElWa5Lpt1,Const,/job:localhost/replica:0/task:0/device:GPU:0,4.0,0.004
CEXdar41Q9,Const,/job:localhost/replica:0/task:0/device:GPU:0,4.0,0.004
TJoOwniKFa,Const,/job:localhost/replica:0/task:0/device:GPU:0,4.0,0.004
X9Qh5rZgfs,Const,/job:localhost/replica:0/task:0/device:GPU:0,4.0,0.004
ILMlY3WtvZ,Const,/job:localhost/replica:0/task:0/device:GPU:0,4.0,0.004
FyCjw71Ap4,Const,/job:localhost/replica:0/task:0/device:GPU:0,4.0,0.004
bynCol8htm,Const,/job:localhost/replica:0/task:0/device:GPU:0,4.0,0.004
rRwJnvIfPe,Const,/job:localhost/replica:0/task:0/device:GPU:0,4.0,0.004
f3RTzc5OnZ,Const,/job:localhost/replica:0/task:0/device:GPU:0,4.0,0.004
Xzr8vydSbs,Const,/job:localhost/replica:0/task:0/device:GPU:0,4.0,0.004
ThDQ9Uik5z,Const,/job:localhost/replica:0/task:0/device:GPU:0,4.0,0.004
friRdSv3lO,Const,/job:localhost/replica:0/task:0/device:GPU:0,4.0,0.004
I5lwZrjKfg,Const,/job:localhost/replica:0/task:0/device:GPU:0,4.0,0.004
nEjflvItsV,Const,/job:localhost/replica:0/task:0/device:GPU:0,4.0,0.004
CnSd627ofc,Const,/job:localhost/replica:0/task:0/device:GPU:0,4.0,0.004
F7KLX8gQd5,Shape,/job:localhost/replica:0/task:0/device:GPU:0,4.0,0.004
Ec0afFA6OB/_165__cf__165,Reshape,/job:localhost/replica:0/task:0/device:GPU:0,4.0,0.004
wxnKVc4ZQs/_702__cf__702,Reshape,/job:localhost/replica:0/task:0/device:GPU:0,4.0,0.004
vL3qQNw9PO,Const,/job:localhost/replica:0/task:0/device:GPU:0,4.0,0.004
eUGRpnOKHP,Const,/job:localhost/replica:0/task:0/device:GPU:0,4.0,0.004
6Z1rk0sA9R,Const,/job:localhost/replica:0/task:0/device:GPU:0,4.0,0.004
JRjAMQUDGL,Const,/job:localhost/replica:0/task:0/device:GPU:0,4.0,0.004
MPhcrwaCO7,Squeeze,/job:localhost/replica:0/task:0/device:GPU:0,4.0,0.004
vlzuFEaLTj,Reshape,/job:localhost/replica:0/task:0/device:GPU:0,4.0,0.004
izaOW8AXe6,Shape,/job:localhost/replica:0/task:0/device:GPU:0,4.0,0.004
Zz9DMCGN3w,Shape,/job:localhost/replica:0/task:0/device:GPU:0,4.0,0.004
Xn42yYrUCR,ExpandDims,/job:localhost/replica:0/task:0/device:GPU:0,4.0,0.004
VPlozefHW2,Reshape,/job:localhost/replica:0/task:0/device:GPU:0,4.0,0.004
WhQMy10eoS,StridedSlice,/job:localhost/replica:0/task:0/device:GPU:0,4.0,0.004
1K4Tu0YrFw,RealDiv,/job:localhost/replica:0/task:0/device:GPU:0,4.0,0.004
20ZeOWitjB,Squeeze,/job:localhost/replica:0/task:0/device:GPU:0,4.0,0.004
mLgWaDtl8i/_568__cf__568,ConcatV2,/job:localhost/replica:0/task:0/device:GPU:0,4.0,0.004
TA04giNk56,Squeeze,/job:localhost/replica:0/task:0/device:GPU:0,4.0,0.004
d4fojvxEDp,Const,/job:localhost/replica:0/task:0/device:GPU:0,4.0,0.004
RUAwGg87bY,Const,/job:localhost/replica:0/task:0/device:GPU:0,4.0,0.004
w4adx7EUYM,Const,/job:localhost/replica:0/task:0/device:GPU:0,4.0,0.004
B4TDSE7IiC,Const,/job:localhost/replica:0/task:0/device:GPU:0,4.0,0.004
LEjiRcrBaP,Const,/job:localhost/replica:0/task:0/device:GPU:0,4.0,0.004
oTI4n2xeqH,Const,/job:localhost/replica:0/task:0/device:GPU:0,4.0,0.004
eMgOKfcN0s,Const,/job:localhost/replica:0/task:0/device:GPU:0,4.0,0.004
tKlyHI3gjD,Const,/job:localhost/replica:0/task:0/device:GPU:0,4.0,0.004
vP5uWY6TNt,Fill,/job:localhost/replica:0/task:0/device:GPU:0,4.0,0.004
zSFgpUodw5,Maximum,/job:localhost/replica:0/task:0/device:GPU:0,4.0,0.004
qOgLMU8nEG,Maximum,/job:localhost/replica:0/task:0/device:GPU:0,4.0,0.004
WCaATLefMl,NotEqual,/job:localhost/replica:0/task:0/device:GPU:0,4.0,0.004
43PEi1pDwN,NotEqual,/job:localhost/replica:0/task:0/device:GPU:0,4.0,0.004
eIOsaq8zwk,NotEqual,/job:localhost/replica:0/task:0/device:GPU:0,4.0,0.004
opVCrmqn9U,Shape,/job:localhost/replica:0/task:0/device:GPU:0,4.0,0.004
WExZ2PDHjp,LogicalOr,/job:localhost/replica:0/task:0/device:GPU:0,4.0,0.004
pJv5kWOaSF,AddV2,/job:localhost/replica:0/task:0/device:GPU:0,4.0,0.004
72mEqYhx0u,Add,/job:localhost/replica:0/task:0/device:GPU:0,4.0,0.004
cbsKDSiwyk,Select,/job:localhost/replica:0/task:0/device:GPU:0,4.0,0.004
DArIkRvxSo,LogicalOr,/job:localhost/replica:0/task:0/device:GPU:0,4.0,0.004
gBIaPU3b2h,LogicalOr,/job:localhost/replica:0/task:0/device:GPU:0,4.0,0.004
WOguYX4HaI,Shape,/job:localhost/replica:0/task:0/device:GPU:0,4.0,0.004
pZ4w1cV25H,Add,/job:localhost/replica:0/task:0/device:GPU:0,4.0,0.004
DgoGeW1dI5,Shape,/job:localhost/replica:0/task:0/device:GPU:0,4.0,0.004
NH1qBndJxb,AddV2,/job:localhost/replica:0/task:0/device:GPU:0,4.0,0.004
jcsiRNyO97,BiasAdd,/job:localhost/replica:0/task:0/device:GPU:0,4.0,0.004
LPD5eAlZN6,Relu,/job:localhost/replica:0/task:0/device:GPU:0,4.0,0.004
RAiqTlm52u,BiasAdd,/job:localhost/replica:0/task:0/device:GPU:0,4.0,0.004
FkSZPM46q5,ExpandDims,/job:localhost/replica:0/task:0/device:GPU:0,4.0,0.004
kTIK2VWmaz,Shape,/job:localhost/replica:0/task:0/device:GPU:0,4.0,0.004
pM5aTXxrob,StridedSlice,/job:localhost/replica:0/task:0/device:GPU:0,4.0,0.004
EvFcVyq5nT,Pack,/job:localhost/replica:0/task:0/device:GPU:0,4.0,0.004
8NTDOd9ezK,Reshape,/job:localhost/replica:0/task:0/device:GPU:0,4.0,0.004
ONKW5FSovB,BiasAdd,/job:localhost/replica:0/task:0/device:GPU:0,4.0,0.004
j5c2emXblE,AddV2,/job:localhost/replica:0/task:0/device:GPU:0,4.0,0.004
9GkrqQUc41,RealDiv,/job:localhost/replica:0/task:0/device:GPU:0,4.0,0.004
iJFxjEgXTZ,Squeeze,/job:localhost/replica:0/task:0/device:GPU:0,4.0,0.004
wOZHfBqdg9,Add,/job:localhost/replica:0/task:0/device:GPU:0,4.0,0.004
QOaMydNY6R,Pow,/job:localhost/replica:0/task:0/device:GPU:0,4.0,0.004
jGiwrLMCT3,AddV2,/job:localhost/replica:0/task:0/device:GPU:0,4.0,0.004
FaSzGoTvr6,AddV2,/job:localhost/replica:0/task:0/device:GPU:0,4.0,0.004
e8OSUfAkNr,BiasAdd,/job:localhost/replica:0/task:0/device:GPU:0,4.0,0.004
EUysqdnBct,BiasAdd,/job:localhost/replica:0/task:0/device:GPU:0,4.0,0.004
YepCUJ7tXd,BiasAdd,/job:localhost/replica:0/task:0/device:GPU:0,4.0,0.004
rnbgUmoQlz,BiasAdd,/job:localhost/replica:0/task:0/device:GPU:0,4.0,0.004
o0UjyPRN32,BiasAdd,/job:localhost/replica:0/task:0/device:GPU:0,4.0,0.004
IzOUfoFryE,BiasAdd,/job:localhost/replica:0/task:0/device:GPU:0,4.0,0.004
gNs2zfoBbx,BiasAdd,/job:localhost/replica:0/task:0/device:GPU:0,4.0,0.004
n3wMZANYc6,BiasAdd,/job:localhost/replica:0/task:0/device:GPU:0,4.0,0.004
dbiVFLYM2W,BiasAdd,/job:localhost/replica:0/task:0/device:GPU:0,4.0,0.004
xNZGOwDJu0,BiasAdd,/job:localhost/replica:0/task:0/device:GPU:0,4.0,0.004
vp02sEkUMX,RandomUniform,/job:localhost/replica:0/task:0/device:GPU:0,4.0,0.004
SbxNXmiqp3,BiasAdd,/job:localhost/replica:0/task:0/device:GPU:0,4.0,0.004
09Y3AKkWVm,Pow,/job:localhost/replica:0/task:0/device:GPU:0,4.0,0.004
HGrVtkBavf,AddV2,/job:localhost/replica:0/task:0/device:GPU:0,4.0,0.004
HKRNECLWJf,Shape,/job:localhost/replica:0/task:0/device:GPU:0,4.0,0.004
qVDO7tGg3H,AddV2,/job:localhost/replica:0/task:0/device:GPU:0,4.0,0.004
FEPTVougIQ,Maximum,/job:localhost/replica:0/task:0/device:GPU:0,4.0,0.004
DYIVlHzWAk,BiasAdd,/job:localhost/replica:0/task:0/device:GPU:0,4.0,0.004
siI9AW4p0x,BiasAdd,/job:localhost/replica:0/task:0/device:GPU:0,4.0,0.004
IWueOfCGAg,BiasAdd,/job:localhost/replica:0/task:0/device:GPU:0,4.0,0.004
0L7rC5fdN8,Less,/job:localhost/replica:0/task:0/device:GPU:0,4.0,0.004
0o7hOwR1rN,Relu,/job:localhost/replica:0/task:0/device:GPU:0,4.0,0.004
pCKTjhk7ow,Relu,/job:localhost/replica:0/task:0/device:GPU:0,4.0,0.004
wuzxBOFDQp,Relu,/job:localhost/replica:0/task:0/device:GPU:0,4.0,0.004
kNwTBUuKSv,Relu,/job:localhost/replica:0/task:0/device:GPU:0,4.0,0.004
9PKyiWAebT,Shape,/job:localhost/replica:0/task:0/device:GPU:0,4.0,0.004
53ysgA9urD,Prod,/job:localhost/replica:0/task:0/device:GPU:0,4.0,0.004
ylEJUs9cnw,BiasAdd,/job:localhost/replica:0/task:0/device:GPU:0,4.0,0.004
Y3FETv4P0m,BiasAdd,/job:localhost/replica:0/task:0/device:GPU:0,4.0,0.004
bKDImr2wPF,Relu,/job:localhost/replica:0/task:0/device:GPU:0,4.0,0.004
GJzRIHqeNt,Relu,/job:localhost/replica:0/task:0/device:GPU:0,4.0,0.004
c6URNySld4,Relu,/job:localhost/replica:0/task:0/device:GPU:0,4.0,0.004
fXgjZsoh42,Relu,/job:localhost/replica:0/task:0/device:GPU:0,4.0,0.004
ELNbuCpxn7,Relu,/job:localhost/replica:0/task:0/device:GPU:0,4.0,0.004
nNA2SE3b7z,Relu,/job:localhost/replica:0/task:0/device:GPU:0,4.0,0.004
skBiXbxIUT,Relu,/job:localhost/replica:0/task:0/device:GPU:0,4.0,0.004
WoTnV3QgAP,Relu,/job:localhost/replica:0/task:0/device:GPU:0,4.0,0.004
MfBhjTlszF,BiasAdd,/job:localhost/replica:0/task:0/device:GPU:0,4.0,0.004
CJT8xObnkZ,BiasAdd,/job:localhost/replica:0/task:0/device:GPU:0,4.0,0.004
dXNI0eM4BV,BiasAdd,/job:localhost/replica:0/task:0/device:GPU:0,4.0,0.004
EUFa2Oz75s,BiasAdd,/job:localhost/replica:0/task:0/device:GPU:0,4.0,0.004
vRc1LtqwyG,BiasAdd,/job:localhost/replica:0/task:0/device:GPU:0,4.0,0.004
2ky91H8VKb,BiasAdd,/job:localhost/replica:0/task:0/device:GPU:0,4.0,0.004
183ODPEzSH,BiasAdd,/job:localhost/replica:0/task:0/device:GPU:0,4.0,0.004
xdpQcwRGrI,BiasAdd,/job:localhost/replica:0/task:0/device:GPU:0,4.0,0.004
2dwyeDYZAj,BiasAdd,/job:localhost/replica:0/task:0/device:GPU:0,4.0,0.004
Y8kxuAXaw1,BiasAdd,/job:localhost/replica:0/task:0/device:GPU:0,4.0,0.004
Uz0x5VwqBa,BiasAdd,/job:localhost/replica:0/task:0/device:GPU:0,4.0,0.004
2n89pYePtX,BiasAdd,/job:localhost/replica:0/task:0/device:GPU:0,4.0,0.004
P1purEjsOi,BiasAdd,/job:localhost/replica:0/task:0/device:GPU:0,4.0,0.004
T6qS5FvEbZ,BiasAdd,/job:localhost/replica:0/task:0/device:GPU:0,4.0,0.004
xfuOFwq2hH,Maximum,/job:localhost/replica:0/task:0/device:GPU:0,4.0,0.004
SJ17x6MAv2,BiasAdd,/job:localhost/replica:0/task:0/device:GPU:0,4.0,0.004
IaTo6txcES,BiasAdd,/job:localhost/replica:0/task:0/device:GPU:0,4.0,0.004
8u70ZvxRh9,BiasAdd,/job:localhost/replica:0/task:0/device:GPU:0,4.0,0.004
nqimusOrw7,AddN,/job:localhost/replica:0/task:0/device:GPU:0,4.0,0.004
e7EK6AT1Zf,AddN,/job:localhost/replica:0/task:0/device:GPU:0,4.0,0.004
cV1ATbJXDN,RealDiv,/job:localhost/replica:0/task:0/device:GPU:0,4.0,0.004
ej1lBzr08L,Relu,/job:localhost/replica:0/task:0/device:GPU:0,4.0,0.004
myCTLjMakJ,Relu,/job:localhost/replica:0/task:0/device:GPU:0,4.0,0.004
uKHJ2AqMhj,Relu,/job:localhost/replica:0/task:0/device:GPU:0,4.0,0.004
ID4qM9Td8E,Relu,/job:localhost/replica:0/task:0/device:GPU:0,4.0,0.004
0SqodO89ZI,Relu,/job:localhost/replica:0/task:0/device:GPU:0,4.0,0.004
XROTtKQnZb,Relu,/job:localhost/replica:0/task:0/device:GPU:0,4.0,0.004
0pvQcGr6C1,Relu,/job:localhost/replica:0/task:0/device:GPU:0,4.0,0.004
WNkgs24TM1,Relu,/job:localhost/replica:0/task:0/device:GPU:0,4.0,0.004
wqny1GvfYg,RealDiv,/job:localhost/replica:0/task:0/device:GPU:0,4.0,0.004
FrVde3U9tg,Relu,/job:localhost/replica:0/task:0/device:GPU:0,4.0,0.004
J7li9CnsIh,Relu,/job:localhost/replica:0/task:0/device:GPU:0,4.0,0.004
F0aIAmC4RO,Mul,/job:localhost/replica:0/task:0/device:GPU:0,4.0,0.004
vQPsMH0XKO,RealDiv,/job:localhost/replica:0/task:0/device:GPU:0,4.0,0.004
ZykivsBm9S,Sub,/job:localhost/replica:0/task:0/device:GPU:0,4.0,0.004
iaLAPXjM9T,Select,/job:localhost/replica:0/task:0/device:GPU:0,4.0,0.004
vCOK94uZWU,Select,/job:localhost/replica:0/task:0/device:GPU:0,4.0,0.004
xkKPnugf5e,BiasAdd,/job:localhost/replica:0/task:0/device:GPU:0,4.0,0.004
wDlb5FcZo4,BiasAdd,/job:localhost/replica:0/task:0/device:GPU:0,4.0,0.004
ykKtU8BcM7,BiasAdd,/job:localhost/replica:0/task:0/device:GPU:0,4.0,0.004
B83LeZRdTF,BiasAdd,/job:localhost/replica:0/task:0/device:GPU:0,4.0,0.004
TuCLaQenoS,BiasAdd,/job:localhost/replica:0/task:0/device:GPU:0,4.0,0.004
KvzVqmfdG2,BiasAdd,/job:localhost/replica:0/task:0/device:GPU:0,4.0,0.004
LZpQWOwqxD,BiasAdd,/job:localhost/replica:0/task:0/device:GPU:0,4.0,0.004
ydHFUBCZsn,BiasAdd,/job:localhost/replica:0/task:0/device:GPU:0,4.0,0.004
nt7DhAfbyo,BiasAdd,/job:localhost/replica:0/task:0/device:GPU:0,4.0,0.004
wEY69zoeXk,Shape,/job:localhost/replica:0/task:0/device:GPU:0,4.0,0.004
S2YNueRdwK,BiasAdd,/job:localhost/replica:0/task:0/device:GPU:0,4.0,0.004
mIv98Mpdeb,BiasAdd,/job:localhost/replica:0/task:0/device:GPU:0,4.0,0.004
DamLVQSZz7,BiasAdd,/job:localhost/replica:0/task:0/device:GPU:0,4.0,0.004
vQaC7hsule,BiasAdd,/job:localhost/replica:0/task:0/device:GPU:0,4.0,0.004
VnaNkH5bZE,BiasAdd,/job:localhost/replica:0/task:0/device:GPU:0,4.0,0.004
XsZ0NK8tjP,Select,/job:localhost/replica:0/task:0/device:GPU:0,4.0,0.004
S8qmMDA9TJ,Select,/job:localhost/replica:0/task:0/device:GPU:0,4.0,0.004
DYvJC64FaH,BiasAdd,/job:localhost/replica:0/task:0/device:GPU:0,4.0,0.004
sKDJR3Lwzq,Relu,/job:localhost/replica:0/task:0/device:GPU:0,4.0,0.004
8bRtz37jco,BiasAdd,/job:localhost/replica:0/task:0/device:GPU:0,4.0,0.004
3JnibWPBEN,Sub,/job:localhost/replica:0/task:0/device:GPU:0,4.0,0.004
JLihzBuGyK,BiasAdd,/job:localhost/replica:0/task:0/device:GPU:0,4.0,0.004
VUIaP0Nchr,BiasAdd,/job:localhost/replica:0/task:0/device:GPU:0,4.0,0.004
fdBHkpsQVO,BiasAdd,/job:localhost/replica:0/task:0/device:GPU:0,4.0,0.004
xrRg6M9iIF,BiasAdd,/job:localhost/replica:0/task:0/device:GPU:0,4.0,0.004
ALv7hlVzuH,BiasAdd,/job:localhost/replica:0/task:0/device:GPU:0,4.0,0.004
hBvo0AiYSL,BiasAdd,/job:localhost/replica:0/task:0/device:GPU:0,4.0,0.004
8yTiwvL1Z0,BiasAdd,/job:localhost/replica:0/task:0/device:GPU:0,4.0,0.004
YGKfDk7Q6c,BiasAdd,/job:localhost/replica:0/task:0/device:GPU:0,4.0,0.004
5Dh21nbcBV,BiasAdd,/job:localhost/replica:0/task:0/device:GPU:0,4.0,0.004
yTzSQbd9AE,BiasAdd,/job:localhost/replica:0/task:0/device:GPU:0,4.0,0.004
jIsvQUd0oq,BiasAdd,/job:localhost/replica:0/task:0/device:GPU:0,4.0,0.004
X6e8kr2Z7E,StridedSlice,/job:localhost/replica:0/task:0/device:GPU:0,4.0,0.004
X9GOSpL5M6,Neg,/job:localhost/replica:0/task:0/device:GPU:0,4.0,0.004
E4PUQqYLCi,Log,/job:localhost/replica:0/task:0/device:GPU:0,4.0,0.004
fUgI09YMak,Sub,/job:localhost/replica:0/task:0/device:GPU:0,4.0,0.004
APR8KNhamb,Pow,/job:localhost/replica:0/task:0/device:GPU:0,4.0,0.004
nLP38rgh4k,Unpack,/job:localhost/replica:0/task:0/device:GPU:0,4.0,0.004
IqRgGbm964,Unpack,/job:localhost/replica:0/task:0/device:GPU:0,4.0,0.004
baAJKWqgLS,Relu,/job:localhost/replica:0/task:0/device:GPU:0,4.0,0.004
HWB5SI0iCP,Relu,/job:localhost/replica:0/task:0/device:GPU:0,4.0,0.004
hXjeWPC9GH,Unpack,/job:localhost/replica:0/task:0/device:GPU:0,4.0,0.004
OyEbqSNY08,Shape,/job:localhost/replica:0/task:0/device:GPU:0,4.0,0.004
ZXEe4QktTp,Pack,/job:localhost/replica:0/task:0/device:GPU:0,4.0,0.004
Mfisc6YTV0,Add,/job:localhost/replica:0/task:0/device:GPU:0,4.0,0.004
FuzVsJy4oH,BiasAdd,/job:localhost/replica:0/task:0/device:GPU:0,4.0,0.004
SprkaP1XVZ,Unpack,/job:localhost/replica:0/task:0/device:GPU:0,4.0,0.004
Eh5fPFmUYt,Unpack,/job:localhost/replica:0/task:0/device:GPU:0,4.0,0.004
FzUWtTrZuq,StridedSlice,/job:localhost/replica:0/task:0/device:GPU:0,4.0,0.004
UMAn71HpXf,Unpack,/job:localhost/replica:0/task:0/device:GPU:0,4.0,0.004
zLNbMUn6t2,Pack,/job:localhost/replica:0/task:0/device:GPU:0,4.0,0.004
w8BjS7nx3N,Unpack,/job:localhost/replica:0/task:0/device:GPU:0,4.0,0.004
GE3w1g2ArY,Pack,/job:localhost/replica:0/task:0/device:GPU:0,4.0,0.004
MRWBpZCImq,Unpack,/job:localhost/replica:0/task:0/device:GPU:0,4.0,0.004
CrTS8sVDiW,Pack,/job:localhost/replica:0/task:0/device:GPU:0,4.0,0.004
LSRt7uhXNb,Unpack,/job:localhost/replica:0/task:0/device:GPU:0,4.0,0.004
PdmxGVTo6Q,Pack,/job:localhost/replica:0/task:0/device:GPU:0,4.0,0.004
5ydr9IZhPB,Unpack,/job:localhost/replica:0/task:0/device:GPU:0,4.0,0.004
f1jJkK2nbz,Pack,/job:localhost/replica:0/task:0/device:GPU:0,4.0,0.004
uXPcEhCYM3,Unpack,/job:localhost/replica:0/task:0/device:GPU:0,4.0,0.004
RsXL04rU57,Pack,/job:localhost/replica:0/task:0/device:GPU:0,4.0,0.004
cD5T3xaEQh,Shape,/job:localhost/replica:0/task:0/device:GPU:0,4.0,0.004
d52avicIuC,Unpack,/job:localhost/replica:0/task:0/device:GPU:0,4.0,0.004
bDUIBWmyvA,Unpack,/job:localhost/replica:0/task:0/device:GPU:0,4.0,0.004
G7NXcH405m,Pack,/job:localhost/replica:0/task:0/device:GPU:0,4.0,0.004
KviGs2mVu9,Unpack,/job:localhost/replica:0/task:0/device:GPU:0,4.0,0.004
OcZxDiq2XE,Pack,/job:localhost/replica:0/task:0/device:GPU:0,4.0,0.004
SiB7HlesJx,Unpack,/job:localhost/replica:0/task:0/device:GPU:0,4.0,0.004
UGSukOyoiP,Pack,/job:localhost/replica:0/task:0/device:GPU:0,4.0,0.004
2PhKVtMyp9,Pack,/job:localhost/replica:0/task:0/device:GPU:0,4.0,0.004
I6bTguloLK,Neg,/job:localhost/replica:0/task:0/device:GPU:0,4.0,0.004
hi4gKLkO1e,Log,/job:localhost/replica:0/task:0/device:GPU:0,4.0,0.004
edDRMEfvwh,AddV2,/job:localhost/replica:0/task:0/device:GPU:0,4.0,0.004
3LczyPFDm4,AddV2,/job:localhost/replica:0/task:0/device:GPU:0,4.0,0.004
bQU4nwoqgf,BiasAdd,/job:localhost/replica:0/task:0/device:GPU:0,4.0,0.004
Evp80UxfyS,BiasAdd,/job:localhost/replica:0/task:0/device:GPU:0,4.0,0.004
MFc127Z0eQ,BiasAdd,/job:localhost/replica:0/task:0/device:GPU:0,4.0,0.004
wiyGcF9WPn,BiasAdd,/job:localhost/replica:0/task:0/device:GPU:0,4.0,0.004
LQwX6HyIJS,BiasAdd,/job:localhost/replica:0/task:0/device:GPU:0,4.0,0.004
wEk9Le037q,Squeeze,/job:localhost/replica:0/task:0/device:GPU:0,4.0,0.004
fOatPF6zBN,Pow,/job:localhost/replica:0/task:0/device:GPU:0,4.0,0.004
eN4mKD702I,Pow,/job:localhost/replica:0/task:0/device:GPU:0,4.0,0.004
AaLtm0DXzq,Minimum,/job:localhost/replica:0/task:0/device:GPU:0,4.0,0.004
bR7oEs0iza,Shape,/job:localhost/replica:0/task:0/device:GPU:0,4.0,0.004
sxkIN0Ywq2,Minimum,/job:localhost/replica:0/task:0/device:GPU:0,4.0,0.004
9DNn0mHegl,Minimum,/job:localhost/replica:0/task:0/device:GPU:0,4.0,0.004
oXu5bzEfSw,Maximum,/job:localhost/replica:0/task:0/device:GPU:0,4.0,0.004
v9TA5KErpn,Maximum,/job:localhost/replica:0/task:0/device:GPU:0,4.0,0.004
vchb2znmuA,IsNan,/job:localhost/replica:0/task:0/device:GPU:0,4.0,0.004
t2hMXrCJl7,Sub,/job:localhost/replica:0/task:0/device:GPU:0,4.0,0.004
fLEGezgYUh,RealDiv,/job:localhost/replica:0/task:0/device:GPU:0,4.0,0.004
Qcf7CODmdl,Sub,/job:localhost/replica:0/task:0/device:GPU:0,4.0,0.004
TauMOwmxSt,Exp,/job:localhost/replica:0/task:0/device:GPU:0,4.0,0.004
uGX8YcLP3m,Exp,/job:localhost/replica:0/task:0/device:GPU:0,4.0,0.004
VoGLSDUrN0,Exp,/job:localhost/replica:0/task:0/device:GPU:0,4.0,0.004
ih7DMfb1m8,Exp,/job:localhost/replica:0/task:0/device:GPU:0,4.0,0.004
qK9C3F8Bzw,AddV2,/job:localhost/replica:0/task:0/device:GPU:0,4.0,0.004
evCyQXW9Bh,RealDiv,/job:localhost/replica:0/task:0/device:GPU:0,4.0,0.004
TQECZLlMSD,AddV2,/job:localhost/replica:0/task:0/device:GPU:0,4.0,0.004
GYhgQNF8DX,RealDiv,/job:localhost/replica:0/task:0/device:GPU:0,4.0,0.004
4r9KvhaGD3,Pow,/job:localhost/replica:0/task:0/device:GPU:0,4.0,0.004
2YdepUDbLO,Rsqrt,/job:localhost/replica:0/task:0/device:GPU:0,4.0,0.004
4XalVekZSv,Rsqrt,/job:localhost/replica:0/task:0/device:GPU:0,4.0,0.004
eB3PxOyXL5,Rsqrt,/job:localhost/replica:0/task:0/device:GPU:0,4.0,0.004
rB6OAMxp2E,Pow,/job:localhost/replica:0/task:0/device:GPU:0,4.0,0.004
dilmjxwq5n,Rsqrt,/job:localhost/replica:0/task:0/device:GPU:0,4.0,0.004
mavSjye53Q,RealDiv,/job:localhost/replica:0/task:0/device:GPU:0,4.0,0.004
vPQxOLfHiu,Rsqrt,/job:localhost/replica:0/task:0/device:GPU:0,4.0,0.004
lQuk2pKabH,Pow,/job:localhost/replica:0/task:0/device:GPU:0,4.0,0.004
0UOlaztiKs,Sub,/job:localhost/replica:0/task:0/device:GPU:0,4.0,0.004
5qSe4Rx2z9,RealDiv,/job:localhost/replica:0/task:0/device:GPU:0,4.0,0.004
paARdxjghD,Pow,/job:localhost/replica:0/task:0/device:GPU:0,4.0,0.004
PlfdNkBQuq,Pow,/job:localhost/replica:0/task:0/device:GPU:0,4.0,0.004
PtfQs6BL1I,Mul,/job:localhost/replica:0/task:0/device:GPU:0,4.0,0.004
uSYNjwXeD9,Neg,/job:localhost/replica:0/task:0/device:GPU:0,4.0,0.004
u4bqfZW0gF,RealDiv,/job:localhost/replica:0/task:0/device:GPU:0,4.0,0.004
Fvb5XP18D4,Mul,/job:localhost/replica:0/task:0/device:GPU:0,4.0,0.004
6tg1JQsD9E,RealDiv,/job:localhost/replica:0/task:0/device:GPU:0,4.0,0.004
FVsSrExKBO,Neg,/job:localhost/replica:0/task:0/device:GPU:0,4.0,0.004
VYmywR6pnv,Rsqrt,/job:localhost/replica:0/task:0/device:GPU:0,4.0,0.004
HDw29Nx0gk,Tanh,/job:localhost/replica:0/task:0/device:GPU:0,4.0,0.004
3CXYOJa98w,Rsqrt,/job:localhost/replica:0/task:0/device:GPU:0,4.0,0.004
P9vyQnEGcL,Sigmoid,/job:localhost/replica:0/task:0/device:GPU:0,4.0,0.004
Ch7BvlOIXS,AddV2,/job:localhost/replica:0/task:0/device:GPU:0,4.0,0.004
R1BeMuFOds,Pow,/job:localhost/replica:0/task:0/device:GPU:0,4.0,0.004
gLrUSMTO94,Sub,/job:localhost/replica:0/task:0/device:GPU:0,4.0,0.004
fl6KTSuWJO,AddV2,/job:localhost/replica:0/task:0/device:GPU:0,4.0,0.004
LMQImW1vTo,Tanh,/job:localhost/replica:0/task:0/device:GPU:0,4.0,0.004
pPwsEc52YU,Add,/job:localhost/replica:0/task:0/device:GPU:0,4.0,0.004
wfg2rOsSzy,Rsqrt,/job:localhost/replica:0/task:0/device:GPU:0,4.0,0.004
SyF4uqoT3m,Add,/job:localhost/replica:0/task:0/device:GPU:0,4.0,0.004
zneqtX4bfN,Neg,/job:localhost/replica:0/task:0/device:GPU:0,4.0,0.004
b6Azfyp1Pr,Add,/job:localhost/replica:0/task:0/device:GPU:0,4.0,0.004
ZljHmqeDuo,Shape,/job:localhost/replica:0/task:0/device:GPU:0,4.0,0.004
KCp3S4fm5A,RealDiv,/job:localhost/replica:0/task:0/device:GPU:0,4.0,0.004
T3keXux9dy,Sub,/job:localhost/replica:0/task:0/device:GPU:0,4.0,0.004
TSDhrUAs2i,RealDiv,/job:localhost/replica:0/task:0/device:GPU:0,4.0,0.004
VdP6LSikgx,AddV2,/job:localhost/replica:0/task:0/device:GPU:0,4.0,0.004
XFjWmJ5odR,AddV2,/job:localhost/replica:0/task:0/device:GPU:0,4.0,0.004
8vw2ykRz9f,Mul,/job:localhost/replica:0/task:0/device:GPU:0,4.0,0.004
UtlBmqjkCM,StridedSlice,/job:localhost/replica:0/task:0/device:GPU:0,4.0,0.004
TBJeuKDIb8,Add,/job:localhost/replica:0/task:0/device:GPU:0,4.0,0.004
ij4Xzy9tIM,Add,/job:localhost/replica:0/task:0/device:GPU:0,4.0,0.004
QuG73lZIg1,Mul,/job:localhost/replica:0/task:0/device:GPU:0,4.0,0.004
zGZtIgOFKo,RealDiv,/job:localhost/replica:0/task:0/device:GPU:0,4.0,0.004
MGXbNqB9eC,RealDiv,/job:localhost/replica:0/task:0/device:GPU:0,4.0,0.004
NsQ94FPp1W,Pow,/job:localhost/replica:0/task:0/device:GPU:0,4.0,0.004
haJe82ntos,Sub,/job:localhost/replica:0/task:0/device:GPU:0,4.0,0.004
wzCVWElAxo,Pack,/job:localhost/replica:0/task:0/device:GPU:0,4.0,0.004
vDS20blZUu,StridedSlice,/job:localhost/replica:0/task:0/device:GPU:0,4.0,0.004
yjZsU751iQ,ConcatV2,/job:localhost/replica:0/task:0/device:GPU:0,4.0,0.004
OxgA61Evy9,ConcatV2,/job:localhost/replica:0/task:0/device:GPU:0,4.0,0.004
O2B4vtykqT,Prod,/job:localhost/replica:0/task:0/device:GPU:0,4.0,0.004
_arg_5CMDNqaljS_0_146,Placeholder,/job:localhost/replica:0/task:0/device:CPU:0,3.0,0.003
_arg_563FCaWZB9_0_140,Placeholder,/job:localhost/replica:0/task:0/device:CPU:0,3.0,0.003
_arg_03gcjULena_0_0,Placeholder,/job:localhost/replica:0/task:0/device:CPU:0,3.0,0.003
_arg_2YMFZ4wXBV_0_76,Placeholder,/job:localhost/replica:0/task:0/device:CPU:0,3.0,0.003
_arg_1WJL7kwami_0_47,Placeholder,/job:localhost/replica:0/task:0/device:CPU:0,3.0,0.003
_arg_3CX7y0U4OK_0_100,Placeholder,/job:localhost/replica:0/task:0/device:CPU:0,3.0,0.003
_arg_3FmCdIorRg_0_101,Placeholder,/job:localhost/replica:0/task:0/device:CPU:0,3.0,0.003
_arg_8qut3rzVwx_0_262,Placeholder,/job:localhost/replica:0/task:0/device:CPU:0,3.0,0.003
_arg_C4PVLMdQKR_0_360,Placeholder,/job:localhost/replica:0/task:0/device:CPU:0,3.0,0.003
_arg_D7Nj3oiHRG_0_384,Placeholder,/job:localhost/replica:0/task:0/device:CPU:0,3.0,0.003
_arg_GmlRnBZHFN_0_490,Placeholder,/job:localhost/replica:0/task:0/device:CPU:0,3.0,0.003
_arg_FDTjiSmKgE_0_434,Placeholder,/job:localhost/replica:0/task:0/device:CPU:0,3.0,0.003
_arg_GciOegjE3r_0_486,Placeholder,/job:localhost/replica:0/task:0/device:CPU:0,3.0,0.003
_arg_Isw0pJ4BPK_0_554,Placeholder,/job:localhost/replica:0/task:0/device:CPU:0,3.0,0.003
_arg_J4cWFbNulO_0_557,Placeholder,/job:localhost/replica:0/task:0/device:CPU:0,3.0,0.003
_arg_J9IO8PhY73_0_561,Placeholder,/job:localhost/replica:0/task:0/device:CPU:0,3.0,0.003
_arg_JHBa2PNOk6_0_566,Placeholder,/job:localhost/replica:0/task:0/device:CPU:0,3.0,0.003
_arg_J64r9DypXz_0_559,Placeholder,/job:localhost/replica:0/task:0/device:CPU:0,3.0,0.003
_arg_K84mPcIpZU_0_586,Placeholder,/job:localhost/replica:0/task:0/device:CPU:0,3.0,0.003
_arg_Md30GkqxIW_0_663,Placeholder,/job:localhost/replica:0/task:0/device:CPU:0,3.0,0.003
_arg_Kyik69nVLJ_0_605,Placeholder,/job:localhost/replica:0/task:0/device:CPU:0,3.0,0.003
_arg_LGAOQbzZ7U_0_609,Placeholder,/job:localhost/replica:0/task:0/device:CPU:0,3.0,0.003
_arg_LiodVpQGWZ_0_626,Placeholder,/job:localhost/replica:0/task:0/device:CPU:0,3.0,0.003
_arg_QOKcfzr62V_0_781,Placeholder,/job:localhost/replica:0/task:0/device:CPU:0,3.0,0.003
_arg_YipsWDzZ6m_0_1009,Placeholder,/job:localhost/replica:0/task:0/device:CPU:0,3.0,0.003
_arg_XAK1Gf8ktl_0_969,Placeholder,/job:localhost/replica:0/task:0/device:CPU:0,3.0,0.003
_arg_WAtRhi5MDe_0_934,Placeholder,/job:localhost/replica:0/task:0/device:CPU:0,3.0,0.003
_arg_Xp70zRyIkg_0_983,Placeholder,/job:localhost/replica:0/task:0/device:CPU:0,3.0,0.003
_arg_dTYzMDBpnX_0_1134,Placeholder,/job:localhost/replica:0/task:0/device:CPU:0,3.0,0.003
_arg_e5ZzWVQwBM_0_1150,Placeholder,/job:localhost/replica:0/task:0/device:CPU:0,3.0,0.003
_arg_hsSWTJ0rBP_0_1257,Placeholder,/job:localhost/replica:0/task:0/device:CPU:0,3.0,0.003
_arg_aAMKrtqeju_0_1054,Placeholder,/job:localhost/replica:0/task:0/device:CPU:0,3.0,0.003
_arg_bjHoav8dtq_0_1088,Placeholder,/job:localhost/replica:0/task:0/device:CPU:0,3.0,0.003
_arg_juCzg6FPoO_0_1312,Placeholder,/job:localhost/replica:0/task:0/device:CPU:0,3.0,0.003
_arg_mrZvTNx2Wo_0_1394,Placeholder,/job:localhost/replica:0/task:0/device:CPU:0,3.0,0.003
_arg_im0vcf3xPt_0_1281,Placeholder,/job:localhost/replica:0/task:0/device:CPU:0,3.0,0.003
_arg_iq96W40ovV_0_1283,Placeholder,/job:localhost/replica:0/task:0/device:CPU:0,3.0,0.003
_arg_j3cZtKxYnr_0_1287,Placeholder,/job:localhost/replica:0/task:0/device:CPU:0,3.0,0.003
_arg_qtY8snXV24_0_1514,Placeholder,/job:localhost/replica:0/task:0/device:CPU:0,3.0,0.003
_arg_qX2iW6JytG_0_1499,Placeholder,/job:localhost/replica:0/task:0/device:CPU:0,3.0,0.003
_arg_v70FZpXJIH_0_1643,Placeholder,/job:localhost/replica:0/task:0/device:CPU:0,3.0,0.003
_arg_tAf4E6rsgD_0_1586,Placeholder,/job:localhost/replica:0/task:0/device:CPU:0,3.0,0.003
_arg_u9BkhgjHn6_0_1614,Placeholder,/job:localhost/replica:0/task:0/device:CPU:0,3.0,0.003
_arg_yYpem2MwvR_0_1745,Placeholder,/job:localhost/replica:0/task:0/device:CPU:0,3.0,0.003
_arg_ziq84Cmd2E_0_1777,Placeholder,/job:localhost/replica:0/task:0/device:CPU:0,3.0,0.003
YP50dArzXl,Const,/job:localhost/replica:0/task:0/device:GPU:0,3.0,0.003
tNWa215JQK,Const,/job:localhost/replica:0/task:0/device:GPU:0,3.0,0.003
2q7ZlFWYD5,Const,/job:localhost/replica:0/task:0/device:GPU:0,3.0,0.003
lcvgPEzibI,Const,/job:localhost/replica:0/task:0/device:GPU:0,3.0,0.003
I8gDLYZc57,Const,/job:localhost/replica:0/task:0/device:GPU:0,3.0,0.003
MzGjZFeOCU,Const,/job:localhost/replica:0/task:0/device:GPU:0,3.0,0.003
GjhaHvo50I,Const,/job:localhost/replica:0/task:0/device:GPU:0,3.0,0.003
LNfXFQnJrY,Const,/job:localhost/replica:0/task:0/device:GPU:0,3.0,0.003
XveEWrZpg3,Const,/job:localhost/replica:0/task:0/device:GPU:0,3.0,0.003
q41uPWexwA,Const,/job:localhost/replica:0/task:0/device:GPU:0,3.0,0.003
wjxJCZymu8,Const,/job:localhost/replica:0/task:0/device:GPU:0,3.0,0.003
7hJbedaIuK,Const,/job:localhost/replica:0/task:0/device:GPU:0,3.0,0.003
bxzykLaRNe,Const,/job:localhost/replica:0/task:0/device:GPU:0,3.0,0.003
wvnB0d2Kek,Const,/job:localhost/replica:0/task:0/device:GPU:0,3.0,0.003
7kPA4EMaQ1,Const,/job:localhost/replica:0/task:0/device:GPU:0,3.0,0.003
hoRxsAvdrn,Const,/job:localhost/replica:0/task:0/device:GPU:0,3.0,0.003
dPzvcIFJoU,Const,/job:localhost/replica:0/task:0/device:GPU:0,3.0,0.003
xbXmUBgF5v,Const,/job:localhost/replica:0/task:0/device:GPU:0,3.0,0.003
HUO9eurI2A,Const,/job:localhost/replica:0/task:0/device:GPU:0,3.0,0.003
6uE2rJODwk,Const,/job:localhost/replica:0/task:0/device:GPU:0,3.0,0.003
9OIkviNE4e,Const,/job:localhost/replica:0/task:0/device:GPU:0,3.0,0.003
GSHdAyQcsB,Const,/job:localhost/replica:0/task:0/device:GPU:0,3.0,0.003
6spwbxQm7z,Const,/job:localhost/replica:0/task:0/device:GPU:0,3.0,0.003
pOLau6S0on,Const,/job:localhost/replica:0/task:0/device:GPU:0,3.0,0.003
eA9cy5U0v1,Const,/job:localhost/replica:0/task:0/device:GPU:0,3.0,0.003
7KJX4o5qte,Const,/job:localhost/replica:0/task:0/device:GPU:0,3.0,0.003
aov2m8Ggj5,Const,/job:localhost/replica:0/task:0/device:GPU:0,3.0,0.003
IXpZ7krPdF,Const,/job:localhost/replica:0/task:0/device:GPU:0,3.0,0.003
Ncg9u4bDov,Const,/job:localhost/replica:0/task:0/device:GPU:0,3.0,0.003
rXfwL56mQ3,Const,/job:localhost/replica:0/task:0/device:GPU:0,3.0,0.003
YrWw4gJkT2,Const,/job:localhost/replica:0/task:0/device:GPU:0,3.0,0.003
BXYxqcJ4Zw,Const,/job:localhost/replica:0/task:0/device:GPU:0,3.0,0.003
hIanqrEoWz,Const,/job:localhost/replica:0/task:0/device:GPU:0,3.0,0.003
JjynFZ7g6R,Const,/job:localhost/replica:0/task:0/device:GPU:0,3.0,0.003
7dh9nx5ObT,Const,/job:localhost/replica:0/task:0/device:GPU:0,3.0,0.003
6jugkFsedP/_79__cf__79,Reshape,/job:localhost/replica:0/task:0/device:GPU:0,3.0,0.003
0fYghAGbcI/_6__cf__6,Reshape,/job:localhost/replica:0/task:0/device:GPU:0,3.0,0.003
2WYgE6fybS/_43__cf__43,Reshape,/job:localhost/replica:0/task:0/device:GPU:0,3.0,0.003
05HUCIcOqe/_0__cf__0,Reshape,/job:localhost/replica:0/task:0/device:GPU:0,3.0,0.003
0nfpJFmi4D/_10__cf__10,Reshape,/job:localhost/replica:0/task:0/device:GPU:0,3.0,0.003
1WmoZ2ap3y/_28__cf__28,Reshape,/job:localhost/replica:0/task:0/device:GPU:0,3.0,0.003
2U6aKXN14f,Const,/job:localhost/replica:0/task:0/device:GPU:0,3.0,0.003
QpgM1n5068,Const,/job:localhost/replica:0/task:0/device:GPU:0,3.0,0.003
rW13awLOtU,Const,/job:localhost/replica:0/task:0/device:GPU:0,3.0,0.003
tVLdjgDxwp,Const,/job:localhost/replica:0/task:0/device:GPU:0,3.0,0.003
yxEFkXlTm2,Const,/job:localhost/replica:0/task:0/device:GPU:0,3.0,0.003
EzCKXuRYxA,Const,/job:localhost/replica:0/task:0/device:GPU:0,3.0,0.003
xrnCGVSE3N,Const,/job:localhost/replica:0/task:0/device:GPU:0,3.0,0.003
yTvXp1YPW5,Const,/job:localhost/replica:0/task:0/device:GPU:0,3.0,0.003
3NfcpvBDUh,Const,/job:localhost/replica:0/task:0/device:GPU:0,3.0,0.003
4BSivr7ATI,Const,/job:localhost/replica:0/task:0/device:GPU:0,3.0,0.003
FgQ0TktAu2,Const,/job:localhost/replica:0/task:0/device:GPU:0,3.0,0.003
BNqWQzXl8v,Const,/job:localhost/replica:0/task:0/device:GPU:0,3.0,0.003
MP74pS9D5m,Const,/job:localhost/replica:0/task:0/device:GPU:0,3.0,0.003
mXHJdLYcqN,Const,/job:localhost/replica:0/task:0/device:GPU:0,3.0,0.003
HvJRqc9S78,Const,/job:localhost/replica:0/task:0/device:GPU:0,3.0,0.003
KVAnb7eotx,Const,/job:localhost/replica:0/task:0/device:GPU:0,3.0,0.003
vZg31OGHYP,Const,/job:localhost/replica:0/task:0/device:GPU:0,3.0,0.003
SsAQIHl0jT,Const,/job:localhost/replica:0/task:0/device:GPU:0,3.0,0.003
yJzAEHf3hX,Const,/job:localhost/replica:0/task:0/device:GPU:0,3.0,0.003
sXlboKLM6U,Const,/job:localhost/replica:0/task:0/device:GPU:0,3.0,0.003
1yRI6xl9vW,Const,/job:localhost/replica:0/task:0/device:GPU:0,3.0,0.003
ESz8qPrk6g,Const,/job:localhost/replica:0/task:0/device:GPU:0,3.0,0.003
6ildAMxyPs,Const,/job:localhost/replica:0/task:0/device:GPU:0,3.0,0.003
ekcGJ5qD3l,Const,/job:localhost/replica:0/task:0/device:GPU:0,3.0,0.003
JgEMG9yZRd,Const,/job:localhost/replica:0/task:0/device:GPU:0,3.0,0.003
oqk8BCTzgK,Const,/job:localhost/replica:0/task:0/device:GPU:0,3.0,0.003
4yf95rVl7F,Const,/job:localhost/replica:0/task:0/device:GPU:0,3.0,0.003
OLQpUzXxbK,Const,/job:localhost/replica:0/task:0/device:GPU:0,3.0,0.003
8DUqmv3IjX,Const,/job:localhost/replica:0/task:0/device:GPU:0,3.0,0.003
sXmkBYhw04,Const,/job:localhost/replica:0/task:0/device:GPU:0,3.0,0.003
LHpfoMzEw9,Const,/job:localhost/replica:0/task:0/device:GPU:0,3.0,0.003
NemblZC24G,Const,/job:localhost/replica:0/task:0/device:GPU:0,3.0,0.003
b5H9oZT3yx,Const,/job:localhost/replica:0/task:0/device:GPU:0,3.0,0.003
Sew1frN07m,Const,/job:localhost/replica:0/task:0/device:GPU:0,3.0,0.003
sawI6UDml2,Const,/job:localhost/replica:0/task:0/device:GPU:0,3.0,0.003
3w5v6AkSTi,Const,/job:localhost/replica:0/task:0/device:GPU:0,3.0,0.003
k1jJnpYBhl,Const,/job:localhost/replica:0/task:0/device:GPU:0,3.0,0.003
QGg70uLTtH,Const,/job:localhost/replica:0/task:0/device:GPU:0,3.0,0.003
ic4PfDtZB2,Const,/job:localhost/replica:0/task:0/device:GPU:0,3.0,0.003
JztRTSEU7r,Const,/job:localhost/replica:0/task:0/device:GPU:0,3.0,0.003
KkWqhG7Q4O,Const,/job:localhost/replica:0/task:0/device:GPU:0,3.0,0.003
wQIbF14kzD,Const,/job:localhost/replica:0/task:0/device:GPU:0,3.0,0.003
rqLas36KCu,Const,/job:localhost/replica:0/task:0/device:GPU:0,3.0,0.003
WG2sYFp9BO,Const,/job:localhost/replica:0/task:0/device:GPU:0,3.0,0.003
LI83ZsRj7x/_243__cf__243,Sub,/job:localhost/replica:0/task:0/device:GPU:0,3.0,0.003
MsbZz8tIm9/_252__cf__252,Reshape,/job:localhost/replica:0/task:0/device:GPU:0,3.0,0.003
NgovnUAGt8/_261__cf__261,Reshape,/job:localhost/replica:0/task:0/device:GPU:0,3.0,0.003
8tE13gzSXw,Shape,/job:localhost/replica:0/task:0/device:GPU:0,3.0,0.003
QG1zj3A7E5/_292__cf__292,Reshape,/job:localhost/replica:0/task:0/device:GPU:0,3.0,0.003
GJE82fjt5z/_188__cf__188,Reshape,/job:localhost/replica:0/task:0/device:GPU:0,3.0,0.003
rLCUeKgTQB/_632__cf__632,Reshape,/job:localhost/replica:0/task:0/device:GPU:0,3.0,0.003
w0SHd4vTYk/_693__cf__693,Pow,/job:localhost/replica:0/task:0/device:GPU:0,3.0,0.003
CHEcRonk3p,Const,/job:localhost/replica:0/task:0/device:GPU:0,3.0,0.003
vC02QFLIXZ,Const,/job:localhost/replica:0/task:0/device:GPU:0,3.0,0.003
b7L3gHdNs4,Const,/job:localhost/replica:0/task:0/device:GPU:0,3.0,0.003
NYF8wbR4Pt,Const,/job:localhost/replica:0/task:0/device:GPU:0,3.0,0.003
hG83c7KfXP,Const,/job:localhost/replica:0/task:0/device:GPU:0,3.0,0.003
VCu4KLZHJr,Const,/job:localhost/replica:0/task:0/device:GPU:0,3.0,0.003
bnIW3kKdsy,Const,/job:localhost/replica:0/task:0/device:GPU:0,3.0,0.003
DuH1zkOGTo,Const,/job:localhost/replica:0/task:0/device:GPU:0,3.0,0.003
SscpEy6BYk,Const,/job:localhost/replica:0/task:0/device:GPU:0,3.0,0.003
rvmHAqVMtO,Shape,/job:localhost/replica:0/task:0/device:GPU:0,3.0,0.003
Kci5fn2NaL,Squeeze,/job:localhost/replica:0/task:0/device:GPU:0,3.0,0.003
zfJdcQXLp1,Const,/job:localhost/replica:0/task:0/device:GPU:0,3.0,0.003
bVOm8NuKGB,Shape,/job:localhost/replica:0/task:0/device:GPU:0,3.0,0.003
7PdNs2AFi6,Const,/job:localhost/replica:0/task:0/device:GPU:0,3.0,0.003
iLO3H8skvR/_513__cf__513,Add,/job:localhost/replica:0/task:0/device:GPU:0,3.0,0.003
SEDcVPg2Kr,Shape,/job:localhost/replica:0/task:0/device:GPU:0,3.0,0.003
Imu9WAT3Pg,ExpandDims,/job:localhost/replica:0/task:0/device:GPU:0,3.0,0.003
qNptJ83AfH,ExpandDims,/job:localhost/replica:0/task:0/device:GPU:0,3.0,0.003
0Q9qg3XuUC,Squeeze,/job:localhost/replica:0/task:0/device:GPU:0,3.0,0.003
Jxbd59M47j,Squeeze,/job:localhost/replica:0/task:0/device:GPU:0,3.0,0.003
qj0mKf6wd4,ExpandDims,/job:localhost/replica:0/task:0/device:GPU:0,3.0,0.003
j9VYdLTZ2N,Squeeze,/job:localhost/replica:0/task:0/device:GPU:0,3.0,0.003
UY7Rl1nWC9,Const,/job:localhost/replica:0/task:0/device:GPU:0,3.0,0.003
CYwbpl0Pjm,Const,/job:localhost/replica:0/task:0/device:GPU:0,3.0,0.003
Duf1Y5Lypa,Const,/job:localhost/replica:0/task:0/device:GPU:0,3.0,0.003
qZMlAHUfFk,Const,/job:localhost/replica:0/task:0/device:GPU:0,3.0,0.003
thM0rWKLFH,Const,/job:localhost/replica:0/task:0/device:GPU:0,3.0,0.003
xXj7r2TCm5,Const,/job:localhost/replica:0/task:0/device:GPU:0,3.0,0.003
koMlLgtn4V,Const,/job:localhost/replica:0/task:0/device:GPU:0,3.0,0.003
UXNdEF97qj,Const,/job:localhost/replica:0/task:0/device:GPU:0,3.0,0.003
zji6hqnLMg,Const,/job:localhost/replica:0/task:0/device:GPU:0,3.0,0.003
GKlokFSm6q,Const,/job:localhost/replica:0/task:0/device:GPU:0,3.0,0.003
Pn87EqKobF,Const,/job:localhost/replica:0/task:0/device:GPU:0,3.0,0.003
kMKZLzEGqf,Const,/job:localhost/replica:0/task:0/device:GPU:0,3.0,0.003
TkLIWa0fNZ,Const,/job:localhost/replica:0/task:0/device:GPU:0,3.0,0.003
cZXpA25L8I,Const,/job:localhost/replica:0/task:0/device:GPU:0,3.0,0.003
eMIw0PE2WH,Const,/job:localhost/replica:0/task:0/device:GPU:0,3.0,0.003
BvWbFM9D7T,Const,/job:localhost/replica:0/task:0/device:GPU:0,3.0,0.003
bxL5qRfPal,Const,/job:localhost/replica:0/task:0/device:GPU:0,3.0,0.003
achVWs0rQ5,StridedSlice,/job:localhost/replica:0/task:0/device:GPU:0,3.0,0.003
vcM28bLDC9,StridedSlice,/job:localhost/replica:0/task:0/device:GPU:0,3.0,0.003
6P2Br4UxYv,Reshape,/job:localhost/replica:0/task:0/device:GPU:0,3.0,0.003
DNLCAspx7S,StridedSlice,/job:localhost/replica:0/task:0/device:GPU:0,3.0,0.003
eSqUyToOlj,Shape,/job:localhost/replica:0/task:0/device:GPU:0,3.0,0.003
R3DcWEVOxJ,Shape,/job:localhost/replica:0/task:0/device:GPU:0,3.0,0.003
6TAbXq7e9m,Shape,/job:localhost/replica:0/task:0/device:GPU:0,3.0,0.003
Ctf6yLjcU7,Squeeze,/job:localhost/replica:0/task:0/device:GPU:0,3.0,0.003
dm0YxtrK4B,Shape,/job:localhost/replica:0/task:0/device:GPU:0,3.0,0.003
1HCvV6SiQO,Reshape,/job:localhost/replica:0/task:0/device:GPU:0,3.0,0.003
yqjgSrL6N8,Squeeze,/job:localhost/replica:0/task:0/device:GPU:0,3.0,0.003
Ecknr0j7sZ,Squeeze,/job:localhost/replica:0/task:0/device:GPU:0,3.0,0.003
8yatxDlSdF,Squeeze,/job:localhost/replica:0/task:0/device:GPU:0,3.0,0.003
fISm3dFu4R,StridedSlice,/job:localhost/replica:0/task:0/device:GPU:0,3.0,0.003
YWTrtDduSp,StridedSlice,/job:localhost/replica:0/task:0/device:GPU:0,3.0,0.003
AgvcPtZKNY,StridedSlice,/job:localhost/replica:0/task:0/device:GPU:0,3.0,0.003
n753hPcEQz,StridedSlice,/job:localhost/replica:0/task:0/device:GPU:0,3.0,0.003
a1ArR8nVtx,StridedSlice,/job:localhost/replica:0/task:0/device:GPU:0,3.0,0.003
rMmZ2aRuhC,StridedSlice,/job:localhost/replica:0/task:0/device:GPU:0,3.0,0.003
wJ3skWv7aT,Pack,/job:localhost/replica:0/task:0/device:GPU:0,3.0,0.003
ZyR0FAhrQu,Pack,/job:localhost/replica:0/task:0/device:GPU:0,3.0,0.003
K9mHR7ou1B,Pack,/job:localhost/replica:0/task:0/device:GPU:0,3.0,0.003
s4d1JCaYDB,Shape,/job:localhost/replica:0/task:0/device:GPU:0,3.0,0.003
wxFeGMfCLQ,Pack,/job:localhost/replica:0/task:0/device:GPU:0,3.0,0.003
gElkOnDzmf,BiasAdd,/job:localhost/replica:0/task:0/device:GPU:0,3.0,0.003
mk9SWDlEgP,BiasAdd,/job:localhost/replica:0/task:0/device:GPU:0,3.0,0.003
i1uBGOKFaj,BiasAdd,/job:localhost/replica:0/task:0/device:GPU:0,3.0,0.003
zPpONoFHUr,Reshape,/job:localhost/replica:0/task:0/device:GPU:0,3.0,0.003
16hNBRtKzO,Pow,/job:localhost/replica:0/task:0/device:GPU:0,3.0,0.003
0qkvVY6TfI,ExpandDims,/job:localhost/replica:0/task:0/device:GPU:0,3.0,0.003
P6k52og1Qt,Reshape,/job:localhost/replica:0/task:0/device:GPU:0,3.0,0.003
RyY6wiLU87,Pack,/job:localhost/replica:0/task:0/device:GPU:0,3.0,0.003
XRCvLtnkeA,Relu,/job:localhost/replica:0/task:0/device:GPU:0,3.0,0.003
67dvTfRCq4,Tile,/job:localhost/replica:0/task:0/device:GPU:0,3.0,0.003
VP0yukwqp7,BiasAdd,/job:localhost/replica:0/task:0/device:GPU:0,3.0,0.003
4jI6qgcdHx,Relu,/job:localhost/replica:0/task:0/device:GPU:0,3.0,0.003
HnsBUy7CtL,Relu,/job:localhost/replica:0/task:0/device:GPU:0,3.0,0.003
HMdvjPuX9q,Reshape,/job:localhost/replica:0/task:0/device:GPU:0,3.0,0.003
R9x23NflOu,BiasAdd,/job:localhost/replica:0/task:0/device:GPU:0,3.0,0.003
2XR14FywNr,Unpack,/job:localhost/replica:0/task:0/device:GPU:0,3.0,0.003
HSIfXML6g2,Unpack,/job:localhost/replica:0/task:0/device:GPU:0,3.0,0.003
UkaHCtLN6V,Unpack,/job:localhost/replica:0/task:0/device:GPU:0,3.0,0.003
KvnjPTmAh0,Unpack,/job:localhost/replica:0/task:0/device:GPU:0,3.0,0.003
pah856W2Il,Unpack,/job:localhost/replica:0/task:0/device:GPU:0,3.0,0.003
UPzyc5v7rj,Pack,/job:localhost/replica:0/task:0/device:GPU:0,3.0,0.003
FMv7OeKQ2g,Pack,/job:localhost/replica:0/task:0/device:GPU:0,3.0,0.003
aSkAn5qEzb,Shape,/job:localhost/replica:0/task:0/device:GPU:0,3.0,0.003
dnSWChryz8,Unpack,/job:localhost/replica:0/task:0/device:GPU:0,3.0,0.003
u7sbEQtqPC,Unpack,/job:localhost/replica:0/task:0/device:GPU:0,3.0,0.003
Vv4SAThQeD,Unpack,/job:localhost/replica:0/task:0/device:GPU:0,3.0,0.003
ZFOjtpAs2P,Unpack,/job:localhost/replica:0/task:0/device:GPU:0,3.0,0.003
GWHuk2QeML,Unpack,/job:localhost/replica:0/task:0/device:GPU:0,3.0,0.003
xcSpdjNBCF,Unpack,/job:localhost/replica:0/task:0/device:GPU:0,3.0,0.003
t7qShlo9kj,Pack,/job:localhost/replica:0/task:0/device:GPU:0,3.0,0.003
FBsMnmNdoH,Shape,/job:localhost/replica:0/task:0/device:GPU:0,3.0,0.003
WM8LxEJwCp,Unpack,/job:localhost/replica:0/task:0/device:GPU:0,3.0,0.003
3ernThUMms,Unpack,/job:localhost/replica:0/task:0/device:GPU:0,3.0,0.003
2zbrhIxNW4,Unpack,/job:localhost/replica:0/task:0/device:GPU:0,3.0,0.003
AwONuyje7B,Unpack,/job:localhost/replica:0/task:0/device:GPU:0,3.0,0.003
myn39uXEfi,Unpack,/job:localhost/replica:0/task:0/device:GPU:0,3.0,0.003
AB396TtDZm,Pack,/job:localhost/replica:0/task:0/device:GPU:0,3.0,0.003
8HF0tV7AzQ,BiasAdd,/job:localhost/replica:0/task:0/device:GPU:0,3.0,0.003
5RPiKtSWZg,Shape,/job:localhost/replica:0/task:0/device:GPU:0,3.0,0.003
dCxSE2Rg8c,Pack,/job:localhost/replica:0/task:0/device:GPU:0,3.0,0.003
uefZMtGXPr,Unpack,/job:localhost/replica:0/task:0/device:GPU:0,3.0,0.003
K58pcVuiNH,Pack,/job:localhost/replica:0/task:0/device:GPU:0,3.0,0.003
eHTMlcoRxF,Shape,/job:localhost/replica:0/task:0/device:GPU:0,3.0,0.003
MPfZouDmSn,Shape,/job:localhost/replica:0/task:0/device:GPU:0,3.0,0.003
mYe8LdC5Nl,Unpack,/job:localhost/replica:0/task:0/device:GPU:0,3.0,0.003
rOChK7ZxXN,Unpack,/job:localhost/replica:0/task:0/device:GPU:0,3.0,0.003
wcJMC5kmoP,Pack,/job:localhost/replica:0/task:0/device:GPU:0,3.0,0.003
8ygPwqAi2x,Pack,/job:localhost/replica:0/task:0/device:GPU:0,3.0,0.003
oAXCuqSByc,Unpack,/job:localhost/replica:0/task:0/device:GPU:0,3.0,0.003
jzESaQ5KZe,Shape,/job:localhost/replica:0/task:0/device:GPU:0,3.0,0.003
7UPx2ZkQyR,Reshape,/job:localhost/replica:0/task:0/device:GPU:0,3.0,0.003
fazckG1N7F,Reshape,/job:localhost/replica:0/task:0/device:GPU:0,3.0,0.003
dEPYbSTZA3,Shape,/job:localhost/replica:0/task:0/device:GPU:0,3.0,0.003
ql3tWuvwRV,Shape,/job:localhost/replica:0/task:0/device:GPU:0,3.0,0.003
vAUfwn9jHe,Shape,/job:localhost/replica:0/task:0/device:GPU:0,3.0,0.003
aHQWs1jAoK,Pack,/job:localhost/replica:0/task:0/device:GPU:0,3.0,0.003
alh72Y1X5E,Shape,/job:localhost/replica:0/task:0/device:GPU:0,3.0,0.003
ph3qlHVbCk,Reshape,/job:localhost/replica:0/task:0/device:GPU:0,3.0,0.003
xKZAjt2bXY,Reshape,/job:localhost/replica:0/task:0/device:GPU:0,3.0,0.003
nLZamGgYeC,Shape,/job:localhost/replica:0/task:0/device:GPU:0,3.0,0.003
wjIV57lisJ,Shape,/job:localhost/replica:0/task:0/device:GPU:0,3.0,0.003
r3fhZCONmR,Unpack,/job:localhost/replica:0/task:0/device:GPU:0,3.0,0.003
PaBHUR1I7j,Pack,/job:localhost/replica:0/task:0/device:GPU:0,3.0,0.003
IpJEMaTR1d,Unpack,/job:localhost/replica:0/task:0/device:GPU:0,3.0,0.003
GSCTsmpZ4J,Pack,/job:localhost/replica:0/task:0/device:GPU:0,3.0,0.003
VKWrPgs0Nm,Shape,/job:localhost/replica:0/task:0/device:GPU:0,3.0,0.003
WUdcXkbVQo,Shape,/job:localhost/replica:0/task:0/device:GPU:0,3.0,0.003
b70YXuT4LI,Shape,/job:localhost/replica:0/task:0/device:GPU:0,3.0,0.003
rEcl9BiHQT,ExpandDims,/job:localhost/replica:0/task:0/device:GPU:0,3.0,0.003
61q2Y8V7En,Pack,/job:localhost/replica:0/task:0/device:GPU:0,3.0,0.003
6UIrmb2l9G,Prod,/job:localhost/replica:0/task:0/device:GPU:0,3.0,0.003
IzFrgealx5,Squeeze,/job:localhost/replica:0/task:0/device:GPU:0,3.0,0.003
rgPmep1jRd,Pow,/job:localhost/replica:0/task:0/device:GPU:0,3.0,0.003
Y8k6cLmg5B,Rsqrt,/job:localhost/replica:0/task:0/device:GPU:0,3.0,0.003
VDPjSvn9QH,StridedSlice,/job:localhost/replica:0/task:0/device:GPU:0,3.0,0.003
4stXIJbQdl,Shape,/job:localhost/replica:0/task:0/device:GPU:0,3.0,0.003
lYAwOfT1IS,StridedSlice,/job:localhost/replica:0/task:0/device:GPU:0,3.0,0.003
7xdYEvkVTp,Prod,/job:localhost/replica:0/task:0/device:GPU:0,3.0,0.003
WOKazVEIsC,Prod,/job:localhost/replica:0/task:0/device:GPU:0,3.0,0.003
g8GFnVSD43,Pack,/job:localhost/replica:0/task:0/device:GPU:0,3.0,0.003
wh7V1UctN5,Pack,/job:localhost/replica:0/task:0/device:GPU:0,3.0,0.003
5h8aOnp6v7,ConcatV2,/job:localhost/replica:0/task:0/device:GPU:0,3.0,0.003
Zw36HnmKdN,Mean,/job:localhost/replica:0/task:0/device:GPU:0,3.0,0.003
iI7n1pGtW4,Pack,/job:localhost/replica:0/task:0/device:GPU:0,3.0,0.003
7h2j8oCSGX,Prod,/job:localhost/replica:0/task:0/device:GPU:0,3.0,0.003
_arg_5GIncDCfJS_0_151,Placeholder,/job:localhost/replica:0/task:0/device:CPU:0,2.0,0.002
_arg_5P8kxsRu2h_0_155,Placeholder,/job:localhost/replica:0/task:0/device:CPU:0,2.0,0.002
_arg_7Et26TiFy1_0_210,Placeholder,/job:localhost/replica:0/task:0/device:CPU:0,2.0,0.002
_arg_7MT8CJzv2y_0_213,Placeholder,/job:localhost/replica:0/task:0/device:CPU:0,2.0,0.002
_arg_7TOjRgpuhJ_0_217,Placeholder,/job:localhost/replica:0/task:0/device:CPU:0,2.0,0.002
_arg_7kzwATGRaV_0_223,Placeholder,/job:localhost/replica:0/task:0/device:CPU:0,2.0,0.002
_arg_8miWD2GOYp_0_259,Placeholder,/job:localhost/replica:0/task:0/device:CPU:0,2.0,0.002
_arg_0UIjDkaE8W_0_8,Placeholder,/job:localhost/replica:0/task:0/device:CPU:0,2.0,0.002
_arg_1RiGuWJLM5_0_44,Placeholder,/job:localhost/replica:0/task:0/device:CPU:0,2.0,0.002
_arg_0qQCaxvijc_0_17,Placeholder,/job:localhost/replica:0/task:0/device:CPU:0,2.0,0.002
_arg_2IDqzn81QW_0_71,Placeholder,/job:localhost/replica:0/task:0/device:CPU:0,2.0,0.002
_arg_2mOfsXJMKE_0_81,Placeholder,/job:localhost/replica:0/task:0/device:CPU:0,2.0,0.002
_arg_24ZqyHgPah_0_62,Placeholder,/job:localhost/replica:0/task:0/device:CPU:0,2.0,0.002
_arg_3WQqS8uvs2_0_111,Placeholder,/job:localhost/replica:0/task:0/device:CPU:0,2.0,0.002
_arg_2X0L3N1BgH_0_74,Placeholder,/job:localhost/replica:0/task:0/device:CPU:0,2.0,0.002
_arg_4YvDdlo6Bm_0_127,Placeholder,/job:localhost/replica:0/task:0/device:CPU:0,2.0,0.002
_arg_8lGXsx976C_0_256,Placeholder,/job:localhost/replica:0/task:0/device:CPU:0,2.0,0.002
_arg_8q7Pv9TclD_0_261,Placeholder,/job:localhost/replica:0/task:0/device:CPU:0,2.0,0.002
_arg_3NGKUdgqAM_0_105,Placeholder,/job:localhost/replica:0/task:0/device:CPU:0,2.0,0.002
_arg_egUQ7mcdoL_0_1171,Placeholder,/job:localhost/replica:0/task:0/device:CPU:0,2.0,0.002
_arg_emJSI1acCH_0_1175,Placeholder,/job:localhost/replica:0/task:0/device:CPU:0,2.0,0.002
_arg_8sgt5Mloc3_0_264,Placeholder,/job:localhost/replica:0/task:0/device:CPU:0,2.0,0.002
_arg_AcipDYu7jM_0_320,Placeholder,/job:localhost/replica:0/task:0/device:CPU:0,2.0,0.002
_arg_Bgfs6TtyUN_0_347,Placeholder,/job:localhost/replica:0/task:0/device:CPU:0,2.0,0.002
_arg_Bysw94V82R_0_357,Placeholder,/job:localhost/replica:0/task:0/device:CPU:0,2.0,0.002
_arg_E18HT6AFaP_0_403,Placeholder,/job:localhost/replica:0/task:0/device:CPU:0,2.0,0.002
_arg_Dpc47BqwNx_0_397,Placeholder,/job:localhost/replica:0/task:0/device:CPU:0,2.0,0.002
_arg_EUgZ5j48oh_0_419,Placeholder,/job:localhost/replica:0/task:0/device:CPU:0,2.0,0.002
_arg_FJhOiPwKI4_0_436,Placeholder,/job:localhost/replica:0/task:0/device:CPU:0,2.0,0.002
_arg_Fbs05njoOW_0_447,Placeholder,/job:localhost/replica:0/task:0/device:CPU:0,2.0,0.002
_arg_FhbGPNqy8g_0_452,Placeholder,/job:localhost/replica:0/task:0/device:CPU:0,2.0,0.002
_arg_FdE3ksljQf_0_449,Placeholder,/job:localhost/replica:0/task:0/device:CPU:0,2.0,0.002
_arg_FbptNvDnSs_0_446,Placeholder,/job:localhost/replica:0/task:0/device:CPU:0,2.0,0.002
_arg_QC0Mn7SGPi_0_779,Placeholder,/job:localhost/replica:0/task:0/device:CPU:0,2.0,0.002
_arg_Ih6F1W5qQ9_0_548,Placeholder,/job:localhost/replica:0/task:0/device:CPU:0,2.0,0.002
_arg_FuQmsZbATd_0_464,Placeholder,/job:localhost/replica:0/task:0/device:CPU:0,2.0,0.002
_arg_HVdaseyBvw_0_511,Placeholder,/job:localhost/replica:0/task:0/device:CPU:0,2.0,0.002
_arg_JGcihDLbB9_0_564,Placeholder,/job:localhost/replica:0/task:0/device:CPU:0,2.0,0.002
_arg_Ioynb1i3eC_0_552,Placeholder,/job:localhost/replica:0/task:0/device:CPU:0,2.0,0.002
_arg_EIPybGFc3i_0_414,Placeholder,/job:localhost/replica:0/task:0/device:CPU:0,2.0,0.002
_arg_Hh4y0tG2vY_0_516,Placeholder,/job:localhost/replica:0/task:0/device:CPU:0,2.0,0.002
_arg_IVXxq5owkB_0_540,Placeholder,/job:localhost/replica:0/task:0/device:CPU:0,2.0,0.002
_arg_JUqF6uNoIA_0_572,Placeholder,/job:localhost/replica:0/task:0/device:CPU:0,2.0,0.002
_arg_LkaD1dNxIB_0_627,Placeholder,/job:localhost/replica:0/task:0/device:CPU:0,2.0,0.002
_arg_JZ740DOLaw_0_576,Placeholder,/job:localhost/replica:0/task:0/device:CPU:0,2.0,0.002
_arg_IBfW5Dv8kr_0_531,Placeholder,/job:localhost/replica:0/task:0/device:CPU:0,2.0,0.002
_arg_Kj1q2fHh3C_0_600,Placeholder,/job:localhost/replica:0/task:0/device:CPU:0,2.0,0.002
_arg_HwC8y7tYSu_0_523,Placeholder,/job:localhost/replica:0/task:0/device:CPU:0,2.0,0.002
_arg_KpmiwZnhyx_0_602,Placeholder,/job:localhost/replica:0/task:0/device:CPU:0,2.0,0.002
_arg_LO68VkIeju_0_613,Placeholder,/job:localhost/replica:0/task:0/device:CPU:0,2.0,0.002
_arg_LpTJvsagrY_0_633,Placeholder,/job:localhost/replica:0/task:0/device:CPU:0,2.0,0.002
_arg_MUgRuh95Wr_0_656,Placeholder,/job:localhost/replica:0/task:0/device:CPU:0,2.0,0.002
_arg_O9x2fpln5F_0_717,Placeholder,/job:localhost/replica:0/task:0/device:CPU:0,2.0,0.002
_arg_S2hMKzYaoQ_0_827,Placeholder,/job:localhost/replica:0/task:0/device:CPU:0,2.0,0.002
_arg_S9dI1XzJKq_0_831,Placeholder,/job:localhost/replica:0/task:0/device:CPU:0,2.0,0.002
_arg_Nw2bPFKlHG_0_704,Placeholder,/job:localhost/replica:0/task:0/device:CPU:0,2.0,0.002
_arg_RNmJXSLytP_0_807,Placeholder,/job:localhost/replica:0/task:0/device:CPU:0,2.0,0.002
_arg_YgT2iyBWbo_0_1008,Placeholder,/job:localhost/replica:0/task:0/device:CPU:0,2.0,0.002
_arg_UN1O5hCErK_0_888,Placeholder,/job:localhost/replica:0/task:0/device:CPU:0,2.0,0.002
_arg_US7TqY1EP6_0_891,Placeholder,/job:localhost/replica:0/task:0/device:CPU:0,2.0,0.002
_arg_UlKb9netsB_0_896,Placeholder,/job:localhost/replica:0/task:0/device:CPU:0,2.0,0.002
_arg_UoDB3pJWQs_0_899,Placeholder,/job:localhost/replica:0/task:0/device:CPU:0,2.0,0.002
_arg_WzTXne4EQG_0_964,Placeholder,/job:localhost/replica:0/task:0/device:CPU:0,2.0,0.002
_arg_YaiXK68EuS_0_1005,Placeholder,/job:localhost/replica:0/task:0/device:CPU:0,2.0,0.002
_arg_Z4s3tXhWFa_0_1020,Placeholder,/job:localhost/replica:0/task:0/device:CPU:0,2.0,0.002
_arg_UVqElRTcfv_0_892,Placeholder,/job:localhost/replica:0/task:0/device:CPU:0,2.0,0.002
_arg_YHeSJ8vkRh_0_994,Placeholder,/job:localhost/replica:0/task:0/device:CPU:0,2.0,0.002
_arg_YRL7jBdpbV_0_998,Placeholder,/job:localhost/replica:0/task:0/device:CPU:0,2.0,0.002
_arg_WwPliugJrc_0_961,Placeholder,/job:localhost/replica:0/task:0/device:CPU:0,2.0,0.002
_arg_VkT1wG35nt_0_926,Placeholder,/job:localhost/replica:0/task:0/device:CPU:0,2.0,0.002
_arg_W23bH5JsPQ_0_930,Placeholder,/job:localhost/replica:0/task:0/device:CPU:0,2.0,0.002
_arg_YwfFRiO6aH_0_1015,Placeholder,/job:localhost/replica:0/task:0/device:CPU:0,2.0,0.002
_arg_czvoj4yLRa_0_1127,Placeholder,/job:localhost/replica:0/task:0/device:CPU:0,2.0,0.002
_arg_gkvYhcOsTD_0_1225,Placeholder,/job:localhost/replica:0/task:0/device:CPU:0,2.0,0.002
_arg_c5rP19ANqF_0_1103,Placeholder,/job:localhost/replica:0/task:0/device:CPU:0,2.0,0.002
_arg_h80qHctWED_0_1238,Placeholder,/job:localhost/replica:0/task:0/device:CPU:0,2.0,0.002
_arg_l8mCDMd9bs_0_1347,Placeholder,/job:localhost/replica:0/task:0/device:CPU:0,2.0,0.002
_arg_fmiJ0A5Los_0_1195,Placeholder,/job:localhost/replica:0/task:0/device:CPU:0,2.0,0.002
_arg_fquzjvY71r_0_1197,Placeholder,/job:localhost/replica:0/task:0/device:CPU:0,2.0,0.002
_arg_bDp4AqduRa_0_1076,Placeholder,/job:localhost/replica:0/task:0/device:CPU:0,2.0,0.002
_arg_bKxU8RBwI0_0_1080,Placeholder,/job:localhost/replica:0/task:0/device:CPU:0,2.0,0.002
_arg_gWlsDJBO8F_0_1215,Placeholder,/job:localhost/replica:0/task:0/device:CPU:0,2.0,0.002
_arg_iL7YGKZIur_0_1273,Placeholder,/job:localhost/replica:0/task:0/device:CPU:0,2.0,0.002
_arg_iW4xlmVNwJ_0_1279,Placeholder,/job:localhost/replica:0/task:0/device:CPU:0,2.0,0.002
_arg_jIAQG9oDr0_0_1294,Placeholder,/job:localhost/replica:0/task:0/device:CPU:0,2.0,0.002
_arg_l8RT2hy9cs_0_1346,Placeholder,/job:localhost/replica:0/task:0/device:CPU:0,2.0,0.002
_arg_nX6ToBOyQx_0_1411,Placeholder,/job:localhost/replica:0/task:0/device:CPU:0,2.0,0.002
_arg_jfIanVt6Z9_0_1303,Placeholder,/job:localhost/replica:0/task:0/device:CPU:0,2.0,0.002
_arg_kI637oDLJP_0_1318,Placeholder,/job:localhost/replica:0/task:0/device:CPU:0,2.0,0.002
_arg_l58n2STFU1_0_1342,Placeholder,/job:localhost/replica:0/task:0/device:CPU:0,2.0,0.002
_arg_qK4nv0Tt7f_0_1496,Placeholder,/job:localhost/replica:0/task:0/device:CPU:0,2.0,0.002
_arg_n5jvh0tMgS_0_1400,Placeholder,/job:localhost/replica:0/task:0/device:CPU:0,2.0,0.002
_arg_pXjJ2Q5qcu_0_1473,Placeholder,/job:localhost/replica:0/task:0/device:CPU:0,2.0,0.002
_arg_qfTlBr8yXZ_0_1505,Placeholder,/job:localhost/replica:0/task:0/device:CPU:0,2.0,0.002
_arg_rCYIwncm7h_0_1526,Placeholder,/job:localhost/replica:0/task:0/device:CPU:0,2.0,0.002
_arg_mWXs5DHAQl_0_1385,Placeholder,/job:localhost/replica:0/task:0/device:CPU:0,2.0,0.002
_arg_mrBf8qR07X_0_1393,Placeholder,/job:localhost/replica:0/task:0/device:CPU:0,2.0,0.002
_arg_t6BjeINVCK_0_1584,Placeholder,/job:localhost/replica:0/task:0/device:CPU:0,2.0,0.002
_arg_tM87LVNREH_0_1595,Placeholder,/job:localhost/replica:0/task:0/device:CPU:0,2.0,0.002
_arg_u4oJgIaVLZ_0_1611,Placeholder,/job:localhost/replica:0/task:0/device:CPU:0,2.0,0.002
_arg_nTRN2K6u79_0_1409,Placeholder,/job:localhost/replica:0/task:0/device:CPU:0,2.0,0.002
_arg_oPIlqU3WvH_0_1439,Placeholder,/job:localhost/replica:0/task:0/device:CPU:0,2.0,0.002
_arg_oxVJs93XYb_0_1452,Placeholder,/job:localhost/replica:0/task:0/device:CPU:0,2.0,0.002
_arg_p0SIeq9cb3_0_1455,Placeholder,/job:localhost/replica:0/task:0/device:CPU:0,2.0,0.002
_arg_qoVpgKde0H_0_1511,Placeholder,/job:localhost/replica:0/task:0/device:CPU:0,2.0,0.002
_arg_qte18hBxzb_0_1515,Placeholder,/job:localhost/replica:0/task:0/device:CPU:0,2.0,0.002
_arg_sI9imJ1bNe_0_1556,Placeholder,/job:localhost/replica:0/task:0/device:CPU:0,2.0,0.002
_arg_pbgj9PC6aB_0_1476,Placeholder,/job:localhost/replica:0/task:0/device:CPU:0,2.0,0.002
_arg_wU1TjBm4ai_0_1689,Placeholder,/job:localhost/replica:0/task:0/device:CPU:0,2.0,0.002
_arg_vgdUh6l49x_0_1665,Placeholder,/job:localhost/replica:0/task:0/device:CPU:0,2.0,0.002
_arg_yH8m0PEXan_0_1737,Placeholder,/job:localhost/replica:0/task:0/device:CPU:0,2.0,0.002
_arg_zGXPRZ8gmc_0_1765,Placeholder,/job:localhost/replica:0/task:0/device:CPU:0,2.0,0.002
_arg_t06xsD5CZU_0_1581,Placeholder,/job:localhost/replica:0/task:0/device:CPU:0,2.0,0.002
_arg_wByiMznxX8_0_1677,Placeholder,/job:localhost/replica:0/task:0/device:CPU:0,2.0,0.002
_arg_x0lv4khmfq_0_1709,Placeholder,/job:localhost/replica:0/task:0/device:CPU:0,2.0,0.002
_arg_zEygCa9dFS_0_1763,Placeholder,/job:localhost/replica:0/task:0/device:CPU:0,2.0,0.002
_retval_zWeo1fA2si_0_17,Prod,/job:localhost/replica:0/task:0/device:CPU:0,2.0,0.002
_retval_fW6rmlPvhK_0_13,Mean,/job:localhost/replica:0/task:0/device:CPU:0,2.0,0.002
_retval_Zw36HnmKdN_0_9,Mean,/job:localhost/replica:0/task:0/device:CPU:0,2.0,0.002
_retval_aesduLtYmP_0_10,Prod,/job:localhost/replica:0/task:0/device:CPU:0,2.0,0.002
FM1I7dQ4PH,Const,/job:localhost/replica:0/task:0/device:GPU:0,2.0,0.002
w9v6MQJrgm,Const,/job:localhost/replica:0/task:0/device:GPU:0,2.0,0.002
Gvi4PAkSat,Const,/job:localhost/replica:0/task:0/device:GPU:0,2.0,0.002
swjKLZqo6S,Const,/job:localhost/replica:0/task:0/device:GPU:0,2.0,0.002
XcSdFAswUx,Const,/job:localhost/replica:0/task:0/device:GPU:0,2.0,0.002
6S5QyBhIit,Const,/job:localhost/replica:0/task:0/device:GPU:0,2.0,0.002
5gjlH3NEJu,Const,/job:localhost/replica:0/task:0/device:GPU:0,2.0,0.002
yCrvA34z1M,Const,/job:localhost/replica:0/task:0/device:GPU:0,2.0,0.002
vDY035wrUK,Const,/job:localhost/replica:0/task:0/device:GPU:0,2.0,0.002
GN9npZed60,Const,/job:localhost/replica:0/task:0/device:GPU:0,2.0,0.002
R5gyusO0Mw,Const,/job:localhost/replica:0/task:0/device:GPU:0,2.0,0.002
XpRIJmgha9,Const,/job:localhost/replica:0/task:0/device:GPU:0,2.0,0.002
9jhNREWr7z,Const,/job:localhost/replica:0/task:0/device:GPU:0,2.0,0.002
HxVSkJjKAc,Const,/job:localhost/replica:0/task:0/device:GPU:0,2.0,0.002
xXRlyV58h4,Const,/job:localhost/replica:0/task:0/device:GPU:0,2.0,0.002
IGXuPkdnt4,Const,/job:localhost/replica:0/task:0/device:GPU:0,2.0,0.002
Qit5J1v32F,Const,/job:localhost/replica:0/task:0/device:GPU:0,2.0,0.002
RpcUDgLWsn,Const,/job:localhost/replica:0/task:0/device:GPU:0,2.0,0.002
1ZeLFIoKUd,Const,/job:localhost/replica:0/task:0/device:GPU:0,2.0,0.002
qrKjnzs0P6,Const,/job:localhost/replica:0/task:0/device:GPU:0,2.0,0.002
tK0CuAjfV3,Const,/job:localhost/replica:0/task:0/device:GPU:0,2.0,0.002
qpn01cgXQy,Const,/job:localhost/replica:0/task:0/device:GPU:0,2.0,0.002
9fX0UoRdMG,Const,/job:localhost/replica:0/task:0/device:GPU:0,2.0,0.002
jLawrAJpN5,Const,/job:localhost/replica:0/task:0/device:GPU:0,2.0,0.002
HSqDkaQsXl,Const,/job:localhost/replica:0/task:0/device:GPU:0,2.0,0.002
oUp1VBvnr9,Const,/job:localhost/replica:0/task:0/device:GPU:0,2.0,0.002
N6nkeRP8vG,Const,/job:localhost/replica:0/task:0/device:GPU:0,2.0,0.002
tugvUAC7pB,Const,/job:localhost/replica:0/task:0/device:GPU:0,2.0,0.002
IM8XqyuSBK,Const,/job:localhost/replica:0/task:0/device:GPU:0,2.0,0.002
ZdlUKbnafp,Const,/job:localhost/replica:0/task:0/device:GPU:0,2.0,0.002
dYv7oICLPO,Const,/job:localhost/replica:0/task:0/device:GPU:0,2.0,0.002
xbXdwF8pU7,Const,/job:localhost/replica:0/task:0/device:GPU:0,2.0,0.002
tS93njTxOa,Const,/job:localhost/replica:0/task:0/device:GPU:0,2.0,0.002
7nRm9LsJwd,Const,/job:localhost/replica:0/task:0/device:GPU:0,2.0,0.002
zOmb86oGgI,Const,/job:localhost/replica:0/task:0/device:GPU:0,2.0,0.002
tzmbrLkF9u,Const,/job:localhost/replica:0/task:0/device:GPU:0,2.0,0.002
ljCzYZmS8T,Const,/job:localhost/replica:0/task:0/device:GPU:0,2.0,0.002
UhnuFP7HLm,Const,/job:localhost/replica:0/task:0/device:GPU:0,2.0,0.002
p4xa0GwiNX,Const,/job:localhost/replica:0/task:0/device:GPU:0,2.0,0.002
BnWKTi7M2U,Const,/job:localhost/replica:0/task:0/device:GPU:0,2.0,0.002
7zvhSDfrQ0,Const,/job:localhost/replica:0/task:0/device:GPU:0,2.0,0.002
3UKa8ATbqu,Const,/job:localhost/replica:0/task:0/device:GPU:0,2.0,0.002
uDRAihNH5o,Const,/job:localhost/replica:0/task:0/device:GPU:0,2.0,0.002
9MEYALPz1w,Const,/job:localhost/replica:0/task:0/device:GPU:0,2.0,0.002
oGecxdFbt5,Const,/job:localhost/replica:0/task:0/device:GPU:0,2.0,0.002
D21f83KyHc,Const,/job:localhost/replica:0/task:0/device:GPU:0,2.0,0.002
rQVt1ZCJka,Const,/job:localhost/replica:0/task:0/device:GPU:0,2.0,0.002
QXyxW1g9ij,Const,/job:localhost/replica:0/task:0/device:GPU:0,2.0,0.002
dZ864N1LjJ,Const,/job:localhost/replica:0/task:0/device:GPU:0,2.0,0.002
UdDjhMyXWw,Const,/job:localhost/replica:0/task:0/device:GPU:0,2.0,0.002
dxEnVD6bWc,Const,/job:localhost/replica:0/task:0/device:GPU:0,2.0,0.002
t9LvZakFeA,Const,/job:localhost/replica:0/task:0/device:GPU:0,2.0,0.002
ZEuHPTamwk,Const,/job:localhost/replica:0/task:0/device:GPU:0,2.0,0.002
KT3VYcieRt,Const,/job:localhost/replica:0/task:0/device:GPU:0,2.0,0.002
Mz1nevPVGW,Const,/job:localhost/replica:0/task:0/device:GPU:0,2.0,0.002
PpztXvhTjH,Const,/job:localhost/replica:0/task:0/device:GPU:0,2.0,0.002
WC657KoG9j,Const,/job:localhost/replica:0/task:0/device:GPU:0,2.0,0.002
3P5UE4Fuk0,Const,/job:localhost/replica:0/task:0/device:GPU:0,2.0,0.002
u0hZ4SqRL7,Const,/job:localhost/replica:0/task:0/device:GPU:0,2.0,0.002
xS5rVaEdBc,Const,/job:localhost/replica:0/task:0/device:GPU:0,2.0,0.002
lpaNk6iWBq,Const,/job:localhost/replica:0/task:0/device:GPU:0,2.0,0.002
Wxw4qJavEL,Const,/job:localhost/replica:0/task:0/device:GPU:0,2.0,0.002
7abdP9L6xT,Const,/job:localhost/replica:0/task:0/device:GPU:0,2.0,0.002
vEwceQVMnN,Const,/job:localhost/replica:0/task:0/device:GPU:0,2.0,0.002
cYuViob1Ex,Const,/job:localhost/replica:0/task:0/device:GPU:0,2.0,0.002
7bXCVexMhR,Const,/job:localhost/replica:0/task:0/device:GPU:0,2.0,0.002
WPRC0qwNzc,Const,/job:localhost/replica:0/task:0/device:GPU:0,2.0,0.002
tc5dzkXmoj,Const,/job:localhost/replica:0/task:0/device:GPU:0,2.0,0.002
I8GT1cPzRC,Const,/job:localhost/replica:0/task:0/device:GPU:0,2.0,0.002
23dNMSeFp9,Const,/job:localhost/replica:0/task:0/device:GPU:0,2.0,0.002
JoSv0apzfM,Const,/job:localhost/replica:0/task:0/device:GPU:0,2.0,0.002
2aPQ9EkoOA,Const,/job:localhost/replica:0/task:0/device:GPU:0,2.0,0.002
cwhJC9d3l8,Const,/job:localhost/replica:0/task:0/device:GPU:0,2.0,0.002
Y8Q5sl7uzd,Const,/job:localhost/replica:0/task:0/device:GPU:0,2.0,0.002
iOdRZUB2hQ,Const,/job:localhost/replica:0/task:0/device:GPU:0,2.0,0.002
xXNLZjPahR,Const,/job:localhost/replica:0/task:0/device:GPU:0,2.0,0.002
JLryof30YD,Const,/job:localhost/replica:0/task:0/device:GPU:0,2.0,0.002
lncCzvKfX9,Const,/job:localhost/replica:0/task:0/device:GPU:0,2.0,0.002
0O4QdRaurt,Const,/job:localhost/replica:0/task:0/device:GPU:0,2.0,0.002
za2dgBjI9V,Const,/job:localhost/replica:0/task:0/device:GPU:0,2.0,0.002
6IDFnm9QTH,Const,/job:localhost/replica:0/task:0/device:GPU:0,2.0,0.002
PuoERZ2C1M,Const,/job:localhost/replica:0/task:0/device:GPU:0,2.0,0.002
saT02xgpLK,Const,/job:localhost/replica:0/task:0/device:GPU:0,2.0,0.002
8G1RO7jnoI,Const,/job:localhost/replica:0/task:0/device:GPU:0,2.0,0.002
xYRfDPXnBe,Const,/job:localhost/replica:0/task:0/device:GPU:0,2.0,0.002
ohAj4rSIGJ,Const,/job:localhost/replica:0/task:0/device:GPU:0,2.0,0.002
NPzBKZ0Tv3,Const,/job:localhost/replica:0/task:0/device:GPU:0,2.0,0.002
72yHrCMxbd,Const,/job:localhost/replica:0/task:0/device:GPU:0,2.0,0.002
UML3NVb7zy,Const,/job:localhost/replica:0/task:0/device:GPU:0,2.0,0.002
qn9AQhkrlg,Const,/job:localhost/replica:0/task:0/device:GPU:0,2.0,0.002
qL9txYDInR,Const,/job:localhost/replica:0/task:0/device:GPU:0,2.0,0.002
GBdzf35gX7,Const,/job:localhost/replica:0/task:0/device:GPU:0,2.0,0.002
JalbTEnUcs,Const,/job:localhost/replica:0/task:0/device:GPU:0,2.0,0.002
cKsXSB1bHv,Const,/job:localhost/replica:0/task:0/device:GPU:0,2.0,0.002
ZAoMzF89da,Const,/job:localhost/replica:0/task:0/device:GPU:0,2.0,0.002
6yGdlQ1EPm,Const,/job:localhost/replica:0/task:0/device:GPU:0,2.0,0.002
rv60wHeGoa,Const,/job:localhost/replica:0/task:0/device:GPU:0,2.0,0.002
beUPFsvYTf,Const,/job:localhost/replica:0/task:0/device:GPU:0,2.0,0.002
vGbR4xjfq5,Const,/job:localhost/replica:0/task:0/device:GPU:0,2.0,0.002
u2ZMWPCbOt,Const,/job:localhost/replica:0/task:0/device:GPU:0,2.0,0.002
piV2DYrEQB,Const,/job:localhost/replica:0/task:0/device:GPU:0,2.0,0.002
fsGmKoR1V3,Const,/job:localhost/replica:0/task:0/device:GPU:0,2.0,0.002
XoMJ1FNsDz,Const,/job:localhost/replica:0/task:0/device:GPU:0,2.0,0.002
O0RsbQ8ez3,Const,/job:localhost/replica:0/task:0/device:GPU:0,2.0,0.002
rac7qgIlEC,Const,/job:localhost/replica:0/task:0/device:GPU:0,2.0,0.002
neb8g6WBLV,Const,/job:localhost/replica:0/task:0/device:GPU:0,2.0,0.002
FjVkbJu8a6,Const,/job:localhost/replica:0/task:0/device:GPU:0,2.0,0.002
UolYQsTJFy,Const,/job:localhost/replica:0/task:0/device:GPU:0,2.0,0.002
iU4ARg12Jr,Const,/job:localhost/replica:0/task:0/device:GPU:0,2.0,0.002
asbPzIW4Qr,Const,/job:localhost/replica:0/task:0/device:GPU:0,2.0,0.002
CuNKHSB1RU,Const,/job:localhost/replica:0/task:0/device:GPU:0,2.0,0.002
mz9RCVrHlY,Const,/job:localhost/replica:0/task:0/device:GPU:0,2.0,0.002
YDB4FRroS0,Const,/job:localhost/replica:0/task:0/device:GPU:0,2.0,0.002
szDBu260Qr,Const,/job:localhost/replica:0/task:0/device:GPU:0,2.0,0.002
y467PieJRU,Const,/job:localhost/replica:0/task:0/device:GPU:0,2.0,0.002
2P0efQqAl7,Const,/job:localhost/replica:0/task:0/device:GPU:0,2.0,0.002
UnqiSHhQdl,Const,/job:localhost/replica:0/task:0/device:GPU:0,2.0,0.002
vjQmh5Lizx,Const,/job:localhost/replica:0/task:0/device:GPU:0,2.0,0.002
xUu34ydSvD,Const,/job:localhost/replica:0/task:0/device:GPU:0,2.0,0.002
zn5QumdK9s,Const,/job:localhost/replica:0/task:0/device:GPU:0,2.0,0.002
9ZWGdUi7OL,Const,/job:localhost/replica:0/task:0/device:GPU:0,2.0,0.002
Cj09FPpyfO,Const,/job:localhost/replica:0/task:0/device:GPU:0,2.0,0.002
j63KyMb9o7,Const,/job:localhost/replica:0/task:0/device:GPU:0,2.0,0.002
zj6FfcLYae,Const,/job:localhost/replica:0/task:0/device:GPU:0,2.0,0.002
naWREphDoe,Const,/job:localhost/replica:0/task:0/device:GPU:0,2.0,0.002
AXxgriVq4D,Const,/job:localhost/replica:0/task:0/device:GPU:0,2.0,0.002
vSGqzpyhBR,Const,/job:localhost/replica:0/task:0/device:GPU:0,2.0,0.002
hRijUKsFCc,Const,/job:localhost/replica:0/task:0/device:GPU:0,2.0,0.002
WuF0Rit6BP,Const,/job:localhost/replica:0/task:0/device:GPU:0,2.0,0.002
lpeySAzCOF,Const,/job:localhost/replica:0/task:0/device:GPU:0,2.0,0.002
HCKTgcqWFX,Const,/job:localhost/replica:0/task:0/device:GPU:0,2.0,0.002
GSYwRDUJcB,Const,/job:localhost/replica:0/task:0/device:GPU:0,2.0,0.002
wQmIgkASVs,Const,/job:localhost/replica:0/task:0/device:GPU:0,2.0,0.002
HVKfirhRDW,Const,/job:localhost/replica:0/task:0/device:GPU:0,2.0,0.002
n39HlcYA4q,Const,/job:localhost/replica:0/task:0/device:GPU:0,2.0,0.002
CWgJqfwF0c,Const,/job:localhost/replica:0/task:0/device:GPU:0,2.0,0.002
fKpcu3UxQh,Const,/job:localhost/replica:0/task:0/device:GPU:0,2.0,0.002
eOEulqCoNm,Const,/job:localhost/replica:0/task:0/device:GPU:0,2.0,0.002
2RvrzFK4oJ,Const,/job:localhost/replica:0/task:0/device:GPU:0,2.0,0.002
w30Wht2KUC,Const,/job:localhost/replica:0/task:0/device:GPU:0,2.0,0.002
nK7SME8zPo,Const,/job:localhost/replica:0/task:0/device:GPU:0,2.0,0.002
dD1PWbV9qy,Const,/job:localhost/replica:0/task:0/device:GPU:0,2.0,0.002
XY0VqArD5E,Const,/job:localhost/replica:0/task:0/device:GPU:0,2.0,0.002
LwAQhc0DHl,Const,/job:localhost/replica:0/task:0/device:GPU:0,2.0,0.002
qQCt1d2yiZ,Const,/job:localhost/replica:0/task:0/device:GPU:0,2.0,0.002
qfHGvJArZe,Const,/job:localhost/replica:0/task:0/device:GPU:0,2.0,0.002
0tMm9uJ6jL,Const,/job:localhost/replica:0/task:0/device:GPU:0,2.0,0.002
lPWwYvIOBp,Const,/job:localhost/replica:0/task:0/device:GPU:0,2.0,0.002
f7pVahbHAJ,Const,/job:localhost/replica:0/task:0/device:GPU:0,2.0,0.002
lxUpbTjnSc,Const,/job:localhost/replica:0/task:0/device:GPU:0,2.0,0.002
ozGM5uqigr,Const,/job:localhost/replica:0/task:0/device:GPU:0,2.0,0.002
S8vuzrJlxm,Const,/job:localhost/replica:0/task:0/device:GPU:0,2.0,0.002
60nvwP9LIV,Const,/job:localhost/replica:0/task:0/device:GPU:0,2.0,0.002
WPSgfpEw8H,Const,/job:localhost/replica:0/task:0/device:GPU:0,2.0,0.002
84aVkz3uGp,Const,/job:localhost/replica:0/task:0/device:GPU:0,2.0,0.002
T3JLenu2QW,Const,/job:localhost/replica:0/task:0/device:GPU:0,2.0,0.002
5WxJKoDmqr,Const,/job:localhost/replica:0/task:0/device:GPU:0,2.0,0.002
ZbDHh70e1x,Const,/job:localhost/replica:0/task:0/device:GPU:0,2.0,0.002
EI2hWtdMTp,Const,/job:localhost/replica:0/task:0/device:GPU:0,2.0,0.002
mX5xOIEz1p,Const,/job:localhost/replica:0/task:0/device:GPU:0,2.0,0.002
3EUKLohar9,Const,/job:localhost/replica:0/task:0/device:GPU:0,2.0,0.002
CfIOsciUw1,Const,/job:localhost/replica:0/task:0/device:GPU:0,2.0,0.002
SzBO3cfhPK,Const,/job:localhost/replica:0/task:0/device:GPU:0,2.0,0.002
ZymSB2QFX4,Const,/job:localhost/replica:0/task:0/device:GPU:0,2.0,0.002
xGIs7CEnzr,Const,/job:localhost/replica:0/task:0/device:GPU:0,2.0,0.002
h9Ya2JMxPd,Const,/job:localhost/replica:0/task:0/device:GPU:0,2.0,0.002
izMf86QGVC,Const,/job:localhost/replica:0/task:0/device:GPU:0,2.0,0.002
7YmajiAOUK,Const,/job:localhost/replica:0/task:0/device:GPU:0,2.0,0.002
fgMhm7aYBo,Const,/job:localhost/replica:0/task:0/device:GPU:0,2.0,0.002
EToRVNS2M4,Const,/job:localhost/replica:0/task:0/device:GPU:0,2.0,0.002
dlGPqKr263,Const,/job:localhost/replica:0/task:0/device:GPU:0,2.0,0.002
7VnNZPuhl2,Const,/job:localhost/replica:0/task:0/device:GPU:0,2.0,0.002
OlhtJEi6FN,Const,/job:localhost/replica:0/task:0/device:GPU:0,2.0,0.002
jA3eM9a0IT,Const,/job:localhost/replica:0/task:0/device:GPU:0,2.0,0.002
BqWsjdAUeb,Const,/job:localhost/replica:0/task:0/device:GPU:0,2.0,0.002
fFnZwP4Hjd,Const,/job:localhost/replica:0/task:0/device:GPU:0,2.0,0.002
p76uGa1ZS2,Const,/job:localhost/replica:0/task:0/device:GPU:0,2.0,0.002
eSskc6Cao0,Const,/job:localhost/replica:0/task:0/device:GPU:0,2.0,0.002
QckM586ZIX,Const,/job:localhost/replica:0/task:0/device:GPU:0,2.0,0.002
URs56TDho0,Const,/job:localhost/replica:0/task:0/device:GPU:0,2.0,0.002
QYeJPVZFU9,Const,/job:localhost/replica:0/task:0/device:GPU:0,2.0,0.002
w4gr0loUjF,Const,/job:localhost/replica:0/task:0/device:GPU:0,2.0,0.002
wZ7seX8V0m,Const,/job:localhost/replica:0/task:0/device:GPU:0,2.0,0.002
9Aja4wKTnY,Const,/job:localhost/replica:0/task:0/device:GPU:0,2.0,0.002
RQsBZmHtz1,Const,/job:localhost/replica:0/task:0/device:GPU:0,2.0,0.002
O8BPTxlt6Y,Const,/job:localhost/replica:0/task:0/device:GPU:0,2.0,0.002
6R4z3o1V95,Const,/job:localhost/replica:0/task:0/device:GPU:0,2.0,0.002
jaY8XHORhx,Const,/job:localhost/replica:0/task:0/device:GPU:0,2.0,0.002
fLpxwFUbI6,Const,/job:localhost/replica:0/task:0/device:GPU:0,2.0,0.002
jhdeIHcQgq,Const,/job:localhost/replica:0/task:0/device:GPU:0,2.0,0.002
N1j0Tanu3y,Const,/job:localhost/replica:0/task:0/device:GPU:0,2.0,0.002
UFrpw9f0zH,Const,/job:localhost/replica:0/task:0/device:GPU:0,2.0,0.002
S9u2gCFNMW,Const,/job:localhost/replica:0/task:0/device:GPU:0,2.0,0.002
7sxj8uql9A,Const,/job:localhost/replica:0/task:0/device:GPU:0,2.0,0.002
Mu7yeNnxjE,Const,/job:localhost/replica:0/task:0/device:GPU:0,2.0,0.002
dB5oQ4Eql6,Const,/job:localhost/replica:0/task:0/device:GPU:0,2.0,0.002
qjpxlBLhDn,Const,/job:localhost/replica:0/task:0/device:GPU:0,2.0,0.002
qL3EVKWHbu,Const,/job:localhost/replica:0/task:0/device:GPU:0,2.0,0.002
SPamocJhz9,Const,/job:localhost/replica:0/task:0/device:GPU:0,2.0,0.002
17bwtRCQqX,Const,/job:localhost/replica:0/task:0/device:GPU:0,2.0,0.002
Rutk5Xwes1,Const,/job:localhost/replica:0/task:0/device:GPU:0,2.0,0.002
31klqpHN2U,Const,/job:localhost/replica:0/task:0/device:GPU:0,2.0,0.002
4j6rlb9Dx5,Const,/job:localhost/replica:0/task:0/device:GPU:0,2.0,0.002
6fZX3Y5GAF,Const,/job:localhost/replica:0/task:0/device:GPU:0,2.0,0.002
G8xQBwzEZ2,Const,/job:localhost/replica:0/task:0/device:GPU:0,2.0,0.002
XDImkbEeJM,Const,/job:localhost/replica:0/task:0/device:GPU:0,2.0,0.002
R57hegI8qZ,Const,/job:localhost/replica:0/task:0/device:GPU:0,2.0,0.002
cwDnBC4sIH,Const,/job:localhost/replica:0/task:0/device:GPU:0,2.0,0.002
L13CyJojAY,Const,/job:localhost/replica:0/task:0/device:GPU:0,2.0,0.002
EhlWISQqBX,Const,/job:localhost/replica:0/task:0/device:GPU:0,2.0,0.002
OdlYtLJnGP,Const,/job:localhost/replica:0/task:0/device:GPU:0,2.0,0.002
vLZcx8VFdH,Const,/job:localhost/replica:0/task:0/device:GPU:0,2.0,0.002
WO0Bayut8P,Const,/job:localhost/replica:0/task:0/device:GPU:0,2.0,0.002
FMRgj8uhKw,Const,/job:localhost/replica:0/task:0/device:GPU:0,2.0,0.002
l9FPkgbB0L,Const,/job:localhost/replica:0/task:0/device:GPU:0,2.0,0.002
P6nU9kFrfq,Const,/job:localhost/replica:0/task:0/device:GPU:0,2.0,0.002
jb2LqhXaeF,Const,/job:localhost/replica:0/task:0/device:GPU:0,2.0,0.002
oiXrBGp7Wt,Const,/job:localhost/replica:0/task:0/device:GPU:0,2.0,0.002
KXkJsoHEwR,Const,/job:localhost/replica:0/task:0/device:GPU:0,2.0,0.002
0ZmNVhGe1t,Const,/job:localhost/replica:0/task:0/device:GPU:0,2.0,0.002
nt0zsdM9wH,Const,/job:localhost/replica:0/task:0/device:GPU:0,2.0,0.002
3nUKkLf0Md,Const,/job:localhost/replica:0/task:0/device:GPU:0,2.0,0.002
vUyBN3Lu8t,Const,/job:localhost/replica:0/task:0/device:GPU:0,2.0,0.002
FJ3jA9I6LR,Const,/job:localhost/replica:0/task:0/device:GPU:0,2.0,0.002
3cwtQmUVPT,Const,/job:localhost/replica:0/task:0/device:GPU:0,2.0,0.002
SKA89xhcfm,Const,/job:localhost/replica:0/task:0/device:GPU:0,2.0,0.002
bvL25UHA0X,Const,/job:localhost/replica:0/task:0/device:GPU:0,2.0,0.002
KpxDLG7T5I,Const,/job:localhost/replica:0/task:0/device:GPU:0,2.0,0.002
h8NB2LGCy0,Const,/job:localhost/replica:0/task:0/device:GPU:0,2.0,0.002
DwXV4Hxdym,Const,/job:localhost/replica:0/task:0/device:GPU:0,2.0,0.002
dvYk9UCVNc,Const,/job:localhost/replica:0/task:0/device:GPU:0,2.0,0.002
HCa9MPA5qe,Const,/job:localhost/replica:0/task:0/device:GPU:0,2.0,0.002
1StPOEwmBZ,Const,/job:localhost/replica:0/task:0/device:GPU:0,2.0,0.002
qLtIm1MkF3,Const,/job:localhost/replica:0/task:0/device:GPU:0,2.0,0.002
crj7mSzZ2A,Const,/job:localhost/replica:0/task:0/device:GPU:0,2.0,0.002
zwcnBh6Zfo,Const,/job:localhost/replica:0/task:0/device:GPU:0,2.0,0.002
9sdfh3RU7B,Const,/job:localhost/replica:0/task:0/device:GPU:0,2.0,0.002
J2GjXTabVA,Const,/job:localhost/replica:0/task:0/device:GPU:0,2.0,0.002
cnMsbOzF0m,Const,/job:localhost/replica:0/task:0/device:GPU:0,2.0,0.002
VWl1C0ZxAq,Const,/job:localhost/replica:0/task:0/device:GPU:0,2.0,0.002
bX83UecNkL,Const,/job:localhost/replica:0/task:0/device:GPU:0,2.0,0.002
IUolGzCaQM,Const,/job:localhost/replica:0/task:0/device:GPU:0,2.0,0.002
M5YRyIhKJ3,Const,/job:localhost/replica:0/task:0/device:GPU:0,2.0,0.002
aIFhgVR1jW,Const,/job:localhost/replica:0/task:0/device:GPU:0,2.0,0.002
os60cwYMBv,Const,/job:localhost/replica:0/task:0/device:GPU:0,2.0,0.002
mD3Gltvz02,Const,/job:localhost/replica:0/task:0/device:GPU:0,2.0,0.002
BmXgyUn1iw,Const,/job:localhost/replica:0/task:0/device:GPU:0,2.0,0.002
X5dcolFgLk,Const,/job:localhost/replica:0/task:0/device:GPU:0,2.0,0.002
q5XACiV4fw,Const,/job:localhost/replica:0/task:0/device:GPU:0,2.0,0.002
cpVmBzKaQM,Const,/job:localhost/replica:0/task:0/device:GPU:0,2.0,0.002
2wPYn9kLJe,Const,/job:localhost/replica:0/task:0/device:GPU:0,2.0,0.002
8nD9YJTQgz,Const,/job:localhost/replica:0/task:0/device:GPU:0,2.0,0.002
Mb7lWxA1Qo,Const,/job:localhost/replica:0/task:0/device:GPU:0,2.0,0.002
1s2vkfnd5K/_34__cf__34,Reshape,/job:localhost/replica:0/task:0/device:GPU:0,2.0,0.002
14S3IM8xhO/_20__cf__20,Sub,/job:localhost/replica:0/task:0/device:GPU:0,2.0,0.002
6HhKonNybF/_73__cf__73,Reshape,/job:localhost/replica:0/task:0/device:GPU:0,2.0,0.002
0Mj4WDXhPf/_3__cf__3,Reshape,/job:localhost/replica:0/task:0/device:GPU:0,2.0,0.002
0rNliYzny1/_12__cf__12,Reshape,/job:localhost/replica:0/task:0/device:GPU:0,2.0,0.002
2O7qvrE8zU/_39__cf__39,Reshape,/job:localhost/replica:0/task:0/device:GPU:0,2.0,0.002
3EZKw9OSmD/_46__cf__46,RealDiv,/job:localhost/replica:0/task:0/device:GPU:0,2.0,0.002
45WljGfh8e/_52__cf__52,Cast,/job:localhost/replica:0/task:0/device:GPU:0,2.0,0.002
6nCetIWsco/_80__cf__80,Reshape,/job:localhost/replica:0/task:0/device:GPU:0,2.0,0.002
0s1oXGBlnv/_13__cf__13,Reshape,/job:localhost/replica:0/task:0/device:GPU:0,2.0,0.002
1pWM3TtQEI/_30__cf__30,Reshape,/job:localhost/replica:0/task:0/device:GPU:0,2.0,0.002
4RYBuTdjgn/_56__cf__56,Reshape,/job:localhost/replica:0/task:0/device:GPU:0,2.0,0.002
3jo7FkzObM/_49__cf__49,Reshape,/job:localhost/replica:0/task:0/device:GPU:0,2.0,0.002
4bs1BN5ore/_58__cf__58,Reshape,/job:localhost/replica:0/task:0/device:GPU:0,2.0,0.002
5ulZXtaMxk/_68__cf__68,Reshape,/job:localhost/replica:0/task:0/device:GPU:0,2.0,0.002
wrfkDgWX8j,Const,/job:localhost/replica:0/task:0/device:GPU:0,2.0,0.002
wmMyYzPpk9,Const,/job:localhost/replica:0/task:0/device:GPU:0,2.0,0.002
u0WGLcjF4p,Const,/job:localhost/replica:0/task:0/device:GPU:0,2.0,0.002
YadzyjF4Vb,Const,/job:localhost/replica:0/task:0/device:GPU:0,2.0,0.002
SIkwJcFgbM,Const,/job:localhost/replica:0/task:0/device:GPU:0,2.0,0.002
AFxGJI5tyN,Const,/job:localhost/replica:0/task:0/device:GPU:0,2.0,0.002
sdQV2gGHTk,Const,/job:localhost/replica:0/task:0/device:GPU:0,2.0,0.002
Xw306vZbBM,Const,/job:localhost/replica:0/task:0/device:GPU:0,2.0,0.002
BHLEizaSDR,Const,/job:localhost/replica:0/task:0/device:GPU:0,2.0,0.002
ioH6Tz3lnM,Const,/job:localhost/replica:0/task:0/device:GPU:0,2.0,0.002
G2Tbpvn4tR,Const,/job:localhost/replica:0/task:0/device:GPU:0,2.0,0.002
4rNt6uO0WK,Const,/job:localhost/replica:0/task:0/device:GPU:0,2.0,0.002
EtDqogmk9i,Const,/job:localhost/replica:0/task:0/device:GPU:0,2.0,0.002
7MvLH4Z6xq,Const,/job:localhost/replica:0/task:0/device:GPU:0,2.0,0.002
6Gc4TebDSm,Const,/job:localhost/replica:0/task:0/device:GPU:0,2.0,0.002
nhzse9q3Zu,Const,/job:localhost/replica:0/task:0/device:GPU:0,2.0,0.002
Vti5hSfsDn,Const,/job:localhost/replica:0/task:0/device:GPU:0,2.0,0.002
vXz1fEhCWI,Const,/job:localhost/replica:0/task:0/device:GPU:0,2.0,0.002
OnUMxmpy3v,Const,/job:localhost/replica:0/task:0/device:GPU:0,2.0,0.002
kF3zsIjbrp,Const,/job:localhost/replica:0/task:0/device:GPU:0,2.0,0.002
Byx21K4fOR,Const,/job:localhost/replica:0/task:0/device:GPU:0,2.0,0.002
Nqf7W51Ocn,Const,/job:localhost/replica:0/task:0/device:GPU:0,2.0,0.002
0VJmOQMu9i,Const,/job:localhost/replica:0/task:0/device:GPU:0,2.0,0.002
5qtJ4y2bOv,Const,/job:localhost/replica:0/task:0/device:GPU:0,2.0,0.002
ouFtRhYVda,Const,/job:localhost/replica:0/task:0/device:GPU:0,2.0,0.002
jf09B6WZoE,Const,/job:localhost/replica:0/task:0/device:GPU:0,2.0,0.002
7q58j3WCdx,Const,/job:localhost/replica:0/task:0/device:GPU:0,2.0,0.002
vKNjHE8qA6,Const,/job:localhost/replica:0/task:0/device:GPU:0,2.0,0.002
e5tUGwqz1j,Const,/job:localhost/replica:0/task:0/device:GPU:0,2.0,0.002
z9o0QREK5C,Const,/job:localhost/replica:0/task:0/device:GPU:0,2.0,0.002
Yqy3xBcEoH,Const,/job:localhost/replica:0/task:0/device:GPU:0,2.0,0.002
hYbxd4J1Na,Const,/job:localhost/replica:0/task:0/device:GPU:0,2.0,0.002
CW4iamnzQB,Const,/job:localhost/replica:0/task:0/device:GPU:0,2.0,0.002
YpQE1WsRfU,Const,/job:localhost/replica:0/task:0/device:GPU:0,2.0,0.002
OhotuFyTYK,Const,/job:localhost/replica:0/task:0/device:GPU:0,2.0,0.002
d8vZwDAY4o,Const,/job:localhost/replica:0/task:0/device:GPU:0,2.0,0.002
2vAZ0xqFgl,Const,/job:localhost/replica:0/task:0/device:GPU:0,2.0,0.002
8C9KkOFqj4,Const,/job:localhost/replica:0/task:0/device:GPU:0,2.0,0.002
Sfckzw3U4V,Const,/job:localhost/replica:0/task:0/device:GPU:0,2.0,0.002
avqYR8ec2j,Const,/job:localhost/replica:0/task:0/device:GPU:0,2.0,0.002
AsGU0liWf5,Const,/job:localhost/replica:0/task:0/device:GPU:0,2.0,0.002
qkefVTYvmE,Const,/job:localhost/replica:0/task:0/device:GPU:0,2.0,0.002
pabuneGRHm,Const,/job:localhost/replica:0/task:0/device:GPU:0,2.0,0.002
ZkztnlSGQs,Const,/job:localhost/replica:0/task:0/device:GPU:0,2.0,0.002
XajEwmtvud,Const,/job:localhost/replica:0/task:0/device:GPU:0,2.0,0.002
On8W5KQ2yh,Const,/job:localhost/replica:0/task:0/device:GPU:0,2.0,0.002
CJISMks8tA,Const,/job:localhost/replica:0/task:0/device:GPU:0,2.0,0.002
QYUPFOmV1n,Const,/job:localhost/replica:0/task:0/device:GPU:0,2.0,0.002
cNQTiRqdrW,Const,/job:localhost/replica:0/task:0/device:GPU:0,2.0,0.002
YtkdhHLn4v,Const,/job:localhost/replica:0/task:0/device:GPU:0,2.0,0.002
bClZygmJAp,Const,/job:localhost/replica:0/task:0/device:GPU:0,2.0,0.002
JdAKe4RqtL,Const,/job:localhost/replica:0/task:0/device:GPU:0,2.0,0.002
7FU9shB2Pk,Const,/job:localhost/replica:0/task:0/device:GPU:0,2.0,0.002
BYxr4QDZIo,Const,/job:localhost/replica:0/task:0/device:GPU:0,2.0,0.002
9zpLqtvWUV,Const,/job:localhost/replica:0/task:0/device:GPU:0,2.0,0.002
1Pw6FQnH5h,Const,/job:localhost/replica:0/task:0/device:GPU:0,2.0,0.002
xG8FAQdBnj,Const,/job:localhost/replica:0/task:0/device:GPU:0,2.0,0.002
8jBK0ACwEp,Const,/job:localhost/replica:0/task:0/device:GPU:0,2.0,0.002
FuD98Z1ST2,Const,/job:localhost/replica:0/task:0/device:GPU:0,2.0,0.002
xdVLSBXt0F,Const,/job:localhost/replica:0/task:0/device:GPU:0,2.0,0.002
MVewGBHYbm,Const,/job:localhost/replica:0/task:0/device:GPU:0,2.0,0.002
JzTE3vLeKC,Const,/job:localhost/replica:0/task:0/device:GPU:0,2.0,0.002
mNM8xhe9fz,Const,/job:localhost/replica:0/task:0/device:GPU:0,2.0,0.002
O25kWqyZ94,Const,/job:localhost/replica:0/task:0/device:GPU:0,2.0,0.002
GTJY7U25OX,Const,/job:localhost/replica:0/task:0/device:GPU:0,2.0,0.002
Cg6vy8wqU2,Const,/job:localhost/replica:0/task:0/device:GPU:0,2.0,0.002
D4BV8RWEpl,Const,/job:localhost/replica:0/task:0/device:GPU:0,2.0,0.002
Co7TAw4jgV,Const,/job:localhost/replica:0/task:0/device:GPU:0,2.0,0.002
epJCmFwcWN,Const,/job:localhost/replica:0/task:0/device:GPU:0,2.0,0.002
dr7T5GOSqy,Const,/job:localhost/replica:0/task:0/device:GPU:0,2.0,0.002
VXsSMn6YGk,Const,/job:localhost/replica:0/task:0/device:GPU:0,2.0,0.002
d5sBwFUlo4,Const,/job:localhost/replica:0/task:0/device:GPU:0,2.0,0.002
24TPFvsAjL,Const,/job:localhost/replica:0/task:0/device:GPU:0,2.0,0.002
blwdjv8AXg,Const,/job:localhost/replica:0/task:0/device:GPU:0,2.0,0.002
HZg4uAJwUm,Const,/job:localhost/replica:0/task:0/device:GPU:0,2.0,0.002
yb0geuCaHn,Const,/job:localhost/replica:0/task:0/device:GPU:0,2.0,0.002
As5wxhQp7N,Const,/job:localhost/replica:0/task:0/device:GPU:0,2.0,0.002
jeH3sRILBV,Const,/job:localhost/replica:0/task:0/device:GPU:0,2.0,0.002
KAWSzVXUty,Const,/job:localhost/replica:0/task:0/device:GPU:0,2.0,0.002
ZF8bfeIoY7,Const,/job:localhost/replica:0/task:0/device:GPU:0,2.0,0.002
Cpm7hslxqg,Const,/job:localhost/replica:0/task:0/device:GPU:0,2.0,0.002
HXKuNx9CPQ,Const,/job:localhost/replica:0/task:0/device:GPU:0,2.0,0.002
4AeCR6jgap,Const,/job:localhost/replica:0/task:0/device:GPU:0,2.0,0.002
6uLr2kUFxm,Const,/job:localhost/replica:0/task:0/device:GPU:0,2.0,0.002
Hj1FVeIryq,Const,/job:localhost/replica:0/task:0/device:GPU:0,2.0,0.002
1qLNoH5jgR,Const,/job:localhost/replica:0/task:0/device:GPU:0,2.0,0.002
3IJ14libmv,Const,/job:localhost/replica:0/task:0/device:GPU:0,2.0,0.002
ZTQGOLYxyt,Const,/job:localhost/replica:0/task:0/device:GPU:0,2.0,0.002
k3oXpMnsPB,Const,/job:localhost/replica:0/task:0/device:GPU:0,2.0,0.002
Rpc4n79LUv,Const,/job:localhost/replica:0/task:0/device:GPU:0,2.0,0.002
9hOwPZ4rIR,Const,/job:localhost/replica:0/task:0/device:GPU:0,2.0,0.002
bzw18NKDlv,Const,/job:localhost/replica:0/task:0/device:GPU:0,2.0,0.002
xyoqWcNLu3,Const,/job:localhost/replica:0/task:0/device:GPU:0,2.0,0.002
hDBqieAJPC,Const,/job:localhost/replica:0/task:0/device:GPU:0,2.0,0.002
8pA1jkXByV,Const,/job:localhost/replica:0/task:0/device:GPU:0,2.0,0.002
SPKil5GJnC,Const,/job:localhost/replica:0/task:0/device:GPU:0,2.0,0.002
5W428ulSan,Const,/job:localhost/replica:0/task:0/device:GPU:0,2.0,0.002
2c1vWosSd4,Const,/job:localhost/replica:0/task:0/device:GPU:0,2.0,0.002
OHBkvJlpF8,Const,/job:localhost/replica:0/task:0/device:GPU:0,2.0,0.002
ThluBfpMmq,Const,/job:localhost/replica:0/task:0/device:GPU:0,2.0,0.002
iwBMc4p8KT,Const,/job:localhost/replica:0/task:0/device:GPU:0,2.0,0.002
zcrXoGTSNt,Const,/job:localhost/replica:0/task:0/device:GPU:0,2.0,0.002
c7fnKUDupz,Const,/job:localhost/replica:0/task:0/device:GPU:0,2.0,0.002
e7dKlz8Exq,Const,/job:localhost/replica:0/task:0/device:GPU:0,2.0,0.002
39YUyI6l2H,Const,/job:localhost/replica:0/task:0/device:GPU:0,2.0,0.002
USiavZr9G5,Const,/job:localhost/replica:0/task:0/device:GPU:0,2.0,0.002
mZyJbGtzcI,Const,/job:localhost/replica:0/task:0/device:GPU:0,2.0,0.002
7fXq5ie2AS,Const,/job:localhost/replica:0/task:0/device:GPU:0,2.0,0.002
KConzuwqSB,Const,/job:localhost/replica:0/task:0/device:GPU:0,2.0,0.002
UXWAdBG2aS,Const,/job:localhost/replica:0/task:0/device:GPU:0,2.0,0.002
DygT6k7PnS,Const,/job:localhost/replica:0/task:0/device:GPU:0,2.0,0.002
spPdhw1vAf,Const,/job:localhost/replica:0/task:0/device:GPU:0,2.0,0.002
3XFzCe4ydc,Const,/job:localhost/replica:0/task:0/device:GPU:0,2.0,0.002
avliuBx5So,Const,/job:localhost/replica:0/task:0/device:GPU:0,2.0,0.002
1doRMur6KS,Const,/job:localhost/replica:0/task:0/device:GPU:0,2.0,0.002
vUhAJ9XofR,Const,/job:localhost/replica:0/task:0/device:GPU:0,2.0,0.002
6hpDgjfPqu,Const,/job:localhost/replica:0/task:0/device:GPU:0,2.0,0.002
giLUXjZJx5,Const,/job:localhost/replica:0/task:0/device:GPU:0,2.0,0.002
hUbVF83y6E,Const,/job:localhost/replica:0/task:0/device:GPU:0,2.0,0.002
U8JhS2FY7n,Const,/job:localhost/replica:0/task:0/device:GPU:0,2.0,0.002
mWSsH3Dl17,Const,/job:localhost/replica:0/task:0/device:GPU:0,2.0,0.002
uMQvCaf4ng,Const,/job:localhost/replica:0/task:0/device:GPU:0,2.0,0.002
mV70tBcPXf,Const,/job:localhost/replica:0/task:0/device:GPU:0,2.0,0.002
k9XAMSmT1O,Const,/job:localhost/replica:0/task:0/device:GPU:0,2.0,0.002
E9rPKpXOaL,Const,/job:localhost/replica:0/task:0/device:GPU:0,2.0,0.002
dzrYDtPm1u,Const,/job:localhost/replica:0/task:0/device:GPU:0,2.0,0.002
0VzQcg9l3J,Const,/job:localhost/replica:0/task:0/device:GPU:0,2.0,0.002
IgmthRuUr1,Const,/job:localhost/replica:0/task:0/device:GPU:0,2.0,0.002
dqOk0BYlDH,Const,/job:localhost/replica:0/task:0/device:GPU:0,2.0,0.002
lxiP4tuaWo,Const,/job:localhost/replica:0/task:0/device:GPU:0,2.0,0.002
SQ7vw4Lkyn,Const,/job:localhost/replica:0/task:0/device:GPU:0,2.0,0.002
IpxrABmEk2,Const,/job:localhost/replica:0/task:0/device:GPU:0,2.0,0.002
W94NM5EvGu,Const,/job:localhost/replica:0/task:0/device:GPU:0,2.0,0.002
FHdWroIaq9,Const,/job:localhost/replica:0/task:0/device:GPU:0,2.0,0.002
LFyTC1GeZ6,Const,/job:localhost/replica:0/task:0/device:GPU:0,2.0,0.002
ICm83y4o9n,Const,/job:localhost/replica:0/task:0/device:GPU:0,2.0,0.002
ETbi4sgIMQ,Const,/job:localhost/replica:0/task:0/device:GPU:0,2.0,0.002
M3LDU85ukr,Const,/job:localhost/replica:0/task:0/device:GPU:0,2.0,0.002
HsBU97gxiv,Const,/job:localhost/replica:0/task:0/device:GPU:0,2.0,0.002
qFx7aZdJr9,Const,/job:localhost/replica:0/task:0/device:GPU:0,2.0,0.002
bSBjNHeaMd,Const,/job:localhost/replica:0/task:0/device:GPU:0,2.0,0.002
6JfAtVm2Eu,Const,/job:localhost/replica:0/task:0/device:GPU:0,2.0,0.002
WwX7c9VQFE,Const,/job:localhost/replica:0/task:0/device:GPU:0,2.0,0.002
1oxXNMu8F3,Const,/job:localhost/replica:0/task:0/device:GPU:0,2.0,0.002
CRP6Bo4lfm,Const,/job:localhost/replica:0/task:0/device:GPU:0,2.0,0.002
mO3JbYSTHj,Const,/job:localhost/replica:0/task:0/device:GPU:0,2.0,0.002
a7Uw9fLDc5,Const,/job:localhost/replica:0/task:0/device:GPU:0,2.0,0.002
FamgdqnKsA,Const,/job:localhost/replica:0/task:0/device:GPU:0,2.0,0.002
PzCd8aIN0e,Const,/job:localhost/replica:0/task:0/device:GPU:0,2.0,0.002
1PiINhwLQt,Const,/job:localhost/replica:0/task:0/device:GPU:0,2.0,0.002
KZ0uBAUvz6,Const,/job:localhost/replica:0/task:0/device:GPU:0,2.0,0.002
VcoaD7yzw4,Const,/job:localhost/replica:0/task:0/device:GPU:0,2.0,0.002
Z42J3f6hEG,Const,/job:localhost/replica:0/task:0/device:GPU:0,2.0,0.002
KhW2HT7wGb,Const,/job:localhost/replica:0/task:0/device:GPU:0,2.0,0.002
NyqdfGzYBh,Const,/job:localhost/replica:0/task:0/device:GPU:0,2.0,0.002
2kySd8jiQJ,Const,/job:localhost/replica:0/task:0/device:GPU:0,2.0,0.002
qNxOUYLgmb,Const,/job:localhost/replica:0/task:0/device:GPU:0,2.0,0.002
iRD1uzSKgM,Const,/job:localhost/replica:0/task:0/device:GPU:0,2.0,0.002
Lti8vzWl6Q,Const,/job:localhost/replica:0/task:0/device:GPU:0,2.0,0.002
msXg8Wf9Ui,Const,/job:localhost/replica:0/task:0/device:GPU:0,2.0,0.002
U627Q4nvVe,Const,/job:localhost/replica:0/task:0/device:GPU:0,2.0,0.002
K2nBEydCPJ,Const,/job:localhost/replica:0/task:0/device:GPU:0,2.0,0.002
mK0LyOkuDo,Const,/job:localhost/replica:0/task:0/device:GPU:0,2.0,0.002
TzUik0BDVK,Const,/job:localhost/replica:0/task:0/device:GPU:0,2.0,0.002
nO5T7pGURx,Const,/job:localhost/replica:0/task:0/device:GPU:0,2.0,0.002
TMShw8RzCk,Const,/job:localhost/replica:0/task:0/device:GPU:0,2.0,0.002
v7aVIZmqg9,Const,/job:localhost/replica:0/task:0/device:GPU:0,2.0,0.002
XR7xnCY4dv,Const,/job:localhost/replica:0/task:0/device:GPU:0,2.0,0.002
TGhfd620kq,Const,/job:localhost/replica:0/task:0/device:GPU:0,2.0,0.002
hHeyaOZQ3z,Const,/job:localhost/replica:0/task:0/device:GPU:0,2.0,0.002
du7940zkUe,Const,/job:localhost/replica:0/task:0/device:GPU:0,2.0,0.002
9zT65In4QX,Const,/job:localhost/replica:0/task:0/device:GPU:0,2.0,0.002
6U8fOMhkFq,Const,/job:localhost/replica:0/task:0/device:GPU:0,2.0,0.002
TPbF0ScHEm,Const,/job:localhost/replica:0/task:0/device:GPU:0,2.0,0.002
NlY2b8JMPC,Const,/job:localhost/replica:0/task:0/device:GPU:0,2.0,0.002
0Rm53P2tlS,Const,/job:localhost/replica:0/task:0/device:GPU:0,2.0,0.002
nBUfoST2P3,Const,/job:localhost/replica:0/task:0/device:GPU:0,2.0,0.002
8j2tuWs3Up,Const,/job:localhost/replica:0/task:0/device:GPU:0,2.0,0.002
t3WLuehqpZ,Const,/job:localhost/replica:0/task:0/device:GPU:0,2.0,0.002
FrJyGUNhig,Const,/job:localhost/replica:0/task:0/device:GPU:0,2.0,0.002
Mhpk04SwoA,Const,/job:localhost/replica:0/task:0/device:GPU:0,2.0,0.002
k9lq0ufDFv,Const,/job:localhost/replica:0/task:0/device:GPU:0,2.0,0.002
UgbjdNxFcq,Const,/job:localhost/replica:0/task:0/device:GPU:0,2.0,0.002
P1kh2Tt9ZC,Const,/job:localhost/replica:0/task:0/device:GPU:0,2.0,0.002
F2A4uGXUi6,Const,/job:localhost/replica:0/task:0/device:GPU:0,2.0,0.002
Hhfbtjqm5S,Const,/job:localhost/replica:0/task:0/device:GPU:0,2.0,0.002
MRq9htZbnO,Const,/job:localhost/replica:0/task:0/device:GPU:0,2.0,0.002
tsIT34OmYz,Const,/job:localhost/replica:0/task:0/device:GPU:0,2.0,0.002
TatAGoyXiV,Const,/job:localhost/replica:0/task:0/device:GPU:0,2.0,0.002
c4znUG5xRi,Const,/job:localhost/replica:0/task:0/device:GPU:0,2.0,0.002
u2f74ncY0o,Const,/job:localhost/replica:0/task:0/device:GPU:0,2.0,0.002
TulxZvIjnz,Const,/job:localhost/replica:0/task:0/device:GPU:0,2.0,0.002
2I0FuraxPz,Const,/job:localhost/replica:0/task:0/device:GPU:0,2.0,0.002
PaFDRmArsp,Const,/job:localhost/replica:0/task:0/device:GPU:0,2.0,0.002
i2YPhvVcG4,Const,/job:localhost/replica:0/task:0/device:GPU:0,2.0,0.002
LpWywDbasT,Const,/job:localhost/replica:0/task:0/device:GPU:0,2.0,0.002
Wc0qaAbUxv,Const,/job:localhost/replica:0/task:0/device:GPU:0,2.0,0.002
2ZXuj4nYWJ,Const,/job:localhost/replica:0/task:0/device:GPU:0,2.0,0.002
h0bDLlfYqJ,Const,/job:localhost/replica:0/task:0/device:GPU:0,2.0,0.002
dH69hnr4aQ,Const,/job:localhost/replica:0/task:0/device:GPU:0,2.0,0.002
cFzxHBqY47,Const,/job:localhost/replica:0/task:0/device:GPU:0,2.0,0.002
f1nlBxiW8A,Const,/job:localhost/replica:0/task:0/device:GPU:0,2.0,0.002
b5lasU9nCx,Const,/job:localhost/replica:0/task:0/device:GPU:0,2.0,0.002
U9Rj2KenmJ,Const,/job:localhost/replica:0/task:0/device:GPU:0,2.0,0.002
E2lJC3ruTD,Const,/job:localhost/replica:0/task:0/device:GPU:0,2.0,0.002
slbzqOPd9E,Const,/job:localhost/replica:0/task:0/device:GPU:0,2.0,0.002
vMPhQB4GXN,Const,/job:localhost/replica:0/task:0/device:GPU:0,2.0,0.002
B5WkQCPqy3,Const,/job:localhost/replica:0/task:0/device:GPU:0,2.0,0.002
ITUYQkb0u5,Const,/job:localhost/replica:0/task:0/device:GPU:0,2.0,0.002
FtEy4T67Jl,Const,/job:localhost/replica:0/task:0/device:GPU:0,2.0,0.002
DEyY3ju25A,Const,/job:localhost/replica:0/task:0/device:GPU:0,2.0,0.002
I01GhmqxA5,Const,/job:localhost/replica:0/task:0/device:GPU:0,2.0,0.002
3GTlhPKMRJ,Const,/job:localhost/replica:0/task:0/device:GPU:0,2.0,0.002
GEx87k4vjY,Const,/job:localhost/replica:0/task:0/device:GPU:0,2.0,0.002
v1YJrxKQBb,Const,/job:localhost/replica:0/task:0/device:GPU:0,2.0,0.002
4sOmoZIvuj,Const,/job:localhost/replica:0/task:0/device:GPU:0,2.0,0.002
cHVNAQ3Fom,Const,/job:localhost/replica:0/task:0/device:GPU:0,2.0,0.002
7U3MYDdAQW,Const,/job:localhost/replica:0/task:0/device:GPU:0,2.0,0.002
IHqnSJ8zu9,Const,/job:localhost/replica:0/task:0/device:GPU:0,2.0,0.002
azR1bHgfGK,Const,/job:localhost/replica:0/task:0/device:GPU:0,2.0,0.002
Am1YXThELf,Const,/job:localhost/replica:0/task:0/device:GPU:0,2.0,0.002
d3XGHu4IJh,Const,/job:localhost/replica:0/task:0/device:GPU:0,2.0,0.002
WalgofKGUq,Const,/job:localhost/replica:0/task:0/device:GPU:0,2.0,0.002
6YSQK9iUua,Const,/job:localhost/replica:0/task:0/device:GPU:0,2.0,0.002
TFC31Buchm,Const,/job:localhost/replica:0/task:0/device:GPU:0,2.0,0.002
MoxBAIEacH,Const,/job:localhost/replica:0/task:0/device:GPU:0,2.0,0.002
UxpQr7J0hm,Const,/job:localhost/replica:0/task:0/device:GPU:0,2.0,0.002
iB9FsoGyYa,Const,/job:localhost/replica:0/task:0/device:GPU:0,2.0,0.002
mwegEOdUPT,Const,/job:localhost/replica:0/task:0/device:GPU:0,2.0,0.002
QW4kGY7x02,Const,/job:localhost/replica:0/task:0/device:GPU:0,2.0,0.002
yGBFwCPks6,Const,/job:localhost/replica:0/task:0/device:GPU:0,2.0,0.002
sSXEiZO8ox,Const,/job:localhost/replica:0/task:0/device:GPU:0,2.0,0.002
73vgYaRI6M,Const,/job:localhost/replica:0/task:0/device:GPU:0,2.0,0.002
RVLEGceuYd,Const,/job:localhost/replica:0/task:0/device:GPU:0,2.0,0.002
UmbzHVCpeM,Const,/job:localhost/replica:0/task:0/device:GPU:0,2.0,0.002
Sn8XAe6kFs,Const,/job:localhost/replica:0/task:0/device:GPU:0,2.0,0.002
zx4K6DYPaj,Const,/job:localhost/replica:0/task:0/device:GPU:0,2.0,0.002
gdaSG9QqVu,Const,/job:localhost/replica:0/task:0/device:GPU:0,2.0,0.002
TWFPi8nxJB,Const,/job:localhost/replica:0/task:0/device:GPU:0,2.0,0.002
sGFKqlyzBf,Const,/job:localhost/replica:0/task:0/device:GPU:0,2.0,0.002
dGJ3KMmV7x,Const,/job:localhost/replica:0/task:0/device:GPU:0,2.0,0.002
scPizXr3CS,Const,/job:localhost/replica:0/task:0/device:GPU:0,2.0,0.002
02WfBNydIt,Const,/job:localhost/replica:0/task:0/device:GPU:0,2.0,0.002
L1ZAC65cDg,Const,/job:localhost/replica:0/task:0/device:GPU:0,2.0,0.002
CEWlPVvSTs,Const,/job:localhost/replica:0/task:0/device:GPU:0,2.0,0.002
qKf4kPBpdA,Const,/job:localhost/replica:0/task:0/device:GPU:0,2.0,0.002
OYomjTHqas,Const,/job:localhost/replica:0/task:0/device:GPU:0,2.0,0.002
HTXkEFAGM0,Const,/job:localhost/replica:0/task:0/device:GPU:0,2.0,0.002
yxHcPfAIp9,Const,/job:localhost/replica:0/task:0/device:GPU:0,2.0,0.002
3dNcBoLklE,Const,/job:localhost/replica:0/task:0/device:GPU:0,2.0,0.002
P16t2Xp4cz,Const,/job:localhost/replica:0/task:0/device:GPU:0,2.0,0.002
94tzkN3SFV,Const,/job:localhost/replica:0/task:0/device:GPU:0,2.0,0.002
odzCbVF6q1,Const,/job:localhost/replica:0/task:0/device:GPU:0,2.0,0.002
6Ckd7n0HfN,Const,/job:localhost/replica:0/task:0/device:GPU:0,2.0,0.002
cHygO3V6hf,Const,/job:localhost/replica:0/task:0/device:GPU:0,2.0,0.002
gIBdi5SsZz,Const,/job:localhost/replica:0/task:0/device:GPU:0,2.0,0.002
MjeUZ54uYk,Const,/job:localhost/replica:0/task:0/device:GPU:0,2.0,0.002
MVPIutNCEz,Const,/job:localhost/replica:0/task:0/device:GPU:0,2.0,0.002
JtiICnyUWh,Const,/job:localhost/replica:0/task:0/device:GPU:0,2.0,0.002
FHKSchT0oa,Const,/job:localhost/replica:0/task:0/device:GPU:0,2.0,0.002
IrQXdlvK21,Const,/job:localhost/replica:0/task:0/device:GPU:0,2.0,0.002
DAMqGszvar,Const,/job:localhost/replica:0/task:0/device:GPU:0,2.0,0.002
wi873sVn0h,Const,/job:localhost/replica:0/task:0/device:GPU:0,2.0,0.002
JZYVvTqktS,Const,/job:localhost/replica:0/task:0/device:GPU:0,2.0,0.002
8HAV3yrc0T,Const,/job:localhost/replica:0/task:0/device:GPU:0,2.0,0.002
fA53vDTxOq,Const,/job:localhost/replica:0/task:0/device:GPU:0,2.0,0.002
LAeq8H0Vng,Const,/job:localhost/replica:0/task:0/device:GPU:0,2.0,0.002
kiIQ0DgJ2y,Const,/job:localhost/replica:0/task:0/device:GPU:0,2.0,0.002
ygJ71wvCI5,Const,/job:localhost/replica:0/task:0/device:GPU:0,2.0,0.002
gi09UvGHyt,Const,/job:localhost/replica:0/task:0/device:GPU:0,2.0,0.002
UgdzGm8t9l,Const,/job:localhost/replica:0/task:0/device:GPU:0,2.0,0.002
UWBXMhHTm1,Const,/job:localhost/replica:0/task:0/device:GPU:0,2.0,0.002
jdz2s3ENew,Const,/job:localhost/replica:0/task:0/device:GPU:0,2.0,0.002
XmG8tQdrWs,Const,/job:localhost/replica:0/task:0/device:GPU:0,2.0,0.002
KDycIjmXCT,Const,/job:localhost/replica:0/task:0/device:GPU:0,2.0,0.002
iNnFJUByTo,Const,/job:localhost/replica:0/task:0/device:GPU:0,2.0,0.002
s5U7kaHVd2,Const,/job:localhost/replica:0/task:0/device:GPU:0,2.0,0.002
PmfAvY9sGN,Const,/job:localhost/replica:0/task:0/device:GPU:0,2.0,0.002
AbP09SZNKn,Const,/job:localhost/replica:0/task:0/device:GPU:0,2.0,0.002
WN6SvMEdiw,Const,/job:localhost/replica:0/task:0/device:GPU:0,2.0,0.002
y3Hj0ZYsqI,Const,/job:localhost/replica:0/task:0/device:GPU:0,2.0,0.002
T6qMOnKypE,Const,/job:localhost/replica:0/task:0/device:GPU:0,2.0,0.002
PV0KbiHWs1,Const,/job:localhost/replica:0/task:0/device:GPU:0,2.0,0.002
WAETkCUp06,Const,/job:localhost/replica:0/task:0/device:GPU:0,2.0,0.002
wbo3Vl8W9q,Const,/job:localhost/replica:0/task:0/device:GPU:0,2.0,0.002
iaYdnSPE18,Const,/job:localhost/replica:0/task:0/device:GPU:0,2.0,0.002
JbPjHkqVAB,Const,/job:localhost/replica:0/task:0/device:GPU:0,2.0,0.002
KXcfhuGeLk,Const,/job:localhost/replica:0/task:0/device:GPU:0,2.0,0.002
JCGqu5RATU,Const,/job:localhost/replica:0/task:0/device:GPU:0,2.0,0.002
9UK4wnSLB7,Const,/job:localhost/replica:0/task:0/device:GPU:0,2.0,0.002
DpOhfdNzbu,Const,/job:localhost/replica:0/task:0/device:GPU:0,2.0,0.002
AgkWcnfaVX,Const,/job:localhost/replica:0/task:0/device:GPU:0,2.0,0.002
awdOhbDTAR,Const,/job:localhost/replica:0/task:0/device:GPU:0,2.0,0.002
gAHbZKB3SR,Const,/job:localhost/replica:0/task:0/device:GPU:0,2.0,0.002
0RmcaL8gC7,Const,/job:localhost/replica:0/task:0/device:GPU:0,2.0,0.002
Un9eLTcGCY,Const,/job:localhost/replica:0/task:0/device:GPU:0,2.0,0.002
TrSlWiUy85,Const,/job:localhost/replica:0/task:0/device:GPU:0,2.0,0.002
5PsHAeokxZ,Const,/job:localhost/replica:0/task:0/device:GPU:0,2.0,0.002
q4PmMxLhyS,Const,/job:localhost/replica:0/task:0/device:GPU:0,2.0,0.002
HYXyeoUdjR,Const,/job:localhost/replica:0/task:0/device:GPU:0,2.0,0.002
OZXqN9RdKl,Const,/job:localhost/replica:0/task:0/device:GPU:0,2.0,0.002
IXt3KWMi5h,Const,/job:localhost/replica:0/task:0/device:GPU:0,2.0,0.002
BvJd4Iq0t1,Const,/job:localhost/replica:0/task:0/device:GPU:0,2.0,0.002
nBp5hg4brO,Const,/job:localhost/replica:0/task:0/device:GPU:0,2.0,0.002
Vbuw2aEC7t,Const,/job:localhost/replica:0/task:0/device:GPU:0,2.0,0.002
7jKOBUGTI9,Const,/job:localhost/replica:0/task:0/device:GPU:0,2.0,0.002
zoeW0ad4PG,Const,/job:localhost/replica:0/task:0/device:GPU:0,2.0,0.002
lNOYz4fvJ8,Const,/job:localhost/replica:0/task:0/device:GPU:0,2.0,0.002
JBv1Khydsr,Const,/job:localhost/replica:0/task:0/device:GPU:0,2.0,0.002
9yfRzDwsKP,Const,/job:localhost/replica:0/task:0/device:GPU:0,2.0,0.002
YWQ2B6okei,Const,/job:localhost/replica:0/task:0/device:GPU:0,2.0,0.002
DCkNAfOdci,Const,/job:localhost/replica:0/task:0/device:GPU:0,2.0,0.002
rUdfXmQq91,Const,/job:localhost/replica:0/task:0/device:GPU:0,2.0,0.002
q0OdPcG1rB,Const,/job:localhost/replica:0/task:0/device:GPU:0,2.0,0.002
esbgzXQR0D,Const,/job:localhost/replica:0/task:0/device:GPU:0,2.0,0.002
vAI7SE0Yw2,Const,/job:localhost/replica:0/task:0/device:GPU:0,2.0,0.002
G1yP2urj7s,Const,/job:localhost/replica:0/task:0/device:GPU:0,2.0,0.002
bVLlUJes4D,Const,/job:localhost/replica:0/task:0/device:GPU:0,2.0,0.002
c1i32LlZeV,Const,/job:localhost/replica:0/task:0/device:GPU:0,2.0,0.002
WKtYo1XZLQ,Const,/job:localhost/replica:0/task:0/device:GPU:0,2.0,0.002
y4JDbuEqhO,Const,/job:localhost/replica:0/task:0/device:GPU:0,2.0,0.002
4pjV1bDRGK,Const,/job:localhost/replica:0/task:0/device:GPU:0,2.0,0.002
UGtPYrEvOe,Const,/job:localhost/replica:0/task:0/device:GPU:0,2.0,0.002
lpsv3MVDcy,Const,/job:localhost/replica:0/task:0/device:GPU:0,2.0,0.002
NIXCAogafb,Const,/job:localhost/replica:0/task:0/device:GPU:0,2.0,0.002
9O8yLKDG6V,Const,/job:localhost/replica:0/task:0/device:GPU:0,2.0,0.002
FZetLpgzCf,Const,/job:localhost/replica:0/task:0/device:GPU:0,2.0,0.002
31lfbHcVFn,Const,/job:localhost/replica:0/task:0/device:GPU:0,2.0,0.002
I32JSmtvwG,Const,/job:localhost/replica:0/task:0/device:GPU:0,2.0,0.002
tCB1mvzpWn,Const,/job:localhost/replica:0/task:0/device:GPU:0,2.0,0.002
V7u80xhvwR,Const,/job:localhost/replica:0/task:0/device:GPU:0,2.0,0.002
hug7Snad6T,Const,/job:localhost/replica:0/task:0/device:GPU:0,2.0,0.002
K1nk26i8Tg,Const,/job:localhost/replica:0/task:0/device:GPU:0,2.0,0.002
xQONl0yuzf,Const,/job:localhost/replica:0/task:0/device:GPU:0,2.0,0.002
MKkP0GgTzW,Const,/job:localhost/replica:0/task:0/device:GPU:0,2.0,0.002
45jyTBKkSv,Const,/job:localhost/replica:0/task:0/device:GPU:0,2.0,0.002
6cK9vq5AsU,Const,/job:localhost/replica:0/task:0/device:GPU:0,2.0,0.002
HeDVO03jmY,Const,/job:localhost/replica:0/task:0/device:GPU:0,2.0,0.002
hiOtf3W9FX,Const,/job:localhost/replica:0/task:0/device:GPU:0,2.0,0.002
6sYTbm3jli,Const,/job:localhost/replica:0/task:0/device:GPU:0,2.0,0.002
VOHNom1lxp,Const,/job:localhost/replica:0/task:0/device:GPU:0,2.0,0.002
pUVywWfIXM,Const,/job:localhost/replica:0/task:0/device:GPU:0,2.0,0.002
dYhE5qCO6c,Const,/job:localhost/replica:0/task:0/device:GPU:0,2.0,0.002
tlWUHRK1qN,Const,/job:localhost/replica:0/task:0/device:GPU:0,2.0,0.002
ktYNybLZO5,Const,/job:localhost/replica:0/task:0/device:GPU:0,2.0,0.002
g6MI941rGB,Const,/job:localhost/replica:0/task:0/device:GPU:0,2.0,0.002
H16xTUJGq2,Const,/job:localhost/replica:0/task:0/device:GPU:0,2.0,0.002
58nPmM1TJa,Const,/job:localhost/replica:0/task:0/device:GPU:0,2.0,0.002
x2A95684mo,Const,/job:localhost/replica:0/task:0/device:GPU:0,2.0,0.002
7c23nrXwxE,Const,/job:localhost/replica:0/task:0/device:GPU:0,2.0,0.002
sYidL4fqDP,Const,/job:localhost/replica:0/task:0/device:GPU:0,2.0,0.002
SbQEo9NGMc,Const,/job:localhost/replica:0/task:0/device:GPU:0,2.0,0.002
XnqPsEBW1p,Const,/job:localhost/replica:0/task:0/device:GPU:0,2.0,0.002
BthYgGsI2S,Const,/job:localhost/replica:0/task:0/device:GPU:0,2.0,0.002
RFX0ck5Y3D,Const,/job:localhost/replica:0/task:0/device:GPU:0,2.0,0.002
t2fAGv6keT,Const,/job:localhost/replica:0/task:0/device:GPU:0,2.0,0.002
vko18OCVtj,Const,/job:localhost/replica:0/task:0/device:GPU:0,2.0,0.002
tlgvHhrfZV,Const,/job:localhost/replica:0/task:0/device:GPU:0,2.0,0.002
32LJYNaSGi,Const,/job:localhost/replica:0/task:0/device:GPU:0,2.0,0.002
26fMGSwqZX,Const,/job:localhost/replica:0/task:0/device:GPU:0,2.0,0.002
JjItTd3N7l,Const,/job:localhost/replica:0/task:0/device:GPU:0,2.0,0.002
ck0FuHrzWM,Const,/job:localhost/replica:0/task:0/device:GPU:0,2.0,0.002
1hBpKHvzNe,Const,/job:localhost/replica:0/task:0/device:GPU:0,2.0,0.002
Dhn7KYtR86,Const,/job:localhost/replica:0/task:0/device:GPU:0,2.0,0.002
GBm0YzCpbX,Const,/job:localhost/replica:0/task:0/device:GPU:0,2.0,0.002
Ty1sl72hv8,Const,/job:localhost/replica:0/task:0/device:GPU:0,2.0,0.002
YkK1lAnPo3,Const,/job:localhost/replica:0/task:0/device:GPU:0,2.0,0.002
NvWMlfizJo,Const,/job:localhost/replica:0/task:0/device:GPU:0,2.0,0.002
fta9jZA6Sg,Const,/job:localhost/replica:0/task:0/device:GPU:0,2.0,0.002
UXRpOoCW7Q,Const,/job:localhost/replica:0/task:0/device:GPU:0,2.0,0.002
L2KzcFGu1l,Const,/job:localhost/replica:0/task:0/device:GPU:0,2.0,0.002
5Zpygmvw19,Const,/job:localhost/replica:0/task:0/device:GPU:0,2.0,0.002
urR9YZXLFo,Const,/job:localhost/replica:0/task:0/device:GPU:0,2.0,0.002
EjClA2upkG,Const,/job:localhost/replica:0/task:0/device:GPU:0,2.0,0.002
lFRAcHsz8h,Const,/job:localhost/replica:0/task:0/device:GPU:0,2.0,0.002
UH0k1ytCW2,Const,/job:localhost/replica:0/task:0/device:GPU:0,2.0,0.002
13ZCxgcelQ,Const,/job:localhost/replica:0/task:0/device:GPU:0,2.0,0.002
whmvEHYKXi,Const,/job:localhost/replica:0/task:0/device:GPU:0,2.0,0.002
bQEMGhwlVv,Const,/job:localhost/replica:0/task:0/device:GPU:0,2.0,0.002
2Pb3Nh6kYl,Const,/job:localhost/replica:0/task:0/device:GPU:0,2.0,0.002
vVFhnLyHEu,Const,/job:localhost/replica:0/task:0/device:GPU:0,2.0,0.002
Efyqx26i1C,Const,/job:localhost/replica:0/task:0/device:GPU:0,2.0,0.002
9EbpMFjCiG,Const,/job:localhost/replica:0/task:0/device:GPU:0,2.0,0.002
Lg6pkzTexB,Const,/job:localhost/replica:0/task:0/device:GPU:0,2.0,0.002
hQCDJw42XI,Const,/job:localhost/replica:0/task:0/device:GPU:0,2.0,0.002
7ISDO4UqL0,Const,/job:localhost/replica:0/task:0/device:GPU:0,2.0,0.002
x2VRE1e307,Const,/job:localhost/replica:0/task:0/device:GPU:0,2.0,0.002
PmdztC31uo,Const,/job:localhost/replica:0/task:0/device:GPU:0,2.0,0.002
peRl9mYoCv,Const,/job:localhost/replica:0/task:0/device:GPU:0,2.0,0.002
ebhoJ1HQPS,Const,/job:localhost/replica:0/task:0/device:GPU:0,2.0,0.002
nlOcNVwI5k,Const,/job:localhost/replica:0/task:0/device:GPU:0,2.0,0.002
WBsP64zAyL,Const,/job:localhost/replica:0/task:0/device:GPU:0,2.0,0.002
fXvoTnbMRI,Const,/job:localhost/replica:0/task:0/device:GPU:0,2.0,0.002
C4fiW5XkJA,Const,/job:localhost/replica:0/task:0/device:GPU:0,2.0,0.002
Dj3sRSYJFd,Const,/job:localhost/replica:0/task:0/device:GPU:0,2.0,0.002
OHi0v7pzRB,Const,/job:localhost/replica:0/task:0/device:GPU:0,2.0,0.002
RGJ16PhqAv,Const,/job:localhost/replica:0/task:0/device:GPU:0,2.0,0.002
bo3ZLU5mWu,Const,/job:localhost/replica:0/task:0/device:GPU:0,2.0,0.002
wmJoMTQHId,Const,/job:localhost/replica:0/task:0/device:GPU:0,2.0,0.002
ClYXtoP1Wh,Const,/job:localhost/replica:0/task:0/device:GPU:0,2.0,0.002
HnQJZyPW5h,Const,/job:localhost/replica:0/task:0/device:GPU:0,2.0,0.002
1miwuBvPlY,Const,/job:localhost/replica:0/task:0/device:GPU:0,2.0,0.002
b83xnXOf2g,Const,/job:localhost/replica:0/task:0/device:GPU:0,2.0,0.002
nXeQAV92J3,Const,/job:localhost/replica:0/task:0/device:GPU:0,2.0,0.002
JyOtugQEj5,Const,/job:localhost/replica:0/task:0/device:GPU:0,2.0,0.002
yxhHE60UcS,Const,/job:localhost/replica:0/task:0/device:GPU:0,2.0,0.002
E9gPIGqa5f,Const,/job:localhost/replica:0/task:0/device:GPU:0,2.0,0.002
P3Yib97crH,Const,/job:localhost/replica:0/task:0/device:GPU:0,2.0,0.002
dCfiP34Iu5,Const,/job:localhost/replica:0/task:0/device:GPU:0,2.0,0.002
8TY9xUHN6g,Const,/job:localhost/replica:0/task:0/device:GPU:0,2.0,0.002
WEhVOk834Z,Const,/job:localhost/replica:0/task:0/device:GPU:0,2.0,0.002
WEkiqBnM01,Const,/job:localhost/replica:0/task:0/device:GPU:0,2.0,0.002
5KucUMOAYr,Const,/job:localhost/replica:0/task:0/device:GPU:0,2.0,0.002
H6RcuJoFCd,Const,/job:localhost/replica:0/task:0/device:GPU:0,2.0,0.002
xBfHv1Oh0Q,Const,/job:localhost/replica:0/task:0/device:GPU:0,2.0,0.002
OWUxkfHsyj,Const,/job:localhost/replica:0/task:0/device:GPU:0,2.0,0.002
pr3beHdyGU,Const,/job:localhost/replica:0/task:0/device:GPU:0,2.0,0.002
HlysqNz3gR,Const,/job:localhost/replica:0/task:0/device:GPU:0,2.0,0.002
Omflan6A9w,Const,/job:localhost/replica:0/task:0/device:GPU:0,2.0,0.002
G2AJaByRYl,Const,/job:localhost/replica:0/task:0/device:GPU:0,2.0,0.002
0bFv9PldRz,Const,/job:localhost/replica:0/task:0/device:GPU:0,2.0,0.002
koHCP9fWuO,Const,/job:localhost/replica:0/task:0/device:GPU:0,2.0,0.002
fySdvBWJpE,Const,/job:localhost/replica:0/task:0/device:GPU:0,2.0,0.002
pdI5LEiHlm,Const,/job:localhost/replica:0/task:0/device:GPU:0,2.0,0.002
sJ3SXWTV8a,Const,/job:localhost/replica:0/task:0/device:GPU:0,2.0,0.002
IyWZj8NkzY,Const,/job:localhost/replica:0/task:0/device:GPU:0,2.0,0.002
Mc1snba2Gd,Const,/job:localhost/replica:0/task:0/device:GPU:0,2.0,0.002
7ftokSHcVu,Const,/job:localhost/replica:0/task:0/device:GPU:0,2.0,0.002
BjD1hmrezw,Const,/job:localhost/replica:0/task:0/device:GPU:0,2.0,0.002
rUhHp20ctR,Const,/job:localhost/replica:0/task:0/device:GPU:0,2.0,0.002
Ijtlh9nZEX,Const,/job:localhost/replica:0/task:0/device:GPU:0,2.0,0.002
zKRDYrHNmv,Const,/job:localhost/replica:0/task:0/device:GPU:0,2.0,0.002
9rpi0Fngvk,Const,/job:localhost/replica:0/task:0/device:GPU:0,2.0,0.002
HkrnlPFxAY,Const,/job:localhost/replica:0/task:0/device:GPU:0,2.0,0.002
1ymop2aWt8,Const,/job:localhost/replica:0/task:0/device:GPU:0,2.0,0.002
IEsP7Y9qHh,Const,/job:localhost/replica:0/task:0/device:GPU:0,2.0,0.002
6GlZV7UNAH,Const,/job:localhost/replica:0/task:0/device:GPU:0,2.0,0.002
hsWCYiQGeU,Const,/job:localhost/replica:0/task:0/device:GPU:0,2.0,0.002
s24ExvHTrm,Const,/job:localhost/replica:0/task:0/device:GPU:0,2.0,0.002
HRV40iaMWY,Const,/job:localhost/replica:0/task:0/device:GPU:0,2.0,0.002
g4WfUteFy8,Const,/job:localhost/replica:0/task:0/device:GPU:0,2.0,0.002
TX6qvQZ08r,Const,/job:localhost/replica:0/task:0/device:GPU:0,2.0,0.002
vT3tJ0pki4,Const,/job:localhost/replica:0/task:0/device:GPU:0,2.0,0.002
M8dlFPjayN,Const,/job:localhost/replica:0/task:0/device:GPU:0,2.0,0.002
TH1l40ynYm,Const,/job:localhost/replica:0/task:0/device:GPU:0,2.0,0.002
0LAQKvpCe2,Const,/job:localhost/replica:0/task:0/device:GPU:0,2.0,0.002
VuFY7PyaXI,Const,/job:localhost/replica:0/task:0/device:GPU:0,2.0,0.002
MjCRQ5PlEY,Const,/job:localhost/replica:0/task:0/device:GPU:0,2.0,0.002
O1CnArHRDg,Const,/job:localhost/replica:0/task:0/device:GPU:0,2.0,0.002
TlubmiK108,Const,/job:localhost/replica:0/task:0/device:GPU:0,2.0,0.002
0jqt1EIsnC,Const,/job:localhost/replica:0/task:0/device:GPU:0,2.0,0.002
quTD1BI3Ao,Const,/job:localhost/replica:0/task:0/device:GPU:0,2.0,0.002
p6D0AjauKS,Const,/job:localhost/replica:0/task:0/device:GPU:0,2.0,0.002
C136J4qEyP,Const,/job:localhost/replica:0/task:0/device:GPU:0,2.0,0.002
m8nbZFsEdy,Const,/job:localhost/replica:0/task:0/device:GPU:0,2.0,0.002
r6fMWTvcsj,Const,/job:localhost/replica:0/task:0/device:GPU:0,2.0,0.002
XSZNHTtV5h,Const,/job:localhost/replica:0/task:0/device:GPU:0,2.0,0.002
JuY7nG2Mjd,Const,/job:localhost/replica:0/task:0/device:GPU:0,2.0,0.002
AyOmfobUKD,Const,/job:localhost/replica:0/task:0/device:GPU:0,2.0,0.002
ky6vGaQoTP,Const,/job:localhost/replica:0/task:0/device:GPU:0,2.0,0.002
sP83f1nlkQ,Const,/job:localhost/replica:0/task:0/device:GPU:0,2.0,0.002
nZ4zFd8XR3,Const,/job:localhost/replica:0/task:0/device:GPU:0,2.0,0.002
v37RJhsxIj,Const,/job:localhost/replica:0/task:0/device:GPU:0,2.0,0.002
qMzJdZfvyK,Const,/job:localhost/replica:0/task:0/device:GPU:0,2.0,0.002
lDRUWA4MdF,Const,/job:localhost/replica:0/task:0/device:GPU:0,2.0,0.002
YfbTkRPMBI,Const,/job:localhost/replica:0/task:0/device:GPU:0,2.0,0.002
PyqCcYjBwl,Const,/job:localhost/replica:0/task:0/device:GPU:0,2.0,0.002
NdWPpKqb7h,Const,/job:localhost/replica:0/task:0/device:GPU:0,2.0,0.002
xl5uBCcpoY,Const,/job:localhost/replica:0/task:0/device:GPU:0,2.0,0.002
meVrcxa1Dp,Const,/job:localhost/replica:0/task:0/device:GPU:0,2.0,0.002
1wg97mbKnz,Const,/job:localhost/replica:0/task:0/device:GPU:0,2.0,0.002
Q7zLWMBDns,Const,/job:localhost/replica:0/task:0/device:GPU:0,2.0,0.002
RBKcH3AV6m,Const,/job:localhost/replica:0/task:0/device:GPU:0,2.0,0.002
SJAiPyRcWI,Const,/job:localhost/replica:0/task:0/device:GPU:0,2.0,0.002
AapKVzELSg,Const,/job:localhost/replica:0/task:0/device:GPU:0,2.0,0.002
I6vSrtkVeq,Const,/job:localhost/replica:0/task:0/device:GPU:0,2.0,0.002
48VQBn159w,Const,/job:localhost/replica:0/task:0/device:GPU:0,2.0,0.002
j63guHhGiV,Const,/job:localhost/replica:0/task:0/device:GPU:0,2.0,0.002
qnhQkr4aGd,Const,/job:localhost/replica:0/task:0/device:GPU:0,2.0,0.002
taXDwVApJQ,Const,/job:localhost/replica:0/task:0/device:GPU:0,2.0,0.002
6Dfl5ChOFG,Const,/job:localhost/replica:0/task:0/device:GPU:0,2.0,0.002
0UZAivIkWw,Const,/job:localhost/replica:0/task:0/device:GPU:0,2.0,0.002
cHsQw5PohS,Const,/job:localhost/replica:0/task:0/device:GPU:0,2.0,0.002
4b7tXZsxfE,Const,/job:localhost/replica:0/task:0/device:GPU:0,2.0,0.002
HkqQsi1gTY,Const,/job:localhost/replica:0/task:0/device:GPU:0,2.0,0.002
tsB2opU4PA,Const,/job:localhost/replica:0/task:0/device:GPU:0,2.0,0.002
KuRMy6Jefa,Const,/job:localhost/replica:0/task:0/device:GPU:0,2.0,0.002
5f2WtOdUH4,Const,/job:localhost/replica:0/task:0/device:GPU:0,2.0,0.002
iZOTRUc25o,Const,/job:localhost/replica:0/task:0/device:GPU:0,2.0,0.002
iFmzgwHDn9,Const,/job:localhost/replica:0/task:0/device:GPU:0,2.0,0.002
h3M2T0cyRd,Const,/job:localhost/replica:0/task:0/device:GPU:0,2.0,0.002
ty0dbgvoLw,Const,/job:localhost/replica:0/task:0/device:GPU:0,2.0,0.002
rBYOHKU0Qe,Const,/job:localhost/replica:0/task:0/device:GPU:0,2.0,0.002
Hp1z4f7ELU,Const,/job:localhost/replica:0/task:0/device:GPU:0,2.0,0.002
9cSvwW1L78,Const,/job:localhost/replica:0/task:0/device:GPU:0,2.0,0.002
RY0ajozlqB,Const,/job:localhost/replica:0/task:0/device:GPU:0,2.0,0.002
64s5x2vYAr,Const,/job:localhost/replica:0/task:0/device:GPU:0,2.0,0.002
KaJHh4ujw2,Const,/job:localhost/replica:0/task:0/device:GPU:0,2.0,0.002
YUkgyjGVFv,Const,/job:localhost/replica:0/task:0/device:GPU:0,2.0,0.002
mfx0FP1WeR,Const,/job:localhost/replica:0/task:0/device:GPU:0,2.0,0.002
XKO0xRarM9,Const,/job:localhost/replica:0/task:0/device:GPU:0,2.0,0.002
6rxhbDjPek,Const,/job:localhost/replica:0/task:0/device:GPU:0,2.0,0.002
AN0XpOWuTK,Const,/job:localhost/replica:0/task:0/device:GPU:0,2.0,0.002
UYXT5Krmsx,Const,/job:localhost/replica:0/task:0/device:GPU:0,2.0,0.002
QD8AT9dHwG,Const,/job:localhost/replica:0/task:0/device:GPU:0,2.0,0.002
I4PKL91eFp,Const,/job:localhost/replica:0/task:0/device:GPU:0,2.0,0.002
eR3Ii1azh8,Const,/job:localhost/replica:0/task:0/device:GPU:0,2.0,0.002
vy27GASsbc,Const,/job:localhost/replica:0/task:0/device:GPU:0,2.0,0.002
Tlpur7sBSU,Const,/job:localhost/replica:0/task:0/device:GPU:0,2.0,0.002
gEQhlaXI1B,Const,/job:localhost/replica:0/task:0/device:GPU:0,2.0,0.002
jVcQSq0ZOe,Const,/job:localhost/replica:0/task:0/device:GPU:0,2.0,0.002
7jFTHbl2SI,Const,/job:localhost/replica:0/task:0/device:GPU:0,2.0,0.002
mrewFvuXiZ,Const,/job:localhost/replica:0/task:0/device:GPU:0,2.0,0.002
ejSKZDq81O,Const,/job:localhost/replica:0/task:0/device:GPU:0,2.0,0.002
Iai2bso8eH,Const,/job:localhost/replica:0/task:0/device:GPU:0,2.0,0.002
vNa2qsQOF5,Const,/job:localhost/replica:0/task:0/device:GPU:0,2.0,0.002
XZSfVY8zWO,Const,/job:localhost/replica:0/task:0/device:GPU:0,2.0,0.002
6M5g28sHJq,Const,/job:localhost/replica:0/task:0/device:GPU:0,2.0,0.002
p5S6TOJy7K,Const,/job:localhost/replica:0/task:0/device:GPU:0,2.0,0.002
5LSQOsetBd,Const,/job:localhost/replica:0/task:0/device:GPU:0,2.0,0.002
QlAwn0fpYJ,Const,/job:localhost/replica:0/task:0/device:GPU:0,2.0,0.002
TF6bCSJkxc,Const,/job:localhost/replica:0/task:0/device:GPU:0,2.0,0.002
m2aiCfAS4w,Const,/job:localhost/replica:0/task:0/device:GPU:0,2.0,0.002
3yi1gjFSwZ,Const,/job:localhost/replica:0/task:0/device:GPU:0,2.0,0.002
S2zxhELXBK,Const,/job:localhost/replica:0/task:0/device:GPU:0,2.0,0.002
HrD5FTc2lI,Const,/job:localhost/replica:0/task:0/device:GPU:0,2.0,0.002
xhZ31HEbt2,Const,/job:localhost/replica:0/task:0/device:GPU:0,2.0,0.002
XHnu61VkPi,Const,/job:localhost/replica:0/task:0/device:GPU:0,2.0,0.002
aQqutdvCmB,Const,/job:localhost/replica:0/task:0/device:GPU:0,2.0,0.002
BFtURxLE3J,Const,/job:localhost/replica:0/task:0/device:GPU:0,2.0,0.002
5GKYyqRhdv,Const,/job:localhost/replica:0/task:0/device:GPU:0,2.0,0.002
2zHown0ISh,Const,/job:localhost/replica:0/task:0/device:GPU:0,2.0,0.002
kApaS437RT,Const,/job:localhost/replica:0/task:0/device:GPU:0,2.0,0.002
2E0agJmN49,Const,/job:localhost/replica:0/task:0/device:GPU:0,2.0,0.002
reIq7Ht1V9,Const,/job:localhost/replica:0/task:0/device:GPU:0,2.0,0.002
NfEa29IoLz,Const,/job:localhost/replica:0/task:0/device:GPU:0,2.0,0.002
FDMl9a15Jr,Const,/job:localhost/replica:0/task:0/device:GPU:0,2.0,0.002
JS1RtoBY0N,Const,/job:localhost/replica:0/task:0/device:GPU:0,2.0,0.002
nzfq8AHDX6,Const,/job:localhost/replica:0/task:0/device:GPU:0,2.0,0.002
exyNh2vEDR,Const,/job:localhost/replica:0/task:0/device:GPU:0,2.0,0.002
MXu16mGSHY,Const,/job:localhost/replica:0/task:0/device:GPU:0,2.0,0.002
Ekd9iNMV4C,Const,/job:localhost/replica:0/task:0/device:GPU:0,2.0,0.002
jeSLNXa3rR,Const,/job:localhost/replica:0/task:0/device:GPU:0,2.0,0.002
BPYwj2Ustd,Const,/job:localhost/replica:0/task:0/device:GPU:0,2.0,0.002
lwBMzaVInU,Const,/job:localhost/replica:0/task:0/device:GPU:0,2.0,0.002
iI0qJAMfuX,Const,/job:localhost/replica:0/task:0/device:GPU:0,2.0,0.002
ovH3Xj8u2Y,Const,/job:localhost/replica:0/task:0/device:GPU:0,2.0,0.002
z89J0Tbadj,Const,/job:localhost/replica:0/task:0/device:GPU:0,2.0,0.002
6r8UMncQOl,Const,/job:localhost/replica:0/task:0/device:GPU:0,2.0,0.002
5YIzlKnFbf,Const,/job:localhost/replica:0/task:0/device:GPU:0,2.0,0.002
czvV5u1Aih,Const,/job:localhost/replica:0/task:0/device:GPU:0,2.0,0.002
GR6j4VSact,Const,/job:localhost/replica:0/task:0/device:GPU:0,2.0,0.002
OSX39bZNnE,Const,/job:localhost/replica:0/task:0/device:GPU:0,2.0,0.002
XpyxIcl7ZA,Const,/job:localhost/replica:0/task:0/device:GPU:0,2.0,0.002
mw4Y2D0Lt5,Const,/job:localhost/replica:0/task:0/device:GPU:0,2.0,0.002
erk0BGhCmF,Const,/job:localhost/replica:0/task:0/device:GPU:0,2.0,0.002
sTCk0mzVRH,Const,/job:localhost/replica:0/task:0/device:GPU:0,2.0,0.002
xMSlseyJzf,Const,/job:localhost/replica:0/task:0/device:GPU:0,2.0,0.002
FIGLHAS4xi,Const,/job:localhost/replica:0/task:0/device:GPU:0,2.0,0.002
AVsyBLpOmF,Const,/job:localhost/replica:0/task:0/device:GPU:0,2.0,0.002
IFm2iGr1tu/_201__cf__201,Reshape,/job:localhost/replica:0/task:0/device:GPU:0,2.0,0.002
W6EnIj4zAQ,Const,/job:localhost/replica:0/task:0/device:GPU:0,2.0,0.002
fRHv10NVMU,Const,/job:localhost/replica:0/task:0/device:GPU:0,2.0,0.002
Ppk5x4yQL6,Const,/job:localhost/replica:0/task:0/device:GPU:0,2.0,0.002
ZCeg1aHmnq,Const,/job:localhost/replica:0/task:0/device:GPU:0,2.0,0.002
py0WYJAL68,Const,/job:localhost/replica:0/task:0/device:GPU:0,2.0,0.002
JF9bkQXHzC/_217__cf__217,Reshape,/job:localhost/replica:0/task:0/device:GPU:0,2.0,0.002
rzYyIjR5Bo,Const,/job:localhost/replica:0/task:0/device:GPU:0,2.0,0.002
n2jARG8qU4,Const,/job:localhost/replica:0/task:0/device:GPU:0,2.0,0.002
jkosuYCl4d,Const,/job:localhost/replica:0/task:0/device:GPU:0,2.0,0.002
JZcauzACiN/_224__cf__224,Reshape,/job:localhost/replica:0/task:0/device:GPU:0,2.0,0.002
M3bgDrFjEB/_247__cf__247,Reshape,/job:localhost/replica:0/task:0/device:GPU:0,2.0,0.002
N86fyXT0Gs/_255__cf__255,StridedSlice,/job:localhost/replica:0/task:0/device:GPU:0,2.0,0.002
pWkujF0R3q,Const,/job:localhost/replica:0/task:0/device:GPU:0,2.0,0.002
FxYETVQlBw,Const,/job:localhost/replica:0/task:0/device:GPU:0,2.0,0.002
5TGNo0qv73,Const,/job:localhost/replica:0/task:0/device:GPU:0,2.0,0.002
JojrxNhdFw/_228__cf__228,Reshape,/job:localhost/replica:0/task:0/device:GPU:0,2.0,0.002
MRSqHKV1bJ/_250__cf__250,Reshape,/job:localhost/replica:0/task:0/device:GPU:0,2.0,0.002
O08GseijuJ/_267__cf__267,Reshape,/job:localhost/replica:0/task:0/device:GPU:0,2.0,0.002
7B24AQEYjP/_85__cf__85,Reshape,/job:localhost/replica:0/task:0/device:GPU:0,2.0,0.002
8jFDMq1UVG/_98__cf__98,Pow,/job:localhost/replica:0/task:0/device:GPU:0,2.0,0.002
jc2kxWeB8E,Const,/job:localhost/replica:0/task:0/device:GPU:0,2.0,0.002
AN1f4wy972/_118__cf__118,Reshape,/job:localhost/replica:0/task:0/device:GPU:0,2.0,0.002
a8GRWXz3CP,Const,/job:localhost/replica:0/task:0/device:GPU:0,2.0,0.002
ilvroRHYj7,Shape,/job:localhost/replica:0/task:0/device:GPU:0,2.0,0.002
OJRthcID7p/_270__cf__270,Reshape,/job:localhost/replica:0/task:0/device:GPU:0,2.0,0.002
Oiau4PHB2e/_274__cf__274,Reshape,/job:localhost/replica:0/task:0/device:GPU:0,2.0,0.002
7Mf3kaUcWO/_86__cf__86,Reshape,/job:localhost/replica:0/task:0/device:GPU:0,2.0,0.002
9HDzj3e4i2/_106__cf__106,Reshape,/job:localhost/replica:0/task:0/device:GPU:0,2.0,0.002
AEb86pQGr9/_115__cf__115,Reshape,/job:localhost/replica:0/task:0/device:GPU:0,2.0,0.002
AcmtHkXPui/_121__cf__121,Reshape,/job:localhost/replica:0/task:0/device:GPU:0,2.0,0.002
OiryPM15uh,Const,/job:localhost/replica:0/task:0/device:GPU:0,2.0,0.002
Bx3b7qhZKs/_135__cf__135,Reshape,/job:localhost/replica:0/task:0/device:GPU:0,2.0,0.002
w5h2KAO0XU,Const,/job:localhost/replica:0/task:0/device:GPU:0,2.0,0.002
10oeTcWnuS,Const,/job:localhost/replica:0/task:0/device:GPU:0,2.0,0.002
OWsIRZYtXa/_272__cf__272,Reshape,/job:localhost/replica:0/task:0/device:GPU:0,2.0,0.002
P0BtLnCxf6/_277__cf__277,Reshape,/job:localhost/replica:0/task:0/device:GPU:0,2.0,0.002
98LfItHNGX/_102__cf__102,Reshape,/job:localhost/replica:0/task:0/device:GPU:0,2.0,0.002
9LShWQ1BoC/_107__cf__107,Cast,/job:localhost/replica:0/task:0/device:GPU:0,2.0,0.002
BVKQr7exS5/_127__cf__127,Reshape,/job:localhost/replica:0/task:0/device:GPU:0,2.0,0.002
E5xRgGHcIC/_154__cf__154,AddV2,/job:localhost/replica:0/task:0/device:GPU:0,2.0,0.002
EpIU13Rklu/_172__cf__172,Reshape,/job:localhost/replica:0/task:0/device:GPU:0,2.0,0.002
HbEZgFz7i4/_195__cf__195,Reshape,/job:localhost/replica:0/task:0/device:GPU:0,2.0,0.002
w8RYOtxD6s,Const,/job:localhost/replica:0/task:0/device:GPU:0,2.0,0.002
Nh0feFzBox/_262__cf__262,Reshape,/job:localhost/replica:0/task:0/device:GPU:0,2.0,0.002
PmvKM3QSYf/_288__cf__288,Add,/job:localhost/replica:0/task:0/device:GPU:0,2.0,0.002
QfcK1SFDlB/_301__cf__301,Reshape,/job:localhost/replica:0/task:0/device:GPU:0,2.0,0.002
9C7OrSY1I6/_103__cf__103,Reshape,/job:localhost/replica:0/task:0/device:GPU:0,2.0,0.002
9t0rsqHzRf/_112__cf__112,Reshape,/job:localhost/replica:0/task:0/device:GPU:0,2.0,0.002
BYiP2hOqwf/_128__cf__128,Reshape,/job:localhost/replica:0/task:0/device:GPU:0,2.0,0.002
EgWoSVq5rP/_168__cf__168,Reshape,/job:localhost/replica:0/task:0/device:GPU:0,2.0,0.002
GvVhXnwWRd/_191__cf__191,Reshape,/job:localhost/replica:0/task:0/device:GPU:0,2.0,0.002
I3vXDfg1WB/_200__cf__200,Sqrt,/job:localhost/replica:0/task:0/device:GPU:0,2.0,0.002
IYp1O8gtaQ/_206__cf__206,Reshape,/job:localhost/replica:0/task:0/device:GPU:0,2.0,0.002
JGY3ceNDQd/_218__cf__218,Reshape,/job:localhost/replica:0/task:0/device:GPU:0,2.0,0.002
OcF7pTlb28/_273__cf__273,Reshape,/job:localhost/replica:0/task:0/device:GPU:0,2.0,0.002
PrSfh76OqD/_289__cf__289,Pow,/job:localhost/replica:0/task:0/device:GPU:0,2.0,0.002
S3JmUWqZTn/_312__cf__312,Reshape,/job:localhost/replica:0/task:0/device:GPU:0,2.0,0.002
SUzmMIWVjD/_317__cf__317,Reshape,/job:localhost/replica:0/task:0/device:GPU:0,2.0,0.002
Tc5UFr17vw/_333__cf__333,Reshape,/job:localhost/replica:0/task:0/device:GPU:0,2.0,0.002
BjY96voK0s/_132__cf__132,Reshape,/job:localhost/replica:0/task:0/device:GPU:0,2.0,0.002
CUZyr37AeL/_139__cf__139,Sub,/job:localhost/replica:0/task:0/device:GPU:0,2.0,0.002
IPGMTyQA6j/_203__cf__203,Reshape,/job:localhost/replica:0/task:0/device:GPU:0,2.0,0.002
Ile0VT4htw/_210__cf__210,AddV2,/job:localhost/replica:0/task:0/device:GPU:0,2.0,0.002
K8VGB5Iuwd/_234__cf__234,Reshape,/job:localhost/replica:0/task:0/device:GPU:0,2.0,0.002
SZYF8OaMPw/_318__cf__318,Reshape,/job:localhost/replica:0/task:0/device:GPU:0,2.0,0.002
TJnNsjpDVY/_328__cf__328,Reshape,/job:localhost/replica:0/task:0/device:GPU:0,2.0,0.002
Tf5IdeFJoM/_334__cf__334,Reshape,/job:localhost/replica:0/task:0/device:GPU:0,2.0,0.002
FI8ADhLg93/_176__cf__176,Cast,/job:localhost/replica:0/task:0/device:GPU:0,2.0,0.002
Ilt8pHAYTh/_211__cf__211,Reshape,/job:localhost/replica:0/task:0/device:GPU:0,2.0,0.002
JQ8VvFBIau/_222__cf__222,Reshape,/job:localhost/replica:0/task:0/device:GPU:0,2.0,0.002
Jj6fOrlGq8/_226__cf__226,Reshape,/job:localhost/replica:0/task:0/device:GPU:0,2.0,0.002
SDWOQ0PFGf/_314__cf__314,RealDiv,/job:localhost/replica:0/task:0/device:GPU:0,2.0,0.002
TQmpPhLxt6/_329__cf__329,Reshape,/job:localhost/replica:0/task:0/device:GPU:0,2.0,0.002
TjuJoADg1I/_336__cf__336,Add,/job:localhost/replica:0/task:0/device:GPU:0,2.0,0.002
oYizExTmKO/_597__cf__597,StridedSlice,/job:localhost/replica:0/task:0/device:GPU:0,2.0,0.002
qHUtduf2e6/_619__cf__619,RealDiv,/job:localhost/replica:0/task:0/device:GPU:0,2.0,0.002
plj5hXurE8/_615__cf__615,Reshape,/job:localhost/replica:0/task:0/device:GPU:0,2.0,0.002
qcBzeHVkIO/_622__cf__622,Reshape,/job:localhost/replica:0/task:0/device:GPU:0,2.0,0.002
p9wuONGUE4/_608__cf__608,Reshape,/job:localhost/replica:0/task:0/device:GPU:0,2.0,0.002
q3FnHjbNgM/_617__cf__617,Reshape,/job:localhost/replica:0/task:0/device:GPU:0,2.0,0.002
rhYdGRWE7q/_639__cf__639,Reshape,/job:localhost/replica:0/task:0/device:GPU:0,2.0,0.002
rm24e9V8QT/_641__cf__641,Reshape,/job:localhost/replica:0/task:0/device:GPU:0,2.0,0.002
sgxl3kOHhc/_657__cf__657,Reshape,/job:localhost/replica:0/task:0/device:GPU:0,2.0,0.002
t6a3xoD0f5/_662__cf__662,Reshape,/job:localhost/replica:0/task:0/device:GPU:0,2.0,0.002
tnPdCF4cXD/_667__cf__667,Reshape,/job:localhost/replica:0/task:0/device:GPU:0,2.0,0.002
uzYoxjSKyN/_682__cf__682,Reshape,/job:localhost/replica:0/task:0/device:GPU:0,2.0,0.002
tq1i4J9joD/_669__cf__669,Reshape,/job:localhost/replica:0/task:0/device:GPU:0,2.0,0.002
vqVhbZjyHx/_691__cf__691,StridedSlice,/job:localhost/replica:0/task:0/device:GPU:0,2.0,0.002
t47XSePg6s/_661__cf__661,Reshape,/job:localhost/replica:0/task:0/device:GPU:0,2.0,0.002
tuae9mI7kf/_670__cf__670,Reshape,/job:localhost/replica:0/task:0/device:GPU:0,2.0,0.002
urTkb0lEYR/_680__cf__680,Reshape,/job:localhost/replica:0/task:0/device:GPU:0,2.0,0.002
yDwmcqALhV/_717__cf__717,Reshape,/job:localhost/replica:0/task:0/device:GPU:0,2.0,0.002
x5NWUa1Xow/_703__cf__703,Reshape,/job:localhost/replica:0/task:0/device:GPU:0,2.0,0.002
zqS8uageMp/_732__cf__732,Reshape,/job:localhost/replica:0/task:0/device:GPU:0,2.0,0.002
yBOsmlTZUS/_715__cf__715,Reshape,/job:localhost/replica:0/task:0/device:GPU:0,2.0,0.002
s7uiVZlKyb,Const,/job:localhost/replica:0/task:0/device:GPU:0,2.0,0.002
ieorV2Z5na,Const,/job:localhost/replica:0/task:0/device:GPU:0,2.0,0.002
BPFQm7RJqh,Const,/job:localhost/replica:0/task:0/device:GPU:0,2.0,0.002
kPIq7tOAbQ,Const,/job:localhost/replica:0/task:0/device:GPU:0,2.0,0.002
niycA0Kamz,Const,/job:localhost/replica:0/task:0/device:GPU:0,2.0,0.002
Nip6ZvbYo9,Const,/job:localhost/replica:0/task:0/device:GPU:0,2.0,0.002
2s37VoY4Cx,Const,/job:localhost/replica:0/task:0/device:GPU:0,2.0,0.002
KpqdotnfyH,Const,/job:localhost/replica:0/task:0/device:GPU:0,2.0,0.002
5xAKoat9kY,Const,/job:localhost/replica:0/task:0/device:GPU:0,2.0,0.002
mcga0rzXBG,Const,/job:localhost/replica:0/task:0/device:GPU:0,2.0,0.002
IoOW5pM7Bc,Const,/job:localhost/replica:0/task:0/device:GPU:0,2.0,0.002
qWeSMak2i8,Const,/job:localhost/replica:0/task:0/device:GPU:0,2.0,0.002
2dqDwN7kPo,Const,/job:localhost/replica:0/task:0/device:GPU:0,2.0,0.002
LyjHpSXwrC,Const,/job:localhost/replica:0/task:0/device:GPU:0,2.0,0.002
fqSYV75Gjp,Const,/job:localhost/replica:0/task:0/device:GPU:0,2.0,0.002
rVobjgKHMN,Const,/job:localhost/replica:0/task:0/device:GPU:0,2.0,0.002
A94nxJrbkB,Const,/job:localhost/replica:0/task:0/device:GPU:0,2.0,0.002
Qbk5LgNMHi,Const,/job:localhost/replica:0/task:0/device:GPU:0,2.0,0.002
65w0l8vhg4,Const,/job:localhost/replica:0/task:0/device:GPU:0,2.0,0.002
d4UyD5F2CG,Const,/job:localhost/replica:0/task:0/device:GPU:0,2.0,0.002
EKfdnkgpcx,Const,/job:localhost/replica:0/task:0/device:GPU:0,2.0,0.002
IA4wzn0XQ3,Const,/job:localhost/replica:0/task:0/device:GPU:0,2.0,0.002
LSuyCic0Qr,Const,/job:localhost/replica:0/task:0/device:GPU:0,2.0,0.002
TfwHxN2S8R,Const,/job:localhost/replica:0/task:0/device:GPU:0,2.0,0.002
ZCT0Vh5Jeo,Const,/job:localhost/replica:0/task:0/device:GPU:0,2.0,0.002
G4THrE0LJw,Const,/job:localhost/replica:0/task:0/device:GPU:0,2.0,0.002
pafAIElvrb,Const,/job:localhost/replica:0/task:0/device:GPU:0,2.0,0.002
YB82TaHhp4,Const,/job:localhost/replica:0/task:0/device:GPU:0,2.0,0.002
Jb8NqhDt57,Const,/job:localhost/replica:0/task:0/device:GPU:0,2.0,0.002
ayIAZGXpJU,Const,/job:localhost/replica:0/task:0/device:GPU:0,2.0,0.002
kRTOBEAfHz,Const,/job:localhost/replica:0/task:0/device:GPU:0,2.0,0.002
MblD7wu9xf,Const,/job:localhost/replica:0/task:0/device:GPU:0,2.0,0.002
aGBnftZQlJ,Const,/job:localhost/replica:0/task:0/device:GPU:0,2.0,0.002
rpIoZOBX5s,Const,/job:localhost/replica:0/task:0/device:GPU:0,2.0,0.002
Xz6obn1eKM,Const,/job:localhost/replica:0/task:0/device:GPU:0,2.0,0.002
t9QrJHxvWS,Const,/job:localhost/replica:0/task:0/device:GPU:0,2.0,0.002
L84OCTdGVe,Const,/job:localhost/replica:0/task:0/device:GPU:0,2.0,0.002
Ie4PHrL0Gp,Const,/job:localhost/replica:0/task:0/device:GPU:0,2.0,0.002
MBwOGPHc7R,Const,/job:localhost/replica:0/task:0/device:GPU:0,2.0,0.002
976x4IaeGM,Const,/job:localhost/replica:0/task:0/device:GPU:0,2.0,0.002
hfSHzdk2a7,Const,/job:localhost/replica:0/task:0/device:GPU:0,2.0,0.002
cUXKpGm3Ce,Const,/job:localhost/replica:0/task:0/device:GPU:0,2.0,0.002
MKTBufC0jY,Const,/job:localhost/replica:0/task:0/device:GPU:0,2.0,0.002
njtT54u2Rz,Const,/job:localhost/replica:0/task:0/device:GPU:0,2.0,0.002
ukrxgb8nK9,Const,/job:localhost/replica:0/task:0/device:GPU:0,2.0,0.002
r7gMU3RueS,Const,/job:localhost/replica:0/task:0/device:GPU:0,2.0,0.002
c6WN1QhKak,Const,/job:localhost/replica:0/task:0/device:GPU:0,2.0,0.002
cXKSHVIjDJ,Const,/job:localhost/replica:0/task:0/device:GPU:0,2.0,0.002
yhoXkMYaHj,Const,/job:localhost/replica:0/task:0/device:GPU:0,2.0,0.002
jWAytSCpUe,Const,/job:localhost/replica:0/task:0/device:GPU:0,2.0,0.002
tB3L9IFJu8,Const,/job:localhost/replica:0/task:0/device:GPU:0,2.0,0.002
5kG394sVh2,Const,/job:localhost/replica:0/task:0/device:GPU:0,2.0,0.002
FkwSfrRWAP,Const,/job:localhost/replica:0/task:0/device:GPU:0,2.0,0.002
bgyTZ3MhIj,Const,/job:localhost/replica:0/task:0/device:GPU:0,2.0,0.002
9wnh3Ff1Yk,Const,/job:localhost/replica:0/task:0/device:GPU:0,2.0,0.002
kPz52Km48g,Const,/job:localhost/replica:0/task:0/device:GPU:0,2.0,0.002
XZWuBrxT9z,Const,/job:localhost/replica:0/task:0/device:GPU:0,2.0,0.002
aNW3luzsQP,Const,/job:localhost/replica:0/task:0/device:GPU:0,2.0,0.002
ISlN3xCcnm,Const,/job:localhost/replica:0/task:0/device:GPU:0,2.0,0.002
zrjvOm4naV,Const,/job:localhost/replica:0/task:0/device:GPU:0,2.0,0.002
NJQ3ARt1XM,Const,/job:localhost/replica:0/task:0/device:GPU:0,2.0,0.002
jT9hNaMI57,Const,/job:localhost/replica:0/task:0/device:GPU:0,2.0,0.002
yckaCK6RQF,Const,/job:localhost/replica:0/task:0/device:GPU:0,2.0,0.002
WnH5uCSBdQ,Const,/job:localhost/replica:0/task:0/device:GPU:0,2.0,0.002
pZ2PTCSnhH,Const,/job:localhost/replica:0/task:0/device:GPU:0,2.0,0.002
I8Cdk3uQy0,Const,/job:localhost/replica:0/task:0/device:GPU:0,2.0,0.002
O9ucYklNfP,Const,/job:localhost/replica:0/task:0/device:GPU:0,2.0,0.002
2bptnvO50C,Const,/job:localhost/replica:0/task:0/device:GPU:0,2.0,0.002
UncV4OC1M6,Const,/job:localhost/replica:0/task:0/device:GPU:0,2.0,0.002
UYa083z5pk,Const,/job:localhost/replica:0/task:0/device:GPU:0,2.0,0.002
qTGMw0VNOD,Const,/job:localhost/replica:0/task:0/device:GPU:0,2.0,0.002
GsrjP8y3JX,Const,/job:localhost/replica:0/task:0/device:GPU:0,2.0,0.002
Q7ZLbwkWKC,Const,/job:localhost/replica:0/task:0/device:GPU:0,2.0,0.002
CrEOAly3qV,Const,/job:localhost/replica:0/task:0/device:GPU:0,2.0,0.002
e8FNILPvca,Const,/job:localhost/replica:0/task:0/device:GPU:0,2.0,0.002
RoDrw72AnZ,Const,/job:localhost/replica:0/task:0/device:GPU:0,2.0,0.002
zJjUOEKinu,Const,/job:localhost/replica:0/task:0/device:GPU:0,2.0,0.002
lLv4uFj75w,Const,/job:localhost/replica:0/task:0/device:GPU:0,2.0,0.002
KUZ36FNoeE,Const,/job:localhost/replica:0/task:0/device:GPU:0,2.0,0.002
omEy9IF4Yp,Const,/job:localhost/replica:0/task:0/device:GPU:0,2.0,0.002
s0RxMWT9Np,Const,/job:localhost/replica:0/task:0/device:GPU:0,2.0,0.002
lXdAhpxgvW,Const,/job:localhost/replica:0/task:0/device:GPU:0,2.0,0.002
aLwW3FAVuG,Const,/job:localhost/replica:0/task:0/device:GPU:0,2.0,0.002
UEHRLqZDwy,Const,/job:localhost/replica:0/task:0/device:GPU:0,2.0,0.002
oXdgbIQyCe,Const,/job:localhost/replica:0/task:0/device:GPU:0,2.0,0.002
DPSRcOEU7K,Const,/job:localhost/replica:0/task:0/device:GPU:0,2.0,0.002
avjOlqkhMW,Const,/job:localhost/replica:0/task:0/device:GPU:0,2.0,0.002
BxtjsgUbY4,Const,/job:localhost/replica:0/task:0/device:GPU:0,2.0,0.002
2ZsR4e1LUK,Const,/job:localhost/replica:0/task:0/device:GPU:0,2.0,0.002
HFzY9MCN6n,Const,/job:localhost/replica:0/task:0/device:GPU:0,2.0,0.002
xMbUEHWqPG,Const,/job:localhost/replica:0/task:0/device:GPU:0,2.0,0.002
O0VvjlkfqA,Const,/job:localhost/replica:0/task:0/device:GPU:0,2.0,0.002
VB0wnMH1FY,Const,/job:localhost/replica:0/task:0/device:GPU:0,2.0,0.002
5PeU7tT9sD,Const,/job:localhost/replica:0/task:0/device:GPU:0,2.0,0.002
Eq95pxOaIC,Const,/job:localhost/replica:0/task:0/device:GPU:0,2.0,0.002
z5g7emRFjH,Const,/job:localhost/replica:0/task:0/device:GPU:0,2.0,0.002
jqzlfRSFYw,Const,/job:localhost/replica:0/task:0/device:GPU:0,2.0,0.002
aUygO6IHQi,Const,/job:localhost/replica:0/task:0/device:GPU:0,2.0,0.002
Sol86NHCJh,Const,/job:localhost/replica:0/task:0/device:GPU:0,2.0,0.002
JFvKhTDUZj,Const,/job:localhost/replica:0/task:0/device:GPU:0,2.0,0.002
8WR4kKwe1h,Const,/job:localhost/replica:0/task:0/device:GPU:0,2.0,0.002
4rPOGmdyjV,Const,/job:localhost/replica:0/task:0/device:GPU:0,2.0,0.002
7tXRD2uTUF,Const,/job:localhost/replica:0/task:0/device:GPU:0,2.0,0.002
P7Wesh6KQT,Const,/job:localhost/replica:0/task:0/device:GPU:0,2.0,0.002
kPue1HRdCL,Const,/job:localhost/replica:0/task:0/device:GPU:0,2.0,0.002
r19Eds0LW4,Const,/job:localhost/replica:0/task:0/device:GPU:0,2.0,0.002
Ow8bacI17i,Const,/job:localhost/replica:0/task:0/device:GPU:0,2.0,0.002
EJDiawW208,Const,/job:localhost/replica:0/task:0/device:GPU:0,2.0,0.002
6SJ3werCmE,Const,/job:localhost/replica:0/task:0/device:GPU:0,2.0,0.002
FnewWaDk1T,Const,/job:localhost/replica:0/task:0/device:GPU:0,2.0,0.002
dJCiUHN5Bx,Const,/job:localhost/replica:0/task:0/device:GPU:0,2.0,0.002
xHLIb9DGB4,Const,/job:localhost/replica:0/task:0/device:GPU:0,2.0,0.002
qHd8IEjGpK,Const,/job:localhost/replica:0/task:0/device:GPU:0,2.0,0.002
74EThItDV5,Const,/job:localhost/replica:0/task:0/device:GPU:0,2.0,0.002
KodTiMZlj1,Const,/job:localhost/replica:0/task:0/device:GPU:0,2.0,0.002
zCdUPINfDJ,Const,/job:localhost/replica:0/task:0/device:GPU:0,2.0,0.002
2c6xaQTWVf,Const,/job:localhost/replica:0/task:0/device:GPU:0,2.0,0.002
5x1XOcBWN3,Const,/job:localhost/replica:0/task:0/device:GPU:0,2.0,0.002
4irvV8bNPx,Const,/job:localhost/replica:0/task:0/device:GPU:0,2.0,0.002
p5gELUyMFK,Const,/job:localhost/replica:0/task:0/device:GPU:0,2.0,0.002
Q8r6siOkjm,Const,/job:localhost/replica:0/task:0/device:GPU:0,2.0,0.002
3u95gj7y2x,Const,/job:localhost/replica:0/task:0/device:GPU:0,2.0,0.002
nO6fAktQBx,Const,/job:localhost/replica:0/task:0/device:GPU:0,2.0,0.002
3m7tMVOAhp,Const,/job:localhost/replica:0/task:0/device:GPU:0,2.0,0.002
m9F0N2HQTZ,Const,/job:localhost/replica:0/task:0/device:GPU:0,2.0,0.002
ix7B5DaTXQ,Const,/job:localhost/replica:0/task:0/device:GPU:0,2.0,0.002
teEQJiYO7S,Const,/job:localhost/replica:0/task:0/device:GPU:0,2.0,0.002
vSRFu3QUBX,Const,/job:localhost/replica:0/task:0/device:GPU:0,2.0,0.002
KvWqMeSzfc,Const,/job:localhost/replica:0/task:0/device:GPU:0,2.0,0.002
Y1FnADg2JO,Const,/job:localhost/replica:0/task:0/device:GPU:0,2.0,0.002
s7cJRvukfp,Const,/job:localhost/replica:0/task:0/device:GPU:0,2.0,0.002
yIh3gJrnvT,Const,/job:localhost/replica:0/task:0/device:GPU:0,2.0,0.002
568JMoDNda,Const,/job:localhost/replica:0/task:0/device:GPU:0,2.0,0.002
LuT0425Fzn,Const,/job:localhost/replica:0/task:0/device:GPU:0,2.0,0.002
iSa7bnDkgj,Const,/job:localhost/replica:0/task:0/device:GPU:0,2.0,0.002
gIUrn5abVu,Const,/job:localhost/replica:0/task:0/device:GPU:0,2.0,0.002
3e1flJaibK,Const,/job:localhost/replica:0/task:0/device:GPU:0,2.0,0.002
fo3069HLIT,Const,/job:localhost/replica:0/task:0/device:GPU:0,2.0,0.002
YX3zTmle7H,Const,/job:localhost/replica:0/task:0/device:GPU:0,2.0,0.002
AQq4lNY7sd,Const,/job:localhost/replica:0/task:0/device:GPU:0,2.0,0.002
U8EzSexpjK,Const,/job:localhost/replica:0/task:0/device:GPU:0,2.0,0.002
MquaK5zPTY,Const,/job:localhost/replica:0/task:0/device:GPU:0,2.0,0.002
SU4EX8nxfp,Const,/job:localhost/replica:0/task:0/device:GPU:0,2.0,0.002
KuAWeYg19b,Const,/job:localhost/replica:0/task:0/device:GPU:0,2.0,0.002
ogYFqGMArH,Const,/job:localhost/replica:0/task:0/device:GPU:0,2.0,0.002
XFzRrUuBSg,Const,/job:localhost/replica:0/task:0/device:GPU:0,2.0,0.002
txN9uAKcDs,Const,/job:localhost/replica:0/task:0/device:GPU:0,2.0,0.002
8rIeODEUVC,Const,/job:localhost/replica:0/task:0/device:GPU:0,2.0,0.002
RIdzS9qcLa,Const,/job:localhost/replica:0/task:0/device:GPU:0,2.0,0.002
cISgZL5pBs,Const,/job:localhost/replica:0/task:0/device:GPU:0,2.0,0.002
0JaBOtYH1z,Const,/job:localhost/replica:0/task:0/device:GPU:0,2.0,0.002
L9ZK2arT5Q,Const,/job:localhost/replica:0/task:0/device:GPU:0,2.0,0.002
YFuR4QLbhV,Const,/job:localhost/replica:0/task:0/device:GPU:0,2.0,0.002
kTN7SOaRFq,Const,/job:localhost/replica:0/task:0/device:GPU:0,2.0,0.002
Li86d3RgqG,Const,/job:localhost/replica:0/task:0/device:GPU:0,2.0,0.002
cwdlAY1U0H,Const,/job:localhost/replica:0/task:0/device:GPU:0,2.0,0.002
5tL2R8W7PJ,Const,/job:localhost/replica:0/task:0/device:GPU:0,2.0,0.002
N1rut3qKgf,Const,/job:localhost/replica:0/task:0/device:GPU:0,2.0,0.002
2ZH47fyLIa,Const,/job:localhost/replica:0/task:0/device:GPU:0,2.0,0.002
8ZuV7hScDF,Const,/job:localhost/replica:0/task:0/device:GPU:0,2.0,0.002
K2d1MVQXWq,Const,/job:localhost/replica:0/task:0/device:GPU:0,2.0,0.002
PuRTfaCbGY,Const,/job:localhost/replica:0/task:0/device:GPU:0,2.0,0.002
Qt4ae0Kk81,Const,/job:localhost/replica:0/task:0/device:GPU:0,2.0,0.002
JsGphbNaqB,Const,/job:localhost/replica:0/task:0/device:GPU:0,2.0,0.002
tMHB2YFeJG,Const,/job:localhost/replica:0/task:0/device:GPU:0,2.0,0.002
3PaHOedJ0I,Const,/job:localhost/replica:0/task:0/device:GPU:0,2.0,0.002
GgFhWJOSTi,Const,/job:localhost/replica:0/task:0/device:GPU:0,2.0,0.002
YxjH2GKI5R,Const,/job:localhost/replica:0/task:0/device:GPU:0,2.0,0.002
U5qr8gViX3,Const,/job:localhost/replica:0/task:0/device:GPU:0,2.0,0.002
e4urXAiwF6,Const,/job:localhost/replica:0/task:0/device:GPU:0,2.0,0.002
MIAeijBSEr,Const,/job:localhost/replica:0/task:0/device:GPU:0,2.0,0.002
ArPdSWGO4n,Const,/job:localhost/replica:0/task:0/device:GPU:0,2.0,0.002
ihLpUrVACj,Const,/job:localhost/replica:0/task:0/device:GPU:0,2.0,0.002
Y0t7WV2kwg,Const,/job:localhost/replica:0/task:0/device:GPU:0,2.0,0.002
gGORfq5xsT,Const,/job:localhost/replica:0/task:0/device:GPU:0,2.0,0.002
MjbgETu7y1,Const,/job:localhost/replica:0/task:0/device:GPU:0,2.0,0.002
oSpM7JA5B3,Const,/job:localhost/replica:0/task:0/device:GPU:0,2.0,0.002
rqFca3BlIN,Const,/job:localhost/replica:0/task:0/device:GPU:0,2.0,0.002
sOq9e3XNBh,Const,/job:localhost/replica:0/task:0/device:GPU:0,2.0,0.002
N4MXQ6VqTA,Const,/job:localhost/replica:0/task:0/device:GPU:0,2.0,0.002
oES9sWpxDq,Const,/job:localhost/replica:0/task:0/device:GPU:0,2.0,0.002
WdcslL9U32,Const,/job:localhost/replica:0/task:0/device:GPU:0,2.0,0.002
CdQVbqKxvr,Const,/job:localhost/replica:0/task:0/device:GPU:0,2.0,0.002
gmE0VLP8su,Const,/job:localhost/replica:0/task:0/device:GPU:0,2.0,0.002
Nvud6qAJQe,Const,/job:localhost/replica:0/task:0/device:GPU:0,2.0,0.002
i2XBAwpomj,Const,/job:localhost/replica:0/task:0/device:GPU:0,2.0,0.002
LxErvCaNVX,Const,/job:localhost/replica:0/task:0/device:GPU:0,2.0,0.002
dOIxwWAPfJ,Const,/job:localhost/replica:0/task:0/device:GPU:0,2.0,0.002
NHISJqvuWT,Const,/job:localhost/replica:0/task:0/device:GPU:0,2.0,0.002
51zhfG6mtk,Const,/job:localhost/replica:0/task:0/device:GPU:0,2.0,0.002
xw4ZkMO3mK,Const,/job:localhost/replica:0/task:0/device:GPU:0,2.0,0.002
GpRfyOiScW,Const,/job:localhost/replica:0/task:0/device:GPU:0,2.0,0.002
0bNIutmdM3,Const,/job:localhost/replica:0/task:0/device:GPU:0,2.0,0.002
YGVzZcaBeM,Const,/job:localhost/replica:0/task:0/device:GPU:0,2.0,0.002
VSma3QxyIE,Const,/job:localhost/replica:0/task:0/device:GPU:0,2.0,0.002
MZ65SWhzpC,Const,/job:localhost/replica:0/task:0/device:GPU:0,2.0,0.002
v4m6skZJQ5,Const,/job:localhost/replica:0/task:0/device:GPU:0,2.0,0.002
oB3JwGjWUR,Const,/job:localhost/replica:0/task:0/device:GPU:0,2.0,0.002
BFhf5EU9qg,Const,/job:localhost/replica:0/task:0/device:GPU:0,2.0,0.002
TpA3CV1qPl,Const,/job:localhost/replica:0/task:0/device:GPU:0,2.0,0.002
V02IudzfUa,Const,/job:localhost/replica:0/task:0/device:GPU:0,2.0,0.002
Gfe2EWPq0w,Const,/job:localhost/replica:0/task:0/device:GPU:0,2.0,0.002
NiLK7swlVF,Const,/job:localhost/replica:0/task:0/device:GPU:0,2.0,0.002
jdf42IbFyL,Const,/job:localhost/replica:0/task:0/device:GPU:0,2.0,0.002
4LSKjWNMaA,Const,/job:localhost/replica:0/task:0/device:GPU:0,2.0,0.002
7x4pdRr2kM,Const,/job:localhost/replica:0/task:0/device:GPU:0,2.0,0.002
dCmg1F0ljt,Const,/job:localhost/replica:0/task:0/device:GPU:0,2.0,0.002
Vgaphv0R6z,Const,/job:localhost/replica:0/task:0/device:GPU:0,2.0,0.002
rSU9tDjCWz,Const,/job:localhost/replica:0/task:0/device:GPU:0,2.0,0.002
9I2H4cYUDp,Const,/job:localhost/replica:0/task:0/device:GPU:0,2.0,0.002
7k96Jv5jef,Const,/job:localhost/replica:0/task:0/device:GPU:0,2.0,0.002
ny0TJLRrvp,Const,/job:localhost/replica:0/task:0/device:GPU:0,2.0,0.002
5kVGgaqQ79,Const,/job:localhost/replica:0/task:0/device:GPU:0,2.0,0.002
hRlkQMmoP2,Const,/job:localhost/replica:0/task:0/device:GPU:0,2.0,0.002
hWyIHo9kYs,Const,/job:localhost/replica:0/task:0/device:GPU:0,2.0,0.002
xHg9zwBT40,Const,/job:localhost/replica:0/task:0/device:GPU:0,2.0,0.002
DuKbXSpNhY,Const,/job:localhost/replica:0/task:0/device:GPU:0,2.0,0.002
UiC1PBXGnv/_344__cf__344,Reshape,/job:localhost/replica:0/task:0/device:GPU:0,2.0,0.002
WJg6dUmIDe/_359__cf__359,Reshape,/job:localhost/replica:0/task:0/device:GPU:0,2.0,0.002
Y7O5DU4fgV/_378__cf__378,Reshape,/job:localhost/replica:0/task:0/device:GPU:0,2.0,0.002
VPfwNYZaT4/_350__cf__350,Reshape,/job:localhost/replica:0/task:0/device:GPU:0,2.0,0.002
Xv9IFkPCec/_373__cf__373,Reshape,/job:localhost/replica:0/task:0/device:GPU:0,2.0,0.002
YGZophXJOU/_384__cf__384,Reshape,/job:localhost/replica:0/task:0/device:GPU:0,2.0,0.002
GTDd65VckX,Const,/job:localhost/replica:0/task:0/device:GPU:0,2.0,0.002
x2olVKX4qE,Const,/job:localhost/replica:0/task:0/device:GPU:0,2.0,0.002
Xodiw9tUxy,Const,/job:localhost/replica:0/task:0/device:GPU:0,2.0,0.002
MvWZq4XfgE,Const,/job:localhost/replica:0/task:0/device:GPU:0,2.0,0.002
aDxsHqB2cg,Const,/job:localhost/replica:0/task:0/device:GPU:0,2.0,0.002
Cu056cspkY,Const,/job:localhost/replica:0/task:0/device:GPU:0,2.0,0.002
NlwhsFCcxm,Const,/job:localhost/replica:0/task:0/device:GPU:0,2.0,0.002
thZDMg38Tm,Const,/job:localhost/replica:0/task:0/device:GPU:0,2.0,0.002
FBHwGUPhpC,Const,/job:localhost/replica:0/task:0/device:GPU:0,2.0,0.002
63Cbl84c5U,Const,/job:localhost/replica:0/task:0/device:GPU:0,2.0,0.002
CEDF1coNRb,Const,/job:localhost/replica:0/task:0/device:GPU:0,2.0,0.002
g8u1Mif6hX,Const,/job:localhost/replica:0/task:0/device:GPU:0,2.0,0.002
kheliacI7Q,Const,/job:localhost/replica:0/task:0/device:GPU:0,2.0,0.002
ZfHkUoB4FJ,Const,/job:localhost/replica:0/task:0/device:GPU:0,2.0,0.002
aUWbJPy7i0,Const,/job:localhost/replica:0/task:0/device:GPU:0,2.0,0.002
n31U4WfeFt,Const,/job:localhost/replica:0/task:0/device:GPU:0,2.0,0.002
qolAa16VWM,Const,/job:localhost/replica:0/task:0/device:GPU:0,2.0,0.002
FJ7grGEfH5,Const,/job:localhost/replica:0/task:0/device:GPU:0,2.0,0.002
hR0NmIBvWy,Const,/job:localhost/replica:0/task:0/device:GPU:0,2.0,0.002
fpFEPavtd3,Const,/job:localhost/replica:0/task:0/device:GPU:0,2.0,0.002
qy74ksOBdp,Const,/job:localhost/replica:0/task:0/device:GPU:0,2.0,0.002
lTSB2GC6pw,Const,/job:localhost/replica:0/task:0/device:GPU:0,2.0,0.002
6GYWiFEg2H,Const,/job:localhost/replica:0/task:0/device:GPU:0,2.0,0.002
g0iwUXdkm9,Const,/job:localhost/replica:0/task:0/device:GPU:0,2.0,0.002
2YEO4PFtor,Const,/job:localhost/replica:0/task:0/device:GPU:0,2.0,0.002
HMj6mexK5B,Const,/job:localhost/replica:0/task:0/device:GPU:0,2.0,0.002
cGlbWV0RLB,Const,/job:localhost/replica:0/task:0/device:GPU:0,2.0,0.002
NZSDsOnJWQ,Const,/job:localhost/replica:0/task:0/device:GPU:0,2.0,0.002
5G6QDOeszb,Const,/job:localhost/replica:0/task:0/device:GPU:0,2.0,0.002
3WKFth5ka2,Const,/job:localhost/replica:0/task:0/device:GPU:0,2.0,0.002
olHUmuFZPq,Const,/job:localhost/replica:0/task:0/device:GPU:0,2.0,0.002
WmBDeIZpgA,Const,/job:localhost/replica:0/task:0/device:GPU:0,2.0,0.002
9PmBblRntz,Const,/job:localhost/replica:0/task:0/device:GPU:0,2.0,0.002
ewCp2SmZof,Const,/job:localhost/replica:0/task:0/device:GPU:0,2.0,0.002
1qXsnv20o9,Const,/job:localhost/replica:0/task:0/device:GPU:0,2.0,0.002
7RoYza2BPj,Const,/job:localhost/replica:0/task:0/device:GPU:0,2.0,0.002
PiokIBdVJh,Const,/job:localhost/replica:0/task:0/device:GPU:0,2.0,0.002
3YbluS4fXF,Const,/job:localhost/replica:0/task:0/device:GPU:0,2.0,0.002
6pmxIvrDaR,Const,/job:localhost/replica:0/task:0/device:GPU:0,2.0,0.002
5nlg7x9Jjy,Const,/job:localhost/replica:0/task:0/device:GPU:0,2.0,0.002
5jJaSTF0tu,Const,/job:localhost/replica:0/task:0/device:GPU:0,2.0,0.002
jG0aH61gUz,Const,/job:localhost/replica:0/task:0/device:GPU:0,2.0,0.002
reiSM4nYp9,Const,/job:localhost/replica:0/task:0/device:GPU:0,2.0,0.002
nCwhFsSIJ2,Const,/job:localhost/replica:0/task:0/device:GPU:0,2.0,0.002
SMj4DOK8FE,Const,/job:localhost/replica:0/task:0/device:GPU:0,2.0,0.002
FbRsYkzxfM,Const,/job:localhost/replica:0/task:0/device:GPU:0,2.0,0.002
nL16IXUapz,Const,/job:localhost/replica:0/task:0/device:GPU:0,2.0,0.002
Y7OUwdc1Vg,Const,/job:localhost/replica:0/task:0/device:GPU:0,2.0,0.002
niruU4hfyw,Const,/job:localhost/replica:0/task:0/device:GPU:0,2.0,0.002
TXut8YPknN,Const,/job:localhost/replica:0/task:0/device:GPU:0,2.0,0.002
lCNyrng97u,Const,/job:localhost/replica:0/task:0/device:GPU:0,2.0,0.002
THkJxSCcV8,Const,/job:localhost/replica:0/task:0/device:GPU:0,2.0,0.002
uWAUPmFgRS,Const,/job:localhost/replica:0/task:0/device:GPU:0,2.0,0.002
4zHreTP1Ui,Const,/job:localhost/replica:0/task:0/device:GPU:0,2.0,0.002
9OkVxJad6B,Const,/job:localhost/replica:0/task:0/device:GPU:0,2.0,0.002
8KdupaEyv1,Const,/job:localhost/replica:0/task:0/device:GPU:0,2.0,0.002
i0la3OyMcN/_506__cf__506,Sub,/job:localhost/replica:0/task:0/device:GPU:0,2.0,0.002
uJLFzdvBGA,Const,/job:localhost/replica:0/task:0/device:GPU:0,2.0,0.002
tvcodukIJ0,Const,/job:localhost/replica:0/task:0/device:GPU:0,2.0,0.002
smpouMZxq5,Const,/job:localhost/replica:0/task:0/device:GPU:0,2.0,0.002
zRHsrFKhq9,Const,/job:localhost/replica:0/task:0/device:GPU:0,2.0,0.002
bmpunZaTRf/_441__cf__441,Reshape,/job:localhost/replica:0/task:0/device:GPU:0,2.0,0.002
hQrC5pKGfD/_501__cf__501,Reshape,/job:localhost/replica:0/task:0/device:GPU:0,2.0,0.002
RXeg8ry9qf,Const,/job:localhost/replica:0/task:0/device:GPU:0,2.0,0.002
phvGEIPUsJ,Const,/job:localhost/replica:0/task:0/device:GPU:0,2.0,0.002
bAVftNTHIM/_431__cf__431,Reshape,/job:localhost/replica:0/task:0/device:GPU:0,2.0,0.002
hLuCitrc9F/_498__cf__498,Reshape,/job:localhost/replica:0/task:0/device:GPU:0,2.0,0.002
OZScgTwIa3,Const,/job:localhost/replica:0/task:0/device:GPU:0,2.0,0.002
YLf5oMEmk6/_386__cf__386,Reshape,/job:localhost/replica:0/task:0/device:GPU:0,2.0,0.002
ZSQq6UKv4e/_403__cf__403,StridedSlice,/job:localhost/replica:0/task:0/device:GPU:0,2.0,0.002
eCNI7GwVAY/_465__cf__465,Reshape,/job:localhost/replica:0/task:0/device:GPU:0,2.0,0.002
fvTmyWFnBa/_481__cf__481,Reshape,/job:localhost/replica:0/task:0/device:GPU:0,2.0,0.002
hXtaUpBRPV/_504__cf__504,Reshape,/job:localhost/replica:0/task:0/device:GPU:0,2.0,0.002
rUxLXDti3V,Const,/job:localhost/replica:0/task:0/device:GPU:0,2.0,0.002
H39n6zTMoE,Const,/job:localhost/replica:0/task:0/device:GPU:0,2.0,0.002
Zdb2M5ficw/_407__cf__407,Reshape,/job:localhost/replica:0/task:0/device:GPU:0,2.0,0.002
alO82BrvX5/_424__cf__424,Reshape,/job:localhost/replica:0/task:0/device:GPU:0,2.0,0.002
bLV2mBluWO/_434__cf__434,Reshape,/job:localhost/replica:0/task:0/device:GPU:0,2.0,0.002
cPh5XKVFfe/_451__cf__451,Reshape,/job:localhost/replica:0/task:0/device:GPU:0,2.0,0.002
dnAo4Siuz8/_460__cf__460,Reshape,/job:localhost/replica:0/task:0/device:GPU:0,2.0,0.002
g5ip40yQ2j/_484__cf__484,Reshape,/job:localhost/replica:0/task:0/device:GPU:0,2.0,0.002
jkDCd0VI85/_532__cf__532,Reshape,/job:localhost/replica:0/task:0/device:GPU:0,2.0,0.002
jpfn8T1uoS/_538__cf__538,Reshape,/job:localhost/replica:0/task:0/device:GPU:0,2.0,0.002
XZAniba3K9/_369__cf__369,RealDiv,/job:localhost/replica:0/task:0/device:GPU:0,2.0,0.002
nCzIJWxQVi/_574__cf__574,Reshape,/job:localhost/replica:0/task:0/device:GPU:0,2.0,0.002
jGrKc8fC6Q,Const,/job:localhost/replica:0/task:0/device:GPU:0,2.0,0.002
aSYK5qOExG/_420__cf__420,Reshape,/job:localhost/replica:0/task:0/device:GPU:0,2.0,0.002
YtqCkSKXjW,Const,/job:localhost/replica:0/task:0/device:GPU:0,2.0,0.002
86BbjQxaqn,Const,/job:localhost/replica:0/task:0/device:GPU:0,2.0,0.002
dpRge6bZqx/_461__cf__461,Reshape,/job:localhost/replica:0/task:0/device:GPU:0,2.0,0.002
ghM48Os0pW/_492__cf__492,Reshape,/job:localhost/replica:0/task:0/device:GPU:0,2.0,0.002
iMIl8nwbTV/_514__cf__514,RealDiv,/job:localhost/replica:0/task:0/device:GPU:0,2.0,0.002
jrVCRkBqvQ/_539__cf__539,Reshape,/job:localhost/replica:0/task:0/device:GPU:0,2.0,0.002
kZAx6fRbHM/_548__cf__548,Reshape,/job:localhost/replica:0/task:0/device:GPU:0,2.0,0.002
me4PXRJbUo/_569__cf__569,Reshape,/job:localhost/replica:0/task:0/device:GPU:0,2.0,0.002
nlqJOFrYbw/_586__cf__586,Reshape,/job:localhost/replica:0/task:0/device:GPU:0,2.0,0.002
oKHAzqXs9N/_595__cf__595,Reshape,/job:localhost/replica:0/task:0/device:GPU:0,2.0,0.002
alQs1r6w57/_425__cf__425,Reshape,/job:localhost/replica:0/task:0/device:GPU:0,2.0,0.002
faMExhDlmB/_478__cf__478,Reshape,/job:localhost/replica:0/task:0/device:GPU:0,2.0,0.002
iS7rIgWqvR/_516__cf__516,Reshape,/job:localhost/replica:0/task:0/device:GPU:0,2.0,0.002
l2fwAgNuZt/_551__cf__551,Reshape,/job:localhost/replica:0/task:0/device:GPU:0,2.0,0.002
Zm4DTyEead/_410__cf__410,Reshape,/job:localhost/replica:0/task:0/device:GPU:0,2.0,0.002
ihtPo7xryY/_522__cf__522,Add,/job:localhost/replica:0/task:0/device:GPU:0,2.0,0.002
kWwm0bNKe3/_547__cf__547,Reshape,/job:localhost/replica:0/task:0/device:GPU:0,2.0,0.002
lc84a1hBQH/_558__cf__558,Reshape,/job:localhost/replica:0/task:0/device:GPU:0,2.0,0.002
mi7sytakd6/_570__cf__570,Reshape,/job:localhost/replica:0/task:0/device:GPU:0,2.0,0.002
l9hZAox8NE/_555__cf__555,Reshape,/job:localhost/replica:0/task:0/device:GPU:0,2.0,0.002
oXRJ80mgya,Const,/job:localhost/replica:0/task:0/device:GPU:0,2.0,0.002
WgV5q3sMQd,ExpandDims,/job:localhost/replica:0/task:0/device:GPU:0,2.0,0.002
1S2cb9iVfg,Const,/job:localhost/replica:0/task:0/device:GPU:0,2.0,0.002
tSXEUDw9dR,StridedSlice,/job:localhost/replica:0/task:0/device:GPU:0,2.0,0.002
lgpIZwkjch/_560__cf__560,Reshape,/job:localhost/replica:0/task:0/device:GPU:0,2.0,0.002
mulYiap4U0/_573__cf__573,Reshape,/job:localhost/replica:0/task:0/device:GPU:0,2.0,0.002
n2oAVN0zjX,StridedSlice,/job:localhost/replica:0/task:0/device:GPU:0,2.0,0.002
BrwP0g2NXl,StridedSlice,/job:localhost/replica:0/task:0/device:GPU:0,2.0,0.002
XJYzPHWmAN,ExpandDims,/job:localhost/replica:0/task:0/device:GPU:0,2.0,0.002
RZlrfGI3Hz,Const,/job:localhost/replica:0/task:0/device:GPU:0,2.0,0.002
ZTrFzsCqwI,ExpandDims,/job:localhost/replica:0/task:0/device:GPU:0,2.0,0.002
MiZkN0t1Ya,Const,/job:localhost/replica:0/task:0/device:GPU:0,2.0,0.002
xjG0O5cpDC,Const,/job:localhost/replica:0/task:0/device:GPU:0,2.0,0.002
oe13vHaL28,Const,/job:localhost/replica:0/task:0/device:GPU:0,2.0,0.002
9vfnwdbkci,Const,/job:localhost/replica:0/task:0/device:GPU:0,2.0,0.002
WV0aFZxsMI,Const,/job:localhost/replica:0/task:0/device:GPU:0,2.0,0.002
pBPbZAimlr,Const,/job:localhost/replica:0/task:0/device:GPU:0,2.0,0.002
za617JgZHh,Const,/job:localhost/replica:0/task:0/device:GPU:0,2.0,0.002
VIsSQa8jmo,Const,/job:localhost/replica:0/task:0/device:GPU:0,2.0,0.002
szkFweNdig,Const,/job:localhost/replica:0/task:0/device:GPU:0,2.0,0.002
tEMNvflYFT,Const,/job:localhost/replica:0/task:0/device:GPU:0,2.0,0.002
aPbwZel41R,Const,/job:localhost/replica:0/task:0/device:GPU:0,2.0,0.002
RaqBhl1XKV,Const,/job:localhost/replica:0/task:0/device:GPU:0,2.0,0.002
Ko7NfXZEuV,Const,/job:localhost/replica:0/task:0/device:GPU:0,2.0,0.002
cjGZFuOd87,Const,/job:localhost/replica:0/task:0/device:GPU:0,2.0,0.002
TvN4d38VB9,Const,/job:localhost/replica:0/task:0/device:GPU:0,2.0,0.002
tJe2Llcbu7,Const,/job:localhost/replica:0/task:0/device:GPU:0,2.0,0.002
KhZDRirb9e,Const,/job:localhost/replica:0/task:0/device:GPU:0,2.0,0.002
o612bI8iTr,Const,/job:localhost/replica:0/task:0/device:GPU:0,2.0,0.002
6mvDIaGBl1,Const,/job:localhost/replica:0/task:0/device:GPU:0,2.0,0.002
aR680rzPMt,Const,/job:localhost/replica:0/task:0/device:GPU:0,2.0,0.002
ReQLMpwj51,Const,/job:localhost/replica:0/task:0/device:GPU:0,2.0,0.002
SG7BYNXPuz,Const,/job:localhost/replica:0/task:0/device:GPU:0,2.0,0.002
vnrkPZYf9w,Const,/job:localhost/replica:0/task:0/device:GPU:0,2.0,0.002
I1i3Q4VMcr,Const,/job:localhost/replica:0/task:0/device:GPU:0,2.0,0.002
DIER9mBFO0,Const,/job:localhost/replica:0/task:0/device:GPU:0,2.0,0.002
y2exvo9TCU,Const,/job:localhost/replica:0/task:0/device:GPU:0,2.0,0.002
jF6bHueDSC,Const,/job:localhost/replica:0/task:0/device:GPU:0,2.0,0.002
Kq2GvQrMiy,Const,/job:localhost/replica:0/task:0/device:GPU:0,2.0,0.002
fmYPkD2dhB,Const,/job:localhost/replica:0/task:0/device:GPU:0,2.0,0.002
DcxAf2bnIy,Const,/job:localhost/replica:0/task:0/device:GPU:0,2.0,0.002
QD0ve43Sqo,Const,/job:localhost/replica:0/task:0/device:GPU:0,2.0,0.002
S46Pj2EYJg,Const,/job:localhost/replica:0/task:0/device:GPU:0,2.0,0.002
r3FlcxjDzJ,Const,/job:localhost/replica:0/task:0/device:GPU:0,2.0,0.002
PSke2uyfrc,Const,/job:localhost/replica:0/task:0/device:GPU:0,2.0,0.002
u6pl0cXgB1,Const,/job:localhost/replica:0/task:0/device:GPU:0,2.0,0.002
5nJsuwTEey,Const,/job:localhost/replica:0/task:0/device:GPU:0,2.0,0.002
o6yWma1CHO,Const,/job:localhost/replica:0/task:0/device:GPU:0,2.0,0.002
Z5WxHgFpDu,Const,/job:localhost/replica:0/task:0/device:GPU:0,2.0,0.002
uy2zNFEWP3,Const,/job:localhost/replica:0/task:0/device:GPU:0,2.0,0.002
TIWY5NK7ZA,Const,/job:localhost/replica:0/task:0/device:GPU:0,2.0,0.002
0fmiuSAv6n,Const,/job:localhost/replica:0/task:0/device:GPU:0,2.0,0.002
PGbz6AcRK0,Const,/job:localhost/replica:0/task:0/device:GPU:0,2.0,0.002
sjTMgAaF2G,Const,/job:localhost/replica:0/task:0/device:GPU:0,2.0,0.002
aDQ0FLzoAH,Const,/job:localhost/replica:0/task:0/device:GPU:0,2.0,0.002
GslyexZ971,Const,/job:localhost/replica:0/task:0/device:GPU:0,2.0,0.002
EF9t3Vymfk,Const,/job:localhost/replica:0/task:0/device:GPU:0,2.0,0.002
HL0Plt2aeb,Const,/job:localhost/replica:0/task:0/device:GPU:0,2.0,0.002
CJ13xMVo0U,Const,/job:localhost/replica:0/task:0/device:GPU:0,2.0,0.002
sUp4XPfQKL,Const,/job:localhost/replica:0/task:0/device:GPU:0,2.0,0.002
hBFt3l1m0d,Const,/job:localhost/replica:0/task:0/device:GPU:0,2.0,0.002
i1mLHtdIG0,Const,/job:localhost/replica:0/task:0/device:GPU:0,2.0,0.002
vlzm138y5n,Const,/job:localhost/replica:0/task:0/device:GPU:0,2.0,0.002
kpVtsB2IUP,Const,/job:localhost/replica:0/task:0/device:GPU:0,2.0,0.002
2nFiEhX1LA,Const,/job:localhost/replica:0/task:0/device:GPU:0,2.0,0.002
SHUoeJAsrL,Const,/job:localhost/replica:0/task:0/device:GPU:0,2.0,0.002
ZInrTq7ck6,Const,/job:localhost/replica:0/task:0/device:GPU:0,2.0,0.002
D4hl6gkwi0,Const,/job:localhost/replica:0/task:0/device:GPU:0,2.0,0.002
pgSf4yCVi2,Const,/job:localhost/replica:0/task:0/device:GPU:0,2.0,0.002
cfgWG4eLET,Const,/job:localhost/replica:0/task:0/device:GPU:0,2.0,0.002
0VX7ivgdWq,Const,/job:localhost/replica:0/task:0/device:GPU:0,2.0,0.002
os8CiKTEqm,Const,/job:localhost/replica:0/task:0/device:GPU:0,2.0,0.002
tDu4kYvlBz,Const,/job:localhost/replica:0/task:0/device:GPU:0,2.0,0.002
CxLv9poyYz,Const,/job:localhost/replica:0/task:0/device:GPU:0,2.0,0.002
n7aSl69Ou3,Const,/job:localhost/replica:0/task:0/device:GPU:0,2.0,0.002
jEfuJ1rB8O,Const,/job:localhost/replica:0/task:0/device:GPU:0,2.0,0.002
nAfMWvxeVQ,Const,/job:localhost/replica:0/task:0/device:GPU:0,2.0,0.002
bXf4g8Hxhv,Const,/job:localhost/replica:0/task:0/device:GPU:0,2.0,0.002
ZUwrLRNpBl,Const,/job:localhost/replica:0/task:0/device:GPU:0,2.0,0.002
QxzeadI3NF,Const,/job:localhost/replica:0/task:0/device:GPU:0,2.0,0.002
MS5jok0NRm,Const,/job:localhost/replica:0/task:0/device:GPU:0,2.0,0.002
H4VIGjinwx,Const,/job:localhost/replica:0/task:0/device:GPU:0,2.0,0.002
KmiY7Gkeu3,Const,/job:localhost/replica:0/task:0/device:GPU:0,2.0,0.002
5SJU1DHRcu,Const,/job:localhost/replica:0/task:0/device:GPU:0,2.0,0.002
5JCv3dQLh4,Const,/job:localhost/replica:0/task:0/device:GPU:0,2.0,0.002
9VHbKlv1Nk,Const,/job:localhost/replica:0/task:0/device:GPU:0,2.0,0.002
QRlo7XSmWV,Const,/job:localhost/replica:0/task:0/device:GPU:0,2.0,0.002
TdvoVHfSAD,Const,/job:localhost/replica:0/task:0/device:GPU:0,2.0,0.002
9me7VMs08n,Const,/job:localhost/replica:0/task:0/device:GPU:0,2.0,0.002
cZpvtQq35k,Const,/job:localhost/replica:0/task:0/device:GPU:0,2.0,0.002
TxDO50v1uX,Const,/job:localhost/replica:0/task:0/device:GPU:0,2.0,0.002
recjnXYzNC,Const,/job:localhost/replica:0/task:0/device:GPU:0,2.0,0.002
neVPRU6Bha,Const,/job:localhost/replica:0/task:0/device:GPU:0,2.0,0.002
r5I13OSxUk,Const,/job:localhost/replica:0/task:0/device:GPU:0,2.0,0.002
hwyM6b9WGC,Const,/job:localhost/replica:0/task:0/device:GPU:0,2.0,0.002
frzUayg1tF,Const,/job:localhost/replica:0/task:0/device:GPU:0,2.0,0.002
E0nURi9DBb,Const,/job:localhost/replica:0/task:0/device:GPU:0,2.0,0.002
d8mbVlR5zA,Const,/job:localhost/replica:0/task:0/device:GPU:0,2.0,0.002
ojbs7XJPyV,Const,/job:localhost/replica:0/task:0/device:GPU:0,2.0,0.002
DQ8ZmJk0jH,Const,/job:localhost/replica:0/task:0/device:GPU:0,2.0,0.002
oSBUsxK8HV,Const,/job:localhost/replica:0/task:0/device:GPU:0,2.0,0.002
P8ikfQv2de,Const,/job:localhost/replica:0/task:0/device:GPU:0,2.0,0.002
0vKkzSmVTG,Const,/job:localhost/replica:0/task:0/device:GPU:0,2.0,0.002
izX0unp3cw,Const,/job:localhost/replica:0/task:0/device:GPU:0,2.0,0.002
6RwSYtunZ2,Const,/job:localhost/replica:0/task:0/device:GPU:0,2.0,0.002
L05mzU9ajr,Const,/job:localhost/replica:0/task:0/device:GPU:0,2.0,0.002
F2jcy64RuY,Const,/job:localhost/replica:0/task:0/device:GPU:0,2.0,0.002
F1UoAVvQz3,Const,/job:localhost/replica:0/task:0/device:GPU:0,2.0,0.002
3Zji5ze4IW,Const,/job:localhost/replica:0/task:0/device:GPU:0,2.0,0.002
bARHzos3Uc,Const,/job:localhost/replica:0/task:0/device:GPU:0,2.0,0.002
2Qh9gtTKFa,Const,/job:localhost/replica:0/task:0/device:GPU:0,2.0,0.002
VHZC0T6WdK,Const,/job:localhost/replica:0/task:0/device:GPU:0,2.0,0.002
JdAyphK2Fw,Const,/job:localhost/replica:0/task:0/device:GPU:0,2.0,0.002
NavK7F2dPD,Const,/job:localhost/replica:0/task:0/device:GPU:0,2.0,0.002
hmu8qwsZ2c,Const,/job:localhost/replica:0/task:0/device:GPU:0,2.0,0.002
o9LMjv0YHn,Const,/job:localhost/replica:0/task:0/device:GPU:0,2.0,0.002
jGPuJxsOcK,Const,/job:localhost/replica:0/task:0/device:GPU:0,2.0,0.002
YCtwIAF8Tp,Const,/job:localhost/replica:0/task:0/device:GPU:0,2.0,0.002
wyKQSrvX8B,Const,/job:localhost/replica:0/task:0/device:GPU:0,2.0,0.002
yniU8aT76b,Const,/job:localhost/replica:0/task:0/device:GPU:0,2.0,0.002
s9My0cYbJ3,Const,/job:localhost/replica:0/task:0/device:GPU:0,2.0,0.002
Jsr2YuvI8b,Const,/job:localhost/replica:0/task:0/device:GPU:0,2.0,0.002
sC7fqzUImR,Const,/job:localhost/replica:0/task:0/device:GPU:0,2.0,0.002
VKfN6XElRs,Const,/job:localhost/replica:0/task:0/device:GPU:0,2.0,0.002
BMe0NiODcW,Const,/job:localhost/replica:0/task:0/device:GPU:0,2.0,0.002
zyc1GUEIRm,Const,/job:localhost/replica:0/task:0/device:GPU:0,2.0,0.002
zjvoxU8fsp,Const,/job:localhost/replica:0/task:0/device:GPU:0,2.0,0.002
fvumb9EPUV,Const,/job:localhost/replica:0/task:0/device:GPU:0,2.0,0.002
MgVIj9ol6E,Const,/job:localhost/replica:0/task:0/device:GPU:0,2.0,0.002
YdtcJmrIBH,Const,/job:localhost/replica:0/task:0/device:GPU:0,2.0,0.002
T2Q0ynN7ZA,Const,/job:localhost/replica:0/task:0/device:GPU:0,2.0,0.002
XVM7tNb8z4,Const,/job:localhost/replica:0/task:0/device:GPU:0,2.0,0.002
2GiTL6dIYn,Const,/job:localhost/replica:0/task:0/device:GPU:0,2.0,0.002
lHNzDu8Ss6,Const,/job:localhost/replica:0/task:0/device:GPU:0,2.0,0.002
lUHZO8ji5I,Const,/job:localhost/replica:0/task:0/device:GPU:0,2.0,0.002
HbY6gAdPZf,Const,/job:localhost/replica:0/task:0/device:GPU:0,2.0,0.002
FXWYBftZId,Const,/job:localhost/replica:0/task:0/device:GPU:0,2.0,0.002
H5Mel09vpK,Const,/job:localhost/replica:0/task:0/device:GPU:0,2.0,0.002
sJop31KiNu,Const,/job:localhost/replica:0/task:0/device:GPU:0,2.0,0.002
PpzoWfOVqa,Const,/job:localhost/replica:0/task:0/device:GPU:0,2.0,0.002
7PQMmqJ8Wd,Const,/job:localhost/replica:0/task:0/device:GPU:0,2.0,0.002
bniECMqVBx,Const,/job:localhost/replica:0/task:0/device:GPU:0,2.0,0.002
EM1runoldy,Const,/job:localhost/replica:0/task:0/device:GPU:0,2.0,0.002
YHa9PTXUNe,Const,/job:localhost/replica:0/task:0/device:GPU:0,2.0,0.002
Sgsrvu9TH7,Const,/job:localhost/replica:0/task:0/device:GPU:0,2.0,0.002
INljorMJBP,Const,/job:localhost/replica:0/task:0/device:GPU:0,2.0,0.002
MSqvlRjTnb,Const,/job:localhost/replica:0/task:0/device:GPU:0,2.0,0.002
Nh4nO08C6g,Const,/job:localhost/replica:0/task:0/device:GPU:0,2.0,0.002
TBJPVgu9Wh,Const,/job:localhost/replica:0/task:0/device:GPU:0,2.0,0.002
Vw0gusZfSN,Const,/job:localhost/replica:0/task:0/device:GPU:0,2.0,0.002
VL1XYyOrAx,Const,/job:localhost/replica:0/task:0/device:GPU:0,2.0,0.002
Nw9CzmKYk1,Const,/job:localhost/replica:0/task:0/device:GPU:0,2.0,0.002
cetBfq6h9U,Const,/job:localhost/replica:0/task:0/device:GPU:0,2.0,0.002
uFfjAqQHwY,Const,/job:localhost/replica:0/task:0/device:GPU:0,2.0,0.002
v49g2pEPKF,Const,/job:localhost/replica:0/task:0/device:GPU:0,2.0,0.002
cWFMfpQSmw,Const,/job:localhost/replica:0/task:0/device:GPU:0,2.0,0.002
p13wF7bhc8,Const,/job:localhost/replica:0/task:0/device:GPU:0,2.0,0.002
vaoVL5lkMr,Const,/job:localhost/replica:0/task:0/device:GPU:0,2.0,0.002
HWU1rTFAEk,Const,/job:localhost/replica:0/task:0/device:GPU:0,2.0,0.002
8t1m5Nf24L,Const,/job:localhost/replica:0/task:0/device:GPU:0,2.0,0.002
oujP24JY65,Const,/job:localhost/replica:0/task:0/device:GPU:0,2.0,0.002
61VcshTbBf,Const,/job:localhost/replica:0/task:0/device:GPU:0,2.0,0.002
d3YTK7eDZ9,Const,/job:localhost/replica:0/task:0/device:GPU:0,2.0,0.002
oPgaL2c0TZ,Const,/job:localhost/replica:0/task:0/device:GPU:0,2.0,0.002
gH3cyQIPJh,Const,/job:localhost/replica:0/task:0/device:GPU:0,2.0,0.002
bJhQmyqIsa,Const,/job:localhost/replica:0/task:0/device:GPU:0,2.0,0.002
iq3M4nxAgY,Const,/job:localhost/replica:0/task:0/device:GPU:0,2.0,0.002
jtoYIx2dGA,Const,/job:localhost/replica:0/task:0/device:GPU:0,2.0,0.002
6ShuJBnFk4,Const,/job:localhost/replica:0/task:0/device:GPU:0,2.0,0.002
rqljWLhk1F,Const,/job:localhost/replica:0/task:0/device:GPU:0,2.0,0.002
NFfnqR0Ajo,Const,/job:localhost/replica:0/task:0/device:GPU:0,2.0,0.002
7QZvkS31cE,Const,/job:localhost/replica:0/task:0/device:GPU:0,2.0,0.002
TcqL5iInkS,Const,/job:localhost/replica:0/task:0/device:GPU:0,2.0,0.002
59n4ebyMAH,Const,/job:localhost/replica:0/task:0/device:GPU:0,2.0,0.002
A650poEtMf,Const,/job:localhost/replica:0/task:0/device:GPU:0,2.0,0.002
bGFj5c38Hz,Const,/job:localhost/replica:0/task:0/device:GPU:0,2.0,0.002
VROhbt37Hx,Const,/job:localhost/replica:0/task:0/device:GPU:0,2.0,0.002
AFGT6rkMy5,Const,/job:localhost/replica:0/task:0/device:GPU:0,2.0,0.002
2cw9OC4ikW,Const,/job:localhost/replica:0/task:0/device:GPU:0,2.0,0.002
rSe5LXitz9,Const,/job:localhost/replica:0/task:0/device:GPU:0,2.0,0.002
VLIo76HDQp,Const,/job:localhost/replica:0/task:0/device:GPU:0,2.0,0.002
GJlQSrE1X3,Const,/job:localhost/replica:0/task:0/device:GPU:0,2.0,0.002
2hLlFRWkES,Const,/job:localhost/replica:0/task:0/device:GPU:0,2.0,0.002
eGkcqmRyar,Const,/job:localhost/replica:0/task:0/device:GPU:0,2.0,0.002
RASIXbqYuv,Const,/job:localhost/replica:0/task:0/device:GPU:0,2.0,0.002
mNLlS9Ricu,Const,/job:localhost/replica:0/task:0/device:GPU:0,2.0,0.002
UW8n1uhNJY,Const,/job:localhost/replica:0/task:0/device:GPU:0,2.0,0.002
XY8hKEwWJo,Const,/job:localhost/replica:0/task:0/device:GPU:0,2.0,0.002
0wcUV9thXT,Const,/job:localhost/replica:0/task:0/device:GPU:0,2.0,0.002
LV08ZvemwJ,Const,/job:localhost/replica:0/task:0/device:GPU:0,2.0,0.002
m6HWiSIZCp,Const,/job:localhost/replica:0/task:0/device:GPU:0,2.0,0.002
7pkzWQHMmC,Const,/job:localhost/replica:0/task:0/device:GPU:0,2.0,0.002
raVbCJ0O4l,Const,/job:localhost/replica:0/task:0/device:GPU:0,2.0,0.002
9lXwvEg4To,Const,/job:localhost/replica:0/task:0/device:GPU:0,2.0,0.002
IlPQ85nBhy,Const,/job:localhost/replica:0/task:0/device:GPU:0,2.0,0.002
NXcIt5uoa6,Const,/job:localhost/replica:0/task:0/device:GPU:0,2.0,0.002
MpNx14mYo5,Const,/job:localhost/replica:0/task:0/device:GPU:0,2.0,0.002
6J1zadMxfR,Const,/job:localhost/replica:0/task:0/device:GPU:0,2.0,0.002
Y0WXrwpxzn,Const,/job:localhost/replica:0/task:0/device:GPU:0,2.0,0.002
oGxsJXMDHe,Const,/job:localhost/replica:0/task:0/device:GPU:0,2.0,0.002
rnfJtmj7ND,Reshape,/job:localhost/replica:0/task:0/device:GPU:0,2.0,0.002
1kq03OXGRw,Reshape,/job:localhost/replica:0/task:0/device:GPU:0,2.0,0.002
Kgbj07ksZm,Reshape,/job:localhost/replica:0/task:0/device:GPU:0,2.0,0.002
8YrnfTBgWE,StopGradient,/job:localhost/replica:0/task:0/device:GPU:0,2.0,0.002
uC71j2aIK6,Reshape,/job:localhost/replica:0/task:0/device:GPU:0,2.0,0.002
OKpnVgxlXf,Squeeze,/job:localhost/replica:0/task:0/device:GPU:0,2.0,0.002
P9tVSjsFx8,Squeeze,/job:localhost/replica:0/task:0/device:GPU:0,2.0,0.002
nBZeAPpXEQ,Squeeze,/job:localhost/replica:0/task:0/device:GPU:0,2.0,0.002
8ICXUDMKeE,Squeeze,/job:localhost/replica:0/task:0/device:GPU:0,2.0,0.002
BtKd2TNHiy,Squeeze,/job:localhost/replica:0/task:0/device:GPU:0,2.0,0.002
wbECMraSpc,Squeeze,/job:localhost/replica:0/task:0/device:GPU:0,2.0,0.002
YDSFl6HMaT,Squeeze,/job:localhost/replica:0/task:0/device:GPU:0,2.0,0.002
JnxfAwDIPv,Shape,/job:localhost/replica:0/task:0/device:GPU:0,2.0,0.002
xeO5KSWn6g,Shape,/job:localhost/replica:0/task:0/device:GPU:0,2.0,0.002
Tq51OHefUK,Shape,/job:localhost/replica:0/task:0/device:GPU:0,2.0,0.002
Qt0KmLCvEe,Shape,/job:localhost/replica:0/task:0/device:GPU:0,2.0,0.002
2YdspDH8z1,Shape,/job:localhost/replica:0/task:0/device:GPU:0,2.0,0.002
uw1IBpVl7Y,Shape,/job:localhost/replica:0/task:0/device:GPU:0,2.0,0.002
XgxiRdVUPS,Shape,/job:localhost/replica:0/task:0/device:GPU:0,2.0,0.002
9OheT3X06S,Reshape,/job:localhost/replica:0/task:0/device:GPU:0,2.0,0.002
VhjrLBDufl,Shape,/job:localhost/replica:0/task:0/device:GPU:0,2.0,0.002
xTeBhwI7ks,Reshape,/job:localhost/replica:0/task:0/device:GPU:0,2.0,0.002
cIDk9RJ5zg,Reshape,/job:localhost/replica:0/task:0/device:GPU:0,2.0,0.002
OjznJteHfq,Reshape,/job:localhost/replica:0/task:0/device:GPU:0,2.0,0.002
9lApXq3JYS,Squeeze,/job:localhost/replica:0/task:0/device:GPU:0,2.0,0.002
YSRXvpjO9B,Squeeze,/job:localhost/replica:0/task:0/device:GPU:0,2.0,0.002
DZoEteRXFO,Squeeze,/job:localhost/replica:0/task:0/device:GPU:0,2.0,0.002
plIXj2H9Gv,Squeeze,/job:localhost/replica:0/task:0/device:GPU:0,2.0,0.002
HbCEhS7uas,Squeeze,/job:localhost/replica:0/task:0/device:GPU:0,2.0,0.002
uL8QDZngtX,Squeeze,/job:localhost/replica:0/task:0/device:GPU:0,2.0,0.002
4nS6X3RMEk,Squeeze,/job:localhost/replica:0/task:0/device:GPU:0,2.0,0.002
CoLjz6vK0V,Squeeze,/job:localhost/replica:0/task:0/device:GPU:0,2.0,0.002
A9PxSOnTCu,Shape,/job:localhost/replica:0/task:0/device:GPU:0,2.0,0.002
7R6faj0Z5B,Squeeze,/job:localhost/replica:0/task:0/device:GPU:0,2.0,0.002
01uQ6qgY7M,Reshape,/job:localhost/replica:0/task:0/device:GPU:0,2.0,0.002
GfRvKi506D,Reshape,/job:localhost/replica:0/task:0/device:GPU:0,2.0,0.002
fm4w1MkS3g,Squeeze,/job:localhost/replica:0/task:0/device:GPU:0,2.0,0.002
l8gkEFW7vL,Squeeze,/job:localhost/replica:0/task:0/device:GPU:0,2.0,0.002
0UKVsEDJ6N,Squeeze,/job:localhost/replica:0/task:0/device:GPU:0,2.0,0.002
yYAiodQtq6,Reshape,/job:localhost/replica:0/task:0/device:GPU:0,2.0,0.002
AqNuLHcok0,ExpandDims,/job:localhost/replica:0/task:0/device:GPU:0,2.0,0.002
vUQd8XMw3b,ExpandDims,/job:localhost/replica:0/task:0/device:GPU:0,2.0,0.002
WU0v8gk9oG,Shape,/job:localhost/replica:0/task:0/device:GPU:0,2.0,0.002
XpGcfISojC,Shape,/job:localhost/replica:0/task:0/device:GPU:0,2.0,0.002
MJRXcYvFiG,Shape,/job:localhost/replica:0/task:0/device:GPU:0,2.0,0.002
hj0PR5elBU,Shape,/job:localhost/replica:0/task:0/device:GPU:0,2.0,0.002
kifUXFJx1a,Shape,/job:localhost/replica:0/task:0/device:GPU:0,2.0,0.002
ldnI3XQshU,Shape,/job:localhost/replica:0/task:0/device:GPU:0,2.0,0.002
UcyOsjb85o,Shape,/job:localhost/replica:0/task:0/device:GPU:0,2.0,0.002
8X6eWLIHOx,Pack,/job:localhost/replica:0/task:0/device:GPU:0,2.0,0.002
dl1mQ8VL7n,Pack,/job:localhost/replica:0/task:0/device:GPU:0,2.0,0.002
mBlAMQI2ZN,Pack,/job:localhost/replica:0/task:0/device:GPU:0,2.0,0.002
XZEFK0MgWT,Pack,/job:localhost/replica:0/task:0/device:GPU:0,2.0,0.002
P13aZ76ip9,Pack,/job:localhost/replica:0/task:0/device:GPU:0,2.0,0.002
tWmKGnLJZh,Pack,/job:localhost/replica:0/task:0/device:GPU:0,2.0,0.002
1Dtqy462w3,Pack,/job:localhost/replica:0/task:0/device:GPU:0,2.0,0.002
Ymn1bKt9AS,Pack,/job:localhost/replica:0/task:0/device:GPU:0,2.0,0.002
Y2uxwOkygS,Pack,/job:localhost/replica:0/task:0/device:GPU:0,2.0,0.002
EnqgCcaYDo,Pack,/job:localhost/replica:0/task:0/device:GPU:0,2.0,0.002
a8Gc1zpy3r,StridedSlice,/job:localhost/replica:0/task:0/device:GPU:0,2.0,0.002
2J6pfsrCw7,Squeeze,/job:localhost/replica:0/task:0/device:GPU:0,2.0,0.002
CUaEeb2PjW,Pack,/job:localhost/replica:0/task:0/device:GPU:0,2.0,0.002
QVLnKScJa8,StopGradient,/job:localhost/replica:0/task:0/device:GPU:0,2.0,0.002
5uOKldwaHE,Reshape,/job:localhost/replica:0/task:0/device:GPU:0,2.0,0.002
OoeRMJVkUX,Reshape,/job:localhost/replica:0/task:0/device:GPU:0,2.0,0.002
kQZaHVA8P2,Reshape,/job:localhost/replica:0/task:0/device:GPU:0,2.0,0.002
l8gWFKmxiO,Reshape,/job:localhost/replica:0/task:0/device:GPU:0,2.0,0.002
boCplMr6gI,Reshape,/job:localhost/replica:0/task:0/device:GPU:0,2.0,0.002
ymCYfJptFd,StopGradient,/job:localhost/replica:0/task:0/device:GPU:0,2.0,0.002
1ndH4hMrAL,ExpandDims,/job:localhost/replica:0/task:0/device:GPU:0,2.0,0.002
MDoitwvTSa,Tile,/job:localhost/replica:0/task:0/device:GPU:0,2.0,0.002
0sl3bWNFQo,Tile,/job:localhost/replica:0/task:0/device:GPU:0,2.0,0.002
o4DCd68Nhz,StopGradient,/job:localhost/replica:0/task:0/device:GPU:0,2.0,0.002
8MvcG6bm3B,Reshape,/job:localhost/replica:0/task:0/device:GPU:0,2.0,0.002
56xGyWwC0H,StopGradient,/job:localhost/replica:0/task:0/device:GPU:0,2.0,0.002
FQpO4Guxsy,Reshape,/job:localhost/replica:0/task:0/device:GPU:0,2.0,0.002
uHtj268k1P,StopGradient,/job:localhost/replica:0/task:0/device:GPU:0,2.0,0.002
tU73yuPCBH,Reshape,/job:localhost/replica:0/task:0/device:GPU:0,2.0,0.002
bxVUQEuhBq,Reshape,/job:localhost/replica:0/task:0/device:GPU:0,2.0,0.002
K6Bm8dJf1V,Reshape,/job:localhost/replica:0/task:0/device:GPU:0,2.0,0.002
2BJPtFEcAd,Reshape,/job:localhost/replica:0/task:0/device:GPU:0,2.0,0.002
ISr1lj7wQD,Reshape,/job:localhost/replica:0/task:0/device:GPU:0,2.0,0.002
QpOYu2HFmy,Reshape,/job:localhost/replica:0/task:0/device:GPU:0,2.0,0.002
tE8ojUvzhY,Reshape,/job:localhost/replica:0/task:0/device:GPU:0,2.0,0.002
RmMHJhxa8T,Shape,/job:localhost/replica:0/task:0/device:GPU:0,2.0,0.002
6aIR0D8rNH,Shape,/job:localhost/replica:0/task:0/device:GPU:0,2.0,0.002
Rrjsw3pKUk,Reshape,/job:localhost/replica:0/task:0/device:GPU:0,2.0,0.002
7pSv5Gri6e,Shape,/job:localhost/replica:0/task:0/device:GPU:0,2.0,0.002
QweR1ljF9g,Shape,/job:localhost/replica:0/task:0/device:GPU:0,2.0,0.002
yX2I580OPx,Reshape,/job:localhost/replica:0/task:0/device:GPU:0,2.0,0.002
CSboY03LmN,Shape,/job:localhost/replica:0/task:0/device:GPU:0,2.0,0.002
k4lUfHyXrE,Shape,/job:localhost/replica:0/task:0/device:GPU:0,2.0,0.002
Zr1AB3862l,Unpack,/job:localhost/replica:0/task:0/device:GPU:0,2.0,0.002
cq0vzWBJXe,Pack,/job:localhost/replica:0/task:0/device:GPU:0,2.0,0.002
Fyj8MDBWn0,Pack,/job:localhost/replica:0/task:0/device:GPU:0,2.0,0.002
7Xsby0a1MZ,Pack,/job:localhost/replica:0/task:0/device:GPU:0,2.0,0.002
SkO78MC4sr,Pack,/job:localhost/replica:0/task:0/device:GPU:0,2.0,0.002
XIq2SpdiLY,Pack,/job:localhost/replica:0/task:0/device:GPU:0,2.0,0.002
dFSy6Qvaqj,Reshape,/job:localhost/replica:0/task:0/device:GPU:0,2.0,0.002
FAJt2HSlE1,Reshape,/job:localhost/replica:0/task:0/device:GPU:0,2.0,0.002
dXIqx0HJBl,Reshape,/job:localhost/replica:0/task:0/device:GPU:0,2.0,0.002
r659BfXtGj,Prod,/job:localhost/replica:0/task:0/device:GPU:0,2.0,0.002
qAuKbWd9Hk,Reshape,/job:localhost/replica:0/task:0/device:GPU:0,2.0,0.002
BKUvIVbw7P,Shape,/job:localhost/replica:0/task:0/device:GPU:0,2.0,0.002
mGNu0lj9TB,Reshape,/job:localhost/replica:0/task:0/device:GPU:0,2.0,0.002
hmICXrKOQY,Shape,/job:localhost/replica:0/task:0/device:GPU:0,2.0,0.002
G2zRl3hu8p,Reshape,/job:localhost/replica:0/task:0/device:GPU:0,2.0,0.002
I80BMzTjeQ,Shape,/job:localhost/replica:0/task:0/device:GPU:0,2.0,0.002
0UCq7WBruL,Shape,/job:localhost/replica:0/task:0/device:GPU:0,2.0,0.002
fn1H2gv7rl,Pack,/job:localhost/replica:0/task:0/device:GPU:0,2.0,0.002
38cJi2paAs,Pack,/job:localhost/replica:0/task:0/device:GPU:0,2.0,0.002
rHtNTisKj3,Pack,/job:localhost/replica:0/task:0/device:GPU:0,2.0,0.002
lIRJcubvG1,Pack,/job:localhost/replica:0/task:0/device:GPU:0,2.0,0.002
OvTcajV4Pg,Pack,/job:localhost/replica:0/task:0/device:GPU:0,2.0,0.002
ib8cCTvdRt,Pack,/job:localhost/replica:0/task:0/device:GPU:0,2.0,0.002
MxSJQcRoml,Pack,/job:localhost/replica:0/task:0/device:GPU:0,2.0,0.002
FBZ06VPoI1,Reshape,/job:localhost/replica:0/task:0/device:GPU:0,2.0,0.002
mZLMpkEG3v,Reshape,/job:localhost/replica:0/task:0/device:GPU:0,2.0,0.002
SYMzAv7frC,Reshape,/job:localhost/replica:0/task:0/device:GPU:0,2.0,0.002
1grvTQqnzJ,Shape,/job:localhost/replica:0/task:0/device:GPU:0,2.0,0.002
m3eu9jf2Wq,Shape,/job:localhost/replica:0/task:0/device:GPU:0,2.0,0.002
JX0KoMnZuf,Reshape,/job:localhost/replica:0/task:0/device:GPU:0,2.0,0.002
G3o9nCbm7f,Reshape,/job:localhost/replica:0/task:0/device:GPU:0,2.0,0.002
z0X9qswH5T,Shape,/job:localhost/replica:0/task:0/device:GPU:0,2.0,0.002
2OGvHRrtFf,Reshape,/job:localhost/replica:0/task:0/device:GPU:0,2.0,0.002
czeXHynUSr,Shape,/job:localhost/replica:0/task:0/device:GPU:0,2.0,0.002
7MfADRy25t,Reshape,/job:localhost/replica:0/task:0/device:GPU:0,2.0,0.002
dqSTaco5FD,Unpack,/job:localhost/replica:0/task:0/device:GPU:0,2.0,0.002
05s9SHGoqd,Unpack,/job:localhost/replica:0/task:0/device:GPU:0,2.0,0.002
FaDQUMuo2s,Pack,/job:localhost/replica:0/task:0/device:GPU:0,2.0,0.002
ZoFnDWRCmE,Pack,/job:localhost/replica:0/task:0/device:GPU:0,2.0,0.002
ftaVlPxCyj,Reshape,/job:localhost/replica:0/task:0/device:GPU:0,2.0,0.002
6aCiEKHmWI,Reshape,/job:localhost/replica:0/task:0/device:GPU:0,2.0,0.002
KfU0Xhd3A4,Pack,/job:localhost/replica:0/task:0/device:GPU:0,2.0,0.002
bEsLk6MXhx,Pack,/job:localhost/replica:0/task:0/device:GPU:0,2.0,0.002
2CGOuVbwBe,Reshape,/job:localhost/replica:0/task:0/device:GPU:0,2.0,0.002
xjnBkJqP4r,Reshape,/job:localhost/replica:0/task:0/device:GPU:0,2.0,0.002
B9x8NiXRuZ,StopGradient,/job:localhost/replica:0/task:0/device:GPU:0,2.0,0.002
1iQqWuUzbg,StopGradient,/job:localhost/replica:0/task:0/device:GPU:0,2.0,0.002
OXMmI62JBn,Reshape,/job:localhost/replica:0/task:0/device:GPU:0,2.0,0.002
CaIm5Hnwuo,StopGradient,/job:localhost/replica:0/task:0/device:GPU:0,2.0,0.002
rBU8G7MEcw,Reshape,/job:localhost/replica:0/task:0/device:GPU:0,2.0,0.002
uDgY5XAeNT,Shape,/job:localhost/replica:0/task:0/device:GPU:0,2.0,0.002
CbInji91mo,Reshape,/job:localhost/replica:0/task:0/device:GPU:0,2.0,0.002
eS7QFY8X0C,Pack,/job:localhost/replica:0/task:0/device:GPU:0,2.0,0.002
eS74gXQY09,Pack,/job:localhost/replica:0/task:0/device:GPU:0,2.0,0.002
QqdyIXfAFJ,Pack,/job:localhost/replica:0/task:0/device:GPU:0,2.0,0.002
xD4qOVGKwT,Reshape,/job:localhost/replica:0/task:0/device:GPU:0,2.0,0.002
im84Cxq7En,Reshape,/job:localhost/replica:0/task:0/device:GPU:0,2.0,0.002
ZKDSGHFpjA,Reshape,/job:localhost/replica:0/task:0/device:GPU:0,2.0,0.002
LtMW3GQkI4,Reshape,/job:localhost/replica:0/task:0/device:GPU:0,2.0,0.002
4vMB5WVPAx,StopGradient,/job:localhost/replica:0/task:0/device:GPU:0,2.0,0.002
GpDTRQrFhP,Shape,/job:localhost/replica:0/task:0/device:GPU:0,2.0,0.002
1ZgsQocCkn,Reshape,/job:localhost/replica:0/task:0/device:GPU:0,2.0,0.002
IAE3ZvRTwW,Unpack,/job:localhost/replica:0/task:0/device:GPU:0,2.0,0.002
zeFOqy63fM,Shape,/job:localhost/replica:0/task:0/device:GPU:0,2.0,0.002
amxbokgR0N,Reshape,/job:localhost/replica:0/task:0/device:GPU:0,2.0,0.002
uWGpBFTmRf,Reshape,/job:localhost/replica:0/task:0/device:GPU:0,2.0,0.002
cdSqtNwo1Q,Reshape,/job:localhost/replica:0/task:0/device:GPU:0,2.0,0.002
IjoGxlbQin,Reshape,/job:localhost/replica:0/task:0/device:GPU:0,2.0,0.002
OoYvZqymHj,Reshape,/job:localhost/replica:0/task:0/device:GPU:0,2.0,0.002
gdeyEYuNpX,Reshape,/job:localhost/replica:0/task:0/device:GPU:0,2.0,0.002
Z1bOXMgHe6,Reshape,/job:localhost/replica:0/task:0/device:GPU:0,2.0,0.002
N45yVdvQ6c,Reshape,/job:localhost/replica:0/task:0/device:GPU:0,2.0,0.002
L9KgwAo5eF,Shape,/job:localhost/replica:0/task:0/device:GPU:0,2.0,0.002
zQw7gUHoSV,Reshape,/job:localhost/replica:0/task:0/device:GPU:0,2.0,0.002
XuTDs07Avi,Shape,/job:localhost/replica:0/task:0/device:GPU:0,2.0,0.002
CgX1Ut8sBV,Reshape,/job:localhost/replica:0/task:0/device:GPU:0,2.0,0.002
EL6spMonQA,Reshape,/job:localhost/replica:0/task:0/device:GPU:0,2.0,0.002
pULOfY7rld,Reshape,/job:localhost/replica:0/task:0/device:GPU:0,2.0,0.002
PqSs1i7dEQ,Reshape,/job:localhost/replica:0/task:0/device:GPU:0,2.0,0.002
BbzFJNK4eV,Reshape,/job:localhost/replica:0/task:0/device:GPU:0,2.0,0.002
6a9sBnMmdX,Shape,/job:localhost/replica:0/task:0/device:GPU:0,2.0,0.002
wYP8IlOHkK,Reshape,/job:localhost/replica:0/task:0/device:GPU:0,2.0,0.002
kTChUu61za,Reshape,/job:localhost/replica:0/task:0/device:GPU:0,2.0,0.002
XlbNuZkTzK,Reshape,/job:localhost/replica:0/task:0/device:GPU:0,2.0,0.002
056R1jxm8g,Shape,/job:localhost/replica:0/task:0/device:GPU:0,2.0,0.002
Ti0hMcpY3H,Reshape,/job:localhost/replica:0/task:0/device:GPU:0,2.0,0.002
iErAYg5w8e,Pack,/job:localhost/replica:0/task:0/device:GPU:0,2.0,0.002
aBeG0YtJmE,Reshape,/job:localhost/replica:0/task:0/device:GPU:0,2.0,0.002
yu8LUtoSOQ,Reshape,/job:localhost/replica:0/task:0/device:GPU:0,2.0,0.002
Rfukj7s6G2,Shape,/job:localhost/replica:0/task:0/device:GPU:0,2.0,0.002
jR7fsy3YdI,Reshape,/job:localhost/replica:0/task:0/device:GPU:0,2.0,0.002
pSKv4kPJhc,Reshape,/job:localhost/replica:0/task:0/device:GPU:0,2.0,0.002
pexU0PIrjD,Pack,/job:localhost/replica:0/task:0/device:GPU:0,2.0,0.002
IPSNfhbz35,ExpandDims,/job:localhost/replica:0/task:0/device:GPU:0,2.0,0.002
lIA6SXgyoc,Squeeze,/job:localhost/replica:0/task:0/device:GPU:0,2.0,0.002
UDm41RYIcV,Squeeze,/job:localhost/replica:0/task:0/device:GPU:0,2.0,0.002
Z7MhBLJEFC,Squeeze,/job:localhost/replica:0/task:0/device:GPU:0,2.0,0.002
tcTuVdMGJl,Squeeze,/job:localhost/replica:0/task:0/device:GPU:0,2.0,0.002
Q5Jx2TYcAO,Squeeze,/job:localhost/replica:0/task:0/device:GPU:0,2.0,0.002
KxcXqfBALT,Squeeze,/job:localhost/replica:0/task:0/device:GPU:0,2.0,0.002
YDoXcrzWIa,Squeeze,/job:localhost/replica:0/task:0/device:GPU:0,2.0,0.002
GYcgaJKQ3W,Squeeze,/job:localhost/replica:0/task:0/device:GPU:0,2.0,0.002
t73eUuOaKT,Prod,/job:localhost/replica:0/task:0/device:GPU:0,2.0,0.002
YsyZKU1vDW,Mean,/job:localhost/replica:0/task:0/device:GPU:0,2.0,0.002
DsiMWUcdq5,Mean,/job:localhost/replica:0/task:0/device:GPU:0,2.0,0.002
D6TXJp7Fca,Prod,/job:localhost/replica:0/task:0/device:GPU:0,2.0,0.002
OEhogXMjev,Shape,/job:localhost/replica:0/task:0/device:GPU:0,2.0,0.002
Usa8HZwVu2,Shape,/job:localhost/replica:0/task:0/device:GPU:0,2.0,0.002
V38AWSmlf1,Shape,/job:localhost/replica:0/task:0/device:GPU:0,2.0,0.002
2qJG3BSh8c,Shape,/job:localhost/replica:0/task:0/device:GPU:0,2.0,0.002
fOwIR5XeaD,Shape,/job:localhost/replica:0/task:0/device:GPU:0,2.0,0.002
0loIJjObrW,StridedSlice,/job:localhost/replica:0/task:0/device:GPU:0,2.0,0.002
BLrUpTzEJn,StridedSlice,/job:localhost/replica:0/task:0/device:GPU:0,2.0,0.002
xQsJ3YcnM8,Shape,/job:localhost/replica:0/task:0/device:GPU:0,2.0,0.002
gsCMynF4qI,Shape,/job:localhost/replica:0/task:0/device:GPU:0,2.0,0.002
sOoRaIBJK4,Shape,/job:localhost/replica:0/task:0/device:GPU:0,2.0,0.002
djXGgVbMn3,Shape,/job:localhost/replica:0/task:0/device:GPU:0,2.0,0.002
9VHC5v2cY7,Shape,/job:localhost/replica:0/task:0/device:GPU:0,2.0,0.002
Go5gw0Vtl6,StridedSlice,/job:localhost/replica:0/task:0/device:GPU:0,2.0,0.002
gQSpqW5JvU,StridedSlice,/job:localhost/replica:0/task:0/device:GPU:0,2.0,0.002
nR3iL8Jxmy,StridedSlice,/job:localhost/replica:0/task:0/device:GPU:0,2.0,0.002
M0YARmGs3T,StridedSlice,/job:localhost/replica:0/task:0/device:GPU:0,2.0,0.002
qZJ9d2lQze,StridedSlice,/job:localhost/replica:0/task:0/device:GPU:0,2.0,0.002
Gr7tDHpF4d,Shape,/job:localhost/replica:0/task:0/device:GPU:0,2.0,0.002
7nMsd06u94,Shape,/job:localhost/replica:0/task:0/device:GPU:0,2.0,0.002
MX2UIR3omt,StridedSlice,/job:localhost/replica:0/task:0/device:GPU:0,2.0,0.002
DlPyZbB8S9,StridedSlice,/job:localhost/replica:0/task:0/device:GPU:0,2.0,0.002
9MRsPj3DU1,StridedSlice,/job:localhost/replica:0/task:0/device:GPU:0,2.0,0.002
2emW1dcs5N,StridedSlice,/job:localhost/replica:0/task:0/device:GPU:0,2.0,0.002
jFBUMyxNrh,Shape,/job:localhost/replica:0/task:0/device:GPU:0,2.0,0.002
DI0ShyeWzg,Shape,/job:localhost/replica:0/task:0/device:GPU:0,2.0,0.002
4UIs35gVZB,StridedSlice,/job:localhost/replica:0/task:0/device:GPU:0,2.0,0.002
9KR1WSAcN5,StridedSlice,/job:localhost/replica:0/task:0/device:GPU:0,2.0,0.002
uwAke5X7Z6,StridedSlice,/job:localhost/replica:0/task:0/device:GPU:0,2.0,0.002
tVKoaHYq2O,StridedSlice,/job:localhost/replica:0/task:0/device:GPU:0,2.0,0.002
MqWAQFLPBz,StridedSlice,/job:localhost/replica:0/task:0/device:GPU:0,2.0,0.002
IWgwkqOUEj,StridedSlice,/job:localhost/replica:0/task:0/device:GPU:0,2.0,0.002
EtJ6yuLxWO,StridedSlice,/job:localhost/replica:0/task:0/device:GPU:0,2.0,0.002
ezcHsm081n,StridedSlice,/job:localhost/replica:0/task:0/device:GPU:0,2.0,0.002
T8WsHfKqIy,StridedSlice,/job:localhost/replica:0/task:0/device:GPU:0,2.0,0.002
sdNnVyWMbX,Pack,/job:localhost/replica:0/task:0/device:GPU:0,2.0,0.002
gOobqlwcQD,StridedSlice,/job:localhost/replica:0/task:0/device:GPU:0,2.0,0.002
D8jsMgiIlo,StridedSlice,/job:localhost/replica:0/task:0/device:GPU:0,2.0,0.002
Uoz8lfxhDT,StridedSlice,/job:localhost/replica:0/task:0/device:GPU:0,2.0,0.002
tJ78XLe4fv,StridedSlice,/job:localhost/replica:0/task:0/device:GPU:0,2.0,0.002
zWeo1fA2si,Prod,/job:localhost/replica:0/task:0/device:GPU:0,2.0,0.002
zJk1KsWmRV,StridedSlice,/job:localhost/replica:0/task:0/device:GPU:0,2.0,0.002
rj5BJaxACE,StridedSlice,/job:localhost/replica:0/task:0/device:GPU:0,2.0,0.002
OCn8NZoRMq,StridedSlice,/job:localhost/replica:0/task:0/device:GPU:0,2.0,0.002
X25tRIOAzM,Prod,/job:localhost/replica:0/task:0/device:GPU:0,2.0,0.002
J5o1QV43KX,Pack,/job:localhost/replica:0/task:0/device:GPU:0,2.0,0.002
krKawEnb0Y,Reshape,/job:localhost/replica:0/task:0/device:GPU:0,2.0,0.002
HzxwhMYV68,Prod,/job:localhost/replica:0/task:0/device:GPU:0,2.0,0.002
koFigyIVwc,Prod,/job:localhost/replica:0/task:0/device:GPU:0,2.0,0.002
8wICuLp9xj,Mean,/job:localhost/replica:0/task:0/device:GPU:0,2.0,0.002
7xt0aXWgQK,Reshape,/job:localhost/replica:0/task:0/device:GPU:0,2.0,0.002
fW6rmlPvhK,Mean,/job:localhost/replica:0/task:0/device:GPU:0,2.0,0.002
T83SXwLrWN,Prod,/job:localhost/replica:0/task:0/device:GPU:0,2.0,0.002
F4UpZQk5ug,Prod,/job:localhost/replica:0/task:0/device:GPU:0,2.0,0.002
GZSPhju8Te,Reshape,/job:localhost/replica:0/task:0/device:GPU:0,2.0,0.002
WIxUAGhcqb,Pack,/job:localhost/replica:0/task:0/device:GPU:0,2.0,0.002
GAemXn0aZU,Prod,/job:localhost/replica:0/task:0/device:GPU:0,2.0,0.002
nmLtXMJcyk,Prod,/job:localhost/replica:0/task:0/device:GPU:0,2.0,0.002
ynXkeh1j8w,Prod,/job:localhost/replica:0/task:0/device:GPU:0,2.0,0.002
j0NgHw2Vov,Pack,/job:localhost/replica:0/task:0/device:GPU:0,2.0,0.002
GfPZwxWnkL,Reshape,/job:localhost/replica:0/task:0/device:GPU:0,2.0,0.002
xDXLUyPFvn,Prod,/job:localhost/replica:0/task:0/device:GPU:0,2.0,0.002
mS5YCXyIeO,Pack,/job:localhost/replica:0/task:0/device:GPU:0,2.0,0.002
4iTkmPSqfJ,Prod,/job:localhost/replica:0/task:0/device:GPU:0,2.0,0.002
OEDeUZ5Mqh,Prod,/job:localhost/replica:0/task:0/device:GPU:0,2.0,0.002
Nwe1C8nPID,StridedSlice,/job:localhost/replica:0/task:0/device:GPU:0,2.0,0.002
jQsgpbIXC7,Pack,/job:localhost/replica:0/task:0/device:GPU:0,2.0,0.002
jPIQLqaANe,Reshape,/job:localhost/replica:0/task:0/device:GPU:0,2.0,0.002
Dz0LQOuwU2,Prod,/job:localhost/replica:0/task:0/device:GPU:0,2.0,0.002
idGh7nrBxU,Reshape,/job:localhost/replica:0/task:0/device:GPU:0,2.0,0.002
qmEAnM1QNa,GatherV2,/job:localhost/replica:0/task:0/device:GPU:0,2.0,0.002
4VJesFASrp,Pack,/job:localhost/replica:0/task:0/device:GPU:0,2.0,0.002
lXvfWHjEsS,Reshape,/job:localhost/replica:0/task:0/device:GPU:0,2.0,0.002
_arg_50klrPtZ8V_0_136,Placeholder,/job:localhost/replica:0/task:0/device:CPU:0,1.0,0.001
_arg_51uJaRBjPd_0_137,Placeholder,/job:localhost/replica:0/task:0/device:CPU:0,1.0,0.001
_arg_5693o8Q7zX_0_141,Placeholder,/job:localhost/replica:0/task:0/device:CPU:0,1.0,0.001
_arg_51vIRKqFSC_0_138,Placeholder,/job:localhost/replica:0/task:0/device:CPU:0,1.0,0.001
_arg_5DahpWiCXB_0_149,Placeholder,/job:localhost/replica:0/task:0/device:CPU:0,1.0,0.001
_arg_520sQxgTkl_0_139,Placeholder,/job:localhost/replica:0/task:0/device:CPU:0,1.0,0.001
_arg_5FzaXCfdJB_0_150,Placeholder,/job:localhost/replica:0/task:0/device:CPU:0,1.0,0.001
_arg_67S1ne8tZJ_0_178,Placeholder,/job:localhost/replica:0/task:0/device:CPU:0,1.0,0.001
_arg_6BitDdOJR1_0_183,Placeholder,/job:localhost/replica:0/task:0/device:CPU:0,1.0,0.001
_arg_6Dolsuxbry_0_185,Placeholder,/job:localhost/replica:0/task:0/device:CPU:0,1.0,0.001
_arg_6dCcsU3GA9_0_191,Placeholder,/job:localhost/replica:0/task:0/device:CPU:0,1.0,0.001
_arg_6myc5MAvEw_0_194,Placeholder,/job:localhost/replica:0/task:0/device:CPU:0,1.0,0.001
_arg_6ve2cKHzfk_0_198,Placeholder,/job:localhost/replica:0/task:0/device:CPU:0,1.0,0.001
_arg_6wxXH3jqyl_0_199,Placeholder,/job:localhost/replica:0/task:0/device:CPU:0,1.0,0.001
_arg_6ot2D0PjBn_0_195,Placeholder,/job:localhost/replica:0/task:0/device:CPU:0,1.0,0.001
_arg_6Kbl0ML1hz_0_186,Placeholder,/job:localhost/replica:0/task:0/device:CPU:0,1.0,0.001
_arg_5NBm3vX17V_0_154,Placeholder,/job:localhost/replica:0/task:0/device:CPU:0,1.0,0.001
_arg_6SMCfwDBd5_0_187,Placeholder,/job:localhost/replica:0/task:0/device:CPU:0,1.0,0.001
_arg_5Si7QFLwkN_0_158,Placeholder,/job:localhost/replica:0/task:0/device:CPU:0,1.0,0.001
_arg_5ZmqFCQdMx_0_162,Placeholder,/job:localhost/replica:0/task:0/device:CPU:0,1.0,0.001
_arg_5yRWqiQ3TM_0_172,Placeholder,/job:localhost/replica:0/task:0/device:CPU:0,1.0,0.001
_arg_5Gow87FNj1_0_152,Placeholder,/job:localhost/replica:0/task:0/device:CPU:0,1.0,0.001
_arg_69Jz1FNbnq_0_180,Placeholder,/job:localhost/replica:0/task:0/device:CPU:0,1.0,0.001
_arg_5ZrgmRIjk4_0_163,Placeholder,/job:localhost/replica:0/task:0/device:CPU:0,1.0,0.001
_arg_5onU4OB0Yf_0_169,Placeholder,/job:localhost/replica:0/task:0/device:CPU:0,1.0,0.001
_arg_57wkn9aM46_0_143,Placeholder,/job:localhost/replica:0/task:0/device:CPU:0,1.0,0.001
_arg_6A0k48KS2I_0_181,Placeholder,/job:localhost/replica:0/task:0/device:CPU:0,1.0,0.001
_arg_6SV53oeThu_0_188,Placeholder,/job:localhost/replica:0/task:0/device:CPU:0,1.0,0.001
_arg_5ahZdBGbjX_0_164,Placeholder,/job:localhost/replica:0/task:0/device:CPU:0,1.0,0.001
_arg_5eNyd0JVlo_0_166,Placeholder,/job:localhost/replica:0/task:0/device:CPU:0,1.0,0.001
_arg_5ykOCisaXw_0_173,Placeholder,/job:localhost/replica:0/task:0/device:CPU:0,1.0,0.001
_arg_5CsbxvBdAL_0_148,Placeholder,/job:localhost/replica:0/task:0/device:CPU:0,1.0,0.001
_arg_5Um6DqnkMV_0_160,Placeholder,/job:localhost/replica:0/task:0/device:CPU:0,1.0,0.001
_arg_5hqRscZlnN_0_167,Placeholder,/job:localhost/replica:0/task:0/device:CPU:0,1.0,0.001
_arg_5yE4buxPtc_0_171,Placeholder,/job:localhost/replica:0/task:0/device:CPU:0,1.0,0.001
_arg_5zLZC6kets_0_174,Placeholder,/job:localhost/replica:0/task:0/device:CPU:0,1.0,0.001
_arg_6B0kQbIEGH_0_182,Placeholder,/job:localhost/replica:0/task:0/device:CPU:0,1.0,0.001
_arg_7ZpaNo8Pke_0_220,Placeholder,/job:localhost/replica:0/task:0/device:CPU:0,1.0,0.001
_arg_6WPGyO7zjA_0_190,Placeholder,/job:localhost/replica:0/task:0/device:CPU:0,1.0,0.001
_arg_6lJbZQMpUk_0_192,Placeholder,/job:localhost/replica:0/task:0/device:CPU:0,1.0,0.001
_arg_6qwOBDCYj5_0_197,Placeholder,/job:localhost/replica:0/task:0/device:CPU:0,1.0,0.001
_arg_6yOXIx81bz_0_200,Placeholder,/job:localhost/replica:0/task:0/device:CPU:0,1.0,0.001
_arg_7DhSbzywR8_0_208,Placeholder,/job:localhost/replica:0/task:0/device:CPU:0,1.0,0.001
_arg_5zQth1yTZx_0_175,Placeholder,/job:localhost/replica:0/task:0/device:CPU:0,1.0,0.001
_arg_7ex4N6wQah_0_221,Placeholder,/job:localhost/replica:0/task:0/device:CPU:0,1.0,0.001
_arg_7rtW9ZCkXf_0_224,Placeholder,/job:localhost/replica:0/task:0/device:CPU:0,1.0,0.001
_arg_6mMQge9uBh_0_193,Placeholder,/job:localhost/replica:0/task:0/device:CPU:0,1.0,0.001
_arg_6zyPHWNrSg_0_201,Placeholder,/job:localhost/replica:0/task:0/device:CPU:0,1.0,0.001
_arg_78urAYxZUf_0_204,Placeholder,/job:localhost/replica:0/task:0/device:CPU:0,1.0,0.001
_arg_7EUN6gyozA_0_209,Placeholder,/job:localhost/replica:0/task:0/device:CPU:0,1.0,0.001
_arg_7JVz2waTHA_0_212,Placeholder,/job:localhost/replica:0/task:0/device:CPU:0,1.0,0.001
_arg_7fqRUTAzBO_0_222,Placeholder,/job:localhost/replica:0/task:0/device:CPU:0,1.0,0.001
_arg_7tUnFLyeqh_0_225,Placeholder,/job:localhost/replica:0/task:0/device:CPU:0,1.0,0.001
_arg_87CMxl2yBs_0_232,Placeholder,/job:localhost/replica:0/task:0/device:CPU:0,1.0,0.001
_arg_8AXt4ZeCRi_0_237,Placeholder,/job:localhost/replica:0/task:0/device:CPU:0,1.0,0.001
_arg_8HGmqB0O9Y_0_239,Placeholder,/job:localhost/replica:0/task:0/device:CPU:0,1.0,0.001
_arg_7w6n2QpDvP_0_226,Placeholder,/job:localhost/replica:0/task:0/device:CPU:0,1.0,0.001
_arg_87EPjdvTB2_0_233,Placeholder,/job:localhost/replica:0/task:0/device:CPU:0,1.0,0.001
_arg_8AekaSdgGI_0_238,Placeholder,/job:localhost/replica:0/task:0/device:CPU:0,1.0,0.001
_arg_8PUOtuQ1KI_0_243,Placeholder,/job:localhost/replica:0/task:0/device:CPU:0,1.0,0.001
_arg_7B8rSGeIA2_0_206,Placeholder,/job:localhost/replica:0/task:0/device:CPU:0,1.0,0.001
_arg_7NuRbGHwpt_0_214,Placeholder,/job:localhost/replica:0/task:0/device:CPU:0,1.0,0.001
_arg_803GI4LDOu_0_227,Placeholder,/job:localhost/replica:0/task:0/device:CPU:0,1.0,0.001
_arg_84NlqDifjH_0_231,Placeholder,/job:localhost/replica:0/task:0/device:CPU:0,1.0,0.001
_arg_87NUVjtJ6a_0_234,Placeholder,/job:localhost/replica:0/task:0/device:CPU:0,1.0,0.001
_arg_8JaYmgX2lV_0_241,Placeholder,/job:localhost/replica:0/task:0/device:CPU:0,1.0,0.001
_arg_8Pvu56I4GF_0_244,Placeholder,/job:localhost/replica:0/task:0/device:CPU:0,1.0,0.001
_arg_8TqXIWrSpu_0_247,Placeholder,/job:localhost/replica:0/task:0/device:CPU:0,1.0,0.001
_arg_8eBiSCoP5D_0_251,Placeholder,/job:localhost/replica:0/task:0/device:CPU:0,1.0,0.001
_arg_7BG64ebRxz_0_207,Placeholder,/job:localhost/replica:0/task:0/device:CPU:0,1.0,0.001
_arg_7Ou1ynJErd_0_215,Placeholder,/job:localhost/replica:0/task:0/device:CPU:0,1.0,0.001
_arg_89Yo3nG75l_0_235,Placeholder,/job:localhost/replica:0/task:0/device:CPU:0,1.0,0.001
_arg_8Nomkbw07e_0_242,Placeholder,/job:localhost/replica:0/task:0/device:CPU:0,1.0,0.001
_arg_8QzSJBL9ke_0_245,Placeholder,/job:localhost/replica:0/task:0/device:CPU:0,1.0,0.001
_arg_8krCbMq5N2_0_255,Placeholder,/job:localhost/replica:0/task:0/device:CPU:0,1.0,0.001
_arg_8mpDerM6v2_0_260,Placeholder,/job:localhost/replica:0/task:0/device:CPU:0,1.0,0.001
_arg_0AoyFZLIpX_0_3,Placeholder,/job:localhost/replica:0/task:0/device:CPU:0,1.0,0.001
_arg_0IJYMfA7kz_0_6,Placeholder,/job:localhost/replica:0/task:0/device:CPU:0,1.0,0.001
_arg_0hOjYUmNqd_0_12,Placeholder,/job:localhost/replica:0/task:0/device:CPU:0,1.0,0.001
_arg_0qtE5V8F72_0_19,Placeholder,/job:localhost/replica:0/task:0/device:CPU:0,1.0,0.001
_arg_0VCWogsrtH_0_9,Placeholder,/job:localhost/replica:0/task:0/device:CPU:0,1.0,0.001
_arg_0BeLOqTAPa_0_4,Placeholder,/job:localhost/replica:0/task:0/device:CPU:0,1.0,0.001
_arg_0RGuzrvEto_0_7,Placeholder,/job:localhost/replica:0/task:0/device:CPU:0,1.0,0.001
_arg_1G9apSyZAL_0_36,Placeholder,/job:localhost/replica:0/task:0/device:CPU:0,1.0,0.001
_arg_1I4N8ZweCc_0_37,Placeholder,/job:localhost/replica:0/task:0/device:CPU:0,1.0,0.001
_arg_1M5ma9vlcy_0_40,Placeholder,/job:localhost/replica:0/task:0/device:CPU:0,1.0,0.001
_arg_1nYCEJfrus_0_53,Placeholder,/job:localhost/replica:0/task:0/device:CPU:0,1.0,0.001
_arg_1wh7ubK9oU_0_59,Placeholder,/job:localhost/replica:0/task:0/device:CPU:0,1.0,0.001
_arg_1g4byj8oHw_0_50,Placeholder,/job:localhost/replica:0/task:0/device:CPU:0,1.0,0.001
_arg_29OrAQeEgL_0_66,Placeholder,/job:localhost/replica:0/task:0/device:CPU:0,1.0,0.001
_arg_1ilRBOkbUK_0_51,Placeholder,/job:localhost/replica:0/task:0/device:CPU:0,1.0,0.001
_arg_1oJyNPhKO9_0_54,Placeholder,/job:localhost/replica:0/task:0/device:CPU:0,1.0,0.001
_arg_2mvuPB1Vb5_0_82,Placeholder,/job:localhost/replica:0/task:0/device:CPU:0,1.0,0.001
_arg_2qrxAEuvtX_0_85,Placeholder,/job:localhost/replica:0/task:0/device:CPU:0,1.0,0.001
_arg_2xBoJPrpwG_0_87,Placeholder,/job:localhost/replica:0/task:0/device:CPU:0,1.0,0.001
_arg_36RIlgymKs_0_94,Placeholder,/job:localhost/replica:0/task:0/device:CPU:0,1.0,0.001
_arg_35G1kSoycD_0_91,Placeholder,/job:localhost/replica:0/task:0/device:CPU:0,1.0,0.001
_arg_2yGSpiCFul_0_88,Placeholder,/job:localhost/replica:0/task:0/device:CPU:0,1.0,0.001
_arg_38UEeHVuy7_0_98,Placeholder,/job:localhost/replica:0/task:0/device:CPU:0,1.0,0.001
_arg_2yUiAN4HVe_0_89,Placeholder,/job:localhost/replica:0/task:0/device:CPU:0,1.0,0.001
_arg_36KQXptcdO_0_93,Placeholder,/job:localhost/replica:0/task:0/device:CPU:0,1.0,0.001
_arg_0unfLbJUAi_0_23,Placeholder,/job:localhost/replica:0/task:0/device:CPU:0,1.0,0.001
_arg_38EmXCAWPz_0_97,Placeholder,/job:localhost/replica:0/task:0/device:CPU:0,1.0,0.001
_arg_19dw3IY7LF_0_28,Placeholder,/job:localhost/replica:0/task:0/device:CPU:0,1.0,0.001
_arg_1CWfr6w8Tx_0_32,Placeholder,/job:localhost/replica:0/task:0/device:CPU:0,1.0,0.001
_arg_1Iyoq6KRwd_0_38,Placeholder,/job:localhost/replica:0/task:0/device:CPU:0,1.0,0.001
_arg_1MFnidJY4g_0_41,Placeholder,/job:localhost/replica:0/task:0/device:CPU:0,1.0,0.001
_arg_371otCskUW_0_96,Placeholder,/job:localhost/replica:0/task:0/device:CPU:0,1.0,0.001
_arg_0oBdg27cze_0_16,Placeholder,/job:localhost/replica:0/task:0/device:CPU:0,1.0,0.001
_arg_1rg70lVU9z_0_55,Placeholder,/job:localhost/replica:0/task:0/device:CPU:0,1.0,0.001
_arg_1AEifcqKyg_0_29,Placeholder,/job:localhost/replica:0/task:0/device:CPU:0,1.0,0.001
_arg_1E3QRgeBnk_0_33,Placeholder,/job:localhost/replica:0/task:0/device:CPU:0,1.0,0.001
_arg_1LQ0OwH3VB_0_39,Placeholder,/job:localhost/replica:0/task:0/device:CPU:0,1.0,0.001
_arg_0ktMzuUyZc_0_13,Placeholder,/job:localhost/replica:0/task:0/device:CPU:0,1.0,0.001
_arg_0rxbTPLXyg_0_20,Placeholder,/job:localhost/replica:0/task:0/device:CPU:0,1.0,0.001
_arg_1BWroTjh73_0_30,Placeholder,/job:localhost/replica:0/task:0/device:CPU:0,1.0,0.001
_arg_1RZ6XcEFaT_0_43,Placeholder,/job:localhost/replica:0/task:0/device:CPU:0,1.0,0.001
_arg_1Sqam3O8JC_0_45,Placeholder,/job:localhost/replica:0/task:0/device:CPU:0,1.0,0.001
_arg_0XLScObnsl_0_10,Placeholder,/job:localhost/replica:0/task:0/device:CPU:0,1.0,0.001
_arg_0mXjxlkhyw_0_14,Placeholder,/job:localhost/replica:0/task:0/device:CPU:0,1.0,0.001
_arg_1sbmDjGw3r_0_56,Placeholder,/job:localhost/replica:0/task:0/device:CPU:0,1.0,0.001
_arg_0sroYMwAh9_0_21,Placeholder,/job:localhost/replica:0/task:0/device:CPU:0,1.0,0.001
_arg_14bDCgZVjv_0_26,Placeholder,/job:localhost/replica:0/task:0/device:CPU:0,1.0,0.001
_arg_1BstU2jKlD_0_31,Placeholder,/job:localhost/replica:0/task:0/device:CPU:0,1.0,0.001
_arg_1F9BcEZjm7_0_35,Placeholder,/job:localhost/replica:0/task:0/device:CPU:0,1.0,0.001
_arg_2XpuLba81B_0_75,Placeholder,/job:localhost/replica:0/task:0/device:CPU:0,1.0,0.001
_arg_0eZXOg1KVb_0_11,Placeholder,/job:localhost/replica:0/task:0/device:CPU:0,1.0,0.001
_arg_1ujFSYC6M9_0_57,Placeholder,/job:localhost/replica:0/task:0/device:CPU:0,1.0,0.001
_arg_1wrNfh8cpt_0_60,Placeholder,/job:localhost/replica:0/task:0/device:CPU:0,1.0,0.001
_arg_26D8kfsBbG_0_63,Placeholder,/job:localhost/replica:0/task:0/device:CPU:0,1.0,0.001
_arg_18V4vdMAC7_0_27,Placeholder,/job:localhost/replica:0/task:0/device:CPU:0,1.0,0.001
_arg_2lmeNYaML9_0_80,Placeholder,/job:localhost/replica:0/task:0/device:CPU:0,1.0,0.001
_arg_2ov6FRnWbS_0_83,Placeholder,/job:localhost/replica:0/task:0/device:CPU:0,1.0,0.001
_arg_08tOfYzHbk_0_2,Placeholder,/job:localhost/replica:0/task:0/device:CPU:0,1.0,0.001
_arg_1kJ2wpv4YV_0_52,Placeholder,/job:localhost/replica:0/task:0/device:CPU:0,1.0,0.001
_arg_1vZX9pErRc_0_58,Placeholder,/job:localhost/replica:0/task:0/device:CPU:0,1.0,0.001
_arg_24IO6rzGAD_0_61,Placeholder,/job:localhost/replica:0/task:0/device:CPU:0,1.0,0.001
_arg_0qkJmXDIBP_0_18,Placeholder,/job:localhost/replica:0/task:0/device:CPU:0,1.0,0.001
_arg_2KGYyXRwW1_0_72,Placeholder,/job:localhost/replica:0/task:0/device:CPU:0,1.0,0.001
_arg_2csOIg18Nm_0_77,Placeholder,/job:localhost/replica:0/task:0/device:CPU:0,1.0,0.001
_arg_4bjOLW97pR_0_130,Placeholder,/job:localhost/replica:0/task:0/device:CPU:0,1.0,0.001
_arg_4jRiuY9F6W_0_134,Placeholder,/job:localhost/replica:0/task:0/device:CPU:0,1.0,0.001
_arg_0nKbtBrazd_0_15,Placeholder,/job:localhost/replica:0/task:0/device:CPU:0,1.0,0.001
_arg_2CgcXPGYUx_0_68,Placeholder,/job:localhost/replica:0/task:0/device:CPU:0,1.0,0.001
_arg_2VOJnrjIZ6_0_73,Placeholder,/job:localhost/replica:0/task:0/device:CPU:0,1.0,0.001
_arg_2hIWv3DRNM_0_78,Placeholder,/job:localhost/replica:0/task:0/device:CPU:0,1.0,0.001
_arg_4RQPqxFfb7_0_126,Placeholder,/job:localhost/replica:0/task:0/device:CPU:0,1.0,0.001
_arg_4dkT1wWrLZ_0_131,Placeholder,/job:localhost/replica:0/task:0/device:CPU:0,1.0,0.001
_arg_eQTyos0kXh_0_1162,Placeholder,/job:localhost/replica:0/task:0/device:CPU:0,1.0,0.001
_arg_eVBEtRdf9v_0_1166,Placeholder,/job:localhost/replica:0/task:0/device:CPU:0,1.0,0.001
_arg_39BjpOMowv_0_99,Placeholder,/job:localhost/replica:0/task:0/device:CPU:0,1.0,0.001
_arg_3MgJh8enFm_0_104,Placeholder,/job:localhost/replica:0/task:0/device:CPU:0,1.0,0.001
_arg_3R9hPK2EqU_0_107,Placeholder,/job:localhost/replica:0/task:0/device:CPU:0,1.0,0.001
_arg_2DvOqICZAP_0_69,Placeholder,/job:localhost/replica:0/task:0/device:CPU:0,1.0,0.001
_arg_4eCJn2IgTR_0_132,Placeholder,/job:localhost/replica:0/task:0/device:CPU:0,1.0,0.001
_arg_eVC6mnsH32_0_1167,Placeholder,/job:localhost/replica:0/task:0/device:CPU:0,1.0,0.001
_arg_edy31gpEOh_0_1170,Placeholder,/job:localhost/replica:0/task:0/device:CPU:0,1.0,0.001
_arg_3X5VpdIOc9_0_112,Placeholder,/job:localhost/replica:0/task:0/device:CPU:0,1.0,0.001
_arg_4ZHCYX7PUS_0_128,Placeholder,/job:localhost/replica:0/task:0/device:CPU:0,1.0,0.001
_arg_4eWOScnabl_0_133,Placeholder,/job:localhost/replica:0/task:0/device:CPU:0,1.0,0.001
_arg_ebcCw4AjvQ_0_1168,Placeholder,/job:localhost/replica:0/task:0/device:CPU:0,1.0,0.001
_arg_eldZgVuF9y_0_1174,Placeholder,/job:localhost/replica:0/task:0/device:CPU:0,1.0,0.001
_arg_3Q5gyltfFU_0_106,Placeholder,/job:localhost/replica:0/task:0/device:CPU:0,1.0,0.001
_arg_3TybcSapIA_0_109,Placeholder,/job:localhost/replica:0/task:0/device:CPU:0,1.0,0.001
_arg_3ZB4wTs7SX_0_113,Placeholder,/job:localhost/replica:0/task:0/device:CPU:0,1.0,0.001
_arg_3iAadroLUV_0_116,Placeholder,/job:localhost/replica:0/task:0/device:CPU:0,1.0,0.001
_arg_40u3SJACcU_0_119,Placeholder,/job:localhost/replica:0/task:0/device:CPU:0,1.0,0.001
_arg_4HapnNbZmr_0_124,Placeholder,/job:localhost/replica:0/task:0/device:CPU:0,1.0,0.001
_arg_4b0xo52hZq_0_129,Placeholder,/job:localhost/replica:0/task:0/device:CPU:0,1.0,0.001
_arg_eUVlIfR9xy_0_1164,Placeholder,/job:localhost/replica:0/task:0/device:CPU:0,1.0,0.001
_arg_egfrTSV9cP_0_1172,Placeholder,/job:localhost/replica:0/task:0/device:CPU:0,1.0,0.001
_arg_euZsJdg98V_0_1178,Placeholder,/job:localhost/replica:0/task:0/device:CPU:0,1.0,0.001
_arg_3Jxa12nplr_0_102,Placeholder,/job:localhost/replica:0/task:0/device:CPU:0,1.0,0.001
_arg_fN5RjivHEV_0_1186,Placeholder,/job:localhost/replica:0/task:0/device:CPU:0,1.0,0.001
_arg_3bPZOelaSC_0_114,Placeholder,/job:localhost/replica:0/task:0/device:CPU:0,1.0,0.001
_arg_45JRXcHlgK_0_120,Placeholder,/job:localhost/replica:0/task:0/device:CPU:0,1.0,0.001
_arg_8Rjm3iUDM7_0_246,Placeholder,/job:localhost/replica:0/task:0/device:CPU:0,1.0,0.001
_arg_8VlZdSGj79_0_249,Placeholder,/job:localhost/replica:0/task:0/device:CPU:0,1.0,0.001
_arg_8lXnbqKZci_0_257,Placeholder,/job:localhost/replica:0/task:0/device:CPU:0,1.0,0.001
_arg_ehw9LDtURK_0_1173,Placeholder,/job:localhost/replica:0/task:0/device:CPU:0,1.0,0.001
_arg_ewiJOVDRKu_0_1179,Placeholder,/job:localhost/replica:0/task:0/device:CPU:0,1.0,0.001
_arg_f0lLJuAGPY_0_1182,Placeholder,/job:localhost/replica:0/task:0/device:CPU:0,1.0,0.001
_arg_fSHydIkGF1_0_1187,Placeholder,/job:localhost/replica:0/task:0/device:CPU:0,1.0,0.001
_arg_fmTwAekzty_0_1194,Placeholder,/job:localhost/replica:0/task:0/device:CPU:0,1.0,0.001
_arg_8raAMRPyiz_0_263,Placeholder,/job:localhost/replica:0/task:0/device:CPU:0,1.0,0.001
_arg_46oMAqOTvm_0_121,Placeholder,/job:localhost/replica:0/task:0/device:CPU:0,1.0,0.001
_arg_9CidzGRA2I_0_270,Placeholder,/job:localhost/replica:0/task:0/device:CPU:0,1.0,0.001
_arg_9s4cyONRWU_0_288,Placeholder,/job:localhost/replica:0/task:0/device:CPU:0,1.0,0.001
_arg_9unw3UQZD6_0_292,Placeholder,/job:localhost/replica:0/task:0/device:CPU:0,1.0,0.001
_arg_A0RgLIkdjw_0_299,Placeholder,/job:localhost/replica:0/task:0/device:CPU:0,1.0,0.001
_arg_A1R5yhqQWn_0_302,Placeholder,/job:localhost/replica:0/task:0/device:CPU:0,1.0,0.001
_arg_AKZBDTyFHW_0_310,Placeholder,/job:localhost/replica:0/task:0/device:CPU:0,1.0,0.001
_arg_ATDr9waecK_0_314,Placeholder,/job:localhost/replica:0/task:0/device:CPU:0,1.0,0.001
_arg_AZGviNXSxa_0_317,Placeholder,/job:localhost/replica:0/task:0/device:CPU:0,1.0,0.001
_arg_AibVPjMf8v_0_321,Placeholder,/job:localhost/replica:0/task:0/device:CPU:0,1.0,0.001
_arg_AzGTymL3Pc_0_325,Placeholder,/job:localhost/replica:0/task:0/device:CPU:0,1.0,0.001
_arg_A2aLYE3Dc4_0_303,Placeholder,/job:localhost/replica:0/task:0/device:CPU:0,1.0,0.001
_arg_A91uLxMiIz_0_307,Placeholder,/job:localhost/replica:0/task:0/device:CPU:0,1.0,0.001
_arg_AMzODIYyp9_0_311,Placeholder,/job:localhost/replica:0/task:0/device:CPU:0,1.0,0.001
_arg_ATYk7DOSgd_0_315,Placeholder,/job:localhost/replica:0/task:0/device:CPU:0,1.0,0.001
_arg_AatedJ3PgS_0_318,Placeholder,/job:localhost/replica:0/task:0/device:CPU:0,1.0,0.001
_arg_AzRxQ1eupO_0_326,Placeholder,/job:localhost/replica:0/task:0/device:CPU:0,1.0,0.001
_arg_BFSM2YhPJ1_0_333,Placeholder,/job:localhost/replica:0/task:0/device:CPU:0,1.0,0.001
_arg_AtKBTIXJCO_0_323,Placeholder,/job:localhost/replica:0/task:0/device:CPU:0,1.0,0.001
_arg_A4OzISUbGC_0_304,Placeholder,/job:localhost/replica:0/task:0/device:CPU:0,1.0,0.001
_arg_A9zwIxOsf4_0_308,Placeholder,/job:localhost/replica:0/task:0/device:CPU:0,1.0,0.001
_arg_AQjpYqtKJ2_0_312,Placeholder,/job:localhost/replica:0/task:0/device:CPU:0,1.0,0.001
_arg_AbaU89BXih_0_319,Placeholder,/job:localhost/replica:0/task:0/device:CPU:0,1.0,0.001
_arg_BcNAlwb3Kv_0_345,Placeholder,/job:localhost/replica:0/task:0/device:CPU:0,1.0,0.001
_arg_AztQYT237Z_0_327,Placeholder,/job:localhost/replica:0/task:0/device:CPU:0,1.0,0.001
_arg_B4NnIS1rtw_0_330,Placeholder,/job:localhost/replica:0/task:0/device:CPU:0,1.0,0.001
_arg_BMUgNuHyeZ_0_338,Placeholder,/job:localhost/replica:0/task:0/device:CPU:0,1.0,0.001
_arg_BTVHzKj7yb_0_341,Placeholder,/job:localhost/replica:0/task:0/device:CPU:0,1.0,0.001
_arg_Biozn0QMJx_0_348,Placeholder,/job:localhost/replica:0/task:0/device:CPU:0,1.0,0.001
_arg_BlTcHoty0a_0_352,Placeholder,/job:localhost/replica:0/task:0/device:CPU:0,1.0,0.001
_arg_BsCrJqQ657_0_356,Placeholder,/job:localhost/replica:0/task:0/device:CPU:0,1.0,0.001
_arg_BIujDnHmVg_0_335,Placeholder,/job:localhost/replica:0/task:0/device:CPU:0,1.0,0.001
_arg_BPe3wCmUuN_0_339,Placeholder,/job:localhost/replica:0/task:0/device:CPU:0,1.0,0.001
_arg_BUTdiSryxY_0_342,Placeholder,/job:localhost/replica:0/task:0/device:CPU:0,1.0,0.001
_arg_BjsnyEzJmM_0_349,Placeholder,/job:localhost/replica:0/task:0/device:CPU:0,1.0,0.001
_arg_AvD6c9V8et_0_324,Placeholder,/job:localhost/replica:0/task:0/device:CPU:0,1.0,0.001
_arg_B0LMdW1Tjz_0_328,Placeholder,/job:localhost/replica:0/task:0/device:CPU:0,1.0,0.001
_arg_B7oycebwgK_0_331,Placeholder,/job:localhost/replica:0/task:0/device:CPU:0,1.0,0.001
_arg_CItoDNjU1R_0_364,Placeholder,/job:localhost/replica:0/task:0/device:CPU:0,1.0,0.001
_arg_CQSwWOsyqd_0_368,Placeholder,/job:localhost/replica:0/task:0/device:CPU:0,1.0,0.001
_arg_BjzDNVJYfs_0_350,Placeholder,/job:localhost/replica:0/task:0/device:CPU:0,1.0,0.001
_arg_B86cUEaPwt_0_332,Placeholder,/job:localhost/replica:0/task:0/device:CPU:0,1.0,0.001
_arg_BIxihge2uD_0_336,Placeholder,/job:localhost/replica:0/task:0/device:CPU:0,1.0,0.001
_arg_BS5Jo9AV3f_0_340,Placeholder,/job:localhost/replica:0/task:0/device:CPU:0,1.0,0.001
_arg_BbRwK9Ltih_0_343,Placeholder,/job:localhost/replica:0/task:0/device:CPU:0,1.0,0.001
_arg_BzVNJvpQOl_0_358,Placeholder,/job:localhost/replica:0/task:0/device:CPU:0,1.0,0.001
_arg_C8EjKPdqFJ_0_361,Placeholder,/job:localhost/replica:0/task:0/device:CPU:0,1.0,0.001
_arg_CJmkTlz3gh_0_365,Placeholder,/job:localhost/replica:0/task:0/device:CPU:0,1.0,0.001
_arg_CaPrpQFLuO_0_373,Placeholder,/job:localhost/replica:0/task:0/device:CPU:0,1.0,0.001
_arg_Cm0O1oHyrV_0_376,Placeholder,/job:localhost/replica:0/task:0/device:CPU:0,1.0,0.001
_arg_Bbrh5nqM3m_0_344,Placeholder,/job:localhost/replica:0/task:0/device:CPU:0,1.0,0.001
_arg_DFcHP9712w_0_385,Placeholder,/job:localhost/replica:0/task:0/device:CPU:0,1.0,0.001
_arg_DRsrM6v7jB_0_388,Placeholder,/job:localhost/replica:0/task:0/device:CPU:0,1.0,0.001
_arg_BrcqCOgIvi_0_355,Placeholder,/job:localhost/replica:0/task:0/device:CPU:0,1.0,0.001
_arg_Dm9VXzhvwS_0_395,Placeholder,/job:localhost/replica:0/task:0/device:CPU:0,1.0,0.001
_arg_CBAzpKSay9_0_362,Placeholder,/job:localhost/replica:0/task:0/device:CPU:0,1.0,0.001
_arg_CU7At3vfqT_0_370,Placeholder,/job:localhost/replica:0/task:0/device:CPU:0,1.0,0.001
_arg_Ce3szoP8Vx_0_374,Placeholder,/job:localhost/replica:0/task:0/device:CPU:0,1.0,0.001
_arg_CnjgQlFk8K_0_377,Placeholder,/job:localhost/replica:0/task:0/device:CPU:0,1.0,0.001
_arg_D0wWc2lhSP_0_381,Placeholder,/job:localhost/replica:0/task:0/device:CPU:0,1.0,0.001
_arg_DOvRjdXLAz_0_386,Placeholder,/job:localhost/replica:0/task:0/device:CPU:0,1.0,0.001
_arg_DY8guLSqBt_0_389,Placeholder,/job:localhost/replica:0/task:0/device:CPU:0,1.0,0.001
_arg_BlMmxISkp5_0_351,Placeholder,/job:localhost/replica:0/task:0/device:CPU:0,1.0,0.001
_arg_Dmg6hFT1Gs_0_396,Placeholder,/job:localhost/replica:0/task:0/device:CPU:0,1.0,0.001
_arg_C0rxUdw3Jv_0_359,Placeholder,/job:localhost/replica:0/task:0/device:CPU:0,1.0,0.001
_arg_CihzHyboj6_0_375,Placeholder,/job:localhost/replica:0/task:0/device:CPU:0,1.0,0.001
_arg_CqX4ycF6pa_0_378,Placeholder,/job:localhost/replica:0/task:0/device:CPU:0,1.0,0.001
_arg_DQeRfmy0zw_0_387,Placeholder,/job:localhost/replica:0/task:0/device:CPU:0,1.0,0.001
_arg_DbX6kKvG3u_0_390,Placeholder,/job:localhost/replica:0/task:0/device:CPU:0,1.0,0.001
_arg_DeN8jHuEIC_0_392,Placeholder,/job:localhost/replica:0/task:0/device:CPU:0,1.0,0.001
_arg_E1oG0UgXdq_0_404,Placeholder,/job:localhost/replica:0/task:0/device:CPU:0,1.0,0.001
_arg_8utZNVbe72_0_265,Placeholder,/job:localhost/replica:0/task:0/device:CPU:0,1.0,0.001
_arg_8vuSQNgpqi_0_267,Placeholder,/job:localhost/replica:0/task:0/device:CPU:0,1.0,0.001
_arg_Ctl608IEWq_0_379,Placeholder,/job:localhost/replica:0/task:0/device:CPU:0,1.0,0.001
_arg_D4nF7Spojy_0_383,Placeholder,/job:localhost/replica:0/task:0/device:CPU:0,1.0,0.001
_arg_9SOxF8Ewsh_0_278,Placeholder,/job:localhost/replica:0/task:0/device:CPU:0,1.0,0.001
_arg_DpyMe0n3Lq_0_398,Placeholder,/job:localhost/replica:0/task:0/device:CPU:0,1.0,0.001
_arg_8mH6Wt0RVT_0_258,Placeholder,/job:localhost/replica:0/task:0/device:CPU:0,1.0,0.001
_arg_AECZkBPGgo_0_309,Placeholder,/job:localhost/replica:0/task:0/device:CPU:0,1.0,0.001
_arg_4DXek7jTKH_0_122,Placeholder,/job:localhost/replica:0/task:0/device:CPU:0,1.0,0.001
_arg_Eh7btY10eO_0_427,Placeholder,/job:localhost/replica:0/task:0/device:CPU:0,1.0,0.001
_arg_9DRwzNhVkp_0_271,Placeholder,/job:localhost/replica:0/task:0/device:CPU:0,1.0,0.001
_arg_9Iv65OCLPi_0_274,Placeholder,/job:localhost/replica:0/task:0/device:CPU:0,1.0,0.001
_arg_9bEM1um3jP_0_282,Placeholder,/job:localhost/replica:0/task:0/device:CPU:0,1.0,0.001
_arg_E0NlMJ9b3a_0_401,Placeholder,/job:localhost/replica:0/task:0/device:CPU:0,1.0,0.001
_arg_9sgiTdIbwQ_0_289,Placeholder,/job:localhost/replica:0/task:0/device:CPU:0,1.0,0.001
_arg_9wCXvukLI4_0_293,Placeholder,/job:localhost/replica:0/task:0/device:CPU:0,1.0,0.001
_arg_9zQ6grTwLC_0_297,Placeholder,/job:localhost/replica:0/task:0/device:CPU:0,1.0,0.001
_arg_EhMikN0dGH_0_428,Placeholder,/job:localhost/replica:0/task:0/device:CPU:0,1.0,0.001
_arg_EuN9Ih4wX6_0_431,Placeholder,/job:localhost/replica:0/task:0/device:CPU:0,1.0,0.001
_arg_FIgxvUJ4o6_0_435,Placeholder,/job:localhost/replica:0/task:0/device:CPU:0,1.0,0.001
_arg_FQg6p7uIYX_0_439,Placeholder,/job:localhost/replica:0/task:0/device:CPU:0,1.0,0.001
_arg_9C5XUcopTK_0_269,Placeholder,/job:localhost/replica:0/task:0/device:CPU:0,1.0,0.001
_arg_9EK2hqRukp_0_272,Placeholder,/job:localhost/replica:0/task:0/device:CPU:0,1.0,0.001
_arg_9JO7CNAjma_0_275,Placeholder,/job:localhost/replica:0/task:0/device:CPU:0,1.0,0.001
_arg_E0ksuaYGrw_0_402,Placeholder,/job:localhost/replica:0/task:0/device:CPU:0,1.0,0.001
_arg_9gHAtEn17G_0_283,Placeholder,/job:localhost/replica:0/task:0/device:CPU:0,1.0,0.001
_arg_8bfTy5aULI_0_250,Placeholder,/job:localhost/replica:0/task:0/device:CPU:0,1.0,0.001
_arg_9u1lcdpG2g_0_290,Placeholder,/job:localhost/replica:0/task:0/device:CPU:0,1.0,0.001
_arg_9wzKBlq7Yc_0_294,Placeholder,/job:localhost/replica:0/task:0/device:CPU:0,1.0,0.001
_arg_9zruVchY5j_0_298,Placeholder,/job:localhost/replica:0/task:0/device:CPU:0,1.0,0.001
_arg_EcdxyYhI9j_0_424,Placeholder,/job:localhost/replica:0/task:0/device:CPU:0,1.0,0.001
_arg_F1obuJQmxM_0_432,Placeholder,/job:localhost/replica:0/task:0/device:CPU:0,1.0,0.001
_arg_FTdsYhtgHe_0_440,Placeholder,/job:localhost/replica:0/task:0/device:CPU:0,1.0,0.001
_arg_FhUHL0mYN2_0_451,Placeholder,/job:localhost/replica:0/task:0/device:CPU:0,1.0,0.001
_arg_FilbBDkIej_0_455,Placeholder,/job:localhost/replica:0/task:0/device:CPU:0,1.0,0.001
_arg_9EUoemAGlO_0_273,Placeholder,/job:localhost/replica:0/task:0/device:CPU:0,1.0,0.001
_arg_9PTbG7Xri1_0_276,Placeholder,/job:localhost/replica:0/task:0/device:CPU:0,1.0,0.001
_arg_9VfEtMTUxb_0_279,Placeholder,/job:localhost/replica:0/task:0/device:CPU:0,1.0,0.001
_arg_9gnMNosdaE_0_284,Placeholder,/job:localhost/replica:0/task:0/device:CPU:0,1.0,0.001
_arg_9lJ7gYruyv_0_285,Placeholder,/job:localhost/replica:0/task:0/device:CPU:0,1.0,0.001
_arg_EqPAfzdBWu_0_430,Placeholder,/job:localhost/replica:0/task:0/device:CPU:0,1.0,0.001
_arg_F5NzVOSorq_0_433,Placeholder,/job:localhost/replica:0/task:0/device:CPU:0,1.0,0.001
_arg_FOTdAc59PK_0_437,Placeholder,/job:localhost/replica:0/task:0/device:CPU:0,1.0,0.001
_arg_FU71PMq3QD_0_441,Placeholder,/job:localhost/replica:0/task:0/device:CPU:0,1.0,0.001
_arg_FaXIJgRoCx_0_444,Placeholder,/job:localhost/replica:0/task:0/device:CPU:0,1.0,0.001
_arg_FcxaquYgwh_0_448,Placeholder,/job:localhost/replica:0/task:0/device:CPU:0,1.0,0.001
_arg_FjcVXrDMx6_0_456,Placeholder,/job:localhost/replica:0/task:0/device:CPU:0,1.0,0.001
_arg_FmU1qndoNQ_0_459,Placeholder,/job:localhost/replica:0/task:0/device:CPU:0,1.0,0.001
_arg_E4h98zo6Gg_0_406,Placeholder,/job:localhost/replica:0/task:0/device:CPU:0,1.0,0.001
_arg_E6orF1ty4R_0_407,Placeholder,/job:localhost/replica:0/task:0/device:CPU:0,1.0,0.001
_arg_9RjVcpWqLf_0_277,Placeholder,/job:localhost/replica:0/task:0/device:CPU:0,1.0,0.001
_arg_9VkmnbWOCh_0_280,Placeholder,/job:localhost/replica:0/task:0/device:CPU:0,1.0,0.001
_arg_EUm7MBeVk0_0_420,Placeholder,/job:localhost/replica:0/task:0/device:CPU:0,1.0,0.001
_arg_9lxufU8HGc_0_286,Placeholder,/job:localhost/replica:0/task:0/device:CPU:0,1.0,0.001
_arg_FYhCy0cLMW_0_442,Placeholder,/job:localhost/replica:0/task:0/device:CPU:0,1.0,0.001
_arg_Fhw7nLfkXU_0_453,Placeholder,/job:localhost/replica:0/task:0/device:CPU:0,1.0,0.001
_arg_Fk2z8sv4qS_0_457,Placeholder,/job:localhost/replica:0/task:0/device:CPU:0,1.0,0.001
_arg_Fpcu1DENHx_0_460,Placeholder,/job:localhost/replica:0/task:0/device:CPU:0,1.0,0.001
_arg_FxU0urTZ2R_0_466,Placeholder,/job:localhost/replica:0/task:0/device:CPU:0,1.0,0.001
_arg_G5Sblz7yv0_0_470,Placeholder,/job:localhost/replica:0/task:0/device:CPU:0,1.0,0.001
_arg_E7HRun3eT1_0_408,Placeholder,/job:localhost/replica:0/task:0/device:CPU:0,1.0,0.001
_arg_ECAYkVjhMK_0_412,Placeholder,/job:localhost/replica:0/task:0/device:CPU:0,1.0,0.001
_arg_EIZUgMeT18_0_415,Placeholder,/job:localhost/replica:0/task:0/device:CPU:0,1.0,0.001
_arg_EVn9IcACav_0_421,Placeholder,/job:localhost/replica:0/task:0/device:CPU:0,1.0,0.001
_arg_9YyuA3UICc_0_281,Placeholder,/job:localhost/replica:0/task:0/device:CPU:0,1.0,0.001
_arg_Gtjeh91g0Y_0_494,Placeholder,/job:localhost/replica:0/task:0/device:CPU:0,1.0,0.001
_arg_9m2kjXH5sU_0_287,Placeholder,/job:localhost/replica:0/task:0/device:CPU:0,1.0,0.001
_arg_HO9y3J2ZSV_0_506,Placeholder,/job:localhost/replica:0/task:0/device:CPU:0,1.0,0.001
_arg_FhCR4L6JKH_0_450,Placeholder,/job:localhost/replica:0/task:0/device:CPU:0,1.0,0.001
_arg_PsDEUb83eI_0_767,Placeholder,/job:localhost/replica:0/task:0/device:CPU:0,1.0,0.001
_arg_PwN6MYdhR5_0_770,Placeholder,/job:localhost/replica:0/task:0/device:CPU:0,1.0,0.001
_arg_Qjl6Ho2rVZ_0_787,Placeholder,/job:localhost/replica:0/task:0/device:CPU:0,1.0,0.001
_arg_QzIadq1x0r_0_794,Placeholder,/job:localhost/replica:0/task:0/device:CPU:0,1.0,0.001
_arg_R3aGTj079b_0_797,Placeholder,/job:localhost/replica:0/task:0/device:CPU:0,1.0,0.001
_arg_RDVT045LE7_0_800,Placeholder,/job:localhost/replica:0/task:0/device:CPU:0,1.0,0.001
_arg_RJoxT61NHv_0_805,Placeholder,/job:localhost/replica:0/task:0/device:CPU:0,1.0,0.001
_arg_RVLWGrXYOs_0_813,Placeholder,/job:localhost/replica:0/task:0/device:CPU:0,1.0,0.001
_arg_RLpAn15kXl_0_806,Placeholder,/job:localhost/replica:0/task:0/device:CPU:0,1.0,0.001
_arg_R9eTmyQiEj_0_798,Placeholder,/job:localhost/replica:0/task:0/device:CPU:0,1.0,0.001
_arg_REXBkxtonM_0_801,Placeholder,/job:localhost/replica:0/task:0/device:CPU:0,1.0,0.001
_arg_PzrAGp1sBM_0_771,Placeholder,/job:localhost/replica:0/task:0/device:CPU:0,1.0,0.001
_arg_RYFZ2pthrc_0_814,Placeholder,/job:localhost/replica:0/task:0/device:CPU:0,1.0,0.001
_arg_FplRnPeaXN_0_461,Placeholder,/job:localhost/replica:0/task:0/device:CPU:0,1.0,0.001
_arg_QuKTxA1S0v_0_791,Placeholder,/job:localhost/replica:0/task:0/device:CPU:0,1.0,0.001
_arg_Fy4XMpVwUt_0_467,Placeholder,/job:localhost/replica:0/task:0/device:CPU:0,1.0,0.001
_arg_G6RLgpsytV_0_471,Placeholder,/job:localhost/replica:0/task:0/device:CPU:0,1.0,0.001
_arg_GKV8W2nBzM_0_478,Placeholder,/job:localhost/replica:0/task:0/device:CPU:0,1.0,0.001
_arg_ECpiyR2wAW_0_413,Placeholder,/job:localhost/replica:0/task:0/device:CPU:0,1.0,0.001
_arg_EIgQzk9rue_0_416,Placeholder,/job:localhost/replica:0/task:0/device:CPU:0,1.0,0.001
_arg_EgCJYraALc_0_426,Placeholder,/job:localhost/replica:0/task:0/device:CPU:0,1.0,0.001
_arg_HKLiYmMeAt_0_503,Placeholder,/job:localhost/replica:0/task:0/device:CPU:0,1.0,0.001
_arg_HQzDiRu0rl_0_507,Placeholder,/job:localhost/replica:0/task:0/device:CPU:0,1.0,0.001
_arg_HULJQSmp5O_0_510,Placeholder,/job:localhost/replica:0/task:0/device:CPU:0,1.0,0.001
_arg_Hadoc5sQSf_0_514,Placeholder,/job:localhost/replica:0/task:0/device:CPU:0,1.0,0.001
_arg_HlwYytboIJ_0_518,Placeholder,/job:localhost/replica:0/task:0/device:CPU:0,1.0,0.001
_arg_FiTfltpkAc_0_454,Placeholder,/job:localhost/replica:0/task:0/device:CPU:0,1.0,0.001
_arg_FlHm83tqZT_0_458,Placeholder,/job:localhost/replica:0/task:0/device:CPU:0,1.0,0.001
_arg_J74eVKz3Wt_0_560,Placeholder,/job:localhost/replica:0/task:0/device:CPU:0,1.0,0.001
_arg_G1CwNMQLAH_0_468,Placeholder,/job:localhost/replica:0/task:0/device:CPU:0,1.0,0.001
_arg_G6U1n7IlZ2_0_472,Placeholder,/job:localhost/replica:0/task:0/device:CPU:0,1.0,0.001
_arg_GC2hYt0DzM_0_475,Placeholder,/job:localhost/replica:0/task:0/device:CPU:0,1.0,0.001
_arg_GO8qotFvhV_0_479,Placeholder,/job:localhost/replica:0/task:0/device:CPU:0,1.0,0.001
_arg_I8P5jB4TwC_0_528,Placeholder,/job:localhost/replica:0/task:0/device:CPU:0,1.0,0.001
_arg_IDwn3zflZx_0_532,Placeholder,/job:localhost/replica:0/task:0/device:CPU:0,1.0,0.001
_arg_H6D2NzrTth_0_498,Placeholder,/job:localhost/replica:0/task:0/device:CPU:0,1.0,0.001
_arg_HL8M6SAZwv_0_504,Placeholder,/job:localhost/replica:0/task:0/device:CPU:0,1.0,0.001
_arg_HSivJ5qw2y_0_508,Placeholder,/job:localhost/replica:0/task:0/device:CPU:0,1.0,0.001
_arg_HcupwsFfqz_0_515,Placeholder,/job:localhost/replica:0/task:0/device:CPU:0,1.0,0.001
_arg_JM8wSIKDVZ_0_568,Placeholder,/job:localhost/replica:0/task:0/device:CPU:0,1.0,0.001
_arg_JTDKZcGt4x_0_571,Placeholder,/job:localhost/replica:0/task:0/device:CPU:0,1.0,0.001
_arg_HmcegUo69w_0_519,Placeholder,/job:localhost/replica:0/task:0/device:CPU:0,1.0,0.001
_arg_HsewlIfYT7_0_520,Placeholder,/job:localhost/replica:0/task:0/device:CPU:0,1.0,0.001
_arg_HyxJbEqM4c_0_524,Placeholder,/job:localhost/replica:0/task:0/device:CPU:0,1.0,0.001
_arg_G8icZ7EwVy_0_473,Placeholder,/job:localhost/replica:0/task:0/device:CPU:0,1.0,0.001
_arg_GDko9aQ2cZ_0_476,Placeholder,/job:localhost/replica:0/task:0/device:CPU:0,1.0,0.001
_arg_GWSvyDkVBI_0_482,Placeholder,/job:localhost/replica:0/task:0/device:CPU:0,1.0,0.001
_arg_EAPYi3HJIc_0_410,Placeholder,/job:localhost/replica:0/task:0/device:CPU:0,1.0,0.001
_arg_HO1veY86FI_0_505,Placeholder,/job:localhost/replica:0/task:0/device:CPU:0,1.0,0.001
_arg_HSoVEqupBP_0_509,Placeholder,/job:localhost/replica:0/task:0/device:CPU:0,1.0,0.001
_arg_HtMxGOATEc_0_521,Placeholder,/job:localhost/replica:0/task:0/device:CPU:0,1.0,0.001
_arg_I16JKW59ER_0_525,Placeholder,/job:localhost/replica:0/task:0/device:CPU:0,1.0,0.001
_arg_IQDdunSEOk_0_537,Placeholder,/job:localhost/replica:0/task:0/device:CPU:0,1.0,0.001
_arg_IdSf986nhi_0_545,Placeholder,/job:localhost/replica:0/task:0/device:CPU:0,1.0,0.001
_arg_Iiugp98yX7_0_549,Placeholder,/job:localhost/replica:0/task:0/device:CPU:0,1.0,0.001
_arg_IsR79VyQpA_0_553,Placeholder,/job:localhost/replica:0/task:0/device:CPU:0,1.0,0.001
_arg_JGg7YtV63R_0_565,Placeholder,/job:localhost/replica:0/task:0/device:CPU:0,1.0,0.001
_arg_GnEvth1DN3_0_491,Placeholder,/job:localhost/replica:0/task:0/device:CPU:0,1.0,0.001
_arg_Gtsg7o5jiD_0_495,Placeholder,/job:localhost/replica:0/task:0/device:CPU:0,1.0,0.001
_arg_ETRdg2Ww7F_0_418,Placeholder,/job:localhost/replica:0/task:0/device:CPU:0,1.0,0.001
_arg_I3SQqKfJbl_0_526,Placeholder,/job:localhost/replica:0/task:0/device:CPU:0,1.0,0.001
_arg_HWniBR7Mk4_0_513,Placeholder,/job:localhost/replica:0/task:0/device:CPU:0,1.0,0.001
_arg_HjTQ9mYFx5_0_517,Placeholder,/job:localhost/replica:0/task:0/device:CPU:0,1.0,0.001
_arg_ISr6WJeXhi_0_538,Placeholder,/job:localhost/replica:0/task:0/device:CPU:0,1.0,0.001
_arg_IWOvRSCywk_0_541,Placeholder,/job:localhost/replica:0/task:0/device:CPU:0,1.0,0.001
_arg_IeYngVSo80_0_546,Placeholder,/job:localhost/replica:0/task:0/device:CPU:0,1.0,0.001
_arg_IlJmg9rBfo_0_550,Placeholder,/job:localhost/replica:0/task:0/device:CPU:0,1.0,0.001
_arg_JQYAknOz2B_0_569,Placeholder,/job:localhost/replica:0/task:0/device:CPU:0,1.0,0.001
_arg_JYcebGDIdw_0_575,Placeholder,/job:localhost/replica:0/task:0/device:CPU:0,1.0,0.001
_arg_GPdMKJjzix_0_480,Placeholder,/job:localhost/replica:0/task:0/device:CPU:0,1.0,0.001
_arg_GYkS8VIjun_0_484,Placeholder,/job:localhost/replica:0/task:0/device:CPU:0,1.0,0.001
_arg_GfLXxtYH5D_0_487,Placeholder,/job:localhost/replica:0/task:0/device:CPU:0,1.0,0.001
_arg_GuA3c2JtbH_0_496,Placeholder,/job:localhost/replica:0/task:0/device:CPU:0,1.0,0.001
_arg_HEsxa6dICr_0_501,Placeholder,/job:localhost/replica:0/task:0/device:CPU:0,1.0,0.001
_arg_IUmgPA6TqH_0_539,Placeholder,/job:localhost/replica:0/task:0/device:CPU:0,1.0,0.001
_arg_IY8vZ4hRQm_0_542,Placeholder,/job:localhost/replica:0/task:0/device:CPU:0,1.0,0.001
_arg_ImtyCnfVkB_0_551,Placeholder,/job:localhost/replica:0/task:0/device:CPU:0,1.0,0.001
_arg_IvgQfjCSwd_0_555,Placeholder,/job:localhost/replica:0/task:0/device:CPU:0,1.0,0.001
_arg_JD3As0E6jw_0_562,Placeholder,/job:localhost/replica:0/task:0/device:CPU:0,1.0,0.001
_arg_JLiG9KVle8_0_567,Placeholder,/job:localhost/replica:0/task:0/device:CPU:0,1.0,0.001
_arg_JRhfF79kea_0_570,Placeholder,/job:localhost/replica:0/task:0/device:CPU:0,1.0,0.001
_arg_JWNpQGX24d_0_573,Placeholder,/job:localhost/replica:0/task:0/device:CPU:0,1.0,0.001
_arg_MGKBrORNnY_0_646,Placeholder,/job:localhost/replica:0/task:0/device:CPU:0,1.0,0.001
_arg_K4qowciDz2_0_583,Placeholder,/job:localhost/replica:0/task:0/device:CPU:0,1.0,0.001
_arg_K8PkGoaZlb_0_587,Placeholder,/job:localhost/replica:0/task:0/device:CPU:0,1.0,0.001
_arg_IAdV6FLhUH_0_530,Placeholder,/job:localhost/replica:0/task:0/device:CPU:0,1.0,0.001
_arg_IHaypNdo0x_0_534,Placeholder,/job:localhost/replica:0/task:0/device:CPU:0,1.0,0.001
_arg_Gt8kaLr7lm_0_493,Placeholder,/job:localhost/replica:0/task:0/device:CPU:0,1.0,0.001
_arg_GxLT1ci57s_0_497,Placeholder,/job:localhost/replica:0/task:0/device:CPU:0,1.0,0.001
_arg_Lc7Ywigoet_0_623,Placeholder,/job:localhost/replica:0/task:0/device:CPU:0,1.0,0.001
_arg_JFaZ4IidNn_0_563,Placeholder,/job:localhost/replica:0/task:0/device:CPU:0,1.0,0.001
_arg_M1vWufoBTV_0_638,Placeholder,/job:localhost/replica:0/task:0/device:CPU:0,1.0,0.001
_arg_MBlu3RvyVJ_0_642,Placeholder,/job:localhost/replica:0/task:0/device:CPU:0,1.0,0.001
_arg_JX3Fv8OphG_0_574,Placeholder,/job:localhost/replica:0/task:0/device:CPU:0,1.0,0.001
_arg_JvkPXZwO1F_0_581,Placeholder,/job:localhost/replica:0/task:0/device:CPU:0,1.0,0.001
_arg_K5CbEOIh3x_0_584,Placeholder,/job:localhost/replica:0/task:0/device:CPU:0,1.0,0.001
_arg_K8kEhlCDgp_0_588,Placeholder,/job:localhost/replica:0/task:0/device:CPU:0,1.0,0.001
_arg_KUV7mzAqhf_0_592,Placeholder,/job:localhost/replica:0/task:0/device:CPU:0,1.0,0.001
_arg_KYXBTnaH8b_0_595,Placeholder,/job:localhost/replica:0/task:0/device:CPU:0,1.0,0.001
_arg_Kgd65VRz8U_0_599,Placeholder,/job:localhost/replica:0/task:0/device:CPU:0,1.0,0.001
_arg_KsXdUMNFo0_0_603,Placeholder,/job:localhost/replica:0/task:0/device:CPU:0,1.0,0.001
_arg_LROgXkteq3_0_615,Placeholder,/job:localhost/replica:0/task:0/device:CPU:0,1.0,0.001
_arg_IaUE8b5tD6_0_543,Placeholder,/job:localhost/replica:0/task:0/device:CPU:0,1.0,0.001
_arg_GSx3B0dQyY_0_481,Placeholder,/job:localhost/replica:0/task:0/device:CPU:0,1.0,0.001
_arg_GZice3oxsM_0_485,Placeholder,/job:localhost/replica:0/task:0/device:CPU:0,1.0,0.001
_arg_LpyZ4xsCHu_0_634,Placeholder,/job:localhost/replica:0/task:0/device:CPU:0,1.0,0.001
_arg_M3pbQFoXg9_0_639,Placeholder,/job:localhost/replica:0/task:0/device:CPU:0,1.0,0.001
_arg_MJPof12Ydb_0_647,Placeholder,/job:localhost/replica:0/task:0/device:CPU:0,1.0,0.001
_arg_MN5PecQfH2_0_650,Placeholder,/job:localhost/replica:0/task:0/device:CPU:0,1.0,0.001
_arg_JdVDnMKp06_0_577,Placeholder,/job:localhost/replica:0/task:0/device:CPU:0,1.0,0.001
_arg_Jx89XTAHdN_0_582,Placeholder,/job:localhost/replica:0/task:0/device:CPU:0,1.0,0.001
_arg_K7Y1yQ9gZ4_0_585,Placeholder,/job:localhost/replica:0/task:0/device:CPU:0,1.0,0.001
_arg_KN8unhbzeL_0_589,Placeholder,/job:localhost/replica:0/task:0/device:CPU:0,1.0,0.001
_arg_KXCOQfolG4_0_593,Placeholder,/job:localhost/replica:0/task:0/device:CPU:0,1.0,0.001
_arg_Kaz6hCITG0_0_596,Placeholder,/job:localhost/replica:0/task:0/device:CPU:0,1.0,0.001
_arg_LCQTDPiy60_0_607,Placeholder,/job:localhost/replica:0/task:0/device:CPU:0,1.0,0.001
_arg_LS7kDb1xIc_0_616,Placeholder,/job:localhost/replica:0/task:0/device:CPU:0,1.0,0.001
_arg_LXa29HM7mO_0_619,Placeholder,/job:localhost/replica:0/task:0/device:CPU:0,1.0,0.001
_arg_LeiEQAVwNh_0_624,Placeholder,/job:localhost/replica:0/task:0/device:CPU:0,1.0,0.001
_arg_LkqdgrtMiA_0_628,Placeholder,/job:localhost/replica:0/task:0/device:CPU:0,1.0,0.001
_arg_LoUtxG3Cvf_0_631,Placeholder,/job:localhost/replica:0/task:0/device:CPU:0,1.0,0.001
_arg_LqXm4wcMoT_0_635,Placeholder,/job:localhost/replica:0/task:0/device:CPU:0,1.0,0.001
_arg_MDbgX9hZ4L_0_644,Placeholder,/job:localhost/replica:0/task:0/device:CPU:0,1.0,0.001
_arg_MNFyJIq3L1_0_651,Placeholder,/job:localhost/replica:0/task:0/device:CPU:0,1.0,0.001
_arg_Jg8fFUWuxn_0_578,Placeholder,/job:localhost/replica:0/task:0/device:CPU:0,1.0,0.001
_arg_MasvdPCUpZ_0_662,Placeholder,/job:localhost/replica:0/task:0/device:CPU:0,1.0,0.001
_arg_KNby8f32LW_0_590,Placeholder,/job:localhost/replica:0/task:0/device:CPU:0,1.0,0.001
_arg_KYEIvFfmGo_0_594,Placeholder,/job:localhost/replica:0/task:0/device:CPU:0,1.0,0.001
_arg_KdBIrNchS2_0_597,Placeholder,/job:localhost/replica:0/task:0/device:CPU:0,1.0,0.001
_arg_KjtYgsklMV_0_601,Placeholder,/job:localhost/replica:0/task:0/device:CPU:0,1.0,0.001
_arg_Kw0Irx465P_0_604,Placeholder,/job:localhost/replica:0/task:0/device:CPU:0,1.0,0.001
_arg_LF4QcXirIN_0_608,Placeholder,/job:localhost/replica:0/task:0/device:CPU:0,1.0,0.001
_arg_LMwGtjdXzJ_0_612,Placeholder,/job:localhost/replica:0/task:0/device:CPU:0,1.0,0.001
_arg_LUsl4BD1fr_0_617,Placeholder,/job:localhost/replica:0/task:0/device:CPU:0,1.0,0.001
_arg_LYR8qWb5sN_0_620,Placeholder,/job:localhost/replica:0/task:0/device:CPU:0,1.0,0.001
_arg_LeyxHg2s95_0_625,Placeholder,/job:localhost/replica:0/task:0/device:CPU:0,1.0,0.001
_arg_LlUKYR3auB_0_629,Placeholder,/job:localhost/replica:0/task:0/device:CPU:0,1.0,0.001
_arg_LoWQgUivM8_0_632,Placeholder,/job:localhost/replica:0/task:0/device:CPU:0,1.0,0.001
_arg_Lw6ciRUX4Y_0_636,Placeholder,/job:localhost/replica:0/task:0/device:CPU:0,1.0,0.001
_arg_MArOuFpnke_0_641,Placeholder,/job:localhost/replica:0/task:0/device:CPU:0,1.0,0.001
_arg_MDnRoyukJl_0_645,Placeholder,/job:localhost/replica:0/task:0/device:CPU:0,1.0,0.001
_arg_MLtk5hRi29_0_649,Placeholder,/job:localhost/replica:0/task:0/device:CPU:0,1.0,0.001
_arg_MNQUIPudhx_0_652,Placeholder,/job:localhost/replica:0/task:0/device:CPU:0,1.0,0.001
_arg_MUFzi0aVhf_0_655,Placeholder,/job:localhost/replica:0/task:0/device:CPU:0,1.0,0.001
_arg_MplyY4VsaN_0_670,Placeholder,/job:localhost/replica:0/task:0/device:CPU:0,1.0,0.001
_arg_NCTS9s5Fqp_0_678,Placeholder,/job:localhost/replica:0/task:0/device:CPU:0,1.0,0.001
_arg_NHCDkMEFvK_0_682,Placeholder,/job:localhost/replica:0/task:0/device:CPU:0,1.0,0.001
_arg_LXQatZq76A_0_618,Placeholder,/job:localhost/replica:0/task:0/device:CPU:0,1.0,0.001
_arg_LacBM7jYQf_0_621,Placeholder,/job:localhost/replica:0/task:0/device:CPU:0,1.0,0.001
_arg_LmokuAcIz8_0_630,Placeholder,/job:localhost/replica:0/task:0/device:CPU:0,1.0,0.001
_arg_Lxt0S8WzJN_0_637,Placeholder,/job:localhost/replica:0/task:0/device:CPU:0,1.0,0.001
_arg_OM3isU1Vyr_0_725,Placeholder,/job:localhost/replica:0/task:0/device:CPU:0,1.0,0.001
_arg_OeDKCFm4dX_0_733,Placeholder,/job:localhost/replica:0/task:0/device:CPU:0,1.0,0.001
_arg_MRXQz2eyiP_0_653,Placeholder,/job:localhost/replica:0/task:0/device:CPU:0,1.0,0.001
_arg_MWtesvgla0_0_659,Placeholder,/job:localhost/replica:0/task:0/device:CPU:0,1.0,0.001
_arg_Me2jqpDXzw_0_664,Placeholder,/job:localhost/replica:0/task:0/device:CPU:0,1.0,0.001
_arg_MkntNgIdSo_0_667,Placeholder,/job:localhost/replica:0/task:0/device:CPU:0,1.0,0.001
_arg_MtKayEVOxT_0_671,Placeholder,/job:localhost/replica:0/task:0/device:CPU:0,1.0,0.001
_arg_N9ZyLHvQTw_0_675,Placeholder,/job:localhost/replica:0/task:0/device:CPU:0,1.0,0.001
_arg_NI1aKgR3Ao_0_685,Placeholder,/job:localhost/replica:0/task:0/device:CPU:0,1.0,0.001
_arg_NMDJ3fmxva_0_689,Placeholder,/job:localhost/replica:0/task:0/device:CPU:0,1.0,0.001
_arg_L8V6h0dXfv_0_606,Placeholder,/job:localhost/replica:0/task:0/device:CPU:0,1.0,0.001
_arg_LIgHcGo5mw_0_610,Placeholder,/job:localhost/replica:0/task:0/device:CPU:0,1.0,0.001
_arg_LPXHC5migz_0_614,Placeholder,/job:localhost/replica:0/task:0/device:CPU:0,1.0,0.001
_arg_NwZ1XM524H_0_705,Placeholder,/job:localhost/replica:0/task:0/device:CPU:0,1.0,0.001
_arg_Lb4tHWhaQx_0_622,Placeholder,/job:localhost/replica:0/task:0/device:CPU:0,1.0,0.001
_arg_O6Y5Gsx2pZ_0_713,Placeholder,/job:localhost/replica:0/task:0/device:CPU:0,1.0,0.001
_arg_ON1692mE3B_0_726,Placeholder,/job:localhost/replica:0/task:0/device:CPU:0,1.0,0.001
_arg_OnyPqBWkrw_0_734,Placeholder,/job:localhost/replica:0/task:0/device:CPU:0,1.0,0.001
_arg_OvMoncP72S_0_737,Placeholder,/job:localhost/replica:0/task:0/device:CPU:0,1.0,0.001
_arg_P0ZGjg5DFN_0_741,Placeholder,/job:localhost/replica:0/task:0/device:CPU:0,1.0,0.001
_arg_MV8Lq2zPf6_0_657,Placeholder,/job:localhost/replica:0/task:0/device:CPU:0,1.0,0.001
_arg_MXAiJO3dsV_0_660,Placeholder,/job:localhost/replica:0/task:0/device:CPU:0,1.0,0.001
_arg_Mesm3PYy1E_0_665,Placeholder,/job:localhost/replica:0/task:0/device:CPU:0,1.0,0.001
_arg_Ml9JFxWTPB_0_668,Placeholder,/job:localhost/replica:0/task:0/device:CPU:0,1.0,0.001
_arg_MvRlY62une_0_672,Placeholder,/job:localhost/replica:0/task:0/device:CPU:0,1.0,0.001
_arg_N9nprabU6t_0_676,Placeholder,/job:localhost/replica:0/task:0/device:CPU:0,1.0,0.001
_arg_NFQJftYTHM_0_680,Placeholder,/job:localhost/replica:0/task:0/device:CPU:0,1.0,0.001
_arg_NHUElynCSY_0_684,Placeholder,/job:localhost/replica:0/task:0/device:CPU:0,1.0,0.001
_arg_NIEiupTb3l_0_686,Placeholder,/job:localhost/replica:0/task:0/device:CPU:0,1.0,0.001
_arg_Na9YEqB2mW_0_697,Placeholder,/job:localhost/replica:0/task:0/device:CPU:0,1.0,0.001
_arg_NwpBG1e5UJ_0_706,Placeholder,/job:localhost/replica:0/task:0/device:CPU:0,1.0,0.001
_arg_O1uUQdLalE_0_709,Placeholder,/job:localhost/replica:0/task:0/device:CPU:0,1.0,0.001
_arg_OF4nWEBmVQ_0_718,Placeholder,/job:localhost/replica:0/task:0/device:CPU:0,1.0,0.001
_arg_OIy980vcNJ_0_722,Placeholder,/job:localhost/replica:0/task:0/device:CPU:0,1.0,0.001
_arg_OoqM7vVibe_0_735,Placeholder,/job:localhost/replica:0/task:0/device:CPU:0,1.0,0.001
_arg_P62A93I0qb_0_742,Placeholder,/job:localhost/replica:0/task:0/device:CPU:0,1.0,0.001
_arg_PC2n8zA4xf_0_745,Placeholder,/job:localhost/replica:0/task:0/device:CPU:0,1.0,0.001
_arg_PDfgUBKVj4_0_748,Placeholder,/job:localhost/replica:0/task:0/device:CPU:0,1.0,0.001
_arg_PIeEpOjAW2_0_752,Placeholder,/job:localhost/replica:0/task:0/device:CPU:0,1.0,0.001
_arg_NBJYvS26rL_0_677,Placeholder,/job:localhost/replica:0/task:0/device:CPU:0,1.0,0.001
_arg_NFkY4vJVmy_0_681,Placeholder,/job:localhost/replica:0/task:0/device:CPU:0,1.0,0.001
_arg_QAlf3mpVwF_0_776,Placeholder,/job:localhost/replica:0/task:0/device:CPU:0,1.0,0.001
_arg_NJkX4OKpHZ_0_687,Placeholder,/job:localhost/replica:0/task:0/device:CPU:0,1.0,0.001
_arg_NX5B9he2kg_0_694,Placeholder,/job:localhost/replica:0/task:0/device:CPU:0,1.0,0.001
_arg_NaR6PVsCLw_0_698,Placeholder,/job:localhost/replica:0/task:0/device:CPU:0,1.0,0.001
_arg_NkRdnLEfo0_0_702,Placeholder,/job:localhost/replica:0/task:0/device:CPU:0,1.0,0.001
_arg_NxpMdCtn1e_0_707,Placeholder,/job:localhost/replica:0/task:0/device:CPU:0,1.0,0.001
_arg_O2VTvm7adP_0_710,Placeholder,/job:localhost/replica:0/task:0/device:CPU:0,1.0,0.001
_arg_O8QIRZqG6X_0_715,Placeholder,/job:localhost/replica:0/task:0/device:CPU:0,1.0,0.001
_arg_OFv7ErqsxV_0_719,Placeholder,/job:localhost/replica:0/task:0/device:CPU:0,1.0,0.001
_arg_OTYGCQvw1i_0_728,Placeholder,/job:localhost/replica:0/task:0/device:CPU:0,1.0,0.001
_arg_OYa1MA346K_0_732,Placeholder,/job:localhost/replica:0/task:0/device:CPU:0,1.0,0.001
_arg_OrxFACUWyc_0_736,Placeholder,/job:localhost/replica:0/task:0/device:CPU:0,1.0,0.001
_arg_P7X5uJezCF_0_743,Placeholder,/job:localhost/replica:0/task:0/device:CPU:0,1.0,0.001
_arg_PCNgbA4snF_0_746,Placeholder,/job:localhost/replica:0/task:0/device:CPU:0,1.0,0.001
_arg_PORanV6LYr_0_753,Placeholder,/job:localhost/replica:0/task:0/device:CPU:0,1.0,0.001
_arg_MaWuE9OF5n_0_661,Placeholder,/job:localhost/replica:0/task:0/device:CPU:0,1.0,0.001
_arg_PiyS7cUkhl_0_760,Placeholder,/job:localhost/replica:0/task:0/device:CPU:0,1.0,0.001
_arg_PobTLsY1Qt_0_764,Placeholder,/job:localhost/replica:0/task:0/device:CPU:0,1.0,0.001
_arg_PtMqnhixN0_0_768,Placeholder,/job:localhost/replica:0/task:0/device:CPU:0,1.0,0.001
_arg_Q6j7SBLras_0_772,Placeholder,/job:localhost/replica:0/task:0/device:CPU:0,1.0,0.001
_arg_QHrsaZN6jW_0_780,Placeholder,/job:localhost/replica:0/task:0/device:CPU:0,1.0,0.001
_arg_NLJCTPUgo7_0_688,Placeholder,/job:localhost/replica:0/task:0/device:CPU:0,1.0,0.001
_arg_NRaZo6hqUJ_0_691,Placeholder,/job:localhost/replica:0/task:0/device:CPU:0,1.0,0.001
_arg_NY5lm7uhJV_0_695,Placeholder,/job:localhost/replica:0/task:0/device:CPU:0,1.0,0.001
_arg_NbW6rl2Y1L_0_699,Placeholder,/job:localhost/replica:0/task:0/device:CPU:0,1.0,0.001
_arg_NnKzUElxAj_0_703,Placeholder,/job:localhost/replica:0/task:0/device:CPU:0,1.0,0.001
_arg_O8RsKlbhnX_0_716,Placeholder,/job:localhost/replica:0/task:0/device:CPU:0,1.0,0.001
_arg_OGQhTZglWi_0_720,Placeholder,/job:localhost/replica:0/task:0/device:CPU:0,1.0,0.001
_arg_RkOGjQs2D1_0_823,Placeholder,/job:localhost/replica:0/task:0/device:CPU:0,1.0,0.001
_arg_P0MpEw3xbm_0_740,Placeholder,/job:localhost/replica:0/task:0/device:CPU:0,1.0,0.001
_arg_PAYQ7FtTKo_0_744,Placeholder,/job:localhost/replica:0/task:0/device:CPU:0,1.0,0.001
_arg_PCRlqjIzu7_0_747,Placeholder,/job:localhost/replica:0/task:0/device:CPU:0,1.0,0.001
_arg_PQorv8GHOK_0_754,Placeholder,/job:localhost/replica:0/task:0/device:CPU:0,1.0,0.001
_arg_PdXFYTifmu_0_757,Placeholder,/job:localhost/replica:0/task:0/device:CPU:0,1.0,0.001
_arg_Pki0g1obGs_0_761,Placeholder,/job:localhost/replica:0/task:0/device:CPU:0,1.0,0.001
_arg_PpyOnS6hjG_0_765,Placeholder,/job:localhost/replica:0/task:0/device:CPU:0,1.0,0.001
_arg_PtVANgnz1E_0_769,Placeholder,/job:localhost/replica:0/task:0/device:CPU:0,1.0,0.001
_arg_Q6oes2CJ3K_0_773,Placeholder,/job:localhost/replica:0/task:0/device:CPU:0,1.0,0.001
_arg_QBl1ADkVUu_0_778,Placeholder,/job:localhost/replica:0/task:0/device:CPU:0,1.0,0.001
_arg_QfMTkrv7PX_0_784,Placeholder,/job:localhost/replica:0/task:0/device:CPU:0,1.0,0.001
_arg_QnoOa42kIh_0_788,Placeholder,/job:localhost/replica:0/task:0/device:CPU:0,1.0,0.001
_arg_NVX8sbDkEQ_0_692,Placeholder,/job:localhost/replica:0/task:0/device:CPU:0,1.0,0.001
_arg_NYyn4hgk2G_0_696,Placeholder,/job:localhost/replica:0/task:0/device:CPU:0,1.0,0.001
_arg_RbOKD0Atr1_0_815,Placeholder,/job:localhost/replica:0/task:0/device:CPU:0,1.0,0.001
_arg_RevoZjSAD0_0_819,Placeholder,/job:localhost/replica:0/task:0/device:CPU:0,1.0,0.001
_arg_RkuXNfEFlg_0_824,Placeholder,/job:localhost/replica:0/task:0/device:CPU:0,1.0,0.001
_arg_S37X6Kw45N_0_828,Placeholder,/job:localhost/replica:0/task:0/device:CPU:0,1.0,0.001
_arg_SHVzh6CWFs_0_832,Placeholder,/job:localhost/replica:0/task:0/device:CPU:0,1.0,0.001
_arg_SM2dZUl5aQ_0_835,Placeholder,/job:localhost/replica:0/task:0/device:CPU:0,1.0,0.001
_arg_SQBVg8zZ2l_0_839,Placeholder,/job:localhost/replica:0/task:0/device:CPU:0,1.0,0.001
_arg_STwy7L46Ee_0_843,Placeholder,/job:localhost/replica:0/task:0/device:CPU:0,1.0,0.001
_arg_SYiZD6aT9p_0_847,Placeholder,/job:localhost/replica:0/task:0/device:CPU:0,1.0,0.001
_arg_PGNlObFkSV_0_751,Placeholder,/job:localhost/replica:0/task:0/device:CPU:0,1.0,0.001
_arg_PT1mOJajA7_0_755,Placeholder,/job:localhost/replica:0/task:0/device:CPU:0,1.0,0.001
_arg_PeNU9YJrF8_0_758,Placeholder,/job:localhost/replica:0/task:0/device:CPU:0,1.0,0.001
_arg_PlAL43TBU1_0_762,Placeholder,/job:localhost/replica:0/task:0/device:CPU:0,1.0,0.001
_arg_PrBCFEpneA_0_766,Placeholder,/job:localhost/replica:0/task:0/device:CPU:0,1.0,0.001
_arg_THVhNWbUes_0_870,Placeholder,/job:localhost/replica:0/task:0/device:CPU:0,1.0,0.001
_arg_TdRsPOchnr_0_874,Placeholder,/job:localhost/replica:0/task:0/device:CPU:0,1.0,0.001
_arg_TqHGunmpJ2_0_878,Placeholder,/job:localhost/replica:0/task:0/device:CPU:0,1.0,0.001
_arg_QSLX1cZOwx_0_782,Placeholder,/job:localhost/replica:0/task:0/device:CPU:0,1.0,0.001
_arg_Qg9W5l1Nnx_0_785,Placeholder,/job:localhost/replica:0/task:0/device:CPU:0,1.0,0.001
_arg_Qp8HUKEguM_0_789,Placeholder,/job:localhost/replica:0/task:0/device:CPU:0,1.0,0.001
_arg_QumLqCW71p_0_792,Placeholder,/job:localhost/replica:0/task:0/device:CPU:0,1.0,0.001
_arg_R2wSFgkJON_0_795,Placeholder,/job:localhost/replica:0/task:0/device:CPU:0,1.0,0.001
_arg_RFlSPpcyC9_0_803,Placeholder,/job:localhost/replica:0/task:0/device:CPU:0,1.0,0.001
_arg_ROaGJiDpr8_0_808,Placeholder,/job:localhost/replica:0/task:0/device:CPU:0,1.0,0.001
_arg_RSlK0uf7Z9_0_811,Placeholder,/job:localhost/replica:0/task:0/device:CPU:0,1.0,0.001
_arg_ReMUAgSLdI_0_816,Placeholder,/job:localhost/replica:0/task:0/device:CPU:0,1.0,0.001
_arg_RfoKCBj93t_0_820,Placeholder,/job:localhost/replica:0/task:0/device:CPU:0,1.0,0.001
_arg_RlVrkoKhM7_0_825,Placeholder,/job:localhost/replica:0/task:0/device:CPU:0,1.0,0.001
_arg_SKYX2dmc4H_0_833,Placeholder,/job:localhost/replica:0/task:0/device:CPU:0,1.0,0.001
_arg_SMGajANEYb_0_836,Placeholder,/job:localhost/replica:0/task:0/device:CPU:0,1.0,0.001
_arg_SQBv9eX8ns_0_840,Placeholder,/job:localhost/replica:0/task:0/device:CPU:0,1.0,0.001
_arg_SWeA0bBsT9_0_844,Placeholder,/job:localhost/replica:0/task:0/device:CPU:0,1.0,0.001
_arg_SaPut3Mvio_0_848,Placeholder,/job:localhost/replica:0/task:0/device:CPU:0,1.0,0.001
_arg_SfxuQe5OFW_0_851,Placeholder,/job:localhost/replica:0/task:0/device:CPU:0,1.0,0.001
_arg_PiOdRtQzMS_0_759,Placeholder,/job:localhost/replica:0/task:0/device:CPU:0,1.0,0.001
_arg_Plwesh2d3q_0_763,Placeholder,/job:localhost/replica:0/task:0/device:CPU:0,1.0,0.001
_arg_TNa36DGc7j_0_871,Placeholder,/job:localhost/replica:0/task:0/device:CPU:0,1.0,0.001
_arg_TeLIaUdANC_0_875,Placeholder,/job:localhost/replica:0/task:0/device:CPU:0,1.0,0.001
_arg_TqykIoJSW8_0_879,Placeholder,/job:localhost/replica:0/task:0/device:CPU:0,1.0,0.001
_arg_Tx6jIRFs03_0_882,Placeholder,/job:localhost/replica:0/task:0/device:CPU:0,1.0,0.001
_arg_U8BVhf6R1N_0_886,Placeholder,/job:localhost/replica:0/task:0/device:CPU:0,1.0,0.001
_arg_QhH8UI971p_0_786,Placeholder,/job:localhost/replica:0/task:0/device:CPU:0,1.0,0.001
_arg_UYdrALZau3_0_894,Placeholder,/job:localhost/replica:0/task:0/device:CPU:0,1.0,0.001
_arg_QyMWaHJ63x_0_793,Placeholder,/job:localhost/replica:0/task:0/device:CPU:0,1.0,0.001
_arg_R3Shlnqiya_0_796,Placeholder,/job:localhost/replica:0/task:0/device:CPU:0,1.0,0.001
_arg_RP1bIwH9tq_0_809,Placeholder,/job:localhost/replica:0/task:0/device:CPU:0,1.0,0.001
_arg_RUjIef4LqH_0_812,Placeholder,/job:localhost/replica:0/task:0/device:CPU:0,1.0,0.001
_arg_Rh7YFuzxeG_0_821,Placeholder,/job:localhost/replica:0/task:0/device:CPU:0,1.0,0.001
_arg_SKp0biyG7l_0_834,Placeholder,/job:localhost/replica:0/task:0/device:CPU:0,1.0,0.001
_arg_SNGBTlM06Y_0_837,Placeholder,/job:localhost/replica:0/task:0/device:CPU:0,1.0,0.001
_arg_SbX9vMcoWr_0_849,Placeholder,/job:localhost/replica:0/task:0/device:CPU:0,1.0,0.001
_arg_Sheb609Clw_0_852,Placeholder,/job:localhost/replica:0/task:0/device:CPU:0,1.0,0.001
_arg_T0ixIA4r39_0_859,Placeholder,/job:localhost/replica:0/task:0/device:CPU:0,1.0,0.001
_arg_T4uEBZYmaC_0_862,Placeholder,/job:localhost/replica:0/task:0/device:CPU:0,1.0,0.001
_arg_TAzHYlgL4Q_0_866,Placeholder,/job:localhost/replica:0/task:0/device:CPU:0,1.0,0.001
_arg_Thb9wC8sUu_0_876,Placeholder,/job:localhost/replica:0/task:0/device:CPU:0,1.0,0.001
_arg_TsDwnW2k6A_0_880,Placeholder,/job:localhost/replica:0/task:0/device:CPU:0,1.0,0.001
_arg_U0KaEfzuDb_0_883,Placeholder,/job:localhost/replica:0/task:0/device:CPU:0,1.0,0.001
_arg_UHWh4Ijq5g_0_887,Placeholder,/job:localhost/replica:0/task:0/device:CPU:0,1.0,0.001
_arg_UOiP3yLnHk_0_890,Placeholder,/job:localhost/replica:0/task:0/device:CPU:0,1.0,0.001
_arg_UeSI3H45mn_0_895,Placeholder,/job:localhost/replica:0/task:0/device:CPU:0,1.0,0.001
_arg_Un12IbtMAg_0_898,Placeholder,/job:localhost/replica:0/task:0/device:CPU:0,1.0,0.001
_arg_UuQJw2tng6_0_902,Placeholder,/job:localhost/replica:0/task:0/device:CPU:0,1.0,0.001
_arg_YDMhotLsva_0_992,Placeholder,/job:localhost/replica:0/task:0/device:CPU:0,1.0,0.001
_arg_YPltCSJMxI_0_996,Placeholder,/job:localhost/replica:0/task:0/device:CPU:0,1.0,0.001
_arg_YRj5U9GBNS_0_1000,Placeholder,/job:localhost/replica:0/task:0/device:CPU:0,1.0,0.001
_arg_YaXFrjknvG_0_1004,Placeholder,/job:localhost/replica:0/task:0/device:CPU:0,1.0,0.001
_arg_RenA8KXMQ6_0_818,Placeholder,/job:localhost/replica:0/task:0/device:CPU:0,1.0,0.001
_arg_RhjIcWnl0y_0_822,Placeholder,/job:localhost/replica:0/task:0/device:CPU:0,1.0,0.001
_arg_Z3JGEyWwrF_0_1019,Placeholder,/job:localhost/replica:0/task:0/device:CPU:0,1.0,0.001
_arg_SNQJpcOfZ1_0_838,Placeholder,/job:localhost/replica:0/task:0/device:CPU:0,1.0,0.001
_arg_SRKAFMQYLk_0_842,Placeholder,/job:localhost/replica:0/task:0/device:CPU:0,1.0,0.001
_arg_SY1lfH25mg_0_846,Placeholder,/job:localhost/replica:0/task:0/device:CPU:0,1.0,0.001
_arg_Sn5rLP27Ej_0_853,Placeholder,/job:localhost/replica:0/task:0/device:CPU:0,1.0,0.001
_arg_SwQqA08mKh_0_857,Placeholder,/job:localhost/replica:0/task:0/device:CPU:0,1.0,0.001
_arg_T2J3GIUCOc_0_860,Placeholder,/job:localhost/replica:0/task:0/device:CPU:0,1.0,0.001
_arg_T5Qpr6eabc_0_863,Placeholder,/job:localhost/replica:0/task:0/device:CPU:0,1.0,0.001
_arg_TXpWsxO6ca_0_873,Placeholder,/job:localhost/replica:0/task:0/device:CPU:0,1.0,0.001
_arg_TjGsvfS6L0_0_877,Placeholder,/job:localhost/replica:0/task:0/device:CPU:0,1.0,0.001
_arg_Tup2h6zlH5_0_881,Placeholder,/job:localhost/replica:0/task:0/device:CPU:0,1.0,0.001
_arg_U0bFvZm6WE_0_884,Placeholder,/job:localhost/replica:0/task:0/device:CPU:0,1.0,0.001
_arg_X5aLBVIQFg_0_968,Placeholder,/job:localhost/replica:0/task:0/device:CPU:0,1.0,0.001
_arg_XK1krzSWvJ_0_972,Placeholder,/job:localhost/replica:0/task:0/device:CPU:0,1.0,0.001
_arg_XZGOHflQkx_0_980,Placeholder,/job:localhost/replica:0/task:0/device:CPU:0,1.0,0.001
_arg_XwqsBFy8Db_0_984,Placeholder,/job:localhost/replica:0/task:0/device:CPU:0,1.0,0.001
_arg_Y3gQZoBkvF_0_989,Placeholder,/job:localhost/replica:0/task:0/device:CPU:0,1.0,0.001
_arg_YGDnWadu3o_0_993,Placeholder,/job:localhost/replica:0/task:0/device:CPU:0,1.0,0.001
_arg_YQIkBjCso4_0_997,Placeholder,/job:localhost/replica:0/task:0/device:CPU:0,1.0,0.001
_arg_YUcsNgDBR1_0_1001,Placeholder,/job:localhost/replica:0/task:0/device:CPU:0,1.0,0.001
_arg_YomaQHMLAb_0_1012,Placeholder,/job:localhost/replica:0/task:0/device:CPU:0,1.0,0.001
_arg_Z0mxnhwOfV_0_1017,Placeholder,/job:localhost/replica:0/task:0/device:CPU:0,1.0,0.001
_arg_ZAdO26t9Mv_0_1024,Placeholder,/job:localhost/replica:0/task:0/device:CPU:0,1.0,0.001
_arg_Sn80deWqx3_0_854,Placeholder,/job:localhost/replica:0/task:0/device:CPU:0,1.0,0.001
_arg_ZHdmRzAWQl_0_1031,Placeholder,/job:localhost/replica:0/task:0/device:CPU:0,1.0,0.001
_arg_T76yAGvWfb_0_864,Placeholder,/job:localhost/replica:0/task:0/device:CPU:0,1.0,0.001
_arg_TCKxpY6y5I_0_868,Placeholder,/job:localhost/replica:0/task:0/device:CPU:0,1.0,0.001
_arg_VOS90aQ863_0_913,Placeholder,/job:localhost/replica:0/task:0/device:CPU:0,1.0,0.001
_arg_VgMGZlm9va_0_921,Placeholder,/job:localhost/replica:0/task:0/device:CPU:0,1.0,0.001
_arg_U6VRYPZavl_0_885,Placeholder,/job:localhost/replica:0/task:0/device:CPU:0,1.0,0.001
_arg_UOKVF5rqA7_0_889,Placeholder,/job:localhost/replica:0/task:0/device:CPU:0,1.0,0.001
_arg_UlxzXe3iYR_0_897,Placeholder,/job:localhost/replica:0/task:0/device:CPU:0,1.0,0.001
_arg_Uoltxk8wmc_0_900,Placeholder,/job:localhost/replica:0/task:0/device:CPU:0,1.0,0.001
_arg_WR38b2NqlI_0_945,Placeholder,/job:localhost/replica:0/task:0/device:CPU:0,1.0,0.001
_arg_WXcMyiS1Ga_0_949,Placeholder,/job:localhost/replica:0/task:0/device:CPU:0,1.0,0.001
_arg_Wr4QcNHAKy_0_953,Placeholder,/job:localhost/replica:0/task:0/device:CPU:0,1.0,0.001
_arg_Ww0Ly7FfiV_0_960,Placeholder,/job:localhost/replica:0/task:0/device:CPU:0,1.0,0.001
_arg_XMW8YGeTAp_0_973,Placeholder,/job:localhost/replica:0/task:0/device:CPU:0,1.0,0.001
_arg_XRPZlQJBGU_0_977,Placeholder,/job:localhost/replica:0/task:0/device:CPU:0,1.0,0.001
_arg_XcZpseLbaA_0_981,Placeholder,/job:localhost/replica:0/task:0/device:CPU:0,1.0,0.001
_arg_Y9bSeuPOal_0_990,Placeholder,/job:localhost/replica:0/task:0/device:CPU:0,1.0,0.001
_arg_YkjBwSPbFd_0_1010,Placeholder,/job:localhost/replica:0/task:0/device:CPU:0,1.0,0.001
_arg_Z20Ncil8kT_0_1018,Placeholder,/job:localhost/replica:0/task:0/device:CPU:0,1.0,0.001
_arg_Z5VnAG8txN_0_1021,Placeholder,/job:localhost/replica:0/task:0/device:CPU:0,1.0,0.001
_arg_TDvJgWySel_0_869,Placeholder,/job:localhost/replica:0/task:0/device:CPU:0,1.0,0.001
_arg_ZJp0cEIRXj_0_1032,Placeholder,/job:localhost/replica:0/task:0/device:CPU:0,1.0,0.001
_arg_ZPyes5GpMl_0_1035,Placeholder,/job:localhost/replica:0/task:0/device:CPU:0,1.0,0.001
_arg_UxF2sNcBCw_0_903,Placeholder,/job:localhost/replica:0/task:0/device:CPU:0,1.0,0.001
_arg_V04hmaJMAY_0_905,Placeholder,/job:localhost/replica:0/task:0/device:CPU:0,1.0,0.001
_arg_VDE4IWRP27_0_909,Placeholder,/job:localhost/replica:0/task:0/device:CPU:0,1.0,0.001
_arg_UXS4vChQrJ_0_893,Placeholder,/job:localhost/replica:0/task:0/device:CPU:0,1.0,0.001
_arg_Vjzs0BLw38_0_925,Placeholder,/job:localhost/replica:0/task:0/device:CPU:0,1.0,0.001
_arg_W0JtcbIFyR_0_929,Placeholder,/job:localhost/replica:0/task:0/device:CPU:0,1.0,0.001
_arg_WDycGeJpoA_0_937,Placeholder,/job:localhost/replica:0/task:0/device:CPU:0,1.0,0.001
_arg_WR5L8AOGNS_0_946,Placeholder,/job:localhost/replica:0/task:0/device:CPU:0,1.0,0.001
_arg_WckITdR84p_0_950,Placeholder,/job:localhost/replica:0/task:0/device:CPU:0,1.0,0.001
_arg_Ws2JLOinMg_0_954,Placeholder,/job:localhost/replica:0/task:0/device:CPU:0,1.0,0.001
_arg_WuoTd4qfDm_0_957,Placeholder,/job:localhost/replica:0/task:0/device:CPU:0,1.0,0.001
_arg_X32whbfpni_0_966,Placeholder,/job:localhost/replica:0/task:0/device:CPU:0,1.0,0.001
_arg_XGPeKtmQ89_0_970,Placeholder,/job:localhost/replica:0/task:0/device:CPU:0,1.0,0.001
_arg_XO6fhP2ozD_0_974,Placeholder,/job:localhost/replica:0/task:0/device:CPU:0,1.0,0.001
_arg_XTGeSQoFRu_0_978,Placeholder,/job:localhost/replica:0/task:0/device:CPU:0,1.0,0.001
_arg_XmfSGzW1ek_0_982,Placeholder,/job:localhost/replica:0/task:0/device:CPU:0,1.0,0.001
_arg_XzZFhvBwp6_0_986,Placeholder,/job:localhost/replica:0/task:0/device:CPU:0,1.0,0.001
_arg_YBKIPJd2yS_0_991,Placeholder,/job:localhost/replica:0/task:0/device:CPU:0,1.0,0.001
_arg_YNXxUWVml5_0_995,Placeholder,/job:localhost/replica:0/task:0/device:CPU:0,1.0,0.001
_arg_YRQMiy8NbT_0_999,Placeholder,/job:localhost/replica:0/task:0/device:CPU:0,1.0,0.001
_arg_YgHtqcj6iS_0_1007,Placeholder,/job:localhost/replica:0/task:0/device:CPU:0,1.0,0.001
_arg_YtTmy30vdr_0_1014,Placeholder,/job:localhost/replica:0/task:0/device:CPU:0,1.0,0.001
_arg_eBgZY6Hmhf_0_1153,Placeholder,/job:localhost/replica:0/task:0/device:CPU:0,1.0,0.001
_arg_Z5tg1cPvVF_0_1022,Placeholder,/job:localhost/replica:0/task:0/device:CPU:0,1.0,0.001
_arg_ZCJQ9ac2qM_0_1027,Placeholder,/job:localhost/replica:0/task:0/device:CPU:0,1.0,0.001
_arg_ZSVUwNQ214_0_1036,Placeholder,/job:localhost/replica:0/task:0/device:CPU:0,1.0,0.001
_arg_Zcw5mpMVv7_0_1039,Placeholder,/job:localhost/replica:0/task:0/device:CPU:0,1.0,0.001
_arg_V0gSHzDwr8_0_906,Placeholder,/job:localhost/replica:0/task:0/device:CPU:0,1.0,0.001
_arg_VNFm1qf6SB_0_910,Placeholder,/job:localhost/replica:0/task:0/device:CPU:0,1.0,0.001
_arg_VP9ugsKh1E_0_914,Placeholder,/job:localhost/replica:0/task:0/device:CPU:0,1.0,0.001
_arg_VgZNsliTzO_0_922,Placeholder,/job:localhost/replica:0/task:0/device:CPU:0,1.0,0.001
_arg_WE9cBgxvXu_0_938,Placeholder,/job:localhost/replica:0/task:0/device:CPU:0,1.0,0.001
_arg_WSXbAzTalt_0_947,Placeholder,/job:localhost/replica:0/task:0/device:CPU:0,1.0,0.001
_arg_WisvdHZ5xk_0_951,Placeholder,/job:localhost/replica:0/task:0/device:CPU:0,1.0,0.001
_arg_WvcZHg0tTj_0_958,Placeholder,/job:localhost/replica:0/task:0/device:CPU:0,1.0,0.001
_arg_XJaC3lMEfm_0_971,Placeholder,/job:localhost/replica:0/task:0/device:CPU:0,1.0,0.001
_arg_XOhTL2q3r8_0_975,Placeholder,/job:localhost/replica:0/task:0/device:CPU:0,1.0,0.001
_arg_XU29by8cRH_0_979,Placeholder,/job:localhost/replica:0/task:0/device:CPU:0,1.0,0.001
_arg_Y1T6siQXbu_0_987,Placeholder,/job:localhost/replica:0/task:0/device:CPU:0,1.0,0.001
_arg_dCrgtFUz3x_0_1130,Placeholder,/job:localhost/replica:0/task:0/device:CPU:0,1.0,0.001
_arg_daeQw1nX8U_0_1137,Placeholder,/job:localhost/replica:0/task:0/device:CPU:0,1.0,0.001
_arg_dhi39KIgBC_0_1141,Placeholder,/job:localhost/replica:0/task:0/device:CPU:0,1.0,0.001
_arg_dpvZO9Vnk5_0_1145,Placeholder,/job:localhost/replica:0/task:0/device:CPU:0,1.0,0.001
_arg_eFl4tIU0RV_0_1157,Placeholder,/job:localhost/replica:0/task:0/device:CPU:0,1.0,0.001
_arg_iPEU7k5xHg_0_1276,Placeholder,/job:localhost/replica:0/task:0/device:CPU:0,1.0,0.001
_arg_ZBgTe1XjDs_0_1026,Placeholder,/job:localhost/replica:0/task:0/device:CPU:0,1.0,0.001
_arg_ZFlhpR91v3_0_1028,Placeholder,/job:localhost/replica:0/task:0/device:CPU:0,1.0,0.001
_arg_ZOUVNbWfEe_0_1034,Placeholder,/job:localhost/replica:0/task:0/device:CPU:0,1.0,0.001
_arg_ZV6SqcNeU3_0_1037,Placeholder,/job:localhost/replica:0/task:0/device:CPU:0,1.0,0.001
_arg_ZoGKqU0gbO_0_1043,Placeholder,/job:localhost/replica:0/task:0/device:CPU:0,1.0,0.001
_arg_ZwDR5tem7c_0_1047,Placeholder,/job:localhost/replica:0/task:0/device:CPU:0,1.0,0.001
_arg_V4bKWdTUkm_0_907,Placeholder,/job:localhost/replica:0/task:0/device:CPU:0,1.0,0.001
_arg_VNSlq6tRWd_0_911,Placeholder,/job:localhost/replica:0/task:0/device:CPU:0,1.0,0.001
_arg_VRNZsmwaSx_0_915,Placeholder,/job:localhost/replica:0/task:0/device:CPU:0,1.0,0.001
_arg_Vg4M3OQxle_0_920,Placeholder,/job:localhost/replica:0/task:0/device:CPU:0,1.0,0.001
_arg_Vgv7SM2kGs_0_923,Placeholder,/job:localhost/replica:0/task:0/device:CPU:0,1.0,0.001
_arg_VviZRmzNPC_0_927,Placeholder,/job:localhost/replica:0/task:0/device:CPU:0,1.0,0.001
_arg_W2zOyRosbq_0_931,Placeholder,/job:localhost/replica:0/task:0/device:CPU:0,1.0,0.001
_arg_WBdejwCoz4_0_935,Placeholder,/job:localhost/replica:0/task:0/device:CPU:0,1.0,0.001
_arg_WESLI9n50Q_0_939,Placeholder,/job:localhost/replica:0/task:0/device:CPU:0,1.0,0.001
_arg_WJf26aAS19_0_943,Placeholder,/job:localhost/replica:0/task:0/device:CPU:0,1.0,0.001
_arg_WkJaHQZN3C_0_952,Placeholder,/job:localhost/replica:0/task:0/device:CPU:0,1.0,0.001
_arg_bzJn37fLOW_0_1098,Placeholder,/job:localhost/replica:0/task:0/device:CPU:0,1.0,0.001
_arg_WxA8L0qQnG_0_963,Placeholder,/job:localhost/replica:0/task:0/device:CPU:0,1.0,0.001
_arg_cSlzbkMI9C_0_1114,Placeholder,/job:localhost/replica:0/task:0/device:CPU:0,1.0,0.001
_arg_cbTDX1Qyvg_0_1118,Placeholder,/job:localhost/replica:0/task:0/device:CPU:0,1.0,0.001
_arg_cl8UMHkNAK_0_1122,Placeholder,/job:localhost/replica:0/task:0/device:CPU:0,1.0,0.001
_arg_ctMyjrgf6U_0_1126,Placeholder,/job:localhost/replica:0/task:0/device:CPU:0,1.0,0.001
_arg_dGNzLT301Q_0_1131,Placeholder,/job:localhost/replica:0/task:0/device:CPU:0,1.0,0.001
_arg_dcG9vt6Q5s_0_1138,Placeholder,/job:localhost/replica:0/task:0/device:CPU:0,1.0,0.001
_arg_diDG9MfFVa_0_1142,Placeholder,/job:localhost/replica:0/task:0/device:CPU:0,1.0,0.001
_arg_dqkrJoYF8S_0_1146,Placeholder,/job:localhost/replica:0/task:0/device:CPU:0,1.0,0.001
_arg_eHjxNlRVG5_0_1158,Placeholder,/job:localhost/replica:0/task:0/device:CPU:0,1.0,0.001
_arg_hkmPDrGcTl_0_1253,Placeholder,/job:localhost/replica:0/task:0/device:CPU:0,1.0,0.001
_arg_hycwzu56P3_0_1260,Placeholder,/job:localhost/replica:0/task:0/device:CPU:0,1.0,0.001
_arg_ZG48wkpTIR_0_1029,Placeholder,/job:localhost/replica:0/task:0/device:CPU:0,1.0,0.001
_arg_iDLPkYaVHQ_0_1268,Placeholder,/job:localhost/replica:0/task:0/device:CPU:0,1.0,0.001
_arg_ZavkiF1OjW_0_1038,Placeholder,/job:localhost/replica:0/task:0/device:CPU:0,1.0,0.001
_arg_ZhgNVAKW5v_0_1041,Placeholder,/job:localhost/replica:0/task:0/device:CPU:0,1.0,0.001
_arg_Zq0B6JGsUK_0_1044,Placeholder,/job:localhost/replica:0/task:0/device:CPU:0,1.0,0.001
_arg_a3o9LFjPBH_0_1051,Placeholder,/job:localhost/replica:0/task:0/device:CPU:0,1.0,0.001
_arg_V9jSPkbUFA_0_908,Placeholder,/job:localhost/replica:0/task:0/device:CPU:0,1.0,0.001
_arg_VNsZWnM3JE_0_912,Placeholder,/job:localhost/replica:0/task:0/device:CPU:0,1.0,0.001
_arg_VWA5nQI70C_0_916,Placeholder,/job:localhost/replica:0/task:0/device:CPU:0,1.0,0.001
_arg_ajsKpNFkI8_0_1066,Placeholder,/job:localhost/replica:0/task:0/device:CPU:0,1.0,0.001
_arg_W5e63nlZjs_0_932,Placeholder,/job:localhost/replica:0/task:0/device:CPU:0,1.0,0.001
_arg_WFhfzcTPI3_0_940,Placeholder,/job:localhost/replica:0/task:0/device:CPU:0,1.0,0.001
_arg_WL8c2IGCVD_0_944,Placeholder,/job:localhost/replica:0/task:0/device:CPU:0,1.0,0.001
_arg_brq9IlQ2HZ_0_1094,Placeholder,/job:localhost/replica:0/task:0/device:CPU:0,1.0,0.001
_arg_cAQsUg51Oi_0_1106,Placeholder,/job:localhost/replica:0/task:0/device:CPU:0,1.0,0.001
_arg_cNFGeAzvHj_0_1111,Placeholder,/job:localhost/replica:0/task:0/device:CPU:0,1.0,0.001
_arg_co0J6aj8OE_0_1123,Placeholder,/job:localhost/replica:0/task:0/device:CPU:0,1.0,0.001
_arg_dI8cgm4slx_0_1132,Placeholder,/job:localhost/replica:0/task:0/device:CPU:0,1.0,0.001
_arg_dXWFe3LpYP_0_1135,Placeholder,/job:localhost/replica:0/task:0/device:CPU:0,1.0,0.001
_arg_deDv4gFfTi_0_1139,Placeholder,/job:localhost/replica:0/task:0/device:CPU:0,1.0,0.001
_arg_dnDzEbLCqp_0_1143,Placeholder,/job:localhost/replica:0/task:0/device:CPU:0,1.0,0.001
_arg_drVY91EsuX_0_1147,Placeholder,/job:localhost/replica:0/task:0/device:CPU:0,1.0,0.001
_arg_eDQuOERlHh_0_1155,Placeholder,/job:localhost/replica:0/task:0/device:CPU:0,1.0,0.001
_arg_gtY6P0Kn9q_0_1229,Placeholder,/job:localhost/replica:0/task:0/device:CPU:0,1.0,0.001
_arg_gyn3Del4Ui_0_1233,Placeholder,/job:localhost/replica:0/task:0/device:CPU:0,1.0,0.001
_arg_h1nCoisp4J_0_1237,Placeholder,/job:localhost/replica:0/task:0/device:CPU:0,1.0,0.001
_arg_hBYPZxoKif_0_1241,Placeholder,/job:localhost/replica:0/task:0/device:CPU:0,1.0,0.001
_arg_hbR3qkDz4C_0_1249,Placeholder,/job:localhost/replica:0/task:0/device:CPU:0,1.0,0.001
_arg_hntrRT5ABc_0_1254,Placeholder,/job:localhost/replica:0/task:0/device:CPU:0,1.0,0.001
_arg_ZiNIcJxymu_0_1042,Placeholder,/job:localhost/replica:0/task:0/device:CPU:0,1.0,0.001
_arg_ZqXGLEHcz1_0_1045,Placeholder,/job:localhost/replica:0/task:0/device:CPU:0,1.0,0.001
_arg_a7vgmHbUlr_0_1052,Placeholder,/job:localhost/replica:0/task:0/device:CPU:0,1.0,0.001
_arg_aAqYzZVG2x_0_1055,Placeholder,/job:localhost/replica:0/task:0/device:CPU:0,1.0,0.001
_arg_aM8rFSLz9e_0_1059,Placeholder,/job:localhost/replica:0/task:0/device:CPU:0,1.0,0.001
_arg_aYuIAZrt6T_0_1063,Placeholder,/job:localhost/replica:0/task:0/device:CPU:0,1.0,0.001
_arg_aqA7hNs63m_0_1067,Placeholder,/job:localhost/replica:0/task:0/device:CPU:0,1.0,0.001
_arg_ayN8I1ghs3_0_1070,Placeholder,/job:localhost/replica:0/task:0/device:CPU:0,1.0,0.001
_arg_b7g9Lh0HnG_0_1074,Placeholder,/job:localhost/replica:0/task:0/device:CPU:0,1.0,0.001
_arg_bGQv5VoHsh_0_1078,Placeholder,/job:localhost/replica:0/task:0/device:CPU:0,1.0,0.001
_arg_bN5KyAd1LC_0_1082,Placeholder,/job:localhost/replica:0/task:0/device:CPU:0,1.0,0.001
_arg_bg0LGQC9Yn_0_1086,Placeholder,/job:localhost/replica:0/task:0/device:CPU:0,1.0,0.001
_arg_bo6ZSUzLVr_0_1090,Placeholder,/job:localhost/replica:0/task:0/device:CPU:0,1.0,0.001
_arg_btFxAlW7ZO_0_1095,Placeholder,/job:localhost/replica:0/task:0/device:CPU:0,1.0,0.001
_arg_c1fWM0CtLg_0_1100,Placeholder,/job:localhost/replica:0/task:0/device:CPU:0,1.0,0.001
_arg_cVTprYh1Za_0_1116,Placeholder,/job:localhost/replica:0/task:0/device:CPU:0,1.0,0.001
_arg_cfqridnOJz_0_1120,Placeholder,/job:localhost/replica:0/task:0/device:CPU:0,1.0,0.001
_arg_cqzWDUfbVK_0_1124,Placeholder,/job:localhost/replica:0/task:0/device:CPU:0,1.0,0.001
_arg_deH1fYx0Oz_0_1140,Placeholder,/job:localhost/replica:0/task:0/device:CPU:0,1.0,0.001
_arg_dp5HahNnMU_0_1144,Placeholder,/job:localhost/replica:0/task:0/device:CPU:0,1.0,0.001
_arg_e8xjYVWizl_0_1152,Placeholder,/job:localhost/replica:0/task:0/device:CPU:0,1.0,0.001
_arg_eDV4a3uyIi_0_1156,Placeholder,/job:localhost/replica:0/task:0/device:CPU:0,1.0,0.001
_arg_gHGYCmkq4I_0_1205,Placeholder,/job:localhost/replica:0/task:0/device:CPU:0,1.0,0.001
_arg_gQ6rvGu0JI_0_1213,Placeholder,/job:localhost/replica:0/task:0/device:CPU:0,1.0,0.001
_arg_gY06TGMKa1_0_1217,Placeholder,/job:localhost/replica:0/task:0/device:CPU:0,1.0,0.001
_arg_geEToAPYRX_0_1221,Placeholder,/job:localhost/replica:0/task:0/device:CPU:0,1.0,0.001
_arg_gqkv276m3U_0_1226,Placeholder,/job:localhost/replica:0/task:0/device:CPU:0,1.0,0.001
_arg_gtw9MjieCG_0_1230,Placeholder,/job:localhost/replica:0/task:0/device:CPU:0,1.0,0.001
_arg_gzSpQXZxmR_0_1234,Placeholder,/job:localhost/replica:0/task:0/device:CPU:0,1.0,0.001
_arg_ZtVW1TsxBH_0_1046,Placeholder,/job:localhost/replica:0/task:0/device:CPU:0,1.0,0.001
_arg_a385JnQxgv_0_1050,Placeholder,/job:localhost/replica:0/task:0/device:CPU:0,1.0,0.001
_arg_a8BieTgkSR_0_1053,Placeholder,/job:localhost/replica:0/task:0/device:CPU:0,1.0,0.001
_arg_adskXgIP8C_0_1064,Placeholder,/job:localhost/replica:0/task:0/device:CPU:0,1.0,0.001
_arg_av6yPLtwGl_0_1068,Placeholder,/job:localhost/replica:0/task:0/device:CPU:0,1.0,0.001
_arg_b8Mzm7RkvA_0_1075,Placeholder,/job:localhost/replica:0/task:0/device:CPU:0,1.0,0.001
_arg_bUmQjP75iL_0_1083,Placeholder,/job:localhost/replica:0/task:0/device:CPU:0,1.0,0.001
_arg_bixqcoke7K_0_1087,Placeholder,/job:localhost/replica:0/task:0/device:CPU:0,1.0,0.001
_arg_bolaB2uvq1_0_1091,Placeholder,/job:localhost/replica:0/task:0/device:CPU:0,1.0,0.001
_arg_busUinBwT2_0_1096,Placeholder,/job:localhost/replica:0/task:0/device:CPU:0,1.0,0.001
_arg_c40K85MuHr_0_1101,Placeholder,/job:localhost/replica:0/task:0/device:CPU:0,1.0,0.001
_arg_cPrNAJD31n_0_1113,Placeholder,/job:localhost/replica:0/task:0/device:CPU:0,1.0,0.001
_arg_cX7FO9K6Em_0_1117,Placeholder,/job:localhost/replica:0/task:0/device:CPU:0,1.0,0.001
_arg_ctKwhG1AmI_0_1125,Placeholder,/job:localhost/replica:0/task:0/device:CPU:0,1.0,0.001
_arg_kcsyTi2jwO_0_1327,Placeholder,/job:localhost/replica:0/task:0/device:CPU:0,1.0,0.001
_arg_eVACB6vsn8_0_1165,Placeholder,/job:localhost/replica:0/task:0/device:CPU:0,1.0,0.001
_arg_l6NiT0BkXt_0_1343,Placeholder,/job:localhost/replica:0/task:0/device:CPU:0,1.0,0.001
_arg_lEdJmCWSYu_0_1351,Placeholder,/job:localhost/replica:0/task:0/device:CPU:0,1.0,0.001
_arg_eyotsdEl9a_0_1180,Placeholder,/job:localhost/replica:0/task:0/device:CPU:0,1.0,0.001
_arg_f7noyR0PbJ_0_1183,Placeholder,/job:localhost/replica:0/task:0/device:CPU:0,1.0,0.001
_arg_fZMxD3ngHe_0_1188,Placeholder,/job:localhost/replica:0/task:0/device:CPU:0,1.0,0.001
_arg_fiMKbEHNTs_0_1191,Placeholder,/job:localhost/replica:0/task:0/device:CPU:0,1.0,0.001
_arg_g8H5c4VYK0_0_1202,Placeholder,/job:localhost/replica:0/task:0/device:CPU:0,1.0,0.001
_arg_gIcmNCqD8k_0_1206,Placeholder,/job:localhost/replica:0/task:0/device:CPU:0,1.0,0.001
_arg_gKD20yYcSj_0_1211,Placeholder,/job:localhost/replica:0/task:0/device:CPU:0,1.0,0.001
_arg_gYG31Zz9xA_0_1218,Placeholder,/job:localhost/replica:0/task:0/device:CPU:0,1.0,0.001
_arg_aQo0pBxt7X_0_1061,Placeholder,/job:localhost/replica:0/task:0/device:CPU:0,1.0,0.001
_arg_afhVM9Icso_0_1065,Placeholder,/job:localhost/replica:0/task:0/device:CPU:0,1.0,0.001
_arg_axV3rlAqQK_0_1069,Placeholder,/job:localhost/replica:0/task:0/device:CPU:0,1.0,0.001
_arg_bVgNr1hLPO_0_1084,Placeholder,/job:localhost/replica:0/task:0/device:CPU:0,1.0,0.001
_arg_bvhfJBmtXp_0_1097,Placeholder,/job:localhost/replica:0/task:0/device:CPU:0,1.0,0.001
_arg_iPcpOTwK0I_0_1277,Placeholder,/job:localhost/replica:0/task:0/device:CPU:0,1.0,0.001
_arg_c7ZHl4ETS9_0_1105,Placeholder,/job:localhost/replica:0/task:0/device:CPU:0,1.0,0.001
_arg_cIBoHgM3KP_0_1109,Placeholder,/job:localhost/replica:0/task:0/device:CPU:0,1.0,0.001
_arg_jD832mpGyU_0_1292,Placeholder,/job:localhost/replica:0/task:0/device:CPU:0,1.0,0.001
_arg_jXVoQYFihp_0_1296,Placeholder,/job:localhost/replica:0/task:0/device:CPU:0,1.0,0.001
_arg_jfKTmG6sFn_0_1304,Placeholder,/job:localhost/replica:0/task:0/device:CPU:0,1.0,0.001
_arg_jkFu16QloR_0_1307,Placeholder,/job:localhost/replica:0/task:0/device:CPU:0,1.0,0.001
_arg_jtrfI8AFJC_0_1311,Placeholder,/job:localhost/replica:0/task:0/device:CPU:0,1.0,0.001
_arg_k7xfrHW2Db_0_1315,Placeholder,/job:localhost/replica:0/task:0/device:CPU:0,1.0,0.001
_arg_kK7zU9NtO5_0_1319,Placeholder,/job:localhost/replica:0/task:0/device:CPU:0,1.0,0.001
_arg_kdqPUAzScX_0_1328,Placeholder,/job:localhost/replica:0/task:0/device:CPU:0,1.0,0.001
_arg_km0cC8yFbL_0_1332,Placeholder,/job:localhost/replica:0/task:0/device:CPU:0,1.0,0.001
_arg_l0rGnTBtie_0_1339,Placeholder,/job:localhost/replica:0/task:0/device:CPU:0,1.0,0.001
_arg_l8r5PLci47_0_1348,Placeholder,/job:localhost/replica:0/task:0/device:CPU:0,1.0,0.001
_arg_lGwpFhki4r_0_1352,Placeholder,/job:localhost/replica:0/task:0/device:CPU:0,1.0,0.001
_arg_lXecoTUEk8_0_1355,Placeholder,/job:localhost/replica:0/task:0/device:CPU:0,1.0,0.001
_arg_f0aKTzQiBr_0_1181,Placeholder,/job:localhost/replica:0/task:0/device:CPU:0,1.0,0.001
_arg_fBYGie8DKo_0_1184,Placeholder,/job:localhost/replica:0/task:0/device:CPU:0,1.0,0.001
_arg_fo2kUAyvG3_0_1196,Placeholder,/job:localhost/replica:0/task:0/device:CPU:0,1.0,0.001
_arg_fsNK6c9YMQ_0_1198,Placeholder,/job:localhost/replica:0/task:0/device:CPU:0,1.0,0.001
_arg_gBnR2NYFzt_0_1203,Placeholder,/job:localhost/replica:0/task:0/device:CPU:0,1.0,0.001
_arg_gIfaBe6ZcA_0_1207,Placeholder,/job:localhost/replica:0/task:0/device:CPU:0,1.0,0.001
_arg_gLEAWOvj7b_0_1212,Placeholder,/job:localhost/replica:0/task:0/device:CPU:0,1.0,0.001
_arg_aJtu5on9A6_0_1058,Placeholder,/job:localhost/replica:0/task:0/device:CPU:0,1.0,0.001
_arg_aWv9TNuGH3_0_1062,Placeholder,/job:localhost/replica:0/task:0/device:CPU:0,1.0,0.001
_arg_gt8kBEjc0T_0_1228,Placeholder,/job:localhost/replica:0/task:0/device:CPU:0,1.0,0.001
_arg_b3sNxn58Yo_0_1073,Placeholder,/job:localhost/replica:0/task:0/device:CPU:0,1.0,0.001
_arg_bFfTlJ9dgi_0_1077,Placeholder,/job:localhost/replica:0/task:0/device:CPU:0,1.0,0.001
_arg_bXxIi6fQcs_0_1085,Placeholder,/job:localhost/replica:0/task:0/device:CPU:0,1.0,0.001
_arg_bqDA0Q5nU8_0_1093,Placeholder,/job:localhost/replica:0/task:0/device:CPU:0,1.0,0.001
_arg_hpRODVHi7l_0_1255,Placeholder,/job:localhost/replica:0/task:0/device:CPU:0,1.0,0.001
_arg_hszjQ9vUFi_0_1258,Placeholder,/job:localhost/replica:0/task:0/device:CPU:0,1.0,0.001
_arg_i3WU1xo2ef_0_1264,Placeholder,/job:localhost/replica:0/task:0/device:CPU:0,1.0,0.001
_arg_iDwW3hef6r_0_1269,Placeholder,/job:localhost/replica:0/task:0/device:CPU:0,1.0,0.001
_arg_iKrlTEh8cN_0_1272,Placeholder,/job:localhost/replica:0/task:0/device:CPU:0,1.0,0.001
_arg_iQPjhCHVL5_0_1278,Placeholder,/job:localhost/replica:0/task:0/device:CPU:0,1.0,0.001
_arg_ih2WDnPe3q_0_1280,Placeholder,/job:localhost/replica:0/task:0/device:CPU:0,1.0,0.001
_arg_iwZJj0AKHG_0_1284,Placeholder,/job:localhost/replica:0/task:0/device:CPU:0,1.0,0.001
_arg_j4O5baoM9F_0_1289,Placeholder,/job:localhost/replica:0/task:0/device:CPU:0,1.0,0.001
_arg_jELfHahn7R_0_1293,Placeholder,/job:localhost/replica:0/task:0/device:CPU:0,1.0,0.001
_arg_jYaKGf9BMI_0_1297,Placeholder,/job:localhost/replica:0/task:0/device:CPU:0,1.0,0.001
_arg_jcikzOlXLH_0_1301,Placeholder,/job:localhost/replica:0/task:0/device:CPU:0,1.0,0.001
_arg_jgLIRaZPAD_0_1305,Placeholder,/job:localhost/replica:0/task:0/device:CPU:0,1.0,0.001
_arg_kMsAZwUpLX_0_1320,Placeholder,/job:localhost/replica:0/task:0/device:CPU:0,1.0,0.001
_arg_kfhiaZbvjC_0_1329,Placeholder,/job:localhost/replica:0/task:0/device:CPU:0,1.0,0.001
_arg_km2Q7bSLKV_0_1333,Placeholder,/job:localhost/replica:0/task:0/device:CPU:0,1.0,0.001
_arg_kvW4RwpGDc_0_1337,Placeholder,/job:localhost/replica:0/task:0/device:CPU:0,1.0,0.001
_arg_l2eTVy4qbG_0_1340,Placeholder,/job:localhost/replica:0/task:0/device:CPU:0,1.0,0.001
_arg_l6zZ8XnFsB_0_1345,Placeholder,/job:localhost/replica:0/task:0/device:CPU:0,1.0,0.001
_arg_l93tnOY48E_0_1349,Placeholder,/job:localhost/replica:0/task:0/device:CPU:0,1.0,0.001
_arg_lKEje4Wkx0_0_1353,Placeholder,/job:localhost/replica:0/task:0/device:CPU:0,1.0,0.001
_arg_lekNf1xFKr_0_1359,Placeholder,/job:localhost/replica:0/task:0/device:CPU:0,1.0,0.001
_arg_ljCw0KxMGE_0_1363,Placeholder,/job:localhost/replica:0/task:0/device:CPU:0,1.0,0.001
_arg_m2Atw7JX5b_0_1371,Placeholder,/job:localhost/replica:0/task:0/device:CPU:0,1.0,0.001
_arg_fludGKwQo6_0_1193,Placeholder,/job:localhost/replica:0/task:0/device:CPU:0,1.0,0.001
_arg_mJB4dsN3w2_0_1378,Placeholder,/job:localhost/replica:0/task:0/device:CPU:0,1.0,0.001
_arg_fy7lRwEWZh_0_1199,Placeholder,/job:localhost/replica:0/task:0/device:CPU:0,1.0,0.001
_arg_gGT695iXup_0_1204,Placeholder,/job:localhost/replica:0/task:0/device:CPU:0,1.0,0.001
_arg_gJRzilTHfW_0_1208,Placeholder,/job:localhost/replica:0/task:0/device:CPU:0,1.0,0.001
_arg_gh93otvSZA_0_1224,Placeholder,/job:localhost/replica:0/task:0/device:CPU:0,1.0,0.001
_arg_nUScE5hs9V_0_1410,Placeholder,/job:localhost/replica:0/task:0/device:CPU:0,1.0,0.001
_arg_gv1MXFoqPl_0_1231,Placeholder,/job:localhost/replica:0/task:0/device:CPU:0,1.0,0.001
_arg_h0JDR4Gcyr_0_1235,Placeholder,/job:localhost/replica:0/task:0/device:CPU:0,1.0,0.001
_arg_h8GyfnAXe3_0_1239,Placeholder,/job:localhost/replica:0/task:0/device:CPU:0,1.0,0.001
_arg_hMTgY6rOJu_0_1245,Placeholder,/job:localhost/replica:0/task:0/device:CPU:0,1.0,0.001
_arg_htqE3JVBRN_0_1259,Placeholder,/job:localhost/replica:0/task:0/device:CPU:0,1.0,0.001
_arg_oe2VHS3Erh_0_1445,Placeholder,/job:localhost/replica:0/task:0/device:CPU:0,1.0,0.001
_arg_j0S4zCwEYR_0_1285,Placeholder,/job:localhost/replica:0/task:0/device:CPU:0,1.0,0.001
_arg_j52cTrKLSN_0_1290,Placeholder,/job:localhost/replica:0/task:0/device:CPU:0,1.0,0.001
_arg_jhXGNr9UcK_0_1306,Placeholder,/job:localhost/replica:0/task:0/device:CPU:0,1.0,0.001
_arg_k65GYJztSA_0_1313,Placeholder,/job:localhost/replica:0/task:0/device:CPU:0,1.0,0.001
_arg_kGQXOVSyhe_0_1317,Placeholder,/job:localhost/replica:0/task:0/device:CPU:0,1.0,0.001
_arg_kPSW3NwnYl_0_1321,Placeholder,/job:localhost/replica:0/task:0/device:CPU:0,1.0,0.001
_arg_kiFT9zs7AZ_0_1330,Placeholder,/job:localhost/replica:0/task:0/device:CPU:0,1.0,0.001
_arg_kpJMRqCYvU_0_1334,Placeholder,/job:localhost/replica:0/task:0/device:CPU:0,1.0,0.001
_arg_kyBIoAOec0_0_1338,Placeholder,/job:localhost/replica:0/task:0/device:CPU:0,1.0,0.001
_arg_lNyZEnDQeI_0_1354,Placeholder,/job:localhost/replica:0/task:0/device:CPU:0,1.0,0.001
_arg_lfOhZBCmoQ_0_1360,Placeholder,/job:localhost/replica:0/task:0/device:CPU:0,1.0,0.001
_arg_lvgnsfdkQ8_0_1367,Placeholder,/job:localhost/replica:0/task:0/device:CPU:0,1.0,0.001
_arg_mBkcaYovAP_0_1374,Placeholder,/job:localhost/replica:0/task:0/device:CPU:0,1.0,0.001
_arg_mK6xQWwocN_0_1379,Placeholder,/job:localhost/replica:0/task:0/device:CPU:0,1.0,0.001
_arg_mNtlHW4cwL_0_1382,Placeholder,/job:localhost/replica:0/task:0/device:CPU:0,1.0,0.001
_arg_g13KXRVWaz_0_1200,Placeholder,/job:localhost/replica:0/task:0/device:CPU:0,1.0,0.001
_arg_mglQUZTyu9_0_1390,Placeholder,/job:localhost/replica:0/task:0/device:CPU:0,1.0,0.001
_arg_msYUvbyqCL_0_1395,Placeholder,/job:localhost/replica:0/task:0/device:CPU:0,1.0,0.001
_arg_mua9roY3eS_0_1398,Placeholder,/job:localhost/replica:0/task:0/device:CPU:0,1.0,0.001
_arg_gX1LFv5M4c_0_1216,Placeholder,/job:localhost/replica:0/task:0/device:CPU:0,1.0,0.001
_arg_ndjxVtawKY_0_1414,Placeholder,/job:localhost/replica:0/task:0/device:CPU:0,1.0,0.001
_arg_gvumtEScFQ_0_1232,Placeholder,/job:localhost/replica:0/task:0/device:CPU:0,1.0,0.001
_arg_h0TGwrBWon_0_1236,Placeholder,/job:localhost/replica:0/task:0/device:CPU:0,1.0,0.001
_arg_h8YVsTwqcO_0_1240,Placeholder,/job:localhost/replica:0/task:0/device:CPU:0,1.0,0.001
_arg_hPUu9DZpzC_0_1246,Placeholder,/job:localhost/replica:0/task:0/device:CPU:0,1.0,0.001
_arg_oT8ARY7vV4_0_1441,Placeholder,/job:localhost/replica:0/task:0/device:CPU:0,1.0,0.001
_arg_i0BPsn6cb3_0_1262,Placeholder,/job:localhost/replica:0/task:0/device:CPU:0,1.0,0.001
_arg_i7PNwugbQY_0_1266,Placeholder,/job:localhost/replica:0/task:0/device:CPU:0,1.0,0.001
_arg_iIwarv2yun_0_1271,Placeholder,/job:localhost/replica:0/task:0/device:CPU:0,1.0,0.001
_arg_iMblzdr7U5_0_1274,Placeholder,/job:localhost/replica:0/task:0/device:CPU:0,1.0,0.001
_arg_pFvao9fHV6_0_1465,Placeholder,/job:localhost/replica:0/task:0/device:CPU:0,1.0,0.001
_arg_invgQ1XVCI_0_1282,Placeholder,/job:localhost/replica:0/task:0/device:CPU:0,1.0,0.001
_arg_j1DnWh8y0G_0_1286,Placeholder,/job:localhost/replica:0/task:0/device:CPU:0,1.0,0.001
_arg_jBRE1SgQMw_0_1291,Placeholder,/job:localhost/replica:0/task:0/device:CPU:0,1.0,0.001
_arg_jbCwuLWlSE_0_1299,Placeholder,/job:localhost/replica:0/task:0/device:CPU:0,1.0,0.001
_arg_qCaBZ9FXAG_0_1492,Placeholder,/job:localhost/replica:0/task:0/device:CPU:0,1.0,0.001
_arg_jokiY5eWzI_0_1310,Placeholder,/job:localhost/replica:0/task:0/device:CPU:0,1.0,0.001
_arg_k6bePYF7ID_0_1314,Placeholder,/job:localhost/replica:0/task:0/device:CPU:0,1.0,0.001
_arg_kSZdG06B4H_0_1322,Placeholder,/job:localhost/replica:0/task:0/device:CPU:0,1.0,0.001
_arg_kWzoSnYlIO_0_1326,Placeholder,/job:localhost/replica:0/task:0/device:CPU:0,1.0,0.001
_arg_quwKXTb5GJ_0_1516,Placeholder,/job:localhost/replica:0/task:0/device:CPU:0,1.0,0.001
_arg_r2gh3Cw65R_0_1520,Placeholder,/job:localhost/replica:0/task:0/device:CPU:0,1.0,0.001
_arg_r7zQ02gGjD_0_1524,Placeholder,/job:localhost/replica:0/task:0/device:CPU:0,1.0,0.001
_arg_rTR8xZOSd4_0_1536,Placeholder,/job:localhost/replica:0/task:0/device:CPU:0,1.0,0.001
_arg_rXIE9kqoN1_0_1540,Placeholder,/job:localhost/replica:0/task:0/device:CPU:0,1.0,0.001
_arg_lZpjDti8aM_0_1358,Placeholder,/job:localhost/replica:0/task:0/device:CPU:0,1.0,0.001
_arg_lwz5arHhPf_0_1368,Placeholder,/job:localhost/replica:0/task:0/device:CPU:0,1.0,0.001
_arg_m8fPtn4Yjs_0_1373,Placeholder,/job:localhost/replica:0/task:0/device:CPU:0,1.0,0.001
_arg_mC0wX7MYd8_0_1375,Placeholder,/job:localhost/replica:0/task:0/device:CPU:0,1.0,0.001
_arg_mL5s7dO8wY_0_1380,Placeholder,/job:localhost/replica:0/task:0/device:CPU:0,1.0,0.001
_arg_mOdGfhuHwJ_0_1383,Placeholder,/job:localhost/replica:0/task:0/device:CPU:0,1.0,0.001
_arg_mavxsAbOEF_0_1386,Placeholder,/job:localhost/replica:0/task:0/device:CPU:0,1.0,0.001
_arg_mkAx5S8CqP_0_1391,Placeholder,/job:localhost/replica:0/task:0/device:CPU:0,1.0,0.001
_arg_mtQjGg6AhO_0_1396,Placeholder,/job:localhost/replica:0/task:0/device:CPU:0,1.0,0.001
_arg_n5JLBsY6eo_0_1399,Placeholder,/job:localhost/replica:0/task:0/device:CPU:0,1.0,0.001
_arg_n9YhbW6sLA_0_1402,Placeholder,/job:localhost/replica:0/task:0/device:CPU:0,1.0,0.001
_arg_nK7Xj4rEIo_0_1406,Placeholder,/job:localhost/replica:0/task:0/device:CPU:0,1.0,0.001
_arg_nePIacrdLB_0_1415,Placeholder,/job:localhost/replica:0/task:0/device:CPU:0,1.0,0.001
_arg_o0RyNXr67Z_0_1425,Placeholder,/job:localhost/replica:0/task:0/device:CPU:0,1.0,0.001
_arg_o8JWsk93bE_0_1429,Placeholder,/job:localhost/replica:0/task:0/device:CPU:0,1.0,0.001
_arg_hJDcaw3Uix_0_1244,Placeholder,/job:localhost/replica:0/task:0/device:CPU:0,1.0,0.001
_arg_hZQ8rTylLp_0_1247,Placeholder,/job:localhost/replica:0/task:0/device:CPU:0,1.0,0.001
_arg_hiuFsM5SHg_0_1252,Placeholder,/job:localhost/replica:0/task:0/device:CPU:0,1.0,0.001
_arg_ohCA52RT9y_0_1447,Placeholder,/job:localhost/replica:0/task:0/device:CPU:0,1.0,0.001
_arg_orQza7YSKj_0_1449,Placeholder,/job:localhost/replica:0/task:0/device:CPU:0,1.0,0.001
_arg_p7mWvBcxi8_0_1461,Placeholder,/job:localhost/replica:0/task:0/device:CPU:0,1.0,0.001
_arg_iOB9MrpmsL_0_1275,Placeholder,/job:localhost/replica:0/task:0/device:CPU:0,1.0,0.001
_arg_pQKuCjLP3E_0_1469,Placeholder,/job:localhost/replica:0/task:0/device:CPU:0,1.0,0.001
_arg_pnQz8dAVbk_0_1481,Placeholder,/job:localhost/replica:0/task:0/device:CPU:0,1.0,0.001
_arg_pwVcvgah6I_0_1484,Placeholder,/job:localhost/replica:0/task:0/device:CPU:0,1.0,0.001
_arg_q5UwmAt3pR_0_1488,Placeholder,/job:localhost/replica:0/task:0/device:CPU:0,1.0,0.001
_arg_qJ8Xo9Eyax_0_1493,Placeholder,/job:localhost/replica:0/task:0/device:CPU:0,1.0,0.001
_arg_qX8DNOLVBm_0_1500,Placeholder,/job:localhost/replica:0/task:0/device:CPU:0,1.0,0.001
_arg_qfLO1lUBMJ_0_1504,Placeholder,/job:localhost/replica:0/task:0/device:CPU:0,1.0,0.001
_arg_qkUwYmQMvn_0_1508,Placeholder,/job:localhost/replica:0/task:0/device:CPU:0,1.0,0.001
_arg_qrS0IJYFMy_0_1512,Placeholder,/job:localhost/replica:0/task:0/device:CPU:0,1.0,0.001
_arg_qvOxLzdnjs_0_1517,Placeholder,/job:localhost/replica:0/task:0/device:CPU:0,1.0,0.001
_arg_r3GY0ZDtSV_0_1521,Placeholder,/job:localhost/replica:0/task:0/device:CPU:0,1.0,0.001
_arg_r9MchZw8v0_0_1525,Placeholder,/job:localhost/replica:0/task:0/device:CPU:0,1.0,0.001
_arg_rDaMIUxBwK_0_1528,Placeholder,/job:localhost/replica:0/task:0/device:CPU:0,1.0,0.001
_arg_rPtzqF8v6l_0_1533,Placeholder,/job:localhost/replica:0/task:0/device:CPU:0,1.0,0.001
_arg_rUFToBgsOq_0_1537,Placeholder,/job:localhost/replica:0/task:0/device:CPU:0,1.0,0.001
_arg_rXxfqDNB8J_0_1541,Placeholder,/job:localhost/replica:0/task:0/device:CPU:0,1.0,0.001
_arg_sRkmfYMcUK_0_1563,Placeholder,/job:localhost/replica:0/task:0/device:CPU:0,1.0,0.001
_arg_sayvPJL2o8_0_1567,Placeholder,/job:localhost/replica:0/task:0/device:CPU:0,1.0,0.001
_arg_lhiZMjN8QX_0_1362,Placeholder,/job:localhost/replica:0/task:0/device:CPU:0,1.0,0.001
_arg_lykC7Q4DVS_0_1369,Placeholder,/job:localhost/replica:0/task:0/device:CPU:0,1.0,0.001
_arg_t30gsBSAcN_0_1583,Placeholder,/job:localhost/replica:0/task:0/device:CPU:0,1.0,0.001
_arg_mDwrUf9Sc2_0_1376,Placeholder,/job:localhost/replica:0/task:0/device:CPU:0,1.0,0.001
_arg_mLyXaD9fJv_0_1381,Placeholder,/job:localhost/replica:0/task:0/device:CPU:0,1.0,0.001
_arg_mSn03uRGWd_0_1384,Placeholder,/job:localhost/replica:0/task:0/device:CPU:0,1.0,0.001
_arg_mb3VldYo5M_0_1387,Placeholder,/job:localhost/replica:0/task:0/device:CPU:0,1.0,0.001
_arg_moVxUasMZ0_0_1392,Placeholder,/job:localhost/replica:0/task:0/device:CPU:0,1.0,0.001
_arg_mu187OlT4I_0_1397,Placeholder,/job:localhost/replica:0/task:0/device:CPU:0,1.0,0.001
_arg_nD6HG8UO7N_0_1403,Placeholder,/job:localhost/replica:0/task:0/device:CPU:0,1.0,0.001
_arg_nKxNTrRVdU_0_1407,Placeholder,/job:localhost/replica:0/task:0/device:CPU:0,1.0,0.001
_arg_nedlsuxZKR_0_1416,Placeholder,/job:localhost/replica:0/task:0/device:CPU:0,1.0,0.001
_arg_niEp1BCkKu_0_1419,Placeholder,/job:localhost/replica:0/task:0/device:CPU:0,1.0,0.001
_arg_o0X7K2TyCG_0_1426,Placeholder,/job:localhost/replica:0/task:0/device:CPU:0,1.0,0.001
_arg_oG9KH2fqXy_0_1433,Placeholder,/job:localhost/replica:0/task:0/device:CPU:0,1.0,0.001
_arg_hZinXt7PHv_0_1248,Placeholder,/job:localhost/replica:0/task:0/device:CPU:0,1.0,0.001
_arg_ohS86GAUla_0_1448,Placeholder,/job:localhost/replica:0/task:0/device:CPU:0,1.0,0.001
_arg_ou9ZBS4E1C_0_1450,Placeholder,/job:localhost/replica:0/task:0/device:CPU:0,1.0,0.001
_arg_oxir60jSl9_0_1453,Placeholder,/job:localhost/replica:0/task:0/device:CPU:0,1.0,0.001
_arg_p4LwbKlF1Y_0_1457,Placeholder,/job:localhost/replica:0/task:0/device:CPU:0,1.0,0.001
_arg_pCEwNX2xio_0_1462,Placeholder,/job:localhost/replica:0/task:0/device:CPU:0,1.0,0.001
_arg_pGalRCM4r6_0_1466,Placeholder,/job:localhost/replica:0/task:0/device:CPU:0,1.0,0.001
_arg_pguDyaiEUv_0_1477,Placeholder,/job:localhost/replica:0/task:0/device:CPU:0,1.0,0.001
_arg_pufo5ZsOUy_0_1482,Placeholder,/job:localhost/replica:0/task:0/device:CPU:0,1.0,0.001
_arg_q0KXdEjS1G_0_1485,Placeholder,/job:localhost/replica:0/task:0/device:CPU:0,1.0,0.001
_arg_q5gAzNLt6o_0_1489,Placeholder,/job:localhost/replica:0/task:0/device:CPU:0,1.0,0.001
_arg_qJWs0FVrhm_0_1494,Placeholder,/job:localhost/replica:0/task:0/device:CPU:0,1.0,0.001
_arg_qTh2vp0DBA_0_1497,Placeholder,/job:localhost/replica:0/task:0/device:CPU:0,1.0,0.001
_arg_qlTJIer3od_0_1509,Placeholder,/job:localhost/replica:0/task:0/device:CPU:0,1.0,0.001
_arg_qrY8sL5JC2_0_1513,Placeholder,/job:localhost/replica:0/task:0/device:CPU:0,1.0,0.001
_arg_qxXQIZUwEu_0_1518,Placeholder,/job:localhost/replica:0/task:0/device:CPU:0,1.0,0.001
_arg_r3exaJovDU_0_1522,Placeholder,/job:localhost/replica:0/task:0/device:CPU:0,1.0,0.001
_arg_rFvp8sJMZ1_0_1529,Placeholder,/job:localhost/replica:0/task:0/device:CPU:0,1.0,0.001
_arg_rQWZMqbdyY_0_1534,Placeholder,/job:localhost/replica:0/task:0/device:CPU:0,1.0,0.001
_arg_rVmjdAhzco_0_1538,Placeholder,/job:localhost/replica:0/task:0/device:CPU:0,1.0,0.001
_arg_rZLAG6ViTH_0_1542,Placeholder,/job:localhost/replica:0/task:0/device:CPU:0,1.0,0.001
_arg_uhr5Uf8JR0_0_1630,Placeholder,/job:localhost/replica:0/task:0/device:CPU:0,1.0,0.001
_arg_umcFCx0tVb_0_1634,Placeholder,/job:localhost/replica:0/task:0/device:CPU:0,1.0,0.001
_arg_utYxJZOIKg_0_1638,Placeholder,/job:localhost/replica:0/task:0/device:CPU:0,1.0,0.001
_arg_v2xjHDqzFA_0_1642,Placeholder,/job:localhost/replica:0/task:0/device:CPU:0,1.0,0.001
_arg_m0NyC1gZM6_0_1370,Placeholder,/job:localhost/replica:0/task:0/device:CPU:0,1.0,0.001
_arg_vR06CgFtAw_0_1654,Placeholder,/job:localhost/replica:0/task:0/device:CPU:0,1.0,0.001
_arg_mgRMHVv05A_0_1388,Placeholder,/job:localhost/replica:0/task:0/device:CPU:0,1.0,0.001
_arg_ruObtj5GDW_0_1548,Placeholder,/job:localhost/replica:0/task:0/device:CPU:0,1.0,0.001
_arg_n7yWKI6DEd_0_1401,Placeholder,/job:localhost/replica:0/task:0/device:CPU:0,1.0,0.001
_arg_nI8BoUumrd_0_1404,Placeholder,/job:localhost/replica:0/task:0/device:CPU:0,1.0,0.001
_arg_nLNIAyReb5_0_1408,Placeholder,/job:localhost/replica:0/task:0/device:CPU:0,1.0,0.001
_arg_sTrEjy1UZ4_0_1564,Placeholder,/job:localhost/replica:0/task:0/device:CPU:0,1.0,0.001
_arg_nhM7UwEP6F_0_1417,Placeholder,/job:localhost/replica:0/task:0/device:CPU:0,1.0,0.001
_arg_npMrc584aU_0_1420,Placeholder,/job:localhost/replica:0/task:0/device:CPU:0,1.0,0.001
_arg_nxtDHYvg3y_0_1423,Placeholder,/job:localhost/replica:0/task:0/device:CPU:0,1.0,0.001
_arg_o7rbs8Q2eV_0_1427,Placeholder,/job:localhost/replica:0/task:0/device:CPU:0,1.0,0.001
_arg_oD2s4lQkze_0_1431,Placeholder,/job:localhost/replica:0/task:0/device:CPU:0,1.0,0.001
_arg_oXN9syMIxf_0_1442,Placeholder,/job:localhost/replica:0/task:0/device:CPU:0,1.0,0.001
_arg_tT21ji9GPl_0_1599,Placeholder,/job:localhost/replica:0/task:0/device:CPU:0,1.0,0.001
_arg_p5GqZAT0m3_0_1458,Placeholder,/job:localhost/replica:0/task:0/device:CPU:0,1.0,0.001
_arg_pDF6ciJKbT_0_1463,Placeholder,/job:localhost/replica:0/task:0/device:CPU:0,1.0,0.001
_arg_pTr5cybZE4_0_1471,Placeholder,/job:localhost/replica:0/task:0/device:CPU:0,1.0,0.001
_arg_pawLCzDoKF_0_1474,Placeholder,/job:localhost/replica:0/task:0/device:CPU:0,1.0,0.001
_arg_ph8ty7qwEa_0_1478,Placeholder,/job:localhost/replica:0/task:0/device:CPU:0,1.0,0.001
_arg_pwAoHl1uqh_0_1483,Placeholder,/job:localhost/replica:0/task:0/device:CPU:0,1.0,0.001
_arg_q1u0rpVgUR_0_1486,Placeholder,/job:localhost/replica:0/task:0/device:CPU:0,1.0,0.001
_arg_qJp0SrZDmn_0_1495,Placeholder,/job:localhost/replica:0/task:0/device:CPU:0,1.0,0.001
_arg_qZCbTfPgGy_0_1502,Placeholder,/job:localhost/replica:0/task:0/device:CPU:0,1.0,0.001
_arg_r1be9W7ZuT_0_1519,Placeholder,/job:localhost/replica:0/task:0/device:CPU:0,1.0,0.001
_arg_r41kSiPZR3_0_1523,Placeholder,/job:localhost/replica:0/task:0/device:CPU:0,1.0,0.001
_arg_rCdhtOfjx6_0_1527,Placeholder,/job:localhost/replica:0/task:0/device:CPU:0,1.0,0.001
_arg_rGN5o1TcY7_0_1530,Placeholder,/job:localhost/replica:0/task:0/device:CPU:0,1.0,0.001
_arg_rRNf5oPF6s_0_1535,Placeholder,/job:localhost/replica:0/task:0/device:CPU:0,1.0,0.001
_arg_sOu5Y6lGcH_0_1560,Placeholder,/job:localhost/replica:0/task:0/device:CPU:0,1.0,0.001
_arg_sVlP53vuyr_0_1565,Placeholder,/job:localhost/replica:0/task:0/device:CPU:0,1.0,0.001
_arg_seKafzj6L0_0_1568,Placeholder,/job:localhost/replica:0/task:0/device:CPU:0,1.0,0.001
_arg_sgtUB1Im4k_0_1571,Placeholder,/job:localhost/replica:0/task:0/device:CPU:0,1.0,0.001
_arg_siqUuOe6xL_0_1575,Placeholder,/job:localhost/replica:0/task:0/device:CPU:0,1.0,0.001
_arg_srPEwizHRY_0_1579,Placeholder,/job:localhost/replica:0/task:0/device:CPU:0,1.0,0.001
_arg_tCRVJdpcW2_0_1587,Placeholder,/job:localhost/replica:0/task:0/device:CPU:0,1.0,0.001
_arg_tEpT6NiDd5_0_1591,Placeholder,/job:localhost/replica:0/task:0/device:CPU:0,1.0,0.001
_arg_mgWpEJwHCu_0_1389,Placeholder,/job:localhost/replica:0/task:0/device:CPU:0,1.0,0.001
_arg_uAsLIQp1HW_0_1615,Placeholder,/job:localhost/replica:0/task:0/device:CPU:0,1.0,0.001
_arg_uNGP7SegJL_0_1619,Placeholder,/job:localhost/replica:0/task:0/device:CPU:0,1.0,0.001
_arg_nIcorahjGf_0_1405,Placeholder,/job:localhost/replica:0/task:0/device:CPU:0,1.0,0.001
_arg_ujF54HiGcK_0_1631,Placeholder,/job:localhost/replica:0/task:0/device:CPU:0,1.0,0.001
_arg_umwQav6cSE_0_1635,Placeholder,/job:localhost/replica:0/task:0/device:CPU:0,1.0,0.001
_arg_uvPXkGH8tg_0_1639,Placeholder,/job:localhost/replica:0/task:0/device:CPU:0,1.0,0.001
_arg_nzUxKj7EXM_0_1424,Placeholder,/job:localhost/replica:0/task:0/device:CPU:0,1.0,0.001
_arg_o7xr0gPCqL_0_1428,Placeholder,/job:localhost/replica:0/task:0/device:CPU:0,1.0,0.001
_arg_oEt5aGgxFe_0_1432,Placeholder,/job:localhost/replica:0/task:0/device:CPU:0,1.0,0.001
_arg_vkCsgu3Ljo_0_1666,Placeholder,/job:localhost/replica:0/task:0/device:CPU:0,1.0,0.001
_arg_pXL4vJ7BYN_0_1472,Placeholder,/job:localhost/replica:0/task:0/device:CPU:0,1.0,0.001
_arg_pbHNhyt8jx_0_1475,Placeholder,/job:localhost/replica:0/task:0/device:CPU:0,1.0,0.001
_arg_sXlAmRf8Zw_0_1566,Placeholder,/job:localhost/replica:0/task:0/device:CPU:0,1.0,0.001
_arg_q2nICELR9m_0_1487,Placeholder,/job:localhost/replica:0/task:0/device:CPU:0,1.0,0.001
_arg_qBu98ps2cP_0_1491,Placeholder,/job:localhost/replica:0/task:0/device:CPU:0,1.0,0.001
_arg_sjq5dwzuKO_0_1576,Placeholder,/job:localhost/replica:0/task:0/device:CPU:0,1.0,0.001
_arg_tcuMZDKexn_0_1601,Placeholder,/job:localhost/replica:0/task:0/device:CPU:0,1.0,0.001
_arg_tk1avTRihV_0_1604,Placeholder,/job:localhost/replica:0/task:0/device:CPU:0,1.0,0.001
_arg_tv4KjWcORp_0_1607,Placeholder,/job:localhost/replica:0/task:0/device:CPU:0,1.0,0.001
_arg_rHC2Nhe3Vg_0_1531,Placeholder,/job:localhost/replica:0/task:0/device:CPU:0,1.0,0.001
_arg_uRYUy3LFgD_0_1623,Placeholder,/job:localhost/replica:0/task:0/device:CPU:0,1.0,0.001
_arg_uSXHUgWqEe_0_1626,Placeholder,/job:localhost/replica:0/task:0/device:CPU:0,1.0,0.001
_arg_ulFzsHipmY_0_1632,Placeholder,/job:localhost/replica:0/task:0/device:CPU:0,1.0,0.001
_arg_uoDqYhbW38_0_1636,Placeholder,/job:localhost/replica:0/task:0/device:CPU:0,1.0,0.001
_arg_vDIpW8UhJ5_0_1647,Placeholder,/job:localhost/replica:0/task:0/device:CPU:0,1.0,0.001
_arg_vIJ2q3plyz_0_1650,Placeholder,/job:localhost/replica:0/task:0/device:CPU:0,1.0,0.001
_arg_vSH0QJqLUz_0_1655,Placeholder,/job:localhost/replica:0/task:0/device:CPU:0,1.0,0.001
_arg_vbUxKSBPhZ_0_1663,Placeholder,/job:localhost/replica:0/task:0/device:CPU:0,1.0,0.001
_arg_vkeO5xgK7V_0_1667,Placeholder,/job:localhost/replica:0/task:0/device:CPU:0,1.0,0.001
_arg_rfRXvpWCBS_0_1543,Placeholder,/job:localhost/replica:0/task:0/device:CPU:0,1.0,0.001
_arg_rjmKI5yqWG_0_1544,Placeholder,/job:localhost/replica:0/task:0/device:CPU:0,1.0,0.001
_arg_s0SywBnPNc_0_1549,Placeholder,/job:localhost/replica:0/task:0/device:CPU:0,1.0,0.001
_arg_s4r1FbMXio_0_1552,Placeholder,/job:localhost/replica:0/task:0/device:CPU:0,1.0,0.001
_arg_sebh4EzkV6_0_1569,Placeholder,/job:localhost/replica:0/task:0/device:CPU:0,1.0,0.001
_arg_oIqKfkl5ZU_0_1436,Placeholder,/job:localhost/replica:0/task:0/device:CPU:0,1.0,0.001
_arg_oS0MGnDsae_0_1440,Placeholder,/job:localhost/replica:0/task:0/device:CPU:0,1.0,0.001
_arg_ob2TGzmHgh_0_1444,Placeholder,/job:localhost/replica:0/task:0/device:CPU:0,1.0,0.001
_arg_tMbvLKAli8_0_1596,Placeholder,/job:localhost/replica:0/task:0/device:CPU:0,1.0,0.001
_arg_p2oKqFDxOE_0_1456,Placeholder,/job:localhost/replica:0/task:0/device:CPU:0,1.0,0.001
_arg_p723PJEsHb_0_1460,Placeholder,/job:localhost/replica:0/task:0/device:CPU:0,1.0,0.001
_arg_tyGeUX3Tul_0_1608,Placeholder,/job:localhost/replica:0/task:0/device:CPU:0,1.0,0.001
_arg_u6oFZ8tcDP_0_1612,Placeholder,/job:localhost/replica:0/task:0/device:CPU:0,1.0,0.001
_arg_uKU3eSDJZn_0_1617,Placeholder,/job:localhost/replica:0/task:0/device:CPU:0,1.0,0.001
_arg_pjXxydBf7Q_0_1480,Placeholder,/job:localhost/replica:0/task:0/device:CPU:0,1.0,0.001
_arg_uT9xrPXd8h_0_1627,Placeholder,/job:localhost/replica:0/task:0/device:CPU:0,1.0,0.001
_arg_uoMyxJ5GOW_0_1637,Placeholder,/job:localhost/replica:0/task:0/device:CPU:0,1.0,0.001
_arg_v0NYln9CBs_0_1641,Placeholder,/job:localhost/replica:0/task:0/device:CPU:0,1.0,0.001
_arg_vEOJNU1n8w_0_1648,Placeholder,/job:localhost/replica:0/task:0/device:CPU:0,1.0,0.001
_arg_vcmSgsfLde_0_1664,Placeholder,/job:localhost/replica:0/task:0/device:CPU:0,1.0,0.001
_arg_vnRedEsHKt_0_1668,Placeholder,/job:localhost/replica:0/task:0/device:CPU:0,1.0,0.001
_arg_zGVblxLEpA_0_1764,Placeholder,/job:localhost/replica:0/task:0/device:CPU:0,1.0,0.001
_arg_zPrciRTLx2_0_1768,Placeholder,/job:localhost/replica:0/task:0/device:CPU:0,1.0,0.001
_arg_za0WDZdIGF_0_1772,Placeholder,/job:localhost/replica:0/task:0/device:CPU:0,1.0,0.001
_arg_zhwoxKMguq_0_1776,Placeholder,/job:localhost/replica:0/task:0/device:CPU:0,1.0,0.001
_arg_znCXBb29Zx_0_1780,Placeholder,/job:localhost/replica:0/task:0/device:CPU:0,1.0,0.001
_arg_rtBQ5nl4cE_0_1545,Placeholder,/job:localhost/replica:0/task:0/device:CPU:0,1.0,0.001
_arg_s1YG8v0zdg_0_1550,Placeholder,/job:localhost/replica:0/task:0/device:CPU:0,1.0,0.001
_arg_s78hxniTBa_0_1553,Placeholder,/job:localhost/replica:0/task:0/device:CPU:0,1.0,0.001
_arg_sNkyZOL5db_0_1557,Placeholder,/job:localhost/replica:0/task:0/device:CPU:0,1.0,0.001
_arg_sRirXFMChY_0_1562,Placeholder,/job:localhost/replica:0/task:0/device:CPU:0,1.0,0.001
_arg_sedYUg7Qol_0_1570,Placeholder,/job:localhost/replica:0/task:0/device:CPU:0,1.0,0.001
_arg_shf7LVvdJl_0_1573,Placeholder,/job:localhost/replica:0/task:0/device:CPU:0,1.0,0.001
_arg_svQ0Hl8SA2_0_1580,Placeholder,/job:localhost/replica:0/task:0/device:CPU:0,1.0,0.001
_arg_tAJP3cEB2u_0_1585,Placeholder,/job:localhost/replica:0/task:0/device:CPU:0,1.0,0.001
_arg_tCm94DTkJi_0_1588,Placeholder,/job:localhost/replica:0/task:0/device:CPU:0,1.0,0.001
_arg_tKyia675fX_0_1593,Placeholder,/job:localhost/replica:0/task:0/device:CPU:0,1.0,0.001
_arg_tNrywR0piO_0_1597,Placeholder,/job:localhost/replica:0/task:0/device:CPU:0,1.0,0.001
_arg_tdiSUo01Ga_0_1602,Placeholder,/job:localhost/replica:0/task:0/device:CPU:0,1.0,0.001
_arg_u2fl3mQdb9_0_1609,Placeholder,/job:localhost/replica:0/task:0/device:CPU:0,1.0,0.001
_arg_u7T4cjYtVh_0_1613,Placeholder,/job:localhost/replica:0/task:0/device:CPU:0,1.0,0.001
_arg_uKoZU2WcNT_0_1618,Placeholder,/job:localhost/replica:0/task:0/device:CPU:0,1.0,0.001
_arg_uOrpHLco5I_0_1621,Placeholder,/job:localhost/replica:0/task:0/device:CPU:0,1.0,0.001
_arg_uRjV6XaLwS_0_1624,Placeholder,/job:localhost/replica:0/task:0/device:CPU:0,1.0,0.001
_arg_uXdRoTyKmW_0_1628,Placeholder,/job:localhost/replica:0/task:0/device:CPU:0,1.0,0.001
_arg_wP3di4jLkW_0_1685,Placeholder,/job:localhost/replica:0/task:0/device:CPU:0,1.0,0.001
_arg_wbnO4qBZTc_0_1693,Placeholder,/job:localhost/replica:0/task:0/device:CPU:0,1.0,0.001
_arg_vC8enJb3u0_0_1645,Placeholder,/job:localhost/replica:0/task:0/device:CPU:0,1.0,0.001
_arg_vNtheBqzoH_0_1652,Placeholder,/job:localhost/replica:0/task:0/device:CPU:0,1.0,0.001
_arg_vUh3gzVRXa_0_1657,Placeholder,/job:localhost/replica:0/task:0/device:CPU:0,1.0,0.001
_arg_vYOUJqcMpa_0_1660,Placeholder,/job:localhost/replica:0/task:0/device:CPU:0,1.0,0.001
_arg_vnhAH9WpDR_0_1669,Placeholder,/job:localhost/replica:0/task:0/device:CPU:0,1.0,0.001
_arg_xeDSgA3IMR_0_1725,Placeholder,/job:localhost/replica:0/task:0/device:CPU:0,1.0,0.001
_arg_xkLV2yeoJ4_0_1729,Placeholder,/job:localhost/replica:0/task:0/device:CPU:0,1.0,0.001
_arg_yStAqIKP71_0_1740,Placeholder,/job:localhost/replica:0/task:0/device:CPU:0,1.0,0.001
_arg_yXSH19dYLI_0_1744,Placeholder,/job:localhost/replica:0/task:0/device:CPU:0,1.0,0.001
_arg_rtL0AwqFys_0_1546,Placeholder,/job:localhost/replica:0/task:0/device:CPU:0,1.0,0.001
_arg_s2EQkHe5Od_0_1551,Placeholder,/job:localhost/replica:0/task:0/device:CPU:0,1.0,0.001
_arg_s8V6doZT2E_0_1554,Placeholder,/job:localhost/replica:0/task:0/device:CPU:0,1.0,0.001
_arg_sO2LG6ltKB_0_1558,Placeholder,/job:localhost/replica:0/task:0/device:CPU:0,1.0,0.001
_arg_zYO7D4I96B_0_1769,Placeholder,/job:localhost/replica:0/task:0/device:CPU:0,1.0,0.001
_arg_siXVg105Gr_0_1574,Placeholder,/job:localhost/replica:0/task:0/device:CPU:0,1.0,0.001
_arg_zxRomgQeD6_0_1781,Placeholder,/job:localhost/replica:0/task:0/device:CPU:0,1.0,0.001
_arg_tDCS82OYW1_0_1589,Placeholder,/job:localhost/replica:0/task:0/device:CPU:0,1.0,0.001
_arg_tLVSiOXdaT_0_1594,Placeholder,/job:localhost/replica:0/task:0/device:CPU:0,1.0,0.001
_arg_tOW2UBfmIh_0_1598,Placeholder,/job:localhost/replica:0/task:0/device:CPU:0,1.0,0.001
_arg_tqkxQUwOmv_0_1606,Placeholder,/job:localhost/replica:0/task:0/device:CPU:0,1.0,0.001
_arg_u2zMFPRWm7_0_1610,Placeholder,/job:localhost/replica:0/task:0/device:CPU:0,1.0,0.001
_arg_uQwK90P6CT_0_1622,Placeholder,/job:localhost/replica:0/task:0/device:CPU:0,1.0,0.001
_arg_uSAPL5fkaJ_0_1625,Placeholder,/job:localhost/replica:0/task:0/device:CPU:0,1.0,0.001
_arg_vO8P2sYyzd_0_1653,Placeholder,/job:localhost/replica:0/task:0/device:CPU:0,1.0,0.001
_arg_vuqSQlPc5R_0_1671,Placeholder,/job:localhost/replica:0/task:0/device:CPU:0,1.0,0.001
_arg_vZ3T21Rl5a_0_1661,Placeholder,/job:localhost/replica:0/task:0/device:CPU:0,1.0,0.001
_arg_wIUlZD7tdR_0_1681,Placeholder,/job:localhost/replica:0/task:0/device:CPU:0,1.0,0.001
_arg_wRD04xSmf9_0_1686,Placeholder,/job:localhost/replica:0/task:0/device:CPU:0,1.0,0.001
_arg_wcOM8CWogK_0_1694,Placeholder,/job:localhost/replica:0/task:0/device:CPU:0,1.0,0.001
_arg_wgxNOiJ9VC_0_1697,Placeholder,/job:localhost/replica:0/task:0/device:CPU:0,1.0,0.001
_arg_woM9FLQ7jr_0_1701,Placeholder,/job:localhost/replica:0/task:0/device:CPU:0,1.0,0.001
_arg_wzAsXGb4QM_0_1705,Placeholder,/job:localhost/replica:0/task:0/device:CPU:0,1.0,0.001
_arg_rtYgD2zw0V_0_1547,Placeholder,/job:localhost/replica:0/task:0/device:CPU:0,1.0,0.001
_arg_xH3PvZiQq4_0_1717,Placeholder,/job:localhost/replica:0/task:0/device:CPU:0,1.0,0.001
_arg_s9g7HfPRrp_0_1555,Placeholder,/job:localhost/replica:0/task:0/device:CPU:0,1.0,0.001
_arg_xmbs9nlPNT_0_1730,Placeholder,/job:localhost/replica:0/task:0/device:CPU:0,1.0,0.001
_arg_yAuX6KLVlM_0_1734,Placeholder,/job:localhost/replica:0/task:0/device:CPU:0,1.0,0.001
_arg_yLoluwt8v0_0_1738,Placeholder,/job:localhost/replica:0/task:0/device:CPU:0,1.0,0.001
_arg_yUmdCFoOG3_0_1741,Placeholder,/job:localhost/replica:0/task:0/device:CPU:0,1.0,0.001
_arg_yuNd0pLRGh_0_1752,Placeholder,/job:localhost/replica:0/task:0/device:CPU:0,1.0,0.001
_arg_tEZHp4dARw_0_1590,Placeholder,/job:localhost/replica:0/task:0/device:CPU:0,1.0,0.001
_arg_z5JHERfgmB_0_1760,Placeholder,/job:localhost/replica:0/task:0/device:CPU:0,1.0,0.001
_arg_zIMCRENGoO_0_1766,Placeholder,/job:localhost/replica:0/task:0/device:CPU:0,1.0,0.001
_arg_zYWXtKc3xO_0_1770,Placeholder,/job:localhost/replica:0/task:0/device:CPU:0,1.0,0.001
_arg_zfxSyAkHDO_0_1774,Placeholder,/job:localhost/replica:0/task:0/device:CPU:0,1.0,0.001
_arg_vxpto4h5jb_0_1672,Placeholder,/job:localhost/replica:0/task:0/device:CPU:0,1.0,0.001
_arg_wEer10XTK3_0_1678,Placeholder,/job:localhost/replica:0/task:0/device:CPU:0,1.0,0.001
_arg_wSGfUCKBmy_0_1687,Placeholder,/job:localhost/replica:0/task:0/device:CPU:0,1.0,0.001
_arg_wbGNjWO9pQ_0_1691,Placeholder,/job:localhost/replica:0/task:0/device:CPU:0,1.0,0.001
_arg_wd4L5fAorq_0_1695,Placeholder,/job:localhost/replica:0/task:0/device:CPU:0,1.0,0.001
_arg_wiWkBA5eSn_0_1698,Placeholder,/job:localhost/replica:0/task:0/device:CPU:0,1.0,0.001
_arg_wrbsjPz9XN_0_1702,Placeholder,/job:localhost/replica:0/task:0/device:CPU:0,1.0,0.001
_arg_wzjhLxgS4Q_0_1706,Placeholder,/job:localhost/replica:0/task:0/device:CPU:0,1.0,0.001
_arg_x1NaoVsu8g_0_1710,Placeholder,/job:localhost/replica:0/task:0/device:CPU:0,1.0,0.001
_arg_x9Dz8CJQdi_0_1713,Placeholder,/job:localhost/replica:0/task:0/device:CPU:0,1.0,0.001
_arg_xHLKCpquTZ_0_1718,Placeholder,/job:localhost/replica:0/task:0/device:CPU:0,1.0,0.001
_arg_xUCBFhofgp_0_1721,Placeholder,/job:localhost/replica:0/task:0/device:CPU:0,1.0,0.001
_arg_xgqaoJvB0Q_0_1726,Placeholder,/job:localhost/replica:0/task:0/device:CPU:0,1.0,0.001
_arg_xw1mq0KabT_0_1731,Placeholder,/job:localhost/replica:0/task:0/device:CPU:0,1.0,0.001
_arg_yD02XAZLTG_0_1735,Placeholder,/job:localhost/replica:0/task:0/device:CPU:0,1.0,0.001
_arg_ySY6bTu21I_0_1739,Placeholder,/job:localhost/replica:0/task:0/device:CPU:0,1.0,0.001
_arg_yVF5ip0rUW_0_1742,Placeholder,/job:localhost/replica:0/task:0/device:CPU:0,1.0,0.001
_arg_yg64Nzub9W_0_1748,Placeholder,/job:localhost/replica:0/task:0/device:CPU:0,1.0,0.001
_arg_yvrdGt8lkN_0_1753,Placeholder,/job:localhost/replica:0/task:0/device:CPU:0,1.0,0.001
_arg_yxN6LDoSiX_0_1756,Placeholder,/job:localhost/replica:0/task:0/device:CPU:0,1.0,0.001
_arg_z5o03alPRk_0_1761,Placeholder,/job:localhost/replica:0/task:0/device:CPU:0,1.0,0.001
_arg_zLtg98pbQr_0_1767,Placeholder,/job:localhost/replica:0/task:0/device:CPU:0,1.0,0.001
_arg_zZ2Khg7s9J_0_1771,Placeholder,/job:localhost/replica:0/task:0/device:CPU:0,1.0,0.001
_arg_zjN1VbA4XG_0_1778,Placeholder,/job:localhost/replica:0/task:0/device:CPU:0,1.0,0.001
_arg_w2v3CUXHbA_0_1674,Placeholder,/job:localhost/replica:0/task:0/device:CPU:0,1.0,0.001
_arg_wNvh8kFs1p_0_1683,Placeholder,/job:localhost/replica:0/task:0/device:CPU:0,1.0,0.001
_arg_wSh4kEr6cn_0_1688,Placeholder,/job:localhost/replica:0/task:0/device:CPU:0,1.0,0.001
_arg_wbesENl1pk_0_1692,Placeholder,/job:localhost/replica:0/task:0/device:CPU:0,1.0,0.001
_arg_wdHec7KQoT_0_1696,Placeholder,/job:localhost/replica:0/task:0/device:CPU:0,1.0,0.001
_arg_wnvbCOjIip_0_1699,Placeholder,/job:localhost/replica:0/task:0/device:CPU:0,1.0,0.001
_arg_wue3ghYiQT_0_1703,Placeholder,/job:localhost/replica:0/task:0/device:CPU:0,1.0,0.001
_arg_wzrTPRIbtu_0_1707,Placeholder,/job:localhost/replica:0/task:0/device:CPU:0,1.0,0.001
_arg_x2f6Mzu5pF_0_1711,Placeholder,/job:localhost/replica:0/task:0/device:CPU:0,1.0,0.001
_arg_xApqzQ2aed_0_1714,Placeholder,/job:localhost/replica:0/task:0/device:CPU:0,1.0,0.001
_arg_xJVrCfWv2Q_0_1719,Placeholder,/job:localhost/replica:0/task:0/device:CPU:0,1.0,0.001
_arg_xXVSZh7bqA_0_1722,Placeholder,/job:localhost/replica:0/task:0/device:CPU:0,1.0,0.001
_arg_xhmGLvTHJe_0_1727,Placeholder,/job:localhost/replica:0/task:0/device:CPU:0,1.0,0.001
_arg_y24RCxWwdi_0_1732,Placeholder,/job:localhost/replica:0/task:0/device:CPU:0,1.0,0.001
_arg_yD6dIGFchR_0_1736,Placeholder,/job:localhost/replica:0/task:0/device:CPU:0,1.0,0.001
_arg_yWR3tM27GX_0_1743,Placeholder,/job:localhost/replica:0/task:0/device:CPU:0,1.0,0.001
_arg_ydbzZefFg4_0_1747,Placeholder,/job:localhost/replica:0/task:0/device:CPU:0,1.0,0.001
_arg_yhjUG3lbqO_0_1749,Placeholder,/job:localhost/replica:0/task:0/device:CPU:0,1.0,0.001
_arg_ywnfTSaAeI_0_1754,Placeholder,/job:localhost/replica:0/task:0/device:CPU:0,1.0,0.001
_arg_yztesd2Yoi_0_1757,Placeholder,/job:localhost/replica:0/task:0/device:CPU:0,1.0,0.001
_arg_wI27DgeSiB_0_1680,Placeholder,/job:localhost/replica:0/task:0/device:CPU:0,1.0,0.001
_arg_wOfnyml4R0_0_1684,Placeholder,/job:localhost/replica:0/task:0/device:CPU:0,1.0,0.001
_arg_wo86Wpq3Z7_0_1700,Placeholder,/job:localhost/replica:0/task:0/device:CPU:0,1.0,0.001
_arg_wvEKbqZLI6_0_1704,Placeholder,/job:localhost/replica:0/task:0/device:CPU:0,1.0,0.001
_arg_x0WBKJg3l4_0_1708,Placeholder,/job:localhost/replica:0/task:0/device:CPU:0,1.0,0.001
_arg_xDK5isOGkq_0_1715,Placeholder,/job:localhost/replica:0/task:0/device:CPU:0,1.0,0.001
_arg_xP6p3iToEg_0_1720,Placeholder,/job:localhost/replica:0/task:0/device:CPU:0,1.0,0.001
_arg_xjOQSc34Lf_0_1728,Placeholder,/job:localhost/replica:0/task:0/device:CPU:0,1.0,0.001
_arg_z4EykRlcaB_0_1758,Placeholder,/job:localhost/replica:0/task:0/device:CPU:0,1.0,0.001
_arg_w5firlC8UK_0_1676,Placeholder,/job:localhost/replica:0/task:0/device:CPU:0,1.0,0.001
_arg_xF3DAsd6pi_0_1716,Placeholder,/job:localhost/replica:0/task:0/device:CPU:0,1.0,0.001
_arg_yrXD4VQm6H_0_1751,Placeholder,/job:localhost/replica:0/task:0/device:CPU:0,1.0,0.001
_arg_z53aiOtJC9_0_1759,Placeholder,/job:localhost/replica:0/task:0/device:CPU:0,1.0,0.001
_retval_HzxwhMYV68_0_7,Prod,/job:localhost/replica:0/task:0/device:CPU:0,1.0,0.001
_retval_ek7Y8rO4Cf_0_12,Prod,/job:localhost/replica:0/task:0/device:CPU:0,1.0,0.001
_retval_y67Z0rOqJP_0_16,Mean,/job:localhost/replica:0/task:0/device:CPU:0,1.0,0.001
_retval_F4UpZQk5ug_0_5,Prod,/job:localhost/replica:0/task:0/device:CPU:0,1.0,0.001
_retval_4iTkmPSqfJ_0_1,Prod,/job:localhost/replica:0/task:0/device:CPU:0,1.0,0.001
_retval_xDXLUyPFvn_0_15,Prod,/job:localhost/replica:0/task:0/device:CPU:0,1.0,0.001
_retval_Dz0LQOuwU2_0_4,Prod,/job:localhost/replica:0/task:0/device:CPU:0,1.0,0.001
_retval_F50WRZCiGy_0_6,Prod,/job:localhost/replica:0/task:0/device:CPU:0,1.0,0.001
_retval_eMkX7qaGpY_0_11,Mean,/job:localhost/replica:0/task:0/device:CPU:0,1.0,0.001
DPlJQU2Gec,Const,/job:localhost/replica:0/task:0/device:GPU:0,1.0,0.001
jrt2uMfP6q,Const,/job:localhost/replica:0/task:0/device:GPU:0,1.0,0.001
AZVNMqBTzH,Const,/job:localhost/replica:0/task:0/device:GPU:0,1.0,0.001
O75lAELjUh,Const,/job:localhost/replica:0/task:0/device:GPU:0,1.0,0.001
z9U7khSPcf,Const,/job:localhost/replica:0/task:0/device:GPU:0,1.0,0.001
vCIUGSsBj1,Const,/job:localhost/replica:0/task:0/device:GPU:0,1.0,0.001
YMFo3RV5Ai,Const,/job:localhost/replica:0/task:0/device:GPU:0,1.0,0.001
ZYVjCxNImi,Const,/job:localhost/replica:0/task:0/device:GPU:0,1.0,0.001
g4jhmtfw7d,Const,/job:localhost/replica:0/task:0/device:GPU:0,1.0,0.001
yeEDKWclkP,Const,/job:localhost/replica:0/task:0/device:GPU:0,1.0,0.001
G4nAzUCYL5,Const,/job:localhost/replica:0/task:0/device:GPU:0,1.0,0.001
RGftnKJO8A,Const,/job:localhost/replica:0/task:0/device:GPU:0,1.0,0.001
dRyE4sDf5I,Const,/job:localhost/replica:0/task:0/device:GPU:0,1.0,0.001
JWo1idHmy7,Const,/job:localhost/replica:0/task:0/device:GPU:0,1.0,0.001
vpOQt3jihS,Const,/job:localhost/replica:0/task:0/device:GPU:0,1.0,0.001
u5baI8VBEk,Const,/job:localhost/replica:0/task:0/device:GPU:0,1.0,0.001
jxIpfQO5Fg,Const,/job:localhost/replica:0/task:0/device:GPU:0,1.0,0.001
KUTyXNM1ZH,Const,/job:localhost/replica:0/task:0/device:GPU:0,1.0,0.001
ZwL26Stlkb,Const,/job:localhost/replica:0/task:0/device:GPU:0,1.0,0.001
UjTBZfIRtO,Const,/job:localhost/replica:0/task:0/device:GPU:0,1.0,0.001
QNxL5d6Xoe,Const,/job:localhost/replica:0/task:0/device:GPU:0,1.0,0.001
Or2kpYZMNE,Const,/job:localhost/replica:0/task:0/device:GPU:0,1.0,0.001
wNp39syEWk,Const,/job:localhost/replica:0/task:0/device:GPU:0,1.0,0.001
5vR6XNfQId,Const,/job:localhost/replica:0/task:0/device:GPU:0,1.0,0.001
7Llhid8ue6,Const,/job:localhost/replica:0/task:0/device:GPU:0,1.0,0.001
5PBSAeld0F,Const,/job:localhost/replica:0/task:0/device:GPU:0,1.0,0.001
hinQwLEkTp,Const,/job:localhost/replica:0/task:0/device:GPU:0,1.0,0.001
KpDYcrvXUI,Const,/job:localhost/replica:0/task:0/device:GPU:0,1.0,0.001
iFTua165ly,Const,/job:localhost/replica:0/task:0/device:GPU:0,1.0,0.001
DtObya9Mfp,Const,/job:localhost/replica:0/task:0/device:GPU:0,1.0,0.001
wo6MKRQgUf,Const,/job:localhost/replica:0/task:0/device:GPU:0,1.0,0.001
dZkNKOjzfg,Const,/job:localhost/replica:0/task:0/device:GPU:0,1.0,0.001
hqn2gHZ8oE,Const,/job:localhost/replica:0/task:0/device:GPU:0,1.0,0.001
MrnS8XwVom,Const,/job:localhost/replica:0/task:0/device:GPU:0,1.0,0.001
0ba6F3vg2c,Const,/job:localhost/replica:0/task:0/device:GPU:0,1.0,0.001
5VBhyM9xqL,Const,/job:localhost/replica:0/task:0/device:GPU:0,1.0,0.001
bviFxpVHSm,Const,/job:localhost/replica:0/task:0/device:GPU:0,1.0,0.001
wKMEJuUt7B,Const,/job:localhost/replica:0/task:0/device:GPU:0,1.0,0.001
SHEya9ZUjn,Const,/job:localhost/replica:0/task:0/device:GPU:0,1.0,0.001
GLPYOixjml,Const,/job:localhost/replica:0/task:0/device:GPU:0,1.0,0.001
idZeVU197l,Const,/job:localhost/replica:0/task:0/device:GPU:0,1.0,0.001
2cFTkmXUZn,Const,/job:localhost/replica:0/task:0/device:GPU:0,1.0,0.001
dsqtVEZkHc,Const,/job:localhost/replica:0/task:0/device:GPU:0,1.0,0.001
KXIDaiUNHG,Const,/job:localhost/replica:0/task:0/device:GPU:0,1.0,0.001
X5ZhtCQJp6,Const,/job:localhost/replica:0/task:0/device:GPU:0,1.0,0.001
r9k1JpwOQe,Const,/job:localhost/replica:0/task:0/device:GPU:0,1.0,0.001
ck8jIsG3nf,Const,/job:localhost/replica:0/task:0/device:GPU:0,1.0,0.001
qCpl0YA496,Const,/job:localhost/replica:0/task:0/device:GPU:0,1.0,0.001
m64PH5zsgZ,Const,/job:localhost/replica:0/task:0/device:GPU:0,1.0,0.001
Dd6gvwPRYX,Const,/job:localhost/replica:0/task:0/device:GPU:0,1.0,0.001
Q9ozOnsy3B,Const,/job:localhost/replica:0/task:0/device:GPU:0,1.0,0.001
3d2YwyT6ln,Const,/job:localhost/replica:0/task:0/device:GPU:0,1.0,0.001
5TaA63dC7w,Const,/job:localhost/replica:0/task:0/device:GPU:0,1.0,0.001
6Dw4XU9kxz,Const,/job:localhost/replica:0/task:0/device:GPU:0,1.0,0.001
5Dd03kuaqS,Const,/job:localhost/replica:0/task:0/device:GPU:0,1.0,0.001
k7LW1xsmSr,Const,/job:localhost/replica:0/task:0/device:GPU:0,1.0,0.001
uytObj8sKU,Const,/job:localhost/replica:0/task:0/device:GPU:0,1.0,0.001
0VMjbw4ZAK,Const,/job:localhost/replica:0/task:0/device:GPU:0,1.0,0.001
0dy7AzcNMh,Const,/job:localhost/replica:0/task:0/device:GPU:0,1.0,0.001
KlDXpzWftC,Const,/job:localhost/replica:0/task:0/device:GPU:0,1.0,0.001
fln32GRO05,Const,/job:localhost/replica:0/task:0/device:GPU:0,1.0,0.001
91pnPTdazj,Const,/job:localhost/replica:0/task:0/device:GPU:0,1.0,0.001
cmVzI7XJA8,Const,/job:localhost/replica:0/task:0/device:GPU:0,1.0,0.001
wV7zoPmJpt,Const,/job:localhost/replica:0/task:0/device:GPU:0,1.0,0.001
x21UKIyRv8,Const,/job:localhost/replica:0/task:0/device:GPU:0,1.0,0.001
jQcFW7NPYi,Const,/job:localhost/replica:0/task:0/device:GPU:0,1.0,0.001
wO7ZiEyAml,Const,/job:localhost/replica:0/task:0/device:GPU:0,1.0,0.001
QStaxje1qf,Const,/job:localhost/replica:0/task:0/device:GPU:0,1.0,0.001
DR30bsPhep,Const,/job:localhost/replica:0/task:0/device:GPU:0,1.0,0.001
OkBpaKwNC0,Const,/job:localhost/replica:0/task:0/device:GPU:0,1.0,0.001
tISMoJlBEz,Const,/job:localhost/replica:0/task:0/device:GPU:0,1.0,0.001
gBeGR0imbY,Const,/job:localhost/replica:0/task:0/device:GPU:0,1.0,0.001
tjbhXiGI5S,Const,/job:localhost/replica:0/task:0/device:GPU:0,1.0,0.001
PDoHStI4hC,Const,/job:localhost/replica:0/task:0/device:GPU:0,1.0,0.001
v9u7osqij1,Const,/job:localhost/replica:0/task:0/device:GPU:0,1.0,0.001
uhWwJe3IkZ,Const,/job:localhost/replica:0/task:0/device:GPU:0,1.0,0.001
ztwMk9EaX7,Const,/job:localhost/replica:0/task:0/device:GPU:0,1.0,0.001
gS3GxtiHYc,Const,/job:localhost/replica:0/task:0/device:GPU:0,1.0,0.001
ZQKYUCmbNH,Const,/job:localhost/replica:0/task:0/device:GPU:0,1.0,0.001
C81OKPNhym,Const,/job:localhost/replica:0/task:0/device:GPU:0,1.0,0.001
pOAoJ1x5iu,Const,/job:localhost/replica:0/task:0/device:GPU:0,1.0,0.001
bvMfqJ4nU6,Const,/job:localhost/replica:0/task:0/device:GPU:0,1.0,0.001
fP36TrnHU7,Const,/job:localhost/replica:0/task:0/device:GPU:0,1.0,0.001
n9ZuzYGI4i,Const,/job:localhost/replica:0/task:0/device:GPU:0,1.0,0.001
ikNKezFbGY,Const,/job:localhost/replica:0/task:0/device:GPU:0,1.0,0.001
LufHPEK8Bt,Const,/job:localhost/replica:0/task:0/device:GPU:0,1.0,0.001
9EOzqaQnIl,Const,/job:localhost/replica:0/task:0/device:GPU:0,1.0,0.001
P8cDFNYgqS,Const,/job:localhost/replica:0/task:0/device:GPU:0,1.0,0.001
2t6E1IhxlX,Const,/job:localhost/replica:0/task:0/device:GPU:0,1.0,0.001
o4BRn6XCvA,Const,/job:localhost/replica:0/task:0/device:GPU:0,1.0,0.001
K2Mdrn0lu7,Const,/job:localhost/replica:0/task:0/device:GPU:0,1.0,0.001
w9ucaoC0gv,Const,/job:localhost/replica:0/task:0/device:GPU:0,1.0,0.001
aMJSWBUIPY,Const,/job:localhost/replica:0/task:0/device:GPU:0,1.0,0.001
5PY0GzkFeH,Const,/job:localhost/replica:0/task:0/device:GPU:0,1.0,0.001
QLAKqGWXza,Const,/job:localhost/replica:0/task:0/device:GPU:0,1.0,0.001
OY1Vm0MnbA,Const,/job:localhost/replica:0/task:0/device:GPU:0,1.0,0.001
ctdLvnahAV,Const,/job:localhost/replica:0/task:0/device:GPU:0,1.0,0.001
Iu7SerTjDG,Const,/job:localhost/replica:0/task:0/device:GPU:0,1.0,0.001
FMgeQKDNqW,Const,/job:localhost/replica:0/task:0/device:GPU:0,1.0,0.001
W6wabu4VRq,Const,/job:localhost/replica:0/task:0/device:GPU:0,1.0,0.001
MDHSG5kd6b,Const,/job:localhost/replica:0/task:0/device:GPU:0,1.0,0.001
G0pCeyLjOM,Const,/job:localhost/replica:0/task:0/device:GPU:0,1.0,0.001
Joz6DKOmne,Const,/job:localhost/replica:0/task:0/device:GPU:0,1.0,0.001
ZRDEtj5eHh,Const,/job:localhost/replica:0/task:0/device:GPU:0,1.0,0.001
VUgPumOhYZ,Const,/job:localhost/replica:0/task:0/device:GPU:0,1.0,0.001
v3dFw5Cgre,Const,/job:localhost/replica:0/task:0/device:GPU:0,1.0,0.001
kauXGcVwzW,Const,/job:localhost/replica:0/task:0/device:GPU:0,1.0,0.001
ubZJFCveW1,Const,/job:localhost/replica:0/task:0/device:GPU:0,1.0,0.001
vsQmIiLU5M,Const,/job:localhost/replica:0/task:0/device:GPU:0,1.0,0.001
1d8rjBOAZN,Const,/job:localhost/replica:0/task:0/device:GPU:0,1.0,0.001
8x62W3ITjX,Const,/job:localhost/replica:0/task:0/device:GPU:0,1.0,0.001
XmOAcv01uk,Const,/job:localhost/replica:0/task:0/device:GPU:0,1.0,0.001
wI1tS8nBFU,Const,/job:localhost/replica:0/task:0/device:GPU:0,1.0,0.001
3Bc6NjgOUG,Const,/job:localhost/replica:0/task:0/device:GPU:0,1.0,0.001
EVNqnBiLvQ,Const,/job:localhost/replica:0/task:0/device:GPU:0,1.0,0.001
D5EPIkyg9u,Const,/job:localhost/replica:0/task:0/device:GPU:0,1.0,0.001
oFMQ6gsZCh,Const,/job:localhost/replica:0/task:0/device:GPU:0,1.0,0.001
A9shOPVCiw,Const,/job:localhost/replica:0/task:0/device:GPU:0,1.0,0.001
kX1IeYary9,Const,/job:localhost/replica:0/task:0/device:GPU:0,1.0,0.001
RObfDcazpI,Const,/job:localhost/replica:0/task:0/device:GPU:0,1.0,0.001
PyYak1NFIB,Const,/job:localhost/replica:0/task:0/device:GPU:0,1.0,0.001
UHLMG0F3hm,Const,/job:localhost/replica:0/task:0/device:GPU:0,1.0,0.001
zWf5dYnGm0,Const,/job:localhost/replica:0/task:0/device:GPU:0,1.0,0.001
5bI2AjXOD7,Const,/job:localhost/replica:0/task:0/device:GPU:0,1.0,0.001
t138rOHFG4,Const,/job:localhost/replica:0/task:0/device:GPU:0,1.0,0.001
CmWY0ghNu7,Const,/job:localhost/replica:0/task:0/device:GPU:0,1.0,0.001
l3TBjfFy5z,Const,/job:localhost/replica:0/task:0/device:GPU:0,1.0,0.001
4K62E3wTd1,Const,/job:localhost/replica:0/task:0/device:GPU:0,1.0,0.001
cgOpLtHbW0,Const,/job:localhost/replica:0/task:0/device:GPU:0,1.0,0.001
YlBoriJzTg,Const,/job:localhost/replica:0/task:0/device:GPU:0,1.0,0.001
nrKCwvfDRL,Const,/job:localhost/replica:0/task:0/device:GPU:0,1.0,0.001
5ha3dEJLjO,Const,/job:localhost/replica:0/task:0/device:GPU:0,1.0,0.001
i2GqAL6WJY,Const,/job:localhost/replica:0/task:0/device:GPU:0,1.0,0.001
IfBtQdc6HM,Const,/job:localhost/replica:0/task:0/device:GPU:0,1.0,0.001
cb4QGhkKIf,Const,/job:localhost/replica:0/task:0/device:GPU:0,1.0,0.001
6NowCuW4EG,Const,/job:localhost/replica:0/task:0/device:GPU:0,1.0,0.001
EA4v9CsPNV,Const,/job:localhost/replica:0/task:0/device:GPU:0,1.0,0.001
HbmdUXVJtj,Const,/job:localhost/replica:0/task:0/device:GPU:0,1.0,0.001
tVPv2eq9pC,Const,/job:localhost/replica:0/task:0/device:GPU:0,1.0,0.001
SRP5lvQxnA,Const,/job:localhost/replica:0/task:0/device:GPU:0,1.0,0.001
5zZBDLVfch,Const,/job:localhost/replica:0/task:0/device:GPU:0,1.0,0.001
063khpDltH,Const,/job:localhost/replica:0/task:0/device:GPU:0,1.0,0.001
8XpuL7oq0R,Const,/job:localhost/replica:0/task:0/device:GPU:0,1.0,0.001
aF1feDqJ8y,Const,/job:localhost/replica:0/task:0/device:GPU:0,1.0,0.001
JtXnkKBh1M,Const,/job:localhost/replica:0/task:0/device:GPU:0,1.0,0.001
4yatNJXudU,Const,/job:localhost/replica:0/task:0/device:GPU:0,1.0,0.001
vEfmxY3Uao,Const,/job:localhost/replica:0/task:0/device:GPU:0,1.0,0.001
wglVjZf7aT,Const,/job:localhost/replica:0/task:0/device:GPU:0,1.0,0.001
SzUCT7hl5k,Const,/job:localhost/replica:0/task:0/device:GPU:0,1.0,0.001
EyJzAH2Ohx,Const,/job:localhost/replica:0/task:0/device:GPU:0,1.0,0.001
39xOo2b71N,Const,/job:localhost/replica:0/task:0/device:GPU:0,1.0,0.001
qPx7GupIXm,Const,/job:localhost/replica:0/task:0/device:GPU:0,1.0,0.001
JGi8qa0XTK,Const,/job:localhost/replica:0/task:0/device:GPU:0,1.0,0.001
9ZtXKQmaw5,Const,/job:localhost/replica:0/task:0/device:GPU:0,1.0,0.001
kEAfp54QFl,Const,/job:localhost/replica:0/task:0/device:GPU:0,1.0,0.001
q4oufJ5BHm,Const,/job:localhost/replica:0/task:0/device:GPU:0,1.0,0.001
AIuhc30PwJ,Const,/job:localhost/replica:0/task:0/device:GPU:0,1.0,0.001
dbriycUtKO,Const,/job:localhost/replica:0/task:0/device:GPU:0,1.0,0.001
HNjfYJRkF9,Const,/job:localhost/replica:0/task:0/device:GPU:0,1.0,0.001
jXkYvMTG1U,Const,/job:localhost/replica:0/task:0/device:GPU:0,1.0,0.001
UROzaWvNAL,Const,/job:localhost/replica:0/task:0/device:GPU:0,1.0,0.001
xJ3bUZMEkX,Const,/job:localhost/replica:0/task:0/device:GPU:0,1.0,0.001
9CQR2e73d8,Const,/job:localhost/replica:0/task:0/device:GPU:0,1.0,0.001
C2MbhGpJS3,Const,/job:localhost/replica:0/task:0/device:GPU:0,1.0,0.001
Fu8JUOCcIA,Const,/job:localhost/replica:0/task:0/device:GPU:0,1.0,0.001
zyZ3XK2ja6,Const,/job:localhost/replica:0/task:0/device:GPU:0,1.0,0.001
ObR5LXiptB,Const,/job:localhost/replica:0/task:0/device:GPU:0,1.0,0.001
iIZn6uhLGe,Const,/job:localhost/replica:0/task:0/device:GPU:0,1.0,0.001
IKStDZ4E6v,Const,/job:localhost/replica:0/task:0/device:GPU:0,1.0,0.001
TpCfE6dUrK,Const,/job:localhost/replica:0/task:0/device:GPU:0,1.0,0.001
M02zl6qIjK,Const,/job:localhost/replica:0/task:0/device:GPU:0,1.0,0.001
2ANGMRlYPe,Const,/job:localhost/replica:0/task:0/device:GPU:0,1.0,0.001
8U9zITXrQL,Const,/job:localhost/replica:0/task:0/device:GPU:0,1.0,0.001
pFjEXb1qkS,Const,/job:localhost/replica:0/task:0/device:GPU:0,1.0,0.001
a3PEy4uScK,Const,/job:localhost/replica:0/task:0/device:GPU:0,1.0,0.001
zkycMSPTBW,Const,/job:localhost/replica:0/task:0/device:GPU:0,1.0,0.001
OQXdl2hFUI,Const,/job:localhost/replica:0/task:0/device:GPU:0,1.0,0.001
WILKf2DPMs,Const,/job:localhost/replica:0/task:0/device:GPU:0,1.0,0.001
SAMPJrHvmR,Const,/job:localhost/replica:0/task:0/device:GPU:0,1.0,0.001
uTmzXHpiUI,Const,/job:localhost/replica:0/task:0/device:GPU:0,1.0,0.001
ALe3yCYoQa,Const,/job:localhost/replica:0/task:0/device:GPU:0,1.0,0.001
OUIPX7Y8f1,Const,/job:localhost/replica:0/task:0/device:GPU:0,1.0,0.001
IvFMcodB5w,Const,/job:localhost/replica:0/task:0/device:GPU:0,1.0,0.001
Hfv0Tg3BsC,Const,/job:localhost/replica:0/task:0/device:GPU:0,1.0,0.001
WZNCpFrQHL,Const,/job:localhost/replica:0/task:0/device:GPU:0,1.0,0.001
3lWbfdIjsu,Const,/job:localhost/replica:0/task:0/device:GPU:0,1.0,0.001
ZhdikNIacj,Const,/job:localhost/replica:0/task:0/device:GPU:0,1.0,0.001
7foUqKREOF,Const,/job:localhost/replica:0/task:0/device:GPU:0,1.0,0.001
3Li0t2DBhA,Const,/job:localhost/replica:0/task:0/device:GPU:0,1.0,0.001
zFLCvZqGxU,Const,/job:localhost/replica:0/task:0/device:GPU:0,1.0,0.001
MpJgaZ3VFn,Const,/job:localhost/replica:0/task:0/device:GPU:0,1.0,0.001
EHjJB4AydW,Const,/job:localhost/replica:0/task:0/device:GPU:0,1.0,0.001
d68rfOCJYu,Const,/job:localhost/replica:0/task:0/device:GPU:0,1.0,0.001
TdoL5Z2Cgi,Const,/job:localhost/replica:0/task:0/device:GPU:0,1.0,0.001
uUGkHcENzR,Const,/job:localhost/replica:0/task:0/device:GPU:0,1.0,0.001
hRlqINSsPc,Const,/job:localhost/replica:0/task:0/device:GPU:0,1.0,0.001
EWAQNCJebv,Const,/job:localhost/replica:0/task:0/device:GPU:0,1.0,0.001
ecM9FSqlxb,Const,/job:localhost/replica:0/task:0/device:GPU:0,1.0,0.001
xS7RoZabic,Const,/job:localhost/replica:0/task:0/device:GPU:0,1.0,0.001
m3lZIpvQ6f,Const,/job:localhost/replica:0/task:0/device:GPU:0,1.0,0.001
KGH3dmVvBC,Const,/job:localhost/replica:0/task:0/device:GPU:0,1.0,0.001
xwCKI4habO,Const,/job:localhost/replica:0/task:0/device:GPU:0,1.0,0.001
TYpsP4HhDa,Const,/job:localhost/replica:0/task:0/device:GPU:0,1.0,0.001
CIK0bcrtq8,Const,/job:localhost/replica:0/task:0/device:GPU:0,1.0,0.001
bh2GstvFH6,Const,/job:localhost/replica:0/task:0/device:GPU:0,1.0,0.001
Ou1GDF9Q7p,Const,/job:localhost/replica:0/task:0/device:GPU:0,1.0,0.001
r7kHYjlCnS,Const,/job:localhost/replica:0/task:0/device:GPU:0,1.0,0.001
EebjWKYikq,Const,/job:localhost/replica:0/task:0/device:GPU:0,1.0,0.001
C2vI4Qe59O,Const,/job:localhost/replica:0/task:0/device:GPU:0,1.0,0.001
4wOYVIfuMA,Const,/job:localhost/replica:0/task:0/device:GPU:0,1.0,0.001
pwuXJY4VKk,Const,/job:localhost/replica:0/task:0/device:GPU:0,1.0,0.001
jPHUCTcZmg,Const,/job:localhost/replica:0/task:0/device:GPU:0,1.0,0.001
VD51bFJs3h,Const,/job:localhost/replica:0/task:0/device:GPU:0,1.0,0.001
r4ZaXVgEJF,Const,/job:localhost/replica:0/task:0/device:GPU:0,1.0,0.001
f5eynKDPdV,Const,/job:localhost/replica:0/task:0/device:GPU:0,1.0,0.001
YWlESD47VZ,Const,/job:localhost/replica:0/task:0/device:GPU:0,1.0,0.001
A80oksNxG4,Const,/job:localhost/replica:0/task:0/device:GPU:0,1.0,0.001
5aIvE0mzW7,Const,/job:localhost/replica:0/task:0/device:GPU:0,1.0,0.001
YeISmR2rbn,Const,/job:localhost/replica:0/task:0/device:GPU:0,1.0,0.001
ygorsEDStP,Const,/job:localhost/replica:0/task:0/device:GPU:0,1.0,0.001
ZO1mVrjEfA,Const,/job:localhost/replica:0/task:0/device:GPU:0,1.0,0.001
BfaqA45Fo3,Const,/job:localhost/replica:0/task:0/device:GPU:0,1.0,0.001
ctq1bu7D6X,Const,/job:localhost/replica:0/task:0/device:GPU:0,1.0,0.001
ZAnE7or5Yp,Const,/job:localhost/replica:0/task:0/device:GPU:0,1.0,0.001
gVrIQP3Dim,Const,/job:localhost/replica:0/task:0/device:GPU:0,1.0,0.001
U8hLcCDnHf,Const,/job:localhost/replica:0/task:0/device:GPU:0,1.0,0.001
VLd5YOeWhX,Const,/job:localhost/replica:0/task:0/device:GPU:0,1.0,0.001
EM806yqjgI,Const,/job:localhost/replica:0/task:0/device:GPU:0,1.0,0.001
gvqJ8BRzot,Const,/job:localhost/replica:0/task:0/device:GPU:0,1.0,0.001
W6PyXHnm81,Const,/job:localhost/replica:0/task:0/device:GPU:0,1.0,0.001
8Vy2sot5TD,Const,/job:localhost/replica:0/task:0/device:GPU:0,1.0,0.001
ZqSCV1Dorv,Const,/job:localhost/replica:0/task:0/device:GPU:0,1.0,0.001
JTn8A9FgwZ,Const,/job:localhost/replica:0/task:0/device:GPU:0,1.0,0.001
1BaQquHDxL,Const,/job:localhost/replica:0/task:0/device:GPU:0,1.0,0.001
OGEyCDXPBJ,Const,/job:localhost/replica:0/task:0/device:GPU:0,1.0,0.001
h6cQqkYDaz,Const,/job:localhost/replica:0/task:0/device:GPU:0,1.0,0.001
mvMAWyOxuw,Const,/job:localhost/replica:0/task:0/device:GPU:0,1.0,0.001
UwrRYWHmlB,Const,/job:localhost/replica:0/task:0/device:GPU:0,1.0,0.001
BVRzJ2Wumq,Const,/job:localhost/replica:0/task:0/device:GPU:0,1.0,0.001
vf59eCQIH7,Const,/job:localhost/replica:0/task:0/device:GPU:0,1.0,0.001
LgwAxe7TKF,Const,/job:localhost/replica:0/task:0/device:GPU:0,1.0,0.001
XKg5lOaoHJ,Const,/job:localhost/replica:0/task:0/device:GPU:0,1.0,0.001
XtkLmTy0Me,Const,/job:localhost/replica:0/task:0/device:GPU:0,1.0,0.001
2DTjYQanvg,Const,/job:localhost/replica:0/task:0/device:GPU:0,1.0,0.001
vCpwYdUMJZ,Const,/job:localhost/replica:0/task:0/device:GPU:0,1.0,0.001
8jIPNJy01S,Const,/job:localhost/replica:0/task:0/device:GPU:0,1.0,0.001
sHJaNuY4r7,Const,/job:localhost/replica:0/task:0/device:GPU:0,1.0,0.001
WlrAYpz0ax,Const,/job:localhost/replica:0/task:0/device:GPU:0,1.0,0.001
s4VzLbtHc0,Const,/job:localhost/replica:0/task:0/device:GPU:0,1.0,0.001
6JCn5M1vQe,Const,/job:localhost/replica:0/task:0/device:GPU:0,1.0,0.001
a1FsInJX67,Const,/job:localhost/replica:0/task:0/device:GPU:0,1.0,0.001
6RpHDrVMtC,Const,/job:localhost/replica:0/task:0/device:GPU:0,1.0,0.001
nJpa6UQzA5,Const,/job:localhost/replica:0/task:0/device:GPU:0,1.0,0.001
adHEusAcqx,Const,/job:localhost/replica:0/task:0/device:GPU:0,1.0,0.001
o5hkSKLE3s,Const,/job:localhost/replica:0/task:0/device:GPU:0,1.0,0.001
DuNHOc3lwt,Const,/job:localhost/replica:0/task:0/device:GPU:0,1.0,0.001
HMeRASafTF,Const,/job:localhost/replica:0/task:0/device:GPU:0,1.0,0.001
hM6eWNyoVD,Const,/job:localhost/replica:0/task:0/device:GPU:0,1.0,0.001
H8ZWNvTeOV,Const,/job:localhost/replica:0/task:0/device:GPU:0,1.0,0.001
mtbo3GMdyC,Const,/job:localhost/replica:0/task:0/device:GPU:0,1.0,0.001
L69whToUb7,Const,/job:localhost/replica:0/task:0/device:GPU:0,1.0,0.001
6GoEXwqL8P,Const,/job:localhost/replica:0/task:0/device:GPU:0,1.0,0.001
ewKrQXaqkL,Const,/job:localhost/replica:0/task:0/device:GPU:0,1.0,0.001
sgmUXyO2nr,Const,/job:localhost/replica:0/task:0/device:GPU:0,1.0,0.001
dbPRrom54O,Const,/job:localhost/replica:0/task:0/device:GPU:0,1.0,0.001
gF4eWI0wMn,Const,/job:localhost/replica:0/task:0/device:GPU:0,1.0,0.001
ASN8IYzUdX,Const,/job:localhost/replica:0/task:0/device:GPU:0,1.0,0.001
ZaYQXjM4iW,Const,/job:localhost/replica:0/task:0/device:GPU:0,1.0,0.001
AhvawnVqZ1,Const,/job:localhost/replica:0/task:0/device:GPU:0,1.0,0.001
lv95dJXRPV,Const,/job:localhost/replica:0/task:0/device:GPU:0,1.0,0.001
N9GTE83qkF,Const,/job:localhost/replica:0/task:0/device:GPU:0,1.0,0.001
P9RSshndZC,Const,/job:localhost/replica:0/task:0/device:GPU:0,1.0,0.001
3lUEYgypGn,Const,/job:localhost/replica:0/task:0/device:GPU:0,1.0,0.001
lbwyNDXvdM,Const,/job:localhost/replica:0/task:0/device:GPU:0,1.0,0.001
wJGNe4su08,Const,/job:localhost/replica:0/task:0/device:GPU:0,1.0,0.001
QfXESTguN2,Const,/job:localhost/replica:0/task:0/device:GPU:0,1.0,0.001
bsnJyqxB5S,Const,/job:localhost/replica:0/task:0/device:GPU:0,1.0,0.001
MR0eE78oqj,Const,/job:localhost/replica:0/task:0/device:GPU:0,1.0,0.001
5kReH8Grp7,Const,/job:localhost/replica:0/task:0/device:GPU:0,1.0,0.001
f2eUhjVNud,Const,/job:localhost/replica:0/task:0/device:GPU:0,1.0,0.001
UnIgC2WVYr,Const,/job:localhost/replica:0/task:0/device:GPU:0,1.0,0.001
Vw3KSZuXyG,Const,/job:localhost/replica:0/task:0/device:GPU:0,1.0,0.001
rpqQvgymJt,Const,/job:localhost/replica:0/task:0/device:GPU:0,1.0,0.001
aJukUbdChB,Const,/job:localhost/replica:0/task:0/device:GPU:0,1.0,0.001
4SyETIFpuY,Const,/job:localhost/replica:0/task:0/device:GPU:0,1.0,0.001
lqVEKrezZw,Const,/job:localhost/replica:0/task:0/device:GPU:0,1.0,0.001
0pLBwmsuPY,Const,/job:localhost/replica:0/task:0/device:GPU:0,1.0,0.001
hD4cwx3jVI,Const,/job:localhost/replica:0/task:0/device:GPU:0,1.0,0.001
RrFmNMdE36,Const,/job:localhost/replica:0/task:0/device:GPU:0,1.0,0.001
udcRPKAX5l,Const,/job:localhost/replica:0/task:0/device:GPU:0,1.0,0.001
2xndXBY9Cm,Const,/job:localhost/replica:0/task:0/device:GPU:0,1.0,0.001
SWLXrQb4T2,Const,/job:localhost/replica:0/task:0/device:GPU:0,1.0,0.001
EhPVkxDlOF,Const,/job:localhost/replica:0/task:0/device:GPU:0,1.0,0.001
YyPFdJXHEv,Const,/job:localhost/replica:0/task:0/device:GPU:0,1.0,0.001
2YHsZ3ct5J,Const,/job:localhost/replica:0/task:0/device:GPU:0,1.0,0.001
45D8TFIBLs,Const,/job:localhost/replica:0/task:0/device:GPU:0,1.0,0.001
7xri0EhfWu,Const,/job:localhost/replica:0/task:0/device:GPU:0,1.0,0.001
wZl1qY0bki,Const,/job:localhost/replica:0/task:0/device:GPU:0,1.0,0.001
c6vqzRUnTY,Const,/job:localhost/replica:0/task:0/device:GPU:0,1.0,0.001
dMfjQ7RB28,Const,/job:localhost/replica:0/task:0/device:GPU:0,1.0,0.001
qa4BEUx21Z,Const,/job:localhost/replica:0/task:0/device:GPU:0,1.0,0.001
ExCPmf9iT0,Const,/job:localhost/replica:0/task:0/device:GPU:0,1.0,0.001
WNfaCrTo0q,Const,/job:localhost/replica:0/task:0/device:GPU:0,1.0,0.001
z0dAjIONDy,Const,/job:localhost/replica:0/task:0/device:GPU:0,1.0,0.001
XgUuvt6hFc,Const,/job:localhost/replica:0/task:0/device:GPU:0,1.0,0.001
UbLWDVBR5C,Const,/job:localhost/replica:0/task:0/device:GPU:0,1.0,0.001
Xan28D9irh,Const,/job:localhost/replica:0/task:0/device:GPU:0,1.0,0.001
YNdUhm6cEb,Const,/job:localhost/replica:0/task:0/device:GPU:0,1.0,0.001
1s2yOAU9xo,Const,/job:localhost/replica:0/task:0/device:GPU:0,1.0,0.001
sxhc8nUBHq,Const,/job:localhost/replica:0/task:0/device:GPU:0,1.0,0.001
jsRd7HUpBb,Const,/job:localhost/replica:0/task:0/device:GPU:0,1.0,0.001
sbqVITZBw2,Const,/job:localhost/replica:0/task:0/device:GPU:0,1.0,0.001
5iGw3heHZP,Const,/job:localhost/replica:0/task:0/device:GPU:0,1.0,0.001
yto8wPHceW,Const,/job:localhost/replica:0/task:0/device:GPU:0,1.0,0.001
9My2Cv7ZeR,Const,/job:localhost/replica:0/task:0/device:GPU:0,1.0,0.001
TlYxupFaKk,Const,/job:localhost/replica:0/task:0/device:GPU:0,1.0,0.001
FXuRGQU24e,Const,/job:localhost/replica:0/task:0/device:GPU:0,1.0,0.001
2Ap9tTR54Z,Const,/job:localhost/replica:0/task:0/device:GPU:0,1.0,0.001
4hKi7LxVPa,Const,/job:localhost/replica:0/task:0/device:GPU:0,1.0,0.001
sxy7E4ZNcP,Const,/job:localhost/replica:0/task:0/device:GPU:0,1.0,0.001
5aTjE8s7dq,Const,/job:localhost/replica:0/task:0/device:GPU:0,1.0,0.001
cnhMt143yI,Const,/job:localhost/replica:0/task:0/device:GPU:0,1.0,0.001
jpBuCoLXQA,Const,/job:localhost/replica:0/task:0/device:GPU:0,1.0,0.001
cynKvCTfJA,Const,/job:localhost/replica:0/task:0/device:GPU:0,1.0,0.001
rUw7IsJopx,Const,/job:localhost/replica:0/task:0/device:GPU:0,1.0,0.001
xuRwPXfBkr,Const,/job:localhost/replica:0/task:0/device:GPU:0,1.0,0.001
NhZzf9d1UJ,Const,/job:localhost/replica:0/task:0/device:GPU:0,1.0,0.001
1EKI2gH7Mc,Const,/job:localhost/replica:0/task:0/device:GPU:0,1.0,0.001
iN48FHf9Vr,Const,/job:localhost/replica:0/task:0/device:GPU:0,1.0,0.001
4A0VfpnWK7,Const,/job:localhost/replica:0/task:0/device:GPU:0,1.0,0.001
60jUCxcyqF,Const,/job:localhost/replica:0/task:0/device:GPU:0,1.0,0.001
n0d5bZ1OoE,Const,/job:localhost/replica:0/task:0/device:GPU:0,1.0,0.001
hiBpH5YRu3,Const,/job:localhost/replica:0/task:0/device:GPU:0,1.0,0.001
jYWNEyIQOw,Const,/job:localhost/replica:0/task:0/device:GPU:0,1.0,0.001
7ozCi9VWDG,Const,/job:localhost/replica:0/task:0/device:GPU:0,1.0,0.001
7RT3CzkcEr,Const,/job:localhost/replica:0/task:0/device:GPU:0,1.0,0.001
Qm0wlhnHsr,Const,/job:localhost/replica:0/task:0/device:GPU:0,1.0,0.001
r95lkpxFbg,Const,/job:localhost/replica:0/task:0/device:GPU:0,1.0,0.001
gb7tAfhxCo,Const,/job:localhost/replica:0/task:0/device:GPU:0,1.0,0.001
tsUiYlS7VK,Const,/job:localhost/replica:0/task:0/device:GPU:0,1.0,0.001
A3b0WOgBM6,Const,/job:localhost/replica:0/task:0/device:GPU:0,1.0,0.001
yWkqvS6DdP,Const,/job:localhost/replica:0/task:0/device:GPU:0,1.0,0.001
anSRf4bEMJ,Const,/job:localhost/replica:0/task:0/device:GPU:0,1.0,0.001
uheRjIKQWX,Const,/job:localhost/replica:0/task:0/device:GPU:0,1.0,0.001
lhfuj2PSOa,Const,/job:localhost/replica:0/task:0/device:GPU:0,1.0,0.001
8RpPabu2Q6,Const,/job:localhost/replica:0/task:0/device:GPU:0,1.0,0.001
6e2DO0VQK8,Const,/job:localhost/replica:0/task:0/device:GPU:0,1.0,0.001
0cPsVKLGwD,Const,/job:localhost/replica:0/task:0/device:GPU:0,1.0,0.001
bqWwNIHXQ6,Const,/job:localhost/replica:0/task:0/device:GPU:0,1.0,0.001
tcuzw43WEZ,Const,/job:localhost/replica:0/task:0/device:GPU:0,1.0,0.001
g6bPleoznY,Const,/job:localhost/replica:0/task:0/device:GPU:0,1.0,0.001
bE8eFTVs0H,Const,/job:localhost/replica:0/task:0/device:GPU:0,1.0,0.001
fOEneA1clj,Const,/job:localhost/replica:0/task:0/device:GPU:0,1.0,0.001
KYHrhIilfq,Const,/job:localhost/replica:0/task:0/device:GPU:0,1.0,0.001
scBwft1ulX,Const,/job:localhost/replica:0/task:0/device:GPU:0,1.0,0.001
wnRJHLArSG,Const,/job:localhost/replica:0/task:0/device:GPU:0,1.0,0.001
x2b7d3TmOH,Const,/job:localhost/replica:0/task:0/device:GPU:0,1.0,0.001
wuCX2jYMBb,Const,/job:localhost/replica:0/task:0/device:GPU:0,1.0,0.001
ty1q3rLfWD,Const,/job:localhost/replica:0/task:0/device:GPU:0,1.0,0.001
QNYXRZa576,Const,/job:localhost/replica:0/task:0/device:GPU:0,1.0,0.001
pvJjQZY7sI,Const,/job:localhost/replica:0/task:0/device:GPU:0,1.0,0.001
cgj8HMJsdx,Const,/job:localhost/replica:0/task:0/device:GPU:0,1.0,0.001
f3xkg4BSWs,Const,/job:localhost/replica:0/task:0/device:GPU:0,1.0,0.001
B4e9HEyiho,Const,/job:localhost/replica:0/task:0/device:GPU:0,1.0,0.001
toUfe4NQLW,Const,/job:localhost/replica:0/task:0/device:GPU:0,1.0,0.001
TaF5nrpzm1,Const,/job:localhost/replica:0/task:0/device:GPU:0,1.0,0.001
aDxANo03z7,Const,/job:localhost/replica:0/task:0/device:GPU:0,1.0,0.001
9LF0lyKqrT,Const,/job:localhost/replica:0/task:0/device:GPU:0,1.0,0.001
NACwdO93cB,Const,/job:localhost/replica:0/task:0/device:GPU:0,1.0,0.001
SxCesgQoXb,Const,/job:localhost/replica:0/task:0/device:GPU:0,1.0,0.001
MJ4AC32Ljv,Const,/job:localhost/replica:0/task:0/device:GPU:0,1.0,0.001
l35axLXpEy,Const,/job:localhost/replica:0/task:0/device:GPU:0,1.0,0.001
GKbLuSOwFI,Const,/job:localhost/replica:0/task:0/device:GPU:0,1.0,0.001
4BWQEfTydb,Const,/job:localhost/replica:0/task:0/device:GPU:0,1.0,0.001
Mh4i12lqQC,Const,/job:localhost/replica:0/task:0/device:GPU:0,1.0,0.001
mcPejhZES2,Const,/job:localhost/replica:0/task:0/device:GPU:0,1.0,0.001
bwyDq2KeoX,Const,/job:localhost/replica:0/task:0/device:GPU:0,1.0,0.001
o26uktSgBe,Const,/job:localhost/replica:0/task:0/device:GPU:0,1.0,0.001
NXItwZDzH2,Const,/job:localhost/replica:0/task:0/device:GPU:0,1.0,0.001
nGkUJpLDSK,Const,/job:localhost/replica:0/task:0/device:GPU:0,1.0,0.001
A0MhqkOtcN,Const,/job:localhost/replica:0/task:0/device:GPU:0,1.0,0.001
ybtnmMeuad,Const,/job:localhost/replica:0/task:0/device:GPU:0,1.0,0.001
B7MzbgYGuP,Const,/job:localhost/replica:0/task:0/device:GPU:0,1.0,0.001
U2HdqGOzIt,Const,/job:localhost/replica:0/task:0/device:GPU:0,1.0,0.001
1FYwzZgGVt,Const,/job:localhost/replica:0/task:0/device:GPU:0,1.0,0.001
hwrs5OTzdJ,Const,/job:localhost/replica:0/task:0/device:GPU:0,1.0,0.001
v4JQ1RueCf,Const,/job:localhost/replica:0/task:0/device:GPU:0,1.0,0.001
VI842bEUC1,Const,/job:localhost/replica:0/task:0/device:GPU:0,1.0,0.001
9fWvyqlbKn,Const,/job:localhost/replica:0/task:0/device:GPU:0,1.0,0.001
JEhYPf4r82,Const,/job:localhost/replica:0/task:0/device:GPU:0,1.0,0.001
m6DknZGYNA,Const,/job:localhost/replica:0/task:0/device:GPU:0,1.0,0.001
g7kwL0DQRs,Const,/job:localhost/replica:0/task:0/device:GPU:0,1.0,0.001
MPk8X5Lvst,Const,/job:localhost/replica:0/task:0/device:GPU:0,1.0,0.001
e0lIjqmdgx,Const,/job:localhost/replica:0/task:0/device:GPU:0,1.0,0.001
VlJopN1Whd,Const,/job:localhost/replica:0/task:0/device:GPU:0,1.0,0.001
5STHsdRKef,Const,/job:localhost/replica:0/task:0/device:GPU:0,1.0,0.001
exiYQks3lw,Const,/job:localhost/replica:0/task:0/device:GPU:0,1.0,0.001
by9M6iIW1d,Const,/job:localhost/replica:0/task:0/device:GPU:0,1.0,0.001
bVgDiw5xIG,Const,/job:localhost/replica:0/task:0/device:GPU:0,1.0,0.001
RvyAX4cqf8,Const,/job:localhost/replica:0/task:0/device:GPU:0,1.0,0.001
RrSAHGF4mk,Const,/job:localhost/replica:0/task:0/device:GPU:0,1.0,0.001
sWmYkv37pU,Const,/job:localhost/replica:0/task:0/device:GPU:0,1.0,0.001
TZtUNbMvzs,Const,/job:localhost/replica:0/task:0/device:GPU:0,1.0,0.001
oltS3ZQ0Hi,Const,/job:localhost/replica:0/task:0/device:GPU:0,1.0,0.001
0yzZMVWUSB,Const,/job:localhost/replica:0/task:0/device:GPU:0,1.0,0.001
Ae4z3YqwQF,Const,/job:localhost/replica:0/task:0/device:GPU:0,1.0,0.001
wW3U90vbcd,Const,/job:localhost/replica:0/task:0/device:GPU:0,1.0,0.001
rx4zeFBv91,Const,/job:localhost/replica:0/task:0/device:GPU:0,1.0,0.001
9eiNugDvoO,Const,/job:localhost/replica:0/task:0/device:GPU:0,1.0,0.001
oxZeclhnsv,Const,/job:localhost/replica:0/task:0/device:GPU:0,1.0,0.001
MX08VpobSc,Const,/job:localhost/replica:0/task:0/device:GPU:0,1.0,0.001
tW53EsgQiN,Const,/job:localhost/replica:0/task:0/device:GPU:0,1.0,0.001
DrJUnhxiHj,Const,/job:localhost/replica:0/task:0/device:GPU:0,1.0,0.001
UsfV98TxnH,Const,/job:localhost/replica:0/task:0/device:GPU:0,1.0,0.001
HAlW9g8mdp,Const,/job:localhost/replica:0/task:0/device:GPU:0,1.0,0.001
OycnZaFHU4,Const,/job:localhost/replica:0/task:0/device:GPU:0,1.0,0.001
O9psXveZAI,Const,/job:localhost/replica:0/task:0/device:GPU:0,1.0,0.001
D6aNPKf0Ed,Const,/job:localhost/replica:0/task:0/device:GPU:0,1.0,0.001
PO23StTWQd,Const,/job:localhost/replica:0/task:0/device:GPU:0,1.0,0.001
42Der75shz,Const,/job:localhost/replica:0/task:0/device:GPU:0,1.0,0.001
2Usuzm06N5,Const,/job:localhost/replica:0/task:0/device:GPU:0,1.0,0.001
gMhBop5G9c,Const,/job:localhost/replica:0/task:0/device:GPU:0,1.0,0.001
MfFyjIEJTt,Const,/job:localhost/replica:0/task:0/device:GPU:0,1.0,0.001
R2lsvoXgdF,Const,/job:localhost/replica:0/task:0/device:GPU:0,1.0,0.001
vsy86Nfrba,Const,/job:localhost/replica:0/task:0/device:GPU:0,1.0,0.001
cwq2PU6ZE5,Const,/job:localhost/replica:0/task:0/device:GPU:0,1.0,0.001
Im3XaNCzvL,Const,/job:localhost/replica:0/task:0/device:GPU:0,1.0,0.001
JOfMQ7DZaz,Const,/job:localhost/replica:0/task:0/device:GPU:0,1.0,0.001
b3edDTn9Ju,Const,/job:localhost/replica:0/task:0/device:GPU:0,1.0,0.001
XUT8psCBjc,Const,/job:localhost/replica:0/task:0/device:GPU:0,1.0,0.001
g2Hvo3eay1,Const,/job:localhost/replica:0/task:0/device:GPU:0,1.0,0.001
4dK0lVBHy7,Const,/job:localhost/replica:0/task:0/device:GPU:0,1.0,0.001
7GFY0LibDf,Const,/job:localhost/replica:0/task:0/device:GPU:0,1.0,0.001
Z4atMFBdJR,Const,/job:localhost/replica:0/task:0/device:GPU:0,1.0,0.001
GNqyxfmZ2C,Const,/job:localhost/replica:0/task:0/device:GPU:0,1.0,0.001
zom5ZHsKI8,Const,/job:localhost/replica:0/task:0/device:GPU:0,1.0,0.001
PTCBRrNjkd,Const,/job:localhost/replica:0/task:0/device:GPU:0,1.0,0.001
1TLPZ3V6fJ,Const,/job:localhost/replica:0/task:0/device:GPU:0,1.0,0.001
aQPmFbNsD0,Const,/job:localhost/replica:0/task:0/device:GPU:0,1.0,0.001
92zZroqw5x,Const,/job:localhost/replica:0/task:0/device:GPU:0,1.0,0.001
u79eD3W6rt,Const,/job:localhost/replica:0/task:0/device:GPU:0,1.0,0.001
Zl0TW57fMA,Const,/job:localhost/replica:0/task:0/device:GPU:0,1.0,0.001
mXubnegVQT,Const,/job:localhost/replica:0/task:0/device:GPU:0,1.0,0.001
qVnJSpyCzT,Const,/job:localhost/replica:0/task:0/device:GPU:0,1.0,0.001
8LX7AHkvSE,Const,/job:localhost/replica:0/task:0/device:GPU:0,1.0,0.001
10dfEj3JlF/_18__cf__18,Reshape,/job:localhost/replica:0/task:0/device:GPU:0,1.0,0.001
1Jf5tZ3Ylx/_23__cf__23,Reshape,/job:localhost/replica:0/task:0/device:GPU:0,1.0,0.001
54FbBZartC/_61__cf__61,StridedSlice,/job:localhost/replica:0/task:0/device:GPU:0,1.0,0.001
64tjVMQxZz/_71__cf__71,Reshape,/job:localhost/replica:0/task:0/device:GPU:0,1.0,0.001
2KSbFpXuve/_37__cf__37,Reshape,/job:localhost/replica:0/task:0/device:GPU:0,1.0,0.001
1BkMxs3GR9/_21__cf__21,ExpandDims,/job:localhost/replica:0/task:0/device:GPU:0,1.0,0.001
1koCBEySFz/_29__cf__29,Reshape,/job:localhost/replica:0/task:0/device:GPU:0,1.0,0.001
5FMzyRiPI2/_63__cf__63,Reshape,/job:localhost/replica:0/task:0/device:GPU:0,1.0,0.001
6UR7Q8fyFO/_76__cf__76,Reshape,/job:localhost/replica:0/task:0/device:GPU:0,1.0,0.001
1FJOLm92rn/_22__cf__22,Reshape,/job:localhost/replica:0/task:0/device:GPU:0,1.0,0.001
2Vgx4F8YtT/_42__cf__42,Reshape,/job:localhost/replica:0/task:0/device:GPU:0,1.0,0.001
3fIXF6UVl8/_48__cf__48,Reshape,/job:localhost/replica:0/task:0/device:GPU:0,1.0,0.001
5K7CoOShy2/_64__cf__64,Reshape,/job:localhost/replica:0/task:0/device:GPU:0,1.0,0.001
6hdXRSlzmv/_78__cf__78,Reshape,/job:localhost/replica:0/task:0/device:GPU:0,1.0,0.001
khBNrZKHDy,Const,/job:localhost/replica:0/task:0/device:GPU:0,1.0,0.001
mGflkDtOXT,Const,/job:localhost/replica:0/task:0/device:GPU:0,1.0,0.001
bupQI12LMT,Const,/job:localhost/replica:0/task:0/device:GPU:0,1.0,0.001
h5eIutRqnr,Const,/job:localhost/replica:0/task:0/device:GPU:0,1.0,0.001
ELhs3qacmJ,Const,/job:localhost/replica:0/task:0/device:GPU:0,1.0,0.001
ONebpvUqzE,Const,/job:localhost/replica:0/task:0/device:GPU:0,1.0,0.001
L02QEqCp6N,Const,/job:localhost/replica:0/task:0/device:GPU:0,1.0,0.001
7VdzyGmNS3,Const,/job:localhost/replica:0/task:0/device:GPU:0,1.0,0.001
SOr7KnMamI,Const,/job:localhost/replica:0/task:0/device:GPU:0,1.0,0.001
0xm379dzWq,Const,/job:localhost/replica:0/task:0/device:GPU:0,1.0,0.001
J7bVZItzyp,Const,/job:localhost/replica:0/task:0/device:GPU:0,1.0,0.001
q8xejVFPfK,Const,/job:localhost/replica:0/task:0/device:GPU:0,1.0,0.001
UOBT1AngLt,Const,/job:localhost/replica:0/task:0/device:GPU:0,1.0,0.001
hbYeIpmXWU,Const,/job:localhost/replica:0/task:0/device:GPU:0,1.0,0.001
aqAFTH8gfd,Const,/job:localhost/replica:0/task:0/device:GPU:0,1.0,0.001
NOrmzpkivn,Const,/job:localhost/replica:0/task:0/device:GPU:0,1.0,0.001
SX43apPkDC,Const,/job:localhost/replica:0/task:0/device:GPU:0,1.0,0.001
Pbn7RH5CuY,Const,/job:localhost/replica:0/task:0/device:GPU:0,1.0,0.001
E936SWklhz,Const,/job:localhost/replica:0/task:0/device:GPU:0,1.0,0.001
8PGjd6lYz1,Const,/job:localhost/replica:0/task:0/device:GPU:0,1.0,0.001
1Spq7dPWcr,Const,/job:localhost/replica:0/task:0/device:GPU:0,1.0,0.001
FBLNX8Qt69,Const,/job:localhost/replica:0/task:0/device:GPU:0,1.0,0.001
uAqHVw6GaY,Const,/job:localhost/replica:0/task:0/device:GPU:0,1.0,0.001
2YekBrGUvR,Const,/job:localhost/replica:0/task:0/device:GPU:0,1.0,0.001
wOvU2RyFJL,Const,/job:localhost/replica:0/task:0/device:GPU:0,1.0,0.001
zIDCGmYyXE,Const,/job:localhost/replica:0/task:0/device:GPU:0,1.0,0.001
pHyi5wcTOR,Const,/job:localhost/replica:0/task:0/device:GPU:0,1.0,0.001
sWKoz3qQOl,Const,/job:localhost/replica:0/task:0/device:GPU:0,1.0,0.001
scAjRJvShx,Const,/job:localhost/replica:0/task:0/device:GPU:0,1.0,0.001
gpvQxeAnGU,Const,/job:localhost/replica:0/task:0/device:GPU:0,1.0,0.001
Jarn1Aczpy,Const,/job:localhost/replica:0/task:0/device:GPU:0,1.0,0.001
KXstLn3N5F,Const,/job:localhost/replica:0/task:0/device:GPU:0,1.0,0.001
XUeEGD3VHg,Const,/job:localhost/replica:0/task:0/device:GPU:0,1.0,0.001
voih156V8u,Const,/job:localhost/replica:0/task:0/device:GPU:0,1.0,0.001
8CAQn10KUV,Const,/job:localhost/replica:0/task:0/device:GPU:0,1.0,0.001
B6JmAVaFPN,Const,/job:localhost/replica:0/task:0/device:GPU:0,1.0,0.001
FIcUPJza6E,Const,/job:localhost/replica:0/task:0/device:GPU:0,1.0,0.001
BDH6EQpegc,Const,/job:localhost/replica:0/task:0/device:GPU:0,1.0,0.001
BNLeCJdDEo,Const,/job:localhost/replica:0/task:0/device:GPU:0,1.0,0.001
lkXICL40UW,Const,/job:localhost/replica:0/task:0/device:GPU:0,1.0,0.001
AkpOGoIWmC,Const,/job:localhost/replica:0/task:0/device:GPU:0,1.0,0.001
0JfnQCghjk,Const,/job:localhost/replica:0/task:0/device:GPU:0,1.0,0.001
ZN1jPnclK5,Const,/job:localhost/replica:0/task:0/device:GPU:0,1.0,0.001
3zGMy9bgrJ,Const,/job:localhost/replica:0/task:0/device:GPU:0,1.0,0.001
qWyQGPFlVT,Const,/job:localhost/replica:0/task:0/device:GPU:0,1.0,0.001
dbmnPjyAr0,Const,/job:localhost/replica:0/task:0/device:GPU:0,1.0,0.001
H5gSCWw47r,Const,/job:localhost/replica:0/task:0/device:GPU:0,1.0,0.001
qPHf1lDkg8,Const,/job:localhost/replica:0/task:0/device:GPU:0,1.0,0.001
fKSRjrg7Xv,Const,/job:localhost/replica:0/task:0/device:GPU:0,1.0,0.001
husWTGOQCi,Const,/job:localhost/replica:0/task:0/device:GPU:0,1.0,0.001
HtyZz18OSa,Const,/job:localhost/replica:0/task:0/device:GPU:0,1.0,0.001
YqblWuMQrO,Const,/job:localhost/replica:0/task:0/device:GPU:0,1.0,0.001
TEUjWyNmKS,Const,/job:localhost/replica:0/task:0/device:GPU:0,1.0,0.001
Cc52BIWeNd,Const,/job:localhost/replica:0/task:0/device:GPU:0,1.0,0.001
sIgE0CapMX,Const,/job:localhost/replica:0/task:0/device:GPU:0,1.0,0.001
HRyjdQUoJz,Const,/job:localhost/replica:0/task:0/device:GPU:0,1.0,0.001
inUFBdLOHE,Const,/job:localhost/replica:0/task:0/device:GPU:0,1.0,0.001
w4jpXfMbgT,Const,/job:localhost/replica:0/task:0/device:GPU:0,1.0,0.001
pg0ZfSm1GU,Const,/job:localhost/replica:0/task:0/device:GPU:0,1.0,0.001
grqdW9hLpK,Const,/job:localhost/replica:0/task:0/device:GPU:0,1.0,0.001
2aHJy5KZjC,Const,/job:localhost/replica:0/task:0/device:GPU:0,1.0,0.001
Iy9FUCWhNm,Const,/job:localhost/replica:0/task:0/device:GPU:0,1.0,0.001
djZ8Jtukoa,Const,/job:localhost/replica:0/task:0/device:GPU:0,1.0,0.001
Ny8kVEm5DI,Const,/job:localhost/replica:0/task:0/device:GPU:0,1.0,0.001
TkVcNHFtQe,Const,/job:localhost/replica:0/task:0/device:GPU:0,1.0,0.001
JVvzfRXFKA,Const,/job:localhost/replica:0/task:0/device:GPU:0,1.0,0.001
hLX26lDgCV,Const,/job:localhost/replica:0/task:0/device:GPU:0,1.0,0.001
oRSlpgkbqt,Const,/job:localhost/replica:0/task:0/device:GPU:0,1.0,0.001
t71BRj42MT,Const,/job:localhost/replica:0/task:0/device:GPU:0,1.0,0.001
tIUlbB3izZ,Const,/job:localhost/replica:0/task:0/device:GPU:0,1.0,0.001
v4PcpWXNIk,Const,/job:localhost/replica:0/task:0/device:GPU:0,1.0,0.001
uxvdymS7ek,Const,/job:localhost/replica:0/task:0/device:GPU:0,1.0,0.001
lSQEuzHb0Z,Const,/job:localhost/replica:0/task:0/device:GPU:0,1.0,0.001
Ir8J0alDyL,Const,/job:localhost/replica:0/task:0/device:GPU:0,1.0,0.001
foZNJxqED8,Const,/job:localhost/replica:0/task:0/device:GPU:0,1.0,0.001
x78moW9BpS,Const,/job:localhost/replica:0/task:0/device:GPU:0,1.0,0.001
fvcb18OpDe,Const,/job:localhost/replica:0/task:0/device:GPU:0,1.0,0.001
WJlOIivpzd,Const,/job:localhost/replica:0/task:0/device:GPU:0,1.0,0.001
Oacb3oUpQe,Const,/job:localhost/replica:0/task:0/device:GPU:0,1.0,0.001
ePbBtfsinI,Const,/job:localhost/replica:0/task:0/device:GPU:0,1.0,0.001
kx4NH6JFGn,Const,/job:localhost/replica:0/task:0/device:GPU:0,1.0,0.001
9UqEuOIYbF,Const,/job:localhost/replica:0/task:0/device:GPU:0,1.0,0.001
L6RfVIqOz5,Const,/job:localhost/replica:0/task:0/device:GPU:0,1.0,0.001
Drlmh6tdpq,Const,/job:localhost/replica:0/task:0/device:GPU:0,1.0,0.001
fPDEGLnliT,Const,/job:localhost/replica:0/task:0/device:GPU:0,1.0,0.001
ijNhHAc3Fa,Const,/job:localhost/replica:0/task:0/device:GPU:0,1.0,0.001
h0c3TZnw7V,Const,/job:localhost/replica:0/task:0/device:GPU:0,1.0,0.001
ab2hVRucFi,Const,/job:localhost/replica:0/task:0/device:GPU:0,1.0,0.001
sLVAalGnOk,Const,/job:localhost/replica:0/task:0/device:GPU:0,1.0,0.001
o7cp14yDjL,Const,/job:localhost/replica:0/task:0/device:GPU:0,1.0,0.001
pIkOTCJlg5,Const,/job:localhost/replica:0/task:0/device:GPU:0,1.0,0.001
keJFXZaIA7,Const,/job:localhost/replica:0/task:0/device:GPU:0,1.0,0.001
EOt3su9C0I,Const,/job:localhost/replica:0/task:0/device:GPU:0,1.0,0.001
orcEhRj5QX,Const,/job:localhost/replica:0/task:0/device:GPU:0,1.0,0.001
U4BSd1ZsrL,Const,/job:localhost/replica:0/task:0/device:GPU:0,1.0,0.001
aniJdW9Vt4,Const,/job:localhost/replica:0/task:0/device:GPU:0,1.0,0.001
r4kYP8dzTU,Const,/job:localhost/replica:0/task:0/device:GPU:0,1.0,0.001
WVE0fIFQHm,Const,/job:localhost/replica:0/task:0/device:GPU:0,1.0,0.001
2dEX0SHjK8,Const,/job:localhost/replica:0/task:0/device:GPU:0,1.0,0.001
EQGJ3ImqLK,Const,/job:localhost/replica:0/task:0/device:GPU:0,1.0,0.001
CxSTrAqp1F,Const,/job:localhost/replica:0/task:0/device:GPU:0,1.0,0.001
t3ZJVkNLjr,Const,/job:localhost/replica:0/task:0/device:GPU:0,1.0,0.001
vRfCPHebIN,Const,/job:localhost/replica:0/task:0/device:GPU:0,1.0,0.001
tuWQBy5aXd,Const,/job:localhost/replica:0/task:0/device:GPU:0,1.0,0.001
XnPs9Gix3L,Const,/job:localhost/replica:0/task:0/device:GPU:0,1.0,0.001
JyeSQ6Cp5v,Const,/job:localhost/replica:0/task:0/device:GPU:0,1.0,0.001
PcElsJoOvq,Const,/job:localhost/replica:0/task:0/device:GPU:0,1.0,0.001
8m3ZY7e5P9,Const,/job:localhost/replica:0/task:0/device:GPU:0,1.0,0.001
OnsVbHTez0,Const,/job:localhost/replica:0/task:0/device:GPU:0,1.0,0.001
wNmITvWakJ,Const,/job:localhost/replica:0/task:0/device:GPU:0,1.0,0.001
SlukBbVNU3,Const,/job:localhost/replica:0/task:0/device:GPU:0,1.0,0.001
ZkjuvWapXf,Const,/job:localhost/replica:0/task:0/device:GPU:0,1.0,0.001
Gt89BOuxJi,Const,/job:localhost/replica:0/task:0/device:GPU:0,1.0,0.001
Rh38LsuTBz,Const,/job:localhost/replica:0/task:0/device:GPU:0,1.0,0.001
6gXeBhl40M,Const,/job:localhost/replica:0/task:0/device:GPU:0,1.0,0.001
kVm4FiPGzh,Const,/job:localhost/replica:0/task:0/device:GPU:0,1.0,0.001
4UVsyMZRzO,Const,/job:localhost/replica:0/task:0/device:GPU:0,1.0,0.001
gYpqlFXxNy,Const,/job:localhost/replica:0/task:0/device:GPU:0,1.0,0.001
tGQPHfj6BY,Const,/job:localhost/replica:0/task:0/device:GPU:0,1.0,0.001
LK8DywiVCZ,Const,/job:localhost/replica:0/task:0/device:GPU:0,1.0,0.001
E1CP6kdsSF,Const,/job:localhost/replica:0/task:0/device:GPU:0,1.0,0.001
58q9sLjdXZ,Const,/job:localhost/replica:0/task:0/device:GPU:0,1.0,0.001
hwljtFDmPr,Const,/job:localhost/replica:0/task:0/device:GPU:0,1.0,0.001
SO06cZfg9N,Const,/job:localhost/replica:0/task:0/device:GPU:0,1.0,0.001
e1THFuVrv3,Const,/job:localhost/replica:0/task:0/device:GPU:0,1.0,0.001
yo2D0wSfVr,Const,/job:localhost/replica:0/task:0/device:GPU:0,1.0,0.001
FmHizYLPJg,Const,/job:localhost/replica:0/task:0/device:GPU:0,1.0,0.001
7TviNhLtc9,Const,/job:localhost/replica:0/task:0/device:GPU:0,1.0,0.001
2GHTf6x4BE,Const,/job:localhost/replica:0/task:0/device:GPU:0,1.0,0.001
94yeTdmoNp,Const,/job:localhost/replica:0/task:0/device:GPU:0,1.0,0.001
ZagNlmX48V,Const,/job:localhost/replica:0/task:0/device:GPU:0,1.0,0.001
DZQN5HOpTY,Const,/job:localhost/replica:0/task:0/device:GPU:0,1.0,0.001
M0mrRkD95w,Const,/job:localhost/replica:0/task:0/device:GPU:0,1.0,0.001
a8jr9wNSJK,Const,/job:localhost/replica:0/task:0/device:GPU:0,1.0,0.001
1fELNIr57k,Const,/job:localhost/replica:0/task:0/device:GPU:0,1.0,0.001
W29R8Ynqks,Const,/job:localhost/replica:0/task:0/device:GPU:0,1.0,0.001
R89H6TMeto,Const,/job:localhost/replica:0/task:0/device:GPU:0,1.0,0.001
zy4X6p0MIJ,Const,/job:localhost/replica:0/task:0/device:GPU:0,1.0,0.001
1vRiPgjznf,Const,/job:localhost/replica:0/task:0/device:GPU:0,1.0,0.001
rIn07vLGu1,Const,/job:localhost/replica:0/task:0/device:GPU:0,1.0,0.001
A3o2lGC5PB,Const,/job:localhost/replica:0/task:0/device:GPU:0,1.0,0.001
VGvhZ0y2z5,Const,/job:localhost/replica:0/task:0/device:GPU:0,1.0,0.001
4dSPgrEjxp,Const,/job:localhost/replica:0/task:0/device:GPU:0,1.0,0.001
10bCDHgadx,Const,/job:localhost/replica:0/task:0/device:GPU:0,1.0,0.001
PY1WAyskNR,Const,/job:localhost/replica:0/task:0/device:GPU:0,1.0,0.001
vhjFR4mcOk,Const,/job:localhost/replica:0/task:0/device:GPU:0,1.0,0.001
dv72QWijFo,Const,/job:localhost/replica:0/task:0/device:GPU:0,1.0,0.001
Kbwfq5cRG8,Const,/job:localhost/replica:0/task:0/device:GPU:0,1.0,0.001
eNQlVgZfUy,Const,/job:localhost/replica:0/task:0/device:GPU:0,1.0,0.001
EqfITFpOjR,Const,/job:localhost/replica:0/task:0/device:GPU:0,1.0,0.001
FAPpneaUBE,Const,/job:localhost/replica:0/task:0/device:GPU:0,1.0,0.001
Ack4GWQYpb,Const,/job:localhost/replica:0/task:0/device:GPU:0,1.0,0.001
iDNBMV4nUL,Const,/job:localhost/replica:0/task:0/device:GPU:0,1.0,0.001
JWSQBLkVg1,Const,/job:localhost/replica:0/task:0/device:GPU:0,1.0,0.001
Ls65aGzHM7,Const,/job:localhost/replica:0/task:0/device:GPU:0,1.0,0.001
0oQ7DHwaug,Const,/job:localhost/replica:0/task:0/device:GPU:0,1.0,0.001
aAgZF7UkJ1,Const,/job:localhost/replica:0/task:0/device:GPU:0,1.0,0.001
FlS7IYRBb3,Const,/job:localhost/replica:0/task:0/device:GPU:0,1.0,0.001
SNOam5vbP6,Const,/job:localhost/replica:0/task:0/device:GPU:0,1.0,0.001
gB8cLiMRnz,Const,/job:localhost/replica:0/task:0/device:GPU:0,1.0,0.001
cUBNKVbuma,Const,/job:localhost/replica:0/task:0/device:GPU:0,1.0,0.001
himrXCcHDn,Const,/job:localhost/replica:0/task:0/device:GPU:0,1.0,0.001
Wd18pox4M2,Const,/job:localhost/replica:0/task:0/device:GPU:0,1.0,0.001
FBsdxuCl35,Const,/job:localhost/replica:0/task:0/device:GPU:0,1.0,0.001
slXDxUVIvB,Const,/job:localhost/replica:0/task:0/device:GPU:0,1.0,0.001
MNUkgr9HWX,Const,/job:localhost/replica:0/task:0/device:GPU:0,1.0,0.001
r1jhcqmlgR,Const,/job:localhost/replica:0/task:0/device:GPU:0,1.0,0.001
SO9o0k3Bul,Const,/job:localhost/replica:0/task:0/device:GPU:0,1.0,0.001
jbPg8uZdk3,Const,/job:localhost/replica:0/task:0/device:GPU:0,1.0,0.001
l568Z9ToCb,Const,/job:localhost/replica:0/task:0/device:GPU:0,1.0,0.001
OL4c16awXq,Const,/job:localhost/replica:0/task:0/device:GPU:0,1.0,0.001
brF5TizLZg,Const,/job:localhost/replica:0/task:0/device:GPU:0,1.0,0.001
HmXfpQinY3,Const,/job:localhost/replica:0/task:0/device:GPU:0,1.0,0.001
pBm0tiLUc8,Const,/job:localhost/replica:0/task:0/device:GPU:0,1.0,0.001
Xqhl7iW3Ab,Const,/job:localhost/replica:0/task:0/device:GPU:0,1.0,0.001
pCixBZvMq0,Const,/job:localhost/replica:0/task:0/device:GPU:0,1.0,0.001
lhUF0bQdyw,Const,/job:localhost/replica:0/task:0/device:GPU:0,1.0,0.001
Acf6PIGVJD,Const,/job:localhost/replica:0/task:0/device:GPU:0,1.0,0.001
TpI9cxBvzb,Const,/job:localhost/replica:0/task:0/device:GPU:0,1.0,0.001
UI7HzutBDw,Const,/job:localhost/replica:0/task:0/device:GPU:0,1.0,0.001
fV7XpTQOL9,Const,/job:localhost/replica:0/task:0/device:GPU:0,1.0,0.001
Mb5eogAQIY,Const,/job:localhost/replica:0/task:0/device:GPU:0,1.0,0.001
FHiY4nJxva,Const,/job:localhost/replica:0/task:0/device:GPU:0,1.0,0.001
hEuYa0CnsH,Const,/job:localhost/replica:0/task:0/device:GPU:0,1.0,0.001
NpSFBCwMs6,Const,/job:localhost/replica:0/task:0/device:GPU:0,1.0,0.001
VGW67fCjch,Const,/job:localhost/replica:0/task:0/device:GPU:0,1.0,0.001
5XWAdrKtHf,Const,/job:localhost/replica:0/task:0/device:GPU:0,1.0,0.001
zNiGTwJonb,Const,/job:localhost/replica:0/task:0/device:GPU:0,1.0,0.001
9BXuxE78JH,Const,/job:localhost/replica:0/task:0/device:GPU:0,1.0,0.001
sjBi2K6Pe1,Const,/job:localhost/replica:0/task:0/device:GPU:0,1.0,0.001
J65AeyxYzZ,Const,/job:localhost/replica:0/task:0/device:GPU:0,1.0,0.001
L1wTSOfWlq,Const,/job:localhost/replica:0/task:0/device:GPU:0,1.0,0.001
WRPliarTX4,Const,/job:localhost/replica:0/task:0/device:GPU:0,1.0,0.001
SBnXdKCekP,Const,/job:localhost/replica:0/task:0/device:GPU:0,1.0,0.001
4ZTt3W7X9I,Const,/job:localhost/replica:0/task:0/device:GPU:0,1.0,0.001
T2AOCJHrxW,Const,/job:localhost/replica:0/task:0/device:GPU:0,1.0,0.001
IKWL2rQxGn,Const,/job:localhost/replica:0/task:0/device:GPU:0,1.0,0.001
DKeVIxkLSh,Const,/job:localhost/replica:0/task:0/device:GPU:0,1.0,0.001
BKXGQV8e9F,Const,/job:localhost/replica:0/task:0/device:GPU:0,1.0,0.001
nrkdjuCM0a,Const,/job:localhost/replica:0/task:0/device:GPU:0,1.0,0.001
xM7GbwRIrV,Const,/job:localhost/replica:0/task:0/device:GPU:0,1.0,0.001
eBY9uOUZFm,Const,/job:localhost/replica:0/task:0/device:GPU:0,1.0,0.001
nyiQ2Uc3PN,Const,/job:localhost/replica:0/task:0/device:GPU:0,1.0,0.001
iLbXnBFDag,Const,/job:localhost/replica:0/task:0/device:GPU:0,1.0,0.001
rjB5Og2QwP,Const,/job:localhost/replica:0/task:0/device:GPU:0,1.0,0.001
XQ0ziphoeF,Const,/job:localhost/replica:0/task:0/device:GPU:0,1.0,0.001
fzj0JiWa1y,Const,/job:localhost/replica:0/task:0/device:GPU:0,1.0,0.001
wvFNJgX1Ij,Const,/job:localhost/replica:0/task:0/device:GPU:0,1.0,0.001
SZmgWXLk3t,Const,/job:localhost/replica:0/task:0/device:GPU:0,1.0,0.001
jnd3HxmtfE,Const,/job:localhost/replica:0/task:0/device:GPU:0,1.0,0.001
gVXzFbvrcZ,Const,/job:localhost/replica:0/task:0/device:GPU:0,1.0,0.001
buDQHxVO4z,Const,/job:localhost/replica:0/task:0/device:GPU:0,1.0,0.001
ILyA0Oex8n,Const,/job:localhost/replica:0/task:0/device:GPU:0,1.0,0.001
Lj7R0rfcCX,Const,/job:localhost/replica:0/task:0/device:GPU:0,1.0,0.001
ahR5HErYMU,Const,/job:localhost/replica:0/task:0/device:GPU:0,1.0,0.001
sd07pe3VRt,Const,/job:localhost/replica:0/task:0/device:GPU:0,1.0,0.001
VeSultjqBC,Const,/job:localhost/replica:0/task:0/device:GPU:0,1.0,0.001
0cpR8ELeVI,Const,/job:localhost/replica:0/task:0/device:GPU:0,1.0,0.001
ax1JRhGe2q,Const,/job:localhost/replica:0/task:0/device:GPU:0,1.0,0.001
IgdoUYGiyk,Const,/job:localhost/replica:0/task:0/device:GPU:0,1.0,0.001
0bIwHOGi7t,Const,/job:localhost/replica:0/task:0/device:GPU:0,1.0,0.001
qvpSkbshi2,Const,/job:localhost/replica:0/task:0/device:GPU:0,1.0,0.001
UK7MIt3c1y,Const,/job:localhost/replica:0/task:0/device:GPU:0,1.0,0.001
1z3sxnSNac,Const,/job:localhost/replica:0/task:0/device:GPU:0,1.0,0.001
OZ4Ied5Abm,Const,/job:localhost/replica:0/task:0/device:GPU:0,1.0,0.001
VhGdjzOr8L,Const,/job:localhost/replica:0/task:0/device:GPU:0,1.0,0.001
kv6MhDibf9,Const,/job:localhost/replica:0/task:0/device:GPU:0,1.0,0.001
3CDvUBImGE,Const,/job:localhost/replica:0/task:0/device:GPU:0,1.0,0.001
OsGivngfMr,Const,/job:localhost/replica:0/task:0/device:GPU:0,1.0,0.001
vysxBk4wQl,Const,/job:localhost/replica:0/task:0/device:GPU:0,1.0,0.001
KWygiLIaQq,Const,/job:localhost/replica:0/task:0/device:GPU:0,1.0,0.001
Xml8FBz6YN,Const,/job:localhost/replica:0/task:0/device:GPU:0,1.0,0.001
eso2dTY3p4,Const,/job:localhost/replica:0/task:0/device:GPU:0,1.0,0.001
0UKb38CBgw,Const,/job:localhost/replica:0/task:0/device:GPU:0,1.0,0.001
XN7FEui8Ip,Const,/job:localhost/replica:0/task:0/device:GPU:0,1.0,0.001
Z0FENbrYhU,Const,/job:localhost/replica:0/task:0/device:GPU:0,1.0,0.001
nCphAx4o2d,Const,/job:localhost/replica:0/task:0/device:GPU:0,1.0,0.001
0PFITjoKug,Const,/job:localhost/replica:0/task:0/device:GPU:0,1.0,0.001
seWk4BIvbS,Const,/job:localhost/replica:0/task:0/device:GPU:0,1.0,0.001
S1Ll64yasW,Const,/job:localhost/replica:0/task:0/device:GPU:0,1.0,0.001
q3HA1LBVSU,Const,/job:localhost/replica:0/task:0/device:GPU:0,1.0,0.001
AZL0hkq3IQ,Const,/job:localhost/replica:0/task:0/device:GPU:0,1.0,0.001
Y7sg0mHZfX,Const,/job:localhost/replica:0/task:0/device:GPU:0,1.0,0.001
t0kJGd6NUx,Const,/job:localhost/replica:0/task:0/device:GPU:0,1.0,0.001
sqKJEQzOYk,Const,/job:localhost/replica:0/task:0/device:GPU:0,1.0,0.001
wA94bVNntW,Const,/job:localhost/replica:0/task:0/device:GPU:0,1.0,0.001
IDr9fBFyqT,Const,/job:localhost/replica:0/task:0/device:GPU:0,1.0,0.001
mKSju76ACx,Const,/job:localhost/replica:0/task:0/device:GPU:0,1.0,0.001
S8WbaqEI6z,Const,/job:localhost/replica:0/task:0/device:GPU:0,1.0,0.001
SPngL08u3V,Const,/job:localhost/replica:0/task:0/device:GPU:0,1.0,0.001
zP1BRVgDvd,Const,/job:localhost/replica:0/task:0/device:GPU:0,1.0,0.001
Yd8rgvFS60,Const,/job:localhost/replica:0/task:0/device:GPU:0,1.0,0.001
vewPMBHn5m,Const,/job:localhost/replica:0/task:0/device:GPU:0,1.0,0.001
X8Ngmq9DjT,Const,/job:localhost/replica:0/task:0/device:GPU:0,1.0,0.001
OpT8gPwkKv,Const,/job:localhost/replica:0/task:0/device:GPU:0,1.0,0.001
Qkd0eNJBUh,Const,/job:localhost/replica:0/task:0/device:GPU:0,1.0,0.001
ZlDmvTWqgH,Const,/job:localhost/replica:0/task:0/device:GPU:0,1.0,0.001
n5vtHVOs20,Const,/job:localhost/replica:0/task:0/device:GPU:0,1.0,0.001
si320byWhA,Const,/job:localhost/replica:0/task:0/device:GPU:0,1.0,0.001
zTCusGVMFk,Const,/job:localhost/replica:0/task:0/device:GPU:0,1.0,0.001
louKipnHLX,Const,/job:localhost/replica:0/task:0/device:GPU:0,1.0,0.001
4vFY75Qw6o,Const,/job:localhost/replica:0/task:0/device:GPU:0,1.0,0.001
ROyKEgT87m,Const,/job:localhost/replica:0/task:0/device:GPU:0,1.0,0.001
1zgiO0bMGr,Const,/job:localhost/replica:0/task:0/device:GPU:0,1.0,0.001
qrp3IVdkwC,Const,/job:localhost/replica:0/task:0/device:GPU:0,1.0,0.001
6dgDxznw9c,Const,/job:localhost/replica:0/task:0/device:GPU:0,1.0,0.001
nciC5we4Ah,Const,/job:localhost/replica:0/task:0/device:GPU:0,1.0,0.001
onta57TrqX,Const,/job:localhost/replica:0/task:0/device:GPU:0,1.0,0.001
2haVe3KUfj,Const,/job:localhost/replica:0/task:0/device:GPU:0,1.0,0.001
dEMYQZzfDc,Const,/job:localhost/replica:0/task:0/device:GPU:0,1.0,0.001
fFonVDKT6h,Const,/job:localhost/replica:0/task:0/device:GPU:0,1.0,0.001
sL8XkG6Thi,Const,/job:localhost/replica:0/task:0/device:GPU:0,1.0,0.001
Xrdsa94ClM,Const,/job:localhost/replica:0/task:0/device:GPU:0,1.0,0.001
EGbzWvo1PV,Const,/job:localhost/replica:0/task:0/device:GPU:0,1.0,0.001
td2jMyQCTb,Const,/job:localhost/replica:0/task:0/device:GPU:0,1.0,0.001
AzwHt3Uqa0,Const,/job:localhost/replica:0/task:0/device:GPU:0,1.0,0.001
TnUmKoWJSY,Const,/job:localhost/replica:0/task:0/device:GPU:0,1.0,0.001
spTFj9HiPO,Const,/job:localhost/replica:0/task:0/device:GPU:0,1.0,0.001
UGE38jhPY7,Const,/job:localhost/replica:0/task:0/device:GPU:0,1.0,0.001
Qf0tKeobTH,Const,/job:localhost/replica:0/task:0/device:GPU:0,1.0,0.001
4S7z9TkaGu,Const,/job:localhost/replica:0/task:0/device:GPU:0,1.0,0.001
nWo4KCYz1e,Const,/job:localhost/replica:0/task:0/device:GPU:0,1.0,0.001
AQkB8nh1zM,Const,/job:localhost/replica:0/task:0/device:GPU:0,1.0,0.001
qhSyMbWlYA,Const,/job:localhost/replica:0/task:0/device:GPU:0,1.0,0.001
AMdUnfHKBl,Const,/job:localhost/replica:0/task:0/device:GPU:0,1.0,0.001
f5nyojd0it,Const,/job:localhost/replica:0/task:0/device:GPU:0,1.0,0.001
utV3sfAmEo,Const,/job:localhost/replica:0/task:0/device:GPU:0,1.0,0.001
uvc68xnAay,Const,/job:localhost/replica:0/task:0/device:GPU:0,1.0,0.001
EXt9BfZQcd,Const,/job:localhost/replica:0/task:0/device:GPU:0,1.0,0.001
VrWSPGDI9n,Const,/job:localhost/replica:0/task:0/device:GPU:0,1.0,0.001
8ESnVhCZtO,Const,/job:localhost/replica:0/task:0/device:GPU:0,1.0,0.001
04NUV9CPa5,Const,/job:localhost/replica:0/task:0/device:GPU:0,1.0,0.001
iw2bTenahI,Const,/job:localhost/replica:0/task:0/device:GPU:0,1.0,0.001
PlsMibWan3,Const,/job:localhost/replica:0/task:0/device:GPU:0,1.0,0.001
3Ag1TSiBMu,Const,/job:localhost/replica:0/task:0/device:GPU:0,1.0,0.001
gX0YyNO8tC,Const,/job:localhost/replica:0/task:0/device:GPU:0,1.0,0.001
W67HhRXjiK,Const,/job:localhost/replica:0/task:0/device:GPU:0,1.0,0.001
j5iQuWt6yE,Const,/job:localhost/replica:0/task:0/device:GPU:0,1.0,0.001
mZYGR5QjEo,Const,/job:localhost/replica:0/task:0/device:GPU:0,1.0,0.001
GDXPnsMt0l,Const,/job:localhost/replica:0/task:0/device:GPU:0,1.0,0.001
agsBwcJqAC,Const,/job:localhost/replica:0/task:0/device:GPU:0,1.0,0.001
AYZojJl2Vi,Const,/job:localhost/replica:0/task:0/device:GPU:0,1.0,0.001
REi6uxntDI,Const,/job:localhost/replica:0/task:0/device:GPU:0,1.0,0.001
X5QwN9aPtC,Const,/job:localhost/replica:0/task:0/device:GPU:0,1.0,0.001
pTw7eZsn0V,Const,/job:localhost/replica:0/task:0/device:GPU:0,1.0,0.001
aPxM4KVRZn,Const,/job:localhost/replica:0/task:0/device:GPU:0,1.0,0.001
m63k2oRaj8,Const,/job:localhost/replica:0/task:0/device:GPU:0,1.0,0.001
8Rjlh20Vcw,Const,/job:localhost/replica:0/task:0/device:GPU:0,1.0,0.001
vTM3bnEP90,Const,/job:localhost/replica:0/task:0/device:GPU:0,1.0,0.001
8JZBbMoL3W,Const,/job:localhost/replica:0/task:0/device:GPU:0,1.0,0.001
b1eu9mYw0i,Const,/job:localhost/replica:0/task:0/device:GPU:0,1.0,0.001
VIP16YeEOS,Const,/job:localhost/replica:0/task:0/device:GPU:0,1.0,0.001
v6h839WT4F,Const,/job:localhost/replica:0/task:0/device:GPU:0,1.0,0.001
yZ95asDiw2,Const,/job:localhost/replica:0/task:0/device:GPU:0,1.0,0.001
72U9PVynDh,Const,/job:localhost/replica:0/task:0/device:GPU:0,1.0,0.001
fhH024RrPe,Const,/job:localhost/replica:0/task:0/device:GPU:0,1.0,0.001
ZPOngqzEhs,Const,/job:localhost/replica:0/task:0/device:GPU:0,1.0,0.001
LMFGsg6V2i,Const,/job:localhost/replica:0/task:0/device:GPU:0,1.0,0.001
AkcQ6SoORp,Const,/job:localhost/replica:0/task:0/device:GPU:0,1.0,0.001
EZ3jx2mDFd,Const,/job:localhost/replica:0/task:0/device:GPU:0,1.0,0.001
zmwKLyMbeu,Const,/job:localhost/replica:0/task:0/device:GPU:0,1.0,0.001
nsUxWqzYJm,Const,/job:localhost/replica:0/task:0/device:GPU:0,1.0,0.001
TvhInU3VGt,Const,/job:localhost/replica:0/task:0/device:GPU:0,1.0,0.001
fVebuISr7j,Const,/job:localhost/replica:0/task:0/device:GPU:0,1.0,0.001
nJpOTdNaKS,Const,/job:localhost/replica:0/task:0/device:GPU:0,1.0,0.001
y7dPAGbOLc,Const,/job:localhost/replica:0/task:0/device:GPU:0,1.0,0.001
j8GfklEJ6H,Const,/job:localhost/replica:0/task:0/device:GPU:0,1.0,0.001
jDKCVNaAS9,Const,/job:localhost/replica:0/task:0/device:GPU:0,1.0,0.001
g1UrnaGBv4,Const,/job:localhost/replica:0/task:0/device:GPU:0,1.0,0.001
1DRSPZHeqw,Const,/job:localhost/replica:0/task:0/device:GPU:0,1.0,0.001
2sxADFUik8,Const,/job:localhost/replica:0/task:0/device:GPU:0,1.0,0.001
VPKOCmjL0B,Const,/job:localhost/replica:0/task:0/device:GPU:0,1.0,0.001
NPXKMDFiBH,Const,/job:localhost/replica:0/task:0/device:GPU:0,1.0,0.001
6wFDbld8Mu,Const,/job:localhost/replica:0/task:0/device:GPU:0,1.0,0.001
H9mbC0yIaM,Const,/job:localhost/replica:0/task:0/device:GPU:0,1.0,0.001
xmdJy2jUB9,Const,/job:localhost/replica:0/task:0/device:GPU:0,1.0,0.001
rZRbL1QON8,Const,/job:localhost/replica:0/task:0/device:GPU:0,1.0,0.001
GAVToN43Bi,Const,/job:localhost/replica:0/task:0/device:GPU:0,1.0,0.001
2pS7Ze1oar,Const,/job:localhost/replica:0/task:0/device:GPU:0,1.0,0.001
ZKaEhqbkRB,Const,/job:localhost/replica:0/task:0/device:GPU:0,1.0,0.001
dvPDQFxyH4,Const,/job:localhost/replica:0/task:0/device:GPU:0,1.0,0.001
qW1z9PJoif,Const,/job:localhost/replica:0/task:0/device:GPU:0,1.0,0.001
bAps7yPziE,Const,/job:localhost/replica:0/task:0/device:GPU:0,1.0,0.001
ydfUb47oJh,Const,/job:localhost/replica:0/task:0/device:GPU:0,1.0,0.001
ZYxad9TBj0,Const,/job:localhost/replica:0/task:0/device:GPU:0,1.0,0.001
0QbePKa6fq,Const,/job:localhost/replica:0/task:0/device:GPU:0,1.0,0.001
PoKv0J56IQ,Const,/job:localhost/replica:0/task:0/device:GPU:0,1.0,0.001
cCVWMGmg5y,Const,/job:localhost/replica:0/task:0/device:GPU:0,1.0,0.001
PFUVgNQCD6,Const,/job:localhost/replica:0/task:0/device:GPU:0,1.0,0.001
asPVOtj6Ho,Const,/job:localhost/replica:0/task:0/device:GPU:0,1.0,0.001
fMLJ9Koq1x,Const,/job:localhost/replica:0/task:0/device:GPU:0,1.0,0.001
V98mi2kDld,Const,/job:localhost/replica:0/task:0/device:GPU:0,1.0,0.001
KjQNGYdXt4,Const,/job:localhost/replica:0/task:0/device:GPU:0,1.0,0.001
XwBHz76LUt,Const,/job:localhost/replica:0/task:0/device:GPU:0,1.0,0.001
lURF40kvo1,Const,/job:localhost/replica:0/task:0/device:GPU:0,1.0,0.001
NDxwmtaeRL,Const,/job:localhost/replica:0/task:0/device:GPU:0,1.0,0.001
ugt6KJIqFw,Const,/job:localhost/replica:0/task:0/device:GPU:0,1.0,0.001
98cUljipfC,Const,/job:localhost/replica:0/task:0/device:GPU:0,1.0,0.001
CbtwkmYqH2,Const,/job:localhost/replica:0/task:0/device:GPU:0,1.0,0.001
VHh6r58IqZ,Const,/job:localhost/replica:0/task:0/device:GPU:0,1.0,0.001
BTtOLNEeYh,Const,/job:localhost/replica:0/task:0/device:GPU:0,1.0,0.001
VLpv1RKCEm,Const,/job:localhost/replica:0/task:0/device:GPU:0,1.0,0.001
moTwrkp8jx,Const,/job:localhost/replica:0/task:0/device:GPU:0,1.0,0.001
d8hKw3Q2mA,Const,/job:localhost/replica:0/task:0/device:GPU:0,1.0,0.001
gR13ZNCxka,Const,/job:localhost/replica:0/task:0/device:GPU:0,1.0,0.001
9WSv6IVT7o,Const,/job:localhost/replica:0/task:0/device:GPU:0,1.0,0.001
HPNeQ23Ig6,Const,/job:localhost/replica:0/task:0/device:GPU:0,1.0,0.001
q6XekKWbEi,Const,/job:localhost/replica:0/task:0/device:GPU:0,1.0,0.001
nvXkmJV0Wc,Const,/job:localhost/replica:0/task:0/device:GPU:0,1.0,0.001
FpM4JwQBIV,Const,/job:localhost/replica:0/task:0/device:GPU:0,1.0,0.001
ltzAHguofc,Const,/job:localhost/replica:0/task:0/device:GPU:0,1.0,0.001
9xbnOeSj3w,Const,/job:localhost/replica:0/task:0/device:GPU:0,1.0,0.001
wg7hHa9V4D,Const,/job:localhost/replica:0/task:0/device:GPU:0,1.0,0.001
mA1WhHcUEC,Const,/job:localhost/replica:0/task:0/device:GPU:0,1.0,0.001
9LZ2cswI83,Const,/job:localhost/replica:0/task:0/device:GPU:0,1.0,0.001
f9w0vVlB72,Const,/job:localhost/replica:0/task:0/device:GPU:0,1.0,0.001
Cq8eoTlODt,Const,/job:localhost/replica:0/task:0/device:GPU:0,1.0,0.001
khfVQYKloy,Const,/job:localhost/replica:0/task:0/device:GPU:0,1.0,0.001
aJ5fzwbVDd,Const,/job:localhost/replica:0/task:0/device:GPU:0,1.0,0.001
GuYvIAg05M,Const,/job:localhost/replica:0/task:0/device:GPU:0,1.0,0.001
yWlRJQHt89,Const,/job:localhost/replica:0/task:0/device:GPU:0,1.0,0.001
vlXsUHOI7B,Const,/job:localhost/replica:0/task:0/device:GPU:0,1.0,0.001
6ZxdlbaLe7,Const,/job:localhost/replica:0/task:0/device:GPU:0,1.0,0.001
qMBRpOowbQ,Const,/job:localhost/replica:0/task:0/device:GPU:0,1.0,0.001
KqeSGpRCuA,Const,/job:localhost/replica:0/task:0/device:GPU:0,1.0,0.001
NfEYVLyTAk,Const,/job:localhost/replica:0/task:0/device:GPU:0,1.0,0.001
eTNOCizv3W,Const,/job:localhost/replica:0/task:0/device:GPU:0,1.0,0.001
WJvGO5Sp0j,Const,/job:localhost/replica:0/task:0/device:GPU:0,1.0,0.001
wOjk3Bn60u,Const,/job:localhost/replica:0/task:0/device:GPU:0,1.0,0.001
HNkzrIuhsL,Const,/job:localhost/replica:0/task:0/device:GPU:0,1.0,0.001
Y0eFEf7o1s,Const,/job:localhost/replica:0/task:0/device:GPU:0,1.0,0.001
a34oA9K2BG,Const,/job:localhost/replica:0/task:0/device:GPU:0,1.0,0.001
Op5IcrHlXk,Const,/job:localhost/replica:0/task:0/device:GPU:0,1.0,0.001
uvY2FbEdmV,Const,/job:localhost/replica:0/task:0/device:GPU:0,1.0,0.001
a5o1dUCbf3,Const,/job:localhost/replica:0/task:0/device:GPU:0,1.0,0.001
gWSNQDy8lG,Const,/job:localhost/replica:0/task:0/device:GPU:0,1.0,0.001
TWGwHZrV4p,Const,/job:localhost/replica:0/task:0/device:GPU:0,1.0,0.001
pHNFnUct85,Const,/job:localhost/replica:0/task:0/device:GPU:0,1.0,0.001
CRBYekW62y,Const,/job:localhost/replica:0/task:0/device:GPU:0,1.0,0.001
19KrZGwxL7,Const,/job:localhost/replica:0/task:0/device:GPU:0,1.0,0.001
tLHA0wiQCs,Const,/job:localhost/replica:0/task:0/device:GPU:0,1.0,0.001
qefDzVjMkh,Const,/job:localhost/replica:0/task:0/device:GPU:0,1.0,0.001
CJlhsWRZn4,Const,/job:localhost/replica:0/task:0/device:GPU:0,1.0,0.001
YWaDM930OX,Const,/job:localhost/replica:0/task:0/device:GPU:0,1.0,0.001
07BhJZjYAq,Const,/job:localhost/replica:0/task:0/device:GPU:0,1.0,0.001
yuaAK6igGr,Const,/job:localhost/replica:0/task:0/device:GPU:0,1.0,0.001
CYIiwoXO5P,Const,/job:localhost/replica:0/task:0/device:GPU:0,1.0,0.001
rHnyuYkvx8,Const,/job:localhost/replica:0/task:0/device:GPU:0,1.0,0.001
PXoQDbjvZF,Const,/job:localhost/replica:0/task:0/device:GPU:0,1.0,0.001
3dlqwygYtT,Const,/job:localhost/replica:0/task:0/device:GPU:0,1.0,0.001
CbyUAWBKIv,Const,/job:localhost/replica:0/task:0/device:GPU:0,1.0,0.001
GYi2Q89n7h,Const,/job:localhost/replica:0/task:0/device:GPU:0,1.0,0.001
wpgldGyLYf,Const,/job:localhost/replica:0/task:0/device:GPU:0,1.0,0.001
TibvX5K3HQ,Const,/job:localhost/replica:0/task:0/device:GPU:0,1.0,0.001
TtlZrjBFAV,Const,/job:localhost/replica:0/task:0/device:GPU:0,1.0,0.001
EyxnYsaXp6,Const,/job:localhost/replica:0/task:0/device:GPU:0,1.0,0.001
gHps3yvuAL,Const,/job:localhost/replica:0/task:0/device:GPU:0,1.0,0.001
wxkhHS5qcy,Const,/job:localhost/replica:0/task:0/device:GPU:0,1.0,0.001
514dMBXeoT,Const,/job:localhost/replica:0/task:0/device:GPU:0,1.0,0.001
pEQyx1fMGS,Const,/job:localhost/replica:0/task:0/device:GPU:0,1.0,0.001
E47RTcvwCo,Const,/job:localhost/replica:0/task:0/device:GPU:0,1.0,0.001
uYQqOwBnio,Const,/job:localhost/replica:0/task:0/device:GPU:0,1.0,0.001
ac2dL16xrn,Const,/job:localhost/replica:0/task:0/device:GPU:0,1.0,0.001
3csPYjAwCW,Const,/job:localhost/replica:0/task:0/device:GPU:0,1.0,0.001
h6j7NuPW0a,Const,/job:localhost/replica:0/task:0/device:GPU:0,1.0,0.001
7swNPHLOUA,Const,/job:localhost/replica:0/task:0/device:GPU:0,1.0,0.001
Kp7jNXB3d9,Const,/job:localhost/replica:0/task:0/device:GPU:0,1.0,0.001
e2zlDXNhnM,Const,/job:localhost/replica:0/task:0/device:GPU:0,1.0,0.001
XfzFEwyZP1,Const,/job:localhost/replica:0/task:0/device:GPU:0,1.0,0.001
vXEBmZwFcl,Const,/job:localhost/replica:0/task:0/device:GPU:0,1.0,0.001
PN5waUlkL8,Const,/job:localhost/replica:0/task:0/device:GPU:0,1.0,0.001
0Lj5OUIiSw,Const,/job:localhost/replica:0/task:0/device:GPU:0,1.0,0.001
oyR6LtHs4B,Const,/job:localhost/replica:0/task:0/device:GPU:0,1.0,0.001
SDVpUlLrF3,Const,/job:localhost/replica:0/task:0/device:GPU:0,1.0,0.001
oyhfiI2v5Y,Const,/job:localhost/replica:0/task:0/device:GPU:0,1.0,0.001
tOWD59J1M2,Const,/job:localhost/replica:0/task:0/device:GPU:0,1.0,0.001
RGWnkZzD74,Const,/job:localhost/replica:0/task:0/device:GPU:0,1.0,0.001
7bdX1DUrAN,Const,/job:localhost/replica:0/task:0/device:GPU:0,1.0,0.001
gvMksjEdIF,Const,/job:localhost/replica:0/task:0/device:GPU:0,1.0,0.001
EdpQkuTYBL,Const,/job:localhost/replica:0/task:0/device:GPU:0,1.0,0.001
EIlhqKY7mC,Const,/job:localhost/replica:0/task:0/device:GPU:0,1.0,0.001
LeuZPWbr8E,Const,/job:localhost/replica:0/task:0/device:GPU:0,1.0,0.001
6BHwAWoPYk,Const,/job:localhost/replica:0/task:0/device:GPU:0,1.0,0.001
B8pYt5NIzA,Const,/job:localhost/replica:0/task:0/device:GPU:0,1.0,0.001
kcur4HlpbG,Const,/job:localhost/replica:0/task:0/device:GPU:0,1.0,0.001
DsGwKdPbYr,Const,/job:localhost/replica:0/task:0/device:GPU:0,1.0,0.001
D0ctWnqkE8,Const,/job:localhost/replica:0/task:0/device:GPU:0,1.0,0.001
jobBJQ5WiM,Const,/job:localhost/replica:0/task:0/device:GPU:0,1.0,0.001
yD1ZSwatEG,Const,/job:localhost/replica:0/task:0/device:GPU:0,1.0,0.001
8axcEUsgj2,Const,/job:localhost/replica:0/task:0/device:GPU:0,1.0,0.001
ry0p8zOEY5,Const,/job:localhost/replica:0/task:0/device:GPU:0,1.0,0.001
I7OPQLKl40,Const,/job:localhost/replica:0/task:0/device:GPU:0,1.0,0.001
eFIDvMoEwZ,Const,/job:localhost/replica:0/task:0/device:GPU:0,1.0,0.001
iRbDjYILWe,Const,/job:localhost/replica:0/task:0/device:GPU:0,1.0,0.001
SWk3yqEd2u,Const,/job:localhost/replica:0/task:0/device:GPU:0,1.0,0.001
F2oHPsjVYx,Const,/job:localhost/replica:0/task:0/device:GPU:0,1.0,0.001
o3zw8hqufN,Const,/job:localhost/replica:0/task:0/device:GPU:0,1.0,0.001
w3u17fjIMN,Const,/job:localhost/replica:0/task:0/device:GPU:0,1.0,0.001
xXKE2PuiGA,Const,/job:localhost/replica:0/task:0/device:GPU:0,1.0,0.001
VEwmJdKjR9,Const,/job:localhost/replica:0/task:0/device:GPU:0,1.0,0.001
LvnPDa5gEo,Const,/job:localhost/replica:0/task:0/device:GPU:0,1.0,0.001
CdPaFr7gmJ,Const,/job:localhost/replica:0/task:0/device:GPU:0,1.0,0.001
cfR7bDwoH2,Const,/job:localhost/replica:0/task:0/device:GPU:0,1.0,0.001
8UXN47MjOc,Const,/job:localhost/replica:0/task:0/device:GPU:0,1.0,0.001
4GjVcoI1hr,Const,/job:localhost/replica:0/task:0/device:GPU:0,1.0,0.001
vPmQjYscub,Const,/job:localhost/replica:0/task:0/device:GPU:0,1.0,0.001
ovPXTVcRij,Const,/job:localhost/replica:0/task:0/device:GPU:0,1.0,0.001
FgrZioQJNt,Const,/job:localhost/replica:0/task:0/device:GPU:0,1.0,0.001
rgOUxicpdF,Const,/job:localhost/replica:0/task:0/device:GPU:0,1.0,0.001
NwsA0OmYL2,Const,/job:localhost/replica:0/task:0/device:GPU:0,1.0,0.001
BxHdXIVylG,Const,/job:localhost/replica:0/task:0/device:GPU:0,1.0,0.001
U3MHdAzauR,Const,/job:localhost/replica:0/task:0/device:GPU:0,1.0,0.001
BCDhFG81W2,Const,/job:localhost/replica:0/task:0/device:GPU:0,1.0,0.001
ocFsWYkSU3,Const,/job:localhost/replica:0/task:0/device:GPU:0,1.0,0.001
qANV9Egu60,Const,/job:localhost/replica:0/task:0/device:GPU:0,1.0,0.001
Jbk9mrLNH5,Const,/job:localhost/replica:0/task:0/device:GPU:0,1.0,0.001
7qTN9GBW2V,Const,/job:localhost/replica:0/task:0/device:GPU:0,1.0,0.001
WO8dMYlsex,Const,/job:localhost/replica:0/task:0/device:GPU:0,1.0,0.001
EjHkWJNh1L,Const,/job:localhost/replica:0/task:0/device:GPU:0,1.0,0.001
gMpB84jRix,Const,/job:localhost/replica:0/task:0/device:GPU:0,1.0,0.001
5GySON9XEw,Const,/job:localhost/replica:0/task:0/device:GPU:0,1.0,0.001
QEYC5ufA4K,Const,/job:localhost/replica:0/task:0/device:GPU:0,1.0,0.001
9L5XPlntDY,Const,/job:localhost/replica:0/task:0/device:GPU:0,1.0,0.001
bZ3aB6ytRJ,Const,/job:localhost/replica:0/task:0/device:GPU:0,1.0,0.001
3zAZEgVw9O,Const,/job:localhost/replica:0/task:0/device:GPU:0,1.0,0.001
6Cl2baYo4Z,Const,/job:localhost/replica:0/task:0/device:GPU:0,1.0,0.001
XG0VrA1hPJ,Const,/job:localhost/replica:0/task:0/device:GPU:0,1.0,0.001
oiaFtCDKl3,Const,/job:localhost/replica:0/task:0/device:GPU:0,1.0,0.001
oX1zJrM2fd,Const,/job:localhost/replica:0/task:0/device:GPU:0,1.0,0.001
DUsytzMIYq,Const,/job:localhost/replica:0/task:0/device:GPU:0,1.0,0.001
lHIh9Bit5F,Const,/job:localhost/replica:0/task:0/device:GPU:0,1.0,0.001
HrtBcR3MgI,Const,/job:localhost/replica:0/task:0/device:GPU:0,1.0,0.001
j0Snub7WpU,Const,/job:localhost/replica:0/task:0/device:GPU:0,1.0,0.001
biaYwv4AJk,Const,/job:localhost/replica:0/task:0/device:GPU:0,1.0,0.001
uiaq0m41Ic,Const,/job:localhost/replica:0/task:0/device:GPU:0,1.0,0.001
gB5lLh1scp,Const,/job:localhost/replica:0/task:0/device:GPU:0,1.0,0.001
MxTfpEjYbA,Const,/job:localhost/replica:0/task:0/device:GPU:0,1.0,0.001
tOhWEkwlo2,Const,/job:localhost/replica:0/task:0/device:GPU:0,1.0,0.001
6ubUKxRGHc,Const,/job:localhost/replica:0/task:0/device:GPU:0,1.0,0.001
eh4QqlYHEf,Const,/job:localhost/replica:0/task:0/device:GPU:0,1.0,0.001
3JsZ91eRlH,Const,/job:localhost/replica:0/task:0/device:GPU:0,1.0,0.001
PmiX6xJ27q,Const,/job:localhost/replica:0/task:0/device:GPU:0,1.0,0.001
c5PjvldRKr,Const,/job:localhost/replica:0/task:0/device:GPU:0,1.0,0.001
sCg4uxZvNV,Const,/job:localhost/replica:0/task:0/device:GPU:0,1.0,0.001
O0LeGkXAjl,Const,/job:localhost/replica:0/task:0/device:GPU:0,1.0,0.001
azxCwYPMLK,Const,/job:localhost/replica:0/task:0/device:GPU:0,1.0,0.001
Mb3QHJAgdi,Const,/job:localhost/replica:0/task:0/device:GPU:0,1.0,0.001
0PdVnkIrlG,Const,/job:localhost/replica:0/task:0/device:GPU:0,1.0,0.001
l3ryqMObBp,Const,/job:localhost/replica:0/task:0/device:GPU:0,1.0,0.001
XNYHIPFOUn,Const,/job:localhost/replica:0/task:0/device:GPU:0,1.0,0.001
Rpjc85kKhI,Const,/job:localhost/replica:0/task:0/device:GPU:0,1.0,0.001
uxqLX6BiWd,Const,/job:localhost/replica:0/task:0/device:GPU:0,1.0,0.001
JaQckp5KFs,Const,/job:localhost/replica:0/task:0/device:GPU:0,1.0,0.001
MOnDdb3Zgw,Const,/job:localhost/replica:0/task:0/device:GPU:0,1.0,0.001
rRYdJKQUp1,Const,/job:localhost/replica:0/task:0/device:GPU:0,1.0,0.001
vs2hL4tNG1,Const,/job:localhost/replica:0/task:0/device:GPU:0,1.0,0.001
JCXe2hjSNE,Const,/job:localhost/replica:0/task:0/device:GPU:0,1.0,0.001
MUQR1Lyqo7,Const,/job:localhost/replica:0/task:0/device:GPU:0,1.0,0.001
Ls5ADCmWlu,Const,/job:localhost/replica:0/task:0/device:GPU:0,1.0,0.001
j5N4DfBOZ7,Const,/job:localhost/replica:0/task:0/device:GPU:0,1.0,0.001
7y0ODzt8xE,Const,/job:localhost/replica:0/task:0/device:GPU:0,1.0,0.001
dy9wAZqTBv,Const,/job:localhost/replica:0/task:0/device:GPU:0,1.0,0.001
XItyiA9zpa,Const,/job:localhost/replica:0/task:0/device:GPU:0,1.0,0.001
DfglU62Ak9,Const,/job:localhost/replica:0/task:0/device:GPU:0,1.0,0.001
1QCDZO97dr,Const,/job:localhost/replica:0/task:0/device:GPU:0,1.0,0.001
f6BM2hFH1q,Const,/job:localhost/replica:0/task:0/device:GPU:0,1.0,0.001
y8AmcndDB9,Const,/job:localhost/replica:0/task:0/device:GPU:0,1.0,0.001
tML9FlWA2v,Const,/job:localhost/replica:0/task:0/device:GPU:0,1.0,0.001
0wNHaKr8Gh,Const,/job:localhost/replica:0/task:0/device:GPU:0,1.0,0.001
qdGj5lFnTZ,Const,/job:localhost/replica:0/task:0/device:GPU:0,1.0,0.001
zSLaWgYHqc,Const,/job:localhost/replica:0/task:0/device:GPU:0,1.0,0.001
6hSW9xvj2r,Const,/job:localhost/replica:0/task:0/device:GPU:0,1.0,0.001
n0V8exqFNS,Const,/job:localhost/replica:0/task:0/device:GPU:0,1.0,0.001
ITmK3lF4Ba,Const,/job:localhost/replica:0/task:0/device:GPU:0,1.0,0.001
SJWqiKadL2,Const,/job:localhost/replica:0/task:0/device:GPU:0,1.0,0.001
eRBtF8PqHb,Const,/job:localhost/replica:0/task:0/device:GPU:0,1.0,0.001
HuPmo1yjfc,Const,/job:localhost/replica:0/task:0/device:GPU:0,1.0,0.001
Iw0MJ4n63X,Const,/job:localhost/replica:0/task:0/device:GPU:0,1.0,0.001
YgliANmPLy,Const,/job:localhost/replica:0/task:0/device:GPU:0,1.0,0.001
Qyv49YXW2x,Const,/job:localhost/replica:0/task:0/device:GPU:0,1.0,0.001
2SgL8VNGFA,Const,/job:localhost/replica:0/task:0/device:GPU:0,1.0,0.001
I8jDpiS9BX,Const,/job:localhost/replica:0/task:0/device:GPU:0,1.0,0.001
BRulSwmco9,Const,/job:localhost/replica:0/task:0/device:GPU:0,1.0,0.001
2zBX1d9UEr,Const,/job:localhost/replica:0/task:0/device:GPU:0,1.0,0.001
Jfh7dSBPa1,Const,/job:localhost/replica:0/task:0/device:GPU:0,1.0,0.001
OQ1B0Va3f4,Const,/job:localhost/replica:0/task:0/device:GPU:0,1.0,0.001
QFJUpgWayk,Const,/job:localhost/replica:0/task:0/device:GPU:0,1.0,0.001
lZCj1MLty9,Const,/job:localhost/replica:0/task:0/device:GPU:0,1.0,0.001
tKZqFpYgrH,Const,/job:localhost/replica:0/task:0/device:GPU:0,1.0,0.001
osUp39MJOL,Const,/job:localhost/replica:0/task:0/device:GPU:0,1.0,0.001
Fi4c2ER83P,Const,/job:localhost/replica:0/task:0/device:GPU:0,1.0,0.001
3Z9PUVsJcA,Const,/job:localhost/replica:0/task:0/device:GPU:0,1.0,0.001
5EXS2GghkF,Const,/job:localhost/replica:0/task:0/device:GPU:0,1.0,0.001
L4s6fx9ctk,Const,/job:localhost/replica:0/task:0/device:GPU:0,1.0,0.001
YZpHdQzfIN,Const,/job:localhost/replica:0/task:0/device:GPU:0,1.0,0.001
i2XDM9PWsQ,Const,/job:localhost/replica:0/task:0/device:GPU:0,1.0,0.001
QvspZJhBgm,Const,/job:localhost/replica:0/task:0/device:GPU:0,1.0,0.001
VqusKPCOn5,Const,/job:localhost/replica:0/task:0/device:GPU:0,1.0,0.001
pCRTLfzqF3,Const,/job:localhost/replica:0/task:0/device:GPU:0,1.0,0.001
JMEsB2OQkA,Const,/job:localhost/replica:0/task:0/device:GPU:0,1.0,0.001
vrYRAEMP0x,Const,/job:localhost/replica:0/task:0/device:GPU:0,1.0,0.001
LxAZOhXaE1,Const,/job:localhost/replica:0/task:0/device:GPU:0,1.0,0.001
1YxztaNFU5,Const,/job:localhost/replica:0/task:0/device:GPU:0,1.0,0.001
VDb6wJcPFL,Const,/job:localhost/replica:0/task:0/device:GPU:0,1.0,0.001
DcNGf0Kur5,Const,/job:localhost/replica:0/task:0/device:GPU:0,1.0,0.001
ZLkBI7lWYj,Const,/job:localhost/replica:0/task:0/device:GPU:0,1.0,0.001
XcvwtpZoJb,Const,/job:localhost/replica:0/task:0/device:GPU:0,1.0,0.001
62rR58nYSV,Const,/job:localhost/replica:0/task:0/device:GPU:0,1.0,0.001
rWjtYGaIq9,Const,/job:localhost/replica:0/task:0/device:GPU:0,1.0,0.001
FhmiLuAUec,Const,/job:localhost/replica:0/task:0/device:GPU:0,1.0,0.001
RXs6fxHF3q,Const,/job:localhost/replica:0/task:0/device:GPU:0,1.0,0.001
ar4e7bjMEp,Const,/job:localhost/replica:0/task:0/device:GPU:0,1.0,0.001
6CRdmY49o5,Const,/job:localhost/replica:0/task:0/device:GPU:0,1.0,0.001
FtEr0a1Xi5,Const,/job:localhost/replica:0/task:0/device:GPU:0,1.0,0.001
PJt9nAVal7,Const,/job:localhost/replica:0/task:0/device:GPU:0,1.0,0.001
70dOZUyhS6,Const,/job:localhost/replica:0/task:0/device:GPU:0,1.0,0.001
lWLoyxprbs,Const,/job:localhost/replica:0/task:0/device:GPU:0,1.0,0.001
DYbUMRaC9x,Const,/job:localhost/replica:0/task:0/device:GPU:0,1.0,0.001
o4XaHf2Iep,Const,/job:localhost/replica:0/task:0/device:GPU:0,1.0,0.001
ZruwNiaW61,Const,/job:localhost/replica:0/task:0/device:GPU:0,1.0,0.001
4KNmQUB8Du,Const,/job:localhost/replica:0/task:0/device:GPU:0,1.0,0.001
ydRp7UeO9u,Const,/job:localhost/replica:0/task:0/device:GPU:0,1.0,0.001
zapPfZ8N9m,Const,/job:localhost/replica:0/task:0/device:GPU:0,1.0,0.001
h3SLzCrPEp,Const,/job:localhost/replica:0/task:0/device:GPU:0,1.0,0.001
aYwFmWkxbh,Const,/job:localhost/replica:0/task:0/device:GPU:0,1.0,0.001
YrblC4UzRA,Const,/job:localhost/replica:0/task:0/device:GPU:0,1.0,0.001
yle8iOVfR4,Const,/job:localhost/replica:0/task:0/device:GPU:0,1.0,0.001
5zIXUjl1wN,Const,/job:localhost/replica:0/task:0/device:GPU:0,1.0,0.001
NsLjMu0hY1,Const,/job:localhost/replica:0/task:0/device:GPU:0,1.0,0.001
J8Pr5tIgN7,Const,/job:localhost/replica:0/task:0/device:GPU:0,1.0,0.001
iEacSRrGvZ,Const,/job:localhost/replica:0/task:0/device:GPU:0,1.0,0.001
4dVo27kU0M,Const,/job:localhost/replica:0/task:0/device:GPU:0,1.0,0.001
qtg5pYFM8O,Const,/job:localhost/replica:0/task:0/device:GPU:0,1.0,0.001
VrihDPECak,Const,/job:localhost/replica:0/task:0/device:GPU:0,1.0,0.001
2mHDWuCR0X,Const,/job:localhost/replica:0/task:0/device:GPU:0,1.0,0.001
kCX0F7tq8D,Const,/job:localhost/replica:0/task:0/device:GPU:0,1.0,0.001
ociMuvhPQK,Const,/job:localhost/replica:0/task:0/device:GPU:0,1.0,0.001
fYZKkmTDpO,Const,/job:localhost/replica:0/task:0/device:GPU:0,1.0,0.001
xXBpRN1uJ7,Const,/job:localhost/replica:0/task:0/device:GPU:0,1.0,0.001
Oergp7lQCy,Const,/job:localhost/replica:0/task:0/device:GPU:0,1.0,0.001
XUPaxKe2GE,Const,/job:localhost/replica:0/task:0/device:GPU:0,1.0,0.001
Dfn0PRtmZG,Const,/job:localhost/replica:0/task:0/device:GPU:0,1.0,0.001
rP6dILFvq4,Const,/job:localhost/replica:0/task:0/device:GPU:0,1.0,0.001
76u1OT2lFP,Const,/job:localhost/replica:0/task:0/device:GPU:0,1.0,0.001
eaJQ57E3gc,Const,/job:localhost/replica:0/task:0/device:GPU:0,1.0,0.001
3Ge0gJfbZX,Const,/job:localhost/replica:0/task:0/device:GPU:0,1.0,0.001
78Tv3nGs4y,Const,/job:localhost/replica:0/task:0/device:GPU:0,1.0,0.001
sqkNHUyxei,Const,/job:localhost/replica:0/task:0/device:GPU:0,1.0,0.001
bVXhCltxwW,Const,/job:localhost/replica:0/task:0/device:GPU:0,1.0,0.001
txzPonHi4g,Const,/job:localhost/replica:0/task:0/device:GPU:0,1.0,0.001
nbhdm5MHDZ,Const,/job:localhost/replica:0/task:0/device:GPU:0,1.0,0.001
lmIM0Hqrp9,Const,/job:localhost/replica:0/task:0/device:GPU:0,1.0,0.001
H1CNt4l5Zv,Const,/job:localhost/replica:0/task:0/device:GPU:0,1.0,0.001
xwSnyzXN5e,Const,/job:localhost/replica:0/task:0/device:GPU:0,1.0,0.001
iRkf7G5Mc3,Const,/job:localhost/replica:0/task:0/device:GPU:0,1.0,0.001
b5qM0hHoOf,Const,/job:localhost/replica:0/task:0/device:GPU:0,1.0,0.001
qvCjKxInGz,Const,/job:localhost/replica:0/task:0/device:GPU:0,1.0,0.001
FWbGcqwT8K,Const,/job:localhost/replica:0/task:0/device:GPU:0,1.0,0.001
e5x6a3I1uX,Const,/job:localhost/replica:0/task:0/device:GPU:0,1.0,0.001
krM8KqCnho,Const,/job:localhost/replica:0/task:0/device:GPU:0,1.0,0.001
AjoxMJD2UT,Const,/job:localhost/replica:0/task:0/device:GPU:0,1.0,0.001
qN3eLdhBIF,Const,/job:localhost/replica:0/task:0/device:GPU:0,1.0,0.001
52nhgNosvf,Const,/job:localhost/replica:0/task:0/device:GPU:0,1.0,0.001
MUfW68uqeC,Const,/job:localhost/replica:0/task:0/device:GPU:0,1.0,0.001
hB2sAeFxCE,Const,/job:localhost/replica:0/task:0/device:GPU:0,1.0,0.001
Ysu0HJcNg6,Const,/job:localhost/replica:0/task:0/device:GPU:0,1.0,0.001
Ayf6E41swb,Const,/job:localhost/replica:0/task:0/device:GPU:0,1.0,0.001
42U19Ec8PT,Const,/job:localhost/replica:0/task:0/device:GPU:0,1.0,0.001
EJvWqN56Uy,Const,/job:localhost/replica:0/task:0/device:GPU:0,1.0,0.001
6dZFSEsz2P,Const,/job:localhost/replica:0/task:0/device:GPU:0,1.0,0.001
uGRUlZMyw9,Const,/job:localhost/replica:0/task:0/device:GPU:0,1.0,0.001
0PR8iasuGE,Const,/job:localhost/replica:0/task:0/device:GPU:0,1.0,0.001
AGn2wWFb1U,Const,/job:localhost/replica:0/task:0/device:GPU:0,1.0,0.001
erNtBGR0qu,Const,/job:localhost/replica:0/task:0/device:GPU:0,1.0,0.001
4wr8YIcmvZ,Const,/job:localhost/replica:0/task:0/device:GPU:0,1.0,0.001
ZzDgrLFQ2p,Const,/job:localhost/replica:0/task:0/device:GPU:0,1.0,0.001
JUMK2G7HRa,Const,/job:localhost/replica:0/task:0/device:GPU:0,1.0,0.001
kewRWtycXY,Const,/job:localhost/replica:0/task:0/device:GPU:0,1.0,0.001
IDWZNKldm7,Const,/job:localhost/replica:0/task:0/device:GPU:0,1.0,0.001
yah1YrgA9R,Const,/job:localhost/replica:0/task:0/device:GPU:0,1.0,0.001
3FYB4rlP8V,Const,/job:localhost/replica:0/task:0/device:GPU:0,1.0,0.001
1f6mhKsVAN,Const,/job:localhost/replica:0/task:0/device:GPU:0,1.0,0.001
ECpJaSBgZY,Const,/job:localhost/replica:0/task:0/device:GPU:0,1.0,0.001
pdKxUN6JQs,Const,/job:localhost/replica:0/task:0/device:GPU:0,1.0,0.001
hOfZGgF5LR,Const,/job:localhost/replica:0/task:0/device:GPU:0,1.0,0.001
iof2gEN0XP,Const,/job:localhost/replica:0/task:0/device:GPU:0,1.0,0.001
7F1qLgXyVn,Const,/job:localhost/replica:0/task:0/device:GPU:0,1.0,0.001
EzYqJSGwo7,Const,/job:localhost/replica:0/task:0/device:GPU:0,1.0,0.001
ezZUJNOLxG,Const,/job:localhost/replica:0/task:0/device:GPU:0,1.0,0.001
LBqTXdxA2D,Const,/job:localhost/replica:0/task:0/device:GPU:0,1.0,0.001
OgwN3H7ir2,Const,/job:localhost/replica:0/task:0/device:GPU:0,1.0,0.001
rshAzDYOFT,Const,/job:localhost/replica:0/task:0/device:GPU:0,1.0,0.001
02sHMGwbQo,Const,/job:localhost/replica:0/task:0/device:GPU:0,1.0,0.001
3HrAwxmNRu,Const,/job:localhost/replica:0/task:0/device:GPU:0,1.0,0.001
lN4cLWZ0Ri,Const,/job:localhost/replica:0/task:0/device:GPU:0,1.0,0.001
HDnil9oFp6,Const,/job:localhost/replica:0/task:0/device:GPU:0,1.0,0.001
1G5CmXZ6Un,Const,/job:localhost/replica:0/task:0/device:GPU:0,1.0,0.001
96vQcGIopE,Const,/job:localhost/replica:0/task:0/device:GPU:0,1.0,0.001
e9ksdiI0OB,Const,/job:localhost/replica:0/task:0/device:GPU:0,1.0,0.001
5ngJPsBSd7,Const,/job:localhost/replica:0/task:0/device:GPU:0,1.0,0.001
7cl45K98bk,Const,/job:localhost/replica:0/task:0/device:GPU:0,1.0,0.001
dxLXFZV07m,Const,/job:localhost/replica:0/task:0/device:GPU:0,1.0,0.001
rfq0Z5sxE8,Const,/job:localhost/replica:0/task:0/device:GPU:0,1.0,0.001
qGRrPAWusx,Const,/job:localhost/replica:0/task:0/device:GPU:0,1.0,0.001
cxHF2CJb4d,Const,/job:localhost/replica:0/task:0/device:GPU:0,1.0,0.001
QeAqKxhjNg,Const,/job:localhost/replica:0/task:0/device:GPU:0,1.0,0.001
EdZXutCbis,Const,/job:localhost/replica:0/task:0/device:GPU:0,1.0,0.001
wTSutVh6AW,Const,/job:localhost/replica:0/task:0/device:GPU:0,1.0,0.001
7WBYNmZT4t,Const,/job:localhost/replica:0/task:0/device:GPU:0,1.0,0.001
TxCN4YEpZq,Const,/job:localhost/replica:0/task:0/device:GPU:0,1.0,0.001
BgYQEpzSNt,Const,/job:localhost/replica:0/task:0/device:GPU:0,1.0,0.001
AmPgY9nZoz,Const,/job:localhost/replica:0/task:0/device:GPU:0,1.0,0.001
jwvGrDf69b,Const,/job:localhost/replica:0/task:0/device:GPU:0,1.0,0.001
v0sSH5Tiwj,Const,/job:localhost/replica:0/task:0/device:GPU:0,1.0,0.001
If0S9etdKv,Const,/job:localhost/replica:0/task:0/device:GPU:0,1.0,0.001
t3v4NHyp8W,Const,/job:localhost/replica:0/task:0/device:GPU:0,1.0,0.001
oKV3Drtlcb,Const,/job:localhost/replica:0/task:0/device:GPU:0,1.0,0.001
E0BkSUoYgz,Const,/job:localhost/replica:0/task:0/device:GPU:0,1.0,0.001
7gDZp8FM05,Const,/job:localhost/replica:0/task:0/device:GPU:0,1.0,0.001
pLykJnNBWo,Const,/job:localhost/replica:0/task:0/device:GPU:0,1.0,0.001
H9ahI8gfs1,Const,/job:localhost/replica:0/task:0/device:GPU:0,1.0,0.001
pKj3oIWXys,Const,/job:localhost/replica:0/task:0/device:GPU:0,1.0,0.001
CSoLp4U36j,Const,/job:localhost/replica:0/task:0/device:GPU:0,1.0,0.001
IRFlkrcUe4,Const,/job:localhost/replica:0/task:0/device:GPU:0,1.0,0.001
efZO40RCWc,Const,/job:localhost/replica:0/task:0/device:GPU:0,1.0,0.001
zgBp4eo5Yv,Const,/job:localhost/replica:0/task:0/device:GPU:0,1.0,0.001
p7bT5UkoI6,Const,/job:localhost/replica:0/task:0/device:GPU:0,1.0,0.001
14r5TFhJZf,Const,/job:localhost/replica:0/task:0/device:GPU:0,1.0,0.001
W1NLu0VcAR,Const,/job:localhost/replica:0/task:0/device:GPU:0,1.0,0.001
AW2IrlMVvY,Const,/job:localhost/replica:0/task:0/device:GPU:0,1.0,0.001
ihJZPREx2d,Const,/job:localhost/replica:0/task:0/device:GPU:0,1.0,0.001
J6S2iUCqZD,Const,/job:localhost/replica:0/task:0/device:GPU:0,1.0,0.001
qe6It9ul3N,Const,/job:localhost/replica:0/task:0/device:GPU:0,1.0,0.001
W8hBGsDHAO,Const,/job:localhost/replica:0/task:0/device:GPU:0,1.0,0.001
wy45VdJHAj,Const,/job:localhost/replica:0/task:0/device:GPU:0,1.0,0.001
i17eyokzbT,Const,/job:localhost/replica:0/task:0/device:GPU:0,1.0,0.001
dlMFfBvbHV,Const,/job:localhost/replica:0/task:0/device:GPU:0,1.0,0.001
a2oGfWQmrI,Const,/job:localhost/replica:0/task:0/device:GPU:0,1.0,0.001
pdSv4FAnwR,Const,/job:localhost/replica:0/task:0/device:GPU:0,1.0,0.001
IvKUiat6z3,Const,/job:localhost/replica:0/task:0/device:GPU:0,1.0,0.001
eMkJr1hY3B,Const,/job:localhost/replica:0/task:0/device:GPU:0,1.0,0.001
xfdCaBJj0h,Const,/job:localhost/replica:0/task:0/device:GPU:0,1.0,0.001
85MTOycp76,Const,/job:localhost/replica:0/task:0/device:GPU:0,1.0,0.001
2UsWzJETki,Const,/job:localhost/replica:0/task:0/device:GPU:0,1.0,0.001
6PfKIndhgl,Const,/job:localhost/replica:0/task:0/device:GPU:0,1.0,0.001
VsXzkcpoMu,Const,/job:localhost/replica:0/task:0/device:GPU:0,1.0,0.001
R4oJTSgX9C,Const,/job:localhost/replica:0/task:0/device:GPU:0,1.0,0.001
KlpGF7PZ43,Const,/job:localhost/replica:0/task:0/device:GPU:0,1.0,0.001
QSCI9X4vnc,Const,/job:localhost/replica:0/task:0/device:GPU:0,1.0,0.001
ePyOCntiLq,Const,/job:localhost/replica:0/task:0/device:GPU:0,1.0,0.001
31BX7VrsSi,Const,/job:localhost/replica:0/task:0/device:GPU:0,1.0,0.001
L6ab49ikOu,Const,/job:localhost/replica:0/task:0/device:GPU:0,1.0,0.001
AXcLaftOZV,Const,/job:localhost/replica:0/task:0/device:GPU:0,1.0,0.001
8kVqnyw0Cp,Const,/job:localhost/replica:0/task:0/device:GPU:0,1.0,0.001
tPHIdeg81F,Const,/job:localhost/replica:0/task:0/device:GPU:0,1.0,0.001
2MheJTZfDS,Const,/job:localhost/replica:0/task:0/device:GPU:0,1.0,0.001
SHFaJZGzpI,Const,/job:localhost/replica:0/task:0/device:GPU:0,1.0,0.001
A4XNluB1rU,Const,/job:localhost/replica:0/task:0/device:GPU:0,1.0,0.001
e1Qp2zamw3,Const,/job:localhost/replica:0/task:0/device:GPU:0,1.0,0.001
gCpkWFbY6S,Const,/job:localhost/replica:0/task:0/device:GPU:0,1.0,0.001
NtIz045Lyk,Const,/job:localhost/replica:0/task:0/device:GPU:0,1.0,0.001
yZTbxRpKqN,Const,/job:localhost/replica:0/task:0/device:GPU:0,1.0,0.001
3c4JrkL2On,Const,/job:localhost/replica:0/task:0/device:GPU:0,1.0,0.001
UcYryaGub4,Const,/job:localhost/replica:0/task:0/device:GPU:0,1.0,0.001
DJ34XHeIcB,Const,/job:localhost/replica:0/task:0/device:GPU:0,1.0,0.001
9jOqAU1Tof,Const,/job:localhost/replica:0/task:0/device:GPU:0,1.0,0.001
9EaNuASXw3,Const,/job:localhost/replica:0/task:0/device:GPU:0,1.0,0.001
8aQkl0eXHm,Const,/job:localhost/replica:0/task:0/device:GPU:0,1.0,0.001
V9jWZxzRf1,Const,/job:localhost/replica:0/task:0/device:GPU:0,1.0,0.001
lzeVx7nIX1,Const,/job:localhost/replica:0/task:0/device:GPU:0,1.0,0.001
lgZ7hGLRAO,Const,/job:localhost/replica:0/task:0/device:GPU:0,1.0,0.001
lhegpH81xB,Const,/job:localhost/replica:0/task:0/device:GPU:0,1.0,0.001
vCdXfjIOR8,Const,/job:localhost/replica:0/task:0/device:GPU:0,1.0,0.001
UwGnjHdmWV,Const,/job:localhost/replica:0/task:0/device:GPU:0,1.0,0.001
f1JEPyujsR,Const,/job:localhost/replica:0/task:0/device:GPU:0,1.0,0.001
d5AJhRci0s,Const,/job:localhost/replica:0/task:0/device:GPU:0,1.0,0.001
KdfQzRI906,Const,/job:localhost/replica:0/task:0/device:GPU:0,1.0,0.001
xtK6fLkA9J,Const,/job:localhost/replica:0/task:0/device:GPU:0,1.0,0.001
pVtZrwLXWR,Const,/job:localhost/replica:0/task:0/device:GPU:0,1.0,0.001
8oeDnUlcsj,Const,/job:localhost/replica:0/task:0/device:GPU:0,1.0,0.001
bvHExhC6Kd,Const,/job:localhost/replica:0/task:0/device:GPU:0,1.0,0.001
LlPImbYfDN,Const,/job:localhost/replica:0/task:0/device:GPU:0,1.0,0.001
EOoHlBPCc3,Const,/job:localhost/replica:0/task:0/device:GPU:0,1.0,0.001
sGmCUgvaDA,Const,/job:localhost/replica:0/task:0/device:GPU:0,1.0,0.001
c7h4YUlQ8T,Const,/job:localhost/replica:0/task:0/device:GPU:0,1.0,0.001
thgm86EpK0,Const,/job:localhost/replica:0/task:0/device:GPU:0,1.0,0.001
ev7Ligd5pB,Const,/job:localhost/replica:0/task:0/device:GPU:0,1.0,0.001
mBbVJvdLar,Const,/job:localhost/replica:0/task:0/device:GPU:0,1.0,0.001
zoK0q57yUR,Const,/job:localhost/replica:0/task:0/device:GPU:0,1.0,0.001
HrXo8UhdVF,Const,/job:localhost/replica:0/task:0/device:GPU:0,1.0,0.001
wQYTfgF2ai,Const,/job:localhost/replica:0/task:0/device:GPU:0,1.0,0.001
n2GIm6cgtA,Const,/job:localhost/replica:0/task:0/device:GPU:0,1.0,0.001
8lBhpgiF07,Const,/job:localhost/replica:0/task:0/device:GPU:0,1.0,0.001
hU639rKmeR,Const,/job:localhost/replica:0/task:0/device:GPU:0,1.0,0.001
Hq5R4jxQUV,Const,/job:localhost/replica:0/task:0/device:GPU:0,1.0,0.001
ub4Ak2emlR,Const,/job:localhost/replica:0/task:0/device:GPU:0,1.0,0.001
WBl7uNPrcy,Const,/job:localhost/replica:0/task:0/device:GPU:0,1.0,0.001
6v9LHcCDYB,Const,/job:localhost/replica:0/task:0/device:GPU:0,1.0,0.001
KNaIpyDki0,Const,/job:localhost/replica:0/task:0/device:GPU:0,1.0,0.001
0YxaBc9TMG,Const,/job:localhost/replica:0/task:0/device:GPU:0,1.0,0.001
MBoTVlPhL9,Const,/job:localhost/replica:0/task:0/device:GPU:0,1.0,0.001
HWqhGj9y1B,Const,/job:localhost/replica:0/task:0/device:GPU:0,1.0,0.001
0ErbJIZ5hN,Const,/job:localhost/replica:0/task:0/device:GPU:0,1.0,0.001
im2Iql1tHn,Const,/job:localhost/replica:0/task:0/device:GPU:0,1.0,0.001
gHoEGq94pr,Const,/job:localhost/replica:0/task:0/device:GPU:0,1.0,0.001
paRALI5zgY,Const,/job:localhost/replica:0/task:0/device:GPU:0,1.0,0.001
ntowEaOYJ0,Const,/job:localhost/replica:0/task:0/device:GPU:0,1.0,0.001
UmT6q9a2Pj,Const,/job:localhost/replica:0/task:0/device:GPU:0,1.0,0.001
GZKIbQTU2v,Const,/job:localhost/replica:0/task:0/device:GPU:0,1.0,0.001
lRPjkBc36T,Const,/job:localhost/replica:0/task:0/device:GPU:0,1.0,0.001
KbHYynMaN4,Const,/job:localhost/replica:0/task:0/device:GPU:0,1.0,0.001
Sd4or6QEUF,Const,/job:localhost/replica:0/task:0/device:GPU:0,1.0,0.001
zGPuqXC37F,Const,/job:localhost/replica:0/task:0/device:GPU:0,1.0,0.001
PD8EdXz7b1,Const,/job:localhost/replica:0/task:0/device:GPU:0,1.0,0.001
gpfyoIVCnO,Const,/job:localhost/replica:0/task:0/device:GPU:0,1.0,0.001
4lhVR7Jfcs,Const,/job:localhost/replica:0/task:0/device:GPU:0,1.0,0.001
2sdgckoRCf,Const,/job:localhost/replica:0/task:0/device:GPU:0,1.0,0.001
w69RXJyAIn,Const,/job:localhost/replica:0/task:0/device:GPU:0,1.0,0.001
kCsFmzbJhW,Const,/job:localhost/replica:0/task:0/device:GPU:0,1.0,0.001
zO63iSUH8R,Const,/job:localhost/replica:0/task:0/device:GPU:0,1.0,0.001
fgpxkntElb,Const,/job:localhost/replica:0/task:0/device:GPU:0,1.0,0.001
XeKuwfPtMR,Const,/job:localhost/replica:0/task:0/device:GPU:0,1.0,0.001
N7u3WjeJZP,Const,/job:localhost/replica:0/task:0/device:GPU:0,1.0,0.001
Pk7fGyYIN8,Const,/job:localhost/replica:0/task:0/device:GPU:0,1.0,0.001
Z6K0rw5TxJ,Const,/job:localhost/replica:0/task:0/device:GPU:0,1.0,0.001
lPjArZoBsR,Const,/job:localhost/replica:0/task:0/device:GPU:0,1.0,0.001
4W3Tb1BtGY,Const,/job:localhost/replica:0/task:0/device:GPU:0,1.0,0.001
XNe6wnOAFp,Const,/job:localhost/replica:0/task:0/device:GPU:0,1.0,0.001
iplnR58WTF,Const,/job:localhost/replica:0/task:0/device:GPU:0,1.0,0.001
eH0buIW1Of,Const,/job:localhost/replica:0/task:0/device:GPU:0,1.0,0.001
iGY2Nzfsp6,Const,/job:localhost/replica:0/task:0/device:GPU:0,1.0,0.001
vDyOEL3hpM,Const,/job:localhost/replica:0/task:0/device:GPU:0,1.0,0.001
aAkNSzTF3H,Const,/job:localhost/replica:0/task:0/device:GPU:0,1.0,0.001
OABQ2wUXMb,Const,/job:localhost/replica:0/task:0/device:GPU:0,1.0,0.001
YAl4ez6b9t,Const,/job:localhost/replica:0/task:0/device:GPU:0,1.0,0.001
0XhIe1iQaY,Const,/job:localhost/replica:0/task:0/device:GPU:0,1.0,0.001
7FeJUH65lY,Const,/job:localhost/replica:0/task:0/device:GPU:0,1.0,0.001
Nr0hXMvDiR,Const,/job:localhost/replica:0/task:0/device:GPU:0,1.0,0.001
rXRYp7DOfj,Const,/job:localhost/replica:0/task:0/device:GPU:0,1.0,0.001
uUjx67pMhN,Const,/job:localhost/replica:0/task:0/device:GPU:0,1.0,0.001
ky2oAqBpO5,Const,/job:localhost/replica:0/task:0/device:GPU:0,1.0,0.001
3DthxjafsQ,Const,/job:localhost/replica:0/task:0/device:GPU:0,1.0,0.001
uzyGoLIOsr,Const,/job:localhost/replica:0/task:0/device:GPU:0,1.0,0.001
zNrcf3hFbV,Const,/job:localhost/replica:0/task:0/device:GPU:0,1.0,0.001
A8pfr5I0qD,Const,/job:localhost/replica:0/task:0/device:GPU:0,1.0,0.001
biweqlhZI2,Const,/job:localhost/replica:0/task:0/device:GPU:0,1.0,0.001
RKUC98FfPY,Const,/job:localhost/replica:0/task:0/device:GPU:0,1.0,0.001
5LMkuI2bjO,Const,/job:localhost/replica:0/task:0/device:GPU:0,1.0,0.001
OYSWwaDoeE,Const,/job:localhost/replica:0/task:0/device:GPU:0,1.0,0.001
JFsnroGthm,Const,/job:localhost/replica:0/task:0/device:GPU:0,1.0,0.001
Z8fawpqYeE,Const,/job:localhost/replica:0/task:0/device:GPU:0,1.0,0.001
6JApQwN3bi,Const,/job:localhost/replica:0/task:0/device:GPU:0,1.0,0.001
xtV9py62BI,Const,/job:localhost/replica:0/task:0/device:GPU:0,1.0,0.001
PSi6Rr1utv,Const,/job:localhost/replica:0/task:0/device:GPU:0,1.0,0.001
fPNVo37YKl,Const,/job:localhost/replica:0/task:0/device:GPU:0,1.0,0.001
e39m2aZtEh,Const,/job:localhost/replica:0/task:0/device:GPU:0,1.0,0.001
THgZkViv9A,Const,/job:localhost/replica:0/task:0/device:GPU:0,1.0,0.001
32zafVKvGs,Const,/job:localhost/replica:0/task:0/device:GPU:0,1.0,0.001
5t3vkD7Pdh,Const,/job:localhost/replica:0/task:0/device:GPU:0,1.0,0.001
oqCYsVmIxN,Const,/job:localhost/replica:0/task:0/device:GPU:0,1.0,0.001
qHVwIsdkEn,Const,/job:localhost/replica:0/task:0/device:GPU:0,1.0,0.001
2AWXaE0cZI,Const,/job:localhost/replica:0/task:0/device:GPU:0,1.0,0.001
KCVB4qp7nJ,Const,/job:localhost/replica:0/task:0/device:GPU:0,1.0,0.001
8gKuMSGLX2,Const,/job:localhost/replica:0/task:0/device:GPU:0,1.0,0.001
QEICruHp6P,Const,/job:localhost/replica:0/task:0/device:GPU:0,1.0,0.001
3dX7StAeH5,Const,/job:localhost/replica:0/task:0/device:GPU:0,1.0,0.001
K98dD2lG7C,Const,/job:localhost/replica:0/task:0/device:GPU:0,1.0,0.001
iz4ZbAtFHV,Const,/job:localhost/replica:0/task:0/device:GPU:0,1.0,0.001
PrLbIsOADU,Const,/job:localhost/replica:0/task:0/device:GPU:0,1.0,0.001
NysKE9Jn8R,Const,/job:localhost/replica:0/task:0/device:GPU:0,1.0,0.001
SBspDHzumo,Const,/job:localhost/replica:0/task:0/device:GPU:0,1.0,0.001
FhpMzVfLgl,Const,/job:localhost/replica:0/task:0/device:GPU:0,1.0,0.001
isnpwHBJeL,Const,/job:localhost/replica:0/task:0/device:GPU:0,1.0,0.001
TSgO91U35B,Const,/job:localhost/replica:0/task:0/device:GPU:0,1.0,0.001
f4NSnstbji,Const,/job:localhost/replica:0/task:0/device:GPU:0,1.0,0.001
JkG8b3A0Nm,Const,/job:localhost/replica:0/task:0/device:GPU:0,1.0,0.001
0LHl481Xpm,Const,/job:localhost/replica:0/task:0/device:GPU:0,1.0,0.001
5ZfY2pkW14,Const,/job:localhost/replica:0/task:0/device:GPU:0,1.0,0.001
xZd8Aew4CW,Const,/job:localhost/replica:0/task:0/device:GPU:0,1.0,0.001
X3GSQNFz82,Const,/job:localhost/replica:0/task:0/device:GPU:0,1.0,0.001
B4JSnqUNEp,Const,/job:localhost/replica:0/task:0/device:GPU:0,1.0,0.001
sPU7GOZhrm,Const,/job:localhost/replica:0/task:0/device:GPU:0,1.0,0.001
8Z9rMlF30U,Const,/job:localhost/replica:0/task:0/device:GPU:0,1.0,0.001
kg8QoTLOMB,Const,/job:localhost/replica:0/task:0/device:GPU:0,1.0,0.001
RyBufPmzbv,Const,/job:localhost/replica:0/task:0/device:GPU:0,1.0,0.001
wrJQlkxEtC,Const,/job:localhost/replica:0/task:0/device:GPU:0,1.0,0.001
0839ONemvh,Const,/job:localhost/replica:0/task:0/device:GPU:0,1.0,0.001
KW1Y3kHi0V,Const,/job:localhost/replica:0/task:0/device:GPU:0,1.0,0.001
grjqK4Z79w,Const,/job:localhost/replica:0/task:0/device:GPU:0,1.0,0.001
UhZIR7NP5V,Const,/job:localhost/replica:0/task:0/device:GPU:0,1.0,0.001
usjVk3PrWp,Const,/job:localhost/replica:0/task:0/device:GPU:0,1.0,0.001
YCL295xiNG,Const,/job:localhost/replica:0/task:0/device:GPU:0,1.0,0.001
ghUM0XkrsO,Const,/job:localhost/replica:0/task:0/device:GPU:0,1.0,0.001
kPvmAs0z9Q,Const,/job:localhost/replica:0/task:0/device:GPU:0,1.0,0.001
Vv5xSyIUWL,Const,/job:localhost/replica:0/task:0/device:GPU:0,1.0,0.001
6FQZdKSCA8,Const,/job:localhost/replica:0/task:0/device:GPU:0,1.0,0.001
DkUrTSf3vh,Const,/job:localhost/replica:0/task:0/device:GPU:0,1.0,0.001
LvkatzuAlO,Const,/job:localhost/replica:0/task:0/device:GPU:0,1.0,0.001
BfLdJhcPOl,Const,/job:localhost/replica:0/task:0/device:GPU:0,1.0,0.001
mpCFAEGwVo,Const,/job:localhost/replica:0/task:0/device:GPU:0,1.0,0.001
4OHVZ13XNC,Const,/job:localhost/replica:0/task:0/device:GPU:0,1.0,0.001
HOFi3GUDLq,Const,/job:localhost/replica:0/task:0/device:GPU:0,1.0,0.001
K21LryqexM,Const,/job:localhost/replica:0/task:0/device:GPU:0,1.0,0.001
9KBalb2cjA,Const,/job:localhost/replica:0/task:0/device:GPU:0,1.0,0.001
DTPOVGCQRh,Const,/job:localhost/replica:0/task:0/device:GPU:0,1.0,0.001
peRgZNQ7bk,Const,/job:localhost/replica:0/task:0/device:GPU:0,1.0,0.001
emkwfRM9y2,Const,/job:localhost/replica:0/task:0/device:GPU:0,1.0,0.001
ZXREn3gjfL,Const,/job:localhost/replica:0/task:0/device:GPU:0,1.0,0.001
ADm9iYl8b3,Const,/job:localhost/replica:0/task:0/device:GPU:0,1.0,0.001
fyPbURx5KM,Const,/job:localhost/replica:0/task:0/device:GPU:0,1.0,0.001
cDBPh6UOIZ,Const,/job:localhost/replica:0/task:0/device:GPU:0,1.0,0.001
fiQWvkE5FX,Const,/job:localhost/replica:0/task:0/device:GPU:0,1.0,0.001
JFZsUVT2DE,Const,/job:localhost/replica:0/task:0/device:GPU:0,1.0,0.001
Q8CjAdkWOr,Const,/job:localhost/replica:0/task:0/device:GPU:0,1.0,0.001
Dz0Qsc2AMF,Const,/job:localhost/replica:0/task:0/device:GPU:0,1.0,0.001
MejlhtyT7n,Const,/job:localhost/replica:0/task:0/device:GPU:0,1.0,0.001
s3BvmWAbhS,Const,/job:localhost/replica:0/task:0/device:GPU:0,1.0,0.001
kf2BWNuFJO,Const,/job:localhost/replica:0/task:0/device:GPU:0,1.0,0.001
csXMvUD3aB,Const,/job:localhost/replica:0/task:0/device:GPU:0,1.0,0.001
14Qf0btBLC,Const,/job:localhost/replica:0/task:0/device:GPU:0,1.0,0.001
YFTcZyqOPL,Const,/job:localhost/replica:0/task:0/device:GPU:0,1.0,0.001
nfste02cCR,Const,/job:localhost/replica:0/task:0/device:GPU:0,1.0,0.001
SuqJ1xjeWQ,Const,/job:localhost/replica:0/task:0/device:GPU:0,1.0,0.001
NGmCxbD4QA,Const,/job:localhost/replica:0/task:0/device:GPU:0,1.0,0.001
CLmMocWHfN,Const,/job:localhost/replica:0/task:0/device:GPU:0,1.0,0.001
Lwqn9u3c1I,Const,/job:localhost/replica:0/task:0/device:GPU:0,1.0,0.001
Xd7nSBgPoW,Const,/job:localhost/replica:0/task:0/device:GPU:0,1.0,0.001
2hnF1yueYx,Const,/job:localhost/replica:0/task:0/device:GPU:0,1.0,0.001
nkYBXMaK2N,Const,/job:localhost/replica:0/task:0/device:GPU:0,1.0,0.001
Ider6sqy2B,Const,/job:localhost/replica:0/task:0/device:GPU:0,1.0,0.001
ypBuK9G0f3,Const,/job:localhost/replica:0/task:0/device:GPU:0,1.0,0.001
7wJr5ITVdp,Const,/job:localhost/replica:0/task:0/device:GPU:0,1.0,0.001
UojewYL5zQ,Const,/job:localhost/replica:0/task:0/device:GPU:0,1.0,0.001
OgB7jTQrcv,Const,/job:localhost/replica:0/task:0/device:GPU:0,1.0,0.001
hqxgkNw4pE,Const,/job:localhost/replica:0/task:0/device:GPU:0,1.0,0.001
1fRn8kAxrJ,Const,/job:localhost/replica:0/task:0/device:GPU:0,1.0,0.001
INjodY6Xv9,Const,/job:localhost/replica:0/task:0/device:GPU:0,1.0,0.001
6ejSBIHxKu,Const,/job:localhost/replica:0/task:0/device:GPU:0,1.0,0.001
c5MFteUo9P,Const,/job:localhost/replica:0/task:0/device:GPU:0,1.0,0.001
UXiNWRFqut,Const,/job:localhost/replica:0/task:0/device:GPU:0,1.0,0.001
r8SThxuE0N,Const,/job:localhost/replica:0/task:0/device:GPU:0,1.0,0.001
yndaSjEPJ6,Const,/job:localhost/replica:0/task:0/device:GPU:0,1.0,0.001
G3FMAHuBcE,Const,/job:localhost/replica:0/task:0/device:GPU:0,1.0,0.001
vO07ySZbj9,Const,/job:localhost/replica:0/task:0/device:GPU:0,1.0,0.001
SRIDlt6KE1,Const,/job:localhost/replica:0/task:0/device:GPU:0,1.0,0.001
2HlAWnxCBq,Const,/job:localhost/replica:0/task:0/device:GPU:0,1.0,0.001
A2mVLKMEs8,Const,/job:localhost/replica:0/task:0/device:GPU:0,1.0,0.001
beEcDvN6VI,Const,/job:localhost/replica:0/task:0/device:GPU:0,1.0,0.001
lHTr971yWd,Const,/job:localhost/replica:0/task:0/device:GPU:0,1.0,0.001
LgHFiXwsAr,Const,/job:localhost/replica:0/task:0/device:GPU:0,1.0,0.001
R0i3AK6m9H,Const,/job:localhost/replica:0/task:0/device:GPU:0,1.0,0.001
uBgT70pyMS,Const,/job:localhost/replica:0/task:0/device:GPU:0,1.0,0.001
H85f2MdZaj,Const,/job:localhost/replica:0/task:0/device:GPU:0,1.0,0.001
4SR5uXMJsO,Const,/job:localhost/replica:0/task:0/device:GPU:0,1.0,0.001
KAJL6whPHk,Const,/job:localhost/replica:0/task:0/device:GPU:0,1.0,0.001
cB4OV1LdeS,Const,/job:localhost/replica:0/task:0/device:GPU:0,1.0,0.001
qwznZyLcK4,Const,/job:localhost/replica:0/task:0/device:GPU:0,1.0,0.001
rly9K2Lh5s,Const,/job:localhost/replica:0/task:0/device:GPU:0,1.0,0.001
d2aVyxfYKp,Const,/job:localhost/replica:0/task:0/device:GPU:0,1.0,0.001
0BUZ2PRNis,Const,/job:localhost/replica:0/task:0/device:GPU:0,1.0,0.001
H02MiXyI6V,Const,/job:localhost/replica:0/task:0/device:GPU:0,1.0,0.001
O1ISFilopq,Const,/job:localhost/replica:0/task:0/device:GPU:0,1.0,0.001
B3W9e6tULq,Const,/job:localhost/replica:0/task:0/device:GPU:0,1.0,0.001
K7OlwdcHRW,Const,/job:localhost/replica:0/task:0/device:GPU:0,1.0,0.001
rPXtgiSKAp,Const,/job:localhost/replica:0/task:0/device:GPU:0,1.0,0.001
jZA2Gn70po,Const,/job:localhost/replica:0/task:0/device:GPU:0,1.0,0.001
frQ8Amy2u3,Const,/job:localhost/replica:0/task:0/device:GPU:0,1.0,0.001
6Y9gknPGc3,Const,/job:localhost/replica:0/task:0/device:GPU:0,1.0,0.001
3iLh9HPfs8,Const,/job:localhost/replica:0/task:0/device:GPU:0,1.0,0.001
R7yMt9iCWh,Const,/job:localhost/replica:0/task:0/device:GPU:0,1.0,0.001
ilDeaLO5V0,Const,/job:localhost/replica:0/task:0/device:GPU:0,1.0,0.001
MBzX95ZlkW,Const,/job:localhost/replica:0/task:0/device:GPU:0,1.0,0.001
54IyVvrijT,Const,/job:localhost/replica:0/task:0/device:GPU:0,1.0,0.001
UACwrnJ4oQ,Const,/job:localhost/replica:0/task:0/device:GPU:0,1.0,0.001
Pir39YI6Mk,Const,/job:localhost/replica:0/task:0/device:GPU:0,1.0,0.001
lGXkNAn364,Const,/job:localhost/replica:0/task:0/device:GPU:0,1.0,0.001
dkMVwJSh69,Const,/job:localhost/replica:0/task:0/device:GPU:0,1.0,0.001
bEhPH5ySeq,Const,/job:localhost/replica:0/task:0/device:GPU:0,1.0,0.001
O1dg0rA7Eh,Const,/job:localhost/replica:0/task:0/device:GPU:0,1.0,0.001
B3LjYVuQHC,Const,/job:localhost/replica:0/task:0/device:GPU:0,1.0,0.001
ncGUsmVWpl,Const,/job:localhost/replica:0/task:0/device:GPU:0,1.0,0.001
oL0UTIbxgz,Const,/job:localhost/replica:0/task:0/device:GPU:0,1.0,0.001
QYEWXdeM7S,Const,/job:localhost/replica:0/task:0/device:GPU:0,1.0,0.001
ri0H2T4tgq,Const,/job:localhost/replica:0/task:0/device:GPU:0,1.0,0.001
tqDnYbVyBv,Const,/job:localhost/replica:0/task:0/device:GPU:0,1.0,0.001
nS4qXdD52p,Const,/job:localhost/replica:0/task:0/device:GPU:0,1.0,0.001
mrudqARF3U,Const,/job:localhost/replica:0/task:0/device:GPU:0,1.0,0.001
4wjefSgJ9M,Const,/job:localhost/replica:0/task:0/device:GPU:0,1.0,0.001
PBtEKQvUG2,Const,/job:localhost/replica:0/task:0/device:GPU:0,1.0,0.001
rS9pTuYOoi,Const,/job:localhost/replica:0/task:0/device:GPU:0,1.0,0.001
kNfXDmuGAO,Const,/job:localhost/replica:0/task:0/device:GPU:0,1.0,0.001
XPGwy2HoYe,Const,/job:localhost/replica:0/task:0/device:GPU:0,1.0,0.001
59vImxkiwT,Const,/job:localhost/replica:0/task:0/device:GPU:0,1.0,0.001
Lwe4qtACEJ,Const,/job:localhost/replica:0/task:0/device:GPU:0,1.0,0.001
YezDplKFWr,Const,/job:localhost/replica:0/task:0/device:GPU:0,1.0,0.001
cnXwQ64IB3,Const,/job:localhost/replica:0/task:0/device:GPU:0,1.0,0.001
OPYcsWiVgt,Const,/job:localhost/replica:0/task:0/device:GPU:0,1.0,0.001
yUFcaJh70P,Const,/job:localhost/replica:0/task:0/device:GPU:0,1.0,0.001
M3STigL6lc,Const,/job:localhost/replica:0/task:0/device:GPU:0,1.0,0.001
I07cqBXzxj,Const,/job:localhost/replica:0/task:0/device:GPU:0,1.0,0.001
NupwYT5cLr,Const,/job:localhost/replica:0/task:0/device:GPU:0,1.0,0.001
5pBHlUuGr6,Const,/job:localhost/replica:0/task:0/device:GPU:0,1.0,0.001
I2sAKhnNjH,Const,/job:localhost/replica:0/task:0/device:GPU:0,1.0,0.001
5YXm6138Zh,Const,/job:localhost/replica:0/task:0/device:GPU:0,1.0,0.001
a0oRnKqDxk,Const,/job:localhost/replica:0/task:0/device:GPU:0,1.0,0.001
0jKG8Yt7W5,Const,/job:localhost/replica:0/task:0/device:GPU:0,1.0,0.001
RvbT8Ucp4Q,Const,/job:localhost/replica:0/task:0/device:GPU:0,1.0,0.001
zubyms410f,Const,/job:localhost/replica:0/task:0/device:GPU:0,1.0,0.001
tUoaT6OnSx,Const,/job:localhost/replica:0/task:0/device:GPU:0,1.0,0.001
rq5FSuO9R3,Const,/job:localhost/replica:0/task:0/device:GPU:0,1.0,0.001
Qz7wP46Oa3,Const,/job:localhost/replica:0/task:0/device:GPU:0,1.0,0.001
OrMJXwxQLP,Const,/job:localhost/replica:0/task:0/device:GPU:0,1.0,0.001
gC6Uy8MDwY,Const,/job:localhost/replica:0/task:0/device:GPU:0,1.0,0.001
3LinD7YSEP,Const,/job:localhost/replica:0/task:0/device:GPU:0,1.0,0.001
CvrURYlfoc,Const,/job:localhost/replica:0/task:0/device:GPU:0,1.0,0.001
7GR4itXozy,Const,/job:localhost/replica:0/task:0/device:GPU:0,1.0,0.001
ydCfNbwTm0,Const,/job:localhost/replica:0/task:0/device:GPU:0,1.0,0.001
5THWbghl7o,Const,/job:localhost/replica:0/task:0/device:GPU:0,1.0,0.001
d7Gh4TYxtA,Const,/job:localhost/replica:0/task:0/device:GPU:0,1.0,0.001
3vZijyFlLB,Const,/job:localhost/replica:0/task:0/device:GPU:0,1.0,0.001
dToeJtXyqO,Const,/job:localhost/replica:0/task:0/device:GPU:0,1.0,0.001
9bohEFcmOD,Const,/job:localhost/replica:0/task:0/device:GPU:0,1.0,0.001
gNhMPyUSAo,Const,/job:localhost/replica:0/task:0/device:GPU:0,1.0,0.001
deH74ImwGp,Const,/job:localhost/replica:0/task:0/device:GPU:0,1.0,0.001
zul8hQKZ5r,Const,/job:localhost/replica:0/task:0/device:GPU:0,1.0,0.001
ABl94dayLw,Const,/job:localhost/replica:0/task:0/device:GPU:0,1.0,0.001
CiHPVDN2qt,Const,/job:localhost/replica:0/task:0/device:GPU:0,1.0,0.001
f9A7WYlZtT,Const,/job:localhost/replica:0/task:0/device:GPU:0,1.0,0.001
gHJIKnTGcC,Const,/job:localhost/replica:0/task:0/device:GPU:0,1.0,0.001
OdPzVy2rLe,Const,/job:localhost/replica:0/task:0/device:GPU:0,1.0,0.001
RTVKWeUGh7,Const,/job:localhost/replica:0/task:0/device:GPU:0,1.0,0.001
aJpxDzicE9,Const,/job:localhost/replica:0/task:0/device:GPU:0,1.0,0.001
7DlAjmU1cx,Const,/job:localhost/replica:0/task:0/device:GPU:0,1.0,0.001
wP7WmBFkOd,Const,/job:localhost/replica:0/task:0/device:GPU:0,1.0,0.001
KODYUfPFT6,Const,/job:localhost/replica:0/task:0/device:GPU:0,1.0,0.001
xMnus4tSHV,Const,/job:localhost/replica:0/task:0/device:GPU:0,1.0,0.001
QwYcObNqAx,Const,/job:localhost/replica:0/task:0/device:GPU:0,1.0,0.001
kuWb3SeEP1,Const,/job:localhost/replica:0/task:0/device:GPU:0,1.0,0.001
t9LJNeZsU5,Const,/job:localhost/replica:0/task:0/device:GPU:0,1.0,0.001
LjO0qKlhdx,Const,/job:localhost/replica:0/task:0/device:GPU:0,1.0,0.001
UjXAur9liZ,Const,/job:localhost/replica:0/task:0/device:GPU:0,1.0,0.001
Cv2wYHiTO9,Const,/job:localhost/replica:0/task:0/device:GPU:0,1.0,0.001
yfeRkBznPT,Const,/job:localhost/replica:0/task:0/device:GPU:0,1.0,0.001
evGFdJcBQ6,Const,/job:localhost/replica:0/task:0/device:GPU:0,1.0,0.001
UWQquowAS0,Const,/job:localhost/replica:0/task:0/device:GPU:0,1.0,0.001
q5bxM6IUt3,Const,/job:localhost/replica:0/task:0/device:GPU:0,1.0,0.001
ZWiO9qwQVd,Const,/job:localhost/replica:0/task:0/device:GPU:0,1.0,0.001
OdHTYDLFcl,Const,/job:localhost/replica:0/task:0/device:GPU:0,1.0,0.001
mieDcUQgtG,Const,/job:localhost/replica:0/task:0/device:GPU:0,1.0,0.001
IX5Sjqvf1N/_205__cf__205,Reshape,/job:localhost/replica:0/task:0/device:GPU:0,1.0,0.001
JY8ohfq2vy/_223__cf__223,Reshape,/job:localhost/replica:0/task:0/device:GPU:0,1.0,0.001
By5t4Qi8Sw,Const,/job:localhost/replica:0/task:0/device:GPU:0,1.0,0.001
zR1MBxAkn5,Const,/job:localhost/replica:0/task:0/device:GPU:0,1.0,0.001
FdkvRtOj3i,Const,/job:localhost/replica:0/task:0/device:GPU:0,1.0,0.001
GCP4xRJtqm,Const,/job:localhost/replica:0/task:0/device:GPU:0,1.0,0.001
AXY5dy0B8w,Const,/job:localhost/replica:0/task:0/device:GPU:0,1.0,0.001
dwFNZp2oUa,Const,/job:localhost/replica:0/task:0/device:GPU:0,1.0,0.001
pawnPKOsfR,Const,/job:localhost/replica:0/task:0/device:GPU:0,1.0,0.001
czvF2GEBJA,Const,/job:localhost/replica:0/task:0/device:GPU:0,1.0,0.001
PUhDfwB62J,Const,/job:localhost/replica:0/task:0/device:GPU:0,1.0,0.001
XtNF6RWr0Y,Const,/job:localhost/replica:0/task:0/device:GPU:0,1.0,0.001
63NVXsS49A,Const,/job:localhost/replica:0/task:0/device:GPU:0,1.0,0.001
JmSZRW8P3k/_227__cf__227,Reshape,/job:localhost/replica:0/task:0/device:GPU:0,1.0,0.001
754LwbvYFS/_84__cf__84,Reshape,/job:localhost/replica:0/task:0/device:GPU:0,1.0,0.001
Qp1jgEy38I,Const,/job:localhost/replica:0/task:0/device:GPU:0,1.0,0.001
V6aCDlWfto,Const,/job:localhost/replica:0/task:0/device:GPU:0,1.0,0.001
YPqj2f4Xk3,Const,/job:localhost/replica:0/task:0/device:GPU:0,1.0,0.001
ym1iHbqNhQ,Const,/job:localhost/replica:0/task:0/device:GPU:0,1.0,0.001
NcfER8tk7o,Const,/job:localhost/replica:0/task:0/device:GPU:0,1.0,0.001
3RDocGwrTn,Const,/job:localhost/replica:0/task:0/device:GPU:0,1.0,0.001
R8ul63BoGc,Const,/job:localhost/replica:0/task:0/device:GPU:0,1.0,0.001
LgYzARHqUr/_244__cf__244,Reshape,/job:localhost/replica:0/task:0/device:GPU:0,1.0,0.001
NUl87pgS3b/_259__cf__259,Reshape,/job:localhost/replica:0/task:0/device:GPU:0,1.0,0.001
9DLfbkhe0M/_104__cf__104,Reshape,/job:localhost/replica:0/task:0/device:GPU:0,1.0,0.001
st0iUYPaOT,Const,/job:localhost/replica:0/task:0/device:GPU:0,1.0,0.001
EnvLHKP5rp,Const,/job:localhost/replica:0/task:0/device:GPU:0,1.0,0.001
MeILafgNox,Const,/job:localhost/replica:0/task:0/device:GPU:0,1.0,0.001
OB9ZXfbAur,Const,/job:localhost/replica:0/task:0/device:GPU:0,1.0,0.001
e5yZDQ9HwM,Const,/job:localhost/replica:0/task:0/device:GPU:0,1.0,0.001
Jj8Snhemp3,Const,/job:localhost/replica:0/task:0/device:GPU:0,1.0,0.001
MAOg9J6fVx,Const,/job:localhost/replica:0/task:0/device:GPU:0,1.0,0.001
3PvDsrhOq8,Const,/job:localhost/replica:0/task:0/device:GPU:0,1.0,0.001
NasedkrwOD,Const,/job:localhost/replica:0/task:0/device:GPU:0,1.0,0.001
96EIlmT2jU/_100__cf__100,Reshape,/job:localhost/replica:0/task:0/device:GPU:0,1.0,0.001
CsXeDypBU4/_144__cf__144,Reshape,/job:localhost/replica:0/task:0/device:GPU:0,1.0,0.001
DT4OxJ2l0X/_149__cf__149,Reshape,/job:localhost/replica:0/task:0/device:GPU:0,1.0,0.001
GupBq230ev,Const,/job:localhost/replica:0/task:0/device:GPU:0,1.0,0.001
rWUK3zLMHk,Const,/job:localhost/replica:0/task:0/device:GPU:0,1.0,0.001
fkv2wVjDFK,Const,/job:localhost/replica:0/task:0/device:GPU:0,1.0,0.001
jMpl4W0bCf,Const,/job:localhost/replica:0/task:0/device:GPU:0,1.0,0.001
wy1Fx0f8mY,Const,/job:localhost/replica:0/task:0/device:GPU:0,1.0,0.001
k8qBZmMXyh,Const,/job:localhost/replica:0/task:0/device:GPU:0,1.0,0.001
dacsL7bUzu,Const,/job:localhost/replica:0/task:0/device:GPU:0,1.0,0.001
IqOxnDeCyo,Const,/job:localhost/replica:0/task:0/device:GPU:0,1.0,0.001
PVIBOinuts/_286__cf__286,Reshape,/job:localhost/replica:0/task:0/device:GPU:0,1.0,0.001
7bZifxS2gc/_88__cf__88,Reshape,/job:localhost/replica:0/task:0/device:GPU:0,1.0,0.001
AJ7PmNbzf1/_116__cf__116,StridedSlice,/job:localhost/replica:0/task:0/device:GPU:0,1.0,0.001
ArfP5gkeMH/_122__cf__122,Reshape,/job:localhost/replica:0/task:0/device:GPU:0,1.0,0.001
C9lV38obeA/_136__cf__136,Reshape,/job:localhost/replica:0/task:0/device:GPU:0,1.0,0.001
CxYGQRzrFS/_145__cf__145,Cast,/job:localhost/replica:0/task:0/device:GPU:0,1.0,0.001
DjB4p537wq/_150__cf__150,Reshape,/job:localhost/replica:0/task:0/device:GPU:0,1.0,0.001
EdjI1mKwTO/_167__cf__167,AddV2,/job:localhost/replica:0/task:0/device:GPU:0,1.0,0.001
qgNHew6osK,Const,/job:localhost/replica:0/task:0/device:GPU:0,1.0,0.001
efO1RpTExv,Const,/job:localhost/replica:0/task:0/device:GPU:0,1.0,0.001
0ROPSIrgfX,Const,/job:localhost/replica:0/task:0/device:GPU:0,1.0,0.001
Lh4WFZSfXU/_245__cf__245,Reshape,/job:localhost/replica:0/task:0/device:GPU:0,1.0,0.001
N5LqSIzGiD/_254__cf__254,Reshape,/job:localhost/replica:0/task:0/device:GPU:0,1.0,0.001
AJmOqroj90/_117__cf__117,Reshape,/job:localhost/replica:0/task:0/device:GPU:0,1.0,0.001
Azl7uELZKT/_124__cf__124,Reshape,/job:localhost/replica:0/task:0/device:GPU:0,1.0,0.001
CGdFayDfA6/_137__cf__137,Reshape,/job:localhost/replica:0/task:0/device:GPU:0,1.0,0.001
DJ2S81LEIP/_146__cf__146,ExpandDims,/job:localhost/replica:0/task:0/device:GPU:0,1.0,0.001
DpnTR5o3uG/_152__cf__152,Reshape,/job:localhost/replica:0/task:0/device:GPU:0,1.0,0.001
ErzRCqB50I/_173__cf__173,Reshape,/job:localhost/replica:0/task:0/device:GPU:0,1.0,0.001
ZFz7lKR6N4,Const,/job:localhost/replica:0/task:0/device:GPU:0,1.0,0.001
P72YWtxiov/_279__cf__279,Reshape,/job:localhost/replica:0/task:0/device:GPU:0,1.0,0.001
QJ4jwaYL2o/_294__cf__294,Add,/job:localhost/replica:0/task:0/device:GPU:0,1.0,0.001
R3cZVplaGN/_302__cf__302,Reshape,/job:localhost/replica:0/task:0/device:GPU:0,1.0,0.001
TJPdeYyqiX/_327__cf__327,Reshape,/job:localhost/replica:0/task:0/device:GPU:0,1.0,0.001
ToirveAlLY/_338__cf__338,Reshape,/job:localhost/replica:0/task:0/device:GPU:0,1.0,0.001
DQXWst7bnH/_148__cf__148,Reshape,/job:localhost/replica:0/task:0/device:GPU:0,1.0,0.001
Dr7YnVGZbs/_153__cf__153,Reshape,/job:localhost/replica:0/task:0/device:GPU:0,1.0,0.001
EOoUKmDGVN/_162__cf__162,Reshape,/job:localhost/replica:0/task:0/device:GPU:0,1.0,0.001
EkXL5fuv1I/_170__cf__170,Reshape,/job:localhost/replica:0/task:0/device:GPU:0,1.0,0.001
F3P9ZaryEj/_174__cf__174,Reshape,/job:localhost/replica:0/task:0/device:GPU:0,1.0,0.001
GEWVFHfcQN/_186__cf__186,Reshape,/job:localhost/replica:0/task:0/device:GPU:0,1.0,0.001
H4Ssx5qrPk/_192__cf__192,Reshape,/job:localhost/replica:0/task:0/device:GPU:0,1.0,0.001
JHjO4G9iRy/_219__cf__219,Reshape,/job:localhost/replica:0/task:0/device:GPU:0,1.0,0.001
JiFaWReE1Y/_225__cf__225,Reshape,/job:localhost/replica:0/task:0/device:GPU:0,1.0,0.001
POY9vRA0bK/_284__cf__284,Reshape,/job:localhost/replica:0/task:0/device:GPU:0,1.0,0.001
QAtugyMUsP/_290__cf__290,Reshape,/job:localhost/replica:0/task:0/device:GPU:0,1.0,0.001
QYsJTmplgI/_297__cf__297,Reshape,/job:localhost/replica:0/task:0/device:GPU:0,1.0,0.001
REWihC91qO/_304__cf__304,Reshape,/job:localhost/replica:0/task:0/device:GPU:0,1.0,0.001
S6WO8jtGRQ/_313__cf__313,Reshape,/job:localhost/replica:0/task:0/device:GPU:0,1.0,0.001
UbjmvthRGF/_343__cf__343,Sub,/job:localhost/replica:0/task:0/device:GPU:0,1.0,0.001
Bjaneuf7D4/_133__cf__133,Reshape,/job:localhost/replica:0/task:0/device:GPU:0,1.0,0.001
EljaBqnmGf/_171__cf__171,Reshape,/job:localhost/replica:0/task:0/device:GPU:0,1.0,0.001
H7PuGIqp2W/_193__cf__193,Reshape,/job:localhost/replica:0/task:0/device:GPU:0,1.0,0.001
IWDEKvw85r/_204__cf__204,Reshape,/job:localhost/replica:0/task:0/device:GPU:0,1.0,0.001
KAVZtMuh2E/_236__cf__236,Reshape,/job:localhost/replica:0/task:0/device:GPU:0,1.0,0.001
Qf8LWkPCXo/_300__cf__300,Reshape,/job:localhost/replica:0/task:0/device:GPU:0,1.0,0.001
Rq1KJ8xT5b/_311__cf__311,Reshape,/job:localhost/replica:0/task:0/device:GPU:0,1.0,0.001
SaJIPwR1ZT/_319__cf__319,Reshape,/job:localhost/replica:0/task:0/device:GPU:0,1.0,0.001
GqzILknNbO/_190__cf__190,Reshape,/job:localhost/replica:0/task:0/device:GPU:0,1.0,0.001
HMW9gSubB7/_194__cf__194,Reshape,/job:localhost/replica:0/task:0/device:GPU:0,1.0,0.001
SRTZe7VHWm/_316__cf__316,Reshape,/job:localhost/replica:0/task:0/device:GPU:0,1.0,0.001
SlX0I78beK/_320__cf__320,Reshape,/job:localhost/replica:0/task:0/device:GPU:0,1.0,0.001
TZJfm9W5Nn/_332__cf__332,Reshape,/job:localhost/replica:0/task:0/device:GPU:0,1.0,0.001
ofr8ZKScpn/_599__cf__599,Reshape,/job:localhost/replica:0/task:0/device:GPU:0,1.0,0.001
omK83Pj62q/_600__cf__600,Add,/job:localhost/replica:0/task:0/device:GPU:0,1.0,0.001
pO8kaxcXCT/_611__cf__611,Reshape,/job:localhost/replica:0/task:0/device:GPU:0,1.0,0.001
p5zuiGgyqn/_605__cf__605,Reshape,/job:localhost/replica:0/task:0/device:GPU:0,1.0,0.001
pPjR6ZNulr/_612__cf__612,Reshape,/job:localhost/replica:0/task:0/device:GPU:0,1.0,0.001
p72xS5I0kU/_606__cf__606,Reshape,/job:localhost/replica:0/task:0/device:GPU:0,1.0,0.001
rCyEjN8wc3/_631__cf__631,Reshape,/job:localhost/replica:0/task:0/device:GPU:0,1.0,0.001
qiyK1XJkAs/_625__cf__625,Reshape,/job:localhost/replica:0/task:0/device:GPU:0,1.0,0.001
ryHYnt0w8j/_645__cf__645,Reshape,/job:localhost/replica:0/task:0/device:GPU:0,1.0,0.001
sZ3AmRYW9V/_656__cf__656,Reshape,/job:localhost/replica:0/task:0/device:GPU:0,1.0,0.001
qknWYErdNO/_626__cf__626,Reshape,/job:localhost/replica:0/task:0/device:GPU:0,1.0,0.001
rdRonv9Pm5/_637__cf__637,Sqrt,/job:localhost/replica:0/task:0/device:GPU:0,1.0,0.001
s4TUra3Zjo/_646__cf__646,Reshape,/job:localhost/replica:0/task:0/device:GPU:0,1.0,0.001
rohIKDZcuA/_642__cf__642,RealDiv,/job:localhost/replica:0/task:0/device:GPU:0,1.0,0.001
sDSgeBXK50/_647__cf__647,Reshape,/job:localhost/replica:0/task:0/device:GPU:0,1.0,0.001
sreZuHkCjS/_658__cf__658,Reshape,/job:localhost/replica:0/task:0/device:GPU:0,1.0,0.001
tXAgP4chE1/_663__cf__663,Reshape,/job:localhost/replica:0/task:0/device:GPU:0,1.0,0.001
vWcdUq02lB/_686__cf__686,Reshape,/job:localhost/replica:0/task:0/device:GPU:0,1.0,0.001
rohj1z3uac/_643__cf__643,Add,/job:localhost/replica:0/task:0/device:GPU:0,1.0,0.001
sVrYgNiCbO/_654__cf__654,Reshape,/job:localhost/replica:0/task:0/device:GPU:0,1.0,0.001
thQmkKELg3/_665__cf__665,Reshape,/job:localhost/replica:0/task:0/device:GPU:0,1.0,0.001
vbuy31x95s/_687__cf__687,RealDiv,/job:localhost/replica:0/task:0/device:GPU:0,1.0,0.001
wk5ez6OKdh/_700__cf__700,Reshape,/job:localhost/replica:0/task:0/device:GPU:0,1.0,0.001
yDpO5x9lsn/_716__cf__716,Reshape,/job:localhost/replica:0/task:0/device:GPU:0,1.0,0.001
zcMwrsFQYT/_730__cf__730,Reshape,/job:localhost/replica:0/task:0/device:GPU:0,1.0,0.001
tmoFXWzcPR/_666__cf__666,Reshape,/job:localhost/replica:0/task:0/device:GPU:0,1.0,0.001
waQ8KsBrun/_696__cf__696,StridedSlice,/job:localhost/replica:0/task:0/device:GPU:0,1.0,0.001
zhs7umCbYa/_731__cf__731,Reshape,/job:localhost/replica:0/task:0/device:GPU:0,1.0,0.001
whVfIcmB80/_699__cf__699,Reshape,/job:localhost/replica:0/task:0/device:GPU:0,1.0,0.001
yVP5GF4zUA/_721__cf__721,Reshape,/job:localhost/replica:0/task:0/device:GPU:0,1.0,0.001
zOy6USgdxu/_728__cf__728,Reshape,/job:localhost/replica:0/task:0/device:GPU:0,1.0,0.001
zrKqCAZhl0/_734__cf__734,AddV2,/job:localhost/replica:0/task:0/device:GPU:0,1.0,0.001
dFJz5XOrWf,Const,/job:localhost/replica:0/task:0/device:GPU:0,1.0,0.001
pekB0sK8fg,Const,/job:localhost/replica:0/task:0/device:GPU:0,1.0,0.001
oC6Bc9NmQt,Const,/job:localhost/replica:0/task:0/device:GPU:0,1.0,0.001
hZf4YHkS5o,Const,/job:localhost/replica:0/task:0/device:GPU:0,1.0,0.001
OhHA20gtTb,Const,/job:localhost/replica:0/task:0/device:GPU:0,1.0,0.001
Y63PDAtzeb,Const,/job:localhost/replica:0/task:0/device:GPU:0,1.0,0.001
RNWKqBzJjo,Const,/job:localhost/replica:0/task:0/device:GPU:0,1.0,0.001
pIcCDBxEn1,Const,/job:localhost/replica:0/task:0/device:GPU:0,1.0,0.001
CtPzoBwcD5,Const,/job:localhost/replica:0/task:0/device:GPU:0,1.0,0.001
9b6wvDCnBk,Const,/job:localhost/replica:0/task:0/device:GPU:0,1.0,0.001
kNFEAGmf76,Const,/job:localhost/replica:0/task:0/device:GPU:0,1.0,0.001
yOikzHxWwt,Const,/job:localhost/replica:0/task:0/device:GPU:0,1.0,0.001
Uv6KyRjnmt,Const,/job:localhost/replica:0/task:0/device:GPU:0,1.0,0.001
Q43vdIFkuc,Const,/job:localhost/replica:0/task:0/device:GPU:0,1.0,0.001
YVCIrEBAJT,Const,/job:localhost/replica:0/task:0/device:GPU:0,1.0,0.001
Bg6tjFKSY0,Const,/job:localhost/replica:0/task:0/device:GPU:0,1.0,0.001
d7Th3xrS4P,Const,/job:localhost/replica:0/task:0/device:GPU:0,1.0,0.001
mxH6XSe3Jy,Const,/job:localhost/replica:0/task:0/device:GPU:0,1.0,0.001
zleNVa4y50,Const,/job:localhost/replica:0/task:0/device:GPU:0,1.0,0.001
LQK4fqR7vD,Const,/job:localhost/replica:0/task:0/device:GPU:0,1.0,0.001
VToHD9IK7l,Const,/job:localhost/replica:0/task:0/device:GPU:0,1.0,0.001
USJdA8HGbl,Const,/job:localhost/replica:0/task:0/device:GPU:0,1.0,0.001
615TA0HdqS,Const,/job:localhost/replica:0/task:0/device:GPU:0,1.0,0.001
dkDlIVKAEb,Const,/job:localhost/replica:0/task:0/device:GPU:0,1.0,0.001
8A3S4oQzjU,Const,/job:localhost/replica:0/task:0/device:GPU:0,1.0,0.001
iaVmRTnLzN,Const,/job:localhost/replica:0/task:0/device:GPU:0,1.0,0.001
VAOa8qv4Yj,Const,/job:localhost/replica:0/task:0/device:GPU:0,1.0,0.001
UlmSJdYtsK,Const,/job:localhost/replica:0/task:0/device:GPU:0,1.0,0.001
Rm2EKNdafP,Const,/job:localhost/replica:0/task:0/device:GPU:0,1.0,0.001
0xEbHFLhAo,Const,/job:localhost/replica:0/task:0/device:GPU:0,1.0,0.001
ncDWoai54O,Const,/job:localhost/replica:0/task:0/device:GPU:0,1.0,0.001
e7xRvdjI1m,Const,/job:localhost/replica:0/task:0/device:GPU:0,1.0,0.001
euiIyVQOv7,Const,/job:localhost/replica:0/task:0/device:GPU:0,1.0,0.001
YbC59vfNHw,Const,/job:localhost/replica:0/task:0/device:GPU:0,1.0,0.001
EBwpxYWNHM,Const,/job:localhost/replica:0/task:0/device:GPU:0,1.0,0.001
m8C7nvVlUq,Const,/job:localhost/replica:0/task:0/device:GPU:0,1.0,0.001
Y7k4Tu6LfZ,Const,/job:localhost/replica:0/task:0/device:GPU:0,1.0,0.001
rq6pyjc0E2,Const,/job:localhost/replica:0/task:0/device:GPU:0,1.0,0.001
PBgVZYh9wT,Const,/job:localhost/replica:0/task:0/device:GPU:0,1.0,0.001
lcWbhoBn0H,Const,/job:localhost/replica:0/task:0/device:GPU:0,1.0,0.001
eDKaOrqkNi,Const,/job:localhost/replica:0/task:0/device:GPU:0,1.0,0.001
7KEaCrxMG2,Const,/job:localhost/replica:0/task:0/device:GPU:0,1.0,0.001
cl79oZMKnA,Const,/job:localhost/replica:0/task:0/device:GPU:0,1.0,0.001
q4RdoPJLvU,Const,/job:localhost/replica:0/task:0/device:GPU:0,1.0,0.001
HUfxkENvwn,Const,/job:localhost/replica:0/task:0/device:GPU:0,1.0,0.001
6aIRSWlZFV,Const,/job:localhost/replica:0/task:0/device:GPU:0,1.0,0.001
CRJalvhTiP,Const,/job:localhost/replica:0/task:0/device:GPU:0,1.0,0.001
1q8pdk73Cm,Const,/job:localhost/replica:0/task:0/device:GPU:0,1.0,0.001
Sn0dKet95R,Const,/job:localhost/replica:0/task:0/device:GPU:0,1.0,0.001
HokFwI2GBm,Const,/job:localhost/replica:0/task:0/device:GPU:0,1.0,0.001
ktvxH0GAgM,Const,/job:localhost/replica:0/task:0/device:GPU:0,1.0,0.001
tYQq8armZ7,Const,/job:localhost/replica:0/task:0/device:GPU:0,1.0,0.001
Rm8T0uUFJ2,Const,/job:localhost/replica:0/task:0/device:GPU:0,1.0,0.001
mIqWC1K265,Const,/job:localhost/replica:0/task:0/device:GPU:0,1.0,0.001
TN1MlgpJ0L,Const,/job:localhost/replica:0/task:0/device:GPU:0,1.0,0.001
cqEgpuR1PM,Const,/job:localhost/replica:0/task:0/device:GPU:0,1.0,0.001
u7oR63YsZv,Const,/job:localhost/replica:0/task:0/device:GPU:0,1.0,0.001
9Cgf8Ilrcn,Const,/job:localhost/replica:0/task:0/device:GPU:0,1.0,0.001
0jh6sieRNd,Const,/job:localhost/replica:0/task:0/device:GPU:0,1.0,0.001
EizLKFmS2e,Const,/job:localhost/replica:0/task:0/device:GPU:0,1.0,0.001
JRKGDpWNFP,Const,/job:localhost/replica:0/task:0/device:GPU:0,1.0,0.001
UC2zK0qOk8,Const,/job:localhost/replica:0/task:0/device:GPU:0,1.0,0.001
cvp95fFwAx,Const,/job:localhost/replica:0/task:0/device:GPU:0,1.0,0.001
pbr94Z7jRO,Const,/job:localhost/replica:0/task:0/device:GPU:0,1.0,0.001
Ecv7LT5hHf,Const,/job:localhost/replica:0/task:0/device:GPU:0,1.0,0.001
kuVWtALNoy,Const,/job:localhost/replica:0/task:0/device:GPU:0,1.0,0.001
LRAY1aSsht,Const,/job:localhost/replica:0/task:0/device:GPU:0,1.0,0.001
TPCpJvDArf,Const,/job:localhost/replica:0/task:0/device:GPU:0,1.0,0.001
NAQBhUi9l0,Const,/job:localhost/replica:0/task:0/device:GPU:0,1.0,0.001
9n54sCN8ot,Const,/job:localhost/replica:0/task:0/device:GPU:0,1.0,0.001
oH37ehEpVs,Const,/job:localhost/replica:0/task:0/device:GPU:0,1.0,0.001
P6sEMXzWrY,Const,/job:localhost/replica:0/task:0/device:GPU:0,1.0,0.001
rGZAdJOwTy,Const,/job:localhost/replica:0/task:0/device:GPU:0,1.0,0.001
Ds3aHUN2ly,Const,/job:localhost/replica:0/task:0/device:GPU:0,1.0,0.001
r8G34H1Klu,Const,/job:localhost/replica:0/task:0/device:GPU:0,1.0,0.001
MqyOLiJSx0,Const,/job:localhost/replica:0/task:0/device:GPU:0,1.0,0.001
JEytUP0kew,Const,/job:localhost/replica:0/task:0/device:GPU:0,1.0,0.001
6BtHUiVqrh,Const,/job:localhost/replica:0/task:0/device:GPU:0,1.0,0.001
f4aOkEiwD8,Const,/job:localhost/replica:0/task:0/device:GPU:0,1.0,0.001
yMz7NtskQ8,Const,/job:localhost/replica:0/task:0/device:GPU:0,1.0,0.001
M3XDeuLNq7,Const,/job:localhost/replica:0/task:0/device:GPU:0,1.0,0.001
CEF1qMjlX8,Const,/job:localhost/replica:0/task:0/device:GPU:0,1.0,0.001
dm0vjOlsP4,Const,/job:localhost/replica:0/task:0/device:GPU:0,1.0,0.001
Kk52csCzEx,Const,/job:localhost/replica:0/task:0/device:GPU:0,1.0,0.001
7ksZJo3m9P,Const,/job:localhost/replica:0/task:0/device:GPU:0,1.0,0.001
iI54nP07Ng,Const,/job:localhost/replica:0/task:0/device:GPU:0,1.0,0.001
y9mgJVtNOb,Const,/job:localhost/replica:0/task:0/device:GPU:0,1.0,0.001
e8si9EGUtC,Const,/job:localhost/replica:0/task:0/device:GPU:0,1.0,0.001
29wAkm8M3d,Const,/job:localhost/replica:0/task:0/device:GPU:0,1.0,0.001
b54RMy9iLc,Const,/job:localhost/replica:0/task:0/device:GPU:0,1.0,0.001
7XAJ5EDZT6,Const,/job:localhost/replica:0/task:0/device:GPU:0,1.0,0.001
v41glCjc5p,Const,/job:localhost/replica:0/task:0/device:GPU:0,1.0,0.001
o4fGI1Kpjq,Const,/job:localhost/replica:0/task:0/device:GPU:0,1.0,0.001
kURpH8hDSI,Const,/job:localhost/replica:0/task:0/device:GPU:0,1.0,0.001
NF15UKEhoS,Const,/job:localhost/replica:0/task:0/device:GPU:0,1.0,0.001
qHORlcLpkC,Const,/job:localhost/replica:0/task:0/device:GPU:0,1.0,0.001
12boZhxHif,Const,/job:localhost/replica:0/task:0/device:GPU:0,1.0,0.001
YlTyp6srPU,Const,/job:localhost/replica:0/task:0/device:GPU:0,1.0,0.001
q1UWODA32K,Const,/job:localhost/replica:0/task:0/device:GPU:0,1.0,0.001
XxfaQU65Nd,Const,/job:localhost/replica:0/task:0/device:GPU:0,1.0,0.001
HJdW6YTnVQ,Const,/job:localhost/replica:0/task:0/device:GPU:0,1.0,0.001
s253FEu0tH,Const,/job:localhost/replica:0/task:0/device:GPU:0,1.0,0.001
2vjGqpu9cO,Const,/job:localhost/replica:0/task:0/device:GPU:0,1.0,0.001
7ie5AoWGVI,Const,/job:localhost/replica:0/task:0/device:GPU:0,1.0,0.001
vGUn2D9PEQ,Const,/job:localhost/replica:0/task:0/device:GPU:0,1.0,0.001
4BAr1nvFto,Const,/job:localhost/replica:0/task:0/device:GPU:0,1.0,0.001
TPsK71cJhO,Const,/job:localhost/replica:0/task:0/device:GPU:0,1.0,0.001
x6E7pdAbT8,Const,/job:localhost/replica:0/task:0/device:GPU:0,1.0,0.001
r3YsyhojqD,Const,/job:localhost/replica:0/task:0/device:GPU:0,1.0,0.001
hWlBSzovLn,Const,/job:localhost/replica:0/task:0/device:GPU:0,1.0,0.001
ZVOiBJIM9v,Const,/job:localhost/replica:0/task:0/device:GPU:0,1.0,0.001
Ba0IjG8Ebw,Const,/job:localhost/replica:0/task:0/device:GPU:0,1.0,0.001
wx56ECyQ8m,Const,/job:localhost/replica:0/task:0/device:GPU:0,1.0,0.001
cDEKAG4tnb,Const,/job:localhost/replica:0/task:0/device:GPU:0,1.0,0.001
AJKbOUlueH,Const,/job:localhost/replica:0/task:0/device:GPU:0,1.0,0.001
1DNeAOUkH0,Const,/job:localhost/replica:0/task:0/device:GPU:0,1.0,0.001
3TzhpbfwjF,Const,/job:localhost/replica:0/task:0/device:GPU:0,1.0,0.001
4vnLrP8eHN,Const,/job:localhost/replica:0/task:0/device:GPU:0,1.0,0.001
y2lpciRChE,Const,/job:localhost/replica:0/task:0/device:GPU:0,1.0,0.001
YDqNW7Z1hw,Const,/job:localhost/replica:0/task:0/device:GPU:0,1.0,0.001
8LSTBa4CxU,Const,/job:localhost/replica:0/task:0/device:GPU:0,1.0,0.001
p4hTmO3eIY,Const,/job:localhost/replica:0/task:0/device:GPU:0,1.0,0.001
jXp5vFuyw8,Const,/job:localhost/replica:0/task:0/device:GPU:0,1.0,0.001
CwXYiGT1Rt,Const,/job:localhost/replica:0/task:0/device:GPU:0,1.0,0.001
hTrfgLU58C,Const,/job:localhost/replica:0/task:0/device:GPU:0,1.0,0.001
cgDlpaLGQZ,Const,/job:localhost/replica:0/task:0/device:GPU:0,1.0,0.001
2aXZ8kLPHG,Const,/job:localhost/replica:0/task:0/device:GPU:0,1.0,0.001
YTkZG4dw9W,Const,/job:localhost/replica:0/task:0/device:GPU:0,1.0,0.001
mdQ1nrp4x5,Const,/job:localhost/replica:0/task:0/device:GPU:0,1.0,0.001
37g8KpIVPE,Const,/job:localhost/replica:0/task:0/device:GPU:0,1.0,0.001
ZBpAr4Dws1,Const,/job:localhost/replica:0/task:0/device:GPU:0,1.0,0.001
XFS56blkgN,Const,/job:localhost/replica:0/task:0/device:GPU:0,1.0,0.001
EoyiDUkWcf,Const,/job:localhost/replica:0/task:0/device:GPU:0,1.0,0.001
VCHqMaepPr,Const,/job:localhost/replica:0/task:0/device:GPU:0,1.0,0.001
IgPDMtylhV,Const,/job:localhost/replica:0/task:0/device:GPU:0,1.0,0.001
QXxuL9lD7N,Const,/job:localhost/replica:0/task:0/device:GPU:0,1.0,0.001
9CK6Bjqp8S,Const,/job:localhost/replica:0/task:0/device:GPU:0,1.0,0.001
JUCNAizf9D,Const,/job:localhost/replica:0/task:0/device:GPU:0,1.0,0.001
qVPfk9l0I2,Const,/job:localhost/replica:0/task:0/device:GPU:0,1.0,0.001
RNPokmq8ME,Const,/job:localhost/replica:0/task:0/device:GPU:0,1.0,0.001
4wFaTpGvSJ,Const,/job:localhost/replica:0/task:0/device:GPU:0,1.0,0.001
rsp26VlZYm,Const,/job:localhost/replica:0/task:0/device:GPU:0,1.0,0.001
13BQthOXm0,Const,/job:localhost/replica:0/task:0/device:GPU:0,1.0,0.001
bTC7v1zh6i,Const,/job:localhost/replica:0/task:0/device:GPU:0,1.0,0.001
RCkcBUnPhT,Const,/job:localhost/replica:0/task:0/device:GPU:0,1.0,0.001
jxSXZ428hd,Const,/job:localhost/replica:0/task:0/device:GPU:0,1.0,0.001
e4wrlvJEkj,Const,/job:localhost/replica:0/task:0/device:GPU:0,1.0,0.001
0OywbZ4vg9,Const,/job:localhost/replica:0/task:0/device:GPU:0,1.0,0.001
FR2LQWGyzr,Const,/job:localhost/replica:0/task:0/device:GPU:0,1.0,0.001
2VIAhCaOKd,Const,/job:localhost/replica:0/task:0/device:GPU:0,1.0,0.001
GMtCqOvXhT,Const,/job:localhost/replica:0/task:0/device:GPU:0,1.0,0.001
g3tapoURHc,Const,/job:localhost/replica:0/task:0/device:GPU:0,1.0,0.001
LuXjROm4c7,Const,/job:localhost/replica:0/task:0/device:GPU:0,1.0,0.001
uVHpvKhiGA,Const,/job:localhost/replica:0/task:0/device:GPU:0,1.0,0.001
ywLvBq2MzQ,Const,/job:localhost/replica:0/task:0/device:GPU:0,1.0,0.001
3uNtibFDIW,Const,/job:localhost/replica:0/task:0/device:GPU:0,1.0,0.001
XpsFgdT8Gb,Const,/job:localhost/replica:0/task:0/device:GPU:0,1.0,0.001
3OkY8XPS7d,Const,/job:localhost/replica:0/task:0/device:GPU:0,1.0,0.001
NWXLAOoQt9,Const,/job:localhost/replica:0/task:0/device:GPU:0,1.0,0.001
DlhpI4UVn6,Const,/job:localhost/replica:0/task:0/device:GPU:0,1.0,0.001
ekEWuFBR19,Const,/job:localhost/replica:0/task:0/device:GPU:0,1.0,0.001
crNnlC178t,Const,/job:localhost/replica:0/task:0/device:GPU:0,1.0,0.001
2VkdGIxi4T,Const,/job:localhost/replica:0/task:0/device:GPU:0,1.0,0.001
Ht0xGFSbyL,Const,/job:localhost/replica:0/task:0/device:GPU:0,1.0,0.001
gYNLDsxSmG,Const,/job:localhost/replica:0/task:0/device:GPU:0,1.0,0.001
Lqz36uGPJZ,Const,/job:localhost/replica:0/task:0/device:GPU:0,1.0,0.001
4pDMNh5AI7,Const,/job:localhost/replica:0/task:0/device:GPU:0,1.0,0.001
pjm1goe5R8,Const,/job:localhost/replica:0/task:0/device:GPU:0,1.0,0.001
Bo8D2OlzeI,Const,/job:localhost/replica:0/task:0/device:GPU:0,1.0,0.001
tOypVXFnP4,Const,/job:localhost/replica:0/task:0/device:GPU:0,1.0,0.001
xkeHOzTE4I,Const,/job:localhost/replica:0/task:0/device:GPU:0,1.0,0.001
IbvojgmXSi,Const,/job:localhost/replica:0/task:0/device:GPU:0,1.0,0.001
u8MIeAJ7jV,Const,/job:localhost/replica:0/task:0/device:GPU:0,1.0,0.001
ByzcD6MQuj,Const,/job:localhost/replica:0/task:0/device:GPU:0,1.0,0.001
FrXQhTfVjn,Const,/job:localhost/replica:0/task:0/device:GPU:0,1.0,0.001
ctJU1jlTu8,Const,/job:localhost/replica:0/task:0/device:GPU:0,1.0,0.001
7QJ9p3NVSA,Const,/job:localhost/replica:0/task:0/device:GPU:0,1.0,0.001
SV6HEgI0GP,Const,/job:localhost/replica:0/task:0/device:GPU:0,1.0,0.001
pztO13okyS,Const,/job:localhost/replica:0/task:0/device:GPU:0,1.0,0.001
D1PyB2FWsV,Const,/job:localhost/replica:0/task:0/device:GPU:0,1.0,0.001
wghdqkxKOC,Const,/job:localhost/replica:0/task:0/device:GPU:0,1.0,0.001
Ohe02wPzGn,Const,/job:localhost/replica:0/task:0/device:GPU:0,1.0,0.001
0y8duxA1KG,Const,/job:localhost/replica:0/task:0/device:GPU:0,1.0,0.001
Vbg1iwumRA,Const,/job:localhost/replica:0/task:0/device:GPU:0,1.0,0.001
OEYXWCiNkl,Const,/job:localhost/replica:0/task:0/device:GPU:0,1.0,0.001
cZCg9Elbs6,Const,/job:localhost/replica:0/task:0/device:GPU:0,1.0,0.001
tBG4Iguen9,Const,/job:localhost/replica:0/task:0/device:GPU:0,1.0,0.001
3Hhe5FsG8k,Const,/job:localhost/replica:0/task:0/device:GPU:0,1.0,0.001
mYQG5Ncq1v,Const,/job:localhost/replica:0/task:0/device:GPU:0,1.0,0.001
M3HVsgF2re,Const,/job:localhost/replica:0/task:0/device:GPU:0,1.0,0.001
HVW1KxoOMJ,Const,/job:localhost/replica:0/task:0/device:GPU:0,1.0,0.001
BIp89iD1Kw,Const,/job:localhost/replica:0/task:0/device:GPU:0,1.0,0.001
zCfYXnHD29,Const,/job:localhost/replica:0/task:0/device:GPU:0,1.0,0.001
SlV3AOw2dD,Const,/job:localhost/replica:0/task:0/device:GPU:0,1.0,0.001
bKHCBu93dE,Const,/job:localhost/replica:0/task:0/device:GPU:0,1.0,0.001
AH938UwxXk,Const,/job:localhost/replica:0/task:0/device:GPU:0,1.0,0.001
0vRdtWbqKs,Const,/job:localhost/replica:0/task:0/device:GPU:0,1.0,0.001
w49MkLxYng,Const,/job:localhost/replica:0/task:0/device:GPU:0,1.0,0.001
tIHbGTXNWf,Const,/job:localhost/replica:0/task:0/device:GPU:0,1.0,0.001
XNtcniIdD8,Const,/job:localhost/replica:0/task:0/device:GPU:0,1.0,0.001
Qo8kwEa94p,Const,/job:localhost/replica:0/task:0/device:GPU:0,1.0,0.001
83gh5EUuwZ,Const,/job:localhost/replica:0/task:0/device:GPU:0,1.0,0.001
olfXmNG81F,Const,/job:localhost/replica:0/task:0/device:GPU:0,1.0,0.001
ENxtb3XB0A,Const,/job:localhost/replica:0/task:0/device:GPU:0,1.0,0.001
tSj03cilkp,Const,/job:localhost/replica:0/task:0/device:GPU:0,1.0,0.001
Uz3luR6nhE,Const,/job:localhost/replica:0/task:0/device:GPU:0,1.0,0.001
rmV80jYGNy,Const,/job:localhost/replica:0/task:0/device:GPU:0,1.0,0.001
e72TJm9Xhx,Const,/job:localhost/replica:0/task:0/device:GPU:0,1.0,0.001
75Q2TZyteX,Const,/job:localhost/replica:0/task:0/device:GPU:0,1.0,0.001
8vEocqYlU9,Const,/job:localhost/replica:0/task:0/device:GPU:0,1.0,0.001
6gVfh8yzk3,Const,/job:localhost/replica:0/task:0/device:GPU:0,1.0,0.001
Lm17qPJFus,Const,/job:localhost/replica:0/task:0/device:GPU:0,1.0,0.001
2a8PoqR36Q,Const,/job:localhost/replica:0/task:0/device:GPU:0,1.0,0.001
TfMRdZy2Vk,Const,/job:localhost/replica:0/task:0/device:GPU:0,1.0,0.001
uIArOxTFjl,Const,/job:localhost/replica:0/task:0/device:GPU:0,1.0,0.001
nvgF7eNJWi,Const,/job:localhost/replica:0/task:0/device:GPU:0,1.0,0.001
brsv9ZIOWQ,Const,/job:localhost/replica:0/task:0/device:GPU:0,1.0,0.001
1WQNvB2Zdu,Const,/job:localhost/replica:0/task:0/device:GPU:0,1.0,0.001
HApqlRX6CE,Const,/job:localhost/replica:0/task:0/device:GPU:0,1.0,0.001
IegXajO967,Const,/job:localhost/replica:0/task:0/device:GPU:0,1.0,0.001
X5yPWebcDY,Const,/job:localhost/replica:0/task:0/device:GPU:0,1.0,0.001
5WsTtHlq7C,Const,/job:localhost/replica:0/task:0/device:GPU:0,1.0,0.001
auPjZy28F0,Const,/job:localhost/replica:0/task:0/device:GPU:0,1.0,0.001
AFeaONT18B,Const,/job:localhost/replica:0/task:0/device:GPU:0,1.0,0.001
7wmt6KVLDo,Const,/job:localhost/replica:0/task:0/device:GPU:0,1.0,0.001
r6YtxaPzCg,Const,/job:localhost/replica:0/task:0/device:GPU:0,1.0,0.001
QHWIOsD7rF,Const,/job:localhost/replica:0/task:0/device:GPU:0,1.0,0.001
QMPGtZa8zH,Const,/job:localhost/replica:0/task:0/device:GPU:0,1.0,0.001
p4JhknoNyz,Const,/job:localhost/replica:0/task:0/device:GPU:0,1.0,0.001
N6rMlEWFz3,Const,/job:localhost/replica:0/task:0/device:GPU:0,1.0,0.001
srn2lY7xfB,Const,/job:localhost/replica:0/task:0/device:GPU:0,1.0,0.001
5a93XArBvQ,Const,/job:localhost/replica:0/task:0/device:GPU:0,1.0,0.001
jCmJr6UP9t,Const,/job:localhost/replica:0/task:0/device:GPU:0,1.0,0.001
7TzvVLrxMZ,Const,/job:localhost/replica:0/task:0/device:GPU:0,1.0,0.001
REezPgpOyx,Const,/job:localhost/replica:0/task:0/device:GPU:0,1.0,0.001
dRfZtgzlyh,Const,/job:localhost/replica:0/task:0/device:GPU:0,1.0,0.001
biltjKVMd0,Const,/job:localhost/replica:0/task:0/device:GPU:0,1.0,0.001
xSK0RbiDTL,Const,/job:localhost/replica:0/task:0/device:GPU:0,1.0,0.001
HNAxbfUJZB,Const,/job:localhost/replica:0/task:0/device:GPU:0,1.0,0.001
GQSps2biFk,Const,/job:localhost/replica:0/task:0/device:GPU:0,1.0,0.001
WQFzj1E7Rt,Const,/job:localhost/replica:0/task:0/device:GPU:0,1.0,0.001
y3SJgD74wj,Const,/job:localhost/replica:0/task:0/device:GPU:0,1.0,0.001
xW1u5LsytN,Const,/job:localhost/replica:0/task:0/device:GPU:0,1.0,0.001
cp54dURg3B,Const,/job:localhost/replica:0/task:0/device:GPU:0,1.0,0.001
Jt8mkIqEuy,Const,/job:localhost/replica:0/task:0/device:GPU:0,1.0,0.001
6owIhvPYCU,Const,/job:localhost/replica:0/task:0/device:GPU:0,1.0,0.001
0G1m8MsExV,Const,/job:localhost/replica:0/task:0/device:GPU:0,1.0,0.001
gwYOzEWbrF,Const,/job:localhost/replica:0/task:0/device:GPU:0,1.0,0.001
hOfNqYdi5A,Const,/job:localhost/replica:0/task:0/device:GPU:0,1.0,0.001
5nckPoIj7q,Const,/job:localhost/replica:0/task:0/device:GPU:0,1.0,0.001
vu0EZp16Mx,Const,/job:localhost/replica:0/task:0/device:GPU:0,1.0,0.001
ISVn91mRxH,Const,/job:localhost/replica:0/task:0/device:GPU:0,1.0,0.001
g6COShmi1K,Const,/job:localhost/replica:0/task:0/device:GPU:0,1.0,0.001
NKfZSQwPbj,Const,/job:localhost/replica:0/task:0/device:GPU:0,1.0,0.001
GUvPLsr8Nz,Const,/job:localhost/replica:0/task:0/device:GPU:0,1.0,0.001
PZjG4gCW0Q,Const,/job:localhost/replica:0/task:0/device:GPU:0,1.0,0.001
49cCmpguS3,Const,/job:localhost/replica:0/task:0/device:GPU:0,1.0,0.001
DfskA2nc75,Const,/job:localhost/replica:0/task:0/device:GPU:0,1.0,0.001
j6vSAsBtK5,Const,/job:localhost/replica:0/task:0/device:GPU:0,1.0,0.001
G8uxh7HjcQ,Const,/job:localhost/replica:0/task:0/device:GPU:0,1.0,0.001
Q0NqY2DUwo,Const,/job:localhost/replica:0/task:0/device:GPU:0,1.0,0.001
5f7spmqJQE,Const,/job:localhost/replica:0/task:0/device:GPU:0,1.0,0.001
euQltynUwO,Const,/job:localhost/replica:0/task:0/device:GPU:0,1.0,0.001
WliSUFDktj,Const,/job:localhost/replica:0/task:0/device:GPU:0,1.0,0.001
91OQK4bBzl,Const,/job:localhost/replica:0/task:0/device:GPU:0,1.0,0.001
w8BOTFH2EL,Const,/job:localhost/replica:0/task:0/device:GPU:0,1.0,0.001
NO6z4lhB5P,Const,/job:localhost/replica:0/task:0/device:GPU:0,1.0,0.001
T7OZRcDFBW,Const,/job:localhost/replica:0/task:0/device:GPU:0,1.0,0.001
8FN5fD3sKS,Const,/job:localhost/replica:0/task:0/device:GPU:0,1.0,0.001
0rpQfoLwTg,Const,/job:localhost/replica:0/task:0/device:GPU:0,1.0,0.001
9ySqEMNspx,Const,/job:localhost/replica:0/task:0/device:GPU:0,1.0,0.001
sGjTcbh90J,Const,/job:localhost/replica:0/task:0/device:GPU:0,1.0,0.001
xCmr2ToN5v,Const,/job:localhost/replica:0/task:0/device:GPU:0,1.0,0.001
ucVBOGMiEK,Const,/job:localhost/replica:0/task:0/device:GPU:0,1.0,0.001
VbynrKtxOS,Const,/job:localhost/replica:0/task:0/device:GPU:0,1.0,0.001
3bGtreFPRA,Const,/job:localhost/replica:0/task:0/device:GPU:0,1.0,0.001
wlFrQe12ML,Const,/job:localhost/replica:0/task:0/device:GPU:0,1.0,0.001
MPXiEpuaoZ,Const,/job:localhost/replica:0/task:0/device:GPU:0,1.0,0.001
f1yRruAPp0,Const,/job:localhost/replica:0/task:0/device:GPU:0,1.0,0.001
gEfGXZ48HM,Const,/job:localhost/replica:0/task:0/device:GPU:0,1.0,0.001
PSL4gZHvCd,Const,/job:localhost/replica:0/task:0/device:GPU:0,1.0,0.001
ZAz12N3Fer,Const,/job:localhost/replica:0/task:0/device:GPU:0,1.0,0.001
RQp94NJ5om,Const,/job:localhost/replica:0/task:0/device:GPU:0,1.0,0.001
an9uH8y5kw,Const,/job:localhost/replica:0/task:0/device:GPU:0,1.0,0.001
e2JVZiUgyc,Const,/job:localhost/replica:0/task:0/device:GPU:0,1.0,0.001
eNuc0Vwsm9,Const,/job:localhost/replica:0/task:0/device:GPU:0,1.0,0.001
EpzfjyhP2o,Const,/job:localhost/replica:0/task:0/device:GPU:0,1.0,0.001
f95hx4UJOl,Const,/job:localhost/replica:0/task:0/device:GPU:0,1.0,0.001
SpNjbDPecv,Const,/job:localhost/replica:0/task:0/device:GPU:0,1.0,0.001
w1TLVCAKlh,Const,/job:localhost/replica:0/task:0/device:GPU:0,1.0,0.001
LF0MtCoHkY,Const,/job:localhost/replica:0/task:0/device:GPU:0,1.0,0.001
dmIBbhNTUZ,Const,/job:localhost/replica:0/task:0/device:GPU:0,1.0,0.001
pBP5XAON2r,Const,/job:localhost/replica:0/task:0/device:GPU:0,1.0,0.001
1c6t0vEQVN,Const,/job:localhost/replica:0/task:0/device:GPU:0,1.0,0.001
g7m0Tdx2wZ,Const,/job:localhost/replica:0/task:0/device:GPU:0,1.0,0.001
LrK34GPY8F,Const,/job:localhost/replica:0/task:0/device:GPU:0,1.0,0.001
dXgro97In0,Const,/job:localhost/replica:0/task:0/device:GPU:0,1.0,0.001
c06P1qRWBK,Const,/job:localhost/replica:0/task:0/device:GPU:0,1.0,0.001
bRpjWozreE,Const,/job:localhost/replica:0/task:0/device:GPU:0,1.0,0.001
dNBVDTkbsE,Const,/job:localhost/replica:0/task:0/device:GPU:0,1.0,0.001
LjIR2ZH9z1,Const,/job:localhost/replica:0/task:0/device:GPU:0,1.0,0.001
y9qibMcDvY,Const,/job:localhost/replica:0/task:0/device:GPU:0,1.0,0.001
mxYhZKbeaz,Const,/job:localhost/replica:0/task:0/device:GPU:0,1.0,0.001
mFNeUTbXO8,Const,/job:localhost/replica:0/task:0/device:GPU:0,1.0,0.001
xsUafjTlmM,Const,/job:localhost/replica:0/task:0/device:GPU:0,1.0,0.001
UHt6oPj0Tr,Const,/job:localhost/replica:0/task:0/device:GPU:0,1.0,0.001
hl1S2BupdV,Const,/job:localhost/replica:0/task:0/device:GPU:0,1.0,0.001
g6WcbNH5LF,Const,/job:localhost/replica:0/task:0/device:GPU:0,1.0,0.001
RnlN8Bwzdt,Const,/job:localhost/replica:0/task:0/device:GPU:0,1.0,0.001
Fj5clozH2J,Const,/job:localhost/replica:0/task:0/device:GPU:0,1.0,0.001
QzCRbcxsiB,Const,/job:localhost/replica:0/task:0/device:GPU:0,1.0,0.001
AfVsmyJ3bw,Const,/job:localhost/replica:0/task:0/device:GPU:0,1.0,0.001
Q35UkhbHvx,Const,/job:localhost/replica:0/task:0/device:GPU:0,1.0,0.001
GAYnTpZNWb,Const,/job:localhost/replica:0/task:0/device:GPU:0,1.0,0.001
4aiUc7VybJ,Const,/job:localhost/replica:0/task:0/device:GPU:0,1.0,0.001
3YribmWphC,Const,/job:localhost/replica:0/task:0/device:GPU:0,1.0,0.001
UKjOuBk7tQ,Const,/job:localhost/replica:0/task:0/device:GPU:0,1.0,0.001
PAkcyVSMQK,Const,/job:localhost/replica:0/task:0/device:GPU:0,1.0,0.001
aIJD4mbKew,Const,/job:localhost/replica:0/task:0/device:GPU:0,1.0,0.001
E6kevG4t5h,Const,/job:localhost/replica:0/task:0/device:GPU:0,1.0,0.001
t8xRSZTapo,Const,/job:localhost/replica:0/task:0/device:GPU:0,1.0,0.001
ktqXNPn1Wp,Const,/job:localhost/replica:0/task:0/device:GPU:0,1.0,0.001
I9RnoTW6Ft,Const,/job:localhost/replica:0/task:0/device:GPU:0,1.0,0.001
VXWNu6oCxp,Const,/job:localhost/replica:0/task:0/device:GPU:0,1.0,0.001
Hf45LRWQIY,Const,/job:localhost/replica:0/task:0/device:GPU:0,1.0,0.001
FLmHnIlyGU,Const,/job:localhost/replica:0/task:0/device:GPU:0,1.0,0.001
urcK2jF6lZ,Const,/job:localhost/replica:0/task:0/device:GPU:0,1.0,0.001
AyTIRSr9Wk,Const,/job:localhost/replica:0/task:0/device:GPU:0,1.0,0.001
1WV4rExHsM,Const,/job:localhost/replica:0/task:0/device:GPU:0,1.0,0.001
J8l7kYBPh6,Const,/job:localhost/replica:0/task:0/device:GPU:0,1.0,0.001
oMYw1iqTHD,Const,/job:localhost/replica:0/task:0/device:GPU:0,1.0,0.001
KH0MAmUTJS,Const,/job:localhost/replica:0/task:0/device:GPU:0,1.0,0.001
AKngmbMdvJ,Const,/job:localhost/replica:0/task:0/device:GPU:0,1.0,0.001
onKNuUlb1V,Const,/job:localhost/replica:0/task:0/device:GPU:0,1.0,0.001
TM6nzfrFyZ,Const,/job:localhost/replica:0/task:0/device:GPU:0,1.0,0.001
7BCu8Zl1t0,Const,/job:localhost/replica:0/task:0/device:GPU:0,1.0,0.001
U6FrDPRHLt,Const,/job:localhost/replica:0/task:0/device:GPU:0,1.0,0.001
nfEzG03jLV,Const,/job:localhost/replica:0/task:0/device:GPU:0,1.0,0.001
dnJtbcvQI7,Const,/job:localhost/replica:0/task:0/device:GPU:0,1.0,0.001
B41KEQIOHL,Const,/job:localhost/replica:0/task:0/device:GPU:0,1.0,0.001
LGtrDs9OZQ,Const,/job:localhost/replica:0/task:0/device:GPU:0,1.0,0.001
BlxnvATDgJ,Const,/job:localhost/replica:0/task:0/device:GPU:0,1.0,0.001
YZzraLbonQ,Const,/job:localhost/replica:0/task:0/device:GPU:0,1.0,0.001
cDzt3Brnls,Const,/job:localhost/replica:0/task:0/device:GPU:0,1.0,0.001
sTI3PXQiAB,Const,/job:localhost/replica:0/task:0/device:GPU:0,1.0,0.001
R2WKqwpZYc,Const,/job:localhost/replica:0/task:0/device:GPU:0,1.0,0.001
asfju1A7GC,Const,/job:localhost/replica:0/task:0/device:GPU:0,1.0,0.001
0gcvH7md4Q,Const,/job:localhost/replica:0/task:0/device:GPU:0,1.0,0.001
nUjXP0Ql9e,Const,/job:localhost/replica:0/task:0/device:GPU:0,1.0,0.001
cfxBsWDtmU,Const,/job:localhost/replica:0/task:0/device:GPU:0,1.0,0.001
EgBeOmn9KG,Const,/job:localhost/replica:0/task:0/device:GPU:0,1.0,0.001
9E4IbJWPsQ,Const,/job:localhost/replica:0/task:0/device:GPU:0,1.0,0.001
qZNfXYKghk,Const,/job:localhost/replica:0/task:0/device:GPU:0,1.0,0.001
PVDBTmxIsh,Const,/job:localhost/replica:0/task:0/device:GPU:0,1.0,0.001
MChaUrmq6s,Const,/job:localhost/replica:0/task:0/device:GPU:0,1.0,0.001
Z6GFJ4yd5b,Const,/job:localhost/replica:0/task:0/device:GPU:0,1.0,0.001
k0uOatwbVA,Const,/job:localhost/replica:0/task:0/device:GPU:0,1.0,0.001
QBofOhmAcS,Const,/job:localhost/replica:0/task:0/device:GPU:0,1.0,0.001
QWJ1L7BGoV,Const,/job:localhost/replica:0/task:0/device:GPU:0,1.0,0.001
SVw32Nh6XC,Const,/job:localhost/replica:0/task:0/device:GPU:0,1.0,0.001
je5KU8bdpF,Const,/job:localhost/replica:0/task:0/device:GPU:0,1.0,0.001
QOmWx1XbUi,Const,/job:localhost/replica:0/task:0/device:GPU:0,1.0,0.001
juOVQGW72Y,Const,/job:localhost/replica:0/task:0/device:GPU:0,1.0,0.001
e5mlk9xRKI,Const,/job:localhost/replica:0/task:0/device:GPU:0,1.0,0.001
ErQ7FRsafe,Const,/job:localhost/replica:0/task:0/device:GPU:0,1.0,0.001
3w1LneXkZ9,Const,/job:localhost/replica:0/task:0/device:GPU:0,1.0,0.001
vJGsBgD2mi,Const,/job:localhost/replica:0/task:0/device:GPU:0,1.0,0.001
CgO4Dy8h2i,Const,/job:localhost/replica:0/task:0/device:GPU:0,1.0,0.001
8gTJR31iMj,Const,/job:localhost/replica:0/task:0/device:GPU:0,1.0,0.001
lg7sD6ONBL,Const,/job:localhost/replica:0/task:0/device:GPU:0,1.0,0.001
kblWcjAuVH,Const,/job:localhost/replica:0/task:0/device:GPU:0,1.0,0.001
yfp1MzW6HL,Const,/job:localhost/replica:0/task:0/device:GPU:0,1.0,0.001
snPJxAhiVC,Const,/job:localhost/replica:0/task:0/device:GPU:0,1.0,0.001
brtPnUjGF3,Const,/job:localhost/replica:0/task:0/device:GPU:0,1.0,0.001
5qHLod7UMV,Const,/job:localhost/replica:0/task:0/device:GPU:0,1.0,0.001
UpGiCqOrFS,Const,/job:localhost/replica:0/task:0/device:GPU:0,1.0,0.001
EGCvM6Qre4,Const,/job:localhost/replica:0/task:0/device:GPU:0,1.0,0.001
1ISRwsa279,Const,/job:localhost/replica:0/task:0/device:GPU:0,1.0,0.001
YCfyXzWVUa,Const,/job:localhost/replica:0/task:0/device:GPU:0,1.0,0.001
4EcBrwxbvO,Const,/job:localhost/replica:0/task:0/device:GPU:0,1.0,0.001
6CiKGz32uN,Const,/job:localhost/replica:0/task:0/device:GPU:0,1.0,0.001
kBTr30VA9H,Const,/job:localhost/replica:0/task:0/device:GPU:0,1.0,0.001
IctS8qh9Kw,Const,/job:localhost/replica:0/task:0/device:GPU:0,1.0,0.001
Fujyql80R7,Const,/job:localhost/replica:0/task:0/device:GPU:0,1.0,0.001
dn2JQehvR8,Const,/job:localhost/replica:0/task:0/device:GPU:0,1.0,0.001
QfluV8mkpq,Const,/job:localhost/replica:0/task:0/device:GPU:0,1.0,0.001
yOxh7RIiHc,Const,/job:localhost/replica:0/task:0/device:GPU:0,1.0,0.001
bnDcP4r90V,Const,/job:localhost/replica:0/task:0/device:GPU:0,1.0,0.001
lc6DbiXnk8,Const,/job:localhost/replica:0/task:0/device:GPU:0,1.0,0.001
bYVn3ETiwR,Const,/job:localhost/replica:0/task:0/device:GPU:0,1.0,0.001
JKSIcv4TXf,Const,/job:localhost/replica:0/task:0/device:GPU:0,1.0,0.001
nHoxyzsJYP,Const,/job:localhost/replica:0/task:0/device:GPU:0,1.0,0.001
djMamF4nki,Const,/job:localhost/replica:0/task:0/device:GPU:0,1.0,0.001
9tOs1FdK0Y,Const,/job:localhost/replica:0/task:0/device:GPU:0,1.0,0.001
gTc7a9UrMo,Const,/job:localhost/replica:0/task:0/device:GPU:0,1.0,0.001
CmuJ9cNLPx,Const,/job:localhost/replica:0/task:0/device:GPU:0,1.0,0.001
8R0TB61Eyg,Const,/job:localhost/replica:0/task:0/device:GPU:0,1.0,0.001
eZvBNmozbf,Const,/job:localhost/replica:0/task:0/device:GPU:0,1.0,0.001
YZaT0j9ObD,Const,/job:localhost/replica:0/task:0/device:GPU:0,1.0,0.001
4jAx01wZSL,Const,/job:localhost/replica:0/task:0/device:GPU:0,1.0,0.001
bRDkNVEL96,Const,/job:localhost/replica:0/task:0/device:GPU:0,1.0,0.001
QbYWZmUEkB,Const,/job:localhost/replica:0/task:0/device:GPU:0,1.0,0.001
5X4lpQHVgq,Const,/job:localhost/replica:0/task:0/device:GPU:0,1.0,0.001
5XHNB0p1ZM,Const,/job:localhost/replica:0/task:0/device:GPU:0,1.0,0.001
aRVylWbtBG,Const,/job:localhost/replica:0/task:0/device:GPU:0,1.0,0.001
b9DxIQoFdq,Const,/job:localhost/replica:0/task:0/device:GPU:0,1.0,0.001
HzWaG95Eyu,Const,/job:localhost/replica:0/task:0/device:GPU:0,1.0,0.001
5pZfSmqY98,Const,/job:localhost/replica:0/task:0/device:GPU:0,1.0,0.001
yqYInM7JXZ,Const,/job:localhost/replica:0/task:0/device:GPU:0,1.0,0.001
X3A2PHGKUu,Const,/job:localhost/replica:0/task:0/device:GPU:0,1.0,0.001
ysgG9IZSvL,Const,/job:localhost/replica:0/task:0/device:GPU:0,1.0,0.001
bWMyV6Urnq,Const,/job:localhost/replica:0/task:0/device:GPU:0,1.0,0.001
n9BcHPZxbh,Const,/job:localhost/replica:0/task:0/device:GPU:0,1.0,0.001
lmnPqFwUkx,Const,/job:localhost/replica:0/task:0/device:GPU:0,1.0,0.001
WvbAZ4LUl2,Const,/job:localhost/replica:0/task:0/device:GPU:0,1.0,0.001
02DKNWMdqv,Const,/job:localhost/replica:0/task:0/device:GPU:0,1.0,0.001
QI3YWz9CaT,Const,/job:localhost/replica:0/task:0/device:GPU:0,1.0,0.001
EcUwqTfjOY,Const,/job:localhost/replica:0/task:0/device:GPU:0,1.0,0.001
sCajeUP2SO,Const,/job:localhost/replica:0/task:0/device:GPU:0,1.0,0.001
jawD9xeysc,Const,/job:localhost/replica:0/task:0/device:GPU:0,1.0,0.001
4hZPdbkCOe,Const,/job:localhost/replica:0/task:0/device:GPU:0,1.0,0.001
3LhklCp4XR,Const,/job:localhost/replica:0/task:0/device:GPU:0,1.0,0.001
a4YUgCt7pI,Const,/job:localhost/replica:0/task:0/device:GPU:0,1.0,0.001
qGsR8hHMWS,Const,/job:localhost/replica:0/task:0/device:GPU:0,1.0,0.001
coSiYnjz6D,Const,/job:localhost/replica:0/task:0/device:GPU:0,1.0,0.001
LxQbth9DwO,Const,/job:localhost/replica:0/task:0/device:GPU:0,1.0,0.001
F2bnjtHYis,Const,/job:localhost/replica:0/task:0/device:GPU:0,1.0,0.001
7H6ZS5tJrw,Const,/job:localhost/replica:0/task:0/device:GPU:0,1.0,0.001
Nou8QHRIBA,Const,/job:localhost/replica:0/task:0/device:GPU:0,1.0,0.001
1IUotNGsPD,Const,/job:localhost/replica:0/task:0/device:GPU:0,1.0,0.001
C1QTkXpAFL,Const,/job:localhost/replica:0/task:0/device:GPU:0,1.0,0.001
8HRaMSbiqx,Const,/job:localhost/replica:0/task:0/device:GPU:0,1.0,0.001
iKlAPdRc9U,Const,/job:localhost/replica:0/task:0/device:GPU:0,1.0,0.001
nhXLwNTEI4,Const,/job:localhost/replica:0/task:0/device:GPU:0,1.0,0.001
1Ee2wbzj9m,Const,/job:localhost/replica:0/task:0/device:GPU:0,1.0,0.001
KPSgFhoDux,Const,/job:localhost/replica:0/task:0/device:GPU:0,1.0,0.001
K2yejWRBlz,Const,/job:localhost/replica:0/task:0/device:GPU:0,1.0,0.001
9hAcsCvb40,Const,/job:localhost/replica:0/task:0/device:GPU:0,1.0,0.001
OUasrEoJu6,Const,/job:localhost/replica:0/task:0/device:GPU:0,1.0,0.001
IpLYUGaZ5B,Const,/job:localhost/replica:0/task:0/device:GPU:0,1.0,0.001
1Ojc6WYhKe,Const,/job:localhost/replica:0/task:0/device:GPU:0,1.0,0.001
pAUZEli8tq,Const,/job:localhost/replica:0/task:0/device:GPU:0,1.0,0.001
D63bUNWVFT,Const,/job:localhost/replica:0/task:0/device:GPU:0,1.0,0.001
5egGzsv1Z8,Const,/job:localhost/replica:0/task:0/device:GPU:0,1.0,0.001
BkLS6hl1Er,Const,/job:localhost/replica:0/task:0/device:GPU:0,1.0,0.001
Wsv95zSAnL,Const,/job:localhost/replica:0/task:0/device:GPU:0,1.0,0.001
bjVFB85kQs,Const,/job:localhost/replica:0/task:0/device:GPU:0,1.0,0.001
wPeMAS3H7o,Const,/job:localhost/replica:0/task:0/device:GPU:0,1.0,0.001
LGi1lTCsmY,Const,/job:localhost/replica:0/task:0/device:GPU:0,1.0,0.001
Db2mCPlhTd,Const,/job:localhost/replica:0/task:0/device:GPU:0,1.0,0.001
gPlMzt0RaT,Const,/job:localhost/replica:0/task:0/device:GPU:0,1.0,0.001
Ee7axlmDHG,Const,/job:localhost/replica:0/task:0/device:GPU:0,1.0,0.001
QaCJyo8Xbx,Const,/job:localhost/replica:0/task:0/device:GPU:0,1.0,0.001
rWgYq8OIwi,Const,/job:localhost/replica:0/task:0/device:GPU:0,1.0,0.001
m1xgkjf6O2,Const,/job:localhost/replica:0/task:0/device:GPU:0,1.0,0.001
ZNGEybdJPH,Const,/job:localhost/replica:0/task:0/device:GPU:0,1.0,0.001
bjtBONaV6W,Const,/job:localhost/replica:0/task:0/device:GPU:0,1.0,0.001
CIYdMx2EyN,Const,/job:localhost/replica:0/task:0/device:GPU:0,1.0,0.001
P7LodOCl0R,Const,/job:localhost/replica:0/task:0/device:GPU:0,1.0,0.001
lfWCJd1wrQ,Const,/job:localhost/replica:0/task:0/device:GPU:0,1.0,0.001
nudbIsvwg8,Const,/job:localhost/replica:0/task:0/device:GPU:0,1.0,0.001
YFZuGk8Ka5,Const,/job:localhost/replica:0/task:0/device:GPU:0,1.0,0.001
M7zjYK1k3Z,Const,/job:localhost/replica:0/task:0/device:GPU:0,1.0,0.001
hxF5APQ7XS,Const,/job:localhost/replica:0/task:0/device:GPU:0,1.0,0.001
2FoLYbuvBi,Const,/job:localhost/replica:0/task:0/device:GPU:0,1.0,0.001
mHDKnj5t9U,Const,/job:localhost/replica:0/task:0/device:GPU:0,1.0,0.001
O1aeMUF7Ju,Const,/job:localhost/replica:0/task:0/device:GPU:0,1.0,0.001
VMr6oRHfe2/_349__cf__349,Reshape,/job:localhost/replica:0/task:0/device:GPU:0,1.0,0.001
XnBK3U2m1b/_372__cf__372,Reshape,/job:localhost/replica:0/task:0/device:GPU:0,1.0,0.001
UqkLfQdw5c/_345__cf__345,Reshape,/job:localhost/replica:0/task:0/device:GPU:0,1.0,0.001
Wm4CFzOlaB/_361__cf__361,Reshape,/job:localhost/replica:0/task:0/device:GPU:0,1.0,0.001
Y8TdEkpSjB/_380__cf__380,Reshape,/job:localhost/replica:0/task:0/device:GPU:0,1.0,0.001
tYa6gAPOnL,Const,/job:localhost/replica:0/task:0/device:GPU:0,1.0,0.001
YImuMHxOA1/_385__cf__385,Reshape,/job:localhost/replica:0/task:0/device:GPU:0,1.0,0.001
Ce70scz51S,Const,/job:localhost/replica:0/task:0/device:GPU:0,1.0,0.001
E2XgLVq45x,Const,/job:localhost/replica:0/task:0/device:GPU:0,1.0,0.001
uKavMnQLlo,Const,/job:localhost/replica:0/task:0/device:GPU:0,1.0,0.001
thNPEsepGK,Const,/job:localhost/replica:0/task:0/device:GPU:0,1.0,0.001
mzifP0TjgQ,Const,/job:localhost/replica:0/task:0/device:GPU:0,1.0,0.001
8Y1U9gjMVD,Const,/job:localhost/replica:0/task:0/device:GPU:0,1.0,0.001
4itLnsEwYC,Const,/job:localhost/replica:0/task:0/device:GPU:0,1.0,0.001
S6PAatNcsF,Const,/job:localhost/replica:0/task:0/device:GPU:0,1.0,0.001
jXCZy9k4wF,Const,/job:localhost/replica:0/task:0/device:GPU:0,1.0,0.001
ThlgPFJEDo,Const,/job:localhost/replica:0/task:0/device:GPU:0,1.0,0.001
vPJiV0UxjS,Const,/job:localhost/replica:0/task:0/device:GPU:0,1.0,0.001
o9fBhbaT8R,Const,/job:localhost/replica:0/task:0/device:GPU:0,1.0,0.001
USBywYK0bo,Const,/job:localhost/replica:0/task:0/device:GPU:0,1.0,0.001
eCbH9nZ6FA,Const,/job:localhost/replica:0/task:0/device:GPU:0,1.0,0.001
THNLXpqEl2,Const,/job:localhost/replica:0/task:0/device:GPU:0,1.0,0.001
SNQC0mMeGy,Const,/job:localhost/replica:0/task:0/device:GPU:0,1.0,0.001
r468FLgvzX,Const,/job:localhost/replica:0/task:0/device:GPU:0,1.0,0.001
tp2db0QGun,Const,/job:localhost/replica:0/task:0/device:GPU:0,1.0,0.001
QwY574LZ6W,Const,/job:localhost/replica:0/task:0/device:GPU:0,1.0,0.001
1tP7ogydIw,Const,/job:localhost/replica:0/task:0/device:GPU:0,1.0,0.001
4kzArEndHy,Const,/job:localhost/replica:0/task:0/device:GPU:0,1.0,0.001
l0owfqexKu,Const,/job:localhost/replica:0/task:0/device:GPU:0,1.0,0.001
fYaILHNCBh,Const,/job:localhost/replica:0/task:0/device:GPU:0,1.0,0.001
FbVx764rdv,Const,/job:localhost/replica:0/task:0/device:GPU:0,1.0,0.001
G9WnSozwV0,Const,/job:localhost/replica:0/task:0/device:GPU:0,1.0,0.001
Wn9XCIKDyT,Const,/job:localhost/replica:0/task:0/device:GPU:0,1.0,0.001
R4AnvDM36P,Const,/job:localhost/replica:0/task:0/device:GPU:0,1.0,0.001
ANTst3n1Dz,Const,/job:localhost/replica:0/task:0/device:GPU:0,1.0,0.001
DXYTg8qxtw,Const,/job:localhost/replica:0/task:0/device:GPU:0,1.0,0.001
YUFblwc1ux,Const,/job:localhost/replica:0/task:0/device:GPU:0,1.0,0.001
4jOYhCbTuA,Const,/job:localhost/replica:0/task:0/device:GPU:0,1.0,0.001
p6KM5wRhts,Const,/job:localhost/replica:0/task:0/device:GPU:0,1.0,0.001
pySNVOc1qR,Const,/job:localhost/replica:0/task:0/device:GPU:0,1.0,0.001
CpAfJtFWl6,Const,/job:localhost/replica:0/task:0/device:GPU:0,1.0,0.001
a6GAfkEVwr,Const,/job:localhost/replica:0/task:0/device:GPU:0,1.0,0.001
g6mvFC3r8b,Const,/job:localhost/replica:0/task:0/device:GPU:0,1.0,0.001
EUdnSk8hc0,Const,/job:localhost/replica:0/task:0/device:GPU:0,1.0,0.001
ft1QThRxKg,Const,/job:localhost/replica:0/task:0/device:GPU:0,1.0,0.001
yF6IKauQOR,Const,/job:localhost/replica:0/task:0/device:GPU:0,1.0,0.001
hRPpO4Ixle,Const,/job:localhost/replica:0/task:0/device:GPU:0,1.0,0.001
Ki5NVuryRw,Const,/job:localhost/replica:0/task:0/device:GPU:0,1.0,0.001
QIVhuAYdZ9,Const,/job:localhost/replica:0/task:0/device:GPU:0,1.0,0.001
03PiukQpog,Const,/job:localhost/replica:0/task:0/device:GPU:0,1.0,0.001
nYVUoOmyBX,Const,/job:localhost/replica:0/task:0/device:GPU:0,1.0,0.001
a8mcROwlPo,Const,/job:localhost/replica:0/task:0/device:GPU:0,1.0,0.001
UGZ0pbQoyr,Const,/job:localhost/replica:0/task:0/device:GPU:0,1.0,0.001
A3NZrGysQc,Const,/job:localhost/replica:0/task:0/device:GPU:0,1.0,0.001
cIrfwsWzlh,Const,/job:localhost/replica:0/task:0/device:GPU:0,1.0,0.001
MowGr80jyP,Const,/job:localhost/replica:0/task:0/device:GPU:0,1.0,0.001
ChRym50fVr,Const,/job:localhost/replica:0/task:0/device:GPU:0,1.0,0.001
P9w7goRV4h,Const,/job:localhost/replica:0/task:0/device:GPU:0,1.0,0.001
wYufjv7K4U,Const,/job:localhost/replica:0/task:0/device:GPU:0,1.0,0.001
kISL6cs4V2,Const,/job:localhost/replica:0/task:0/device:GPU:0,1.0,0.001
0Vl72NTgxO,Const,/job:localhost/replica:0/task:0/device:GPU:0,1.0,0.001
iVgsxcyet7,Const,/job:localhost/replica:0/task:0/device:GPU:0,1.0,0.001
MvbZ78Hr3B,Const,/job:localhost/replica:0/task:0/device:GPU:0,1.0,0.001
JKNIg6bqTx,Const,/job:localhost/replica:0/task:0/device:GPU:0,1.0,0.001
vuxREwQepX,Const,/job:localhost/replica:0/task:0/device:GPU:0,1.0,0.001
nyqZskl5d4,Const,/job:localhost/replica:0/task:0/device:GPU:0,1.0,0.001
IQumCVUHrG,Const,/job:localhost/replica:0/task:0/device:GPU:0,1.0,0.001
aTFpvXqKjP,Const,/job:localhost/replica:0/task:0/device:GPU:0,1.0,0.001
UVyMFHdLD8,Const,/job:localhost/replica:0/task:0/device:GPU:0,1.0,0.001
Oy3cilLMIH,Const,/job:localhost/replica:0/task:0/device:GPU:0,1.0,0.001
guWptMR0F2,Const,/job:localhost/replica:0/task:0/device:GPU:0,1.0,0.001
sx2kwt4lRU,Const,/job:localhost/replica:0/task:0/device:GPU:0,1.0,0.001
8GFzdjvhYQ,Const,/job:localhost/replica:0/task:0/device:GPU:0,1.0,0.001
GvgKxAWmHp,Const,/job:localhost/replica:0/task:0/device:GPU:0,1.0,0.001
GMJbEwnpTz,Const,/job:localhost/replica:0/task:0/device:GPU:0,1.0,0.001
3k8EZGpsOz,Const,/job:localhost/replica:0/task:0/device:GPU:0,1.0,0.001
bye6kdKuA8,Const,/job:localhost/replica:0/task:0/device:GPU:0,1.0,0.001
ruR3sGzBbe,Const,/job:localhost/replica:0/task:0/device:GPU:0,1.0,0.001
gNu6tHEU0k,Const,/job:localhost/replica:0/task:0/device:GPU:0,1.0,0.001
djt2N6nA0W,Const,/job:localhost/replica:0/task:0/device:GPU:0,1.0,0.001
kOfu64dHA7,Const,/job:localhost/replica:0/task:0/device:GPU:0,1.0,0.001
G4Bdq1Dix5,Const,/job:localhost/replica:0/task:0/device:GPU:0,1.0,0.001
q67CfD29UF,Const,/job:localhost/replica:0/task:0/device:GPU:0,1.0,0.001
3gnsztiGTy,Const,/job:localhost/replica:0/task:0/device:GPU:0,1.0,0.001
DMEZKBgXS9,Const,/job:localhost/replica:0/task:0/device:GPU:0,1.0,0.001
Vrajb5Fu6W,Const,/job:localhost/replica:0/task:0/device:GPU:0,1.0,0.001
x3mKB8Hsgr,Const,/job:localhost/replica:0/task:0/device:GPU:0,1.0,0.001
OAtz1qI5NS,Const,/job:localhost/replica:0/task:0/device:GPU:0,1.0,0.001
cFuXoUqIP3,Const,/job:localhost/replica:0/task:0/device:GPU:0,1.0,0.001
exqLZRfDKQ,Const,/job:localhost/replica:0/task:0/device:GPU:0,1.0,0.001
JBvhQ42dq6,Const,/job:localhost/replica:0/task:0/device:GPU:0,1.0,0.001
mXTYS07UFH,Const,/job:localhost/replica:0/task:0/device:GPU:0,1.0,0.001
xIcfX9u8WM,Const,/job:localhost/replica:0/task:0/device:GPU:0,1.0,0.001
pUY1woCRtl,Const,/job:localhost/replica:0/task:0/device:GPU:0,1.0,0.001
3QyRTMOZD0,Const,/job:localhost/replica:0/task:0/device:GPU:0,1.0,0.001
O8C0tnxJuL,Const,/job:localhost/replica:0/task:0/device:GPU:0,1.0,0.001
qGuw6b1PA0,Const,/job:localhost/replica:0/task:0/device:GPU:0,1.0,0.001
dukFp6zOqC,Const,/job:localhost/replica:0/task:0/device:GPU:0,1.0,0.001
EQyVqXr2YT,Const,/job:localhost/replica:0/task:0/device:GPU:0,1.0,0.001
2wUqpz86AQ,Const,/job:localhost/replica:0/task:0/device:GPU:0,1.0,0.001
pyaV7chfDZ,Const,/job:localhost/replica:0/task:0/device:GPU:0,1.0,0.001
Bst63AkhFX,Const,/job:localhost/replica:0/task:0/device:GPU:0,1.0,0.001
uKrI19xjma,Const,/job:localhost/replica:0/task:0/device:GPU:0,1.0,0.001
FWJDCYU0Qk,Const,/job:localhost/replica:0/task:0/device:GPU:0,1.0,0.001
s2YopnSQl4,Const,/job:localhost/replica:0/task:0/device:GPU:0,1.0,0.001
eBxM2mQCui,Const,/job:localhost/replica:0/task:0/device:GPU:0,1.0,0.001
BbfCUdgOZr,Const,/job:localhost/replica:0/task:0/device:GPU:0,1.0,0.001
84nLCYbtXm,Const,/job:localhost/replica:0/task:0/device:GPU:0,1.0,0.001
D8ZuvfG4yc,Const,/job:localhost/replica:0/task:0/device:GPU:0,1.0,0.001
fP1L05s4up,Const,/job:localhost/replica:0/task:0/device:GPU:0,1.0,0.001
JrhNZ4TBv2,Const,/job:localhost/replica:0/task:0/device:GPU:0,1.0,0.001
dQuFpEYwsT,Const,/job:localhost/replica:0/task:0/device:GPU:0,1.0,0.001
kKAwgZ8TfJ,Const,/job:localhost/replica:0/task:0/device:GPU:0,1.0,0.001
RqJfgN9dzo,Const,/job:localhost/replica:0/task:0/device:GPU:0,1.0,0.001
OnT7fMNWR2,Const,/job:localhost/replica:0/task:0/device:GPU:0,1.0,0.001
faIe52dGgJ,Const,/job:localhost/replica:0/task:0/device:GPU:0,1.0,0.001
5AlgG40UqI,Const,/job:localhost/replica:0/task:0/device:GPU:0,1.0,0.001
B3YCqmR8rp,Const,/job:localhost/replica:0/task:0/device:GPU:0,1.0,0.001
K9pNezyxiP,Const,/job:localhost/replica:0/task:0/device:GPU:0,1.0,0.001
lscfVKLzZu,Const,/job:localhost/replica:0/task:0/device:GPU:0,1.0,0.001
n3v9NVO7XG,Const,/job:localhost/replica:0/task:0/device:GPU:0,1.0,0.001
QLH7ycBtNK,Const,/job:localhost/replica:0/task:0/device:GPU:0,1.0,0.001
jRNPQqK8cB,Const,/job:localhost/replica:0/task:0/device:GPU:0,1.0,0.001
9cmFG4u28A,Const,/job:localhost/replica:0/task:0/device:GPU:0,1.0,0.001
c5aWnIHGUf,Const,/job:localhost/replica:0/task:0/device:GPU:0,1.0,0.001
HxKUBIhDOC,Const,/job:localhost/replica:0/task:0/device:GPU:0,1.0,0.001
zaFHEr6pRf,Const,/job:localhost/replica:0/task:0/device:GPU:0,1.0,0.001
IZ1puGeonR,Const,/job:localhost/replica:0/task:0/device:GPU:0,1.0,0.001
xRgBAw7FOP,Const,/job:localhost/replica:0/task:0/device:GPU:0,1.0,0.001
Tn47wY9krG,Const,/job:localhost/replica:0/task:0/device:GPU:0,1.0,0.001
3klwveRJYr,Const,/job:localhost/replica:0/task:0/device:GPU:0,1.0,0.001
gtPZk3l7nG,Const,/job:localhost/replica:0/task:0/device:GPU:0,1.0,0.001
viP7h5QVez,Const,/job:localhost/replica:0/task:0/device:GPU:0,1.0,0.001
D4H1GXIveF,Const,/job:localhost/replica:0/task:0/device:GPU:0,1.0,0.001
wvSecYmWAp,Const,/job:localhost/replica:0/task:0/device:GPU:0,1.0,0.001
3VuKF1WISp,Const,/job:localhost/replica:0/task:0/device:GPU:0,1.0,0.001
mXc43lMWgy,Const,/job:localhost/replica:0/task:0/device:GPU:0,1.0,0.001
IRwVs9klzE,Const,/job:localhost/replica:0/task:0/device:GPU:0,1.0,0.001
Fxvd190Yjg,Const,/job:localhost/replica:0/task:0/device:GPU:0,1.0,0.001
SPAEcjN3Ud,Const,/job:localhost/replica:0/task:0/device:GPU:0,1.0,0.001
L9FYn6y07A,Const,/job:localhost/replica:0/task:0/device:GPU:0,1.0,0.001
s6WfYzNhug,Const,/job:localhost/replica:0/task:0/device:GPU:0,1.0,0.001
UtVdOJ28m4,Const,/job:localhost/replica:0/task:0/device:GPU:0,1.0,0.001
lRjgKi6Q4z,Const,/job:localhost/replica:0/task:0/device:GPU:0,1.0,0.001
bcuCIrsdWv,Const,/job:localhost/replica:0/task:0/device:GPU:0,1.0,0.001
cW6y4UZwne/_453__cf__453,StridedSlice,/job:localhost/replica:0/task:0/device:GPU:0,1.0,0.001
e6YaK3o10T/_463__cf__463,StridedSlice,/job:localhost/replica:0/task:0/device:GPU:0,1.0,0.001
aoNGYIJBTD,Const,/job:localhost/replica:0/task:0/device:GPU:0,1.0,0.001
wIMUXtZ9Q0,Const,/job:localhost/replica:0/task:0/device:GPU:0,1.0,0.001
gBhNOoaImk/_489__cf__489,Reshape,/job:localhost/replica:0/task:0/device:GPU:0,1.0,0.001
hGJUAPgVlL/_497__cf__497,Reshape,/job:localhost/replica:0/task:0/device:GPU:0,1.0,0.001
Ogr2Z9VNvA,Const,/job:localhost/replica:0/task:0/device:GPU:0,1.0,0.001
SJRPmzBCxw,Const,/job:localhost/replica:0/task:0/device:GPU:0,1.0,0.001
6HAT7qCDQr,Const,/job:localhost/replica:0/task:0/device:GPU:0,1.0,0.001
xtog4HD8fv,Const,/job:localhost/replica:0/task:0/device:GPU:0,1.0,0.001
UZgDNTfX4H,Const,/job:localhost/replica:0/task:0/device:GPU:0,1.0,0.001
b1fnyNc8SW,Const,/job:localhost/replica:0/task:0/device:GPU:0,1.0,0.001
rh8M9mXJEL,Const,/job:localhost/replica:0/task:0/device:GPU:0,1.0,0.001
Z6admyDCeY/_396__cf__396,Reshape,/job:localhost/replica:0/task:0/device:GPU:0,1.0,0.001
TpM6RVz7na,Const,/job:localhost/replica:0/task:0/device:GPU:0,1.0,0.001
ZmutTQhziH/_411__cf__411,Reshape,/job:localhost/replica:0/task:0/device:GPU:0,1.0,0.001
U9TgmVhuW2,Const,/job:localhost/replica:0/task:0/device:GPU:0,1.0,0.001
c4eRhKWdpz/_445__cf__445,Pow,/job:localhost/replica:0/task:0/device:GPU:0,1.0,0.001
0PUBONfDYJ,Const,/job:localhost/replica:0/task:0/device:GPU:0,1.0,0.001
HNB5C2Wb7I,Const,/job:localhost/replica:0/task:0/device:GPU:0,1.0,0.001
HyNJreETFd,Const,/job:localhost/replica:0/task:0/device:GPU:0,1.0,0.001
DagsB1Y7Vm,Const,/job:localhost/replica:0/task:0/device:GPU:0,1.0,0.001
3DySVMOjmJ,Const,/job:localhost/replica:0/task:0/device:GPU:0,1.0,0.001
5F6Eqop7Kj,Const,/job:localhost/replica:0/task:0/device:GPU:0,1.0,0.001
hWz4EU0SYu/_503__cf__503,RealDiv,/job:localhost/replica:0/task:0/device:GPU:0,1.0,0.001
iE5Ue6TXhM/_510__cf__510,Reshape,/job:localhost/replica:0/task:0/device:GPU:0,1.0,0.001
YrU8CL7Tbi,Const,/job:localhost/replica:0/task:0/device:GPU:0,1.0,0.001
LqoMe46wYK,Const,/job:localhost/replica:0/task:0/device:GPU:0,1.0,0.001
NKduECZkyH,Const,/job:localhost/replica:0/task:0/device:GPU:0,1.0,0.001
X2hSlHcVJC/_363__cf__363,Reshape,/job:localhost/replica:0/task:0/device:GPU:0,1.0,0.001
Y1c87xeVwS/_374__cf__374,RealDiv,/job:localhost/replica:0/task:0/device:GPU:0,1.0,0.001
Y8o7wCXsNF/_381__cf__381,Reshape,/job:localhost/replica:0/task:0/device:GPU:0,1.0,0.001
ZEow8RtUCk/_399__cf__399,Reshape,/job:localhost/replica:0/task:0/device:GPU:0,1.0,0.001
ZdQzuH1X7f/_406__cf__406,Reshape,/job:localhost/replica:0/task:0/device:GPU:0,1.0,0.001
a8yiOb2qRc/_414__cf__414,Reshape,/job:localhost/replica:0/task:0/device:GPU:0,1.0,0.001
aeDTHjnPUp/_421__cf__421,Reshape,/job:localhost/replica:0/task:0/device:GPU:0,1.0,0.001
bJn867tNmA/_433__cf__433,RealDiv,/job:localhost/replica:0/task:0/device:GPU:0,1.0,0.001
cDhFzLC67w/_447__cf__447,Pow,/job:localhost/replica:0/task:0/device:GPU:0,1.0,0.001
cX2IOPHzfx/_454__cf__454,Pow,/job:localhost/replica:0/task:0/device:GPU:0,1.0,0.001
djkfIpPsZN/_459__cf__459,RealDiv,/job:localhost/replica:0/task:0/device:GPU:0,1.0,0.001
fTn5kSIcsv/_474__cf__474,Reshape,/job:localhost/replica:0/task:0/device:GPU:0,1.0,0.001
gT51vUtor7/_490__cf__490,Reshape,/job:localhost/replica:0/task:0/device:GPU:0,1.0,0.001
hPF3AGXSgs/_499__cf__499,Reshape,/job:localhost/replica:0/task:0/device:GPU:0,1.0,0.001
cuAYgdUbPk,Const,/job:localhost/replica:0/task:0/device:GPU:0,1.0,0.001
8TbrmIt7Qv,Const,/job:localhost/replica:0/task:0/device:GPU:0,1.0,0.001
ZlhMdo2KSJ,Const,/job:localhost/replica:0/task:0/device:GPU:0,1.0,0.001
9C0ozXxLS3,Const,/job:localhost/replica:0/task:0/device:GPU:0,1.0,0.001
pRz5JmjKs1,Const,/job:localhost/replica:0/task:0/device:GPU:0,1.0,0.001
AqRsY8W7F3,Const,/job:localhost/replica:0/task:0/device:GPU:0,1.0,0.001
YAR4dPQENJ/_383__cf__383,Add,/job:localhost/replica:0/task:0/device:GPU:0,1.0,0.001
YQvXrck37V/_389__cf__389,StridedSlice,/job:localhost/replica:0/task:0/device:GPU:0,1.0,0.001
ZJHgp1RONQ/_400__cf__400,Pow,/job:localhost/replica:0/task:0/device:GPU:0,1.0,0.001
ZV6AU3uPlL/_404__cf__404,Reshape,/job:localhost/replica:0/task:0/device:GPU:0,1.0,0.001
aL9tsoPO0c/_417__cf__417,Reshape,/job:localhost/replica:0/task:0/device:GPU:0,1.0,0.001
dDfum0ep7h/_457__cf__457,Reshape,/job:localhost/replica:0/task:0/device:GPU:0,1.0,0.001
eWKtJ28pRi/_469__cf__469,Reshape,/job:localhost/replica:0/task:0/device:GPU:0,1.0,0.001
gZPxhuKE08/_491__cf__491,Reshape,/job:localhost/replica:0/task:0/device:GPU:0,1.0,0.001
hQEFaPdmfD/_500__cf__500,Reshape,/job:localhost/replica:0/task:0/device:GPU:0,1.0,0.001
hd4XnK1Dp7/_505__cf__505,Reshape,/job:localhost/replica:0/task:0/device:GPU:0,1.0,0.001
iJm35eSVDp/_511__cf__511,Reshape,/job:localhost/replica:0/task:0/device:GPU:0,1.0,0.001
iyoMW7Dbax/_525__cf__525,Reshape,/job:localhost/replica:0/task:0/device:GPU:0,1.0,0.001
VBgWm7dwS6/_346__cf__346,Reshape,/job:localhost/replica:0/task:0/device:GPU:0,1.0,0.001
VZlHcwJ8LN/_353__cf__353,Reshape,/job:localhost/replica:0/task:0/device:GPU:0,1.0,0.001
Y2GMOvyT5F/_375__cf__375,Reshape,/job:localhost/replica:0/task:0/device:GPU:0,1.0,0.001
nlfW69vhMd/_585__cf__585,Reshape,/job:localhost/replica:0/task:0/device:GPU:0,1.0,0.001
ZRmSjaO3MH/_402__cf__402,Reshape,/job:localhost/replica:0/task:0/device:GPU:0,1.0,0.001
ZaNC1M4XEQ/_405__cf__405,Reshape,/job:localhost/replica:0/task:0/device:GPU:0,1.0,0.001
dDyEVJwL6i/_458__cf__458,Reshape,/job:localhost/replica:0/task:0/device:GPU:0,1.0,0.001
ed609Uzk27/_470__cf__470,Reshape,/job:localhost/replica:0/task:0/device:GPU:0,1.0,0.001
fXS3OhMubJ/_477__cf__477,Reshape,/job:localhost/replica:0/task:0/device:GPU:0,1.0,0.001
g8bzhc2HE7/_486__cf__486,Reshape,/job:localhost/replica:0/task:0/device:GPU:0,1.0,0.001
iJqEpNLTUs/_512__cf__512,Reshape,/job:localhost/replica:0/task:0/device:GPU:0,1.0,0.001
jKYeNzcrLC/_528__cf__528,Reshape,/job:localhost/replica:0/task:0/device:GPU:0,1.0,0.001
jkeKcf7zox/_533__cf__533,Reshape,/job:localhost/replica:0/task:0/device:GPU:0,1.0,0.001
VKICUdjcmk/_348__cf__348,Reshape,/job:localhost/replica:0/task:0/device:GPU:0,1.0,0.001
nP37eUSrF1/_576__cf__576,Reshape,/job:localhost/replica:0/task:0/device:GPU:0,1.0,0.001
ZgdF1cxMQj/_408__cf__408,Reshape,/job:localhost/replica:0/task:0/device:GPU:0,1.0,0.001
bZjqRN95BL/_439__cf__439,Reshape,/job:localhost/replica:0/task:0/device:GPU:0,1.0,0.001
e4JvcF2hsT/_462__cf__462,Reshape,/job:localhost/replica:0/task:0/device:GPU:0,1.0,0.001
nkjIqohUdt,Const,/job:localhost/replica:0/task:0/device:GPU:0,1.0,0.001
jPbaOg72eQ/_529__cf__529,Reshape,/job:localhost/replica:0/task:0/device:GPU:0,1.0,0.001
jmhg5A98Yn/_536__cf__536,Reshape,/job:localhost/replica:0/task:0/device:GPU:0,1.0,0.001
kQt7ir3X6A/_544__cf__544,Reshape,/job:localhost/replica:0/task:0/device:GPU:0,1.0,0.001
lGFZ9p7DOv/_556__cf__556,Reshape,/job:localhost/replica:0/task:0/device:GPU:0,1.0,0.001
mCSP5ZDvHx/_565__cf__565,Reshape,/job:localhost/replica:0/task:0/device:GPU:0,1.0,0.001
WE2QjMpRrZ/_358__cf__358,Add,/job:localhost/replica:0/task:0/device:GPU:0,1.0,0.001
nQcyxMqNRh/_579__cf__579,Reshape,/job:localhost/replica:0/task:0/device:GPU:0,1.0,0.001
o1PC93nXZI/_589__cf__589,Reshape,/job:localhost/replica:0/task:0/device:GPU:0,1.0,0.001
ax4pLNzlqi/_428__cf__428,Reshape,/job:localhost/replica:0/task:0/device:GPU:0,1.0,0.001
gAa5Zqy4eu/_487__cf__487,Reshape,/job:localhost/replica:0/task:0/device:GPU:0,1.0,0.001
jndLSG6au8/_537__cf__537,Cast,/job:localhost/replica:0/task:0/device:GPU:0,1.0,0.001
l5qFVzZKcA/_553__cf__553,Reshape,/job:localhost/replica:0/task:0/device:GPU:0,1.0,0.001
mDbQB5F4Kf/_566__cf__566,Reshape,/job:localhost/replica:0/task:0/device:GPU:0,1.0,0.001
nbBVmAfPOz/_580__cf__580,Reshape,/job:localhost/replica:0/task:0/device:GPU:0,1.0,0.001
ldnGJ9wbBz/_559__cf__559,Pow,/job:localhost/replica:0/task:0/device:GPU:0,1.0,0.001
msOwpUtGZ9/_572__cf__572,Reshape,/job:localhost/replica:0/task:0/device:GPU:0,1.0,0.001
7JRWdZSCbN,ExpandDims,/job:localhost/replica:0/task:0/device:GPU:0,1.0,0.001
qGQ9JAjRT2,ExpandDims,/job:localhost/replica:0/task:0/device:GPU:0,1.0,0.001
jt7QD6qV1Z,Const,/job:localhost/replica:0/task:0/device:GPU:0,1.0,0.001
MYQ0Ibsue5,Const,/job:localhost/replica:0/task:0/device:GPU:0,1.0,0.001
U0b9IiFrmZ,Const,/job:localhost/replica:0/task:0/device:GPU:0,1.0,0.001
1q7NApfyD9,Const,/job:localhost/replica:0/task:0/device:GPU:0,1.0,0.001
j24HazgksT,Const,/job:localhost/replica:0/task:0/device:GPU:0,1.0,0.001
lEWosGSr5U,Const,/job:localhost/replica:0/task:0/device:GPU:0,1.0,0.001
JdBq9keKOH,Const,/job:localhost/replica:0/task:0/device:GPU:0,1.0,0.001
VGAO6X0mBr,Const,/job:localhost/replica:0/task:0/device:GPU:0,1.0,0.001
hD7NQdCgWA,Const,/job:localhost/replica:0/task:0/device:GPU:0,1.0,0.001
QJO6nLtMbg,Const,/job:localhost/replica:0/task:0/device:GPU:0,1.0,0.001
cQnUoR4MfA,Const,/job:localhost/replica:0/task:0/device:GPU:0,1.0,0.001
hXZJN1fkCi,Const,/job:localhost/replica:0/task:0/device:GPU:0,1.0,0.001
2mWqsvPknV,Const,/job:localhost/replica:0/task:0/device:GPU:0,1.0,0.001
YM5wOn1tST,Const,/job:localhost/replica:0/task:0/device:GPU:0,1.0,0.001
FtE6D35fb8,Const,/job:localhost/replica:0/task:0/device:GPU:0,1.0,0.001
ywtVoLuDIN,Const,/job:localhost/replica:0/task:0/device:GPU:0,1.0,0.001
Tzlx17UihF,Const,/job:localhost/replica:0/task:0/device:GPU:0,1.0,0.001
bNk6iF3BmI,Const,/job:localhost/replica:0/task:0/device:GPU:0,1.0,0.001
ZzWCSc1NAw,Const,/job:localhost/replica:0/task:0/device:GPU:0,1.0,0.001
TmNQHatLy7,Const,/job:localhost/replica:0/task:0/device:GPU:0,1.0,0.001
rRV4DKLZye,Const,/job:localhost/replica:0/task:0/device:GPU:0,1.0,0.001
rLV1tx2icH,Const,/job:localhost/replica:0/task:0/device:GPU:0,1.0,0.001
KEyvgqt4VU,Const,/job:localhost/replica:0/task:0/device:GPU:0,1.0,0.001
UINY5flu6W,Const,/job:localhost/replica:0/task:0/device:GPU:0,1.0,0.001
bfnU3eadVs,Const,/job:localhost/replica:0/task:0/device:GPU:0,1.0,0.001
YsiKGlP3t1,Const,/job:localhost/replica:0/task:0/device:GPU:0,1.0,0.001
Xt0fWSEkwF,Const,/job:localhost/replica:0/task:0/device:GPU:0,1.0,0.001
mdFn3wruBe,Const,/job:localhost/replica:0/task:0/device:GPU:0,1.0,0.001
ZAWe7DJUIt,Const,/job:localhost/replica:0/task:0/device:GPU:0,1.0,0.001
M37fR5V40j,Const,/job:localhost/replica:0/task:0/device:GPU:0,1.0,0.001
s5KFa0OzYI,Const,/job:localhost/replica:0/task:0/device:GPU:0,1.0,0.001
iHYy8pcNZs,Const,/job:localhost/replica:0/task:0/device:GPU:0,1.0,0.001
90GI8eqOlW,Const,/job:localhost/replica:0/task:0/device:GPU:0,1.0,0.001
Gyodb48J9r,Const,/job:localhost/replica:0/task:0/device:GPU:0,1.0,0.001
9Ck2ucmDhv,Const,/job:localhost/replica:0/task:0/device:GPU:0,1.0,0.001
yeZ41h8XG6,Const,/job:localhost/replica:0/task:0/device:GPU:0,1.0,0.001
u4oHKnFGMW,Const,/job:localhost/replica:0/task:0/device:GPU:0,1.0,0.001
g19LjpsRvo,Const,/job:localhost/replica:0/task:0/device:GPU:0,1.0,0.001
HRyUlItXag,Const,/job:localhost/replica:0/task:0/device:GPU:0,1.0,0.001
3DXgrbiOeH,Const,/job:localhost/replica:0/task:0/device:GPU:0,1.0,0.001
dZ3aTRxzef,Const,/job:localhost/replica:0/task:0/device:GPU:0,1.0,0.001
1kzxDvYPZ4,Const,/job:localhost/replica:0/task:0/device:GPU:0,1.0,0.001
GE05l9VevO,Const,/job:localhost/replica:0/task:0/device:GPU:0,1.0,0.001
eUZsIMXuaB,Const,/job:localhost/replica:0/task:0/device:GPU:0,1.0,0.001
yJxS09Kj2E,Const,/job:localhost/replica:0/task:0/device:GPU:0,1.0,0.001
kyEiB1Fxvr,Const,/job:localhost/replica:0/task:0/device:GPU:0,1.0,0.001
DOFmXVWEKv,Const,/job:localhost/replica:0/task:0/device:GPU:0,1.0,0.001
K6NpPZubls,Const,/job:localhost/replica:0/task:0/device:GPU:0,1.0,0.001
isR8rMhAXK,Const,/job:localhost/replica:0/task:0/device:GPU:0,1.0,0.001
kG0UydWw4A,Const,/job:localhost/replica:0/task:0/device:GPU:0,1.0,0.001
xwSznX5A4c,Const,/job:localhost/replica:0/task:0/device:GPU:0,1.0,0.001
pOXPZqeEYg,Const,/job:localhost/replica:0/task:0/device:GPU:0,1.0,0.001
SkbrNBRqh8,Const,/job:localhost/replica:0/task:0/device:GPU:0,1.0,0.001
pYOL75uZwM,Const,/job:localhost/replica:0/task:0/device:GPU:0,1.0,0.001
3X0oywG9Dt,Const,/job:localhost/replica:0/task:0/device:GPU:0,1.0,0.001
GIVK49AYS7,Const,/job:localhost/replica:0/task:0/device:GPU:0,1.0,0.001
gTqKDW9PHk,Const,/job:localhost/replica:0/task:0/device:GPU:0,1.0,0.001
4uiz65SnkY,Const,/job:localhost/replica:0/task:0/device:GPU:0,1.0,0.001
JCFjoQeWl4,Const,/job:localhost/replica:0/task:0/device:GPU:0,1.0,0.001
oAs13cpmR2,Const,/job:localhost/replica:0/task:0/device:GPU:0,1.0,0.001
xuyaEhFGwU,Const,/job:localhost/replica:0/task:0/device:GPU:0,1.0,0.001
nl6SjZpzM5,Const,/job:localhost/replica:0/task:0/device:GPU:0,1.0,0.001
VNcYJkB59W,Const,/job:localhost/replica:0/task:0/device:GPU:0,1.0,0.001
oPb4UOV2s6,Const,/job:localhost/replica:0/task:0/device:GPU:0,1.0,0.001
lD0yAwjPM3,Const,/job:localhost/replica:0/task:0/device:GPU:0,1.0,0.001
Nm4IqQZatR,Const,/job:localhost/replica:0/task:0/device:GPU:0,1.0,0.001
IObKDxhz57,Const,/job:localhost/replica:0/task:0/device:GPU:0,1.0,0.001
QrjgXZt594,Const,/job:localhost/replica:0/task:0/device:GPU:0,1.0,0.001
7zNfD64iWG,Const,/job:localhost/replica:0/task:0/device:GPU:0,1.0,0.001
02hbTvmCk1,Const,/job:localhost/replica:0/task:0/device:GPU:0,1.0,0.001
sIhNypMVdZ,Const,/job:localhost/replica:0/task:0/device:GPU:0,1.0,0.001
MuKC7U1pGE,Const,/job:localhost/replica:0/task:0/device:GPU:0,1.0,0.001
RMZ8PFBWow,Const,/job:localhost/replica:0/task:0/device:GPU:0,1.0,0.001
iLtM2ZjRS7,Const,/job:localhost/replica:0/task:0/device:GPU:0,1.0,0.001
G4SIe7EY2M,Const,/job:localhost/replica:0/task:0/device:GPU:0,1.0,0.001
lEOFLZbTIr,Const,/job:localhost/replica:0/task:0/device:GPU:0,1.0,0.001
v0XJDrpoah,Const,/job:localhost/replica:0/task:0/device:GPU:0,1.0,0.001
zTuCNg0vPc,Const,/job:localhost/replica:0/task:0/device:GPU:0,1.0,0.001
8wTvMF7NIl,Const,/job:localhost/replica:0/task:0/device:GPU:0,1.0,0.001
wSxPHauBXU,Const,/job:localhost/replica:0/task:0/device:GPU:0,1.0,0.001
9VlqHwJkED,Const,/job:localhost/replica:0/task:0/device:GPU:0,1.0,0.001
1bAdL2CcuG,Const,/job:localhost/replica:0/task:0/device:GPU:0,1.0,0.001
yJtuplMKve,Const,/job:localhost/replica:0/task:0/device:GPU:0,1.0,0.001
jaW0Z7wKFz,Const,/job:localhost/replica:0/task:0/device:GPU:0,1.0,0.001
JmIS41NgYl,Const,/job:localhost/replica:0/task:0/device:GPU:0,1.0,0.001
jOxMpFVlKg,Const,/job:localhost/replica:0/task:0/device:GPU:0,1.0,0.001
g9zYkFfrnx,Const,/job:localhost/replica:0/task:0/device:GPU:0,1.0,0.001
BE35vlpLVT,Const,/job:localhost/replica:0/task:0/device:GPU:0,1.0,0.001
mDS1e7qV64,Const,/job:localhost/replica:0/task:0/device:GPU:0,1.0,0.001
NhFrjDgUZC,Const,/job:localhost/replica:0/task:0/device:GPU:0,1.0,0.001
rvg0RmUhbT,Const,/job:localhost/replica:0/task:0/device:GPU:0,1.0,0.001
L8CBwGEIzY,Const,/job:localhost/replica:0/task:0/device:GPU:0,1.0,0.001
KPQ6uCodlp,Const,/job:localhost/replica:0/task:0/device:GPU:0,1.0,0.001
9bPHiA8Vq6,Const,/job:localhost/replica:0/task:0/device:GPU:0,1.0,0.001
69hRBM5ITL,Const,/job:localhost/replica:0/task:0/device:GPU:0,1.0,0.001
3DSsoKGqhQ,Const,/job:localhost/replica:0/task:0/device:GPU:0,1.0,0.001
FN49XEGl7t,Const,/job:localhost/replica:0/task:0/device:GPU:0,1.0,0.001
X9gsoSr7Ym,Const,/job:localhost/replica:0/task:0/device:GPU:0,1.0,0.001
iqWK6shT1F,Const,/job:localhost/replica:0/task:0/device:GPU:0,1.0,0.001
lWoTxwSeK3,Const,/job:localhost/replica:0/task:0/device:GPU:0,1.0,0.001
gGuq9tADiV,Const,/job:localhost/replica:0/task:0/device:GPU:0,1.0,0.001
bCi5g1AU2y,Const,/job:localhost/replica:0/task:0/device:GPU:0,1.0,0.001
oPZthYBzyb,Const,/job:localhost/replica:0/task:0/device:GPU:0,1.0,0.001
4rnEHokVC9,Const,/job:localhost/replica:0/task:0/device:GPU:0,1.0,0.001
C5boXAyrRh,Const,/job:localhost/replica:0/task:0/device:GPU:0,1.0,0.001
vqC71OtY26,Const,/job:localhost/replica:0/task:0/device:GPU:0,1.0,0.001
Tjh93IgZSK,Const,/job:localhost/replica:0/task:0/device:GPU:0,1.0,0.001
YcJroB1Zkx,Const,/job:localhost/replica:0/task:0/device:GPU:0,1.0,0.001
myuLH70GCK,Const,/job:localhost/replica:0/task:0/device:GPU:0,1.0,0.001
IovBxGhlc1,Const,/job:localhost/replica:0/task:0/device:GPU:0,1.0,0.001
nozBqGvhSN,Const,/job:localhost/replica:0/task:0/device:GPU:0,1.0,0.001
AvKFcqQ1eZ,Const,/job:localhost/replica:0/task:0/device:GPU:0,1.0,0.001
IS2yocW37F,Const,/job:localhost/replica:0/task:0/device:GPU:0,1.0,0.001
l9yM5Dvw70,Const,/job:localhost/replica:0/task:0/device:GPU:0,1.0,0.001
9tnFUEiksX,Const,/job:localhost/replica:0/task:0/device:GPU:0,1.0,0.001
zy2SkHKNf1,Const,/job:localhost/replica:0/task:0/device:GPU:0,1.0,0.001
yeOHtFx20q,Const,/job:localhost/replica:0/task:0/device:GPU:0,1.0,0.001
InA58uWSoR,Const,/job:localhost/replica:0/task:0/device:GPU:0,1.0,0.001
nFCTidjeGH,Const,/job:localhost/replica:0/task:0/device:GPU:0,1.0,0.001
IcavTXFquU,Const,/job:localhost/replica:0/task:0/device:GPU:0,1.0,0.001
zts1XFh3cm,Const,/job:localhost/replica:0/task:0/device:GPU:0,1.0,0.001
9OgSCu5FPL,Const,/job:localhost/replica:0/task:0/device:GPU:0,1.0,0.001
RzenOpZF7Y,Const,/job:localhost/replica:0/task:0/device:GPU:0,1.0,0.001
OxJCUsjwoy,Const,/job:localhost/replica:0/task:0/device:GPU:0,1.0,0.001
KSe9y4lIYu,Const,/job:localhost/replica:0/task:0/device:GPU:0,1.0,0.001
4qV28ucmtH,Const,/job:localhost/replica:0/task:0/device:GPU:0,1.0,0.001
bqNmGTWutp,Const,/job:localhost/replica:0/task:0/device:GPU:0,1.0,0.001
XqHFxmjze4,Const,/job:localhost/replica:0/task:0/device:GPU:0,1.0,0.001
pbsBkNSZ2C,Const,/job:localhost/replica:0/task:0/device:GPU:0,1.0,0.001
HDVBgE9pxo,Const,/job:localhost/replica:0/task:0/device:GPU:0,1.0,0.001
bwdIlCg15S,Const,/job:localhost/replica:0/task:0/device:GPU:0,1.0,0.001
PiBLnSJoKX,Const,/job:localhost/replica:0/task:0/device:GPU:0,1.0,0.001
Vs1HZ49XYU,Const,/job:localhost/replica:0/task:0/device:GPU:0,1.0,0.001
TRl5E16Y4V,Const,/job:localhost/replica:0/task:0/device:GPU:0,1.0,0.001
4GFuR7s1d6,Const,/job:localhost/replica:0/task:0/device:GPU:0,1.0,0.001
0mKdwuq3LU,Const,/job:localhost/replica:0/task:0/device:GPU:0,1.0,0.001
VNhSEr5HbX,Const,/job:localhost/replica:0/task:0/device:GPU:0,1.0,0.001
ugqpECJHTF,Const,/job:localhost/replica:0/task:0/device:GPU:0,1.0,0.001
hKHUBY4nJu,Const,/job:localhost/replica:0/task:0/device:GPU:0,1.0,0.001
FYGOR49LSt,Const,/job:localhost/replica:0/task:0/device:GPU:0,1.0,0.001
IZCUeAQx2f,Const,/job:localhost/replica:0/task:0/device:GPU:0,1.0,0.001
cs5ShW2rNH,Const,/job:localhost/replica:0/task:0/device:GPU:0,1.0,0.001
MbQ75CKmkp,Const,/job:localhost/replica:0/task:0/device:GPU:0,1.0,0.001
q6cYpCD0MK,Const,/job:localhost/replica:0/task:0/device:GPU:0,1.0,0.001
Is3R72FrZk,Const,/job:localhost/replica:0/task:0/device:GPU:0,1.0,0.001
O7bTkHqFld,Const,/job:localhost/replica:0/task:0/device:GPU:0,1.0,0.001
V1BULjrkaQ,Const,/job:localhost/replica:0/task:0/device:GPU:0,1.0,0.001
BF6k9XPNiT,Const,/job:localhost/replica:0/task:0/device:GPU:0,1.0,0.001
9dELc8ySb6,Const,/job:localhost/replica:0/task:0/device:GPU:0,1.0,0.001
eJqAZtPY97,Const,/job:localhost/replica:0/task:0/device:GPU:0,1.0,0.001
Lm3o1xFyVv,Const,/job:localhost/replica:0/task:0/device:GPU:0,1.0,0.001
AO6REcnou4,Const,/job:localhost/replica:0/task:0/device:GPU:0,1.0,0.001
kONJnR4vLP,Const,/job:localhost/replica:0/task:0/device:GPU:0,1.0,0.001
1aqe7p0Ncy,Const,/job:localhost/replica:0/task:0/device:GPU:0,1.0,0.001
sG52pbfPXx,Const,/job:localhost/replica:0/task:0/device:GPU:0,1.0,0.001
pSrv01ZA69,Const,/job:localhost/replica:0/task:0/device:GPU:0,1.0,0.001
Cf2JdvUwqA,Const,/job:localhost/replica:0/task:0/device:GPU:0,1.0,0.001
RAqQBpFlPT,Const,/job:localhost/replica:0/task:0/device:GPU:0,1.0,0.001
4J1gdnwk2P,Const,/job:localhost/replica:0/task:0/device:GPU:0,1.0,0.001
e2nRS4WNaA,Const,/job:localhost/replica:0/task:0/device:GPU:0,1.0,0.001
RPsVd9u6hz,Const,/job:localhost/replica:0/task:0/device:GPU:0,1.0,0.001
tULFPwnNeM,Const,/job:localhost/replica:0/task:0/device:GPU:0,1.0,0.001
3wIJnZErfo,Const,/job:localhost/replica:0/task:0/device:GPU:0,1.0,0.001
rRJXsv0WFj,Const,/job:localhost/replica:0/task:0/device:GPU:0,1.0,0.001
AKTbl8EO7r,Const,/job:localhost/replica:0/task:0/device:GPU:0,1.0,0.001
Zuh3zda7Rj,Const,/job:localhost/replica:0/task:0/device:GPU:0,1.0,0.001
ksc9upxj2U,Const,/job:localhost/replica:0/task:0/device:GPU:0,1.0,0.001
tcpMHmkAo3,Const,/job:localhost/replica:0/task:0/device:GPU:0,1.0,0.001
LJvdacYFnh,Const,/job:localhost/replica:0/task:0/device:GPU:0,1.0,0.001
YMF52QPB4J,Const,/job:localhost/replica:0/task:0/device:GPU:0,1.0,0.001
oucz2iprSH,Const,/job:localhost/replica:0/task:0/device:GPU:0,1.0,0.001
8JMFBGXz3u,Const,/job:localhost/replica:0/task:0/device:GPU:0,1.0,0.001
fcajszy7i6,Const,/job:localhost/replica:0/task:0/device:GPU:0,1.0,0.001
VAJSfoxb0a,Const,/job:localhost/replica:0/task:0/device:GPU:0,1.0,0.001
IyEkLYnV1Q,Const,/job:localhost/replica:0/task:0/device:GPU:0,1.0,0.001
6XqmenwTEH,Const,/job:localhost/replica:0/task:0/device:GPU:0,1.0,0.001
s7UeSFldyh,Const,/job:localhost/replica:0/task:0/device:GPU:0,1.0,0.001
fGqovcE2bm,Const,/job:localhost/replica:0/task:0/device:GPU:0,1.0,0.001
adJqSXNchU,Const,/job:localhost/replica:0/task:0/device:GPU:0,1.0,0.001
dkPjNc6SHo,Const,/job:localhost/replica:0/task:0/device:GPU:0,1.0,0.001
5TX8SDmW0H,Const,/job:localhost/replica:0/task:0/device:GPU:0,1.0,0.001
eMzvgph40C,Const,/job:localhost/replica:0/task:0/device:GPU:0,1.0,0.001
7DyPCIoUJO,Const,/job:localhost/replica:0/task:0/device:GPU:0,1.0,0.001
Xc8dKgS4RN,Const,/job:localhost/replica:0/task:0/device:GPU:0,1.0,0.001
8Uv6XsHTVR,Const,/job:localhost/replica:0/task:0/device:GPU:0,1.0,0.001
vbpFDydGSo,Const,/job:localhost/replica:0/task:0/device:GPU:0,1.0,0.001
ah4TtN3fqx,Const,/job:localhost/replica:0/task:0/device:GPU:0,1.0,0.001
1ZJOFDzhyr,Const,/job:localhost/replica:0/task:0/device:GPU:0,1.0,0.001
cY716f8Bju,Const,/job:localhost/replica:0/task:0/device:GPU:0,1.0,0.001
EZrkYPCflA,Const,/job:localhost/replica:0/task:0/device:GPU:0,1.0,0.001
1zLwfOe5aV,Const,/job:localhost/replica:0/task:0/device:GPU:0,1.0,0.001
oL1PgHh9z4,Const,/job:localhost/replica:0/task:0/device:GPU:0,1.0,0.001
in07geq8pc,Const,/job:localhost/replica:0/task:0/device:GPU:0,1.0,0.001
GUBHk1CV6o,Const,/job:localhost/replica:0/task:0/device:GPU:0,1.0,0.001
OCRicqy3Mh,Const,/job:localhost/replica:0/task:0/device:GPU:0,1.0,0.001
it6QvS5gMY,Const,/job:localhost/replica:0/task:0/device:GPU:0,1.0,0.001
vj7Nf68ml5,Const,/job:localhost/replica:0/task:0/device:GPU:0,1.0,0.001
FPVkUNgzyl,Const,/job:localhost/replica:0/task:0/device:GPU:0,1.0,0.001
2YLxSnhuBG,Const,/job:localhost/replica:0/task:0/device:GPU:0,1.0,0.001
wnhMqBusYp,Const,/job:localhost/replica:0/task:0/device:GPU:0,1.0,0.001
TsbHXYg8dC,Const,/job:localhost/replica:0/task:0/device:GPU:0,1.0,0.001
0UiaVWjRYo,Const,/job:localhost/replica:0/task:0/device:GPU:0,1.0,0.001
GRXSmqxMw4,Const,/job:localhost/replica:0/task:0/device:GPU:0,1.0,0.001
OFltcVIDfQ,Const,/job:localhost/replica:0/task:0/device:GPU:0,1.0,0.001
LV9W0RwcSh,Const,/job:localhost/replica:0/task:0/device:GPU:0,1.0,0.001
st7f9FEpyP,Const,/job:localhost/replica:0/task:0/device:GPU:0,1.0,0.001
Wy3xjCYcJo,Const,/job:localhost/replica:0/task:0/device:GPU:0,1.0,0.001
ru7PlYUDwz,Const,/job:localhost/replica:0/task:0/device:GPU:0,1.0,0.001
45wlCQjqEZ,Const,/job:localhost/replica:0/task:0/device:GPU:0,1.0,0.001
TvfFxUNP59,Const,/job:localhost/replica:0/task:0/device:GPU:0,1.0,0.001
dron2mIBu4,Const,/job:localhost/replica:0/task:0/device:GPU:0,1.0,0.001
nudWavwFCz,Const,/job:localhost/replica:0/task:0/device:GPU:0,1.0,0.001
jAzMwWBDtH,Const,/job:localhost/replica:0/task:0/device:GPU:0,1.0,0.001
k9DdSV4OYc,Const,/job:localhost/replica:0/task:0/device:GPU:0,1.0,0.001
G2luIXb7LN,Const,/job:localhost/replica:0/task:0/device:GPU:0,1.0,0.001
1IzTuoVtfQ,Const,/job:localhost/replica:0/task:0/device:GPU:0,1.0,0.001
4iDSpBdezm,Const,/job:localhost/replica:0/task:0/device:GPU:0,1.0,0.001
d70Pb9GQEw,Const,/job:localhost/replica:0/task:0/device:GPU:0,1.0,0.001
sBEUeRI40l,Const,/job:localhost/replica:0/task:0/device:GPU:0,1.0,0.001
YN49PT3a0O,Const,/job:localhost/replica:0/task:0/device:GPU:0,1.0,0.001
9TBGc1SbEu,Const,/job:localhost/replica:0/task:0/device:GPU:0,1.0,0.001
9K4tVF70lO,Const,/job:localhost/replica:0/task:0/device:GPU:0,1.0,0.001
DbR4T7qIwt,Const,/job:localhost/replica:0/task:0/device:GPU:0,1.0,0.001
zSn4w2ZGPb,Const,/job:localhost/replica:0/task:0/device:GPU:0,1.0,0.001
ljRQ9grNof,Const,/job:localhost/replica:0/task:0/device:GPU:0,1.0,0.001
TVUlLRofWq,Const,/job:localhost/replica:0/task:0/device:GPU:0,1.0,0.001
bk2jJNlCZ7,Const,/job:localhost/replica:0/task:0/device:GPU:0,1.0,0.001
MhSabrPRt6,Const,/job:localhost/replica:0/task:0/device:GPU:0,1.0,0.001
ib2zDUAnVt,Const,/job:localhost/replica:0/task:0/device:GPU:0,1.0,0.001
YbvSdQZTMf,Const,/job:localhost/replica:0/task:0/device:GPU:0,1.0,0.001
VOlL8AI2aN,Const,/job:localhost/replica:0/task:0/device:GPU:0,1.0,0.001
NsDISQ2HwR,Const,/job:localhost/replica:0/task:0/device:GPU:0,1.0,0.001
XqBRS9tb2M,Const,/job:localhost/replica:0/task:0/device:GPU:0,1.0,0.001
R3CPOVxe7u,Const,/job:localhost/replica:0/task:0/device:GPU:0,1.0,0.001
ShkuKpZERG,Const,/job:localhost/replica:0/task:0/device:GPU:0,1.0,0.001
9Wk6QwXxd5,Const,/job:localhost/replica:0/task:0/device:GPU:0,1.0,0.001
OHEDLvGoIR,Const,/job:localhost/replica:0/task:0/device:GPU:0,1.0,0.001
lo2cwUeiA5,Const,/job:localhost/replica:0/task:0/device:GPU:0,1.0,0.001
7j1FnPMz5l,Const,/job:localhost/replica:0/task:0/device:GPU:0,1.0,0.001
ORZU49Mhqr,Const,/job:localhost/replica:0/task:0/device:GPU:0,1.0,0.001
pfILiJznrx,Const,/job:localhost/replica:0/task:0/device:GPU:0,1.0,0.001
tnzBqS6OX8,Const,/job:localhost/replica:0/task:0/device:GPU:0,1.0,0.001
H1vOMQdDEu,Const,/job:localhost/replica:0/task:0/device:GPU:0,1.0,0.001
WvlIkiDJ8V,Const,/job:localhost/replica:0/task:0/device:GPU:0,1.0,0.001
ZFzXqM4mTu,Const,/job:localhost/replica:0/task:0/device:GPU:0,1.0,0.001
mzpMyNkDYW,Const,/job:localhost/replica:0/task:0/device:GPU:0,1.0,0.001
8U5FzZgRJ4,Const,/job:localhost/replica:0/task:0/device:GPU:0,1.0,0.001
E4eAwHPbW0,Const,/job:localhost/replica:0/task:0/device:GPU:0,1.0,0.001
1CUpaS4er6,Const,/job:localhost/replica:0/task:0/device:GPU:0,1.0,0.001
HMcC7YBqbr,Const,/job:localhost/replica:0/task:0/device:GPU:0,1.0,0.001
PayGfY4rX9,Const,/job:localhost/replica:0/task:0/device:GPU:0,1.0,0.001
r310QpPenX,Const,/job:localhost/replica:0/task:0/device:GPU:0,1.0,0.001
w5nFoRPEgQ,Const,/job:localhost/replica:0/task:0/device:GPU:0,1.0,0.001
HhxoJeiGVb,Const,/job:localhost/replica:0/task:0/device:GPU:0,1.0,0.001
T84isteA0w,Const,/job:localhost/replica:0/task:0/device:GPU:0,1.0,0.001
mqr7zAOyeI,Const,/job:localhost/replica:0/task:0/device:GPU:0,1.0,0.001
vl9eQ5InNy,Const,/job:localhost/replica:0/task:0/device:GPU:0,1.0,0.001
KT8nqsCofy,Const,/job:localhost/replica:0/task:0/device:GPU:0,1.0,0.001
pVJymFMXcS,Const,/job:localhost/replica:0/task:0/device:GPU:0,1.0,0.001
3FB5mtMeUc,Const,/job:localhost/replica:0/task:0/device:GPU:0,1.0,0.001
6OEWp5cz03,Const,/job:localhost/replica:0/task:0/device:GPU:0,1.0,0.001
6JKSMrFDdt,Const,/job:localhost/replica:0/task:0/device:GPU:0,1.0,0.001
ITGLupn8v3,Const,/job:localhost/replica:0/task:0/device:GPU:0,1.0,0.001
Ouf5WkjQrw,Const,/job:localhost/replica:0/task:0/device:GPU:0,1.0,0.001
7u9O8oN5jX,Const,/job:localhost/replica:0/task:0/device:GPU:0,1.0,0.001
ACL3avhen7,Const,/job:localhost/replica:0/task:0/device:GPU:0,1.0,0.001
JkGAKaWOEI,Const,/job:localhost/replica:0/task:0/device:GPU:0,1.0,0.001
HZRuhMUaDe,Const,/job:localhost/replica:0/task:0/device:GPU:0,1.0,0.001
Qpya26TXJb,Const,/job:localhost/replica:0/task:0/device:GPU:0,1.0,0.001
HyBU14q9FT,Const,/job:localhost/replica:0/task:0/device:GPU:0,1.0,0.001
1CTsrdNYhK,Const,/job:localhost/replica:0/task:0/device:GPU:0,1.0,0.001
34eBdugHs1,Const,/job:localhost/replica:0/task:0/device:GPU:0,1.0,0.001
aBfhFR1DsO,Const,/job:localhost/replica:0/task:0/device:GPU:0,1.0,0.001
hMOFKlzewI,Const,/job:localhost/replica:0/task:0/device:GPU:0,1.0,0.001
DdNybxuT9C,Const,/job:localhost/replica:0/task:0/device:GPU:0,1.0,0.001
1g9dEVsrMU,Const,/job:localhost/replica:0/task:0/device:GPU:0,1.0,0.001
DFPulVLrI2,Const,/job:localhost/replica:0/task:0/device:GPU:0,1.0,0.001
OGj3T6Ar8q,Const,/job:localhost/replica:0/task:0/device:GPU:0,1.0,0.001
iRTLysGtAV,Const,/job:localhost/replica:0/task:0/device:GPU:0,1.0,0.001
DbZfePMtFS,Const,/job:localhost/replica:0/task:0/device:GPU:0,1.0,0.001
fpoBaWMnO4,Const,/job:localhost/replica:0/task:0/device:GPU:0,1.0,0.001
pjvN0MBJuR,Const,/job:localhost/replica:0/task:0/device:GPU:0,1.0,0.001
RxsP8ZW7NO,Const,/job:localhost/replica:0/task:0/device:GPU:0,1.0,0.001
3zVxChpmbI,Const,/job:localhost/replica:0/task:0/device:GPU:0,1.0,0.001
9hFmvu1zIK,Const,/job:localhost/replica:0/task:0/device:GPU:0,1.0,0.001
Fy7KIfanNS,Const,/job:localhost/replica:0/task:0/device:GPU:0,1.0,0.001
m4Wuv9CUEV,Const,/job:localhost/replica:0/task:0/device:GPU:0,1.0,0.001
z8TrtnoAES,Const,/job:localhost/replica:0/task:0/device:GPU:0,1.0,0.001
4Oirpj9a36,Const,/job:localhost/replica:0/task:0/device:GPU:0,1.0,0.001
hyviIuComr,Const,/job:localhost/replica:0/task:0/device:GPU:0,1.0,0.001
jBxgd4J6hF,Const,/job:localhost/replica:0/task:0/device:GPU:0,1.0,0.001
e9wMKHCGO8,Const,/job:localhost/replica:0/task:0/device:GPU:0,1.0,0.001
bkOmFyrHQl,Const,/job:localhost/replica:0/task:0/device:GPU:0,1.0,0.001
N19tJTzqWQ,Const,/job:localhost/replica:0/task:0/device:GPU:0,1.0,0.001
CGcHDeRoSB,Const,/job:localhost/replica:0/task:0/device:GPU:0,1.0,0.001
FeAZrDL8iP,Const,/job:localhost/replica:0/task:0/device:GPU:0,1.0,0.001
1yOrTku3tv,Const,/job:localhost/replica:0/task:0/device:GPU:0,1.0,0.001
OwMPageXjc,Const,/job:localhost/replica:0/task:0/device:GPU:0,1.0,0.001
eWFO0LrfsR,Const,/job:localhost/replica:0/task:0/device:GPU:0,1.0,0.001
naKQDZYxI7,Const,/job:localhost/replica:0/task:0/device:GPU:0,1.0,0.001
edp3sKlCia,Const,/job:localhost/replica:0/task:0/device:GPU:0,1.0,0.001
hNxOjuTmtq,Const,/job:localhost/replica:0/task:0/device:GPU:0,1.0,0.001
sBG0mablzU,Const,/job:localhost/replica:0/task:0/device:GPU:0,1.0,0.001
Mncr5Ib3dH,Const,/job:localhost/replica:0/task:0/device:GPU:0,1.0,0.001
Sehybcl1pM,Const,/job:localhost/replica:0/task:0/device:GPU:0,1.0,0.001
hsNqlkrFgS,Const,/job:localhost/replica:0/task:0/device:GPU:0,1.0,0.001
ehdUyfKbQT,Const,/job:localhost/replica:0/task:0/device:GPU:0,1.0,0.001
fd905DeCq2,Const,/job:localhost/replica:0/task:0/device:GPU:0,1.0,0.001
5AjnGWhOre,Const,/job:localhost/replica:0/task:0/device:GPU:0,1.0,0.001
EPG7Ssth8r,Const,/job:localhost/replica:0/task:0/device:GPU:0,1.0,0.001
hpNafkBV02,Const,/job:localhost/replica:0/task:0/device:GPU:0,1.0,0.001
9vhs7aN5T8,Const,/job:localhost/replica:0/task:0/device:GPU:0,1.0,0.001
x2UEkDl3vQ,Const,/job:localhost/replica:0/task:0/device:GPU:0,1.0,0.001
BDK6P8ZRaE,Const,/job:localhost/replica:0/task:0/device:GPU:0,1.0,0.001
YhDRc8seWi,Const,/job:localhost/replica:0/task:0/device:GPU:0,1.0,0.001
rJM0NZQlRv,Const,/job:localhost/replica:0/task:0/device:GPU:0,1.0,0.001
laXwzI79sW,Const,/job:localhost/replica:0/task:0/device:GPU:0,1.0,0.001
LOmcU0DNWX,Const,/job:localhost/replica:0/task:0/device:GPU:0,1.0,0.001
gcsu54hCqT,Const,/job:localhost/replica:0/task:0/device:GPU:0,1.0,0.001
MatuFkPvGE,Const,/job:localhost/replica:0/task:0/device:GPU:0,1.0,0.001
ynbVW5N4u7,Const,/job:localhost/replica:0/task:0/device:GPU:0,1.0,0.001
YdV7eXAmDW,Const,/job:localhost/replica:0/task:0/device:GPU:0,1.0,0.001
cKi9TgQkC8,Const,/job:localhost/replica:0/task:0/device:GPU:0,1.0,0.001
06iuLBlbPO,Const,/job:localhost/replica:0/task:0/device:GPU:0,1.0,0.001
FsU3wqQgdm,Const,/job:localhost/replica:0/task:0/device:GPU:0,1.0,0.001
K08UZFlSEx,Const,/job:localhost/replica:0/task:0/device:GPU:0,1.0,0.001
FZX1mN8RgY,Const,/job:localhost/replica:0/task:0/device:GPU:0,1.0,0.001
7v4mbO0gfH,Const,/job:localhost/replica:0/task:0/device:GPU:0,1.0,0.001
qlOURIENxg,Const,/job:localhost/replica:0/task:0/device:GPU:0,1.0,0.001
bAXWx58orU,Const,/job:localhost/replica:0/task:0/device:GPU:0,1.0,0.001
Tpi5BtRneA,Const,/job:localhost/replica:0/task:0/device:GPU:0,1.0,0.001
gJIjDFPofm,Const,/job:localhost/replica:0/task:0/device:GPU:0,1.0,0.001
TCwOW5pZHr,Const,/job:localhost/replica:0/task:0/device:GPU:0,1.0,0.001
Pd6Hwf1I8v,Const,/job:localhost/replica:0/task:0/device:GPU:0,1.0,0.001
Ln5ycrVgCQ,Const,/job:localhost/replica:0/task:0/device:GPU:0,1.0,0.001
2K74Ne5bov,Const,/job:localhost/replica:0/task:0/device:GPU:0,1.0,0.001
270Z8QsGMo,Const,/job:localhost/replica:0/task:0/device:GPU:0,1.0,0.001
bvjUyJpK5D,Const,/job:localhost/replica:0/task:0/device:GPU:0,1.0,0.001
HmEePgS7IQ,Const,/job:localhost/replica:0/task:0/device:GPU:0,1.0,0.001
v8OnIloaAK,Const,/job:localhost/replica:0/task:0/device:GPU:0,1.0,0.001
be0AUgGEPJ,Const,/job:localhost/replica:0/task:0/device:GPU:0,1.0,0.001
XEGw2aKdMi,Const,/job:localhost/replica:0/task:0/device:GPU:0,1.0,0.001
hnxqFsdHLr,Const,/job:localhost/replica:0/task:0/device:GPU:0,1.0,0.001
aoQ0myEF13,Const,/job:localhost/replica:0/task:0/device:GPU:0,1.0,0.001
TgUwViex9y,Const,/job:localhost/replica:0/task:0/device:GPU:0,1.0,0.001
qzihMwuNKE,Const,/job:localhost/replica:0/task:0/device:GPU:0,1.0,0.001
ivx7GRCUeA,Const,/job:localhost/replica:0/task:0/device:GPU:0,1.0,0.001
MQmF9nfqbU,Const,/job:localhost/replica:0/task:0/device:GPU:0,1.0,0.001
mBCMeRQl9K,Const,/job:localhost/replica:0/task:0/device:GPU:0,1.0,0.001
e2ZKBHqXu4,Const,/job:localhost/replica:0/task:0/device:GPU:0,1.0,0.001
2RSiyd5jUv,Const,/job:localhost/replica:0/task:0/device:GPU:0,1.0,0.001
15gyHBb8wV,Const,/job:localhost/replica:0/task:0/device:GPU:0,1.0,0.001
BwIdR4voEm,Const,/job:localhost/replica:0/task:0/device:GPU:0,1.0,0.001
nJauA4kCjH,Const,/job:localhost/replica:0/task:0/device:GPU:0,1.0,0.001
A1SwkeTiXY,Const,/job:localhost/replica:0/task:0/device:GPU:0,1.0,0.001
pvi8X7etAg,Const,/job:localhost/replica:0/task:0/device:GPU:0,1.0,0.001
cu5bhG3MTB,Const,/job:localhost/replica:0/task:0/device:GPU:0,1.0,0.001
xrkV3he75c,Const,/job:localhost/replica:0/task:0/device:GPU:0,1.0,0.001
3D1A6Yc2ty,Const,/job:localhost/replica:0/task:0/device:GPU:0,1.0,0.001
JOqsm3cQZe,Const,/job:localhost/replica:0/task:0/device:GPU:0,1.0,0.001
RMok168EZG,Const,/job:localhost/replica:0/task:0/device:GPU:0,1.0,0.001
Ky2Sdo8Vus,Const,/job:localhost/replica:0/task:0/device:GPU:0,1.0,0.001
f4o7uKcqaD,Const,/job:localhost/replica:0/task:0/device:GPU:0,1.0,0.001
ThePvCj5sn,Const,/job:localhost/replica:0/task:0/device:GPU:0,1.0,0.001
FbAOt0VCRS,Const,/job:localhost/replica:0/task:0/device:GPU:0,1.0,0.001
sFiPH1zuYE,Const,/job:localhost/replica:0/task:0/device:GPU:0,1.0,0.001
9hOP5s0aVW,Const,/job:localhost/replica:0/task:0/device:GPU:0,1.0,0.001
sbHfIWXMym,Const,/job:localhost/replica:0/task:0/device:GPU:0,1.0,0.001
OB9YwX3oeZ,Const,/job:localhost/replica:0/task:0/device:GPU:0,1.0,0.001
ALcU5rq3m2,Const,/job:localhost/replica:0/task:0/device:GPU:0,1.0,0.001
sKc96nwevU,Const,/job:localhost/replica:0/task:0/device:GPU:0,1.0,0.001
mvuhsrfXg0,Const,/job:localhost/replica:0/task:0/device:GPU:0,1.0,0.001
1amqh08f7x,Const,/job:localhost/replica:0/task:0/device:GPU:0,1.0,0.001
8LKNFpSHbM,Const,/job:localhost/replica:0/task:0/device:GPU:0,1.0,0.001
TfKe2alirw,Const,/job:localhost/replica:0/task:0/device:GPU:0,1.0,0.001
TmfuS40vBD,Const,/job:localhost/replica:0/task:0/device:GPU:0,1.0,0.001
QoMY2hKZTV,Const,/job:localhost/replica:0/task:0/device:GPU:0,1.0,0.001
1ErITZCy7o,Const,/job:localhost/replica:0/task:0/device:GPU:0,1.0,0.001
BYFJI9ug5k,Const,/job:localhost/replica:0/task:0/device:GPU:0,1.0,0.001
XhQ8RMFjug,Const,/job:localhost/replica:0/task:0/device:GPU:0,1.0,0.001
IUBt9C48sy,Const,/job:localhost/replica:0/task:0/device:GPU:0,1.0,0.001
MOkhUuBAQ5,Const,/job:localhost/replica:0/task:0/device:GPU:0,1.0,0.001
P1J6M0NvLf,Const,/job:localhost/replica:0/task:0/device:GPU:0,1.0,0.001
o3E1k0rKQw,Const,/job:localhost/replica:0/task:0/device:GPU:0,1.0,0.001
IFaXDRigkL,Const,/job:localhost/replica:0/task:0/device:GPU:0,1.0,0.001
qWbe0yOQpn,Const,/job:localhost/replica:0/task:0/device:GPU:0,1.0,0.001
A4ajb1HdqL,Const,/job:localhost/replica:0/task:0/device:GPU:0,1.0,0.001
XTNkfKasEv,Const,/job:localhost/replica:0/task:0/device:GPU:0,1.0,0.001
MilYbwGIsp,Const,/job:localhost/replica:0/task:0/device:GPU:0,1.0,0.001
2kHOTgx1aW,Const,/job:localhost/replica:0/task:0/device:GPU:0,1.0,0.001
jgyxCo4RSP,Const,/job:localhost/replica:0/task:0/device:GPU:0,1.0,0.001
oTlp72bWGf,Const,/job:localhost/replica:0/task:0/device:GPU:0,1.0,0.001
NYJj4FVP8B,Const,/job:localhost/replica:0/task:0/device:GPU:0,1.0,0.001
lPNdcn97gK,Const,/job:localhost/replica:0/task:0/device:GPU:0,1.0,0.001
WA6x3vNOqz,Const,/job:localhost/replica:0/task:0/device:GPU:0,1.0,0.001
uUpieAvTm2,Const,/job:localhost/replica:0/task:0/device:GPU:0,1.0,0.001
rKli6d1WO5,Const,/job:localhost/replica:0/task:0/device:GPU:0,1.0,0.001
GSOaub6vHg,Const,/job:localhost/replica:0/task:0/device:GPU:0,1.0,0.001
yZ1UnOz7jB,Const,/job:localhost/replica:0/task:0/device:GPU:0,1.0,0.001
SwHbV5WlhZ,Const,/job:localhost/replica:0/task:0/device:GPU:0,1.0,0.001
5F8hlrHu32,Const,/job:localhost/replica:0/task:0/device:GPU:0,1.0,0.001
luKTovwxYH,Const,/job:localhost/replica:0/task:0/device:GPU:0,1.0,0.001
h2TwWVY0ES,Const,/job:localhost/replica:0/task:0/device:GPU:0,1.0,0.001
6gC4NWqIoO,Const,/job:localhost/replica:0/task:0/device:GPU:0,1.0,0.001
UN5VZIqDGn,Const,/job:localhost/replica:0/task:0/device:GPU:0,1.0,0.001
lv3wJT2eui,Const,/job:localhost/replica:0/task:0/device:GPU:0,1.0,0.001
DATVj9orI6,Const,/job:localhost/replica:0/task:0/device:GPU:0,1.0,0.001
fS2HJaRzIV,Const,/job:localhost/replica:0/task:0/device:GPU:0,1.0,0.001
rqBuyMJaDO,Const,/job:localhost/replica:0/task:0/device:GPU:0,1.0,0.001
KoHaruUGiX,Const,/job:localhost/replica:0/task:0/device:GPU:0,1.0,0.001
qxGbO2Bf5r,Const,/job:localhost/replica:0/task:0/device:GPU:0,1.0,0.001
zgDCmeyRU9,Const,/job:localhost/replica:0/task:0/device:GPU:0,1.0,0.001
OWG2jCYaKB,Const,/job:localhost/replica:0/task:0/device:GPU:0,1.0,0.001
Q3V8kh9Uwm,Const,/job:localhost/replica:0/task:0/device:GPU:0,1.0,0.001
9BETZjb7CL,Const,/job:localhost/replica:0/task:0/device:GPU:0,1.0,0.001
YVHFjot8WA,Const,/job:localhost/replica:0/task:0/device:GPU:0,1.0,0.001
z20DbOuiAG,Const,/job:localhost/replica:0/task:0/device:GPU:0,1.0,0.001
75orCS9kED,Const,/job:localhost/replica:0/task:0/device:GPU:0,1.0,0.001
p8oYs5JINM,Const,/job:localhost/replica:0/task:0/device:GPU:0,1.0,0.001
GaH6POKleq,Const,/job:localhost/replica:0/task:0/device:GPU:0,1.0,0.001
tTolWr4ckJ,Const,/job:localhost/replica:0/task:0/device:GPU:0,1.0,0.001
YondVK2D3u,Const,/job:localhost/replica:0/task:0/device:GPU:0,1.0,0.001
B8QwDs5M1U,Const,/job:localhost/replica:0/task:0/device:GPU:0,1.0,0.001
SzEFKsuW78,Const,/job:localhost/replica:0/task:0/device:GPU:0,1.0,0.001
qiZuzBhI6C,Const,/job:localhost/replica:0/task:0/device:GPU:0,1.0,0.001
4G0NcSi67W,Const,/job:localhost/replica:0/task:0/device:GPU:0,1.0,0.001
HWp2i5ebOx,Const,/job:localhost/replica:0/task:0/device:GPU:0,1.0,0.001
QUcHd6gT0i,Const,/job:localhost/replica:0/task:0/device:GPU:0,1.0,0.001
Zub7xVF5tN,Const,/job:localhost/replica:0/task:0/device:GPU:0,1.0,0.001
6xiV9aPHht,Const,/job:localhost/replica:0/task:0/device:GPU:0,1.0,0.001
Q4wn1eg53m,Const,/job:localhost/replica:0/task:0/device:GPU:0,1.0,0.001
nN3pGvLdao,Const,/job:localhost/replica:0/task:0/device:GPU:0,1.0,0.001
9l5rY0GKsN,Const,/job:localhost/replica:0/task:0/device:GPU:0,1.0,0.001
RfV2lop7xY,Const,/job:localhost/replica:0/task:0/device:GPU:0,1.0,0.001
biFW0G5yzm,Const,/job:localhost/replica:0/task:0/device:GPU:0,1.0,0.001
ZiCa4xsKvk,Const,/job:localhost/replica:0/task:0/device:GPU:0,1.0,0.001
0DaNpqnWCo,Const,/job:localhost/replica:0/task:0/device:GPU:0,1.0,0.001
ZShbN7OnBf,Const,/job:localhost/replica:0/task:0/device:GPU:0,1.0,0.001
UKPhuJISBX,Const,/job:localhost/replica:0/task:0/device:GPU:0,1.0,0.001
mecpKBvjGs,Const,/job:localhost/replica:0/task:0/device:GPU:0,1.0,0.001
4ZLgiH2j1J,Const,/job:localhost/replica:0/task:0/device:GPU:0,1.0,0.001
2qklcvONLM,Const,/job:localhost/replica:0/task:0/device:GPU:0,1.0,0.001
xB5KqPdLN2,Const,/job:localhost/replica:0/task:0/device:GPU:0,1.0,0.001
v9sqdYGKPx,Const,/job:localhost/replica:0/task:0/device:GPU:0,1.0,0.001
7k8t0ehfQj,Const,/job:localhost/replica:0/task:0/device:GPU:0,1.0,0.001
V3FkaHvIZp,Const,/job:localhost/replica:0/task:0/device:GPU:0,1.0,0.001
polERn1DY0,Const,/job:localhost/replica:0/task:0/device:GPU:0,1.0,0.001
OJVfSTl5vr,Const,/job:localhost/replica:0/task:0/device:GPU:0,1.0,0.001
dztKAYxH0w,Const,/job:localhost/replica:0/task:0/device:GPU:0,1.0,0.001
KLo5TjxDB1,Const,/job:localhost/replica:0/task:0/device:GPU:0,1.0,0.001
rXF0KOM76A,Const,/job:localhost/replica:0/task:0/device:GPU:0,1.0,0.001
pZko1PAiHE,Const,/job:localhost/replica:0/task:0/device:GPU:0,1.0,0.001
JdHK5VWu12,Const,/job:localhost/replica:0/task:0/device:GPU:0,1.0,0.001
vbf2zjBmSG,Const,/job:localhost/replica:0/task:0/device:GPU:0,1.0,0.001
LKY1Rcflb0,Const,/job:localhost/replica:0/task:0/device:GPU:0,1.0,0.001
uLaw3xM9On,Const,/job:localhost/replica:0/task:0/device:GPU:0,1.0,0.001
TliUwPOqgn,Const,/job:localhost/replica:0/task:0/device:GPU:0,1.0,0.001
QHkw83JFUN,Const,/job:localhost/replica:0/task:0/device:GPU:0,1.0,0.001
Roqkne5FdU,Const,/job:localhost/replica:0/task:0/device:GPU:0,1.0,0.001
hcRo0ZI1rz,Const,/job:localhost/replica:0/task:0/device:GPU:0,1.0,0.001
2MatwVx07z,Const,/job:localhost/replica:0/task:0/device:GPU:0,1.0,0.001
IU1wNYhmrb,Const,/job:localhost/replica:0/task:0/device:GPU:0,1.0,0.001
pPhvEbzm2F,Const,/job:localhost/replica:0/task:0/device:GPU:0,1.0,0.001
zru7GpAPUg,Const,/job:localhost/replica:0/task:0/device:GPU:0,1.0,0.001
CmtwPT2Nrk,Const,/job:localhost/replica:0/task:0/device:GPU:0,1.0,0.001
QTWbsYtL1E,Const,/job:localhost/replica:0/task:0/device:GPU:0,1.0,0.001
Ttq1KpQbeu,Const,/job:localhost/replica:0/task:0/device:GPU:0,1.0,0.001
uHLqp4bmF8,Const,/job:localhost/replica:0/task:0/device:GPU:0,1.0,0.001
6J2FVcobkt,Const,/job:localhost/replica:0/task:0/device:GPU:0,1.0,0.001
YHsrgmky4p,Const,/job:localhost/replica:0/task:0/device:GPU:0,1.0,0.001
Uj5c4l7KBk,Const,/job:localhost/replica:0/task:0/device:GPU:0,1.0,0.001
bOK2iCXWzG,Const,/job:localhost/replica:0/task:0/device:GPU:0,1.0,0.001
pgbWLtYcXE,Const,/job:localhost/replica:0/task:0/device:GPU:0,1.0,0.001
usJv5MLF1A,Const,/job:localhost/replica:0/task:0/device:GPU:0,1.0,0.001
bveN2TiSxg,Const,/job:localhost/replica:0/task:0/device:GPU:0,1.0,0.001
qMuhgE20IP,Const,/job:localhost/replica:0/task:0/device:GPU:0,1.0,0.001
iaYd1Jjv3N,Const,/job:localhost/replica:0/task:0/device:GPU:0,1.0,0.001
jmznY3VpNu,Const,/job:localhost/replica:0/task:0/device:GPU:0,1.0,0.001
CSa4oQ1BIP,Const,/job:localhost/replica:0/task:0/device:GPU:0,1.0,0.001
Rm1AkIjW2t,Const,/job:localhost/replica:0/task:0/device:GPU:0,1.0,0.001
A8pF1LKU7Q,Const,/job:localhost/replica:0/task:0/device:GPU:0,1.0,0.001
8VFfqPa9Ah,Const,/job:localhost/replica:0/task:0/device:GPU:0,1.0,0.001
FeHf8O2ZtK,Const,/job:localhost/replica:0/task:0/device:GPU:0,1.0,0.001
luLNtIJMoE,Const,/job:localhost/replica:0/task:0/device:GPU:0,1.0,0.001
9O8TazQcHp,Const,/job:localhost/replica:0/task:0/device:GPU:0,1.0,0.001
pejJ5qmhGL,Const,/job:localhost/replica:0/task:0/device:GPU:0,1.0,0.001
FpEezbQAHK,Const,/job:localhost/replica:0/task:0/device:GPU:0,1.0,0.001
ln86tb5NMh,Const,/job:localhost/replica:0/task:0/device:GPU:0,1.0,0.001
1zdsetHw4Y,Const,/job:localhost/replica:0/task:0/device:GPU:0,1.0,0.001
oAwQX40jci,Const,/job:localhost/replica:0/task:0/device:GPU:0,1.0,0.001
ZWMQGiUze6,Const,/job:localhost/replica:0/task:0/device:GPU:0,1.0,0.001
Wbr7FGZVX0,Const,/job:localhost/replica:0/task:0/device:GPU:0,1.0,0.001
2z5XBbyi64,Const,/job:localhost/replica:0/task:0/device:GPU:0,1.0,0.001
2DJuV8EFYx,Const,/job:localhost/replica:0/task:0/device:GPU:0,1.0,0.001
J39Kd8i75k,Const,/job:localhost/replica:0/task:0/device:GPU:0,1.0,0.001
SqdugcHaIo,Const,/job:localhost/replica:0/task:0/device:GPU:0,1.0,0.001
9OUSb4NKid,Const,/job:localhost/replica:0/task:0/device:GPU:0,1.0,0.001
uelNUimdzt,Const,/job:localhost/replica:0/task:0/device:GPU:0,1.0,0.001
vsNF0UjB4A,Const,/job:localhost/replica:0/task:0/device:GPU:0,1.0,0.001
TjXzk3aE5s,Const,/job:localhost/replica:0/task:0/device:GPU:0,1.0,0.001
J9NYalHW4f,Const,/job:localhost/replica:0/task:0/device:GPU:0,1.0,0.001
YhadbJNWEF,Reshape,/job:localhost/replica:0/task:0/device:GPU:0,1.0,0.001
kyPetGuWBd,Shape,/job:localhost/replica:0/task:0/device:GPU:0,1.0,0.001
fvm0l52hCQ,Reshape,/job:localhost/replica:0/task:0/device:GPU:0,1.0,0.001
q0Oreo3QzZ,StopGradient,/job:localhost/replica:0/task:0/device:GPU:0,1.0,0.001
W36EmczHqL,Shape,/job:localhost/replica:0/task:0/device:GPU:0,1.0,0.001
U3hiW5MbZF,Reshape,/job:localhost/replica:0/task:0/device:GPU:0,1.0,0.001
7B3Gqeug6S,Reshape,/job:localhost/replica:0/task:0/device:GPU:0,1.0,0.001
FBTzyZw7Nf,Reshape,/job:localhost/replica:0/task:0/device:GPU:0,1.0,0.001
LWQ8bYn1J2,Reshape,/job:localhost/replica:0/task:0/device:GPU:0,1.0,0.001
BmRY8g5urI,Reshape,/job:localhost/replica:0/task:0/device:GPU:0,1.0,0.001
bO8f3hBWyP,Reshape,/job:localhost/replica:0/task:0/device:GPU:0,1.0,0.001
GSTbsni7gk,Reshape,/job:localhost/replica:0/task:0/device:GPU:0,1.0,0.001
TEQ2k74t0s,Squeeze,/job:localhost/replica:0/task:0/device:GPU:0,1.0,0.001
0sd7OXDbEI,Reshape,/job:localhost/replica:0/task:0/device:GPU:0,1.0,0.001
gWFQrtIkdZ,Squeeze,/job:localhost/replica:0/task:0/device:GPU:0,1.0,0.001
n7s0Ik19r2,ExpandDims,/job:localhost/replica:0/task:0/device:GPU:0,1.0,0.001
UrCPpNlSem,Reshape,/job:localhost/replica:0/task:0/device:GPU:0,1.0,0.001
I8xC25G9O7,Reshape,/job:localhost/replica:0/task:0/device:GPU:0,1.0,0.001
kjcXbg42I3,Reshape,/job:localhost/replica:0/task:0/device:GPU:0,1.0,0.001
REyiTNQmtk,ExpandDims,/job:localhost/replica:0/task:0/device:GPU:0,1.0,0.001
sa4QFk3yVB,Reshape,/job:localhost/replica:0/task:0/device:GPU:0,1.0,0.001
YG3puXR2f6,ExpandDims,/job:localhost/replica:0/task:0/device:GPU:0,1.0,0.001
DK2iXUmCLJ,Reshape,/job:localhost/replica:0/task:0/device:GPU:0,1.0,0.001
cDAfvC4W8M,Reshape,/job:localhost/replica:0/task:0/device:GPU:0,1.0,0.001
XQ6q39zY7K,ExpandDims,/job:localhost/replica:0/task:0/device:GPU:0,1.0,0.001
qhjzD5vtmw,Reshape,/job:localhost/replica:0/task:0/device:GPU:0,1.0,0.001
KD9UP2zkQ5,Reshape,/job:localhost/replica:0/task:0/device:GPU:0,1.0,0.001
6LoJeWzrc5,Shape,/job:localhost/replica:0/task:0/device:GPU:0,1.0,0.001
pPsqcY6du5,ExpandDims,/job:localhost/replica:0/task:0/device:GPU:0,1.0,0.001
OTvIK6YDhf,Transpose,/job:localhost/replica:0/task:0/device:GPU:0,1.0,0.001
DvF0J6TS3y,StopGradient,/job:localhost/replica:0/task:0/device:GPU:0,1.0,0.001
WZpcOqKbES,Reshape,/job:localhost/replica:0/task:0/device:GPU:0,1.0,0.001
m1ieoyREaF,Reshape,/job:localhost/replica:0/task:0/device:GPU:0,1.0,0.001
OS0KoYtTZ8,Reshape,/job:localhost/replica:0/task:0/device:GPU:0,1.0,0.001
hp39vqM2j6,ExpandDims,/job:localhost/replica:0/task:0/device:GPU:0,1.0,0.001
YKWBUmbDsG,Reshape,/job:localhost/replica:0/task:0/device:GPU:0,1.0,0.001
uEKOj9qn2D,StopGradient,/job:localhost/replica:0/task:0/device:GPU:0,1.0,0.001
QzGSWLjaI9,StopGradient,/job:localhost/replica:0/task:0/device:GPU:0,1.0,0.001
LkysiFOBXI,StopGradient,/job:localhost/replica:0/task:0/device:GPU:0,1.0,0.001
kciNRenZb6,StopGradient,/job:localhost/replica:0/task:0/device:GPU:0,1.0,0.001
VQpC4zvdWy,Tile,/job:localhost/replica:0/task:0/device:GPU:0,1.0,0.001
S56ymborMG,Tile,/job:localhost/replica:0/task:0/device:GPU:0,1.0,0.001
ALwe6ZUaXN,Tile,/job:localhost/replica:0/task:0/device:GPU:0,1.0,0.001
64En5ROD0o,Tile,/job:localhost/replica:0/task:0/device:GPU:0,1.0,0.001
DsFmp5Lawz,Tile,/job:localhost/replica:0/task:0/device:GPU:0,1.0,0.001
At6yqFTIS8,Tile,/job:localhost/replica:0/task:0/device:GPU:0,1.0,0.001
dnOZFbCrMm,Tile,/job:localhost/replica:0/task:0/device:GPU:0,1.0,0.001
oqsKJ1S8hQ,Tile,/job:localhost/replica:0/task:0/device:GPU:0,1.0,0.001
wXSVPTqh5K,Tile,/job:localhost/replica:0/task:0/device:GPU:0,1.0,0.001
PbldYoISJi,Tile,/job:localhost/replica:0/task:0/device:GPU:0,1.0,0.001
TO6PqCi9Iu,StopGradient,/job:localhost/replica:0/task:0/device:GPU:0,1.0,0.001
kXuCrE4jJc,StopGradient,/job:localhost/replica:0/task:0/device:GPU:0,1.0,0.001
LJSE4zoObw,Reshape,/job:localhost/replica:0/task:0/device:GPU:0,1.0,0.001
yLNsv6Z30b,Reshape,/job:localhost/replica:0/task:0/device:GPU:0,1.0,0.001
IJ4vXH1CcW,Reshape,/job:localhost/replica:0/task:0/device:GPU:0,1.0,0.001
r2dqJ6gnPz,Reshape,/job:localhost/replica:0/task:0/device:GPU:0,1.0,0.001
uy2U8EpcfM,Reshape,/job:localhost/replica:0/task:0/device:GPU:0,1.0,0.001
wnBpHL6JyP,Reshape,/job:localhost/replica:0/task:0/device:GPU:0,1.0,0.001
0ibAyrg6T3,Reshape,/job:localhost/replica:0/task:0/device:GPU:0,1.0,0.001
LirdvUOWHe,Reshape,/job:localhost/replica:0/task:0/device:GPU:0,1.0,0.001
ljAybR9MSp,Reshape,/job:localhost/replica:0/task:0/device:GPU:0,1.0,0.001
ftwBEbO7u8,Reshape,/job:localhost/replica:0/task:0/device:GPU:0,1.0,0.001
uD0niIYba2,Reshape,/job:localhost/replica:0/task:0/device:GPU:0,1.0,0.001
AZE0RBJ9LI,Reshape,/job:localhost/replica:0/task:0/device:GPU:0,1.0,0.001
8mHi5NLc7P,Prod,/job:localhost/replica:0/task:0/device:GPU:0,1.0,0.001
uSDRXCmGb0,Prod,/job:localhost/replica:0/task:0/device:GPU:0,1.0,0.001
Tgz65YhyJj,Prod,/job:localhost/replica:0/task:0/device:GPU:0,1.0,0.001
rnd89bew7T,Reshape,/job:localhost/replica:0/task:0/device:GPU:0,1.0,0.001
v5dg2cO1Ai,Reshape,/job:localhost/replica:0/task:0/device:GPU:0,1.0,0.001
zgG3m5jdDc,Reshape,/job:localhost/replica:0/task:0/device:GPU:0,1.0,0.001
L6XxDiYnpC,Identity,/job:localhost/replica:0/task:0/device:GPU:0,1.0,0.001
JuD7pa4HEW,StopGradient,/job:localhost/replica:0/task:0/device:GPU:0,1.0,0.001
p1TncvgHis,Reshape,/job:localhost/replica:0/task:0/device:GPU:0,1.0,0.001
KsE3ta4GFJ,Shape,/job:localhost/replica:0/task:0/device:GPU:0,1.0,0.001
y13V9C4ce2,Reshape,/job:localhost/replica:0/task:0/device:GPU:0,1.0,0.001
qJSNpGQ0DK,Shape,/job:localhost/replica:0/task:0/device:GPU:0,1.0,0.001
S0GLVcWoUQ,Reshape,/job:localhost/replica:0/task:0/device:GPU:0,1.0,0.001
3tW7gCPGV2,Reshape,/job:localhost/replica:0/task:0/device:GPU:0,1.0,0.001
VbZHswtUNQ,StopGradient,/job:localhost/replica:0/task:0/device:GPU:0,1.0,0.001
TuhraQ8Ozt,Reshape,/job:localhost/replica:0/task:0/device:GPU:0,1.0,0.001
CwZhB4eoRM,Reshape,/job:localhost/replica:0/task:0/device:GPU:0,1.0,0.001
w4WE5CRbY3,Reshape,/job:localhost/replica:0/task:0/device:GPU:0,1.0,0.001
MmFT2cZH6p,Reshape,/job:localhost/replica:0/task:0/device:GPU:0,1.0,0.001
FEiOsgjL0u,Reshape,/job:localhost/replica:0/task:0/device:GPU:0,1.0,0.001
2kO4QZh6AJ,Reshape,/job:localhost/replica:0/task:0/device:GPU:0,1.0,0.001
jDbRyiAlH3,Reshape,/job:localhost/replica:0/task:0/device:GPU:0,1.0,0.001
iZxpXTNLer,Reshape,/job:localhost/replica:0/task:0/device:GPU:0,1.0,0.001
iVf0wRsXDd,Shape,/job:localhost/replica:0/task:0/device:GPU:0,1.0,0.001
FfuOXC8Pvk,Reshape,/job:localhost/replica:0/task:0/device:GPU:0,1.0,0.001
sZlJk8tRUL,Shape,/job:localhost/replica:0/task:0/device:GPU:0,1.0,0.001
ohpbUDdexf,Shape,/job:localhost/replica:0/task:0/device:GPU:0,1.0,0.001
tsWjO4A5hx,Reshape,/job:localhost/replica:0/task:0/device:GPU:0,1.0,0.001
jmT3GOsvEI,Reshape,/job:localhost/replica:0/task:0/device:GPU:0,1.0,0.001
zKcwsfAVHt,Reshape,/job:localhost/replica:0/task:0/device:GPU:0,1.0,0.001
iw3puaAfRd,Reshape,/job:localhost/replica:0/task:0/device:GPU:0,1.0,0.001
dWy6PYcgTA,Reshape,/job:localhost/replica:0/task:0/device:GPU:0,1.0,0.001
Q4EKB5NTyh,Reshape,/job:localhost/replica:0/task:0/device:GPU:0,1.0,0.001
ORwMz9ExvA,Reshape,/job:localhost/replica:0/task:0/device:GPU:0,1.0,0.001
pcWRaVyGif,Reshape,/job:localhost/replica:0/task:0/device:GPU:0,1.0,0.001
5ycJQkXjCB,Reshape,/job:localhost/replica:0/task:0/device:GPU:0,1.0,0.001
pFxawCf46t,Reshape,/job:localhost/replica:0/task:0/device:GPU:0,1.0,0.001
Xma9qSTcNp,Shape,/job:localhost/replica:0/task:0/device:GPU:0,1.0,0.001
nPgdm5r4yD,Reshape,/job:localhost/replica:0/task:0/device:GPU:0,1.0,0.001
3Z7oSelKQx,Reshape,/job:localhost/replica:0/task:0/device:GPU:0,1.0,0.001
SxGQTbEhPD,Reshape,/job:localhost/replica:0/task:0/device:GPU:0,1.0,0.001
LGafbxDvcZ,Shape,/job:localhost/replica:0/task:0/device:GPU:0,1.0,0.001
GSmt4xJXkq,Reshape,/job:localhost/replica:0/task:0/device:GPU:0,1.0,0.001
GzgcFSyQmq,Reshape,/job:localhost/replica:0/task:0/device:GPU:0,1.0,0.001
Fd1R3ug70P,Shape,/job:localhost/replica:0/task:0/device:GPU:0,1.0,0.001
lswn8uVvtQ,Reshape,/job:localhost/replica:0/task:0/device:GPU:0,1.0,0.001
V6O7HjBGSf,Reshape,/job:localhost/replica:0/task:0/device:GPU:0,1.0,0.001
zVb2kj5qGB,Pack,/job:localhost/replica:0/task:0/device:GPU:0,1.0,0.001
xoSqP4DVUa,Reshape,/job:localhost/replica:0/task:0/device:GPU:0,1.0,0.001
VkqbHaviZu,Pack,/job:localhost/replica:0/task:0/device:GPU:0,1.0,0.001
EZ9MBj7SOa,Pack,/job:localhost/replica:0/task:0/device:GPU:0,1.0,0.001
BWIEpqTm8y,Reshape,/job:localhost/replica:0/task:0/device:GPU:0,1.0,0.001
HLm9eGpi7M,Reshape,/job:localhost/replica:0/task:0/device:GPU:0,1.0,0.001
jxzQbS80Gp,Reshape,/job:localhost/replica:0/task:0/device:GPU:0,1.0,0.001
TJgwdX1AbD,Reshape,/job:localhost/replica:0/task:0/device:GPU:0,1.0,0.001
yeKxVX7AOz,Reshape,/job:localhost/replica:0/task:0/device:GPU:0,1.0,0.001
johqkXDdYN,Reshape,/job:localhost/replica:0/task:0/device:GPU:0,1.0,0.001
Xu4jFNHaEM,Reshape,/job:localhost/replica:0/task:0/device:GPU:0,1.0,0.001
kdqasJS5Fi,StopGradient,/job:localhost/replica:0/task:0/device:GPU:0,1.0,0.001
7b4E3h1j2e,StopGradient,/job:localhost/replica:0/task:0/device:GPU:0,1.0,0.001
9VBJonfdZY,StopGradient,/job:localhost/replica:0/task:0/device:GPU:0,1.0,0.001
ZVUns8Dkvg,StopGradient,/job:localhost/replica:0/task:0/device:GPU:0,1.0,0.001
WHwsEQjdlp,Reshape,/job:localhost/replica:0/task:0/device:GPU:0,1.0,0.001
A5cuNoTtXj,StopGradient,/job:localhost/replica:0/task:0/device:GPU:0,1.0,0.001
B95MFCo4nr,StopGradient,/job:localhost/replica:0/task:0/device:GPU:0,1.0,0.001
YO7LKP8CxI,Reshape,/job:localhost/replica:0/task:0/device:GPU:0,1.0,0.001
Dy3Yzt2ahI,Reshape,/job:localhost/replica:0/task:0/device:GPU:0,1.0,0.001
iKLPg4NXjs,StopGradient,/job:localhost/replica:0/task:0/device:GPU:0,1.0,0.001
TZMBGrqKsA,StopGradient,/job:localhost/replica:0/task:0/device:GPU:0,1.0,0.001
fqrRxJNeg2,Reshape,/job:localhost/replica:0/task:0/device:GPU:0,1.0,0.001
VeMuNFEB9y,Reshape,/job:localhost/replica:0/task:0/device:GPU:0,1.0,0.001
5M1VCNO37U,Reshape,/job:localhost/replica:0/task:0/device:GPU:0,1.0,0.001
GqdYWKAy4h,Reshape,/job:localhost/replica:0/task:0/device:GPU:0,1.0,0.001
qvMzcnH3NG,Reshape,/job:localhost/replica:0/task:0/device:GPU:0,1.0,0.001
QfagvnCZ4B,Reshape,/job:localhost/replica:0/task:0/device:GPU:0,1.0,0.001
gRvNF86Jck,Reshape,/job:localhost/replica:0/task:0/device:GPU:0,1.0,0.001
Nb0icfnzoH,Reshape,/job:localhost/replica:0/task:0/device:GPU:0,1.0,0.001
I7Nt5oubE8,Reshape,/job:localhost/replica:0/task:0/device:GPU:0,1.0,0.001
DfjKxJR0zt,StopGradient,/job:localhost/replica:0/task:0/device:GPU:0,1.0,0.001
gkAlwxE8CI,Reshape,/job:localhost/replica:0/task:0/device:GPU:0,1.0,0.001
XO74gB9qC8,Reshape,/job:localhost/replica:0/task:0/device:GPU:0,1.0,0.001
1JxMrGyeLD,Reshape,/job:localhost/replica:0/task:0/device:GPU:0,1.0,0.001
59bDlZMVWf,StopGradient,/job:localhost/replica:0/task:0/device:GPU:0,1.0,0.001
qk6gOyDTo7,Reshape,/job:localhost/replica:0/task:0/device:GPU:0,1.0,0.001
CSeJIFRHu8,Reshape,/job:localhost/replica:0/task:0/device:GPU:0,1.0,0.001
Gi5oPkju6N,Reshape,/job:localhost/replica:0/task:0/device:GPU:0,1.0,0.001
CtEQO4FoHP,Reshape,/job:localhost/replica:0/task:0/device:GPU:0,1.0,0.001
NRn4Sev2HP,Reshape,/job:localhost/replica:0/task:0/device:GPU:0,1.0,0.001
Za2wPcxUpo,StopGradient,/job:localhost/replica:0/task:0/device:GPU:0,1.0,0.001
uhlOjKzpQA,Reshape,/job:localhost/replica:0/task:0/device:GPU:0,1.0,0.001
cGWqga7NSD,Reshape,/job:localhost/replica:0/task:0/device:GPU:0,1.0,0.001
Nr2AUcGIw5,Reshape,/job:localhost/replica:0/task:0/device:GPU:0,1.0,0.001
qADu1KGa7v,Reshape,/job:localhost/replica:0/task:0/device:GPU:0,1.0,0.001
QEbCsz80U1,Reshape,/job:localhost/replica:0/task:0/device:GPU:0,1.0,0.001
PfWXTh98gi,StopGradient,/job:localhost/replica:0/task:0/device:GPU:0,1.0,0.001
orANgD5dle,Reshape,/job:localhost/replica:0/task:0/device:GPU:0,1.0,0.001
nBohtz06s1,Reshape,/job:localhost/replica:0/task:0/device:GPU:0,1.0,0.001
sJ6lRA4aEY,Reshape,/job:localhost/replica:0/task:0/device:GPU:0,1.0,0.001
DLG4MI523e,Reshape,/job:localhost/replica:0/task:0/device:GPU:0,1.0,0.001
eO521aMJgR,StopGradient,/job:localhost/replica:0/task:0/device:GPU:0,1.0,0.001
58UWyQ3Hh1,ExpandDims,/job:localhost/replica:0/task:0/device:GPU:0,1.0,0.001
KLqajmEtAV,ExpandDims,/job:localhost/replica:0/task:0/device:GPU:0,1.0,0.001
Qa0Zi4CNVj,ExpandDims,/job:localhost/replica:0/task:0/device:GPU:0,1.0,0.001
cYFIJf3qWM,ExpandDims,/job:localhost/replica:0/task:0/device:GPU:0,1.0,0.001
pbWz7SFOEo,ExpandDims,/job:localhost/replica:0/task:0/device:GPU:0,1.0,0.001
5oOaN82G6D,ExpandDims,/job:localhost/replica:0/task:0/device:GPU:0,1.0,0.001
kWlyNXhHfI,ExpandDims,/job:localhost/replica:0/task:0/device:GPU:0,1.0,0.001
zdGMUZSOXo,ExpandDims,/job:localhost/replica:0/task:0/device:GPU:0,1.0,0.001
NVOTBx8aUA,ExpandDims,/job:localhost/replica:0/task:0/device:GPU:0,1.0,0.001
TMK84gDlyU,ExpandDims,/job:localhost/replica:0/task:0/device:GPU:0,1.0,0.001
jPJDZuyWlm,ExpandDims,/job:localhost/replica:0/task:0/device:GPU:0,1.0,0.001
UxShrZTRsf,Squeeze,/job:localhost/replica:0/task:0/device:GPU:0,1.0,0.001
0ZPWm6xXQu,Prod,/job:localhost/replica:0/task:0/device:GPU:0,1.0,0.001
Yog9pEPLAk,Prod,/job:localhost/replica:0/task:0/device:GPU:0,1.0,0.001
TXzQbAjV8a,Prod,/job:localhost/replica:0/task:0/device:GPU:0,1.0,0.001
SCwJ5HUOQL,Mean,/job:localhost/replica:0/task:0/device:GPU:0,1.0,0.001
r5aTwlWKYR,Prod,/job:localhost/replica:0/task:0/device:GPU:0,1.0,0.001
dCpKXEiszV,Prod,/job:localhost/replica:0/task:0/device:GPU:0,1.0,0.001
ZvKBWze6dC,Prod,/job:localhost/replica:0/task:0/device:GPU:0,1.0,0.001
zZBSFJno2t,Mean,/job:localhost/replica:0/task:0/device:GPU:0,1.0,0.001
Bvx5LNAq1R,Prod,/job:localhost/replica:0/task:0/device:GPU:0,1.0,0.001
lSVZJEKxuz,Prod,/job:localhost/replica:0/task:0/device:GPU:0,1.0,0.001
ukRPXI9nL1,Prod,/job:localhost/replica:0/task:0/device:GPU:0,1.0,0.001
8gu2SM3wKZ,Prod,/job:localhost/replica:0/task:0/device:GPU:0,1.0,0.001
QsK6BRpO8J,Shape,/job:localhost/replica:0/task:0/device:GPU:0,1.0,0.001
9TjE7aINq6,Shape,/job:localhost/replica:0/task:0/device:GPU:0,1.0,0.001
Ym4j3IhASk,Shape,/job:localhost/replica:0/task:0/device:GPU:0,1.0,0.001
Nl53v2Cj9I,Shape,/job:localhost/replica:0/task:0/device:GPU:0,1.0,0.001
FNvax3byeA,Shape,/job:localhost/replica:0/task:0/device:GPU:0,1.0,0.001
0CbX3lwAT9,Shape,/job:localhost/replica:0/task:0/device:GPU:0,1.0,0.001
Ro5Gv3hFJH,StopGradient,/job:localhost/replica:0/task:0/device:GPU:0,1.0,0.001
1ozpqP7GWX,StridedSlice,/job:localhost/replica:0/task:0/device:GPU:0,1.0,0.001
Lj6Dp8oxaK,StridedSlice,/job:localhost/replica:0/task:0/device:GPU:0,1.0,0.001
EaLxgonuyK,Shape,/job:localhost/replica:0/task:0/device:GPU:0,1.0,0.001
6VAIdf7ghi,StridedSlice,/job:localhost/replica:0/task:0/device:GPU:0,1.0,0.001
vA0dXrUHog,StridedSlice,/job:localhost/replica:0/task:0/device:GPU:0,1.0,0.001
eDQyFKvNj4,Shape,/job:localhost/replica:0/task:0/device:GPU:0,1.0,0.001
vUmbKq9Dpa,StridedSlice,/job:localhost/replica:0/task:0/device:GPU:0,1.0,0.001
xkWZDvEHr6,StridedSlice,/job:localhost/replica:0/task:0/device:GPU:0,1.0,0.001
vt8Kunr4GP,StridedSlice,/job:localhost/replica:0/task:0/device:GPU:0,1.0,0.001
RpS9PL5hzZ,Reshape,/job:localhost/replica:0/task:0/device:GPU:0,1.0,0.001
VtuAxfUCh3,Reshape,/job:localhost/replica:0/task:0/device:GPU:0,1.0,0.001
SZtBilsuxW,StridedSlice,/job:localhost/replica:0/task:0/device:GPU:0,1.0,0.001
Yzx13DKkyR,StridedSlice,/job:localhost/replica:0/task:0/device:GPU:0,1.0,0.001
PXfD3tEh2W,StridedSlice,/job:localhost/replica:0/task:0/device:GPU:0,1.0,0.001
ZD4ovfRd75,StridedSlice,/job:localhost/replica:0/task:0/device:GPU:0,1.0,0.001
NGhOpDdRob,Pack,/job:localhost/replica:0/task:0/device:GPU:0,1.0,0.001
PJ1RsT5cyK,Reshape,/job:localhost/replica:0/task:0/device:GPU:0,1.0,0.001
SBAQwU1Km8,Prod,/job:localhost/replica:0/task:0/device:GPU:0,1.0,0.001
vExcUqapbs,Reshape,/job:localhost/replica:0/task:0/device:GPU:0,1.0,0.001
RtcvK9WZhO,Pack,/job:localhost/replica:0/task:0/device:GPU:0,1.0,0.001
r21Vcq7SHQ,Reshape,/job:localhost/replica:0/task:0/device:GPU:0,1.0,0.001
ek7Y8rO4Cf,Prod,/job:localhost/replica:0/task:0/device:GPU:0,1.0,0.001
bqCKlW0Mpi,Reshape,/job:localhost/replica:0/task:0/device:GPU:0,1.0,0.001
qtP2pM6AEL,GatherV2,/job:localhost/replica:0/task:0/device:GPU:0,1.0,0.001
tZlEFN5wJg,Reshape,/job:localhost/replica:0/task:0/device:GPU:0,1.0,0.001
7Rnh4GqOYC,GatherV2,/job:localhost/replica:0/task:0/device:GPU:0,1.0,0.001
7aeTlcqELh,Pack,/job:localhost/replica:0/task:0/device:GPU:0,1.0,0.001
TpnjCOyP8o,Reshape,/job:localhost/replica:0/task:0/device:GPU:0,1.0,0.001
Qt0LMSrGb4,Reshape,/job:localhost/replica:0/task:0/device:GPU:0,1.0,0.001
aesduLtYmP,Prod,/job:localhost/replica:0/task:0/device:GPU:0,1.0,0.001
Al2dU7LmGV,StridedSlice,/job:localhost/replica:0/task:0/device:GPU:0,1.0,0.001
EkNlsWnUxc,Pack,/job:localhost/replica:0/task:0/device:GPU:0,1.0,0.001
GPDf0vXKnB,GatherV2,/job:localhost/replica:0/task:0/device:GPU:0,1.0,0.001
_SOURCE,Unknown,/job:localhost/replica:0/task:0/device:CPU:0,0.0,0.0
_arg_5BjUqW0Ygi_0_145,Placeholder,/job:localhost/replica:0/task:0/device:CPU:0,0.0,0.0
_arg_5HbxnESQGc_0_153,Placeholder,/job:localhost/replica:0/task:0/device:CPU:0,0.0,0.0
_arg_5Qq3rZznOS_0_157,Placeholder,/job:localhost/replica:0/task:0/device:CPU:0,0.0,0.0
_arg_692KYQ7iPj_0_179,Placeholder,/job:localhost/replica:0/task:0/device:CPU:0,0.0,0.0
_arg_5Y9QILKfJb_0_161,Placeholder,/job:localhost/replica:0/task:0/device:CPU:0,0.0,0.0
_arg_5SrVKd0igI_0_159,Placeholder,/job:localhost/replica:0/task:0/device:CPU:0,0.0,0.0
_arg_5cfTgFJyPX_0_165,Placeholder,/job:localhost/replica:0/task:0/device:CPU:0,0.0,0.0
_arg_5CQwe7V2NZ_0_147,Placeholder,/job:localhost/replica:0/task:0/device:CPU:0,0.0,0.0
_arg_5Q78hyLfeo_0_156,Placeholder,/job:localhost/replica:0/task:0/device:CPU:0,0.0,0.0
_arg_5uks6QpGD3_0_170,Placeholder,/job:localhost/replica:0/task:0/device:CPU:0,0.0,0.0
_arg_5BTtFJ6RrO_0_144,Placeholder,/job:localhost/replica:0/task:0/device:CPU:0,0.0,0.0
_arg_6C2xqJbSf3_0_184,Placeholder,/job:localhost/replica:0/task:0/device:CPU:0,0.0,0.0
_arg_6TYWIELcP2_0_189,Placeholder,/job:localhost/replica:0/task:0/device:CPU:0,0.0,0.0
_arg_6qUFwCsSXI_0_196,Placeholder,/job:localhost/replica:0/task:0/device:CPU:0,0.0,0.0
_arg_610S8JdQ3j_0_176,Placeholder,/job:localhost/replica:0/task:0/device:CPU:0,0.0,0.0
_arg_5ilQCqO2jJ_0_168,Placeholder,/job:localhost/replica:0/task:0/device:CPU:0,0.0,0.0
_arg_64BZNqCQX1_0_177,Placeholder,/job:localhost/replica:0/task:0/device:CPU:0,0.0,0.0
_arg_80cGq6iLNF_0_228,Placeholder,/job:localhost/replica:0/task:0/device:CPU:0,0.0,0.0
_arg_89pwy0gWTh_0_236,Placeholder,/job:localhost/replica:0/task:0/device:CPU:0,0.0,0.0
_arg_7Sg3XDLIzy_0_216,Placeholder,/job:localhost/replica:0/task:0/device:CPU:0,0.0,0.0
_arg_81labZPV3y_0_229,Placeholder,/job:localhost/replica:0/task:0/device:CPU:0,0.0,0.0
_arg_70uhxHM92f_0_202,Placeholder,/job:localhost/replica:0/task:0/device:CPU:0,0.0,0.0
_arg_84MURk5F9w_0_230,Placeholder,/job:localhost/replica:0/task:0/device:CPU:0,0.0,0.0
_arg_8JAhgMmGiO_0_240,Placeholder,/job:localhost/replica:0/task:0/device:CPU:0,0.0,0.0
_arg_76RPb8oQj0_0_203,Placeholder,/job:localhost/replica:0/task:0/device:CPU:0,0.0,0.0
_arg_7FYDhRdOWp_0_211,Placeholder,/job:localhost/replica:0/task:0/device:CPU:0,0.0,0.0
_arg_7VURJl85mF_0_218,Placeholder,/job:localhost/replica:0/task:0/device:CPU:0,0.0,0.0
_arg_7ZABSOCMtl_0_219,Placeholder,/job:localhost/replica:0/task:0/device:CPU:0,0.0,0.0
_arg_8VJaGlxUFW_0_248,Placeholder,/job:localhost/replica:0/task:0/device:CPU:0,0.0,0.0
_arg_8imfp7HKDs_0_252,Placeholder,/job:localhost/replica:0/task:0/device:CPU:0,0.0,0.0
_arg_0tqY7OsfJR_0_22,Placeholder,/job:localhost/replica:0/task:0/device:CPU:0,0.0,0.0
_arg_1fLaBisHgQ_0_49,Placeholder,/job:localhost/replica:0/task:0/device:CPU:0,0.0,0.0
_arg_2EYJ78bNVM_0_70,Placeholder,/job:localhost/replica:0/task:0/device:CPU:0,0.0,0.0
_arg_35g9VXcnOU_0_92,Placeholder,/job:localhost/replica:0/task:0/device:CPU:0,0.0,0.0
_arg_36sTOIK2fe_0_95,Placeholder,/job:localhost/replica:0/task:0/device:CPU:0,0.0,0.0
_arg_2vuzSwm5o0_0_86,Placeholder,/job:localhost/replica:0/task:0/device:CPU:0,0.0,0.0
_arg_351z4lTAd7_0_90,Placeholder,/job:localhost/replica:0/task:0/device:CPU:0,0.0,0.0
_arg_1Q0uDcnFEh_0_42,Placeholder,/job:localhost/replica:0/task:0/device:CPU:0,0.0,0.0
_arg_13HuhXcRwz_0_25,Placeholder,/job:localhost/replica:0/task:0/device:CPU:0,0.0,0.0
_arg_1EjZQY3aNg_0_34,Placeholder,/job:localhost/replica:0/task:0/device:CPU:0,0.0,0.0
_arg_2jxpiP7tk1_0_79,Placeholder,/job:localhost/replica:0/task:0/device:CPU:0,0.0,0.0
_arg_1UsBbaYgKj_0_46,Placeholder,/job:localhost/replica:0/task:0/device:CPU:0,0.0,0.0
_arg_0FhUnAzLiT_0_5,Placeholder,/job:localhost/replica:0/task:0/device:CPU:0,0.0,0.0
_arg_29lzCsFVv7_0_67,Placeholder,/job:localhost/replica:0/task:0/device:CPU:0,0.0,0.0
_arg_2pm3CBs7gJ_0_84,Placeholder,/job:localhost/replica:0/task:0/device:CPU:0,0.0,0.0
_arg_1bU8VDaLpk_0_48,Placeholder,/job:localhost/replica:0/task:0/device:CPU:0,0.0,0.0
_arg_056CAE34by_0_1,Placeholder,/job:localhost/replica:0/task:0/device:CPU:0,0.0,0.0
_arg_3MCrYzEqZL_0_103,Placeholder,/job:localhost/replica:0/task:0/device:CPU:0,0.0,0.0
_arg_eLDQYIux5m_0_1159,Placeholder,/job:localhost/replica:0/task:0/device:CPU:0,0.0,0.0
_arg_26wR7ZBv3i_0_64,Placeholder,/job:localhost/replica:0/task:0/device:CPU:0,0.0,0.0
_arg_3Sf61umMPA_0_108,Placeholder,/job:localhost/replica:0/task:0/device:CPU:0,0.0,0.0
_arg_3cQeVszH7G_0_115,Placeholder,/job:localhost/replica:0/task:0/device:CPU:0,0.0,0.0
_arg_27yOcaVMdD_0_65,Placeholder,/job:localhost/replica:0/task:0/device:CPU:0,0.0,0.0
_arg_4EdX23efID_0_123,Placeholder,/job:localhost/replica:0/task:0/device:CPU:0,0.0,0.0
_arg_eLmoIF2Xig_0_1160,Placeholder,/job:localhost/replica:0/task:0/device:CPU:0,0.0,0.0
_arg_eRqboDTpEN_0_1163,Placeholder,/job:localhost/replica:0/task:0/device:CPU:0,0.0,0.0
_arg_gJdprXGPTb_0_1209,Placeholder,/job:localhost/replica:0/task:0/device:CPU:0,0.0,0.0
_arg_eQ8lh1tpGJ_0_1161,Placeholder,/job:localhost/replica:0/task:0/device:CPU:0,0.0,0.0
_arg_edfunT0aw4_0_1169,Placeholder,/job:localhost/replica:0/task:0/device:CPU:0,0.0,0.0
_arg_3UX8PiuhLw_0_110,Placeholder,/job:localhost/replica:0/task:0/device:CPU:0,0.0,0.0
_arg_3k6PEU2cgC_0_117,Placeholder,/job:localhost/replica:0/task:0/device:CPU:0,0.0,0.0
_arg_4PpxjaB3A5_0_125,Placeholder,/job:localhost/replica:0/task:0/device:CPU:0,0.0,0.0
_arg_8j47aZceb9_0_253,Placeholder,/job:localhost/replica:0/task:0/device:CPU:0,0.0,0.0
_arg_emOHgTEiyb_0_1176,Placeholder,/job:localhost/replica:0/task:0/device:CPU:0,0.0,0.0
_arg_fdxCuNpHE5_0_1190,Placeholder,/job:localhost/replica:0/task:0/device:CPU:0,0.0,0.0
_arg_3ru7zlW9Mq_0_118,Placeholder,/job:localhost/replica:0/task:0/device:CPU:0,0.0,0.0
_arg_8uxYqiWBra_0_266,Placeholder,/job:localhost/replica:0/task:0/device:CPU:0,0.0,0.0
_arg_9xJWyRzlwX_0_295,Placeholder,/job:localhost/replica:0/task:0/device:CPU:0,0.0,0.0
_arg_A8blqjUJa5_0_306,Placeholder,/job:localhost/replica:0/task:0/device:CPU:0,0.0,0.0
_arg_AQpKmWyL43_0_313,Placeholder,/job:localhost/replica:0/task:0/device:CPU:0,0.0,0.0
_arg_9xdA3BC6wc_0_296,Placeholder,/job:localhost/replica:0/task:0/device:CPU:0,0.0,0.0
_arg_A0VLOai9PQ_0_300,Placeholder,/job:localhost/replica:0/task:0/device:CPU:0,0.0,0.0
_arg_AlnF1iRef6_0_322,Placeholder,/job:localhost/replica:0/task:0/device:CPU:0,0.0,0.0
_arg_B48PcSZTy1_0_329,Placeholder,/job:localhost/replica:0/task:0/device:CPU:0,0.0,0.0
_arg_BLTYZboFy5_0_337,Placeholder,/job:localhost/replica:0/task:0/device:CPU:0,0.0,0.0
_arg_AXdCbmnq28_0_316,Placeholder,/job:localhost/replica:0/task:0/device:CPU:0,0.0,0.0
_arg_BFxtfSbYZV_0_334,Placeholder,/job:localhost/replica:0/task:0/device:CPU:0,0.0,0.0
_arg_BfKc3EONa5_0_346,Placeholder,/job:localhost/replica:0/task:0/device:CPU:0,0.0,0.0
_arg_CWYSIQHgn7_0_372,Placeholder,/job:localhost/replica:0/task:0/device:CPU:0,0.0,0.0
_arg_BmScfEGRDd_0_353,Placeholder,/job:localhost/replica:0/task:0/device:CPU:0,0.0,0.0
_arg_Cuib0yj3Z7_0_380,Placeholder,/job:localhost/replica:0/task:0/device:CPU:0,0.0,0.0
_arg_BrA1JlvC3D_0_354,Placeholder,/job:localhost/replica:0/task:0/device:CPU:0,0.0,0.0
_arg_CTzOSL4tnQ_0_369,Placeholder,/job:localhost/replica:0/task:0/device:CPU:0,0.0,0.0
_arg_CMPG0DqOHY_0_366,Placeholder,/job:localhost/replica:0/task:0/device:CPU:0,0.0,0.0
_arg_CP46mDEjo5_0_367,Placeholder,/job:localhost/replica:0/task:0/device:CPU:0,0.0,0.0
_arg_CUwPXN6n8B_0_371,Placeholder,/job:localhost/replica:0/task:0/device:CPU:0,0.0,0.0
_arg_D3yVvkfSNo_0_382,Placeholder,/job:localhost/replica:0/task:0/device:CPU:0,0.0,0.0
_arg_DqguX8w9AS_0_399,Placeholder,/job:localhost/replica:0/task:0/device:CPU:0,0.0,0.0
_arg_CEoRhnyZ5M_0_363,Placeholder,/job:localhost/replica:0/task:0/device:CPU:0,0.0,0.0
_arg_EBHMVreWIo_0_411,Placeholder,/job:localhost/replica:0/task:0/device:CPU:0,0.0,0.0
_arg_Dctp6o7BzS_0_391,Placeholder,/job:localhost/replica:0/task:0/device:CPU:0,0.0,0.0
_arg_DgtiNlzhO7_0_393,Placeholder,/job:localhost/replica:0/task:0/device:CPU:0,0.0,0.0
_arg_Dvb7uEISBn_0_400,Placeholder,/job:localhost/replica:0/task:0/device:CPU:0,0.0,0.0
_arg_E2n9glqGux_0_405,Placeholder,/job:localhost/replica:0/task:0/device:CPU:0,0.0,0.0
_arg_8kFKLO3wEA_0_254,Placeholder,/job:localhost/replica:0/task:0/device:CPU:0,0.0,0.0
_arg_8yjvPhSgH7_0_268,Placeholder,/job:localhost/replica:0/task:0/device:CPU:0,0.0,0.0
_arg_DkUueRgpGy_0_394,Placeholder,/job:localhost/replica:0/task:0/device:CPU:0,0.0,0.0
_arg_A0YCU2FxP7_0_301,Placeholder,/job:localhost/replica:0/task:0/device:CPU:0,0.0,0.0
_arg_A5dYcM6IhK_0_305,Placeholder,/job:localhost/replica:0/task:0/device:CPU:0,0.0,0.0
_arg_EYWXni0y1t_0_423,Placeholder,/job:localhost/replica:0/task:0/device:CPU:0,0.0,0.0
_arg_EmQdGkIZ19_0_429,Placeholder,/job:localhost/replica:0/task:0/device:CPU:0,0.0,0.0
_arg_FZTIiQleSX_0_443,Placeholder,/job:localhost/replica:0/task:0/device:CPU:0,0.0,0.0
_arg_9uUmcKWtey_0_291,Placeholder,/job:localhost/replica:0/task:0/device:CPU:0,0.0,0.0
_arg_EfZ18PdkpT_0_425,Placeholder,/job:localhost/replica:0/task:0/device:CPU:0,0.0,0.0
_arg_FrMdNAD9w2_0_462,Placeholder,/job:localhost/replica:0/task:0/device:CPU:0,0.0,0.0
_arg_FQSUom5Y3D_0_438,Placeholder,/job:localhost/replica:0/task:0/device:CPU:0,0.0,0.0
_arg_FbWtrQMOgZ_0_445,Placeholder,/job:localhost/replica:0/task:0/device:CPU:0,0.0,0.0
_arg_FuIG9UHeM5_0_463,Placeholder,/job:localhost/replica:0/task:0/device:CPU:0,0.0,0.0
_arg_HKC9h7swUq_0_502,Placeholder,/job:localhost/replica:0/task:0/device:CPU:0,0.0,0.0
_arg_Q7YteMWouq_0_774,Placeholder,/job:localhost/replica:0/task:0/device:CPU:0,0.0,0.0
_arg_QdtKpr5J0F_0_783,Placeholder,/job:localhost/replica:0/task:0/device:CPU:0,0.0,0.0
_arg_QtIlyobTgf_0_790,Placeholder,/job:localhost/replica:0/task:0/device:CPU:0,0.0,0.0
_arg_RSFnJPCwhv_0_810,Placeholder,/job:localhost/replica:0/task:0/device:CPU:0,0.0,0.0
_arg_QA908MPkRY_0_775,Placeholder,/job:localhost/replica:0/task:0/device:CPU:0,0.0,0.0
_arg_RFYfbstmoj_0_802,Placeholder,/job:localhost/replica:0/task:0/device:CPU:0,0.0,0.0
_arg_GAojbehXqg_0_474,Placeholder,/job:localhost/replica:0/task:0/device:CPU:0,0.0,0.0
_arg_E8QIdvw37N_0_409,Placeholder,/job:localhost/replica:0/task:0/device:CPU:0,0.0,0.0
_arg_EXh8VwUtC7_0_422,Placeholder,/job:localhost/replica:0/task:0/device:CPU:0,0.0,0.0
_arg_IPWTB4rqsG_0_536,Placeholder,/job:localhost/replica:0/task:0/device:CPU:0,0.0,0.0
_arg_EJxWXfdDph_0_417,Placeholder,/job:localhost/replica:0/task:0/device:CPU:0,0.0,0.0
_arg_FwsfDYl9KQ_0_465,Placeholder,/job:localhost/replica:0/task:0/device:CPU:0,0.0,0.0
_arg_G46fIAWl1d_0_469,Placeholder,/job:localhost/replica:0/task:0/device:CPU:0,0.0,0.0
_arg_IdP3gwO2JA_0_544,Placeholder,/job:localhost/replica:0/task:0/device:CPU:0,0.0,0.0
_arg_H8VtbmaWDM_0_499,Placeholder,/job:localhost/replica:0/task:0/device:CPU:0,0.0,0.0
_arg_HWfPaRKgQu_0_512,Placeholder,/job:localhost/replica:0/task:0/device:CPU:0,0.0,0.0
_arg_I9xT7Pqz1K_0_529,Placeholder,/job:localhost/replica:0/task:0/device:CPU:0,0.0,0.0
_arg_IGAp3qySux_0_533,Placeholder,/job:localhost/replica:0/task:0/device:CPU:0,0.0,0.0
_arg_J4IKWC05v8_0_556,Placeholder,/job:localhost/replica:0/task:0/device:CPU:0,0.0,0.0
_arg_GIFK657vqk_0_477,Placeholder,/job:localhost/replica:0/task:0/device:CPU:0,0.0,0.0
_arg_GYVJNn13qp_0_483,Placeholder,/job:localhost/replica:0/task:0/device:CPU:0,0.0,0.0
_arg_HAQSdMI7uF_0_500,Placeholder,/job:localhost/replica:0/task:0/device:CPU:0,0.0,0.0
_arg_GnZKkmAeoT_0_492,Placeholder,/job:localhost/replica:0/task:0/device:CPU:0,0.0,0.0
_arg_IgDdGNxSX8_0_547,Placeholder,/job:localhost/replica:0/task:0/device:CPU:0,0.0,0.0
_arg_J4jVsktlIF_0_558,Placeholder,/job:localhost/replica:0/task:0/device:CPU:0,0.0,0.0
_arg_JpAQMIaGys_0_580,Placeholder,/job:localhost/replica:0/task:0/device:CPU:0,0.0,0.0
_arg_KQVHIfcjTD_0_591,Placeholder,/job:localhost/replica:0/task:0/device:CPU:0,0.0,0.0
_arg_HuXC27y4Yp_0_522,Placeholder,/job:localhost/replica:0/task:0/device:CPU:0,0.0,0.0
_arg_I5sKP2thjJ_0_527,Placeholder,/job:localhost/replica:0/task:0/device:CPU:0,0.0,0.0
_arg_GfMkhYpv5w_0_488,Placeholder,/job:localhost/replica:0/task:0/device:CPU:0,0.0,0.0
_arg_IKrTCPtsld_0_535,Placeholder,/job:localhost/replica:0/task:0/device:CPU:0,0.0,0.0
_arg_GigHUOyJwB_0_489,Placeholder,/job:localhost/replica:0/task:0/device:CPU:0,0.0,0.0
_arg_MDLXOY4yk8_0_643,Placeholder,/job:localhost/replica:0/task:0/device:CPU:0,0.0,0.0
_arg_LJlowN2OAs_0_611,Placeholder,/job:localhost/replica:0/task:0/device:CPU:0,0.0,0.0
_arg_MASQp3uEqD_0_640,Placeholder,/job:localhost/replica:0/task:0/device:CPU:0,0.0,0.0
_arg_MKPAaWrjD2_0_648,Placeholder,/job:localhost/replica:0/task:0/device:CPU:0,0.0,0.0
_arg_MTey6q7Jix_0_654,Placeholder,/job:localhost/replica:0/task:0/device:CPU:0,0.0,0.0
_arg_MWRfTJuNbV_0_658,Placeholder,/job:localhost/replica:0/task:0/device:CPU:0,0.0,0.0
_arg_MfXGJNch3D_0_666,Placeholder,/job:localhost/replica:0/task:0/device:CPU:0,0.0,0.0
_arg_N8HIakUYxE_0_674,Placeholder,/job:localhost/replica:0/task:0/device:CPU:0,0.0,0.0
_arg_OU8Y7Ss241_0_729,Placeholder,/job:localhost/replica:0/task:0/device:CPU:0,0.0,0.0
_arg_NClWp6iBkb_0_679,Placeholder,/job:localhost/replica:0/task:0/device:CPU:0,0.0,0.0
_arg_NHCzfnbOtL_0_683,Placeholder,/job:localhost/replica:0/task:0/device:CPU:0,0.0,0.0
_arg_OGgHLqMPA6_0_721,Placeholder,/job:localhost/replica:0/task:0/device:CPU:0,0.0,0.0
_arg_OUpxCzwr4D_0_730,Placeholder,/job:localhost/replica:0/task:0/device:CPU:0,0.0,0.0
_arg_KfkcCUAOZT_0_598,Placeholder,/job:localhost/replica:0/task:0/device:CPU:0,0.0,0.0
_arg_NWxG6EbRoD_0_693,Placeholder,/job:localhost/replica:0/task:0/device:CPU:0,0.0,0.0
_arg_Nf2LcYwWur_0_701,Placeholder,/job:localhost/replica:0/task:0/device:CPU:0,0.0,0.0
_arg_O7HKe9PIg8_0_714,Placeholder,/job:localhost/replica:0/task:0/device:CPU:0,0.0,0.0
_arg_OQYcJLXTsn_0_727,Placeholder,/job:localhost/replica:0/task:0/device:CPU:0,0.0,0.0
_arg_OWHNjs5RiB_0_731,Placeholder,/job:localhost/replica:0/task:0/device:CPU:0,0.0,0.0
_arg_Oy6Gj2PHsi_0_738,Placeholder,/job:localhost/replica:0/task:0/device:CPU:0,0.0,0.0
_arg_Pcd1xarBUh_0_756,Placeholder,/job:localhost/replica:0/task:0/device:CPU:0,0.0,0.0
_arg_MmDxGF7thq_0_669,Placeholder,/job:localhost/replica:0/task:0/device:CPU:0,0.0,0.0
_arg_Myc27gJe5v_0_673,Placeholder,/job:localhost/replica:0/task:0/device:CPU:0,0.0,0.0
_arg_NPDuVXav2d_0_690,Placeholder,/job:localhost/replica:0/task:0/device:CPU:0,0.0,0.0
_arg_OJ3uGzeTYN_0_723,Placeholder,/job:localhost/replica:0/task:0/device:CPU:0,0.0,0.0
_arg_OyEHnATfYB_0_739,Placeholder,/job:localhost/replica:0/task:0/device:CPU:0,0.0,0.0
_arg_PDi9Ml2UQw_0_749,Placeholder,/job:localhost/replica:0/task:0/device:CPU:0,0.0,0.0
_arg_QBeiHJ7SG8_0_777,Placeholder,/job:localhost/replica:0/task:0/device:CPU:0,0.0,0.0
_arg_NzIjdKfFBC_0_708,Placeholder,/job:localhost/replica:0/task:0/device:CPU:0,0.0,0.0
_arg_O561G8AsLP_0_711,Placeholder,/job:localhost/replica:0/task:0/device:CPU:0,0.0,0.0
_arg_OKcNulG9ji_0_724,Placeholder,/job:localhost/replica:0/task:0/device:CPU:0,0.0,0.0
_arg_PFp61KXSMG_0_750,Placeholder,/job:localhost/replica:0/task:0/device:CPU:0,0.0,0.0
_arg_Nbg4zc9rS7_0_700,Placeholder,/job:localhost/replica:0/task:0/device:CPU:0,0.0,0.0
_arg_O6Lhj9DZUt_0_712,Placeholder,/job:localhost/replica:0/task:0/device:CPU:0,0.0,0.0
_arg_RBXjZTIn0V_0_799,Placeholder,/job:localhost/replica:0/task:0/device:CPU:0,0.0,0.0
_arg_S4QqZ3VmNA_0_829,Placeholder,/job:localhost/replica:0/task:0/device:CPU:0,0.0,0.0
_arg_St6wzKCEri_0_855,Placeholder,/job:localhost/replica:0/task:0/device:CPU:0,0.0,0.0
_arg_T08s2IQPEu_0_858,Placeholder,/job:localhost/replica:0/task:0/device:CPU:0,0.0,0.0
_arg_RGPEWKTzAp_0_804,Placeholder,/job:localhost/replica:0/task:0/device:CPU:0,0.0,0.0
_arg_Refan2Z7bx_0_817,Placeholder,/job:localhost/replica:0/task:0/device:CPU:0,0.0,0.0
_arg_RlrBUzGLqW_0_826,Placeholder,/job:localhost/replica:0/task:0/device:CPU:0,0.0,0.0
_arg_S8QL2y9jOC_0_830,Placeholder,/job:localhost/replica:0/task:0/device:CPU:0,0.0,0.0
_arg_SQfMN6lyic_0_841,Placeholder,/job:localhost/replica:0/task:0/device:CPU:0,0.0,0.0
_arg_SWrjZwT65O_0_845,Placeholder,/job:localhost/replica:0/task:0/device:CPU:0,0.0,0.0
_arg_StxpVLdz2n_0_856,Placeholder,/job:localhost/replica:0/task:0/device:CPU:0,0.0,0.0
_arg_TUJ3LPKWsg_0_872,Placeholder,/job:localhost/replica:0/task:0/device:CPU:0,0.0,0.0
_arg_Y30dKRwxFJ_0_988,Placeholder,/job:localhost/replica:0/task:0/device:CPU:0,0.0,0.0
_arg_Yzt0TQ39K2_0_1016,Placeholder,/job:localhost/replica:0/task:0/device:CPU:0,0.0,0.0
_arg_ZAT6LDvKO4_0_1023,Placeholder,/job:localhost/replica:0/task:0/device:CPU:0,0.0,0.0
_arg_SeJjBxoaFH_0_850,Placeholder,/job:localhost/replica:0/task:0/device:CPU:0,0.0,0.0
_arg_TBUCiOFZWd_0_867,Placeholder,/job:localhost/replica:0/task:0/device:CPU:0,0.0,0.0
_arg_XOshZSK3rN_0_976,Placeholder,/job:localhost/replica:0/task:0/device:CPU:0,0.0,0.0
_arg_T3WKzDrGQ0_0_861,Placeholder,/job:localhost/replica:0/task:0/device:CPU:0,0.0,0.0
_arg_Vc4Ar1HWp8_0_917,Placeholder,/job:localhost/replica:0/task:0/device:CPU:0,0.0,0.0
_arg_WtM5hSwPQz_0_956,Placeholder,/job:localhost/replica:0/task:0/device:CPU:0,0.0,0.0
_arg_XyVozDjFwU_0_985,Placeholder,/job:localhost/replica:0/task:0/device:CPU:0,0.0,0.0
_arg_YVGzCuSrJy_0_1002,Placeholder,/job:localhost/replica:0/task:0/device:CPU:0,0.0,0.0
_arg_Yf6j1Cs7cQ_0_1006,Placeholder,/job:localhost/replica:0/task:0/device:CPU:0,0.0,0.0
_arg_T90LxZvnAr_0_865,Placeholder,/job:localhost/replica:0/task:0/device:CPU:0,0.0,0.0
_arg_VdeBLwXAjr_0_918,Placeholder,/job:localhost/replica:0/task:0/device:CPU:0,0.0,0.0
_arg_UpkYLfdJ7K_0_901,Placeholder,/job:localhost/replica:0/task:0/device:CPU:0,0.0,0.0
_arg_W8RkOV9KCL_0_933,Placeholder,/job:localhost/replica:0/task:0/device:CPU:0,0.0,0.0
_arg_WIRed1f6Pg_0_941,Placeholder,/job:localhost/replica:0/task:0/device:CPU:0,0.0,0.0
_arg_YZ3iP7hqxI_0_1003,Placeholder,/job:localhost/replica:0/task:0/device:CPU:0,0.0,0.0
_arg_YoAIm9COqc_0_1011,Placeholder,/job:localhost/replica:0/task:0/device:CPU:0,0.0,0.0
_arg_ZAfcwyTFk7_0_1025,Placeholder,/job:localhost/replica:0/task:0/device:CPU:0,0.0,0.0
_arg_ZKQIedJAMl_0_1033,Placeholder,/job:localhost/replica:0/task:0/device:CPU:0,0.0,0.0
_arg_VesnuxpHJ6_0_919,Placeholder,/job:localhost/replica:0/task:0/device:CPU:0,0.0,0.0
_arg_WITt3p5xdh_0_942,Placeholder,/job:localhost/replica:0/task:0/device:CPU:0,0.0,0.0
_arg_WsG6JYHoeU_0_955,Placeholder,/job:localhost/replica:0/task:0/device:CPU:0,0.0,0.0
_arg_Wx09dhDk7q_0_962,Placeholder,/job:localhost/replica:0/task:0/device:CPU:0,0.0,0.0
_arg_X3rjUVvigy_0_967,Placeholder,/job:localhost/replica:0/task:0/device:CPU:0,0.0,0.0
_arg_dQHSz0V1bi_0_1133,Placeholder,/job:localhost/replica:0/task:0/device:CPU:0,0.0,0.0
_arg_e3bDAWyitX_0_1149,Placeholder,/job:localhost/replica:0/task:0/device:CPU:0,0.0,0.0
_arg_ZgAQfxyaD3_0_1040,Placeholder,/job:localhost/replica:0/task:0/device:CPU:0,0.0,0.0
_arg_WXTo4b7u5V_0_948,Placeholder,/job:localhost/replica:0/task:0/device:CPU:0,0.0,0.0
_arg_WvfyqTd28e_0_959,Placeholder,/job:localhost/replica:0/task:0/device:CPU:0,0.0,0.0
_arg_cL7Ee65qPw_0_1110,Placeholder,/job:localhost/replica:0/task:0/device:CPU:0,0.0,0.0
_arg_eCPxq9l0gJ_0_1154,Placeholder,/job:localhost/replica:0/task:0/device:CPU:0,0.0,0.0
_arg_a0JBvx7jtG_0_1048,Placeholder,/job:localhost/replica:0/task:0/device:CPU:0,0.0,0.0
_arg_VjzQvnZKBC_0_924,Placeholder,/job:localhost/replica:0/task:0/device:CPU:0,0.0,0.0
_arg_VykiOSpeW1_0_928,Placeholder,/job:localhost/replica:0/task:0/device:CPU:0,0.0,0.0
_arg_WDV6pG2cFo_0_936,Placeholder,/job:localhost/replica:0/task:0/device:CPU:0,0.0,0.0
_arg_c1VYyg6Woe_0_1099,Placeholder,/job:localhost/replica:0/task:0/device:CPU:0,0.0,0.0
_arg_c4zAxVX801_0_1102,Placeholder,/job:localhost/replica:0/task:0/device:CPU:0,0.0,0.0
_arg_cUOsy7aP2X_0_1115,Placeholder,/job:localhost/replica:0/task:0/device:CPU:0,0.0,0.0
_arg_cbrgJ5ShPX_0_1119,Placeholder,/job:localhost/replica:0/task:0/device:CPU:0,0.0,0.0
_arg_e8N4wtUx0H_0_1151,Placeholder,/job:localhost/replica:0/task:0/device:CPU:0,0.0,0.0
_arg_ZH57VlLrFG_0_1030,Placeholder,/job:localhost/replica:0/task:0/device:CPU:0,0.0,0.0
_arg_a0Tse3O8NM_0_1049,Placeholder,/job:localhost/replica:0/task:0/device:CPU:0,0.0,0.0
_arg_cCXSfHeWRD_0_1107,Placeholder,/job:localhost/replica:0/task:0/device:CPU:0,0.0,0.0
_arg_cPM5mROXIo_0_1112,Placeholder,/job:localhost/replica:0/task:0/device:CPU:0,0.0,0.0
_arg_d357munAUC_0_1128,Placeholder,/job:localhost/replica:0/task:0/device:CPU:0,0.0,0.0
_arg_euG0OxbCHr_0_1177,Placeholder,/job:localhost/replica:0/task:0/device:CPU:0,0.0,0.0
_arg_dypQB9FXiz_0_1148,Placeholder,/job:localhost/replica:0/task:0/device:CPU:0,0.0,0.0
_arg_g4V8jUhGTM_0_1201,Placeholder,/job:localhost/replica:0/task:0/device:CPU:0,0.0,0.0
_arg_gJt8wNyl3X_0_1210,Placeholder,/job:localhost/replica:0/task:0/device:CPU:0,0.0,0.0
_arg_aIizTfsLjZ_0_1056,Placeholder,/job:localhost/replica:0/task:0/device:CPU:0,0.0,0.0
_arg_aO9f5N4J2R_0_1060,Placeholder,/job:localhost/replica:0/task:0/device:CPU:0,0.0,0.0
_arg_b0OYuh25R7_0_1071,Placeholder,/job:localhost/replica:0/task:0/device:CPU:0,0.0,0.0
_arg_bJgRISc9nT_0_1079,Placeholder,/job:localhost/replica:0/task:0/device:CPU:0,0.0,0.0
_arg_c5wmuGLPao_0_1104,Placeholder,/job:localhost/replica:0/task:0/device:CPU:0,0.0,0.0
_arg_cHLbNBjzV5_0_1108,Placeholder,/job:localhost/replica:0/task:0/device:CPU:0,0.0,0.0
_arg_chOSM508Kl_0_1121,Placeholder,/job:localhost/replica:0/task:0/device:CPU:0,0.0,0.0
_arg_d9LMcGOlfs_0_1129,Placeholder,/job:localhost/replica:0/task:0/device:CPU:0,0.0,0.0
_arg_klJdqR6yzt_0_1331,Placeholder,/job:localhost/replica:0/task:0/device:CPU:0,0.0,0.0
_arg_ksLopAdhl1_0_1335,Placeholder,/job:localhost/replica:0/task:0/device:CPU:0,0.0,0.0
_arg_gWQ76y520v_0_1214,Placeholder,/job:localhost/replica:0/task:0/device:CPU:0,0.0,0.0
_arg_geLtkcnQuf_0_1222,Placeholder,/job:localhost/replica:0/task:0/device:CPU:0,0.0,0.0
_arg_grO4LTmvwk_0_1227,Placeholder,/job:localhost/replica:0/task:0/device:CPU:0,0.0,0.0
_arg_aJZFKqA47E_0_1057,Placeholder,/job:localhost/replica:0/task:0/device:CPU:0,0.0,0.0
_arg_b2LqEOm4T9_0_1072,Placeholder,/job:localhost/replica:0/task:0/device:CPU:0,0.0,0.0
_arg_bpusA2itVT_0_1092,Placeholder,/job:localhost/replica:0/task:0/device:CPU:0,0.0,0.0
_arg_j48JB65fkL_0_1288,Placeholder,/job:localhost/replica:0/task:0/device:CPU:0,0.0,0.0
_arg_jc1HihxGFA_0_1300,Placeholder,/job:localhost/replica:0/task:0/device:CPU:0,0.0,0.0
_arg_kVuexQM3nN_0_1323,Placeholder,/job:localhost/replica:0/task:0/device:CPU:0,0.0,0.0
_arg_ksO9dlcqaN_0_1336,Placeholder,/job:localhost/replica:0/task:0/device:CPU:0,0.0,0.0
_arg_l6OT4yCo8P_0_1344,Placeholder,/job:localhost/replica:0/task:0/device:CPU:0,0.0,0.0
_arg_fZvmtLBOI4_0_1189,Placeholder,/job:localhost/replica:0/task:0/device:CPU:0,0.0,0.0
_arg_fiYsHrbwnQ_0_1192,Placeholder,/job:localhost/replica:0/task:0/device:CPU:0,0.0,0.0
_arg_geWpdufbt0_0_1223,Placeholder,/job:localhost/replica:0/task:0/device:CPU:0,0.0,0.0
_arg_bMrYWs6Kfm_0_1081,Placeholder,/job:localhost/replica:0/task:0/device:CPU:0,0.0,0.0
_arg_blyMjO4GSg_0_1089,Placeholder,/job:localhost/replica:0/task:0/device:CPU:0,0.0,0.0
_arg_hywmS4tZHT_0_1261,Placeholder,/job:localhost/replica:0/task:0/device:CPU:0,0.0,0.0
_arg_jkI8SydfU9_0_1308,Placeholder,/job:localhost/replica:0/task:0/device:CPU:0,0.0,0.0
_arg_kCdobPVSrE_0_1316,Placeholder,/job:localhost/replica:0/task:0/device:CPU:0,0.0,0.0
_arg_kWC4ri5HBP_0_1324,Placeholder,/job:localhost/replica:0/task:0/device:CPU:0,0.0,0.0
_arg_lXm7uf6adG_0_1356,Placeholder,/job:localhost/replica:0/task:0/device:CPU:0,0.0,0.0
_arg_fCPWvLQ7Gr_0_1185,Placeholder,/job:localhost/replica:0/task:0/device:CPU:0,0.0,0.0
_arg_gYWGreE6N4_0_1219,Placeholder,/job:localhost/replica:0/task:0/device:CPU:0,0.0,0.0
_arg_hbiFjrJTm9_0_1250,Placeholder,/job:localhost/replica:0/task:0/device:CPU:0,0.0,0.0
_arg_hq4RXF3EWg_0_1256,Placeholder,/job:localhost/replica:0/task:0/device:CPU:0,0.0,0.0
_arg_i6LwBsrpGR_0_1265,Placeholder,/job:localhost/replica:0/task:0/device:CPU:0,0.0,0.0
_arg_iEjFGKdCkR_0_1270,Placeholder,/job:localhost/replica:0/task:0/device:CPU:0,0.0,0.0
_arg_jZnSiaGFxX_0_1298,Placeholder,/job:localhost/replica:0/task:0/device:CPU:0,0.0,0.0
_arg_jdmSxDaOB9_0_1302,Placeholder,/job:localhost/replica:0/task:0/device:CPU:0,0.0,0.0
_arg_jnOlCVwMIA_0_1309,Placeholder,/job:localhost/replica:0/task:0/device:CPU:0,0.0,0.0
_arg_kWr4Rm29hJ_0_1325,Placeholder,/job:localhost/replica:0/task:0/device:CPU:0,0.0,0.0
_arg_l35LHeIoxX_0_1341,Placeholder,/job:localhost/replica:0/task:0/device:CPU:0,0.0,0.0
_arg_lAeqVdTJS8_0_1350,Placeholder,/job:localhost/replica:0/task:0/device:CPU:0,0.0,0.0
_arg_lZoWeOHTd4_0_1357,Placeholder,/job:localhost/replica:0/task:0/device:CPU:0,0.0,0.0
_arg_ljPcd5AqCU_0_1364,Placeholder,/job:localhost/replica:0/task:0/device:CPU:0,0.0,0.0
_arg_m7UDbLdCzi_0_1372,Placeholder,/job:localhost/replica:0/task:0/device:CPU:0,0.0,0.0
_arg_gZqsV0t1wm_0_1220,Placeholder,/job:localhost/replica:0/task:0/device:CPU:0,0.0,0.0
_arg_hG8zoUVifj_0_1243,Placeholder,/job:localhost/replica:0/task:0/device:CPU:0,0.0,0.0
_arg_hi2CVZDtsG_0_1251,Placeholder,/job:localhost/replica:0/task:0/device:CPU:0,0.0,0.0
_arg_oh5NXdSD6s_0_1446,Placeholder,/job:localhost/replica:0/task:0/device:CPU:0,0.0,0.0
_arg_jQYibfduIN_0_1295,Placeholder,/job:localhost/replica:0/task:0/device:CPU:0,0.0,0.0
_arg_rLIfa098hG_0_1532,Placeholder,/job:localhost/replica:0/task:0/device:CPU:0,0.0,0.0
_arg_lmSRTC0V1D_0_1365,Placeholder,/job:localhost/replica:0/task:0/device:CPU:0,0.0,0.0
_arg_nXImEbcS0U_0_1412,Placeholder,/job:localhost/replica:0/task:0/device:CPU:0,0.0,0.0
_arg_nhdFA2JblP_0_1418,Placeholder,/job:localhost/replica:0/task:0/device:CPU:0,0.0,0.0
_arg_nuyOBRlwVE_0_1421,Placeholder,/job:localhost/replica:0/task:0/device:CPU:0,0.0,0.0
_arg_i3DWS1edLU_0_1263,Placeholder,/job:localhost/replica:0/task:0/device:CPU:0,0.0,0.0
_arg_i7mL8TOUIo_0_1267,Placeholder,/job:localhost/replica:0/task:0/device:CPU:0,0.0,0.0
_arg_lshQ0NqnZr_0_1366,Placeholder,/job:localhost/replica:0/task:0/device:CPU:0,0.0,0.0
_arg_nd8OMoWwmH_0_1413,Placeholder,/job:localhost/replica:0/task:0/device:CPU:0,0.0,0.0
_arg_nxNedlLHFE_0_1422,Placeholder,/job:localhost/replica:0/task:0/device:CPU:0,0.0,0.0
_arg_oAOyaFWQKI_0_1430,Placeholder,/job:localhost/replica:0/task:0/device:CPU:0,0.0,0.0
_arg_oJAXKNti0B_0_1437,Placeholder,/job:localhost/replica:0/task:0/device:CPU:0,0.0,0.0
_arg_pRuTYEelzi_0_1470,Placeholder,/job:localhost/replica:0/task:0/device:CPU:0,0.0,0.0
_arg_qYwSrLIXty_0_1501,Placeholder,/job:localhost/replica:0/task:0/device:CPU:0,0.0,0.0
_arg_vCsKF4mPTL_0_1646,Placeholder,/job:localhost/replica:0/task:0/device:CPU:0,0.0,0.0
_arg_mExNCKLhMY_0_1377,Placeholder,/job:localhost/replica:0/task:0/device:CPU:0,0.0,0.0
_arg_vZ4kJiERz9_0_1662,Placeholder,/job:localhost/replica:0/task:0/device:CPU:0,0.0,0.0
_arg_oGwQ3TaChW_0_1434,Placeholder,/job:localhost/replica:0/task:0/device:CPU:0,0.0,0.0
_arg_oLfWFRwZmz_0_1438,Placeholder,/job:localhost/replica:0/task:0/device:CPU:0,0.0,0.0
_arg_ov6HyYXGnZ_0_1451,Placeholder,/job:localhost/replica:0/task:0/device:CPU:0,0.0,0.0
_arg_oxp7umbKAB_0_1454,Placeholder,/job:localhost/replica:0/task:0/device:CPU:0,0.0,0.0
_arg_pHzKr2oMga_0_1467,Placeholder,/job:localhost/replica:0/task:0/device:CPU:0,0.0,0.0
_arg_q6kAEHu7PS_0_1490,Placeholder,/job:localhost/replica:0/task:0/device:CPU:0,0.0,0.0
_arg_qfmGJbFD31_0_1506,Placeholder,/job:localhost/replica:0/task:0/device:CPU:0,0.0,0.0
_arg_qmBKN5XFyY_0_1510,Placeholder,/job:localhost/replica:0/task:0/device:CPU:0,0.0,0.0
_arg_rX59fa6vxj_0_1539,Placeholder,/job:localhost/replica:0/task:0/device:CPU:0,0.0,0.0
_arg_tW3xn7GTN8_0_1600,Placeholder,/job:localhost/replica:0/task:0/device:CPU:0,0.0,0.0
_arg_tiw3FA2LhN_0_1603,Placeholder,/job:localhost/replica:0/task:0/device:CPU:0,0.0,0.0
_arg_oIKicMQzr7_0_1435,Placeholder,/job:localhost/replica:0/task:0/device:CPU:0,0.0,0.0
_arg_oa4yBSc8sC_0_1443,Placeholder,/job:localhost/replica:0/task:0/device:CPU:0,0.0,0.0
_arg_p5s7B946lD_0_1459,Placeholder,/job:localhost/replica:0/task:0/device:CPU:0,0.0,0.0
_arg_pDkzZVQnLM_0_1464,Placeholder,/job:localhost/replica:0/task:0/device:CPU:0,0.0,0.0
_arg_pItWyEVPbi_0_1468,Placeholder,/job:localhost/replica:0/task:0/device:CPU:0,0.0,0.0
_arg_piWC0eA6SV_0_1479,Placeholder,/job:localhost/replica:0/task:0/device:CPU:0,0.0,0.0
_arg_qcXISQTe8C_0_1503,Placeholder,/job:localhost/replica:0/task:0/device:CPU:0,0.0,0.0
_arg_qjfptlNcPg_0_1507,Placeholder,/job:localhost/replica:0/task:0/device:CPU:0,0.0,0.0
_arg_uCijOWQXkf_0_1616,Placeholder,/job:localhost/replica:0/task:0/device:CPU:0,0.0,0.0
_arg_uNJDCj6H3b_0_1620,Placeholder,/job:localhost/replica:0/task:0/device:CPU:0,0.0,0.0
_arg_v0Hn5lUMAb_0_1640,Placeholder,/job:localhost/replica:0/task:0/device:CPU:0,0.0,0.0
_arg_vWVJMmnLND_0_1658,Placeholder,/job:localhost/replica:0/task:0/device:CPU:0,0.0,0.0
_arg_vsCjxuJ0iG_0_1670,Placeholder,/job:localhost/replica:0/task:0/device:CPU:0,0.0,0.0
_arg_sQKWq0a1fF_0_1561,Placeholder,/job:localhost/replica:0/task:0/device:CPU:0,0.0,0.0
_arg_shNfP0p4ti_0_1572,Placeholder,/job:localhost/replica:0/task:0/device:CPU:0,0.0,0.0
_arg_skQPVilaHE_0_1577,Placeholder,/job:localhost/replica:0/task:0/device:CPU:0,0.0,0.0
_arg_tIC6NeYUzA_0_1592,Placeholder,/job:localhost/replica:0/task:0/device:CPU:0,0.0,0.0
_arg_um24ZUFCfG_0_1633,Placeholder,/job:localhost/replica:0/task:0/device:CPU:0,0.0,0.0
_arg_vBoWCA2Hhs_0_1644,Placeholder,/job:localhost/replica:0/task:0/device:CPU:0,0.0,0.0
_arg_vLZmcutfki_0_1651,Placeholder,/job:localhost/replica:0/task:0/device:CPU:0,0.0,0.0
_arg_vTUuWts6Y3_0_1656,Placeholder,/job:localhost/replica:0/task:0/device:CPU:0,0.0,0.0
_arg_vXZKsaTkAf_0_1659,Placeholder,/job:localhost/replica:0/task:0/device:CPU:0,0.0,0.0
_arg_sn5LX1Jtcf_0_1578,Placeholder,/job:localhost/replica:0/task:0/device:CPU:0,0.0,0.0
_arg_tqeUiADByX_0_1605,Placeholder,/job:localhost/replica:0/task:0/device:CPU:0,0.0,0.0
_arg_vGhagdRWAc_0_1649,Placeholder,/job:localhost/replica:0/task:0/device:CPU:0,0.0,0.0
_arg_y6unZNHgsE_0_1733,Placeholder,/job:localhost/replica:0/task:0/device:CPU:0,0.0,0.0
_arg_zbl1tSZFQq_0_1773,Placeholder,/job:localhost/replica:0/task:0/device:CPU:0,0.0,0.0
_arg_uf0MRa6DLC_0_1629,Placeholder,/job:localhost/replica:0/task:0/device:CPU:0,0.0,0.0
_arg_wWRzx7cZPu_0_1690,Placeholder,/job:localhost/replica:0/task:0/device:CPU:0,0.0,0.0
_arg_sOAUCMblaj_0_1559,Placeholder,/job:localhost/replica:0/task:0/device:CPU:0,0.0,0.0
_arg_t08zwyITs4_0_1582,Placeholder,/job:localhost/replica:0/task:0/device:CPU:0,0.0,0.0
_arg_vz21UPBRiY_0_1673,Placeholder,/job:localhost/replica:0/task:0/device:CPU:0,0.0,0.0
_arg_wNEG3pSXly_0_1682,Placeholder,/job:localhost/replica:0/task:0/device:CPU:0,0.0,0.0
_arg_yZNi8sUDH2_0_1746,Placeholder,/job:localhost/replica:0/task:0/device:CPU:0,0.0,0.0
_arg_zhFZn5s1kR_0_1775,Placeholder,/job:localhost/replica:0/task:0/device:CPU:0,0.0,0.0
_arg_wHvFX95y1o_0_1679,Placeholder,/job:localhost/replica:0/task:0/device:CPU:0,0.0,0.0
_arg_z7CLdcPeyh_0_1762,Placeholder,/job:localhost/replica:0/task:0/device:CPU:0,0.0,0.0
_arg_zktTPmjCaW_0_1779,Placeholder,/job:localhost/replica:0/task:0/device:CPU:0,0.0,0.0
_arg_w4DNE2IMmF_0_1675,Placeholder,/job:localhost/replica:0/task:0/device:CPU:0,0.0,0.0
_arg_x48fSaFCYe_0_1712,Placeholder,/job:localhost/replica:0/task:0/device:CPU:0,0.0,0.0
_arg_xaHvfhMYsS_0_1723,Placeholder,/job:localhost/replica:0/task:0/device:CPU:0,0.0,0.0
_arg_ynZKRq08rv_0_1750,Placeholder,/job:localhost/replica:0/task:0/device:CPU:0,0.0,0.0
_arg_yxJuQMHWPl_0_1755,Placeholder,/job:localhost/replica:0/task:0/device:CPU:0,0.0,0.0
_arg_xahlyQtUSE_0_1724,Placeholder,/job:localhost/replica:0/task:0/device:CPU:0,0.0,0.0
_SOURCE,Unknown,/job:localhost/replica:0/task:0/device:GPU:0,0.0,0.0
kGNH2KiArp,Const,/job:localhost/replica:0/task:0/device:GPU:0,0.0,0.0
VugL4Nl78b,Const,/job:localhost/replica:0/task:0/device:GPU:0,0.0,0.0
w1FAMDgbIq,Const,/job:localhost/replica:0/task:0/device:GPU:0,0.0,0.0
aK1iUs6Hy4,Const,/job:localhost/replica:0/task:0/device:GPU:0,0.0,0.0
Gg8CjLdYTA,Const,/job:localhost/replica:0/task:0/device:GPU:0,0.0,0.0
M5GaPEyLgV,Const,/job:localhost/replica:0/task:0/device:GPU:0,0.0,0.0
RhmylSQLxn,Const,/job:localhost/replica:0/task:0/device:GPU:0,0.0,0.0
F5bau9H1QR,Const,/job:localhost/replica:0/task:0/device:GPU:0,0.0,0.0
8C3E9qjgn7,Const,/job:localhost/replica:0/task:0/device:GPU:0,0.0,0.0
R1xg9kWLcV,Const,/job:localhost/replica:0/task:0/device:GPU:0,0.0,0.0
BPC4c6ZaXN,ExpandDims,/job:localhost/replica:0/task:0/device:GPU:0,0.0,0.0
wUFqYe6xM8,Reshape,/job:localhost/replica:0/task:0/device:GPU:0,0.0,0.0
0amRfpeYVi,Reshape,/job:localhost/replica:0/task:0/device:GPU:0,0.0,0.0
jsgwTt5nLm,StopGradient,/job:localhost/replica:0/task:0/device:GPU:0,0.0,0.0
WVdNebTUmx,ExpandDims,/job:localhost/replica:0/task:0/device:GPU:0,0.0,0.0
