node_name,op_type,device,time_us,time_ms
z4V6pEf9di,MatMul,/job:localhost/replica:0/task:0/device:GPU:0,474.0,0.474
ajNU9PSBvd,MatMul,/job:localhost/replica:0/task:0/device:GPU:0,438.0,0.438
oRIbZ4dOpQ,GatherV2,/job:localhost/replica:0/task:0/device:GPU:0,414.0,0.414
bxIBHz6FLU,MatMul,/job:localhost/replica:0/task:0/device:GPU:0,406.0,0.406
LS7cJaXE4P,MatMul,/job:localhost/replica:0/task:0/device:GPU:0,370.0,0.37
RLNGUewO1D,MatMul,/job:localhost/replica:0/task:0/device:GPU:0,316.0,0.316
FPIyWsHwLo,GatherV2,/job:localhost/replica:0/task:0/device:GPU:0,260.0,0.26
maX0fCkuSd,MatMul,/job:localhost/replica:0/task:0/device:GPU:0,257.0,0.257
2X4Wz0ykNw,BatchMatMulV2,/job:localhost/replica:0/task:0/device:GPU:0,240.0,0.24
l2WuxUNhRQ,MatMul,/job:localhost/replica:0/task:0/device:GPU:0,227.0,0.227
Vn7qBHdZzK,MatMul,/job:localhost/replica:0/task:0/device:GPU:0,217.0,0.217
eLBijfUXz2,GatherV2,/job:localhost/replica:0/task:0/device:GPU:0,212.0,0.212
dw06y7brUM,BatchMatMulV2,/job:localhost/replica:0/task:0/device:GPU:0,203.0,0.203
CkAUDI2lEL,MatMul,/job:localhost/replica:0/task:0/device:GPU:0,202.0,0.202
arm9UMzeHc,BatchMatMulV2,/job:localhost/replica:0/task:0/device:GPU:0,186.0,0.186
im4bcnwys8,BatchMatMulV2,/job:localhost/replica:0/task:0/device:GPU:0,185.0,0.185
l0amZfwME3,MatMul,/job:localhost/replica:0/task:0/device:GPU:0,184.0,0.184
XMxyNvTOEu,BatchMatMulV2,/job:localhost/replica:0/task:0/device:GPU:0,184.0,0.184
05Pm4pYNZL,MatMul,/job:localhost/replica:0/task:0/device:GPU:0,182.0,0.182
ecrz1PByYV,MatMul,/job:localhost/replica:0/task:0/device:GPU:0,181.0,0.181
5TKtFGc8Iu,MatMul,/job:localhost/replica:0/task:0/device:GPU:0,178.0,0.178
3K0LOArzkU,GatherV2,/job:localhost/replica:0/task:0/device:GPU:0,177.0,0.177
1XjS6wGNOa,GatherV2,/job:localhost/replica:0/task:0/device:GPU:0,175.0,0.175
tnuZwDMaGC,MatMul,/job:localhost/replica:0/task:0/device:GPU:0,173.0,0.173
XTWp52Jtwq,GatherV2,/job:localhost/replica:0/task:0/device:GPU:0,169.0,0.169
LHT71IpFWc,BatchMatMulV2,/job:localhost/replica:0/task:0/device:GPU:0,168.0,0.168
RQ7rDInmPj,GatherV2,/job:localhost/replica:0/task:0/device:GPU:0,165.0,0.165
rQxaqlOCeZ,MatMul,/job:localhost/replica:0/task:0/device:GPU:0,165.0,0.165
2VnU6CidFY,GatherV2,/job:localhost/replica:0/task:0/device:GPU:0,162.0,0.162
ivb8Uz72j1,MatMul,/job:localhost/replica:0/task:0/device:GPU:0,157.0,0.157
gCbHv31zfL,BatchMatMulV2,/job:localhost/replica:0/task:0/device:GPU:0,156.0,0.156
IWzmwG06jL,GatherV2,/job:localhost/replica:0/task:0/device:GPU:0,156.0,0.156
n6wkiNE4xT,BatchMatMulV2,/job:localhost/replica:0/task:0/device:GPU:0,156.0,0.156
SzVomEOXxg,GatherV2,/job:localhost/replica:0/task:0/device:GPU:0,154.0,0.154
o5OKgZ6rdw,BatchMatMulV2,/job:localhost/replica:0/task:0/device:GPU:0,153.0,0.153
1G58Difwvg,GatherV2,/job:localhost/replica:0/task:0/device:GPU:0,149.0,0.149
bMBm4S1ghd,Softmax,/job:localhost/replica:0/task:0/device:GPU:0,147.0,0.147
hNwQT5IEDx,Slice,/job:localhost/replica:0/task:0/device:GPU:0,146.0,0.146
mUJgZbyYqi,MatMul,/job:localhost/replica:0/task:0/device:GPU:0,144.0,0.144
KfEoY2LaSm,GatherV2,/job:localhost/replica:0/task:0/device:GPU:0,143.0,0.143
9eEGfjryUx,MatMul,/job:localhost/replica:0/task:0/device:GPU:0,140.0,0.14
BhalfogzA5,MatMul,/job:localhost/replica:0/task:0/device:GPU:0,139.0,0.139
ekdny7OHCR,BatchMatMulV2,/job:localhost/replica:0/task:0/device:GPU:0,134.0,0.134
D26Gn4Uv3i,ConcatV2,/job:localhost/replica:0/task:0/device:GPU:0,133.0,0.133
BCx48r9Q3Y,ConcatV2,/job:localhost/replica:0/task:0/device:GPU:0,130.0,0.13
KNGpt0dLV6,GatherV2,/job:localhost/replica:0/task:0/device:GPU:0,129.0,0.129
0okUpRtAPW,ConcatV2,/job:localhost/replica:0/task:0/device:GPU:0,122.0,0.122
Iw7Xse8L6l,Slice,/job:localhost/replica:0/task:0/device:GPU:0,119.0,0.119
DRvmxGcj7A,Softmax,/job:localhost/replica:0/task:0/device:GPU:0,118.0,0.118
q7ZMfdWRiF,Cast,/job:localhost/replica:0/task:0/device:GPU:0,115.0,0.115
lqNpnMPG5u,MatMul,/job:localhost/replica:0/task:0/device:GPU:0,113.0,0.113
HIqGL21Tkl,MatMul,/job:localhost/replica:0/task:0/device:GPU:0,109.0,0.109
nTAkxvi7HD,GatherV2,/job:localhost/replica:0/task:0/device:GPU:0,109.0,0.109
5JLmGruHs4,MatMul,/job:localhost/replica:0/task:0/device:GPU:0,107.0,0.107
WF7zx0LGYA,GatherV2,/job:localhost/replica:0/task:0/device:GPU:0,107.0,0.107
9Ylpz2QL3J,ConcatV2,/job:localhost/replica:0/task:0/device:GPU:0,105.0,0.105
AnBajXCFKI,Const,/job:localhost/replica:0/task:0/device:GPU:0,104.0,0.104
Vd8NkabgFe,ConcatV2,/job:localhost/replica:0/task:0/device:GPU:0,102.0,0.102
nhrPMX4NEB,ConcatV2,/job:localhost/replica:0/task:0/device:GPU:0,102.0,0.102
xhBfPLO3F8,Pack,/job:localhost/replica:0/task:0/device:GPU:0,102.0,0.102
e6YW1i0tNb,MatMul,/job:localhost/replica:0/task:0/device:GPU:0,102.0,0.102
SoR2dkXAHJ,ConcatV2,/job:localhost/replica:0/task:0/device:GPU:0,101.0,0.101
B0cOxjvSTg,BatchMatMulV2,/job:localhost/replica:0/task:0/device:GPU:0,101.0,0.101
4pdPubmoX0,GatherV2,/job:localhost/replica:0/task:0/device:GPU:0,100.0,0.1
CyEx79Keq6,ConcatV2,/job:localhost/replica:0/task:0/device:GPU:0,96.0,0.096
QjmRgAiPhk,MatMul,/job:localhost/replica:0/task:0/device:GPU:0,95.0,0.095
_arg_uzaUY08Rsp_0_346,Placeholder,/job:localhost/replica:0/task:0/device:CPU:0,94.0,0.094
botirk7ZmF,Slice,/job:localhost/replica:0/task:0/device:GPU:0,91.0,0.091
U2wZeWq6m4,GatherV2,/job:localhost/replica:0/task:0/device:GPU:0,90.0,0.09
HIXqU4hxTo,GatherV2,/job:localhost/replica:0/task:0/device:GPU:0,89.0,0.089
j7gU26tZOf,ConcatV2,/job:localhost/replica:0/task:0/device:GPU:0,88.0,0.088
n7SOWI1TeB,MatMul,/job:localhost/replica:0/task:0/device:GPU:0,87.0,0.087
MpKnkq6OcC,GatherV2,/job:localhost/replica:0/task:0/device:GPU:0,87.0,0.087
1dLQB0obfi,Cast,/job:localhost/replica:0/task:0/device:GPU:0,85.0,0.085
WhKUAiZrJg,GatherV2,/job:localhost/replica:0/task:0/device:GPU:0,85.0,0.085
5WpEjn2vos,RealDiv,/job:localhost/replica:0/task:0/device:GPU:0,84.0,0.084
jUXlH4OoC7,BatchMatMulV2,/job:localhost/replica:0/task:0/device:GPU:0,84.0,0.084
oV1KJWsPOc,Pow,/job:localhost/replica:0/task:0/device:GPU:0,83.0,0.083
hjRSNAqdn5,GatherV2,/job:localhost/replica:0/task:0/device:GPU:0,83.0,0.083
v7qYK1axek,MatMul,/job:localhost/replica:0/task:0/device:GPU:0,83.0,0.083
aiuqQ01L3W,AddV2,/job:localhost/replica:0/task:0/device:GPU:0,82.0,0.082
IXn7pjWxZT,Const,/job:localhost/replica:0/task:0/device:GPU:0,81.0,0.081
PDAFOpzQet,StridedSlice,/job:localhost/replica:0/task:0/device:GPU:0,79.0,0.079
BwI8ChA9Qg,BatchMatMulV2,/job:localhost/replica:0/task:0/device:GPU:0,78.0,0.078
wfy9IFUp0a,MatMul,/job:localhost/replica:0/task:0/device:GPU:0,76.0,0.076
TfQRLikYU0,MatMul,/job:localhost/replica:0/task:0/device:GPU:0,76.0,0.076
cVqNjensv2,GatherV2,/job:localhost/replica:0/task:0/device:GPU:0,75.0,0.075
WBMXUDzkfa,MatMul,/job:localhost/replica:0/task:0/device:GPU:0,75.0,0.075
wqKvMQNm87,Slice,/job:localhost/replica:0/task:0/device:GPU:0,74.0,0.074
rSOLED84PX,Slice,/job:localhost/replica:0/task:0/device:GPU:0,74.0,0.074
KwqaBYgoNI,ConcatV2,/job:localhost/replica:0/task:0/device:GPU:0,74.0,0.074
LU2moa3Cjv,MatMul,/job:localhost/replica:0/task:0/device:GPU:0,74.0,0.074
mn5XhqbYrk,MatMul,/job:localhost/replica:0/task:0/device:GPU:0,74.0,0.074
3MWF7bskYq,Slice,/job:localhost/replica:0/task:0/device:GPU:0,73.0,0.073
Opsx7FCcdS,GatherV2,/job:localhost/replica:0/task:0/device:GPU:0,73.0,0.073
tLwK4FGsD5,MatMul,/job:localhost/replica:0/task:0/device:GPU:0,72.0,0.072
gwrYMVpyf5,MatMul,/job:localhost/replica:0/task:0/device:GPU:0,70.0,0.07
tNFoyflVr4,BatchMatMulV2,/job:localhost/replica:0/task:0/device:GPU:0,70.0,0.07
6TvqSGsCLO,MatMul,/job:localhost/replica:0/task:0/device:GPU:0,69.0,0.069
WiVyDs0lcA,GatherV2,/job:localhost/replica:0/task:0/device:GPU:0,68.0,0.068
u5Cfk4J3vG,BatchMatMulV2,/job:localhost/replica:0/task:0/device:GPU:0,68.0,0.068
K9nTw0vDQG,Slice,/job:localhost/replica:0/task:0/device:GPU:0,66.0,0.066
bnf0AGKmlU,GatherV2,/job:localhost/replica:0/task:0/device:GPU:0,66.0,0.066
sImlrvOL2f,MatMul,/job:localhost/replica:0/task:0/device:GPU:0,66.0,0.066
ftnCMaw8iV,ConcatV2,/job:localhost/replica:0/task:0/device:GPU:0,64.0,0.064
s2WGXUF9ip,Softmax,/job:localhost/replica:0/task:0/device:GPU:0,64.0,0.064
yRbwdFr1Bj,MatMul,/job:localhost/replica:0/task:0/device:GPU:0,63.0,0.063
jeKOBxfE2C,ConcatV2,/job:localhost/replica:0/task:0/device:GPU:0,63.0,0.063
1n7lGfNoZg,Softmax,/job:localhost/replica:0/task:0/device:GPU:0,63.0,0.063
RGIWPjZE0T,MatMul,/job:localhost/replica:0/task:0/device:GPU:0,63.0,0.063
7uonUpeO2a,GatherV2,/job:localhost/replica:0/task:0/device:GPU:0,62.0,0.062
FGQs3cJO2u,Prod,/job:localhost/replica:0/task:0/device:GPU:0,62.0,0.062
Q9w8DyU7Pv,MatMul,/job:localhost/replica:0/task:0/device:GPU:0,61.0,0.061
NVWIzsRc2b,ConcatV2,/job:localhost/replica:0/task:0/device:GPU:0,61.0,0.061
BP4xG0iv9y,GatherV2,/job:localhost/replica:0/task:0/device:GPU:0,61.0,0.061
VoYkaFzsSR,MatMul,/job:localhost/replica:0/task:0/device:GPU:0,61.0,0.061
N3jM6GTKc2,MatMul,/job:localhost/replica:0/task:0/device:GPU:0,61.0,0.061
PH8EdWlaAt,ConcatV2,/job:localhost/replica:0/task:0/device:GPU:0,61.0,0.061
nv87FqE0gf,ConcatV2,/job:localhost/replica:0/task:0/device:GPU:0,61.0,0.061
vPA8NrG7wf,Split,/job:localhost/replica:0/task:0/device:GPU:0,61.0,0.061
PCJUAb9QjI,Const,/job:localhost/replica:0/task:0/device:GPU:0,60.0,0.06
l9IJhRanQX,Slice,/job:localhost/replica:0/task:0/device:GPU:0,60.0,0.06
lOv5sHhSE0,ConcatV2,/job:localhost/replica:0/task:0/device:GPU:0,60.0,0.06
XKSULm4Md0,Split,/job:localhost/replica:0/task:0/device:GPU:0,60.0,0.06
rqJvzlVd7P,MatMul,/job:localhost/replica:0/task:0/device:GPU:0,60.0,0.06
8O3DPnXzYy,Pack,/job:localhost/replica:0/task:0/device:GPU:0,60.0,0.06
IixP2GYFZ5,Slice,/job:localhost/replica:0/task:0/device:GPU:0,59.0,0.059
KsmJHTor7e,GatherV2,/job:localhost/replica:0/task:0/device:GPU:0,59.0,0.059
BtiJ56rGYP,MatMul,/job:localhost/replica:0/task:0/device:GPU:0,59.0,0.059
RrpyVjXcH4,GatherV2,/job:localhost/replica:0/task:0/device:GPU:0,58.0,0.058
beMTyS1VJ9,GatherV2,/job:localhost/replica:0/task:0/device:GPU:0,58.0,0.058
UJzGs9ZW03,ConcatV2,/job:localhost/replica:0/task:0/device:GPU:0,58.0,0.058
8kAmE3xWiD,Softmax,/job:localhost/replica:0/task:0/device:GPU:0,58.0,0.058
3bQh7BHw1u,GatherV2,/job:localhost/replica:0/task:0/device:GPU:0,58.0,0.058
RJ14cXOfaG,Prod,/job:localhost/replica:0/task:0/device:GPU:0,58.0,0.058
dCSfoQgw2b,Const,/job:localhost/replica:0/task:0/device:GPU:0,57.0,0.057
9Rq2PIeb6L,Const,/job:localhost/replica:0/task:0/device:GPU:0,57.0,0.057
epUBbwERZ5,MatMul,/job:localhost/replica:0/task:0/device:GPU:0,57.0,0.057
Cy6gdKoS91,MatMul,/job:localhost/replica:0/task:0/device:GPU:0,57.0,0.057
adT0GfjUvQ,GatherV2,/job:localhost/replica:0/task:0/device:GPU:0,56.0,0.056
Pr5wDi4EfO,Prod,/job:localhost/replica:0/task:0/device:GPU:0,56.0,0.056
wFpz4EalC7,MatMul,/job:localhost/replica:0/task:0/device:GPU:0,56.0,0.056
ipY2Fdvuq4,Pack,/job:localhost/replica:0/task:0/device:GPU:0,54.0,0.054
Oyh1xKT6jJ,Pack,/job:localhost/replica:0/task:0/device:GPU:0,54.0,0.054
pEt6esGURy,GatherV2,/job:localhost/replica:0/task:0/device:GPU:0,54.0,0.054
hNWnZTxPzq,GatherV2,/job:localhost/replica:0/task:0/device:GPU:0,54.0,0.054
z9Igts1WLB,MatMul,/job:localhost/replica:0/task:0/device:GPU:0,54.0,0.054
VxZF4oyTQG,MatMul,/job:localhost/replica:0/task:0/device:GPU:0,54.0,0.054
YU65CdykPu,Pow,/job:localhost/replica:0/task:0/device:GPU:0,54.0,0.054
JWsopdBwf3,MatMul,/job:localhost/replica:0/task:0/device:GPU:0,54.0,0.054
6dhgVs5poZ,Slice,/job:localhost/replica:0/task:0/device:GPU:0,53.0,0.053
SsoeuQnxtf,Slice,/job:localhost/replica:0/task:0/device:GPU:0,53.0,0.053
NF4BmeJzs5,ConcatV2,/job:localhost/replica:0/task:0/device:GPU:0,53.0,0.053
2oLwXHnetu,ConcatV2,/job:localhost/replica:0/task:0/device:GPU:0,52.0,0.052
fWZk071roX,GatherV2,/job:localhost/replica:0/task:0/device:GPU:0,52.0,0.052
w7j4VaBoGQ,Pack,/job:localhost/replica:0/task:0/device:GPU:0,52.0,0.052
6dwrU4Vahn,Sub,/job:localhost/replica:0/task:0/device:GPU:0,52.0,0.052
lvqFRsJ3eV,ConcatV2,/job:localhost/replica:0/task:0/device:GPU:0,51.0,0.051
fjG4boFyPJ,MatMul,/job:localhost/replica:0/task:0/device:GPU:0,51.0,0.051
C0yaTumlih,BiasAdd,/job:localhost/replica:0/task:0/device:GPU:0,51.0,0.051
oTWqZ31S9Q,Const,/job:localhost/replica:0/task:0/device:GPU:0,50.0,0.05
FsPGfMNn2b,Prod,/job:localhost/replica:0/task:0/device:GPU:0,50.0,0.05
uF0w2X3Gkh,MatMul,/job:localhost/replica:0/task:0/device:GPU:0,50.0,0.05
0yE78mNkzK,GatherV2,/job:localhost/replica:0/task:0/device:GPU:0,50.0,0.05
2GEdc0nRT4,Pack,/job:localhost/replica:0/task:0/device:GPU:0,50.0,0.05
fk7um9RKH6,Pow,/job:localhost/replica:0/task:0/device:GPU:0,50.0,0.05
K6ELW4OrpD,Prod,/job:localhost/replica:0/task:0/device:GPU:0,50.0,0.05
CnPrMaSu3x,Softmax,/job:localhost/replica:0/task:0/device:GPU:0,50.0,0.05
Vl5tu6G3EB,Prod,/job:localhost/replica:0/task:0/device:GPU:0,50.0,0.05
sLPHCuzwO7,MatMul,/job:localhost/replica:0/task:0/device:GPU:0,49.0,0.049
T8D3ASF2Nj,Cast,/job:localhost/replica:0/task:0/device:GPU:0,49.0,0.049
Ajpnfsry3Z,GatherV2,/job:localhost/replica:0/task:0/device:GPU:0,49.0,0.049
SfOrd84bQj,Pack,/job:localhost/replica:0/task:0/device:GPU:0,49.0,0.049
es9qKO13PE,Slice,/job:localhost/replica:0/task:0/device:GPU:0,48.0,0.048
NV8q0yuLli,Slice,/job:localhost/replica:0/task:0/device:GPU:0,48.0,0.048
8jRtlJWdY9,ConcatV2,/job:localhost/replica:0/task:0/device:GPU:0,48.0,0.048
3HvQhVGXaS,ConcatV2,/job:localhost/replica:0/task:0/device:GPU:0,48.0,0.048
q2EscWaRgX,GatherV2,/job:localhost/replica:0/task:0/device:GPU:0,48.0,0.048
dw19L2FYGa,Const,/job:localhost/replica:0/task:0/device:GPU:0,47.0,0.047
mERiZa5rA4,MatMul,/job:localhost/replica:0/task:0/device:GPU:0,47.0,0.047
DoxqJjKCWH,ConcatV2,/job:localhost/replica:0/task:0/device:GPU:0,47.0,0.047
zvnwsSYaFl,MatMul,/job:localhost/replica:0/task:0/device:GPU:0,47.0,0.047
7Y5wcQaRO9,Pack,/job:localhost/replica:0/task:0/device:GPU:0,47.0,0.047
p1BefhjKEr,Pack,/job:localhost/replica:0/task:0/device:GPU:0,47.0,0.047
HNk7Blb4we,ConcatV2,/job:localhost/replica:0/task:0/device:GPU:0,47.0,0.047
avGm4EiB7O,Const,/job:localhost/replica:0/task:0/device:GPU:0,46.0,0.046
l5091uM6yp,Slice,/job:localhost/replica:0/task:0/device:GPU:0,46.0,0.046
rs0gdMi8aN,Slice,/job:localhost/replica:0/task:0/device:GPU:0,46.0,0.046
T1jsivOore,ConcatV2,/job:localhost/replica:0/task:0/device:GPU:0,46.0,0.046
yRb8tqHZWm,MatMul,/job:localhost/replica:0/task:0/device:GPU:0,46.0,0.046
i8s4tkrZJO,GatherV2,/job:localhost/replica:0/task:0/device:GPU:0,46.0,0.046
ABun3yG2Kp,ConcatV2,/job:localhost/replica:0/task:0/device:GPU:0,46.0,0.046
1YAocSGn3N,Const,/job:localhost/replica:0/task:0/device:GPU:0,45.0,0.045
wWbHvI0Oc2,Const,/job:localhost/replica:0/task:0/device:GPU:0,45.0,0.045
mwoIpe9XZv,Cast,/job:localhost/replica:0/task:0/device:GPU:0,45.0,0.045
tWyo3H047N,Pack,/job:localhost/replica:0/task:0/device:GPU:0,45.0,0.045
t3BmxyM21K,ConcatV2,/job:localhost/replica:0/task:0/device:GPU:0,45.0,0.045
nFi4vd7qA8,GatherV2,/job:localhost/replica:0/task:0/device:GPU:0,45.0,0.045
U4QGapncuN,BatchMatMulV2,/job:localhost/replica:0/task:0/device:GPU:0,45.0,0.045
cpD1ZOb0XU,MatMul,/job:localhost/replica:0/task:0/device:GPU:0,45.0,0.045
NR5TleEhvj,ConcatV2,/job:localhost/replica:0/task:0/device:GPU:0,45.0,0.045
utJk2FD6M0,ConcatV2,/job:localhost/replica:0/task:0/device:GPU:0,45.0,0.045
Wy1QJVwtr4,Const,/job:localhost/replica:0/task:0/device:GPU:0,44.0,0.044
5o7WOTvBVK,Slice,/job:localhost/replica:0/task:0/device:GPU:0,44.0,0.044
zDKj87610i,Const,/job:localhost/replica:0/task:0/device:GPU:0,44.0,0.044
eA3Ys2E7k0,ConcatV2,/job:localhost/replica:0/task:0/device:GPU:0,44.0,0.044
RabDlLpikj,BiasAdd,/job:localhost/replica:0/task:0/device:GPU:0,44.0,0.044
IC8WtbSqLz,Rsqrt,/job:localhost/replica:0/task:0/device:GPU:0,44.0,0.044
QyIxb8vYkS,BatchMatMulV2,/job:localhost/replica:0/task:0/device:GPU:0,44.0,0.044
Z1IvMaOU0g,MatMul,/job:localhost/replica:0/task:0/device:GPU:0,43.0,0.043
oygqM35RWF,BatchMatMulV2,/job:localhost/replica:0/task:0/device:GPU:0,43.0,0.043
wVO68YQh59,MatMul,/job:localhost/replica:0/task:0/device:GPU:0,42.0,0.042
aP0dJ7o9fS,Pack,/job:localhost/replica:0/task:0/device:GPU:0,42.0,0.042
F8Y7oDx59P,Slice,/job:localhost/replica:0/task:0/device:GPU:0,41.0,0.041
6o3RJilb9w,Cast,/job:localhost/replica:0/task:0/device:GPU:0,41.0,0.041
dKbBan0gzO,Slice,/job:localhost/replica:0/task:0/device:GPU:0,41.0,0.041
Mz3SEY4fcG,Pack,/job:localhost/replica:0/task:0/device:GPU:0,41.0,0.041
6fWOgQD7Mi,Pack,/job:localhost/replica:0/task:0/device:GPU:0,41.0,0.041
egAwUnfPZC,ConcatV2,/job:localhost/replica:0/task:0/device:GPU:0,41.0,0.041
UYjiX7oRtf,ConcatV2,/job:localhost/replica:0/task:0/device:GPU:0,41.0,0.041
l3QEoKOe7w,MatMul,/job:localhost/replica:0/task:0/device:GPU:0,41.0,0.041
FkvcEm3jf7,ConcatV2,/job:localhost/replica:0/task:0/device:GPU:0,41.0,0.041
WD8CnwSzrs,MatMul,/job:localhost/replica:0/task:0/device:GPU:0,41.0,0.041
BlyWZYMAsF,Prod,/job:localhost/replica:0/task:0/device:GPU:0,41.0,0.041
JH9csKPG3N,Slice,/job:localhost/replica:0/task:0/device:GPU:0,40.0,0.04
LT9ucKW7Jf,Slice,/job:localhost/replica:0/task:0/device:GPU:0,40.0,0.04
pNuqx4TcIm,Slice,/job:localhost/replica:0/task:0/device:GPU:0,40.0,0.04
Pw4X7SYk3O,Slice,/job:localhost/replica:0/task:0/device:GPU:0,40.0,0.04
oPUJ2kZRbF,ConcatV2,/job:localhost/replica:0/task:0/device:GPU:0,40.0,0.04
pKHBuS7NJP,Prod,/job:localhost/replica:0/task:0/device:GPU:0,40.0,0.04
DF5cl9zyiL,MatMul,/job:localhost/replica:0/task:0/device:GPU:0,40.0,0.04
L7TUnPVGaI,Pack,/job:localhost/replica:0/task:0/device:GPU:0,40.0,0.04
J84ApTKfoV,BatchMatMulV2,/job:localhost/replica:0/task:0/device:GPU:0,40.0,0.04
LkcbsFm7eB,Const,/job:localhost/replica:0/task:0/device:GPU:0,39.0,0.039
zs3fYPeZOd,Slice,/job:localhost/replica:0/task:0/device:GPU:0,39.0,0.039
nsBjaJSWDv,ConcatV2,/job:localhost/replica:0/task:0/device:GPU:0,39.0,0.039
hOFHulfJcd,Pack,/job:localhost/replica:0/task:0/device:GPU:0,39.0,0.039
cziohZ1DKI,Prod,/job:localhost/replica:0/task:0/device:GPU:0,39.0,0.039
4lwTAMh9Wa,MatMul,/job:localhost/replica:0/task:0/device:GPU:0,39.0,0.039
TiUJg4z2Nf,MatMul,/job:localhost/replica:0/task:0/device:GPU:0,39.0,0.039
mfb7PcCvWp,MatMul,/job:localhost/replica:0/task:0/device:GPU:0,39.0,0.039
p023mZLxN9,Slice,/job:localhost/replica:0/task:0/device:GPU:0,38.0,0.038
SnUWjfm2iv,ConcatV2,/job:localhost/replica:0/task:0/device:GPU:0,38.0,0.038
kERLNKAVDn,BiasAdd,/job:localhost/replica:0/task:0/device:GPU:0,38.0,0.038
764IdgeOHK,BatchMatMulV2,/job:localhost/replica:0/task:0/device:GPU:0,38.0,0.038
Psm5vXaZeA,Softmax,/job:localhost/replica:0/task:0/device:GPU:0,38.0,0.038
L6GySsBOXc,RealDiv,/job:localhost/replica:0/task:0/device:GPU:0,38.0,0.038
n6NJeyA2uM,Transpose,/job:localhost/replica:0/task:0/device:GPU:0,38.0,0.038
9VCi4RmTId,Pack,/job:localhost/replica:0/task:0/device:GPU:0,38.0,0.038
hdDvbpZm7H,MatMul,/job:localhost/replica:0/task:0/device:GPU:0,38.0,0.038
f7Jt8T3uq1,MatMul,/job:localhost/replica:0/task:0/device:GPU:0,37.0,0.037
t2qHojs4M9,MatMul,/job:localhost/replica:0/task:0/device:GPU:0,37.0,0.037
FXzsiAMmPK,Pack,/job:localhost/replica:0/task:0/device:GPU:0,37.0,0.037
3vH4XKx1m6,GatherV2,/job:localhost/replica:0/task:0/device:GPU:0,37.0,0.037
u8FoNbB3JL,MatMul,/job:localhost/replica:0/task:0/device:GPU:0,37.0,0.037
gkDtR3cym6,Cast,/job:localhost/replica:0/task:0/device:GPU:0,36.0,0.036
8NVaWiP9mq,Slice,/job:localhost/replica:0/task:0/device:GPU:0,36.0,0.036
SqVy2ARtdx,MatMul,/job:localhost/replica:0/task:0/device:GPU:0,36.0,0.036
mGwizCrp8g,GatherV2,/job:localhost/replica:0/task:0/device:GPU:0,36.0,0.036
2YlOB1j3sy,BatchMatMulV2,/job:localhost/replica:0/task:0/device:GPU:0,36.0,0.036
e8JP7jRBoN,ConcatV2,/job:localhost/replica:0/task:0/device:GPU:0,36.0,0.036
MlaN96TGrs,GatherV2,/job:localhost/replica:0/task:0/device:GPU:0,36.0,0.036
TPR7mZzdOy,Slice,/job:localhost/replica:0/task:0/device:GPU:0,35.0,0.035
onfiOtuESD,ConcatV2,/job:localhost/replica:0/task:0/device:GPU:0,35.0,0.035
Pid45my9un,MatMul,/job:localhost/replica:0/task:0/device:GPU:0,35.0,0.035
93pLjWJP2k,GatherV2,/job:localhost/replica:0/task:0/device:GPU:0,35.0,0.035
i4ThrkGvtl,BatchMatMulV2,/job:localhost/replica:0/task:0/device:GPU:0,35.0,0.035
Fl7dhJXjwV,GatherV2,/job:localhost/replica:0/task:0/device:GPU:0,35.0,0.035
WiA0vF7wTb,Transpose,/job:localhost/replica:0/task:0/device:GPU:0,35.0,0.035
8fn5j7FqlO,BiasAdd,/job:localhost/replica:0/task:0/device:GPU:0,35.0,0.035
sn6QPF4J5T,Softmax,/job:localhost/replica:0/task:0/device:GPU:0,35.0,0.035
wx2BLb3MzE,BiasAdd,/job:localhost/replica:0/task:0/device:GPU:0,35.0,0.035
Q5yxm4UONb,Transpose,/job:localhost/replica:0/task:0/device:GPU:0,35.0,0.035
DgabLQrTcU,BatchMatMulV2,/job:localhost/replica:0/task:0/device:GPU:0,35.0,0.035
5h7YKnzcNQ,MatMul,/job:localhost/replica:0/task:0/device:GPU:0,35.0,0.035
q7vUkoRCVs,MatMul,/job:localhost/replica:0/task:0/device:GPU:0,35.0,0.035
4aUonPfu2D,Cast,/job:localhost/replica:0/task:0/device:GPU:0,34.0,0.034
Yro7jIqtJv,Slice,/job:localhost/replica:0/task:0/device:GPU:0,34.0,0.034
NSKoF8cgQr,MatMul,/job:localhost/replica:0/task:0/device:GPU:0,34.0,0.034
WuTw85g3qS,GatherV2,/job:localhost/replica:0/task:0/device:GPU:0,34.0,0.034
L3TOsfwyUY,MatMul,/job:localhost/replica:0/task:0/device:GPU:0,34.0,0.034
N6mnL1bB4k,Slice,/job:localhost/replica:0/task:0/device:GPU:0,33.0,0.033
HFR2Nur3az,MatMul,/job:localhost/replica:0/task:0/device:GPU:0,33.0,0.033
omu6gdXUpS,Cast,/job:localhost/replica:0/task:0/device:GPU:0,33.0,0.033
f2FVWuml0R,BiasAdd,/job:localhost/replica:0/task:0/device:GPU:0,33.0,0.033
BADVPEC87r,Pow,/job:localhost/replica:0/task:0/device:GPU:0,33.0,0.033
HbUgIQJhod,MatMul,/job:localhost/replica:0/task:0/device:GPU:0,33.0,0.033
3FwvhB2OST,Slice,/job:localhost/replica:0/task:0/device:GPU:0,32.0,0.032
I5YUWHbyO6,Slice,/job:localhost/replica:0/task:0/device:GPU:0,32.0,0.032
czxoD9H5Xl,Sub,/job:localhost/replica:0/task:0/device:GPU:0,32.0,0.032
g6RCHwebAX,Prod,/job:localhost/replica:0/task:0/device:GPU:0,32.0,0.032
becaumXVC9,GatherV2,/job:localhost/replica:0/task:0/device:GPU:0,32.0,0.032
X4RyD9Ygwj,ConcatV2,/job:localhost/replica:0/task:0/device:GPU:0,32.0,0.032
10IEQy8qZY,ConcatV2,/job:localhost/replica:0/task:0/device:GPU:0,32.0,0.032
zrHw1ZBaxy,ConcatV2,/job:localhost/replica:0/task:0/device:GPU:0,32.0,0.032
13lk7bLBAX,BiasAdd,/job:localhost/replica:0/task:0/device:GPU:0,32.0,0.032
hNfkc1i0tI,MatMul,/job:localhost/replica:0/task:0/device:GPU:0,32.0,0.032
9FomLxinX5,BiasAdd,/job:localhost/replica:0/task:0/device:GPU:0,32.0,0.032
BJgVYdi9U8,MatMul,/job:localhost/replica:0/task:0/device:GPU:0,32.0,0.032
oK6AGB7W3O,Slice,/job:localhost/replica:0/task:0/device:GPU:0,31.0,0.031
wDFKzdM8q5,ConcatV2,/job:localhost/replica:0/task:0/device:GPU:0,31.0,0.031
YN7FDep3Br,Log,/job:localhost/replica:0/task:0/device:GPU:0,31.0,0.031
fMWGqUZApN,Neg,/job:localhost/replica:0/task:0/device:GPU:0,31.0,0.031
qvbrItNafo,AddV2,/job:localhost/replica:0/task:0/device:GPU:0,31.0,0.031
C0rsjYKQfk,Tanh,/job:localhost/replica:0/task:0/device:GPU:0,31.0,0.031
361RIrOzex,MatMul,/job:localhost/replica:0/task:0/device:GPU:0,31.0,0.031
NL3w2DKjcI,MatMul,/job:localhost/replica:0/task:0/device:GPU:0,31.0,0.031
HY4Tplj8Ev,MatMul,/job:localhost/replica:0/task:0/device:GPU:0,31.0,0.031
QKhI76YOMu,MatMul,/job:localhost/replica:0/task:0/device:GPU:0,31.0,0.031
zc5qdkyGfA,Slice,/job:localhost/replica:0/task:0/device:GPU:0,30.0,0.03
hn3Bx2P8dv,Slice,/job:localhost/replica:0/task:0/device:GPU:0,30.0,0.03
YJCWLzvHGI,Slice,/job:localhost/replica:0/task:0/device:GPU:0,30.0,0.03
wg4IdhAEGb,Slice,/job:localhost/replica:0/task:0/device:GPU:0,30.0,0.03
Dh9qfQCUXH,Slice,/job:localhost/replica:0/task:0/device:GPU:0,30.0,0.03
3SbOnBJp59,GatherV2,/job:localhost/replica:0/task:0/device:GPU:0,30.0,0.03
rC6ZFRYpjm,ConcatV2,/job:localhost/replica:0/task:0/device:GPU:0,30.0,0.03
sIxio289mJ,ConcatV2,/job:localhost/replica:0/task:0/device:GPU:0,30.0,0.03
VEFDywg6bp,MatMul,/job:localhost/replica:0/task:0/device:GPU:0,30.0,0.03
8tckBm2TeU,GatherV2,/job:localhost/replica:0/task:0/device:GPU:0,30.0,0.03
2B3iYPHWy4,StridedSlice,/job:localhost/replica:0/task:0/device:GPU:0,30.0,0.03
ibBXwZSax3,Softmax,/job:localhost/replica:0/task:0/device:GPU:0,30.0,0.03
jozhHSreZ4,MatMul,/job:localhost/replica:0/task:0/device:GPU:0,30.0,0.03
lqI02eNmwJ,Slice,/job:localhost/replica:0/task:0/device:GPU:0,29.0,0.029
7CyIv8ixZR,Slice,/job:localhost/replica:0/task:0/device:GPU:0,29.0,0.029
yvtBN6YpHJ,Slice,/job:localhost/replica:0/task:0/device:GPU:0,29.0,0.029
cpqSQ08YW6,Slice,/job:localhost/replica:0/task:0/device:GPU:0,29.0,0.029
ul9V6rRcU7,Slice,/job:localhost/replica:0/task:0/device:GPU:0,29.0,0.029
LdrxFnCaiM,Slice,/job:localhost/replica:0/task:0/device:GPU:0,29.0,0.029
eLTrHMaO8R,GatherV2,/job:localhost/replica:0/task:0/device:GPU:0,29.0,0.029
vd8psWgMtY,ConcatV2,/job:localhost/replica:0/task:0/device:GPU:0,29.0,0.029
9v4huZAOTY,MatMul,/job:localhost/replica:0/task:0/device:GPU:0,29.0,0.029
V2b3dx5npq,Prod,/job:localhost/replica:0/task:0/device:GPU:0,29.0,0.029
Vvw8pbKHzy,Neg,/job:localhost/replica:0/task:0/device:GPU:0,29.0,0.029
mfta6k92bM,Transpose,/job:localhost/replica:0/task:0/device:GPU:0,29.0,0.029
Ltegrm3jsb,StridedSlice,/job:localhost/replica:0/task:0/device:GPU:0,29.0,0.029
YksUmia8lg,Cast,/job:localhost/replica:0/task:0/device:GPU:0,28.0,0.028
gKPAyo0hCM,Slice,/job:localhost/replica:0/task:0/device:GPU:0,28.0,0.028
TGBWgfehqa,Slice,/job:localhost/replica:0/task:0/device:GPU:0,28.0,0.028
Kyp4hPgwbc,MatMul,/job:localhost/replica:0/task:0/device:GPU:0,28.0,0.028
TqBWh41p8g,ConcatV2,/job:localhost/replica:0/task:0/device:GPU:0,28.0,0.028
hqnSsgW1r0,Neg,/job:localhost/replica:0/task:0/device:GPU:0,28.0,0.028
ytqldYfuxc,GatherV2,/job:localhost/replica:0/task:0/device:GPU:0,28.0,0.028
t1mqNYZre2,Prod,/job:localhost/replica:0/task:0/device:GPU:0,28.0,0.028
7tfdo09XMv,BatchMatMulV2,/job:localhost/replica:0/task:0/device:GPU:0,28.0,0.028
WVB2hTsuct,MatMul,/job:localhost/replica:0/task:0/device:GPU:0,28.0,0.028
bJajY8g1qN,BiasAdd,/job:localhost/replica:0/task:0/device:GPU:0,28.0,0.028
ql94zoE2K5,Prod,/job:localhost/replica:0/task:0/device:GPU:0,28.0,0.028
av6E5gXut1,MatMul,/job:localhost/replica:0/task:0/device:GPU:0,28.0,0.028
XM80KJABud,StridedSlice,/job:localhost/replica:0/task:0/device:GPU:0,28.0,0.028
AYvTzIfBQX,StridedSlice,/job:localhost/replica:0/task:0/device:GPU:0,28.0,0.028
2vorDAq9HB,MatMul,/job:localhost/replica:0/task:0/device:GPU:0,28.0,0.028
pC0Q3cl5rk,MatMul,/job:localhost/replica:0/task:0/device:GPU:0,28.0,0.028
hsMfAxNy4m,MatMul,/job:localhost/replica:0/task:0/device:GPU:0,28.0,0.028
y6jQoETNxv,MatMul,/job:localhost/replica:0/task:0/device:GPU:0,28.0,0.028
Vp8uKFL5qb,MatMul,/job:localhost/replica:0/task:0/device:GPU:0,28.0,0.028
B2VZwUL4cv,MatMul,/job:localhost/replica:0/task:0/device:GPU:0,28.0,0.028
ZrKvSyfaGh,Cast,/job:localhost/replica:0/task:0/device:GPU:0,27.0,0.027
aFITqdDWml,Slice,/job:localhost/replica:0/task:0/device:GPU:0,27.0,0.027
oyaLzAF7KQ,Slice,/job:localhost/replica:0/task:0/device:GPU:0,27.0,0.027
zhCwg7JkuR,ConcatV2,/job:localhost/replica:0/task:0/device:GPU:0,27.0,0.027
jsbIyoBP2G,RealDiv,/job:localhost/replica:0/task:0/device:GPU:0,27.0,0.027
MI074gcPU8,Prod,/job:localhost/replica:0/task:0/device:GPU:0,27.0,0.027
juVNoiF2g9,Prod,/job:localhost/replica:0/task:0/device:GPU:0,27.0,0.027
MONlLeKrR8,GatherV2,/job:localhost/replica:0/task:0/device:GPU:0,27.0,0.027
BY8JG7ZxWo,BiasAdd,/job:localhost/replica:0/task:0/device:GPU:0,27.0,0.027
mWl1NYCrXG,Prod,/job:localhost/replica:0/task:0/device:GPU:0,27.0,0.027
h1FQcZmfWU,Softmax,/job:localhost/replica:0/task:0/device:GPU:0,27.0,0.027
lTxWm8ZchM,Pow,/job:localhost/replica:0/task:0/device:GPU:0,27.0,0.027
hf5p6r1yFl,MatMul,/job:localhost/replica:0/task:0/device:GPU:0,27.0,0.027
BNqzJMue25,MatMul,/job:localhost/replica:0/task:0/device:GPU:0,27.0,0.027
uPeQsSOhNk,MatMul,/job:localhost/replica:0/task:0/device:GPU:0,27.0,0.027
ApsYue2GUn,MatMul,/job:localhost/replica:0/task:0/device:GPU:0,27.0,0.027
2FgifUGWpY,MatMul,/job:localhost/replica:0/task:0/device:GPU:0,27.0,0.027
GrYaK8N1CQ,MatMul,/job:localhost/replica:0/task:0/device:GPU:0,27.0,0.027
Qh9oU67Yyu,MatMul,/job:localhost/replica:0/task:0/device:GPU:0,27.0,0.027
zD5jTaBIkM,MatMul,/job:localhost/replica:0/task:0/device:GPU:0,27.0,0.027
NhReyL524D,MatMul,/job:localhost/replica:0/task:0/device:GPU:0,27.0,0.027
HyftZb3BLV,MatMul,/job:localhost/replica:0/task:0/device:GPU:0,27.0,0.027
i2VTfBcvm9,MatMul,/job:localhost/replica:0/task:0/device:GPU:0,27.0,0.027
QV02bLm615,MatMul,/job:localhost/replica:0/task:0/device:GPU:0,27.0,0.027
yH82kcgBhw,MatMul,/job:localhost/replica:0/task:0/device:GPU:0,27.0,0.027
gr3yaOQtJE,MatMul,/job:localhost/replica:0/task:0/device:GPU:0,27.0,0.027
b94FHpCMrx,MatMul,/job:localhost/replica:0/task:0/device:GPU:0,27.0,0.027
EWINDFu5GL,MatMul,/job:localhost/replica:0/task:0/device:GPU:0,27.0,0.027
zs0SXY6A82,Slice,/job:localhost/replica:0/task:0/device:GPU:0,26.0,0.026
HvIf51obVm,Slice,/job:localhost/replica:0/task:0/device:GPU:0,26.0,0.026
u8NygdnjiX,Slice,/job:localhost/replica:0/task:0/device:GPU:0,26.0,0.026
Ut4RyZJ2wz,Slice,/job:localhost/replica:0/task:0/device:GPU:0,26.0,0.026
S6o3kTuNe7,ConcatV2,/job:localhost/replica:0/task:0/device:GPU:0,26.0,0.026
6th8CHe7g4,ConcatV2,/job:localhost/replica:0/task:0/device:GPU:0,26.0,0.026
1bviarnZEp,MatMul,/job:localhost/replica:0/task:0/device:GPU:0,26.0,0.026
a0PUW4BYGt,MatMul,/job:localhost/replica:0/task:0/device:GPU:0,26.0,0.026
k46GqRlJce,MatMul,/job:localhost/replica:0/task:0/device:GPU:0,26.0,0.026
PhNt6fVHKG,MatMul,/job:localhost/replica:0/task:0/device:GPU:0,26.0,0.026
E2GpfKacNj,MatMul,/job:localhost/replica:0/task:0/device:GPU:0,26.0,0.026
8e46XkAudL,MatMul,/job:localhost/replica:0/task:0/device:GPU:0,26.0,0.026
w0y4h7qbHX,MatMul,/job:localhost/replica:0/task:0/device:GPU:0,26.0,0.026
xDRJN21YuU,MatMul,/job:localhost/replica:0/task:0/device:GPU:0,26.0,0.026
bQFLEHVZeK,MatMul,/job:localhost/replica:0/task:0/device:GPU:0,26.0,0.026
aLOIne48Ei,MatMul,/job:localhost/replica:0/task:0/device:GPU:0,26.0,0.026
aMq7DsPUSJ,MatMul,/job:localhost/replica:0/task:0/device:GPU:0,26.0,0.026
EyD8N1ZOq2,MatMul,/job:localhost/replica:0/task:0/device:GPU:0,26.0,0.026
qQ9Anb7hTJ,MatMul,/job:localhost/replica:0/task:0/device:GPU:0,26.0,0.026
hbYNlBfj9P,MatMul,/job:localhost/replica:0/task:0/device:GPU:0,26.0,0.026
BZ9uFw7Nfp,MatMul,/job:localhost/replica:0/task:0/device:GPU:0,26.0,0.026
T8sCXkr9Ou,MatMul,/job:localhost/replica:0/task:0/device:GPU:0,26.0,0.026
TrpKjog6vQ,MatMul,/job:localhost/replica:0/task:0/device:GPU:0,26.0,0.026
rARLlzs3Qk,MatMul,/job:localhost/replica:0/task:0/device:GPU:0,26.0,0.026
fp0sNoaZPR,MatMul,/job:localhost/replica:0/task:0/device:GPU:0,26.0,0.026
rJS3hOvDi6,MatMul,/job:localhost/replica:0/task:0/device:GPU:0,26.0,0.026
uSxl3rVq6N,MatMul,/job:localhost/replica:0/task:0/device:GPU:0,26.0,0.026
PJUqCa6TNf,Slice,/job:localhost/replica:0/task:0/device:GPU:0,25.0,0.025
CWUp8dLFg6,Slice,/job:localhost/replica:0/task:0/device:GPU:0,25.0,0.025
tJx4IpbLMn,Slice,/job:localhost/replica:0/task:0/device:GPU:0,25.0,0.025
wgaxhnyKZU,Slice,/job:localhost/replica:0/task:0/device:GPU:0,25.0,0.025
TLbPfzRwGV,Slice,/job:localhost/replica:0/task:0/device:GPU:0,25.0,0.025
xzEcjMdiCO,Slice,/job:localhost/replica:0/task:0/device:GPU:0,25.0,0.025
HYmsaGZTSE,Slice,/job:localhost/replica:0/task:0/device:GPU:0,25.0,0.025
wQPETg2Xst,Slice,/job:localhost/replica:0/task:0/device:GPU:0,25.0,0.025
KOWp0aUTM2,Slice,/job:localhost/replica:0/task:0/device:GPU:0,25.0,0.025
S8N1Ocejuy,Slice,/job:localhost/replica:0/task:0/device:GPU:0,25.0,0.025
LJPnrKgEBx,Slice,/job:localhost/replica:0/task:0/device:GPU:0,25.0,0.025
ZUeSOuT94g,Slice,/job:localhost/replica:0/task:0/device:GPU:0,25.0,0.025
OUqFJHpctg,ConcatV2,/job:localhost/replica:0/task:0/device:GPU:0,25.0,0.025
Xo1hsGfqkA,MatMul,/job:localhost/replica:0/task:0/device:GPU:0,25.0,0.025
EG7HUbvWsN,MatMul,/job:localhost/replica:0/task:0/device:GPU:0,25.0,0.025
ViOmhBtbCT,ConcatV2,/job:localhost/replica:0/task:0/device:GPU:0,25.0,0.025
4wjtcoBpg7,ConcatV2,/job:localhost/replica:0/task:0/device:GPU:0,25.0,0.025
VkzS78xlOW,MatMul,/job:localhost/replica:0/task:0/device:GPU:0,25.0,0.025
6W7eiQha8K,MatMul,/job:localhost/replica:0/task:0/device:GPU:0,25.0,0.025
ylHzpMiDxA,MatMul,/job:localhost/replica:0/task:0/device:GPU:0,25.0,0.025
jxrc6REmht,MatMul,/job:localhost/replica:0/task:0/device:GPU:0,25.0,0.025
Ef1QOnq8LN,MatMul,/job:localhost/replica:0/task:0/device:GPU:0,25.0,0.025
5kqRwX1SL4,MatMul,/job:localhost/replica:0/task:0/device:GPU:0,25.0,0.025
BM2Gke1X03,MatMul,/job:localhost/replica:0/task:0/device:GPU:0,25.0,0.025
Ts5ICvYMLu,MatMul,/job:localhost/replica:0/task:0/device:GPU:0,25.0,0.025
RFMQ3HfpoA,MatMul,/job:localhost/replica:0/task:0/device:GPU:0,25.0,0.025
v0LygKxOmN,MatMul,/job:localhost/replica:0/task:0/device:GPU:0,25.0,0.025
PiUBHJsYDk,MatMul,/job:localhost/replica:0/task:0/device:GPU:0,25.0,0.025
NtmVGXUIKu,MatMul,/job:localhost/replica:0/task:0/device:GPU:0,25.0,0.025
m3X2b6wzYF,MatMul,/job:localhost/replica:0/task:0/device:GPU:0,25.0,0.025
OZ9AXuN2WI,MatMul,/job:localhost/replica:0/task:0/device:GPU:0,25.0,0.025
npfZodzFM4,MatMul,/job:localhost/replica:0/task:0/device:GPU:0,25.0,0.025
Oi8KmT9xqc,MatMul,/job:localhost/replica:0/task:0/device:GPU:0,25.0,0.025
RT9i0rOwlC,MatMul,/job:localhost/replica:0/task:0/device:GPU:0,25.0,0.025
CuJ98zpO2W,MatMul,/job:localhost/replica:0/task:0/device:GPU:0,25.0,0.025
2UWrcMihZ4,MatMul,/job:localhost/replica:0/task:0/device:GPU:0,25.0,0.025
NUnbe3fP1S,MatMul,/job:localhost/replica:0/task:0/device:GPU:0,25.0,0.025
zw5vOcMYpu,MatMul,/job:localhost/replica:0/task:0/device:GPU:0,25.0,0.025
HagSJ2uC04,MatMul,/job:localhost/replica:0/task:0/device:GPU:0,25.0,0.025
0MKx1k9J2Q,MatMul,/job:localhost/replica:0/task:0/device:GPU:0,25.0,0.025
H3irba8uYd,MatMul,/job:localhost/replica:0/task:0/device:GPU:0,25.0,0.025
BZwlyMcAhG,MatMul,/job:localhost/replica:0/task:0/device:GPU:0,25.0,0.025
6TVH05GFdi,MatMul,/job:localhost/replica:0/task:0/device:GPU:0,25.0,0.025
M7jxPtLeXF,MatMul,/job:localhost/replica:0/task:0/device:GPU:0,25.0,0.025
N2CiUulcKO,MatMul,/job:localhost/replica:0/task:0/device:GPU:0,25.0,0.025
S57dGzeVOX,MatMul,/job:localhost/replica:0/task:0/device:GPU:0,25.0,0.025
yUrOhm1beE,Slice,/job:localhost/replica:0/task:0/device:GPU:0,24.0,0.024
wT8B2sGEoS,MatMul,/job:localhost/replica:0/task:0/device:GPU:0,24.0,0.024
Oe3jWsgtzu,ConcatV2,/job:localhost/replica:0/task:0/device:GPU:0,24.0,0.024
p1JhdoIBiF,MatMul,/job:localhost/replica:0/task:0/device:GPU:0,24.0,0.024
NutR8UZO7M,MatMul,/job:localhost/replica:0/task:0/device:GPU:0,24.0,0.024
0PYXoiD4uO,BiasAdd,/job:localhost/replica:0/task:0/device:GPU:0,24.0,0.024
5826ysBQUH,GatherV2,/job:localhost/replica:0/task:0/device:GPU:0,24.0,0.024
7HJtmqpeyg,Neg,/job:localhost/replica:0/task:0/device:GPU:0,24.0,0.024
TqF74Hb8Je,MatMul,/job:localhost/replica:0/task:0/device:GPU:0,24.0,0.024
GnVWB4dzQZ,GatherV2,/job:localhost/replica:0/task:0/device:GPU:0,24.0,0.024
KJtBn9OmL0,MatMul,/job:localhost/replica:0/task:0/device:GPU:0,24.0,0.024
RsgNoLV1qO,MatMul,/job:localhost/replica:0/task:0/device:GPU:0,24.0,0.024
b16oVx8E2U,MatMul,/job:localhost/replica:0/task:0/device:GPU:0,24.0,0.024
2kfWiAPGod,MatMul,/job:localhost/replica:0/task:0/device:GPU:0,24.0,0.024
oQMrqRsjF1,MatMul,/job:localhost/replica:0/task:0/device:GPU:0,24.0,0.024
XoGKUcH8v2,MatMul,/job:localhost/replica:0/task:0/device:GPU:0,24.0,0.024
V1tNhu9Bz4,MatMul,/job:localhost/replica:0/task:0/device:GPU:0,24.0,0.024
6fNgpWVCdt,MatMul,/job:localhost/replica:0/task:0/device:GPU:0,24.0,0.024
FxEGpKLyua,MatMul,/job:localhost/replica:0/task:0/device:GPU:0,24.0,0.024
4HoD8hpQ3z,MatMul,/job:localhost/replica:0/task:0/device:GPU:0,24.0,0.024
xub8GnztoE,MatMul,/job:localhost/replica:0/task:0/device:GPU:0,24.0,0.024
YQ4PuGtozn,Slice,/job:localhost/replica:0/task:0/device:GPU:0,23.0,0.023
iDrHsWVu2O,Slice,/job:localhost/replica:0/task:0/device:GPU:0,23.0,0.023
BaVPIeMqLw,Slice,/job:localhost/replica:0/task:0/device:GPU:0,23.0,0.023
SQp6gw39U2,Slice,/job:localhost/replica:0/task:0/device:GPU:0,23.0,0.023
HxziUdMcm7,Cast,/job:localhost/replica:0/task:0/device:GPU:0,23.0,0.023
iKh69ZrToQ,Slice,/job:localhost/replica:0/task:0/device:GPU:0,23.0,0.023
WzogK5jDMC,Prod,/job:localhost/replica:0/task:0/device:GPU:0,23.0,0.023
qgNT1GhRQu,Prod,/job:localhost/replica:0/task:0/device:GPU:0,23.0,0.023
PDmIZ67hg4,Pack,/job:localhost/replica:0/task:0/device:GPU:0,23.0,0.023
g9djTKlSmX,ConcatV2,/job:localhost/replica:0/task:0/device:GPU:0,23.0,0.023
ZqztMjoXLH,ConcatV2,/job:localhost/replica:0/task:0/device:GPU:0,23.0,0.023
d7Zglyu1cB,Log,/job:localhost/replica:0/task:0/device:GPU:0,23.0,0.023
TqQSa8rRlB,RealDiv,/job:localhost/replica:0/task:0/device:GPU:0,23.0,0.023
wzZhTVkfjs,MatMul,/job:localhost/replica:0/task:0/device:GPU:0,23.0,0.023
NYriyLngBI,MatMul,/job:localhost/replica:0/task:0/device:GPU:0,23.0,0.023
1THgnwBXbj,MatMul,/job:localhost/replica:0/task:0/device:GPU:0,23.0,0.023
Mw721qbvBY,MatMul,/job:localhost/replica:0/task:0/device:GPU:0,23.0,0.023
4zI1oD2XaL,Prod,/job:localhost/replica:0/task:0/device:GPU:0,23.0,0.023
gI6UZmwLGk,MatMul,/job:localhost/replica:0/task:0/device:GPU:0,23.0,0.023
i3Y14kmnXN,Mul,/job:localhost/replica:0/task:0/device:GPU:0,23.0,0.023
JCdOExZ9Ua,Log,/job:localhost/replica:0/task:0/device:GPU:0,23.0,0.023
Z6QWlLAnvN,MatMul,/job:localhost/replica:0/task:0/device:GPU:0,23.0,0.023
sJUwyekFOS,ConcatV2,/job:localhost/replica:0/task:0/device:GPU:0,23.0,0.023
T7LrZIlwE1,BatchMatMulV2,/job:localhost/replica:0/task:0/device:GPU:0,23.0,0.023
fLEwBF2SGq,Slice,/job:localhost/replica:0/task:0/device:GPU:0,22.0,0.022
t6RCbSqmag,Slice,/job:localhost/replica:0/task:0/device:GPU:0,22.0,0.022
JebzuEZv3k,Slice,/job:localhost/replica:0/task:0/device:GPU:0,22.0,0.022
FMxwcKmRG1,Slice,/job:localhost/replica:0/task:0/device:GPU:0,22.0,0.022
6n8I2MdEGr,ConcatV2,/job:localhost/replica:0/task:0/device:GPU:0,22.0,0.022
2zt1kwJL9A,MatMul,/job:localhost/replica:0/task:0/device:GPU:0,22.0,0.022
8HMN9mfg0t,MatMul,/job:localhost/replica:0/task:0/device:GPU:0,22.0,0.022
ySusvqFx8i,MatMul,/job:localhost/replica:0/task:0/device:GPU:0,22.0,0.022
sarTu5z3DL,MatMul,/job:localhost/replica:0/task:0/device:GPU:0,22.0,0.022
SItZ2894kj,MatMul,/job:localhost/replica:0/task:0/device:GPU:0,22.0,0.022
Z5AIuSoj84,MatMul,/job:localhost/replica:0/task:0/device:GPU:0,22.0,0.022
cSekZTL1Fx,MatMul,/job:localhost/replica:0/task:0/device:GPU:0,22.0,0.022
FqPZtHRYy9,Split,/job:localhost/replica:0/task:0/device:GPU:0,22.0,0.022
KgNyIX6hx9,Pack,/job:localhost/replica:0/task:0/device:GPU:0,22.0,0.022
tdQ48ZNG7W,MatMul,/job:localhost/replica:0/task:0/device:GPU:0,22.0,0.022
JbHMzrSI1Q,GatherV2,/job:localhost/replica:0/task:0/device:GPU:0,22.0,0.022
5tbEAValxK,Pow,/job:localhost/replica:0/task:0/device:GPU:0,22.0,0.022
jOIwzPb9Z6,MatMul,/job:localhost/replica:0/task:0/device:GPU:0,22.0,0.022
jpzcfm5Psy,Prod,/job:localhost/replica:0/task:0/device:GPU:0,22.0,0.022
Rs374q2nmN,MatMul,/job:localhost/replica:0/task:0/device:GPU:0,22.0,0.022
HIoFxfpgGi,MatMul,/job:localhost/replica:0/task:0/device:GPU:0,22.0,0.022
iAuPChzMRH,MatMul,/job:localhost/replica:0/task:0/device:GPU:0,22.0,0.022
_arg_khJcIxW3zv_0_279,Placeholder,/job:localhost/replica:0/task:0/device:CPU:0,22.0,0.022
5UWcANBw1O,Slice,/job:localhost/replica:0/task:0/device:GPU:0,21.0,0.021
Ampz1uslNd,Slice,/job:localhost/replica:0/task:0/device:GPU:0,21.0,0.021
z9J8KIXEr5,Slice,/job:localhost/replica:0/task:0/device:GPU:0,21.0,0.021
h3KmV2X5rH,Slice,/job:localhost/replica:0/task:0/device:GPU:0,21.0,0.021
nhW6QLcf8v,AddV2,/job:localhost/replica:0/task:0/device:GPU:0,21.0,0.021
8R4lJsqUIY,Slice,/job:localhost/replica:0/task:0/device:GPU:0,21.0,0.021
U8xEX7DaFK,Slice,/job:localhost/replica:0/task:0/device:GPU:0,21.0,0.021
qGoWg0Pkue,Slice,/job:localhost/replica:0/task:0/device:GPU:0,21.0,0.021
sMXyhrqwed,GatherV2,/job:localhost/replica:0/task:0/device:GPU:0,21.0,0.021
LBsJ02A6lP,MatMul,/job:localhost/replica:0/task:0/device:GPU:0,21.0,0.021
Y6utd0ALxP,MatMul,/job:localhost/replica:0/task:0/device:GPU:0,21.0,0.021
1YRnHtrbP2,GatherV2,/job:localhost/replica:0/task:0/device:GPU:0,21.0,0.021
lmbMRuOyvH,Rsqrt,/job:localhost/replica:0/task:0/device:GPU:0,21.0,0.021
rQYi7xl2kX,Pack,/job:localhost/replica:0/task:0/device:GPU:0,21.0,0.021
2XK81L3mQa,MatMul,/job:localhost/replica:0/task:0/device:GPU:0,21.0,0.021
bU4hYaRkEQ,MatMul,/job:localhost/replica:0/task:0/device:GPU:0,21.0,0.021
NXz95QFfv6,MatMul,/job:localhost/replica:0/task:0/device:GPU:0,21.0,0.021
xYkAdXFK27,MatMul,/job:localhost/replica:0/task:0/device:GPU:0,21.0,0.021
hWVJc8UMTC,MatMul,/job:localhost/replica:0/task:0/device:GPU:0,21.0,0.021
MYz9Aju6Kc,MatMul,/job:localhost/replica:0/task:0/device:GPU:0,21.0,0.021
Qz0n3dIHE8,MatMul,/job:localhost/replica:0/task:0/device:GPU:0,21.0,0.021
IZWcb6YLwx,MatMul,/job:localhost/replica:0/task:0/device:GPU:0,21.0,0.021
87cmkLxA5r,RealDiv,/job:localhost/replica:0/task:0/device:GPU:0,21.0,0.021
ERKewBGbq4,Sigmoid,/job:localhost/replica:0/task:0/device:GPU:0,20.0,0.02
9uWKQ8tGzT,Slice,/job:localhost/replica:0/task:0/device:GPU:0,20.0,0.02
9aM6tHkcpq,AddN,/job:localhost/replica:0/task:0/device:GPU:0,20.0,0.02
igSPDas5xB,Slice,/job:localhost/replica:0/task:0/device:GPU:0,20.0,0.02
DHFOSuCqV7,Slice,/job:localhost/replica:0/task:0/device:GPU:0,20.0,0.02
zg9WbtVUXO,Slice,/job:localhost/replica:0/task:0/device:GPU:0,20.0,0.02
NUQhYWEmOl,ConcatV2,/job:localhost/replica:0/task:0/device:GPU:0,20.0,0.02
krua5dhyI0,ConcatV2,/job:localhost/replica:0/task:0/device:GPU:0,20.0,0.02
aABpJjSNzR,Neg,/job:localhost/replica:0/task:0/device:GPU:0,20.0,0.02
CSOzqxPsG3,MatMul,/job:localhost/replica:0/task:0/device:GPU:0,20.0,0.02
5O1vaTs9ft,MatMul,/job:localhost/replica:0/task:0/device:GPU:0,20.0,0.02
A1aQEIYhrV,MatMul,/job:localhost/replica:0/task:0/device:GPU:0,20.0,0.02
ITZ1jU68ei,GatherV2,/job:localhost/replica:0/task:0/device:GPU:0,20.0,0.02
AEKclHYJyW,Prod,/job:localhost/replica:0/task:0/device:GPU:0,20.0,0.02
ZBkUHTxaKG,Rsqrt,/job:localhost/replica:0/task:0/device:GPU:0,20.0,0.02
M3HYb2PEfy,MatMul,/job:localhost/replica:0/task:0/device:GPU:0,20.0,0.02
YB2cpiGraf,Sub,/job:localhost/replica:0/task:0/device:GPU:0,20.0,0.02
ioYkhvFKEJ,MatMul,/job:localhost/replica:0/task:0/device:GPU:0,20.0,0.02
eiI5tUTKmN,MatMul,/job:localhost/replica:0/task:0/device:GPU:0,20.0,0.02
z29wF4xcN7,MatMul,/job:localhost/replica:0/task:0/device:GPU:0,20.0,0.02
8zE3jBPWoI,MatMul,/job:localhost/replica:0/task:0/device:GPU:0,20.0,0.02
PTdohb5wVu,MatMul,/job:localhost/replica:0/task:0/device:GPU:0,20.0,0.02
VIgG4EmyXL,Prod,/job:localhost/replica:0/task:0/device:GPU:0,20.0,0.02
K4Qhv3DOJ1,Slice,/job:localhost/replica:0/task:0/device:GPU:0,19.0,0.019
7DNCGVw8U2,Slice,/job:localhost/replica:0/task:0/device:GPU:0,19.0,0.019
cNY5ZtpqI1,Slice,/job:localhost/replica:0/task:0/device:GPU:0,19.0,0.019
DvRjhZCkTB,Slice,/job:localhost/replica:0/task:0/device:GPU:0,19.0,0.019
nX3o8WkHJu,Const,/job:localhost/replica:0/task:0/device:GPU:0,19.0,0.019
AMiSexwCXy,Slice,/job:localhost/replica:0/task:0/device:GPU:0,19.0,0.019
ctSM6TK5gs,Slice,/job:localhost/replica:0/task:0/device:GPU:0,19.0,0.019
p4omVK1njC,Slice,/job:localhost/replica:0/task:0/device:GPU:0,19.0,0.019
PtmBo4DQ19,ConcatV2,/job:localhost/replica:0/task:0/device:GPU:0,19.0,0.019
AGrpLOdM2e,ConcatV2,/job:localhost/replica:0/task:0/device:GPU:0,19.0,0.019
WHxraAYGpl,RealDiv,/job:localhost/replica:0/task:0/device:GPU:0,19.0,0.019
u7a6EoMO8n,Split,/job:localhost/replica:0/task:0/device:GPU:0,19.0,0.019
SzyevRkO7x,Pow,/job:localhost/replica:0/task:0/device:GPU:0,19.0,0.019
9pk7XjMEBK,Rsqrt,/job:localhost/replica:0/task:0/device:GPU:0,19.0,0.019
1ghomHL3n5,BatchMatMulV2,/job:localhost/replica:0/task:0/device:GPU:0,19.0,0.019
YCh086XJLQ,Prod,/job:localhost/replica:0/task:0/device:GPU:0,19.0,0.019
yFYANI9GqE,Slice,/job:localhost/replica:0/task:0/device:GPU:0,18.0,0.018
sKxgAP8w2R,Slice,/job:localhost/replica:0/task:0/device:GPU:0,18.0,0.018
3HQUdPjJqK,Slice,/job:localhost/replica:0/task:0/device:GPU:0,18.0,0.018
WJp2wmgL7X,Slice,/job:localhost/replica:0/task:0/device:GPU:0,18.0,0.018
kBR4iDtrPM,Prod,/job:localhost/replica:0/task:0/device:GPU:0,18.0,0.018
edcE62NwgO,GatherV2,/job:localhost/replica:0/task:0/device:GPU:0,18.0,0.018
b1gc2kzjMH,ConcatV2,/job:localhost/replica:0/task:0/device:GPU:0,18.0,0.018
ZDNFSGm3J1,Prod,/job:localhost/replica:0/task:0/device:GPU:0,18.0,0.018
pTdEmMUO0e,Neg,/job:localhost/replica:0/task:0/device:GPU:0,18.0,0.018
mBN7R6fKGE,MatMul,/job:localhost/replica:0/task:0/device:GPU:0,18.0,0.018
ypiTKgkNut,Pack,/job:localhost/replica:0/task:0/device:GPU:0,18.0,0.018
ghOCWcoin0,GatherV2,/job:localhost/replica:0/task:0/device:GPU:0,18.0,0.018
4ilfnkAmvY,Split,/job:localhost/replica:0/task:0/device:GPU:0,18.0,0.018
LVq1QRMYyX,ConcatV2,/job:localhost/replica:0/task:0/device:GPU:0,18.0,0.018
saB3WIGx7J,Split,/job:localhost/replica:0/task:0/device:GPU:0,18.0,0.018
R54c8moriU,ConcatV2,/job:localhost/replica:0/task:0/device:GPU:0,18.0,0.018
7jkVxy6LEf,StridedSlice,/job:localhost/replica:0/task:0/device:GPU:0,18.0,0.018
NWDrKp4evu,Split,/job:localhost/replica:0/task:0/device:GPU:0,18.0,0.018
c6Y9I3uGKM,StridedSlice,/job:localhost/replica:0/task:0/device:GPU:0,18.0,0.018
e7jp5EgnRq,Slice,/job:localhost/replica:0/task:0/device:GPU:0,17.0,0.017
4lHZd1ufx0,Slice,/job:localhost/replica:0/task:0/device:GPU:0,17.0,0.017
i6fyEpAhk9,Slice,/job:localhost/replica:0/task:0/device:GPU:0,17.0,0.017
KY1Ubsw27O,Slice,/job:localhost/replica:0/task:0/device:GPU:0,17.0,0.017
byv1QFMsKB,Slice,/job:localhost/replica:0/task:0/device:GPU:0,17.0,0.017
Oq18BfbGLU,Slice,/job:localhost/replica:0/task:0/device:GPU:0,17.0,0.017
OPZF4q3kwC,Slice,/job:localhost/replica:0/task:0/device:GPU:0,17.0,0.017
Q6gbqi2DOt,Sub,/job:localhost/replica:0/task:0/device:GPU:0,17.0,0.017
DtSgA7MeWn,Slice,/job:localhost/replica:0/task:0/device:GPU:0,17.0,0.017
fpjaO5Kuq6,ConcatV2,/job:localhost/replica:0/task:0/device:GPU:0,17.0,0.017
s7YKvItwR4,GatherV2,/job:localhost/replica:0/task:0/device:GPU:0,17.0,0.017
EQnCRw9clB,Cast,/job:localhost/replica:0/task:0/device:GPU:0,17.0,0.017
brGkPdDL4E,Pow,/job:localhost/replica:0/task:0/device:GPU:0,17.0,0.017
JqZEGY7l3x,BiasAdd,/job:localhost/replica:0/task:0/device:GPU:0,17.0,0.017
TFMYSGbPqa,BiasAdd,/job:localhost/replica:0/task:0/device:GPU:0,17.0,0.017
R3ZwXrSTxK,ConcatV2,/job:localhost/replica:0/task:0/device:GPU:0,17.0,0.017
oWPf7BcRby,GatherV2,/job:localhost/replica:0/task:0/device:GPU:0,17.0,0.017
w8S9QrkDab,Add,/job:localhost/replica:0/task:0/device:GPU:0,17.0,0.017
oEnsXjaYq5,Mul,/job:localhost/replica:0/task:0/device:GPU:0,17.0,0.017
HvRP0XrEVa,Tanh,/job:localhost/replica:0/task:0/device:GPU:0,17.0,0.017
GxfaC5ico3,MatMul,/job:localhost/replica:0/task:0/device:GPU:0,17.0,0.017
TSIgucR3vb,ConcatV2,/job:localhost/replica:0/task:0/device:GPU:0,17.0,0.017
xbjfcz9oeH,StridedSlice,/job:localhost/replica:0/task:0/device:GPU:0,17.0,0.017
nMxlLNrJHO,Split,/job:localhost/replica:0/task:0/device:GPU:0,17.0,0.017
YVBjlC7EmM,Softmax,/job:localhost/replica:0/task:0/device:GPU:0,17.0,0.017
8fPHMLOpY5,MatMul,/job:localhost/replica:0/task:0/device:GPU:0,17.0,0.017
GLWMb9qdBT,MatMul,/job:localhost/replica:0/task:0/device:GPU:0,17.0,0.017
f9lxvBNz4G,Add,/job:localhost/replica:0/task:0/device:GPU:0,16.0,0.016
6f3d0tuRjW,Slice,/job:localhost/replica:0/task:0/device:GPU:0,16.0,0.016
cLerCySWBK,Slice,/job:localhost/replica:0/task:0/device:GPU:0,16.0,0.016
0lp7wIPf9A,Slice,/job:localhost/replica:0/task:0/device:GPU:0,16.0,0.016
VUjKS5Wz8m,Slice,/job:localhost/replica:0/task:0/device:GPU:0,16.0,0.016
z2scJuFD5C,Slice,/job:localhost/replica:0/task:0/device:GPU:0,16.0,0.016
frencZFOPy,Slice,/job:localhost/replica:0/task:0/device:GPU:0,16.0,0.016
zUMCcJx0d3,Prod,/job:localhost/replica:0/task:0/device:GPU:0,16.0,0.016
3aVD2gh847,ConcatV2,/job:localhost/replica:0/task:0/device:GPU:0,16.0,0.016
dEzKMU4ByR,ConcatV2,/job:localhost/replica:0/task:0/device:GPU:0,16.0,0.016
p8iB6z3Sy0,ConcatV2,/job:localhost/replica:0/task:0/device:GPU:0,16.0,0.016
kDWUcza2nM,Cast,/job:localhost/replica:0/task:0/device:GPU:0,16.0,0.016
RWI572lMfc,BiasAdd,/job:localhost/replica:0/task:0/device:GPU:0,16.0,0.016
VaqI8QOHzi,Sub,/job:localhost/replica:0/task:0/device:GPU:0,16.0,0.016
X6RQujwhZq,Prod,/job:localhost/replica:0/task:0/device:GPU:0,16.0,0.016
Bdgj0pDqxM,Split,/job:localhost/replica:0/task:0/device:GPU:0,16.0,0.016
Hzpu1PecRq,Prod,/job:localhost/replica:0/task:0/device:GPU:0,16.0,0.016
jsJz3k9dQ5,Prod,/job:localhost/replica:0/task:0/device:GPU:0,16.0,0.016
7oqwjLGc6X,Prod,/job:localhost/replica:0/task:0/device:GPU:0,16.0,0.016
saNwim7vEo,Log,/job:localhost/replica:0/task:0/device:GPU:0,16.0,0.016
FlOUq8deTz,Sub,/job:localhost/replica:0/task:0/device:GPU:0,16.0,0.016
QhXUFR97r0,Rsqrt,/job:localhost/replica:0/task:0/device:GPU:0,16.0,0.016
KPhy9cafCt,Split,/job:localhost/replica:0/task:0/device:GPU:0,16.0,0.016
NStxPcETeK,Softmax,/job:localhost/replica:0/task:0/device:GPU:0,16.0,0.016
r486CDh2kx,ConcatV2,/job:localhost/replica:0/task:0/device:GPU:0,16.0,0.016
dwroHqCyBS,GatherV2,/job:localhost/replica:0/task:0/device:GPU:0,16.0,0.016
IcNLE2RDSA,Mul,/job:localhost/replica:0/task:0/device:GPU:0,15.0,0.015
IsdeTE2W1S,Slice,/job:localhost/replica:0/task:0/device:GPU:0,15.0,0.015
FipJSslhAv,Slice,/job:localhost/replica:0/task:0/device:GPU:0,15.0,0.015
NmzWoC5ixP,Slice,/job:localhost/replica:0/task:0/device:GPU:0,15.0,0.015
2XYeTwtRjN,Add,/job:localhost/replica:0/task:0/device:GPU:0,15.0,0.015
BXKDMsgnZN,Slice,/job:localhost/replica:0/task:0/device:GPU:0,15.0,0.015
2bhlUkjEw1,BiasAdd,/job:localhost/replica:0/task:0/device:GPU:0,15.0,0.015
RMJZfSlzUe,MatMul,/job:localhost/replica:0/task:0/device:GPU:0,15.0,0.015
KONnpI0bie,Prod,/job:localhost/replica:0/task:0/device:GPU:0,15.0,0.015
AQLFdovsgc,AddV2,/job:localhost/replica:0/task:0/device:GPU:0,15.0,0.015
zS5BfYwit4,BiasAdd,/job:localhost/replica:0/task:0/device:GPU:0,15.0,0.015
xbXeF3TfgN,StridedSlice,/job:localhost/replica:0/task:0/device:GPU:0,15.0,0.015
oQAt9acl23,ConcatV2,/job:localhost/replica:0/task:0/device:GPU:0,15.0,0.015
QVFYSb0ZK2,ConcatV2,/job:localhost/replica:0/task:0/device:GPU:0,15.0,0.015
ujdVAwgDr2,ConcatV2,/job:localhost/replica:0/task:0/device:GPU:0,15.0,0.015
IEDeq7ci8N,ConcatV2,/job:localhost/replica:0/task:0/device:GPU:0,15.0,0.015
5Jw2LyAp0e,Softmax,/job:localhost/replica:0/task:0/device:GPU:0,15.0,0.015
NuvJ2918xo,Slice,/job:localhost/replica:0/task:0/device:GPU:0,14.0,0.014
WuCTUO1bXV,Slice,/job:localhost/replica:0/task:0/device:GPU:0,14.0,0.014
OWiR1vboGa,Slice,/job:localhost/replica:0/task:0/device:GPU:0,14.0,0.014
hu2UyNqmSW,Slice,/job:localhost/replica:0/task:0/device:GPU:0,14.0,0.014
j7gxJ3Vr0Z,Slice,/job:localhost/replica:0/task:0/device:GPU:0,14.0,0.014
Y2lfqP0HBs,Slice,/job:localhost/replica:0/task:0/device:GPU:0,14.0,0.014
kuAxbQp9SK,Slice,/job:localhost/replica:0/task:0/device:GPU:0,14.0,0.014
7RagecJ0Sv,Slice,/job:localhost/replica:0/task:0/device:GPU:0,14.0,0.014
qsd7RStgXH,Slice,/job:localhost/replica:0/task:0/device:GPU:0,14.0,0.014
gliJxYh0SA,Slice,/job:localhost/replica:0/task:0/device:GPU:0,14.0,0.014
0l6XtanVDc,Tanh,/job:localhost/replica:0/task:0/device:GPU:0,14.0,0.014
LfVd4elwJh,MatMul,/job:localhost/replica:0/task:0/device:GPU:0,14.0,0.014
2F8wjIPiJh,Reshape,/job:localhost/replica:0/task:0/device:GPU:0,14.0,0.014
1oqD5GdyVf,Prod,/job:localhost/replica:0/task:0/device:GPU:0,14.0,0.014
Ml3pVSQID6,GatherV2,/job:localhost/replica:0/task:0/device:GPU:0,14.0,0.014
AZC2qiM3wx,Add,/job:localhost/replica:0/task:0/device:GPU:0,14.0,0.014
SRGFIU9KQJ,GatherV2,/job:localhost/replica:0/task:0/device:GPU:0,14.0,0.014
nAjzYPTrJs,MatMul,/job:localhost/replica:0/task:0/device:GPU:0,14.0,0.014
oQdjc2tvmC,MatMul,/job:localhost/replica:0/task:0/device:GPU:0,14.0,0.014
EWnrQgcH4R,MatMul,/job:localhost/replica:0/task:0/device:GPU:0,14.0,0.014
cZlkPJugn8,MatMul,/job:localhost/replica:0/task:0/device:GPU:0,14.0,0.014
UeHF8f7ApZ,MatMul,/job:localhost/replica:0/task:0/device:GPU:0,14.0,0.014
YTGDzNvrl6,StridedSlice,/job:localhost/replica:0/task:0/device:GPU:0,14.0,0.014
PswJRIak93,MatMul,/job:localhost/replica:0/task:0/device:GPU:0,14.0,0.014
f3bAxWvJrS,Slice,/job:localhost/replica:0/task:0/device:GPU:0,13.0,0.013
L9fS14j0uT,Slice,/job:localhost/replica:0/task:0/device:GPU:0,13.0,0.013
bpK2s3rywu,Cast,/job:localhost/replica:0/task:0/device:GPU:0,13.0,0.013
kKNQJryAZH,Sub,/job:localhost/replica:0/task:0/device:GPU:0,13.0,0.013
pCrDGqX1JT,Slice,/job:localhost/replica:0/task:0/device:GPU:0,13.0,0.013
Q1S0o7mxiF,Slice,/job:localhost/replica:0/task:0/device:GPU:0,13.0,0.013
hscCxP7aXO,Slice,/job:localhost/replica:0/task:0/device:GPU:0,13.0,0.013
8ROXJiZmaq,RealDiv,/job:localhost/replica:0/task:0/device:GPU:0,13.0,0.013
rju1vtWesJ,Slice,/job:localhost/replica:0/task:0/device:GPU:0,13.0,0.013
3wMFiVkLtc,Slice,/job:localhost/replica:0/task:0/device:GPU:0,13.0,0.013
hb3fDpBqSt,Slice,/job:localhost/replica:0/task:0/device:GPU:0,13.0,0.013
WpVIRzgQuZ,Slice,/job:localhost/replica:0/task:0/device:GPU:0,13.0,0.013
4IuHAspTiJ,Slice,/job:localhost/replica:0/task:0/device:GPU:0,13.0,0.013
JADlvMoWzp,AddV2,/job:localhost/replica:0/task:0/device:GPU:0,13.0,0.013
HltVMWoa5h,Slice,/job:localhost/replica:0/task:0/device:GPU:0,13.0,0.013
xPnwYJiABU,Slice,/job:localhost/replica:0/task:0/device:GPU:0,13.0,0.013
0he2gr31fq,ConcatV2,/job:localhost/replica:0/task:0/device:GPU:0,13.0,0.013
Put7Sc2X1D,Cast,/job:localhost/replica:0/task:0/device:GPU:0,13.0,0.013
78By4u56FD,Neg,/job:localhost/replica:0/task:0/device:GPU:0,13.0,0.013
k97zl8t6X3,Mean,/job:localhost/replica:0/task:0/device:GPU:0,13.0,0.013
Y6Ged0aCWJ,GatherV2,/job:localhost/replica:0/task:0/device:GPU:0,13.0,0.013
v63zUMZiTR,Prod,/job:localhost/replica:0/task:0/device:GPU:0,13.0,0.013
KLupasYJ7m,Split,/job:localhost/replica:0/task:0/device:GPU:0,13.0,0.013
6vuNsaC3JS,RealDiv,/job:localhost/replica:0/task:0/device:GPU:0,13.0,0.013
BKIQtvousN,Tanh,/job:localhost/replica:0/task:0/device:GPU:0,13.0,0.013
NHfkdgOuB7,Add,/job:localhost/replica:0/task:0/device:GPU:0,13.0,0.013
OCPWe3QpDi,MatMul,/job:localhost/replica:0/task:0/device:GPU:0,13.0,0.013
1LrkYmyuI2,MatMul,/job:localhost/replica:0/task:0/device:GPU:0,13.0,0.013
b8lkIKPTNi,MatMul,/job:localhost/replica:0/task:0/device:GPU:0,13.0,0.013
BEGit3AlNf,MatMul,/job:localhost/replica:0/task:0/device:GPU:0,13.0,0.013
ASXkh785PZ,MatMul,/job:localhost/replica:0/task:0/device:GPU:0,13.0,0.013
jwvXSuJ15r,MatMul,/job:localhost/replica:0/task:0/device:GPU:0,13.0,0.013
9VGkQjDT3n,StridedSlice,/job:localhost/replica:0/task:0/device:GPU:0,13.0,0.013
jlWEFgGzYt,BatchMatMulV2,/job:localhost/replica:0/task:0/device:GPU:0,13.0,0.013
lMjFehDqI7,AddV2,/job:localhost/replica:0/task:0/device:GPU:0,13.0,0.013
dS0V72uGbF,MatMul,/job:localhost/replica:0/task:0/device:GPU:0,13.0,0.013
PfteDhBnxv,MatMul,/job:localhost/replica:0/task:0/device:GPU:0,13.0,0.013
N3wTjKZSLU,MatMul,/job:localhost/replica:0/task:0/device:GPU:0,13.0,0.013
PoKf4SpyNj,Softmax,/job:localhost/replica:0/task:0/device:GPU:0,13.0,0.013
8L9gAZTeJu,Slice,/job:localhost/replica:0/task:0/device:GPU:0,12.0,0.012
pwSeYHWNRq,Slice,/job:localhost/replica:0/task:0/device:GPU:0,12.0,0.012
WwpKI4zJqM,Slice,/job:localhost/replica:0/task:0/device:GPU:0,12.0,0.012
7BIpFexgJv,Slice,/job:localhost/replica:0/task:0/device:GPU:0,12.0,0.012
cny8WbPNtG,Cast,/job:localhost/replica:0/task:0/device:GPU:0,12.0,0.012
VBM2ZlOxeJ,Cast,/job:localhost/replica:0/task:0/device:GPU:0,12.0,0.012
By3IuoQNvU,Slice,/job:localhost/replica:0/task:0/device:GPU:0,12.0,0.012
gFkyBLHs41,Slice,/job:localhost/replica:0/task:0/device:GPU:0,12.0,0.012
7gkcnsu5wS,Slice,/job:localhost/replica:0/task:0/device:GPU:0,12.0,0.012
EM1qhujmgy,Slice,/job:localhost/replica:0/task:0/device:GPU:0,12.0,0.012
aQOpVgqIF5,AddV2,/job:localhost/replica:0/task:0/device:GPU:0,12.0,0.012
ASxaLchtHm,Slice,/job:localhost/replica:0/task:0/device:GPU:0,12.0,0.012
VRphfegG09,Slice,/job:localhost/replica:0/task:0/device:GPU:0,12.0,0.012
FZYb6yfTDL,Cast,/job:localhost/replica:0/task:0/device:GPU:0,12.0,0.012
Zpyd91om25,Slice,/job:localhost/replica:0/task:0/device:GPU:0,12.0,0.012
zkMS30CWQ2,Slice,/job:localhost/replica:0/task:0/device:GPU:0,12.0,0.012
g5Gq18unex,Slice,/job:localhost/replica:0/task:0/device:GPU:0,12.0,0.012
4CyAvj02cX,Slice,/job:localhost/replica:0/task:0/device:GPU:0,12.0,0.012
PTmFAvUkxS,Cast,/job:localhost/replica:0/task:0/device:GPU:0,12.0,0.012
6r3UhDtksv,Slice,/job:localhost/replica:0/task:0/device:GPU:0,12.0,0.012
qMQfPX3a0s,Slice,/job:localhost/replica:0/task:0/device:GPU:0,12.0,0.012
GyHMwYZTUX,Slice,/job:localhost/replica:0/task:0/device:GPU:0,12.0,0.012
XsrVcSlZ79,Slice,/job:localhost/replica:0/task:0/device:GPU:0,12.0,0.012
exR9E1mDO4,Pow,/job:localhost/replica:0/task:0/device:GPU:0,12.0,0.012
GY4iXgnbBv,MatMul,/job:localhost/replica:0/task:0/device:GPU:0,12.0,0.012
LhmYwcfxk2,MatMul,/job:localhost/replica:0/task:0/device:GPU:0,12.0,0.012
gd7GVF9Ctr,MatMul,/job:localhost/replica:0/task:0/device:GPU:0,12.0,0.012
2zJZKegYEM,Pow,/job:localhost/replica:0/task:0/device:GPU:0,12.0,0.012
YzXK9lmxPg,Rsqrt,/job:localhost/replica:0/task:0/device:GPU:0,12.0,0.012
iGDMZpIS2u,ConcatV2,/job:localhost/replica:0/task:0/device:GPU:0,12.0,0.012
KWdpClTc2I,MatMul,/job:localhost/replica:0/task:0/device:GPU:0,12.0,0.012
OjabxJQofB,MatMul,/job:localhost/replica:0/task:0/device:GPU:0,12.0,0.012
9BXw3YtAsJ,Prod,/job:localhost/replica:0/task:0/device:GPU:0,12.0,0.012
5ZmLJ2zkQY,MatMul,/job:localhost/replica:0/task:0/device:GPU:0,12.0,0.012
kma7DpcuiI,MatMul,/job:localhost/replica:0/task:0/device:GPU:0,12.0,0.012
0ElgwavzrG,MatMul,/job:localhost/replica:0/task:0/device:GPU:0,12.0,0.012
agr4ECJj9I,Softmax,/job:localhost/replica:0/task:0/device:GPU:0,12.0,0.012
ZmLgFO8Knq,StridedSlice,/job:localhost/replica:0/task:0/device:GPU:0,12.0,0.012
VPxBr8NchA,Slice,/job:localhost/replica:0/task:0/device:GPU:0,11.0,0.011
BMCxQ9XVzG,Slice,/job:localhost/replica:0/task:0/device:GPU:0,11.0,0.011
Yr3Hkzp6m1,Slice,/job:localhost/replica:0/task:0/device:GPU:0,11.0,0.011
kzJdR2yKOB,Slice,/job:localhost/replica:0/task:0/device:GPU:0,11.0,0.011
m8i0enptuk,Cast,/job:localhost/replica:0/task:0/device:GPU:0,11.0,0.011
xfKrXvPkdE,Slice,/job:localhost/replica:0/task:0/device:GPU:0,11.0,0.011
4ZyLpsFS8f,Slice,/job:localhost/replica:0/task:0/device:GPU:0,11.0,0.011
e1KJIXEvdO,Slice,/job:localhost/replica:0/task:0/device:GPU:0,11.0,0.011
kv2ATcs7Pb,Slice,/job:localhost/replica:0/task:0/device:GPU:0,11.0,0.011
N2K7rvqVYb,Slice,/job:localhost/replica:0/task:0/device:GPU:0,11.0,0.011
TlnUw7ObKQ,Slice,/job:localhost/replica:0/task:0/device:GPU:0,11.0,0.011
u2s7MngixR,Slice,/job:localhost/replica:0/task:0/device:GPU:0,11.0,0.011
JQvyN0WlF5,Slice,/job:localhost/replica:0/task:0/device:GPU:0,11.0,0.011
eqVLEhblIz,Slice,/job:localhost/replica:0/task:0/device:GPU:0,11.0,0.011
k6IzVTc1aw,Slice,/job:localhost/replica:0/task:0/device:GPU:0,11.0,0.011
C3a5qwrz10,Slice,/job:localhost/replica:0/task:0/device:GPU:0,11.0,0.011
2uKSp1Q9AC,Slice,/job:localhost/replica:0/task:0/device:GPU:0,11.0,0.011
oM62N8IfpC,Slice,/job:localhost/replica:0/task:0/device:GPU:0,11.0,0.011
PTr15bOjhI,Slice,/job:localhost/replica:0/task:0/device:GPU:0,11.0,0.011
nFEui4KD7B,ConcatV2,/job:localhost/replica:0/task:0/device:GPU:0,11.0,0.011
yCmWd1cB7G,BiasAdd,/job:localhost/replica:0/task:0/device:GPU:0,11.0,0.011
hVJoxIPyRM,ConcatV2,/job:localhost/replica:0/task:0/device:GPU:0,11.0,0.011
QLmFcDKYhj,ConcatV2,/job:localhost/replica:0/task:0/device:GPU:0,11.0,0.011
2aUrOugthC,MatMul,/job:localhost/replica:0/task:0/device:GPU:0,11.0,0.011
js4f6c1NGO,Prod,/job:localhost/replica:0/task:0/device:GPU:0,11.0,0.011
5XLyzSDPbN,RealDiv,/job:localhost/replica:0/task:0/device:GPU:0,11.0,0.011
M7pTdOmChQ,Neg,/job:localhost/replica:0/task:0/device:GPU:0,11.0,0.011
AiURjbWmux,MatMul,/job:localhost/replica:0/task:0/device:GPU:0,11.0,0.011
6gfpAQnVbl,ConcatV2,/job:localhost/replica:0/task:0/device:GPU:0,11.0,0.011
DJ7YeWMbaI,ConcatV2,/job:localhost/replica:0/task:0/device:GPU:0,11.0,0.011
rqfzpm84cX,ConcatV2,/job:localhost/replica:0/task:0/device:GPU:0,11.0,0.011
gpl7eBDJPT,ConcatV2,/job:localhost/replica:0/task:0/device:GPU:0,11.0,0.011
w5BuhSJ9tb,ConcatV2,/job:localhost/replica:0/task:0/device:GPU:0,11.0,0.011
HwMKVWUAyk,MatMul,/job:localhost/replica:0/task:0/device:GPU:0,11.0,0.011
JzWfcYVej7,Prod,/job:localhost/replica:0/task:0/device:GPU:0,11.0,0.011
hzgcPaOV1b,Prod,/job:localhost/replica:0/task:0/device:GPU:0,11.0,0.011
OMxkAstzED,StridedSlice,/job:localhost/replica:0/task:0/device:GPU:0,11.0,0.011
VMsTovQ94P,BiasAdd,/job:localhost/replica:0/task:0/device:GPU:0,11.0,0.011
LhqmV09zRt,RealDiv,/job:localhost/replica:0/task:0/device:GPU:0,11.0,0.011
dgVTSIH41m,MatMul,/job:localhost/replica:0/task:0/device:GPU:0,11.0,0.011
ytDEhOsZcg,Sub,/job:localhost/replica:0/task:0/device:GPU:0,11.0,0.011
cKmhIV07rZ,RealDiv,/job:localhost/replica:0/task:0/device:GPU:0,11.0,0.011
_arg_wcHWv4SNE2_0_360,Placeholder,/job:localhost/replica:0/task:0/device:CPU:0,11.0,0.011
neVJCq1NXa,Const,/job:localhost/replica:0/task:0/device:GPU:0,10.0,0.01
PnLVOvcN9m,Slice,/job:localhost/replica:0/task:0/device:GPU:0,10.0,0.01
iLC0A172vs,Slice,/job:localhost/replica:0/task:0/device:GPU:0,10.0,0.01
iGTtPsKz9e,Slice,/job:localhost/replica:0/task:0/device:GPU:0,10.0,0.01
cVn5uow8fJ,Slice,/job:localhost/replica:0/task:0/device:GPU:0,10.0,0.01
XLCl3IV9ce,Slice,/job:localhost/replica:0/task:0/device:GPU:0,10.0,0.01
hD52rOuMkU,Slice,/job:localhost/replica:0/task:0/device:GPU:0,10.0,0.01
1TodLhKD2Y,Slice,/job:localhost/replica:0/task:0/device:GPU:0,10.0,0.01
c3GvBIMxSP,Slice,/job:localhost/replica:0/task:0/device:GPU:0,10.0,0.01
LhfreoVPxj,Const,/job:localhost/replica:0/task:0/device:GPU:0,10.0,0.01
DijPyu6Zax,Slice,/job:localhost/replica:0/task:0/device:GPU:0,10.0,0.01
smc1xVQoeP,Slice,/job:localhost/replica:0/task:0/device:GPU:0,10.0,0.01
b0DV2Z8vcQ,Slice,/job:localhost/replica:0/task:0/device:GPU:0,10.0,0.01
3fNKSlEgBO,Cast,/job:localhost/replica:0/task:0/device:GPU:0,10.0,0.01
MTdfAxevst,Cast,/job:localhost/replica:0/task:0/device:GPU:0,10.0,0.01
oBCEGtQF3s,Pow,/job:localhost/replica:0/task:0/device:GPU:0,10.0,0.01
IXTJqwP9l0,Slice,/job:localhost/replica:0/task:0/device:GPU:0,10.0,0.01
Y6bUauTNq1,Slice,/job:localhost/replica:0/task:0/device:GPU:0,10.0,0.01
k01x2XrNTq,Slice,/job:localhost/replica:0/task:0/device:GPU:0,10.0,0.01
SEfliR86od,Slice,/job:localhost/replica:0/task:0/device:GPU:0,10.0,0.01
FjqYZ4rOxb,Pack,/job:localhost/replica:0/task:0/device:GPU:0,10.0,0.01
T8AhcYdutf,Add,/job:localhost/replica:0/task:0/device:GPU:0,10.0,0.01
HhPjKqEI6o,Rsqrt,/job:localhost/replica:0/task:0/device:GPU:0,10.0,0.01
kBVEpjhqUo,ConcatV2,/job:localhost/replica:0/task:0/device:GPU:0,10.0,0.01
IEolcubs9e,ConcatV2,/job:localhost/replica:0/task:0/device:GPU:0,10.0,0.01
n0BkjHSCM6,ConcatV2,/job:localhost/replica:0/task:0/device:GPU:0,10.0,0.01
wyUIJWDkpN,Pow,/job:localhost/replica:0/task:0/device:GPU:0,10.0,0.01
NW3Mz4gO2v,Sub,/job:localhost/replica:0/task:0/device:GPU:0,10.0,0.01
GziyEptBac,ConcatV2,/job:localhost/replica:0/task:0/device:GPU:0,10.0,0.01
SXC2fwlgNB,Tanh,/job:localhost/replica:0/task:0/device:GPU:0,10.0,0.01
TRUCxg3sSP,MatMul,/job:localhost/replica:0/task:0/device:GPU:0,10.0,0.01
Xi8YrCdQnJ,Sub,/job:localhost/replica:0/task:0/device:GPU:0,10.0,0.01
OkZpXRom31,Prod,/job:localhost/replica:0/task:0/device:GPU:0,10.0,0.01
bcTVPpX93m,Sub,/job:localhost/replica:0/task:0/device:GPU:0,10.0,0.01
CZHuIJpt9s,Transpose,/job:localhost/replica:0/task:0/device:GPU:0,10.0,0.01
0VdBzO8kJT,ConcatV2,/job:localhost/replica:0/task:0/device:GPU:0,10.0,0.01
jw9ioeTQGD,ConcatV2,/job:localhost/replica:0/task:0/device:GPU:0,10.0,0.01
R5kT2H34zt,ConcatV2,/job:localhost/replica:0/task:0/device:GPU:0,10.0,0.01
kLfpXaV0PU,ConcatV2,/job:localhost/replica:0/task:0/device:GPU:0,10.0,0.01
WFROElU4ZJ,ConcatV2,/job:localhost/replica:0/task:0/device:GPU:0,10.0,0.01
hBKSudFpR0,ConcatV2,/job:localhost/replica:0/task:0/device:GPU:0,10.0,0.01
r56t70Hu39,ConcatV2,/job:localhost/replica:0/task:0/device:GPU:0,10.0,0.01
OhiXyAfpL5,ConcatV2,/job:localhost/replica:0/task:0/device:GPU:0,10.0,0.01
HpjwLcAqms,SquaredDifference,/job:localhost/replica:0/task:0/device:GPU:0,10.0,0.01
oY7wDPe4GO,Pow,/job:localhost/replica:0/task:0/device:GPU:0,10.0,0.01
CQisL5VWa0,Pow,/job:localhost/replica:0/task:0/device:GPU:0,10.0,0.01
gKmeOb6ZtP,Prod,/job:localhost/replica:0/task:0/device:GPU:0,10.0,0.01
hJQrR3HVBI,Transpose,/job:localhost/replica:0/task:0/device:GPU:0,10.0,0.01
LdUyGP0jEb,Sum,/job:localhost/replica:0/task:0/device:GPU:0,10.0,0.01
sVcSarDFIE,Prod,/job:localhost/replica:0/task:0/device:GPU:0,10.0,0.01
OiQzSUp2ku,Mean,/job:localhost/replica:0/task:0/device:GPU:0,10.0,0.01
0oflNj8g3h,MatMul,/job:localhost/replica:0/task:0/device:GPU:0,10.0,0.01
bz7UiXn3h0,MatMul,/job:localhost/replica:0/task:0/device:GPU:0,10.0,0.01
x80nzTpERj,Const,/job:localhost/replica:0/task:0/device:GPU:0,9.0,0.009
dPvsJhZAyX,Const,/job:localhost/replica:0/task:0/device:GPU:0,9.0,0.009
MpzkD8ydiO,ExpandDims,/job:localhost/replica:0/task:0/device:GPU:0,9.0,0.009
kQbOjZMrf3,ExpandDims,/job:localhost/replica:0/task:0/device:GPU:0,9.0,0.009
XBL7wpxrWS,Slice,/job:localhost/replica:0/task:0/device:GPU:0,9.0,0.009
3IKYVegCy6,Add,/job:localhost/replica:0/task:0/device:GPU:0,9.0,0.009
Upien4cPHr,Slice,/job:localhost/replica:0/task:0/device:GPU:0,9.0,0.009
CGafmXPZDE,Slice,/job:localhost/replica:0/task:0/device:GPU:0,9.0,0.009
IZzJbXyHfu,Slice,/job:localhost/replica:0/task:0/device:GPU:0,9.0,0.009
836NrWkSOQ,RealDiv,/job:localhost/replica:0/task:0/device:GPU:0,9.0,0.009
ts7Q9m30lX,Slice,/job:localhost/replica:0/task:0/device:GPU:0,9.0,0.009
dpBRXDG7TF,Slice,/job:localhost/replica:0/task:0/device:GPU:0,9.0,0.009
jCoe7BnIiG,Slice,/job:localhost/replica:0/task:0/device:GPU:0,9.0,0.009
I0MWysXZlk,Slice,/job:localhost/replica:0/task:0/device:GPU:0,9.0,0.009
GKP2aUDypR,Slice,/job:localhost/replica:0/task:0/device:GPU:0,9.0,0.009
cD6sbKuJC7,Add,/job:localhost/replica:0/task:0/device:GPU:0,9.0,0.009
HSZCpk6hu8,Slice,/job:localhost/replica:0/task:0/device:GPU:0,9.0,0.009
luXIivFwgP,Slice,/job:localhost/replica:0/task:0/device:GPU:0,9.0,0.009
NiFVt7zuev,Slice,/job:localhost/replica:0/task:0/device:GPU:0,9.0,0.009
BDNXSanZwU,Slice,/job:localhost/replica:0/task:0/device:GPU:0,9.0,0.009
Z63zpqEXL9,Slice,/job:localhost/replica:0/task:0/device:GPU:0,9.0,0.009
NILM68pti0,ExpandDims,/job:localhost/replica:0/task:0/device:GPU:0,9.0,0.009
wOqaGnpkzi,Slice,/job:localhost/replica:0/task:0/device:GPU:0,9.0,0.009
25Z46qJfKz,Slice,/job:localhost/replica:0/task:0/device:GPU:0,9.0,0.009
seIuDx0gpE,Cast,/job:localhost/replica:0/task:0/device:GPU:0,9.0,0.009
B3tRd1q9z6,Slice,/job:localhost/replica:0/task:0/device:GPU:0,9.0,0.009
J72HXohz9Q,Slice,/job:localhost/replica:0/task:0/device:GPU:0,9.0,0.009
xHrnOvCqPz,Add,/job:localhost/replica:0/task:0/device:GPU:0,9.0,0.009
V80IUgi9Hs,Cast,/job:localhost/replica:0/task:0/device:GPU:0,9.0,0.009
bvIzyU5jZP,Slice,/job:localhost/replica:0/task:0/device:GPU:0,9.0,0.009
D1qoiEWPgl,Slice,/job:localhost/replica:0/task:0/device:GPU:0,9.0,0.009
Cvr59MSQ8g,Slice,/job:localhost/replica:0/task:0/device:GPU:0,9.0,0.009
rDida4K7lg,Slice,/job:localhost/replica:0/task:0/device:GPU:0,9.0,0.009
IKm0uGcyvR,Slice,/job:localhost/replica:0/task:0/device:GPU:0,9.0,0.009
YMyovhurbl,Slice,/job:localhost/replica:0/task:0/device:GPU:0,9.0,0.009
4KpqvbLNDY,Slice,/job:localhost/replica:0/task:0/device:GPU:0,9.0,0.009
ie7S1BGZar,Slice,/job:localhost/replica:0/task:0/device:GPU:0,9.0,0.009
3N5QzK9EOT,Slice,/job:localhost/replica:0/task:0/device:GPU:0,9.0,0.009
P8E0qBWOXy,Slice,/job:localhost/replica:0/task:0/device:GPU:0,9.0,0.009
vdIcPpS0QM,Slice,/job:localhost/replica:0/task:0/device:GPU:0,9.0,0.009
VIGqDiLK23,Reshape,/job:localhost/replica:0/task:0/device:GPU:0,9.0,0.009
nypLC5BeZA,Mul,/job:localhost/replica:0/task:0/device:GPU:0,9.0,0.009
EmybFJZDRT,BiasAdd,/job:localhost/replica:0/task:0/device:GPU:0,9.0,0.009
J0Q9TK6eqs,Add,/job:localhost/replica:0/task:0/device:GPU:0,9.0,0.009
mJPiXGaZS9,Pow,/job:localhost/replica:0/task:0/device:GPU:0,9.0,0.009
zXOAjPRh2l,MatMul,/job:localhost/replica:0/task:0/device:GPU:0,9.0,0.009
5yzAIkxaLp,Prod,/job:localhost/replica:0/task:0/device:GPU:0,9.0,0.009
4UsVPnrAxQ,ConcatV2,/job:localhost/replica:0/task:0/device:GPU:0,9.0,0.009
O5tpihM3N6,ConcatV2,/job:localhost/replica:0/task:0/device:GPU:0,9.0,0.009
m92zn0xOYF,ConcatV2,/job:localhost/replica:0/task:0/device:GPU:0,9.0,0.009
HOgrAFuXD2,LeakyRelu,/job:localhost/replica:0/task:0/device:GPU:0,9.0,0.009
KNIGzt0Qal,BiasAdd,/job:localhost/replica:0/task:0/device:GPU:0,9.0,0.009
VspyzHZGUK,Pow,/job:localhost/replica:0/task:0/device:GPU:0,9.0,0.009
rxWKIXdpAw,ConcatV2,/job:localhost/replica:0/task:0/device:GPU:0,9.0,0.009
dcLiEV4QYN,AddV2,/job:localhost/replica:0/task:0/device:GPU:0,9.0,0.009
Ry51uIiKo9,MatMul,/job:localhost/replica:0/task:0/device:GPU:0,9.0,0.009
Ure3iJKbg8,MatMul,/job:localhost/replica:0/task:0/device:GPU:0,9.0,0.009
PZ8EBVNuTy,MatMul,/job:localhost/replica:0/task:0/device:GPU:0,9.0,0.009
A4MiSuZNBJ,ConcatV2,/job:localhost/replica:0/task:0/device:GPU:0,9.0,0.009
jOnm8ulB10,ConcatV2,/job:localhost/replica:0/task:0/device:GPU:0,9.0,0.009
6aJUkSizyT,ConcatV2,/job:localhost/replica:0/task:0/device:GPU:0,9.0,0.009
ak70Qbjgwn,ConcatV2,/job:localhost/replica:0/task:0/device:GPU:0,9.0,0.009
zSBFwKuhgi,ConcatV2,/job:localhost/replica:0/task:0/device:GPU:0,9.0,0.009
bU1mJS8Fu0,ConcatV2,/job:localhost/replica:0/task:0/device:GPU:0,9.0,0.009
LAbgyV7PhU,ConcatV2,/job:localhost/replica:0/task:0/device:GPU:0,9.0,0.009
jiguwQ1PkD,ConcatV2,/job:localhost/replica:0/task:0/device:GPU:0,9.0,0.009
sLaG3dNpOy,ConcatV2,/job:localhost/replica:0/task:0/device:GPU:0,9.0,0.009
CpQEIi0P8k,ConcatV2,/job:localhost/replica:0/task:0/device:GPU:0,9.0,0.009
cP8ugJpKCn,Mul,/job:localhost/replica:0/task:0/device:GPU:0,9.0,0.009
6ybfXLE98z,Prod,/job:localhost/replica:0/task:0/device:GPU:0,9.0,0.009
rj5iYHkwFZ,StridedSlice,/job:localhost/replica:0/task:0/device:GPU:0,9.0,0.009
fShGQIqanE,Sum,/job:localhost/replica:0/task:0/device:GPU:0,9.0,0.009
fqj124LI5x,Const,/job:localhost/replica:0/task:0/device:GPU:0,8.0,0.008
BKLXniPoOr,Const,/job:localhost/replica:0/task:0/device:GPU:0,8.0,0.008
qXmaDSGheT,Pow,/job:localhost/replica:0/task:0/device:GPU:0,8.0,0.008
BdHYyjXS1m,Slice,/job:localhost/replica:0/task:0/device:GPU:0,8.0,0.008
VxjH3h29mL,Slice,/job:localhost/replica:0/task:0/device:GPU:0,8.0,0.008
AuNoyf7haB,Pow,/job:localhost/replica:0/task:0/device:GPU:0,8.0,0.008
MHyiq5rl83,Sub,/job:localhost/replica:0/task:0/device:GPU:0,8.0,0.008
PBDFulVv9f,RealDiv,/job:localhost/replica:0/task:0/device:GPU:0,8.0,0.008
gYFTlE5smI,Slice,/job:localhost/replica:0/task:0/device:GPU:0,8.0,0.008
sVpIEF94bA,AddV2,/job:localhost/replica:0/task:0/device:GPU:0,8.0,0.008
3mMQDLv7by,Slice,/job:localhost/replica:0/task:0/device:GPU:0,8.0,0.008
RTti5N4BLQ,RealDiv,/job:localhost/replica:0/task:0/device:GPU:0,8.0,0.008
nlQEjyUiNO,Slice,/job:localhost/replica:0/task:0/device:GPU:0,8.0,0.008
gPlTo6Zp50,Slice,/job:localhost/replica:0/task:0/device:GPU:0,8.0,0.008
35nfAmMOXV,Slice,/job:localhost/replica:0/task:0/device:GPU:0,8.0,0.008
THUawN5mpF,Slice,/job:localhost/replica:0/task:0/device:GPU:0,8.0,0.008
ZbVImhcgfd,Slice,/job:localhost/replica:0/task:0/device:GPU:0,8.0,0.008
SUJmiIZCs0,Slice,/job:localhost/replica:0/task:0/device:GPU:0,8.0,0.008
HSL2o7rNsw,Slice,/job:localhost/replica:0/task:0/device:GPU:0,8.0,0.008
bqdozH95GJ,Slice,/job:localhost/replica:0/task:0/device:GPU:0,8.0,0.008
WQr7uCPRbv,Slice,/job:localhost/replica:0/task:0/device:GPU:0,8.0,0.008
rGg6KJdkYB,Slice,/job:localhost/replica:0/task:0/device:GPU:0,8.0,0.008
4MI2W0yUx9,Slice,/job:localhost/replica:0/task:0/device:GPU:0,8.0,0.008
ct5PaLVACQ,Slice,/job:localhost/replica:0/task:0/device:GPU:0,8.0,0.008
fhoiky0DTY,Slice,/job:localhost/replica:0/task:0/device:GPU:0,8.0,0.008
qbwM3l9pFO,Slice,/job:localhost/replica:0/task:0/device:GPU:0,8.0,0.008
WD2CYl7fqs,Slice,/job:localhost/replica:0/task:0/device:GPU:0,8.0,0.008
AQwm492Piy,Slice,/job:localhost/replica:0/task:0/device:GPU:0,8.0,0.008
DQyz96CbJf,Slice,/job:localhost/replica:0/task:0/device:GPU:0,8.0,0.008
FC5nif3yYs,BiasAdd,/job:localhost/replica:0/task:0/device:GPU:0,8.0,0.008
Pfj97RpXB5,ConcatV2,/job:localhost/replica:0/task:0/device:GPU:0,8.0,0.008
g5ZlStX9k1,RealDiv,/job:localhost/replica:0/task:0/device:GPU:0,8.0,0.008
EsF8xAyqmd,BiasAdd,/job:localhost/replica:0/task:0/device:GPU:0,8.0,0.008
MKBv96WGul,Pow,/job:localhost/replica:0/task:0/device:GPU:0,8.0,0.008
bHfRlNGMgt,LeakyRelu,/job:localhost/replica:0/task:0/device:GPU:0,8.0,0.008
KzDW9x531M,ConcatV2,/job:localhost/replica:0/task:0/device:GPU:0,8.0,0.008
mNBc58Ht4J,Pack,/job:localhost/replica:0/task:0/device:GPU:0,8.0,0.008
FA0TZ5Hmnc,Pack,/job:localhost/replica:0/task:0/device:GPU:0,8.0,0.008
7aujyW3wig,BiasAdd,/job:localhost/replica:0/task:0/device:GPU:0,8.0,0.008
ngxWoEprfG,ConcatV2,/job:localhost/replica:0/task:0/device:GPU:0,8.0,0.008
pgXQceRViY,ConcatV2,/job:localhost/replica:0/task:0/device:GPU:0,8.0,0.008
MkfqoK2Xvr,BiasAdd,/job:localhost/replica:0/task:0/device:GPU:0,8.0,0.008
eBjlo9qtKr,BiasAdd,/job:localhost/replica:0/task:0/device:GPU:0,8.0,0.008
jnBgw1ZYfR,Pack,/job:localhost/replica:0/task:0/device:GPU:0,8.0,0.008
igWvTyNDf6,Log,/job:localhost/replica:0/task:0/device:GPU:0,8.0,0.008
U3HJe02Ryb,MatMul,/job:localhost/replica:0/task:0/device:GPU:0,8.0,0.008
f12aUCAOWz,MatMul,/job:localhost/replica:0/task:0/device:GPU:0,8.0,0.008
uI80aeids4,MatMul,/job:localhost/replica:0/task:0/device:GPU:0,8.0,0.008
rVJO1Yl4Uj,MatMul,/job:localhost/replica:0/task:0/device:GPU:0,8.0,0.008
CyxbT2jqXh,Add,/job:localhost/replica:0/task:0/device:GPU:0,8.0,0.008
mVDagSce6z,Relu,/job:localhost/replica:0/task:0/device:GPU:0,8.0,0.008
516CQjewLW,Tanh,/job:localhost/replica:0/task:0/device:GPU:0,8.0,0.008
V3EfLAWx59,Pack,/job:localhost/replica:0/task:0/device:GPU:0,8.0,0.008
trXqxVzIwE,Tanh,/job:localhost/replica:0/task:0/device:GPU:0,8.0,0.008
6qWGm3Tn7P,Neg,/job:localhost/replica:0/task:0/device:GPU:0,8.0,0.008
zlLO1uM25U,Add,/job:localhost/replica:0/task:0/device:GPU:0,8.0,0.008
yxg3bUSard,Sub,/job:localhost/replica:0/task:0/device:GPU:0,8.0,0.008
5W1xhV46ni,MatMul,/job:localhost/replica:0/task:0/device:GPU:0,8.0,0.008
382fpwkLTJ,Tanh,/job:localhost/replica:0/task:0/device:GPU:0,8.0,0.008
Ds5cy86zqk,ConcatV2,/job:localhost/replica:0/task:0/device:GPU:0,8.0,0.008
5KPhS1FsN3,ConcatV2,/job:localhost/replica:0/task:0/device:GPU:0,8.0,0.008
l8ro2g5wTQ,ConcatV2,/job:localhost/replica:0/task:0/device:GPU:0,8.0,0.008
CU2qiQ3k1o,ConcatV2,/job:localhost/replica:0/task:0/device:GPU:0,8.0,0.008
x5qpwP8YrG,ConcatV2,/job:localhost/replica:0/task:0/device:GPU:0,8.0,0.008
S38qhIoQ9A,BiasAdd,/job:localhost/replica:0/task:0/device:GPU:0,8.0,0.008
5lgKIGFEHf,StridedSlice,/job:localhost/replica:0/task:0/device:GPU:0,8.0,0.008
WKMj8CZcDb,StridedSlice,/job:localhost/replica:0/task:0/device:GPU:0,8.0,0.008
XIyvxrwiGK,StridedSlice,/job:localhost/replica:0/task:0/device:GPU:0,8.0,0.008
OYIsk1vpha,StridedSlice,/job:localhost/replica:0/task:0/device:GPU:0,8.0,0.008
0RpDsWPHyU,StridedSlice,/job:localhost/replica:0/task:0/device:GPU:0,8.0,0.008
Z9SoYEnmtT,StridedSlice,/job:localhost/replica:0/task:0/device:GPU:0,8.0,0.008
ZeLPtg9SEN,Pack,/job:localhost/replica:0/task:0/device:GPU:0,8.0,0.008
wxpu6IT01q,Pow,/job:localhost/replica:0/task:0/device:GPU:0,8.0,0.008
vux7PTa9Ch,Split,/job:localhost/replica:0/task:0/device:GPU:0,8.0,0.008
orQixl0Rg4,Split,/job:localhost/replica:0/task:0/device:GPU:0,8.0,0.008
E15LPkNKms,Prod,/job:localhost/replica:0/task:0/device:GPU:0,8.0,0.008
UynQfCYWmE,Add,/job:localhost/replica:0/task:0/device:GPU:0,8.0,0.008
4OMIowCVgE,Add,/job:localhost/replica:0/task:0/device:GPU:0,8.0,0.008
OoIWKFuVRp,Sum,/job:localhost/replica:0/task:0/device:GPU:0,8.0,0.008
ba3gIKf5EW,Sigmoid,/job:localhost/replica:0/task:0/device:GPU:0,8.0,0.008
kmOQXv8BpJ,Mean,/job:localhost/replica:0/task:0/device:GPU:0,8.0,0.008
Lw8alRPy4c,Rsqrt,/job:localhost/replica:0/task:0/device:GPU:0,8.0,0.008
hQ7c8qLE2k,Prod,/job:localhost/replica:0/task:0/device:GPU:0,8.0,0.008
27WyOxXTBV,Mean,/job:localhost/replica:0/task:0/device:GPU:0,8.0,0.008
0rwiv1b5Tq,MatMul,/job:localhost/replica:0/task:0/device:GPU:0,8.0,0.008
BSHFCQfVkN,MatMul,/job:localhost/replica:0/task:0/device:GPU:0,8.0,0.008
cZxRCe835V,MatMul,/job:localhost/replica:0/task:0/device:GPU:0,8.0,0.008
iXfRvOnDY9,MatMul,/job:localhost/replica:0/task:0/device:GPU:0,8.0,0.008
xTIzY3WDHK,Tanh,/job:localhost/replica:0/task:0/device:GPU:0,8.0,0.008
zyUC34I1HL,Mean,/job:localhost/replica:0/task:0/device:GPU:0,8.0,0.008
9jswelmHIA,RealDiv,/job:localhost/replica:0/task:0/device:GPU:0,7.0,0.007
BZpUwGYOsS,Slice,/job:localhost/replica:0/task:0/device:GPU:0,7.0,0.007
jflMZcVaYy,Slice,/job:localhost/replica:0/task:0/device:GPU:0,7.0,0.007
swPYceboCj,RealDiv,/job:localhost/replica:0/task:0/device:GPU:0,7.0,0.007
XLyHbYRovj,AddV2,/job:localhost/replica:0/task:0/device:GPU:0,7.0,0.007
0OfJIRHhaD,Sub,/job:localhost/replica:0/task:0/device:GPU:0,7.0,0.007
nehmIHt0CL,Slice,/job:localhost/replica:0/task:0/device:GPU:0,7.0,0.007
GZn43FBLYu,Slice,/job:localhost/replica:0/task:0/device:GPU:0,7.0,0.007
8dKPiXvHbV,Slice,/job:localhost/replica:0/task:0/device:GPU:0,7.0,0.007
pFVWjDiwUP,Slice,/job:localhost/replica:0/task:0/device:GPU:0,7.0,0.007
IG24M5cjbm,Slice,/job:localhost/replica:0/task:0/device:GPU:0,7.0,0.007
rKt6Do8XkC,Slice,/job:localhost/replica:0/task:0/device:GPU:0,7.0,0.007
p9AWvnciNE,Slice,/job:localhost/replica:0/task:0/device:GPU:0,7.0,0.007
wGs2bomS4u,Slice,/job:localhost/replica:0/task:0/device:GPU:0,7.0,0.007
AsROGeQonr,Slice,/job:localhost/replica:0/task:0/device:GPU:0,7.0,0.007
uMqvCh6iSg,Slice,/job:localhost/replica:0/task:0/device:GPU:0,7.0,0.007
lWDsR95CQ2,Slice,/job:localhost/replica:0/task:0/device:GPU:0,7.0,0.007
gNXDb2oi5J,Slice,/job:localhost/replica:0/task:0/device:GPU:0,7.0,0.007
RqgvYNlcLi,Slice,/job:localhost/replica:0/task:0/device:GPU:0,7.0,0.007
fuqEbTncjp,Slice,/job:localhost/replica:0/task:0/device:GPU:0,7.0,0.007
XICbAUn1KB,Slice,/job:localhost/replica:0/task:0/device:GPU:0,7.0,0.007
mDglYtMSNb,Slice,/job:localhost/replica:0/task:0/device:GPU:0,7.0,0.007
kXc31SZLaG,Slice,/job:localhost/replica:0/task:0/device:GPU:0,7.0,0.007
HkB5Uiv29e,Slice,/job:localhost/replica:0/task:0/device:GPU:0,7.0,0.007
hW34ucTLqo,Slice,/job:localhost/replica:0/task:0/device:GPU:0,7.0,0.007
YUIPfSd61D,Slice,/job:localhost/replica:0/task:0/device:GPU:0,7.0,0.007
WGtiIA2l7y,Slice,/job:localhost/replica:0/task:0/device:GPU:0,7.0,0.007
jrNzpWVXfd,Slice,/job:localhost/replica:0/task:0/device:GPU:0,7.0,0.007
pJYzW5NlPi,Slice,/job:localhost/replica:0/task:0/device:GPU:0,7.0,0.007
CipvLejUJE,Slice,/job:localhost/replica:0/task:0/device:GPU:0,7.0,0.007
OxpcFqDstS,Slice,/job:localhost/replica:0/task:0/device:GPU:0,7.0,0.007
gyUa4IXBqj,Slice,/job:localhost/replica:0/task:0/device:GPU:0,7.0,0.007
kEYg6b4wMJ,Slice,/job:localhost/replica:0/task:0/device:GPU:0,7.0,0.007
wPLrl7Q0Kz,Slice,/job:localhost/replica:0/task:0/device:GPU:0,7.0,0.007
QI6mMkiaAs,Slice,/job:localhost/replica:0/task:0/device:GPU:0,7.0,0.007
m1sHDv20Mo,Slice,/job:localhost/replica:0/task:0/device:GPU:0,7.0,0.007
XgFO8PVpxn,Slice,/job:localhost/replica:0/task:0/device:GPU:0,7.0,0.007
ridQPbatGF,Slice,/job:localhost/replica:0/task:0/device:GPU:0,7.0,0.007
8XWj0q2Z6f,Slice,/job:localhost/replica:0/task:0/device:GPU:0,7.0,0.007
2s4DGPfWKS,Slice,/job:localhost/replica:0/task:0/device:GPU:0,7.0,0.007
KmoZXYxgAl,Slice,/job:localhost/replica:0/task:0/device:GPU:0,7.0,0.007
yVgPh2kAr7,Slice,/job:localhost/replica:0/task:0/device:GPU:0,7.0,0.007
0BAb42I9D1,Slice,/job:localhost/replica:0/task:0/device:GPU:0,7.0,0.007
kN1UmwyxYs,Slice,/job:localhost/replica:0/task:0/device:GPU:0,7.0,0.007
wyFC2aJkhb,Slice,/job:localhost/replica:0/task:0/device:GPU:0,7.0,0.007
MX8bdksRnF,Slice,/job:localhost/replica:0/task:0/device:GPU:0,7.0,0.007
yW06KZvacP,Slice,/job:localhost/replica:0/task:0/device:GPU:0,7.0,0.007
isMPu2T7Ug,Slice,/job:localhost/replica:0/task:0/device:GPU:0,7.0,0.007
s9hQaD017k,Slice,/job:localhost/replica:0/task:0/device:GPU:0,7.0,0.007
MeirE7JGnN,Slice,/job:localhost/replica:0/task:0/device:GPU:0,7.0,0.007
q8SrL26e0k,Slice,/job:localhost/replica:0/task:0/device:GPU:0,7.0,0.007
XvE0yFITm4,Slice,/job:localhost/replica:0/task:0/device:GPU:0,7.0,0.007
GYBbQpMv7K,Slice,/job:localhost/replica:0/task:0/device:GPU:0,7.0,0.007
a4uJqeySIs,Slice,/job:localhost/replica:0/task:0/device:GPU:0,7.0,0.007
WwPaynXcO5,Slice,/job:localhost/replica:0/task:0/device:GPU:0,7.0,0.007
hvjRzKJtgG,Slice,/job:localhost/replica:0/task:0/device:GPU:0,7.0,0.007
8uN4rUY0yo,Slice,/job:localhost/replica:0/task:0/device:GPU:0,7.0,0.007
VYTWykOwha,Slice,/job:localhost/replica:0/task:0/device:GPU:0,7.0,0.007
klcH6Rzpi3,Slice,/job:localhost/replica:0/task:0/device:GPU:0,7.0,0.007
Wt6bYExKm4,Slice,/job:localhost/replica:0/task:0/device:GPU:0,7.0,0.007
BnzpaTFJUY,Slice,/job:localhost/replica:0/task:0/device:GPU:0,7.0,0.007
dcjPQwB4AS,Slice,/job:localhost/replica:0/task:0/device:GPU:0,7.0,0.007
BA7D8MgNIh,Slice,/job:localhost/replica:0/task:0/device:GPU:0,7.0,0.007
mTwq2ugEoK,Slice,/job:localhost/replica:0/task:0/device:GPU:0,7.0,0.007
9S3TAcMk8o,Slice,/job:localhost/replica:0/task:0/device:GPU:0,7.0,0.007
zVZJPM6FAu,Slice,/job:localhost/replica:0/task:0/device:GPU:0,7.0,0.007
5hZisrgjNU,Slice,/job:localhost/replica:0/task:0/device:GPU:0,7.0,0.007
cXgetPQmEG,Slice,/job:localhost/replica:0/task:0/device:GPU:0,7.0,0.007
Riq1GtNFLV,Slice,/job:localhost/replica:0/task:0/device:GPU:0,7.0,0.007
1DfV5dmwFJ,Slice,/job:localhost/replica:0/task:0/device:GPU:0,7.0,0.007
cMhFNQwWCk,Slice,/job:localhost/replica:0/task:0/device:GPU:0,7.0,0.007
xqyHbpcrXh,Slice,/job:localhost/replica:0/task:0/device:GPU:0,7.0,0.007
0wp5R1iafc,Slice,/job:localhost/replica:0/task:0/device:GPU:0,7.0,0.007
7IZBb2irpX,Slice,/job:localhost/replica:0/task:0/device:GPU:0,7.0,0.007
AsKc4lJvqL,Slice,/job:localhost/replica:0/task:0/device:GPU:0,7.0,0.007
oSwHuAaLsE,Slice,/job:localhost/replica:0/task:0/device:GPU:0,7.0,0.007
Gso64fAWDr,Slice,/job:localhost/replica:0/task:0/device:GPU:0,7.0,0.007
mEjgwv6bRN,Slice,/job:localhost/replica:0/task:0/device:GPU:0,7.0,0.007
yTo3nPtYca,Slice,/job:localhost/replica:0/task:0/device:GPU:0,7.0,0.007
nh7mkVlCLU,Slice,/job:localhost/replica:0/task:0/device:GPU:0,7.0,0.007
WwJa5yQujB,Slice,/job:localhost/replica:0/task:0/device:GPU:0,7.0,0.007
CkvxO3SZdU,Slice,/job:localhost/replica:0/task:0/device:GPU:0,7.0,0.007
BOgu94UQAM,Slice,/job:localhost/replica:0/task:0/device:GPU:0,7.0,0.007
Sn45QPHu8a,Slice,/job:localhost/replica:0/task:0/device:GPU:0,7.0,0.007
bwQvoZGyg0,Slice,/job:localhost/replica:0/task:0/device:GPU:0,7.0,0.007
iuZ065Repy,Slice,/job:localhost/replica:0/task:0/device:GPU:0,7.0,0.007
Y7kFflWmdI,Slice,/job:localhost/replica:0/task:0/device:GPU:0,7.0,0.007
bxKpHMmLaw,Slice,/job:localhost/replica:0/task:0/device:GPU:0,7.0,0.007
mno8kNWRgp,Slice,/job:localhost/replica:0/task:0/device:GPU:0,7.0,0.007
VDH01Goq8k,Slice,/job:localhost/replica:0/task:0/device:GPU:0,7.0,0.007
6VBjZuTeYd,Slice,/job:localhost/replica:0/task:0/device:GPU:0,7.0,0.007
oqEBaVIpDw,Slice,/job:localhost/replica:0/task:0/device:GPU:0,7.0,0.007
uYjPRNB1oK,Slice,/job:localhost/replica:0/task:0/device:GPU:0,7.0,0.007
PGf8QnRiwT,Slice,/job:localhost/replica:0/task:0/device:GPU:0,7.0,0.007
rTMyiEeWon,Slice,/job:localhost/replica:0/task:0/device:GPU:0,7.0,0.007
rhIefuPEOa,Slice,/job:localhost/replica:0/task:0/device:GPU:0,7.0,0.007
BsEK1lVb7g,RealDiv,/job:localhost/replica:0/task:0/device:GPU:0,7.0,0.007
YQAGD27hLR,Slice,/job:localhost/replica:0/task:0/device:GPU:0,7.0,0.007
X86r50YkCA,Slice,/job:localhost/replica:0/task:0/device:GPU:0,7.0,0.007
zx3Dra0phH,Range,/job:localhost/replica:0/task:0/device:GPU:0,7.0,0.007
q3cECFSdMa,Reshape,/job:localhost/replica:0/task:0/device:GPU:0,7.0,0.007
xYOtI0kT8z,Pack,/job:localhost/replica:0/task:0/device:GPU:0,7.0,0.007
Cxfqdk58l2,Add,/job:localhost/replica:0/task:0/device:GPU:0,7.0,0.007
ZhUV2ykG5Y,BiasAdd,/job:localhost/replica:0/task:0/device:GPU:0,7.0,0.007
OtvrmelGEj,BiasAdd,/job:localhost/replica:0/task:0/device:GPU:0,7.0,0.007
ulZh0s8wGI,MatMul,/job:localhost/replica:0/task:0/device:GPU:0,7.0,0.007
oCKvQeV7Hn,MatMul,/job:localhost/replica:0/task:0/device:GPU:0,7.0,0.007
W0wtKfzOv1,Pack,/job:localhost/replica:0/task:0/device:GPU:0,7.0,0.007
gSZOAytdXe,ConcatV2,/job:localhost/replica:0/task:0/device:GPU:0,7.0,0.007
NecViygpUR,Pack,/job:localhost/replica:0/task:0/device:GPU:0,7.0,0.007
e1VcaF6gIi,BiasAdd,/job:localhost/replica:0/task:0/device:GPU:0,7.0,0.007
lUPmai763X,BiasAdd,/job:localhost/replica:0/task:0/device:GPU:0,7.0,0.007
uwFpbdToZg,Pack,/job:localhost/replica:0/task:0/device:GPU:0,7.0,0.007
aG5RjTMLt9,Pack,/job:localhost/replica:0/task:0/device:GPU:0,7.0,0.007
q8djiUrFPX,Neg,/job:localhost/replica:0/task:0/device:GPU:0,7.0,0.007
amNkr7wLzV,Log,/job:localhost/replica:0/task:0/device:GPU:0,7.0,0.007
lZF389B2eG,Transpose,/job:localhost/replica:0/task:0/device:GPU:0,7.0,0.007
XeJv9hNEz4,Pack,/job:localhost/replica:0/task:0/device:GPU:0,7.0,0.007
bvPLrSVJaB,Sub,/job:localhost/replica:0/task:0/device:GPU:0,7.0,0.007
3OC8ZlMGJ6,Pow,/job:localhost/replica:0/task:0/device:GPU:0,7.0,0.007
xdAilwWfDc,Rsqrt,/job:localhost/replica:0/task:0/device:GPU:0,7.0,0.007
HxCdYp4R3c,Log,/job:localhost/replica:0/task:0/device:GPU:0,7.0,0.007
oRZ8ah9cN4,Add,/job:localhost/replica:0/task:0/device:GPU:0,7.0,0.007
tY3jOf79pF,AddV2,/job:localhost/replica:0/task:0/device:GPU:0,7.0,0.007
mKM9wpPYaS,BiasAdd,/job:localhost/replica:0/task:0/device:GPU:0,7.0,0.007
hrqFilwIgU,ConcatV2,/job:localhost/replica:0/task:0/device:GPU:0,7.0,0.007
wv81dbl7rk,Rsqrt,/job:localhost/replica:0/task:0/device:GPU:0,7.0,0.007
UpA8yQq7ei,Pack,/job:localhost/replica:0/task:0/device:GPU:0,7.0,0.007
hmpRtrznU8,BiasAdd,/job:localhost/replica:0/task:0/device:GPU:0,7.0,0.007
owS2FfMLk4,BiasAdd,/job:localhost/replica:0/task:0/device:GPU:0,7.0,0.007
sydjtHmPQq,Neg,/job:localhost/replica:0/task:0/device:GPU:0,7.0,0.007
U2eYpfMSo9,Neg,/job:localhost/replica:0/task:0/device:GPU:0,7.0,0.007
Rd0AjN9gGU,Neg,/job:localhost/replica:0/task:0/device:GPU:0,7.0,0.007
bQgyh8pLM1,Sub,/job:localhost/replica:0/task:0/device:GPU:0,7.0,0.007
qSJnsGfrk2,BiasAdd,/job:localhost/replica:0/task:0/device:GPU:0,7.0,0.007
0HDX6jYOJz,Add,/job:localhost/replica:0/task:0/device:GPU:0,7.0,0.007
spduMbatRL,ConcatV2,/job:localhost/replica:0/task:0/device:GPU:0,7.0,0.007
W6YhZJAlHj,BiasAdd,/job:localhost/replica:0/task:0/device:GPU:0,7.0,0.007
HqiBQrSv5A,BiasAdd,/job:localhost/replica:0/task:0/device:GPU:0,7.0,0.007
6NohtOB0FI,Sub,/job:localhost/replica:0/task:0/device:GPU:0,7.0,0.007
dNA9B1h0pC,BiasAdd,/job:localhost/replica:0/task:0/device:GPU:0,7.0,0.007
VqMXdio7SY,Split,/job:localhost/replica:0/task:0/device:GPU:0,7.0,0.007
mVt83BqHdU,Sub,/job:localhost/replica:0/task:0/device:GPU:0,7.0,0.007
WB1aAO6NJZ,Sub,/job:localhost/replica:0/task:0/device:GPU:0,7.0,0.007
vUlyk0dp13,LeakyRelu,/job:localhost/replica:0/task:0/device:GPU:0,7.0,0.007
5stakidWSc,Mean,/job:localhost/replica:0/task:0/device:GPU:0,7.0,0.007
Vb6NOYSTMx,Sigmoid,/job:localhost/replica:0/task:0/device:GPU:0,7.0,0.007
gEuW9rmkQJ,Prod,/job:localhost/replica:0/task:0/device:GPU:0,7.0,0.007
pGlXf6rhPV,LeakyRelu,/job:localhost/replica:0/task:0/device:GPU:0,7.0,0.007
W6P2vk07J3,Prod,/job:localhost/replica:0/task:0/device:GPU:0,7.0,0.007
2EBqesODvT,RealDiv,/job:localhost/replica:0/task:0/device:GPU:0,7.0,0.007
Gr1URQdycY,Prod,/job:localhost/replica:0/task:0/device:GPU:0,7.0,0.007
1YfsADvER4,Prod,/job:localhost/replica:0/task:0/device:GPU:0,7.0,0.007
Jg5sDMiL81,RealDiv,/job:localhost/replica:0/task:0/device:GPU:0,7.0,0.007
MAH6wlfRTW,Sub,/job:localhost/replica:0/task:0/device:GPU:0,7.0,0.007
_arg_mIR0ToEnMH_0_294,Placeholder,/job:localhost/replica:0/task:0/device:CPU:0,7.0,0.007
q9tge6Wi8x,Const,/job:localhost/replica:0/task:0/device:GPU:0,6.0,0.006
MWPam0wBHx,Const,/job:localhost/replica:0/task:0/device:GPU:0,6.0,0.006
ANMcEPSkOx,Const,/job:localhost/replica:0/task:0/device:GPU:0,6.0,0.006
Mj5aOqGzHo,Const,/job:localhost/replica:0/task:0/device:GPU:0,6.0,0.006
R13rTLPGz8,Const,/job:localhost/replica:0/task:0/device:GPU:0,6.0,0.006
vSGhL98ko1,Slice,/job:localhost/replica:0/task:0/device:GPU:0,6.0,0.006
J3WqFOn7ao,ExpandDims,/job:localhost/replica:0/task:0/device:GPU:0,6.0,0.006
34jzwneiT9,Shape,/job:localhost/replica:0/task:0/device:GPU:0,6.0,0.006
MGdNlqHBhV,Transpose,/job:localhost/replica:0/task:0/device:GPU:0,6.0,0.006
kBSHguZoin,Slice,/job:localhost/replica:0/task:0/device:GPU:0,6.0,0.006
OrJ5VwEij8,Slice,/job:localhost/replica:0/task:0/device:GPU:0,6.0,0.006
No21rmKSyB,Slice,/job:localhost/replica:0/task:0/device:GPU:0,6.0,0.006
y0Oik2ID7v,Slice,/job:localhost/replica:0/task:0/device:GPU:0,6.0,0.006
TWPXEzNoLx,Slice,/job:localhost/replica:0/task:0/device:GPU:0,6.0,0.006
VcT07mebw8,Slice,/job:localhost/replica:0/task:0/device:GPU:0,6.0,0.006
BKp6gxwq8r,Slice,/job:localhost/replica:0/task:0/device:GPU:0,6.0,0.006
enlazgmwMW,Slice,/job:localhost/replica:0/task:0/device:GPU:0,6.0,0.006
I2zgFsbGrQ,Slice,/job:localhost/replica:0/task:0/device:GPU:0,6.0,0.006
Unc5wYu6MW,Slice,/job:localhost/replica:0/task:0/device:GPU:0,6.0,0.006
48mi53NSW0,Slice,/job:localhost/replica:0/task:0/device:GPU:0,6.0,0.006
u6qPJEgFNa,Slice,/job:localhost/replica:0/task:0/device:GPU:0,6.0,0.006
ufqcLEITwi,Slice,/job:localhost/replica:0/task:0/device:GPU:0,6.0,0.006
fzw4BevtnJ,Slice,/job:localhost/replica:0/task:0/device:GPU:0,6.0,0.006
rA82dlUZFg,Slice,/job:localhost/replica:0/task:0/device:GPU:0,6.0,0.006
NdC9pfa6xe,Slice,/job:localhost/replica:0/task:0/device:GPU:0,6.0,0.006
Q9lbw0ftNY,Slice,/job:localhost/replica:0/task:0/device:GPU:0,6.0,0.006
JxrayoOQMG,Slice,/job:localhost/replica:0/task:0/device:GPU:0,6.0,0.006
nWkAcZrOwo,Slice,/job:localhost/replica:0/task:0/device:GPU:0,6.0,0.006
nYoxdP53i6,Slice,/job:localhost/replica:0/task:0/device:GPU:0,6.0,0.006
WahI5lpoZ7,Slice,/job:localhost/replica:0/task:0/device:GPU:0,6.0,0.006
ksdPmxZl94,Slice,/job:localhost/replica:0/task:0/device:GPU:0,6.0,0.006
s7XLVd8lkt,Slice,/job:localhost/replica:0/task:0/device:GPU:0,6.0,0.006
uWrXYDNP9S,Slice,/job:localhost/replica:0/task:0/device:GPU:0,6.0,0.006
MHKPj1QWDO,Slice,/job:localhost/replica:0/task:0/device:GPU:0,6.0,0.006
3XQjFP8nLN,Slice,/job:localhost/replica:0/task:0/device:GPU:0,6.0,0.006
Jd6jFRr51k,Slice,/job:localhost/replica:0/task:0/device:GPU:0,6.0,0.006
OPsjktiMrp,Slice,/job:localhost/replica:0/task:0/device:GPU:0,6.0,0.006
KD2wmTMjF5,Slice,/job:localhost/replica:0/task:0/device:GPU:0,6.0,0.006
KFgV7b0i6I,Slice,/job:localhost/replica:0/task:0/device:GPU:0,6.0,0.006
76M5cDuFQR,Slice,/job:localhost/replica:0/task:0/device:GPU:0,6.0,0.006
xADOsQUpFu,Slice,/job:localhost/replica:0/task:0/device:GPU:0,6.0,0.006
9uyw4d5GSg,Slice,/job:localhost/replica:0/task:0/device:GPU:0,6.0,0.006
S3LxOmRVkz,Slice,/job:localhost/replica:0/task:0/device:GPU:0,6.0,0.006
JVP2S5vtj6,Slice,/job:localhost/replica:0/task:0/device:GPU:0,6.0,0.006
CFGjPQZnL0,Slice,/job:localhost/replica:0/task:0/device:GPU:0,6.0,0.006
zWX8kdsBGu,Slice,/job:localhost/replica:0/task:0/device:GPU:0,6.0,0.006
vOtuCf7SzY,Slice,/job:localhost/replica:0/task:0/device:GPU:0,6.0,0.006
HsMKXapx3G,Slice,/job:localhost/replica:0/task:0/device:GPU:0,6.0,0.006
cZFzOjD0lR,Slice,/job:localhost/replica:0/task:0/device:GPU:0,6.0,0.006
avN4BtDkEK,Slice,/job:localhost/replica:0/task:0/device:GPU:0,6.0,0.006
ZQTqEeHa2k,Slice,/job:localhost/replica:0/task:0/device:GPU:0,6.0,0.006
BQCuxJ1v2I,Slice,/job:localhost/replica:0/task:0/device:GPU:0,6.0,0.006
9pRsXVenNf,Slice,/job:localhost/replica:0/task:0/device:GPU:0,6.0,0.006
nr5LKkPcDp,Slice,/job:localhost/replica:0/task:0/device:GPU:0,6.0,0.006
kYRwW9htzG,Slice,/job:localhost/replica:0/task:0/device:GPU:0,6.0,0.006
suhxMPQGkq,Slice,/job:localhost/replica:0/task:0/device:GPU:0,6.0,0.006
RSf7VPBt5z,Slice,/job:localhost/replica:0/task:0/device:GPU:0,6.0,0.006
Ha5VP8TdYs,Slice,/job:localhost/replica:0/task:0/device:GPU:0,6.0,0.006
J1u4gPjOpi,Slice,/job:localhost/replica:0/task:0/device:GPU:0,6.0,0.006
ebwoJ1MVGY,Slice,/job:localhost/replica:0/task:0/device:GPU:0,6.0,0.006
IpXFTYPsol,Slice,/job:localhost/replica:0/task:0/device:GPU:0,6.0,0.006
TS7h24Yrcy,Slice,/job:localhost/replica:0/task:0/device:GPU:0,6.0,0.006
oXHRi1P9pQ,Slice,/job:localhost/replica:0/task:0/device:GPU:0,6.0,0.006
szj9GuAlkR,Slice,/job:localhost/replica:0/task:0/device:GPU:0,6.0,0.006
CV3NPv2aqT,Slice,/job:localhost/replica:0/task:0/device:GPU:0,6.0,0.006
HlayXBVSdz,Slice,/job:localhost/replica:0/task:0/device:GPU:0,6.0,0.006
p9WP5cXQ3A,Slice,/job:localhost/replica:0/task:0/device:GPU:0,6.0,0.006
CJOTibYIs9,Slice,/job:localhost/replica:0/task:0/device:GPU:0,6.0,0.006
aqPg2VByQj,Slice,/job:localhost/replica:0/task:0/device:GPU:0,6.0,0.006
NiwfqMAlFu,Slice,/job:localhost/replica:0/task:0/device:GPU:0,6.0,0.006
eIXfLZx4bq,Slice,/job:localhost/replica:0/task:0/device:GPU:0,6.0,0.006
8ZuflejT6R,Slice,/job:localhost/replica:0/task:0/device:GPU:0,6.0,0.006
awrhg9D3Jf,Slice,/job:localhost/replica:0/task:0/device:GPU:0,6.0,0.006
Tc8BWFgnXo,Slice,/job:localhost/replica:0/task:0/device:GPU:0,6.0,0.006
j3eNDZPRhT,Slice,/job:localhost/replica:0/task:0/device:GPU:0,6.0,0.006
I7K6jxiMEs,Slice,/job:localhost/replica:0/task:0/device:GPU:0,6.0,0.006
JM7HkIXO89,Slice,/job:localhost/replica:0/task:0/device:GPU:0,6.0,0.006
WriqzkaO5c,Slice,/job:localhost/replica:0/task:0/device:GPU:0,6.0,0.006
QBeT4PU5y2,Slice,/job:localhost/replica:0/task:0/device:GPU:0,6.0,0.006
YGd1bWkfni,Slice,/job:localhost/replica:0/task:0/device:GPU:0,6.0,0.006
71ze3uUfNg,Slice,/job:localhost/replica:0/task:0/device:GPU:0,6.0,0.006
HAFBkcr0z9,Slice,/job:localhost/replica:0/task:0/device:GPU:0,6.0,0.006
BSXovJd0AZ,Slice,/job:localhost/replica:0/task:0/device:GPU:0,6.0,0.006
RyOEcZQ1YK,Slice,/job:localhost/replica:0/task:0/device:GPU:0,6.0,0.006
E7gp4fKUyq,Slice,/job:localhost/replica:0/task:0/device:GPU:0,6.0,0.006
FJmM2bYIpO,Slice,/job:localhost/replica:0/task:0/device:GPU:0,6.0,0.006
bp4ufeo6cC,Slice,/job:localhost/replica:0/task:0/device:GPU:0,6.0,0.006
Pz8JSWmVMB,Slice,/job:localhost/replica:0/task:0/device:GPU:0,6.0,0.006
EfJ5FRV9sC,Slice,/job:localhost/replica:0/task:0/device:GPU:0,6.0,0.006
E5vSZ7lB3T,Slice,/job:localhost/replica:0/task:0/device:GPU:0,6.0,0.006
VX5sKYTx02,Slice,/job:localhost/replica:0/task:0/device:GPU:0,6.0,0.006
Zp2zXIdPFh,Slice,/job:localhost/replica:0/task:0/device:GPU:0,6.0,0.006
Erb1NBRiZH,Slice,/job:localhost/replica:0/task:0/device:GPU:0,6.0,0.006
v08hxuDqwf,Slice,/job:localhost/replica:0/task:0/device:GPU:0,6.0,0.006
vjzqxmo0h3,Slice,/job:localhost/replica:0/task:0/device:GPU:0,6.0,0.006
1SgG53XZJM,Slice,/job:localhost/replica:0/task:0/device:GPU:0,6.0,0.006
PGnkf4wLgi,Slice,/job:localhost/replica:0/task:0/device:GPU:0,6.0,0.006
QWfM5tPXy4,Slice,/job:localhost/replica:0/task:0/device:GPU:0,6.0,0.006
sKS14D2dm3,Slice,/job:localhost/replica:0/task:0/device:GPU:0,6.0,0.006
gJlMhFivWo,Slice,/job:localhost/replica:0/task:0/device:GPU:0,6.0,0.006
jCuRYkZnrO,Slice,/job:localhost/replica:0/task:0/device:GPU:0,6.0,0.006
jFkN9f61Bs,Slice,/job:localhost/replica:0/task:0/device:GPU:0,6.0,0.006
GmXi5eMRn4,Slice,/job:localhost/replica:0/task:0/device:GPU:0,6.0,0.006
4dcT1OZuIh,Slice,/job:localhost/replica:0/task:0/device:GPU:0,6.0,0.006
wi3cbSVUQr,Slice,/job:localhost/replica:0/task:0/device:GPU:0,6.0,0.006
m58QfFbOTU,Slice,/job:localhost/replica:0/task:0/device:GPU:0,6.0,0.006
ji5y8dDvtS,Slice,/job:localhost/replica:0/task:0/device:GPU:0,6.0,0.006
fW0ROn73oj,Slice,/job:localhost/replica:0/task:0/device:GPU:0,6.0,0.006
o14xf8HeN2,Slice,/job:localhost/replica:0/task:0/device:GPU:0,6.0,0.006
DhgsKO6Tiw,Slice,/job:localhost/replica:0/task:0/device:GPU:0,6.0,0.006
Wq8SnfbwcH,Slice,/job:localhost/replica:0/task:0/device:GPU:0,6.0,0.006
0Nh5KL26kD,Slice,/job:localhost/replica:0/task:0/device:GPU:0,6.0,0.006
goWTu4UcZX,Slice,/job:localhost/replica:0/task:0/device:GPU:0,6.0,0.006
W2fgSy6kXF,Slice,/job:localhost/replica:0/task:0/device:GPU:0,6.0,0.006
2aOV8KjNuT,Slice,/job:localhost/replica:0/task:0/device:GPU:0,6.0,0.006
gHjsf4rhqK,Slice,/job:localhost/replica:0/task:0/device:GPU:0,6.0,0.006
PCydehpiEI,Slice,/job:localhost/replica:0/task:0/device:GPU:0,6.0,0.006
6m7kOxSHUF,Slice,/job:localhost/replica:0/task:0/device:GPU:0,6.0,0.006
v1VlMpSb2D,Slice,/job:localhost/replica:0/task:0/device:GPU:0,6.0,0.006
BwkhdCAPz8,Slice,/job:localhost/replica:0/task:0/device:GPU:0,6.0,0.006
kJCDjvVLtb,Slice,/job:localhost/replica:0/task:0/device:GPU:0,6.0,0.006
0xlFpsUBCT,Slice,/job:localhost/replica:0/task:0/device:GPU:0,6.0,0.006
JaVxOmIoen,Slice,/job:localhost/replica:0/task:0/device:GPU:0,6.0,0.006
rB7kfHPyWd,Slice,/job:localhost/replica:0/task:0/device:GPU:0,6.0,0.006
VgdD3fnGX4,Slice,/job:localhost/replica:0/task:0/device:GPU:0,6.0,0.006
pJ5V1RFngh,Slice,/job:localhost/replica:0/task:0/device:GPU:0,6.0,0.006
v4aQuZfSXI,Slice,/job:localhost/replica:0/task:0/device:GPU:0,6.0,0.006
hJHIpctdD8,Slice,/job:localhost/replica:0/task:0/device:GPU:0,6.0,0.006
xDnsTFt6uZ,Slice,/job:localhost/replica:0/task:0/device:GPU:0,6.0,0.006
06g2J4PYsu,Slice,/job:localhost/replica:0/task:0/device:GPU:0,6.0,0.006
70SKktLypj,Slice,/job:localhost/replica:0/task:0/device:GPU:0,6.0,0.006
0376nfwkF2,Slice,/job:localhost/replica:0/task:0/device:GPU:0,6.0,0.006
CDzi8A6LU1,Slice,/job:localhost/replica:0/task:0/device:GPU:0,6.0,0.006
yN3anUzifY,Slice,/job:localhost/replica:0/task:0/device:GPU:0,6.0,0.006
DPFJV2rlBQ,Slice,/job:localhost/replica:0/task:0/device:GPU:0,6.0,0.006
Gw87cTL2MZ,Slice,/job:localhost/replica:0/task:0/device:GPU:0,6.0,0.006
q9GTCJUXWK,Slice,/job:localhost/replica:0/task:0/device:GPU:0,6.0,0.006
BFxY84Aabg,Slice,/job:localhost/replica:0/task:0/device:GPU:0,6.0,0.006
Qu0HgCrLIq,Slice,/job:localhost/replica:0/task:0/device:GPU:0,6.0,0.006
xJFcQHeGMD,Slice,/job:localhost/replica:0/task:0/device:GPU:0,6.0,0.006
Y0keDgyE2Z,Slice,/job:localhost/replica:0/task:0/device:GPU:0,6.0,0.006
ibSPnw8sxJ,Slice,/job:localhost/replica:0/task:0/device:GPU:0,6.0,0.006
JCTpRW7GmS,Slice,/job:localhost/replica:0/task:0/device:GPU:0,6.0,0.006
8EQVstwy7i,Slice,/job:localhost/replica:0/task:0/device:GPU:0,6.0,0.006
H7jiExLdPG,Slice,/job:localhost/replica:0/task:0/device:GPU:0,6.0,0.006
aJtw9Weybs,Slice,/job:localhost/replica:0/task:0/device:GPU:0,6.0,0.006
XIGAMRsb9K,Slice,/job:localhost/replica:0/task:0/device:GPU:0,6.0,0.006
MtGAY6zXT0,Slice,/job:localhost/replica:0/task:0/device:GPU:0,6.0,0.006
X23TH9Nz4x,Slice,/job:localhost/replica:0/task:0/device:GPU:0,6.0,0.006
BH0dAQ8iTf,Slice,/job:localhost/replica:0/task:0/device:GPU:0,6.0,0.006
DTeNO0ZVnp,Slice,/job:localhost/replica:0/task:0/device:GPU:0,6.0,0.006
8Cl7bXJIz4,Slice,/job:localhost/replica:0/task:0/device:GPU:0,6.0,0.006
XeZvI8ro93,Slice,/job:localhost/replica:0/task:0/device:GPU:0,6.0,0.006
TmwXZucRGq,Slice,/job:localhost/replica:0/task:0/device:GPU:0,6.0,0.006
jpz9MNOX1F,Slice,/job:localhost/replica:0/task:0/device:GPU:0,6.0,0.006
wi6Dy24ZHO,Slice,/job:localhost/replica:0/task:0/device:GPU:0,6.0,0.006
JsUqBCDF3M,Slice,/job:localhost/replica:0/task:0/device:GPU:0,6.0,0.006
yrf9Zv3VaI,Slice,/job:localhost/replica:0/task:0/device:GPU:0,6.0,0.006
k5W4UM90lD,Slice,/job:localhost/replica:0/task:0/device:GPU:0,6.0,0.006
EM9YQqIPXW,Slice,/job:localhost/replica:0/task:0/device:GPU:0,6.0,0.006
ifx68BIPhX,Slice,/job:localhost/replica:0/task:0/device:GPU:0,6.0,0.006
TlSAtNGs29,Slice,/job:localhost/replica:0/task:0/device:GPU:0,6.0,0.006
n7REiwXsoz,Slice,/job:localhost/replica:0/task:0/device:GPU:0,6.0,0.006
xyQvNj5m7n,Slice,/job:localhost/replica:0/task:0/device:GPU:0,6.0,0.006
vVKPjTMtws,Slice,/job:localhost/replica:0/task:0/device:GPU:0,6.0,0.006
reS5NOIWqV,Slice,/job:localhost/replica:0/task:0/device:GPU:0,6.0,0.006
F24m7N9pyj,Slice,/job:localhost/replica:0/task:0/device:GPU:0,6.0,0.006
wEnIiLo2tD,Slice,/job:localhost/replica:0/task:0/device:GPU:0,6.0,0.006
JInWeB4MhU,Slice,/job:localhost/replica:0/task:0/device:GPU:0,6.0,0.006
3wi8G6KoaF,Slice,/job:localhost/replica:0/task:0/device:GPU:0,6.0,0.006
v3E6ViISQL,Slice,/job:localhost/replica:0/task:0/device:GPU:0,6.0,0.006
jJlr7W2Yf3,Slice,/job:localhost/replica:0/task:0/device:GPU:0,6.0,0.006
yR7Gb3OF6N,Slice,/job:localhost/replica:0/task:0/device:GPU:0,6.0,0.006
pnmhEcDvX9,Slice,/job:localhost/replica:0/task:0/device:GPU:0,6.0,0.006
tRGdp8FqcK,Slice,/job:localhost/replica:0/task:0/device:GPU:0,6.0,0.006
7Ecqws8MWD,Slice,/job:localhost/replica:0/task:0/device:GPU:0,6.0,0.006
MJmdLESebV,Slice,/job:localhost/replica:0/task:0/device:GPU:0,6.0,0.006
3lTWXCHRo5,Slice,/job:localhost/replica:0/task:0/device:GPU:0,6.0,0.006
0MX6f32l5k,Slice,/job:localhost/replica:0/task:0/device:GPU:0,6.0,0.006
JXHfbxBUCN,Slice,/job:localhost/replica:0/task:0/device:GPU:0,6.0,0.006
tJICnOK3wv,Slice,/job:localhost/replica:0/task:0/device:GPU:0,6.0,0.006
lVryAeZPC4,Slice,/job:localhost/replica:0/task:0/device:GPU:0,6.0,0.006
fluJOSY0Kd,Slice,/job:localhost/replica:0/task:0/device:GPU:0,6.0,0.006
eQjltoah2m,Slice,/job:localhost/replica:0/task:0/device:GPU:0,6.0,0.006
tQWIDnJHRT,Slice,/job:localhost/replica:0/task:0/device:GPU:0,6.0,0.006
EatwFbdSNG,Slice,/job:localhost/replica:0/task:0/device:GPU:0,6.0,0.006
XgYZTDCsx1,Slice,/job:localhost/replica:0/task:0/device:GPU:0,6.0,0.006
uNBkwtp9na,Slice,/job:localhost/replica:0/task:0/device:GPU:0,6.0,0.006
yGHhjewCZT,Slice,/job:localhost/replica:0/task:0/device:GPU:0,6.0,0.006
TuJLDIeExS,Slice,/job:localhost/replica:0/task:0/device:GPU:0,6.0,0.006
MP7A1OIpzn,Slice,/job:localhost/replica:0/task:0/device:GPU:0,6.0,0.006
6cTQzPYVxh,Slice,/job:localhost/replica:0/task:0/device:GPU:0,6.0,0.006
RW5bYKFgfP,Slice,/job:localhost/replica:0/task:0/device:GPU:0,6.0,0.006
rfholDWMia,Slice,/job:localhost/replica:0/task:0/device:GPU:0,6.0,0.006
ngCRDW371s,Slice,/job:localhost/replica:0/task:0/device:GPU:0,6.0,0.006
dmMSBF4tIk,Slice,/job:localhost/replica:0/task:0/device:GPU:0,6.0,0.006
hk6cQ4JGMO,Slice,/job:localhost/replica:0/task:0/device:GPU:0,6.0,0.006
uhfHWXLP7S,Slice,/job:localhost/replica:0/task:0/device:GPU:0,6.0,0.006
wUS8O6ujFN,Slice,/job:localhost/replica:0/task:0/device:GPU:0,6.0,0.006
hFaLAgj3Xo,Slice,/job:localhost/replica:0/task:0/device:GPU:0,6.0,0.006
nf6qtAkXgY,Slice,/job:localhost/replica:0/task:0/device:GPU:0,6.0,0.006
IG8Hbv0R4D,Slice,/job:localhost/replica:0/task:0/device:GPU:0,6.0,0.006
ziT7ZvegFC,Slice,/job:localhost/replica:0/task:0/device:GPU:0,6.0,0.006
6l987JwuQn,Slice,/job:localhost/replica:0/task:0/device:GPU:0,6.0,0.006
SVHvQqaiCh,Slice,/job:localhost/replica:0/task:0/device:GPU:0,6.0,0.006
f9QEWmqIGo,Slice,/job:localhost/replica:0/task:0/device:GPU:0,6.0,0.006
y4qKRD1PwN,Slice,/job:localhost/replica:0/task:0/device:GPU:0,6.0,0.006
TD7hIeKEyw,Slice,/job:localhost/replica:0/task:0/device:GPU:0,6.0,0.006
D6UFVQ7tYN,Slice,/job:localhost/replica:0/task:0/device:GPU:0,6.0,0.006
VP7O0J82nK,Slice,/job:localhost/replica:0/task:0/device:GPU:0,6.0,0.006
kmev3ghxVs,Slice,/job:localhost/replica:0/task:0/device:GPU:0,6.0,0.006
Dwj90Za8sP,Slice,/job:localhost/replica:0/task:0/device:GPU:0,6.0,0.006
Dmt0n7Wxzd,Slice,/job:localhost/replica:0/task:0/device:GPU:0,6.0,0.006
1nXtFoyNmK,Slice,/job:localhost/replica:0/task:0/device:GPU:0,6.0,0.006
WfEnpDYeIM,Slice,/job:localhost/replica:0/task:0/device:GPU:0,6.0,0.006
Vfz5d3elrs,Slice,/job:localhost/replica:0/task:0/device:GPU:0,6.0,0.006
wbqaofzvSM,Slice,/job:localhost/replica:0/task:0/device:GPU:0,6.0,0.006
VUguafOlCw,Slice,/job:localhost/replica:0/task:0/device:GPU:0,6.0,0.006
kCrBGWo9Yx,Slice,/job:localhost/replica:0/task:0/device:GPU:0,6.0,0.006
1wv2MoKbYD,Slice,/job:localhost/replica:0/task:0/device:GPU:0,6.0,0.006
Pjez7iInYT,Slice,/job:localhost/replica:0/task:0/device:GPU:0,6.0,0.006
eHE2876jRv,Slice,/job:localhost/replica:0/task:0/device:GPU:0,6.0,0.006
g1RPdEXTlV,Slice,/job:localhost/replica:0/task:0/device:GPU:0,6.0,0.006
QBFDkcV1qp,Slice,/job:localhost/replica:0/task:0/device:GPU:0,6.0,0.006
GpTruEMc3B,Slice,/job:localhost/replica:0/task:0/device:GPU:0,6.0,0.006
iFbrBjQzlM,Slice,/job:localhost/replica:0/task:0/device:GPU:0,6.0,0.006
4ONpQCZ6jy,Slice,/job:localhost/replica:0/task:0/device:GPU:0,6.0,0.006
vdrVs1yQ2i,Slice,/job:localhost/replica:0/task:0/device:GPU:0,6.0,0.006
J4bVnixDjL,Slice,/job:localhost/replica:0/task:0/device:GPU:0,6.0,0.006
dONkVLQIj9,Slice,/job:localhost/replica:0/task:0/device:GPU:0,6.0,0.006
v2ytnPSUQA,Slice,/job:localhost/replica:0/task:0/device:GPU:0,6.0,0.006
nqKo1SAOLV,Slice,/job:localhost/replica:0/task:0/device:GPU:0,6.0,0.006
KFmrjN76IC,Slice,/job:localhost/replica:0/task:0/device:GPU:0,6.0,0.006
ezAL7gSvEM,Slice,/job:localhost/replica:0/task:0/device:GPU:0,6.0,0.006
CxeEovhNHF,Slice,/job:localhost/replica:0/task:0/device:GPU:0,6.0,0.006
TRA9wX4Nd5,Slice,/job:localhost/replica:0/task:0/device:GPU:0,6.0,0.006
Vi5n2TMCOq,Slice,/job:localhost/replica:0/task:0/device:GPU:0,6.0,0.006
X92aUmv8Ag,Slice,/job:localhost/replica:0/task:0/device:GPU:0,6.0,0.006
QoE4YevJdg,Slice,/job:localhost/replica:0/task:0/device:GPU:0,6.0,0.006
qp9XLZF1c6,Slice,/job:localhost/replica:0/task:0/device:GPU:0,6.0,0.006
2QfcoOj1ke,Slice,/job:localhost/replica:0/task:0/device:GPU:0,6.0,0.006
GUSpdCtfu0,Slice,/job:localhost/replica:0/task:0/device:GPU:0,6.0,0.006
X93C1xOqQf,Slice,/job:localhost/replica:0/task:0/device:GPU:0,6.0,0.006
4heBHipqNv,Slice,/job:localhost/replica:0/task:0/device:GPU:0,6.0,0.006
QLEID5dUM8,Slice,/job:localhost/replica:0/task:0/device:GPU:0,6.0,0.006
oZSlYtLvCO,Slice,/job:localhost/replica:0/task:0/device:GPU:0,6.0,0.006
RHlFLWMx8q,Slice,/job:localhost/replica:0/task:0/device:GPU:0,6.0,0.006
AmTL2Puxk1,Slice,/job:localhost/replica:0/task:0/device:GPU:0,6.0,0.006
giyv6sRbT8,Slice,/job:localhost/replica:0/task:0/device:GPU:0,6.0,0.006
pOVYDAgHc0,Slice,/job:localhost/replica:0/task:0/device:GPU:0,6.0,0.006
IcvaZibfpY,Slice,/job:localhost/replica:0/task:0/device:GPU:0,6.0,0.006
nAfKuD6tJX,Slice,/job:localhost/replica:0/task:0/device:GPU:0,6.0,0.006
D9nTLRxk2N,Slice,/job:localhost/replica:0/task:0/device:GPU:0,6.0,0.006
2n4xU8IF7S,Slice,/job:localhost/replica:0/task:0/device:GPU:0,6.0,0.006
hzfW0PQd4k,Slice,/job:localhost/replica:0/task:0/device:GPU:0,6.0,0.006
JBA9PKuVCG,Slice,/job:localhost/replica:0/task:0/device:GPU:0,6.0,0.006
eR25VNGcbK,Slice,/job:localhost/replica:0/task:0/device:GPU:0,6.0,0.006
RV3XmhLgEw,Slice,/job:localhost/replica:0/task:0/device:GPU:0,6.0,0.006
TSpvgQWfM4,Slice,/job:localhost/replica:0/task:0/device:GPU:0,6.0,0.006
Tb3Gdh1klD,Slice,/job:localhost/replica:0/task:0/device:GPU:0,6.0,0.006
5wpBlLftc3,Slice,/job:localhost/replica:0/task:0/device:GPU:0,6.0,0.006
bzVyXS8Y5J,Slice,/job:localhost/replica:0/task:0/device:GPU:0,6.0,0.006
qvnbBtoQCk,Slice,/job:localhost/replica:0/task:0/device:GPU:0,6.0,0.006
kDSbUizxqc,Slice,/job:localhost/replica:0/task:0/device:GPU:0,6.0,0.006
gHj2BrshQe,Slice,/job:localhost/replica:0/task:0/device:GPU:0,6.0,0.006
f7LocDzS30,Slice,/job:localhost/replica:0/task:0/device:GPU:0,6.0,0.006
5hMuvnAp0J,Slice,/job:localhost/replica:0/task:0/device:GPU:0,6.0,0.006
YvqhQ8ZMic,Slice,/job:localhost/replica:0/task:0/device:GPU:0,6.0,0.006
3ECIYVsoDG,Slice,/job:localhost/replica:0/task:0/device:GPU:0,6.0,0.006
Z2HrBuVFI8,Slice,/job:localhost/replica:0/task:0/device:GPU:0,6.0,0.006
BIJFe8mRMO,Slice,/job:localhost/replica:0/task:0/device:GPU:0,6.0,0.006
xFD3WwPMdy,Slice,/job:localhost/replica:0/task:0/device:GPU:0,6.0,0.006
zpoDfri5GY,Slice,/job:localhost/replica:0/task:0/device:GPU:0,6.0,0.006
9cs8vyEfFA,Slice,/job:localhost/replica:0/task:0/device:GPU:0,6.0,0.006
yc25QVTlfB,Slice,/job:localhost/replica:0/task:0/device:GPU:0,6.0,0.006
j9Q2HWmuna,Slice,/job:localhost/replica:0/task:0/device:GPU:0,6.0,0.006
VIbOq1r4LT,Slice,/job:localhost/replica:0/task:0/device:GPU:0,6.0,0.006
XjtrduOANU,Slice,/job:localhost/replica:0/task:0/device:GPU:0,6.0,0.006
jg9piml26k,Slice,/job:localhost/replica:0/task:0/device:GPU:0,6.0,0.006
vIOp4aYFln,Slice,/job:localhost/replica:0/task:0/device:GPU:0,6.0,0.006
Eyq48X1rjf,Slice,/job:localhost/replica:0/task:0/device:GPU:0,6.0,0.006
cqnSihlCpj,Slice,/job:localhost/replica:0/task:0/device:GPU:0,6.0,0.006
8TDgBYpJ7G,Slice,/job:localhost/replica:0/task:0/device:GPU:0,6.0,0.006
u46QNYq7tX,Slice,/job:localhost/replica:0/task:0/device:GPU:0,6.0,0.006
HnCpO2hbzd,Slice,/job:localhost/replica:0/task:0/device:GPU:0,6.0,0.006
i2Toq09j6d,Slice,/job:localhost/replica:0/task:0/device:GPU:0,6.0,0.006
ZieJd7HOK4,Slice,/job:localhost/replica:0/task:0/device:GPU:0,6.0,0.006
WaEM8fRBNF,Slice,/job:localhost/replica:0/task:0/device:GPU:0,6.0,0.006
94wPGpvDg1,Slice,/job:localhost/replica:0/task:0/device:GPU:0,6.0,0.006
QXS9AizqJF,Slice,/job:localhost/replica:0/task:0/device:GPU:0,6.0,0.006
PCglW2NApc,Slice,/job:localhost/replica:0/task:0/device:GPU:0,6.0,0.006
Is8zuV26R0,Slice,/job:localhost/replica:0/task:0/device:GPU:0,6.0,0.006
u89OAan1qG,Slice,/job:localhost/replica:0/task:0/device:GPU:0,6.0,0.006
xY1Wv5NEw0,Slice,/job:localhost/replica:0/task:0/device:GPU:0,6.0,0.006
YklXAza8Ox,Slice,/job:localhost/replica:0/task:0/device:GPU:0,6.0,0.006
7B3JegOrZG,Slice,/job:localhost/replica:0/task:0/device:GPU:0,6.0,0.006
1FphEdf4n8,Slice,/job:localhost/replica:0/task:0/device:GPU:0,6.0,0.006
16dsxuGvht,Slice,/job:localhost/replica:0/task:0/device:GPU:0,6.0,0.006
Umdx1AC2Di,Slice,/job:localhost/replica:0/task:0/device:GPU:0,6.0,0.006
Alsp547NQG,Slice,/job:localhost/replica:0/task:0/device:GPU:0,6.0,0.006
O5cM9QaIVE,Slice,/job:localhost/replica:0/task:0/device:GPU:0,6.0,0.006
nZsl2JYIva,Slice,/job:localhost/replica:0/task:0/device:GPU:0,6.0,0.006
zoOn1Xjm7D,Slice,/job:localhost/replica:0/task:0/device:GPU:0,6.0,0.006
z3fBavMWm8,Slice,/job:localhost/replica:0/task:0/device:GPU:0,6.0,0.006
pKlyTIdH8Z,Slice,/job:localhost/replica:0/task:0/device:GPU:0,6.0,0.006
l2KhYVMGTC,Slice,/job:localhost/replica:0/task:0/device:GPU:0,6.0,0.006
TbyjnpodWV,Slice,/job:localhost/replica:0/task:0/device:GPU:0,6.0,0.006
6Fpnd47xb8,Slice,/job:localhost/replica:0/task:0/device:GPU:0,6.0,0.006
tLJ3kTYAGy,Slice,/job:localhost/replica:0/task:0/device:GPU:0,6.0,0.006
SYfcemWD4h,Slice,/job:localhost/replica:0/task:0/device:GPU:0,6.0,0.006
Pa0SAXZsqJ,Slice,/job:localhost/replica:0/task:0/device:GPU:0,6.0,0.006
uwgKEyXSQT,Slice,/job:localhost/replica:0/task:0/device:GPU:0,6.0,0.006
1vRBOkYgNa,Slice,/job:localhost/replica:0/task:0/device:GPU:0,6.0,0.006
9dJID0RGtW,Slice,/job:localhost/replica:0/task:0/device:GPU:0,6.0,0.006
sM1fXNFc9L,Slice,/job:localhost/replica:0/task:0/device:GPU:0,6.0,0.006
mPCX5fuT7W,Slice,/job:localhost/replica:0/task:0/device:GPU:0,6.0,0.006
uxzCHtJ8MX,Slice,/job:localhost/replica:0/task:0/device:GPU:0,6.0,0.006
pD0WRaNTFz,Slice,/job:localhost/replica:0/task:0/device:GPU:0,6.0,0.006
kaU6yCZFup,Slice,/job:localhost/replica:0/task:0/device:GPU:0,6.0,0.006
F0HK15IEqn,AddV2,/job:localhost/replica:0/task:0/device:GPU:0,6.0,0.006
FYGIDCB1ce,Slice,/job:localhost/replica:0/task:0/device:GPU:0,6.0,0.006
oxFjD1pCJd,Slice,/job:localhost/replica:0/task:0/device:GPU:0,6.0,0.006
DdbG0hZJxs,Slice,/job:localhost/replica:0/task:0/device:GPU:0,6.0,0.006
po65eUPZrY,Slice,/job:localhost/replica:0/task:0/device:GPU:0,6.0,0.006
lndDGvj6hf,Slice,/job:localhost/replica:0/task:0/device:GPU:0,6.0,0.006
1n0fit93UC,Slice,/job:localhost/replica:0/task:0/device:GPU:0,6.0,0.006
U9mHgBlEP6,Slice,/job:localhost/replica:0/task:0/device:GPU:0,6.0,0.006
iPCfZHEcYe,Slice,/job:localhost/replica:0/task:0/device:GPU:0,6.0,0.006
cxzSR8rjvJ,Slice,/job:localhost/replica:0/task:0/device:GPU:0,6.0,0.006
4IKr0DsAxZ,Slice,/job:localhost/replica:0/task:0/device:GPU:0,6.0,0.006
7jP59bs6QU,Slice,/job:localhost/replica:0/task:0/device:GPU:0,6.0,0.006
xQci6oLbws,Slice,/job:localhost/replica:0/task:0/device:GPU:0,6.0,0.006
XkmvH2IFn4,Slice,/job:localhost/replica:0/task:0/device:GPU:0,6.0,0.006
5ona3N79Oc,Slice,/job:localhost/replica:0/task:0/device:GPU:0,6.0,0.006
1CvJdVxyT3,RealDiv,/job:localhost/replica:0/task:0/device:GPU:0,6.0,0.006
djepTh2Icv,Pack,/job:localhost/replica:0/task:0/device:GPU:0,6.0,0.006
o9qie0RW5b,AddV2,/job:localhost/replica:0/task:0/device:GPU:0,6.0,0.006
H2OvB8CSox,Add,/job:localhost/replica:0/task:0/device:GPU:0,6.0,0.006
hQ08DtUYki,AddV2,/job:localhost/replica:0/task:0/device:GPU:0,6.0,0.006
f8aKgmpzsB,BiasAdd,/job:localhost/replica:0/task:0/device:GPU:0,6.0,0.006
5GsmfeHRqo,Pack,/job:localhost/replica:0/task:0/device:GPU:0,6.0,0.006
lAHnWsKc5q,Pack,/job:localhost/replica:0/task:0/device:GPU:0,6.0,0.006
HOAZdMtNXy,ConcatV2,/job:localhost/replica:0/task:0/device:GPU:0,6.0,0.006
g2PuzE0CDp,Pack,/job:localhost/replica:0/task:0/device:GPU:0,6.0,0.006
Xv3Bc7hG2m,Prod,/job:localhost/replica:0/task:0/device:GPU:0,6.0,0.006
ivc09QaZ7V,Log,/job:localhost/replica:0/task:0/device:GPU:0,6.0,0.006
xNCZAIaYM5,Pack,/job:localhost/replica:0/task:0/device:GPU:0,6.0,0.006
pV4qhxBMbG,ConcatV2,/job:localhost/replica:0/task:0/device:GPU:0,6.0,0.006
yptKY1ucSk,BiasAdd,/job:localhost/replica:0/task:0/device:GPU:0,6.0,0.006
m9Glk40gaX,BiasAdd,/job:localhost/replica:0/task:0/device:GPU:0,6.0,0.006
jaY3FEQCsN,Add,/job:localhost/replica:0/task:0/device:GPU:0,6.0,0.006
Y5SIQLwRAs,Rsqrt,/job:localhost/replica:0/task:0/device:GPU:0,6.0,0.006
7x9nKLrXS1,Neg,/job:localhost/replica:0/task:0/device:GPU:0,6.0,0.006
bat2zCulMj,Rsqrt,/job:localhost/replica:0/task:0/device:GPU:0,6.0,0.006
dMXKO4PUzh,BiasAdd,/job:localhost/replica:0/task:0/device:GPU:0,6.0,0.006
NjcXD38z2m,BiasAdd,/job:localhost/replica:0/task:0/device:GPU:0,6.0,0.006
9NjszSyDdb,BiasAdd,/job:localhost/replica:0/task:0/device:GPU:0,6.0,0.006
sTchtw81ig,BiasAdd,/job:localhost/replica:0/task:0/device:GPU:0,6.0,0.006
LE8694RroI,Sub,/job:localhost/replica:0/task:0/device:GPU:0,6.0,0.006
Rwc5HruLfG,AddV2,/job:localhost/replica:0/task:0/device:GPU:0,6.0,0.006
wJcBUIhu71,BiasAdd,/job:localhost/replica:0/task:0/device:GPU:0,6.0,0.006
nq0kfht2Od,RealDiv,/job:localhost/replica:0/task:0/device:GPU:0,6.0,0.006
Rx6lE32zcn,LeakyRelu,/job:localhost/replica:0/task:0/device:GPU:0,6.0,0.006
oCuiZWY40j,Pow,/job:localhost/replica:0/task:0/device:GPU:0,6.0,0.006
F9Ocw4MQoH,BiasAdd,/job:localhost/replica:0/task:0/device:GPU:0,6.0,0.006
BWHCUoTZ2L,BiasAdd,/job:localhost/replica:0/task:0/device:GPU:0,6.0,0.006
HoGy7RZ5Ml,BiasAdd,/job:localhost/replica:0/task:0/device:GPU:0,6.0,0.006
zb6uH4fwQi,BiasAdd,/job:localhost/replica:0/task:0/device:GPU:0,6.0,0.006
wYojrPhs7O,Neg,/job:localhost/replica:0/task:0/device:GPU:0,6.0,0.006
mrI6Jd0TYg,Log,/job:localhost/replica:0/task:0/device:GPU:0,6.0,0.006
mziL6KwblQ,Log,/job:localhost/replica:0/task:0/device:GPU:0,6.0,0.006
Q84JkMye3u,Log,/job:localhost/replica:0/task:0/device:GPU:0,6.0,0.006
dL6BeGAmM8,Neg,/job:localhost/replica:0/task:0/device:GPU:0,6.0,0.006
bwX8rCcDIi,Log,/job:localhost/replica:0/task:0/device:GPU:0,6.0,0.006
EAXjzsVR2l,Rsqrt,/job:localhost/replica:0/task:0/device:GPU:0,6.0,0.006
lJZPpYd9zN,Pow,/job:localhost/replica:0/task:0/device:GPU:0,6.0,0.006
zo4C97vFh1,Pow,/job:localhost/replica:0/task:0/device:GPU:0,6.0,0.006
QeE9UaqsWP,RealDiv,/job:localhost/replica:0/task:0/device:GPU:0,6.0,0.006
dVz4quEQAB,Mul,/job:localhost/replica:0/task:0/device:GPU:0,6.0,0.006
6BAW9Frsyc,Sub,/job:localhost/replica:0/task:0/device:GPU:0,6.0,0.006
KYiICJfTOV,Add,/job:localhost/replica:0/task:0/device:GPU:0,6.0,0.006
MnrAsmSeZc,Pow,/job:localhost/replica:0/task:0/device:GPU:0,6.0,0.006
74ebYoOv1r,StridedSlice,/job:localhost/replica:0/task:0/device:GPU:0,6.0,0.006
aC1PTefDGY,ConcatV2,/job:localhost/replica:0/task:0/device:GPU:0,6.0,0.006
BzKdWyP0kh,BiasAdd,/job:localhost/replica:0/task:0/device:GPU:0,6.0,0.006
WsKdzQX2Rq,Relu,/job:localhost/replica:0/task:0/device:GPU:0,6.0,0.006
9d5egjbZHk,Pow,/job:localhost/replica:0/task:0/device:GPU:0,6.0,0.006
xjYBp7W8G3,SquaredDifference,/job:localhost/replica:0/task:0/device:GPU:0,6.0,0.006
HRwI3SN6Je,Prod,/job:localhost/replica:0/task:0/device:GPU:0,6.0,0.006
ctEPS2pFNx,Mul,/job:localhost/replica:0/task:0/device:GPU:0,6.0,0.006
8jJugALXI2,Mul,/job:localhost/replica:0/task:0/device:GPU:0,6.0,0.006
I0z5ebgRhA,Relu,/job:localhost/replica:0/task:0/device:GPU:0,6.0,0.006
RkJYuHK7Aa,SquaredDifference,/job:localhost/replica:0/task:0/device:GPU:0,6.0,0.006
Nk1eiPWUba,StridedSlice,/job:localhost/replica:0/task:0/device:GPU:0,6.0,0.006
wNEukDM1AL,StridedSlice,/job:localhost/replica:0/task:0/device:GPU:0,6.0,0.006
va46AOSZMH,StridedSlice,/job:localhost/replica:0/task:0/device:GPU:0,6.0,0.006
LD8MgnV2ae,StridedSlice,/job:localhost/replica:0/task:0/device:GPU:0,6.0,0.006
nqtXkrcgp6,StridedSlice,/job:localhost/replica:0/task:0/device:GPU:0,6.0,0.006
jlPoFYOz3y,StridedSlice,/job:localhost/replica:0/task:0/device:GPU:0,6.0,0.006
5zx2XYEjmg,StridedSlice,/job:localhost/replica:0/task:0/device:GPU:0,6.0,0.006
h0WUTYjFmu,StridedSlice,/job:localhost/replica:0/task:0/device:GPU:0,6.0,0.006
ZGVaonShc9,StridedSlice,/job:localhost/replica:0/task:0/device:GPU:0,6.0,0.006
BskuVdayZE,StridedSlice,/job:localhost/replica:0/task:0/device:GPU:0,6.0,0.006
mDoayWAtpe,BiasAdd,/job:localhost/replica:0/task:0/device:GPU:0,6.0,0.006
djw0ZFQ1OC,SquaredDifference,/job:localhost/replica:0/task:0/device:GPU:0,6.0,0.006
NlQBSqFoVU,Sum,/job:localhost/replica:0/task:0/device:GPU:0,6.0,0.006
gx7MrKVsjE,Pow,/job:localhost/replica:0/task:0/device:GPU:0,6.0,0.006
lsOe6dP3h7,AddV2,/job:localhost/replica:0/task:0/device:GPU:0,6.0,0.006
9tRhNswyoa,BiasAdd,/job:localhost/replica:0/task:0/device:GPU:0,6.0,0.006
jK4Hb3Br02,LeakyRelu,/job:localhost/replica:0/task:0/device:GPU:0,6.0,0.006
DhpgxSlCmi,LeakyRelu,/job:localhost/replica:0/task:0/device:GPU:0,6.0,0.006
60hD8koWEe,Mul,/job:localhost/replica:0/task:0/device:GPU:0,6.0,0.006
9hH8tqlsBF,Mul,/job:localhost/replica:0/task:0/device:GPU:0,6.0,0.006
RFLvS8V4mB,Pow,/job:localhost/replica:0/task:0/device:GPU:0,6.0,0.006
m8kOsCauiS,Add,/job:localhost/replica:0/task:0/device:GPU:0,6.0,0.006
KtpxPCSGIh,Sub,/job:localhost/replica:0/task:0/device:GPU:0,6.0,0.006
rvNxOqsKRl,Rsqrt,/job:localhost/replica:0/task:0/device:GPU:0,6.0,0.006
TpcIB6nSfs,Mean,/job:localhost/replica:0/task:0/device:GPU:0,6.0,0.006
f0niJGlUjC,Pow,/job:localhost/replica:0/task:0/device:GPU:0,6.0,0.006
ftIkDEXBPh,RealDiv,/job:localhost/replica:0/task:0/device:GPU:0,6.0,0.006
u47X2UYq08,BiasAdd,/job:localhost/replica:0/task:0/device:GPU:0,6.0,0.006
q403Ms6GPN,BiasAdd,/job:localhost/replica:0/task:0/device:GPU:0,6.0,0.006
InWFHpgAum,LeakyRelu,/job:localhost/replica:0/task:0/device:GPU:0,6.0,0.006
4HVwpAbs03,LeakyRelu,/job:localhost/replica:0/task:0/device:GPU:0,6.0,0.006
kCUEowLIbd,LeakyRelu,/job:localhost/replica:0/task:0/device:GPU:0,6.0,0.006
10EPgZOxSQ,Log,/job:localhost/replica:0/task:0/device:GPU:0,6.0,0.006
aeOZ3Qyozv,Neg,/job:localhost/replica:0/task:0/device:GPU:0,6.0,0.006
B8TH6vVwDr,Add,/job:localhost/replica:0/task:0/device:GPU:0,6.0,0.006
PSbrWqxchp,Sub,/job:localhost/replica:0/task:0/device:GPU:0,6.0,0.006
m4pXGha3TA,Add,/job:localhost/replica:0/task:0/device:GPU:0,6.0,0.006
bNSJq1TXcV,Mul,/job:localhost/replica:0/task:0/device:GPU:0,6.0,0.006
R8udFJWUGA,Add,/job:localhost/replica:0/task:0/device:GPU:0,6.0,0.006
Cucm7qNBKE,AddV2,/job:localhost/replica:0/task:0/device:GPU:0,6.0,0.006
28wjJWPRD1,BiasAdd,/job:localhost/replica:0/task:0/device:GPU:0,6.0,0.006
sU3Iv81JTy,Pow,/job:localhost/replica:0/task:0/device:GPU:0,6.0,0.006
6O5Rlt8CVp,Prod,/job:localhost/replica:0/task:0/device:GPU:0,6.0,0.006
uRgL91YHJX,RealDiv,/job:localhost/replica:0/task:0/device:GPU:0,6.0,0.006
xil29zqVha,Log,/job:localhost/replica:0/task:0/device:GPU:0,6.0,0.006
PvoMseckZa,Neg,/job:localhost/replica:0/task:0/device:GPU:0,6.0,0.006
GgshdyTtJn,AddV2,/job:localhost/replica:0/task:0/device:GPU:0,6.0,0.006
WV8vCAFNl7,BiasAdd,/job:localhost/replica:0/task:0/device:GPU:0,6.0,0.006
ewv7VCglM0,LeakyRelu,/job:localhost/replica:0/task:0/device:GPU:0,6.0,0.006
xsL3gKO4J0,LeakyRelu,/job:localhost/replica:0/task:0/device:GPU:0,6.0,0.006
FPSxAhKwpI,LeakyRelu,/job:localhost/replica:0/task:0/device:GPU:0,6.0,0.006
4cISlZ8MRY,Mul,/job:localhost/replica:0/task:0/device:GPU:0,6.0,0.006
J7fQL5Wmo8,Mean,/job:localhost/replica:0/task:0/device:GPU:0,6.0,0.006
3mwtjWKzdv,Mul,/job:localhost/replica:0/task:0/device:GPU:0,6.0,0.006
61aYlrZxA5,Sigmoid,/job:localhost/replica:0/task:0/device:GPU:0,6.0,0.006
Siy9fIKnrQ,RealDiv,/job:localhost/replica:0/task:0/device:GPU:0,6.0,0.006
EB8hL5pdG9,BiasAdd,/job:localhost/replica:0/task:0/device:GPU:0,6.0,0.006
5qH17eUbcn,LeakyRelu,/job:localhost/replica:0/task:0/device:GPU:0,6.0,0.006
rhj1lXDwJO,LeakyRelu,/job:localhost/replica:0/task:0/device:GPU:0,6.0,0.006
qDOBcNyu5X,RealDiv,/job:localhost/replica:0/task:0/device:GPU:0,6.0,0.006
D0F5mO8BY2,AddV2,/job:localhost/replica:0/task:0/device:GPU:0,6.0,0.006
zRnyaDG8QH,Mean,/job:localhost/replica:0/task:0/device:GPU:0,6.0,0.006
xEfWa3u9k6,Log,/job:localhost/replica:0/task:0/device:GPU:0,6.0,0.006
VO7ja3ZY6G,Neg,/job:localhost/replica:0/task:0/device:GPU:0,6.0,0.006
Rpwftq6e2U,Sub,/job:localhost/replica:0/task:0/device:GPU:0,6.0,0.006
q8fYv1akUF,Prod,/job:localhost/replica:0/task:0/device:GPU:0,6.0,0.006
9EUJfmVx7H,BiasAdd,/job:localhost/replica:0/task:0/device:GPU:0,6.0,0.006
zNjwx0eUGb,BiasAdd,/job:localhost/replica:0/task:0/device:GPU:0,6.0,0.006
VnC4307jq2,Mul,/job:localhost/replica:0/task:0/device:GPU:0,6.0,0.006
rca8XRVgGC,AddV2,/job:localhost/replica:0/task:0/device:GPU:0,6.0,0.006
kuFH8l9OXi,Mul,/job:localhost/replica:0/task:0/device:GPU:0,6.0,0.006
5Nr14auqEf,Neg,/job:localhost/replica:0/task:0/device:GPU:0,6.0,0.006
_arg_nyLxrsTmOB_0_310,Placeholder,/job:localhost/replica:0/task:0/device:CPU:0,6.0,0.006
_retval_atQ2ZDuGK9_0_2,RealDiv,/job:localhost/replica:0/task:0/device:CPU:0,6.0,0.006
Yg3aZ5oHxt,Const,/job:localhost/replica:0/task:0/device:GPU:0,5.0,0.005
LWV7ctpjM5,Const,/job:localhost/replica:0/task:0/device:GPU:0,5.0,0.005
U1FbAKpvg8,Const,/job:localhost/replica:0/task:0/device:GPU:0,5.0,0.005
GjYokHfTcB,Const,/job:localhost/replica:0/task:0/device:GPU:0,5.0,0.005
59QPEsp4R8,Const,/job:localhost/replica:0/task:0/device:GPU:0,5.0,0.005
bPVdN2r85E,Slice,/job:localhost/replica:0/task:0/device:GPU:0,5.0,0.005
QTM52Rav3L,Shape,/job:localhost/replica:0/task:0/device:GPU:0,5.0,0.005
NbMjfGWP14,Transpose,/job:localhost/replica:0/task:0/device:GPU:0,5.0,0.005
qCtIxduHjA,Slice,/job:localhost/replica:0/task:0/device:GPU:0,5.0,0.005
H2K4BnQdhw,Slice,/job:localhost/replica:0/task:0/device:GPU:0,5.0,0.005
xk9ATZcCm8,Slice,/job:localhost/replica:0/task:0/device:GPU:0,5.0,0.005
Q47ZrPMORJ,Slice,/job:localhost/replica:0/task:0/device:GPU:0,5.0,0.005
khlBSVqWYT,Slice,/job:localhost/replica:0/task:0/device:GPU:0,5.0,0.005
ytdYCISl04,Slice,/job:localhost/replica:0/task:0/device:GPU:0,5.0,0.005
UQngbqVkx4,Slice,/job:localhost/replica:0/task:0/device:GPU:0,5.0,0.005
KU7Vvp6X4F,Slice,/job:localhost/replica:0/task:0/device:GPU:0,5.0,0.005
Zd8XOeUAnM,Slice,/job:localhost/replica:0/task:0/device:GPU:0,5.0,0.005
QRUYNav0gG,Slice,/job:localhost/replica:0/task:0/device:GPU:0,5.0,0.005
FNtYvdU7RS,Slice,/job:localhost/replica:0/task:0/device:GPU:0,5.0,0.005
b8pHyFUTdX,Slice,/job:localhost/replica:0/task:0/device:GPU:0,5.0,0.005
Te1tSgDsI9,Slice,/job:localhost/replica:0/task:0/device:GPU:0,5.0,0.005
eN5LPiH4ak,Slice,/job:localhost/replica:0/task:0/device:GPU:0,5.0,0.005
F0fjkbSymp,Slice,/job:localhost/replica:0/task:0/device:GPU:0,5.0,0.005
pzIZlS3RJY,Slice,/job:localhost/replica:0/task:0/device:GPU:0,5.0,0.005
Kw04NfIp63,Slice,/job:localhost/replica:0/task:0/device:GPU:0,5.0,0.005
1ZLGtTPM46,Slice,/job:localhost/replica:0/task:0/device:GPU:0,5.0,0.005
bUtzZqJeip,Slice,/job:localhost/replica:0/task:0/device:GPU:0,5.0,0.005
eCWbBZ21zT,Slice,/job:localhost/replica:0/task:0/device:GPU:0,5.0,0.005
Nn4xfLt9Wq,Slice,/job:localhost/replica:0/task:0/device:GPU:0,5.0,0.005
V24N1WqEbY,Slice,/job:localhost/replica:0/task:0/device:GPU:0,5.0,0.005
1MmGAYEiJg,Slice,/job:localhost/replica:0/task:0/device:GPU:0,5.0,0.005
lCgpNwIqho,Slice,/job:localhost/replica:0/task:0/device:GPU:0,5.0,0.005
P6i1yDKY5S,Slice,/job:localhost/replica:0/task:0/device:GPU:0,5.0,0.005
X4DZo2xmtQ,Slice,/job:localhost/replica:0/task:0/device:GPU:0,5.0,0.005
PE3UHtuNQa,Slice,/job:localhost/replica:0/task:0/device:GPU:0,5.0,0.005
BRrYIlUwKe,Slice,/job:localhost/replica:0/task:0/device:GPU:0,5.0,0.005
ozKrFvhQwA,Slice,/job:localhost/replica:0/task:0/device:GPU:0,5.0,0.005
eLX0VEUC26,Slice,/job:localhost/replica:0/task:0/device:GPU:0,5.0,0.005
XceakLSFVw,Slice,/job:localhost/replica:0/task:0/device:GPU:0,5.0,0.005
NXRWSV0QF7,Slice,/job:localhost/replica:0/task:0/device:GPU:0,5.0,0.005
qi8BT03K5S,Slice,/job:localhost/replica:0/task:0/device:GPU:0,5.0,0.005
jnHT23hcM0,Slice,/job:localhost/replica:0/task:0/device:GPU:0,5.0,0.005
zDjGT1CN4W,Slice,/job:localhost/replica:0/task:0/device:GPU:0,5.0,0.005
p0dutmDAiq,Slice,/job:localhost/replica:0/task:0/device:GPU:0,5.0,0.005
kqdHtYL5lp,Slice,/job:localhost/replica:0/task:0/device:GPU:0,5.0,0.005
d6e3pugvV9,Slice,/job:localhost/replica:0/task:0/device:GPU:0,5.0,0.005
fzC3EH7O2q,Slice,/job:localhost/replica:0/task:0/device:GPU:0,5.0,0.005
8sn94Op7Jm,Slice,/job:localhost/replica:0/task:0/device:GPU:0,5.0,0.005
FxGpb4Bzak,Slice,/job:localhost/replica:0/task:0/device:GPU:0,5.0,0.005
ga9kIhiRzV,Slice,/job:localhost/replica:0/task:0/device:GPU:0,5.0,0.005
QgnorMbeki,Slice,/job:localhost/replica:0/task:0/device:GPU:0,5.0,0.005
Qyk8iezBhC,Slice,/job:localhost/replica:0/task:0/device:GPU:0,5.0,0.005
nHBtLG4WT6,Slice,/job:localhost/replica:0/task:0/device:GPU:0,5.0,0.005
B82qnsCFOL,Slice,/job:localhost/replica:0/task:0/device:GPU:0,5.0,0.005
iTltdMXGzc,Slice,/job:localhost/replica:0/task:0/device:GPU:0,5.0,0.005
yuIMniRtJj,Slice,/job:localhost/replica:0/task:0/device:GPU:0,5.0,0.005
ClnrykeB03,Slice,/job:localhost/replica:0/task:0/device:GPU:0,5.0,0.005
8RCw5c6Uuv,Slice,/job:localhost/replica:0/task:0/device:GPU:0,5.0,0.005
0ICHnuYEbB,Slice,/job:localhost/replica:0/task:0/device:GPU:0,5.0,0.005
EICo92GzON,Slice,/job:localhost/replica:0/task:0/device:GPU:0,5.0,0.005
ArxfsGkQ6C,Slice,/job:localhost/replica:0/task:0/device:GPU:0,5.0,0.005
hP0KxJL7bO,Slice,/job:localhost/replica:0/task:0/device:GPU:0,5.0,0.005
mZhsRHL5kp,Slice,/job:localhost/replica:0/task:0/device:GPU:0,5.0,0.005
gtD73bYPjl,Slice,/job:localhost/replica:0/task:0/device:GPU:0,5.0,0.005
Yx8TLa4DQC,Slice,/job:localhost/replica:0/task:0/device:GPU:0,5.0,0.005
eac8jO1bBG,Slice,/job:localhost/replica:0/task:0/device:GPU:0,5.0,0.005
96vxcMzyAL,Slice,/job:localhost/replica:0/task:0/device:GPU:0,5.0,0.005
PxUykg1VXT,Slice,/job:localhost/replica:0/task:0/device:GPU:0,5.0,0.005
wXGo3lq2bI,Slice,/job:localhost/replica:0/task:0/device:GPU:0,5.0,0.005
joeGarEZuH,Slice,/job:localhost/replica:0/task:0/device:GPU:0,5.0,0.005
rm28azoUxE,Slice,/job:localhost/replica:0/task:0/device:GPU:0,5.0,0.005
Nn9JiceUgR,Slice,/job:localhost/replica:0/task:0/device:GPU:0,5.0,0.005
kmtCMzAV02,Slice,/job:localhost/replica:0/task:0/device:GPU:0,5.0,0.005
uM2Aia70j1,Slice,/job:localhost/replica:0/task:0/device:GPU:0,5.0,0.005
9QN7klZpT4,Slice,/job:localhost/replica:0/task:0/device:GPU:0,5.0,0.005
yXZ7SOUgEq,Slice,/job:localhost/replica:0/task:0/device:GPU:0,5.0,0.005
jaXEDkHgKo,Slice,/job:localhost/replica:0/task:0/device:GPU:0,5.0,0.005
rS4fuwYDGb,Slice,/job:localhost/replica:0/task:0/device:GPU:0,5.0,0.005
SWmJlh13Xf,Slice,/job:localhost/replica:0/task:0/device:GPU:0,5.0,0.005
O47itVmFxT,Slice,/job:localhost/replica:0/task:0/device:GPU:0,5.0,0.005
V3jUia2MEP,Slice,/job:localhost/replica:0/task:0/device:GPU:0,5.0,0.005
W4LCq1gVyU,Slice,/job:localhost/replica:0/task:0/device:GPU:0,5.0,0.005
nJhuM5UQP3,Slice,/job:localhost/replica:0/task:0/device:GPU:0,5.0,0.005
1KF2xMRJ4p,Slice,/job:localhost/replica:0/task:0/device:GPU:0,5.0,0.005
zlVrnLcaye,Slice,/job:localhost/replica:0/task:0/device:GPU:0,5.0,0.005
5iBjoqKbHu,Slice,/job:localhost/replica:0/task:0/device:GPU:0,5.0,0.005
xdDEfoXImF,Slice,/job:localhost/replica:0/task:0/device:GPU:0,5.0,0.005
uGItsdLDh7,Slice,/job:localhost/replica:0/task:0/device:GPU:0,5.0,0.005
UN4a2qncH7,Slice,/job:localhost/replica:0/task:0/device:GPU:0,5.0,0.005
Z68o14ae2F,Slice,/job:localhost/replica:0/task:0/device:GPU:0,5.0,0.005
4pjo0dJCfy,Slice,/job:localhost/replica:0/task:0/device:GPU:0,5.0,0.005
zvw9fZuFQP,Slice,/job:localhost/replica:0/task:0/device:GPU:0,5.0,0.005
jnKpItidyv,Slice,/job:localhost/replica:0/task:0/device:GPU:0,5.0,0.005
4tJvlbSQVo,Slice,/job:localhost/replica:0/task:0/device:GPU:0,5.0,0.005
IqjO2dQzWH,Slice,/job:localhost/replica:0/task:0/device:GPU:0,5.0,0.005
Vnzqajs2GX,Slice,/job:localhost/replica:0/task:0/device:GPU:0,5.0,0.005
hifTQrHteq,Slice,/job:localhost/replica:0/task:0/device:GPU:0,5.0,0.005
YoiQU3vwNq,Slice,/job:localhost/replica:0/task:0/device:GPU:0,5.0,0.005
n0OwiyTsjr,Slice,/job:localhost/replica:0/task:0/device:GPU:0,5.0,0.005
e0HyTk2dpK,Slice,/job:localhost/replica:0/task:0/device:GPU:0,5.0,0.005
ZQjPhrdaAx,Slice,/job:localhost/replica:0/task:0/device:GPU:0,5.0,0.005
1vGWc6NeiY,Slice,/job:localhost/replica:0/task:0/device:GPU:0,5.0,0.005
ejBYNIyCO5,Slice,/job:localhost/replica:0/task:0/device:GPU:0,5.0,0.005
ZLn0HFBcM6,Slice,/job:localhost/replica:0/task:0/device:GPU:0,5.0,0.005
PctAprQh3d,Slice,/job:localhost/replica:0/task:0/device:GPU:0,5.0,0.005
EqQGfOI6Wb,Slice,/job:localhost/replica:0/task:0/device:GPU:0,5.0,0.005
dDg5PYBf6c,Slice,/job:localhost/replica:0/task:0/device:GPU:0,5.0,0.005
JBQV46mdMs,Slice,/job:localhost/replica:0/task:0/device:GPU:0,5.0,0.005
MQVaJ6O54w,Slice,/job:localhost/replica:0/task:0/device:GPU:0,5.0,0.005
SbgJ8974Va,Slice,/job:localhost/replica:0/task:0/device:GPU:0,5.0,0.005
1GREdlwLOo,Slice,/job:localhost/replica:0/task:0/device:GPU:0,5.0,0.005
3sSnC6qadE,Slice,/job:localhost/replica:0/task:0/device:GPU:0,5.0,0.005
lRZnN3DAs7,Slice,/job:localhost/replica:0/task:0/device:GPU:0,5.0,0.005
9OTmp4F7Mu,Slice,/job:localhost/replica:0/task:0/device:GPU:0,5.0,0.005
BhbdWJrSE0,Slice,/job:localhost/replica:0/task:0/device:GPU:0,5.0,0.005
peLrIhqnYD,Slice,/job:localhost/replica:0/task:0/device:GPU:0,5.0,0.005
o9M8PuleWq,Slice,/job:localhost/replica:0/task:0/device:GPU:0,5.0,0.005
OWortV4kFJ,Slice,/job:localhost/replica:0/task:0/device:GPU:0,5.0,0.005
pEIOPZw06y,Slice,/job:localhost/replica:0/task:0/device:GPU:0,5.0,0.005
MtU7jEVbd3,Slice,/job:localhost/replica:0/task:0/device:GPU:0,5.0,0.005
R2qHdIwGTB,Slice,/job:localhost/replica:0/task:0/device:GPU:0,5.0,0.005
yxhk39b7Ja,Slice,/job:localhost/replica:0/task:0/device:GPU:0,5.0,0.005
wxEWa7Puc0,Slice,/job:localhost/replica:0/task:0/device:GPU:0,5.0,0.005
ytVde6Huhb,Slice,/job:localhost/replica:0/task:0/device:GPU:0,5.0,0.005
INecpWrm94,Slice,/job:localhost/replica:0/task:0/device:GPU:0,5.0,0.005
GXFzhbn41m,Slice,/job:localhost/replica:0/task:0/device:GPU:0,5.0,0.005
VMK6gPfY2w,Slice,/job:localhost/replica:0/task:0/device:GPU:0,5.0,0.005
tG5V9bBnDA,Slice,/job:localhost/replica:0/task:0/device:GPU:0,5.0,0.005
tVKMaNdj7F,Slice,/job:localhost/replica:0/task:0/device:GPU:0,5.0,0.005
X65C1ZDSLU,Slice,/job:localhost/replica:0/task:0/device:GPU:0,5.0,0.005
DlMyn0SAuJ,Slice,/job:localhost/replica:0/task:0/device:GPU:0,5.0,0.005
XuLpCZm682,Slice,/job:localhost/replica:0/task:0/device:GPU:0,5.0,0.005
L96KJD2lEG,Slice,/job:localhost/replica:0/task:0/device:GPU:0,5.0,0.005
VbnYh9NAvO,Slice,/job:localhost/replica:0/task:0/device:GPU:0,5.0,0.005
VF5dXRgu0p,Slice,/job:localhost/replica:0/task:0/device:GPU:0,5.0,0.005
gfhGky5D2n,Slice,/job:localhost/replica:0/task:0/device:GPU:0,5.0,0.005
uPgZrNOFGH,Slice,/job:localhost/replica:0/task:0/device:GPU:0,5.0,0.005
jaovCnE6rm,Slice,/job:localhost/replica:0/task:0/device:GPU:0,5.0,0.005
W70oQgTPni,Slice,/job:localhost/replica:0/task:0/device:GPU:0,5.0,0.005
Ey2pVdZtYL,Slice,/job:localhost/replica:0/task:0/device:GPU:0,5.0,0.005
rlUvZEgQyq,Slice,/job:localhost/replica:0/task:0/device:GPU:0,5.0,0.005
R6N8shnJqo,Slice,/job:localhost/replica:0/task:0/device:GPU:0,5.0,0.005
IeZf78bHiQ,Slice,/job:localhost/replica:0/task:0/device:GPU:0,5.0,0.005
mPgfNBu58V,Slice,/job:localhost/replica:0/task:0/device:GPU:0,5.0,0.005
rGKIifTEX6,Slice,/job:localhost/replica:0/task:0/device:GPU:0,5.0,0.005
J4S9KoHlxO,Slice,/job:localhost/replica:0/task:0/device:GPU:0,5.0,0.005
vTaAed2gH0,Slice,/job:localhost/replica:0/task:0/device:GPU:0,5.0,0.005
TgMZS8b70B,Slice,/job:localhost/replica:0/task:0/device:GPU:0,5.0,0.005
gBj6IvzOuV,Slice,/job:localhost/replica:0/task:0/device:GPU:0,5.0,0.005
Iz5Rj1qYcb,Slice,/job:localhost/replica:0/task:0/device:GPU:0,5.0,0.005
AzHVjiTsrl,Slice,/job:localhost/replica:0/task:0/device:GPU:0,5.0,0.005
UShLXp5ziR,Slice,/job:localhost/replica:0/task:0/device:GPU:0,5.0,0.005
h9yuL3zNod,Slice,/job:localhost/replica:0/task:0/device:GPU:0,5.0,0.005
mCXtD93JwQ,Slice,/job:localhost/replica:0/task:0/device:GPU:0,5.0,0.005
SebyvoAifM,Slice,/job:localhost/replica:0/task:0/device:GPU:0,5.0,0.005
XIxNEi7aMY,Slice,/job:localhost/replica:0/task:0/device:GPU:0,5.0,0.005
D2gUia4W8J,Slice,/job:localhost/replica:0/task:0/device:GPU:0,5.0,0.005
hjiFrt3wAy,Slice,/job:localhost/replica:0/task:0/device:GPU:0,5.0,0.005
T2DpaWhz63,Slice,/job:localhost/replica:0/task:0/device:GPU:0,5.0,0.005
zO0i1DxmQe,Slice,/job:localhost/replica:0/task:0/device:GPU:0,5.0,0.005
60IclD5ryq,Slice,/job:localhost/replica:0/task:0/device:GPU:0,5.0,0.005
9fZKaLEpGm,Slice,/job:localhost/replica:0/task:0/device:GPU:0,5.0,0.005
KgdwfRIYtu,Slice,/job:localhost/replica:0/task:0/device:GPU:0,5.0,0.005
k5uUmzvSiG,Slice,/job:localhost/replica:0/task:0/device:GPU:0,5.0,0.005
cmYeOQzhij,Slice,/job:localhost/replica:0/task:0/device:GPU:0,5.0,0.005
GIgbzPkt5Z,Slice,/job:localhost/replica:0/task:0/device:GPU:0,5.0,0.005
n6R0FocDUK,Slice,/job:localhost/replica:0/task:0/device:GPU:0,5.0,0.005
tW9R4fbJp2,Slice,/job:localhost/replica:0/task:0/device:GPU:0,5.0,0.005
DStTF1ZgcG,Slice,/job:localhost/replica:0/task:0/device:GPU:0,5.0,0.005
DdH30Rgsu4,Slice,/job:localhost/replica:0/task:0/device:GPU:0,5.0,0.005
LNSVsmI1y6,Slice,/job:localhost/replica:0/task:0/device:GPU:0,5.0,0.005
a7jmcLuUWi,Slice,/job:localhost/replica:0/task:0/device:GPU:0,5.0,0.005
lxScHfygrL,Slice,/job:localhost/replica:0/task:0/device:GPU:0,5.0,0.005
VqtQu9Fa0v,Slice,/job:localhost/replica:0/task:0/device:GPU:0,5.0,0.005
W57SeQfPzB,Slice,/job:localhost/replica:0/task:0/device:GPU:0,5.0,0.005
oY2d471yaT,Slice,/job:localhost/replica:0/task:0/device:GPU:0,5.0,0.005
r1OHt0Sfqk,Slice,/job:localhost/replica:0/task:0/device:GPU:0,5.0,0.005
kCzOls2iQg,Slice,/job:localhost/replica:0/task:0/device:GPU:0,5.0,0.005
y1tBVXuNvT,Slice,/job:localhost/replica:0/task:0/device:GPU:0,5.0,0.005
WkU9QIXRic,Slice,/job:localhost/replica:0/task:0/device:GPU:0,5.0,0.005
Y3QVCNiuIq,Slice,/job:localhost/replica:0/task:0/device:GPU:0,5.0,0.005
xQZBqiGHMD,Slice,/job:localhost/replica:0/task:0/device:GPU:0,5.0,0.005
WIBjKRoMmG,Slice,/job:localhost/replica:0/task:0/device:GPU:0,5.0,0.005
JXfy0n1M23,Slice,/job:localhost/replica:0/task:0/device:GPU:0,5.0,0.005
fYFSO5axwZ,Slice,/job:localhost/replica:0/task:0/device:GPU:0,5.0,0.005
m19eCwKkVI,Slice,/job:localhost/replica:0/task:0/device:GPU:0,5.0,0.005
lkgDUy69fv,Slice,/job:localhost/replica:0/task:0/device:GPU:0,5.0,0.005
0bBmeu5SEx,Slice,/job:localhost/replica:0/task:0/device:GPU:0,5.0,0.005
s9Web1HFaZ,Slice,/job:localhost/replica:0/task:0/device:GPU:0,5.0,0.005
68pR1UhyL4,Slice,/job:localhost/replica:0/task:0/device:GPU:0,5.0,0.005
k4NLjVJp3i,Slice,/job:localhost/replica:0/task:0/device:GPU:0,5.0,0.005
g13BTmUESD,Slice,/job:localhost/replica:0/task:0/device:GPU:0,5.0,0.005
iPzoFJ7kgN,Slice,/job:localhost/replica:0/task:0/device:GPU:0,5.0,0.005
5niOLxvgUJ,Slice,/job:localhost/replica:0/task:0/device:GPU:0,5.0,0.005
DwqC7dQ15S,Slice,/job:localhost/replica:0/task:0/device:GPU:0,5.0,0.005
4QwaUmXFYS,Slice,/job:localhost/replica:0/task:0/device:GPU:0,5.0,0.005
Tu3d2OWXca,Slice,/job:localhost/replica:0/task:0/device:GPU:0,5.0,0.005
Ostl5n9VQY,Slice,/job:localhost/replica:0/task:0/device:GPU:0,5.0,0.005
mIHnKs9WJ1,Slice,/job:localhost/replica:0/task:0/device:GPU:0,5.0,0.005
48gj3Ibpeo,Slice,/job:localhost/replica:0/task:0/device:GPU:0,5.0,0.005
2mvfw6pBb3,Slice,/job:localhost/replica:0/task:0/device:GPU:0,5.0,0.005
b158SptOnE,Slice,/job:localhost/replica:0/task:0/device:GPU:0,5.0,0.005
H936cS4Fem,Slice,/job:localhost/replica:0/task:0/device:GPU:0,5.0,0.005
g29XNaUExM,Slice,/job:localhost/replica:0/task:0/device:GPU:0,5.0,0.005
r5z2Hu3t1Q,ConcatV2,/job:localhost/replica:0/task:0/device:GPU:0,5.0,0.005
Edr4YhyxwV,Pack,/job:localhost/replica:0/task:0/device:GPU:0,5.0,0.005
U3m8VCpcJL,Pack,/job:localhost/replica:0/task:0/device:GPU:0,5.0,0.005
YyEQLBSst9,Reshape,/job:localhost/replica:0/task:0/device:GPU:0,5.0,0.005
L2wVWxAZHv,BiasAdd,/job:localhost/replica:0/task:0/device:GPU:0,5.0,0.005
EXocUAd74s,BiasAdd,/job:localhost/replica:0/task:0/device:GPU:0,5.0,0.005
pEBgSX6mQT,BiasAdd,/job:localhost/replica:0/task:0/device:GPU:0,5.0,0.005
vWy4D6T7hH,BiasAdd,/job:localhost/replica:0/task:0/device:GPU:0,5.0,0.005
urgMC0e5jm,BiasAdd,/job:localhost/replica:0/task:0/device:GPU:0,5.0,0.005
Delo81N3dx,Shape,/job:localhost/replica:0/task:0/device:GPU:0,5.0,0.005
WTrBf5klCy,LeakyRelu,/job:localhost/replica:0/task:0/device:GPU:0,5.0,0.005
Hk5ejNJM0F,ConcatV2,/job:localhost/replica:0/task:0/device:GPU:0,5.0,0.005
2IX7aTt6hL,ConcatV2,/job:localhost/replica:0/task:0/device:GPU:0,5.0,0.005
24hc8WU9LK,BiasAdd,/job:localhost/replica:0/task:0/device:GPU:0,5.0,0.005
MemXRDN4Jo,ConcatV2,/job:localhost/replica:0/task:0/device:GPU:0,5.0,0.005
3cDFIordp4,ConcatV2,/job:localhost/replica:0/task:0/device:GPU:0,5.0,0.005
hr1TCRQYqZ,ConcatV2,/job:localhost/replica:0/task:0/device:GPU:0,5.0,0.005
GfeaW4LC1K,Pack,/job:localhost/replica:0/task:0/device:GPU:0,5.0,0.005
9DNI8gQRLl,Pack,/job:localhost/replica:0/task:0/device:GPU:0,5.0,0.005
9agoi20OV3,BiasAdd,/job:localhost/replica:0/task:0/device:GPU:0,5.0,0.005
K1Jd27NF0G,ConcatV2,/job:localhost/replica:0/task:0/device:GPU:0,5.0,0.005
3s7L4olM9g,Pack,/job:localhost/replica:0/task:0/device:GPU:0,5.0,0.005
y3ZfK2q8xr,Transpose,/job:localhost/replica:0/task:0/device:GPU:0,5.0,0.005
bBqEnCPG6A,RealDiv,/job:localhost/replica:0/task:0/device:GPU:0,5.0,0.005
xWkbHe5dGF,Log,/job:localhost/replica:0/task:0/device:GPU:0,5.0,0.005
zmwqn0BJKl,Log,/job:localhost/replica:0/task:0/device:GPU:0,5.0,0.005
AvbuRLYtx7,Relu,/job:localhost/replica:0/task:0/device:GPU:0,5.0,0.005
sMftxH5wNv,Relu,/job:localhost/replica:0/task:0/device:GPU:0,5.0,0.005
1NiW534AYO,BiasAdd,/job:localhost/replica:0/task:0/device:GPU:0,5.0,0.005
RANtPpmfDq,BiasAdd,/job:localhost/replica:0/task:0/device:GPU:0,5.0,0.005
0AQ9PSlB5g,BiasAdd,/job:localhost/replica:0/task:0/device:GPU:0,5.0,0.005
XT8Zs7uJ2p,BiasAdd,/job:localhost/replica:0/task:0/device:GPU:0,5.0,0.005
fPvjyVQ7OI,Add,/job:localhost/replica:0/task:0/device:GPU:0,5.0,0.005
kn1eSXtg02,Add,/job:localhost/replica:0/task:0/device:GPU:0,5.0,0.005
XyOig7NAZo,Add,/job:localhost/replica:0/task:0/device:GPU:0,5.0,0.005
sIVXoJ0KTM,BiasAdd,/job:localhost/replica:0/task:0/device:GPU:0,5.0,0.005
aqoj4IC318,BiasAdd,/job:localhost/replica:0/task:0/device:GPU:0,5.0,0.005
dBX9RLHnWm,BiasAdd,/job:localhost/replica:0/task:0/device:GPU:0,5.0,0.005
P97cJ35ROb,BiasAdd,/job:localhost/replica:0/task:0/device:GPU:0,5.0,0.005
1y8RbtXPOn,BiasAdd,/job:localhost/replica:0/task:0/device:GPU:0,5.0,0.005
60uHzdkqYr,BiasAdd,/job:localhost/replica:0/task:0/device:GPU:0,5.0,0.005
JthfEm2Uwx,BiasAdd,/job:localhost/replica:0/task:0/device:GPU:0,5.0,0.005
Huk82F1cVL,Tanh,/job:localhost/replica:0/task:0/device:GPU:0,5.0,0.005
6AIP8ChrVs,Neg,/job:localhost/replica:0/task:0/device:GPU:0,5.0,0.005
wfgnRHzuqY,Rsqrt,/job:localhost/replica:0/task:0/device:GPU:0,5.0,0.005
g25tCcR9rF,AddV2,/job:localhost/replica:0/task:0/device:GPU:0,5.0,0.005
XjKPNin8Bp,Pow,/job:localhost/replica:0/task:0/device:GPU:0,5.0,0.005
SHDRepzGxZ,Pow,/job:localhost/replica:0/task:0/device:GPU:0,5.0,0.005
PTNx2e45wp,RealDiv,/job:localhost/replica:0/task:0/device:GPU:0,5.0,0.005
O3iYE4xNeu,Pow,/job:localhost/replica:0/task:0/device:GPU:0,5.0,0.005
z4iokaKAq6,BiasAdd,/job:localhost/replica:0/task:0/device:GPU:0,5.0,0.005
KEMAqun2C1,BiasAdd,/job:localhost/replica:0/task:0/device:GPU:0,5.0,0.005
emruasz8g5,BiasAdd,/job:localhost/replica:0/task:0/device:GPU:0,5.0,0.005
eBy81T3VzE,Neg,/job:localhost/replica:0/task:0/device:GPU:0,5.0,0.005
CneR8ixdbP,Tanh,/job:localhost/replica:0/task:0/device:GPU:0,5.0,0.005
PwHf09Rx2A,Tanh,/job:localhost/replica:0/task:0/device:GPU:0,5.0,0.005
6zxkXWeuOI,Rsqrt,/job:localhost/replica:0/task:0/device:GPU:0,5.0,0.005
7IMrfEFeYl,Relu,/job:localhost/replica:0/task:0/device:GPU:0,5.0,0.005
rdQfvKHYsq,AddV2,/job:localhost/replica:0/task:0/device:GPU:0,5.0,0.005
F1ThErbYVe,Add,/job:localhost/replica:0/task:0/device:GPU:0,5.0,0.005
HszGxIniw9,RealDiv,/job:localhost/replica:0/task:0/device:GPU:0,5.0,0.005
I3YOmPgZsK,Sub,/job:localhost/replica:0/task:0/device:GPU:0,5.0,0.005
umne1UjFXN,RealDiv,/job:localhost/replica:0/task:0/device:GPU:0,5.0,0.005
thTQwFXCWk,Sub,/job:localhost/replica:0/task:0/device:GPU:0,5.0,0.005
tXVKHol1pf,BiasAdd,/job:localhost/replica:0/task:0/device:GPU:0,5.0,0.005
9hrN4gbPUO,BiasAdd,/job:localhost/replica:0/task:0/device:GPU:0,5.0,0.005
C7yUe91XNY,BiasAdd,/job:localhost/replica:0/task:0/device:GPU:0,5.0,0.005
kShpZ3B9O5,BiasAdd,/job:localhost/replica:0/task:0/device:GPU:0,5.0,0.005
80DtS5uQCe,BiasAdd,/job:localhost/replica:0/task:0/device:GPU:0,5.0,0.005
crMT14bKDG,BiasAdd,/job:localhost/replica:0/task:0/device:GPU:0,5.0,0.005
Yhtk24MoSI,BiasAdd,/job:localhost/replica:0/task:0/device:GPU:0,5.0,0.005
yt1MDXlFIR,BiasAdd,/job:localhost/replica:0/task:0/device:GPU:0,5.0,0.005
1ZtNmCf5Gn,BiasAdd,/job:localhost/replica:0/task:0/device:GPU:0,5.0,0.005
sWvo37jDk0,ConcatV2,/job:localhost/replica:0/task:0/device:GPU:0,5.0,0.005
q37zronxhk,BiasAdd,/job:localhost/replica:0/task:0/device:GPU:0,5.0,0.005
ngQfXVwMuc,BiasAdd,/job:localhost/replica:0/task:0/device:GPU:0,5.0,0.005
yK8ekxB6if,BiasAdd,/job:localhost/replica:0/task:0/device:GPU:0,5.0,0.005
Tf7goB1Fpu,BiasAdd,/job:localhost/replica:0/task:0/device:GPU:0,5.0,0.005
vdAmfShW0V,BiasAdd,/job:localhost/replica:0/task:0/device:GPU:0,5.0,0.005
fil3InvTQD,BiasAdd,/job:localhost/replica:0/task:0/device:GPU:0,5.0,0.005
LM73PEbeBI,BiasAdd,/job:localhost/replica:0/task:0/device:GPU:0,5.0,0.005
c1tfAS4LFJ,BiasAdd,/job:localhost/replica:0/task:0/device:GPU:0,5.0,0.005
HPyoCqGifh,BiasAdd,/job:localhost/replica:0/task:0/device:GPU:0,5.0,0.005
mNWUSxQrpa,BiasAdd,/job:localhost/replica:0/task:0/device:GPU:0,5.0,0.005
VrWeTpI7JA,BiasAdd,/job:localhost/replica:0/task:0/device:GPU:0,5.0,0.005
RxBTGzaUX8,BiasAdd,/job:localhost/replica:0/task:0/device:GPU:0,5.0,0.005
Oxk7mWXYy4,BiasAdd,/job:localhost/replica:0/task:0/device:GPU:0,5.0,0.005
ybzfrBLIe7,Relu,/job:localhost/replica:0/task:0/device:GPU:0,5.0,0.005
3Qirfj80um,Relu,/job:localhost/replica:0/task:0/device:GPU:0,5.0,0.005
4XGZV1ogtB,BiasAdd,/job:localhost/replica:0/task:0/device:GPU:0,5.0,0.005
m3f2tHexQc,Add,/job:localhost/replica:0/task:0/device:GPU:0,5.0,0.005
9bJT0SLmAq,BiasAdd,/job:localhost/replica:0/task:0/device:GPU:0,5.0,0.005
2pd1SPEMBT,RealDiv,/job:localhost/replica:0/task:0/device:GPU:0,5.0,0.005
FlGpr2CeNc,Relu,/job:localhost/replica:0/task:0/device:GPU:0,5.0,0.005
Ee1cAUzTJ2,Sub,/job:localhost/replica:0/task:0/device:GPU:0,5.0,0.005
brs4iFcM8I,Sub,/job:localhost/replica:0/task:0/device:GPU:0,5.0,0.005
d7UlNZ5mfz,Pow,/job:localhost/replica:0/task:0/device:GPU:0,5.0,0.005
CMqSdh1KO9,StridedSlice,/job:localhost/replica:0/task:0/device:GPU:0,5.0,0.005
udFATSj4Ch,StridedSlice,/job:localhost/replica:0/task:0/device:GPU:0,5.0,0.005
iHvnxpjUeM,StridedSlice,/job:localhost/replica:0/task:0/device:GPU:0,5.0,0.005
9v0zNY8TfG,StridedSlice,/job:localhost/replica:0/task:0/device:GPU:0,5.0,0.005
8ehvDPZW4y,StridedSlice,/job:localhost/replica:0/task:0/device:GPU:0,5.0,0.005
fxLdqi0nTN,StridedSlice,/job:localhost/replica:0/task:0/device:GPU:0,5.0,0.005
60ojyG7dla,BiasAdd,/job:localhost/replica:0/task:0/device:GPU:0,5.0,0.005
i8PwYQGorR,Relu,/job:localhost/replica:0/task:0/device:GPU:0,5.0,0.005
mWTisJDMLN,Relu,/job:localhost/replica:0/task:0/device:GPU:0,5.0,0.005
IL38alYB2D,Relu,/job:localhost/replica:0/task:0/device:GPU:0,5.0,0.005
sUmgeH2KEo,Relu,/job:localhost/replica:0/task:0/device:GPU:0,5.0,0.005
zbIyQvjx25,BiasAdd,/job:localhost/replica:0/task:0/device:GPU:0,5.0,0.005
YQxi3T24gP,BiasAdd,/job:localhost/replica:0/task:0/device:GPU:0,5.0,0.005
zOgbNxHARl,Pow,/job:localhost/replica:0/task:0/device:GPU:0,5.0,0.005
TvCwP5AsqO,Mul,/job:localhost/replica:0/task:0/device:GPU:0,5.0,0.005
hBQCZIVcyG,Add,/job:localhost/replica:0/task:0/device:GPU:0,5.0,0.005
F1lJzx6MWb,AddV2,/job:localhost/replica:0/task:0/device:GPU:0,5.0,0.005
9206wxBsID,BiasAdd,/job:localhost/replica:0/task:0/device:GPU:0,5.0,0.005
4eqbQFA1o0,BiasAdd,/job:localhost/replica:0/task:0/device:GPU:0,5.0,0.005
dcYMzXONpR,BiasAdd,/job:localhost/replica:0/task:0/device:GPU:0,5.0,0.005
CYf1DR9hNz,Pow,/job:localhost/replica:0/task:0/device:GPU:0,5.0,0.005
YSvzqiK5ZQ,LeakyRelu,/job:localhost/replica:0/task:0/device:GPU:0,5.0,0.005
vXEmfZTIpR,Pow,/job:localhost/replica:0/task:0/device:GPU:0,5.0,0.005
qZDvnfMISc,Rsqrt,/job:localhost/replica:0/task:0/device:GPU:0,5.0,0.005
R57tKj0hYb,Mul,/job:localhost/replica:0/task:0/device:GPU:0,5.0,0.005
dkXamRCMpy,AddV2,/job:localhost/replica:0/task:0/device:GPU:0,5.0,0.005
ETzfyNbPkr,Add,/job:localhost/replica:0/task:0/device:GPU:0,5.0,0.005
YdbaQZHI2y,Neg,/job:localhost/replica:0/task:0/device:GPU:0,5.0,0.005
J6G3k4Ddoj,Sub,/job:localhost/replica:0/task:0/device:GPU:0,5.0,0.005
sUkuv7r4Cn,Rsqrt,/job:localhost/replica:0/task:0/device:GPU:0,5.0,0.005
ZLoChz2WY9,Sub,/job:localhost/replica:0/task:0/device:GPU:0,5.0,0.005
gDjIeJ5Hpx,Add,/job:localhost/replica:0/task:0/device:GPU:0,5.0,0.005
pjs2ClJfeA,Pow,/job:localhost/replica:0/task:0/device:GPU:0,5.0,0.005
jKxvkCl5me,BiasAdd,/job:localhost/replica:0/task:0/device:GPU:0,5.0,0.005
BdPpz3Mlcq,BiasAdd,/job:localhost/replica:0/task:0/device:GPU:0,5.0,0.005
sYPMg2Fkce,RealDiv,/job:localhost/replica:0/task:0/device:GPU:0,5.0,0.005
pXe6bdW2y7,LeakyRelu,/job:localhost/replica:0/task:0/device:GPU:0,5.0,0.005
qByJ4SpltP,Pow,/job:localhost/replica:0/task:0/device:GPU:0,5.0,0.005
CcEsbyoUtK,Mul,/job:localhost/replica:0/task:0/device:GPU:0,5.0,0.005
VPgRxFs4KO,RealDiv,/job:localhost/replica:0/task:0/device:GPU:0,5.0,0.005
fGvj9Ep32K,Sub,/job:localhost/replica:0/task:0/device:GPU:0,5.0,0.005
r4pfjRkzG9,Pow,/job:localhost/replica:0/task:0/device:GPU:0,5.0,0.005
AB4qSNJFGC,Mul,/job:localhost/replica:0/task:0/device:GPU:0,5.0,0.005
vx08ltD4Cr,Mul,/job:localhost/replica:0/task:0/device:GPU:0,5.0,0.005
KaYPkdCpV9,Rsqrt,/job:localhost/replica:0/task:0/device:GPU:0,5.0,0.005
8chivf93Ke,Sub,/job:localhost/replica:0/task:0/device:GPU:0,5.0,0.005
j1JGLFqoWQ,Log,/job:localhost/replica:0/task:0/device:GPU:0,5.0,0.005
OGjTmiHgc6,Pow,/job:localhost/replica:0/task:0/device:GPU:0,5.0,0.005
RuGFjbDTxh,BiasAdd,/job:localhost/replica:0/task:0/device:GPU:0,5.0,0.005
hxjci9bQ1L,Add,/job:localhost/replica:0/task:0/device:GPU:0,5.0,0.005
2dMBFr9PzY,LeakyRelu,/job:localhost/replica:0/task:0/device:GPU:0,5.0,0.005
Y9yENv2gOi,LeakyRelu,/job:localhost/replica:0/task:0/device:GPU:0,5.0,0.005
EAr5WBZ6Ro,Add,/job:localhost/replica:0/task:0/device:GPU:0,5.0,0.005
NOwAz16nCP,AddV2,/job:localhost/replica:0/task:0/device:GPU:0,5.0,0.005
0DcJ81HSQi,Sub,/job:localhost/replica:0/task:0/device:GPU:0,5.0,0.005
3yJE9hjkXH,AddV2,/job:localhost/replica:0/task:0/device:GPU:0,5.0,0.005
Ya4rU13QsH,RealDiv,/job:localhost/replica:0/task:0/device:GPU:0,5.0,0.005
0kXgO5csNa,Pow,/job:localhost/replica:0/task:0/device:GPU:0,5.0,0.005
FujiycLCR2,Pow,/job:localhost/replica:0/task:0/device:GPU:0,5.0,0.005
naJDERTCwA,Mul,/job:localhost/replica:0/task:0/device:GPU:0,5.0,0.005
LA17uw5tNM,Rsqrt,/job:localhost/replica:0/task:0/device:GPU:0,5.0,0.005
QYeoRyC9UE,Pow,/job:localhost/replica:0/task:0/device:GPU:0,5.0,0.005
EbyTj7tsfP,Sub,/job:localhost/replica:0/task:0/device:GPU:0,5.0,0.005
xkKSic4W3g,Pow,/job:localhost/replica:0/task:0/device:GPU:0,5.0,0.005
bIDSgxHtR7,BiasAdd,/job:localhost/replica:0/task:0/device:GPU:0,5.0,0.005
9ZGV3CW71h,BiasAdd,/job:localhost/replica:0/task:0/device:GPU:0,5.0,0.005
aXTHp1zDGt,AddV2,/job:localhost/replica:0/task:0/device:GPU:0,5.0,0.005
pjyLmqHEhO,AddV2,/job:localhost/replica:0/task:0/device:GPU:0,5.0,0.005
UV2CGB7ajD,LeakyRelu,/job:localhost/replica:0/task:0/device:GPU:0,5.0,0.005
me2ipZP0Iu,AddV2,/job:localhost/replica:0/task:0/device:GPU:0,5.0,0.005
xThWJzm4Mo,Rsqrt,/job:localhost/replica:0/task:0/device:GPU:0,5.0,0.005
0oGvydtgZi,Neg,/job:localhost/replica:0/task:0/device:GPU:0,5.0,0.005
esiWTMZIS7,AddV2,/job:localhost/replica:0/task:0/device:GPU:0,5.0,0.005
MvgR6jrcEG,AddV2,/job:localhost/replica:0/task:0/device:GPU:0,5.0,0.005
lgLcDrn524,Pow,/job:localhost/replica:0/task:0/device:GPU:0,5.0,0.005
3Q02xzOmgq,Add,/job:localhost/replica:0/task:0/device:GPU:0,5.0,0.005
LUFf2ipdlc,Log,/job:localhost/replica:0/task:0/device:GPU:0,5.0,0.005
vVHXyoDGe0,Pow,/job:localhost/replica:0/task:0/device:GPU:0,5.0,0.005
UDhQxspq1J,Add,/job:localhost/replica:0/task:0/device:GPU:0,5.0,0.005
v1mciNUyEr,Mean,/job:localhost/replica:0/task:0/device:GPU:0,5.0,0.005
SpbTWJz4R0,Pow,/job:localhost/replica:0/task:0/device:GPU:0,5.0,0.005
H2bCNKTXGg,Pow,/job:localhost/replica:0/task:0/device:GPU:0,5.0,0.005
J1870jfPdk,Sub,/job:localhost/replica:0/task:0/device:GPU:0,5.0,0.005
Z0xja5PBSy,BiasAdd,/job:localhost/replica:0/task:0/device:GPU:0,5.0,0.005
In4xFzg7Sc,LeakyRelu,/job:localhost/replica:0/task:0/device:GPU:0,5.0,0.005
Dd2mnHtGxO,LeakyRelu,/job:localhost/replica:0/task:0/device:GPU:0,5.0,0.005
ewVh3q0iDy,Sub,/job:localhost/replica:0/task:0/device:GPU:0,5.0,0.005
LgKOWb9euA,Pow,/job:localhost/replica:0/task:0/device:GPU:0,5.0,0.005
qc4aDF1mIz,Neg,/job:localhost/replica:0/task:0/device:GPU:0,5.0,0.005
eQyh9bYFwB,Log,/job:localhost/replica:0/task:0/device:GPU:0,5.0,0.005
sm5bfzaKou,Pow,/job:localhost/replica:0/task:0/device:GPU:0,5.0,0.005
VobDAqjBLl,Pow,/job:localhost/replica:0/task:0/device:GPU:0,5.0,0.005
TAl1rWiwtq,Sub,/job:localhost/replica:0/task:0/device:GPU:0,5.0,0.005
jgUlH6kDdi,AddV2,/job:localhost/replica:0/task:0/device:GPU:0,5.0,0.005
JCxQUWfMGo,Log,/job:localhost/replica:0/task:0/device:GPU:0,5.0,0.005
FX3qCOeQga,AddV2,/job:localhost/replica:0/task:0/device:GPU:0,5.0,0.005
I8lL5MQKxJ,Sub,/job:localhost/replica:0/task:0/device:GPU:0,5.0,0.005
ik95yBt7hW,Pow,/job:localhost/replica:0/task:0/device:GPU:0,5.0,0.005
nX2YxUyAg0,Rsqrt,/job:localhost/replica:0/task:0/device:GPU:0,5.0,0.005
DRXZmC7tfi,Pow,/job:localhost/replica:0/task:0/device:GPU:0,5.0,0.005
Np54uK9tfz,AddV2,/job:localhost/replica:0/task:0/device:GPU:0,5.0,0.005
CD0Nl7Pk4a,LeakyRelu,/job:localhost/replica:0/task:0/device:GPU:0,5.0,0.005
QOJdU0xhj5,BiasAdd,/job:localhost/replica:0/task:0/device:GPU:0,5.0,0.005
uX8afdtBQG,BiasAdd,/job:localhost/replica:0/task:0/device:GPU:0,5.0,0.005
Pb2Cg5QXaN,LeakyRelu,/job:localhost/replica:0/task:0/device:GPU:0,5.0,0.005
0dQlavwZG4,LeakyRelu,/job:localhost/replica:0/task:0/device:GPU:0,5.0,0.005
4HN0KACURg,LeakyRelu,/job:localhost/replica:0/task:0/device:GPU:0,5.0,0.005
TEUAKez20N,LeakyRelu,/job:localhost/replica:0/task:0/device:GPU:0,5.0,0.005
ksvHaNGhZB,BiasAdd,/job:localhost/replica:0/task:0/device:GPU:0,5.0,0.005
vk30rSHl8K,AddV2,/job:localhost/replica:0/task:0/device:GPU:0,5.0,0.005
atQ2ZDuGK9,RealDiv,/job:localhost/replica:0/task:0/device:GPU:0,5.0,0.005
_arg_ljyhc7HCLk_0_287,Placeholder,/job:localhost/replica:0/task:0/device:CPU:0,5.0,0.005
_retval_ZmLgFO8Knq_0_1,StridedSlice,/job:localhost/replica:0/task:0/device:CPU:0,5.0,0.005
G6e9Yw2Fyu,Const,/job:localhost/replica:0/task:0/device:GPU:0,4.0,0.004
eMG4FQNczR,Const,/job:localhost/replica:0/task:0/device:GPU:0,4.0,0.004
I9dlch4Don,Const,/job:localhost/replica:0/task:0/device:GPU:0,4.0,0.004
q6Q8dT9gRw,Const,/job:localhost/replica:0/task:0/device:GPU:0,4.0,0.004
sAwD3Kqjdo,Const,/job:localhost/replica:0/task:0/device:GPU:0,4.0,0.004
Gdz3hmQvPM,Const,/job:localhost/replica:0/task:0/device:GPU:0,4.0,0.004
LxdJekyDAT,Const,/job:localhost/replica:0/task:0/device:GPU:0,4.0,0.004
9jYt6ZvgUO,Const,/job:localhost/replica:0/task:0/device:GPU:0,4.0,0.004
U6wKTWNkuv,Const,/job:localhost/replica:0/task:0/device:GPU:0,4.0,0.004
XyiLj74bdx,Const,/job:localhost/replica:0/task:0/device:GPU:0,4.0,0.004
LswayI81pu,Const,/job:localhost/replica:0/task:0/device:GPU:0,4.0,0.004
LnYToV6ywt,Const,/job:localhost/replica:0/task:0/device:GPU:0,4.0,0.004
Q2jtuekCWh,Const,/job:localhost/replica:0/task:0/device:GPU:0,4.0,0.004
lvBzq5mVfy,Const,/job:localhost/replica:0/task:0/device:GPU:0,4.0,0.004
kpBYRL9r0y,Const,/job:localhost/replica:0/task:0/device:GPU:0,4.0,0.004
EK4xargzm8,Const,/job:localhost/replica:0/task:0/device:GPU:0,4.0,0.004
wAeNJCxpYS,Const,/job:localhost/replica:0/task:0/device:GPU:0,4.0,0.004
SBVvIxts3c,Const,/job:localhost/replica:0/task:0/device:GPU:0,4.0,0.004
Shc6GVWUad,Const,/job:localhost/replica:0/task:0/device:GPU:0,4.0,0.004
vTtHCAQpga,ExpandDims,/job:localhost/replica:0/task:0/device:GPU:0,4.0,0.004
FKvoWiI2Cc,ExpandDims,/job:localhost/replica:0/task:0/device:GPU:0,4.0,0.004
CPyVeto3R2,Shape,/job:localhost/replica:0/task:0/device:GPU:0,4.0,0.004
1mpPIkAidW,Const,/job:localhost/replica:0/task:0/device:GPU:0,4.0,0.004
KD1CTpfWNV,Slice,/job:localhost/replica:0/task:0/device:GPU:0,4.0,0.004
tOPgAvWBEQ,Slice,/job:localhost/replica:0/task:0/device:GPU:0,4.0,0.004
T5oRiONldS,Slice,/job:localhost/replica:0/task:0/device:GPU:0,4.0,0.004
iohVgQHd20,Slice,/job:localhost/replica:0/task:0/device:GPU:0,4.0,0.004
IdJy4r8qv9,Slice,/job:localhost/replica:0/task:0/device:GPU:0,4.0,0.004
fKgoOMI1jL,Slice,/job:localhost/replica:0/task:0/device:GPU:0,4.0,0.004
DLuQWIexRj,Slice,/job:localhost/replica:0/task:0/device:GPU:0,4.0,0.004
6a1Oh20EKo,Slice,/job:localhost/replica:0/task:0/device:GPU:0,4.0,0.004
DdVpIHwE1J,Slice,/job:localhost/replica:0/task:0/device:GPU:0,4.0,0.004
gNuD9Fnoap,Slice,/job:localhost/replica:0/task:0/device:GPU:0,4.0,0.004
6p2FvD5xXW,Slice,/job:localhost/replica:0/task:0/device:GPU:0,4.0,0.004
shMecpvCUz,Slice,/job:localhost/replica:0/task:0/device:GPU:0,4.0,0.004
pPyY3deZA1,Slice,/job:localhost/replica:0/task:0/device:GPU:0,4.0,0.004
v6d1IZQzgk,Slice,/job:localhost/replica:0/task:0/device:GPU:0,4.0,0.004
jNzby8sd4M,Slice,/job:localhost/replica:0/task:0/device:GPU:0,4.0,0.004
t98oPAWfeY,Slice,/job:localhost/replica:0/task:0/device:GPU:0,4.0,0.004
yFOieS0Vml,Slice,/job:localhost/replica:0/task:0/device:GPU:0,4.0,0.004
pwqcRv7yQU,Slice,/job:localhost/replica:0/task:0/device:GPU:0,4.0,0.004
dsrxHjhciY,BiasAdd,/job:localhost/replica:0/task:0/device:GPU:0,4.0,0.004
qzOt8HuTYn,Prod,/job:localhost/replica:0/task:0/device:GPU:0,4.0,0.004
dsfOAZSY1z,Prod,/job:localhost/replica:0/task:0/device:GPU:0,4.0,0.004
xyMcjIohwl,Reshape,/job:localhost/replica:0/task:0/device:GPU:0,4.0,0.004
kXMgInUch6,Shape,/job:localhost/replica:0/task:0/device:GPU:0,4.0,0.004
UxzZNoM7Om,Transpose,/job:localhost/replica:0/task:0/device:GPU:0,4.0,0.004
HVhJalzStb,BiasAdd,/job:localhost/replica:0/task:0/device:GPU:0,4.0,0.004
eDlgWGUwaB,BiasAdd,/job:localhost/replica:0/task:0/device:GPU:0,4.0,0.004
4hAijOHXpw,BiasAdd,/job:localhost/replica:0/task:0/device:GPU:0,4.0,0.004
8hPbNTKHSe,BiasAdd,/job:localhost/replica:0/task:0/device:GPU:0,4.0,0.004
ga3vQK87WX,BiasAdd,/job:localhost/replica:0/task:0/device:GPU:0,4.0,0.004
SbljpPOwrG,BiasAdd,/job:localhost/replica:0/task:0/device:GPU:0,4.0,0.004
dHKGQkzvtc,BiasAdd,/job:localhost/replica:0/task:0/device:GPU:0,4.0,0.004
ql6YsLO5ke,BiasAdd,/job:localhost/replica:0/task:0/device:GPU:0,4.0,0.004
9eWvDzGiCn,BiasAdd,/job:localhost/replica:0/task:0/device:GPU:0,4.0,0.004
tBohHZf43b,BiasAdd,/job:localhost/replica:0/task:0/device:GPU:0,4.0,0.004
OpMegYKNPF,BiasAdd,/job:localhost/replica:0/task:0/device:GPU:0,4.0,0.004
8yGigl6NOe,BiasAdd,/job:localhost/replica:0/task:0/device:GPU:0,4.0,0.004
t8UpMhWXm0,BiasAdd,/job:localhost/replica:0/task:0/device:GPU:0,4.0,0.004
rgaxoeT74z,BiasAdd,/job:localhost/replica:0/task:0/device:GPU:0,4.0,0.004
LbAKdRwPqo,BiasAdd,/job:localhost/replica:0/task:0/device:GPU:0,4.0,0.004
ueymzIlN1V,BiasAdd,/job:localhost/replica:0/task:0/device:GPU:0,4.0,0.004
Whx4XDwYoV,BiasAdd,/job:localhost/replica:0/task:0/device:GPU:0,4.0,0.004
guRpdyrGEM,BiasAdd,/job:localhost/replica:0/task:0/device:GPU:0,4.0,0.004
OE6MZwS4Pc,LeakyRelu,/job:localhost/replica:0/task:0/device:GPU:0,4.0,0.004
ypJhDqvxaT,LeakyRelu,/job:localhost/replica:0/task:0/device:GPU:0,4.0,0.004
yzxZEvTiL5,LeakyRelu,/job:localhost/replica:0/task:0/device:GPU:0,4.0,0.004
TWr0hBlLSO,LeakyRelu,/job:localhost/replica:0/task:0/device:GPU:0,4.0,0.004
i3wYuAhEXV,Prod,/job:localhost/replica:0/task:0/device:GPU:0,4.0,0.004
Ab0nmq5iRT,Prod,/job:localhost/replica:0/task:0/device:GPU:0,4.0,0.004
28wkbcGD3B,Prod,/job:localhost/replica:0/task:0/device:GPU:0,4.0,0.004
UguVmv7xj6,Reshape,/job:localhost/replica:0/task:0/device:GPU:0,4.0,0.004
jLk2WJuFwE,Pack,/job:localhost/replica:0/task:0/device:GPU:0,4.0,0.004
9kbvFMrQJz,ConcatV2,/job:localhost/replica:0/task:0/device:GPU:0,4.0,0.004
oFjn8ekiRG,Reshape,/job:localhost/replica:0/task:0/device:GPU:0,4.0,0.004
ZUchYPlsFT,Pack,/job:localhost/replica:0/task:0/device:GPU:0,4.0,0.004
s7ybOQVGM5,Prod,/job:localhost/replica:0/task:0/device:GPU:0,4.0,0.004
T0vPoRVjmu,Transpose,/job:localhost/replica:0/task:0/device:GPU:0,4.0,0.004
fy35JGolx1,Pack,/job:localhost/replica:0/task:0/device:GPU:0,4.0,0.004
bglRqEBXIn,Reshape,/job:localhost/replica:0/task:0/device:GPU:0,4.0,0.004
k8Cj5ZWfyz,ConcatV2,/job:localhost/replica:0/task:0/device:GPU:0,4.0,0.004
Lv02NfX9o5,Shape,/job:localhost/replica:0/task:0/device:GPU:0,4.0,0.004
yVCWD6eG70,BiasAdd,/job:localhost/replica:0/task:0/device:GPU:0,4.0,0.004
dZLpHOAMXm,BiasAdd,/job:localhost/replica:0/task:0/device:GPU:0,4.0,0.004
L54YsyzIpc,BiasAdd,/job:localhost/replica:0/task:0/device:GPU:0,4.0,0.004
0MZ2HEQta4,Prod,/job:localhost/replica:0/task:0/device:GPU:0,4.0,0.004
NhzuJKpB4M,Reshape,/job:localhost/replica:0/task:0/device:GPU:0,4.0,0.004
r2i6L1HFKS,Sub,/job:localhost/replica:0/task:0/device:GPU:0,4.0,0.004
aQXkruECV9,Sub,/job:localhost/replica:0/task:0/device:GPU:0,4.0,0.004
YKIp175TxM,BiasAdd,/job:localhost/replica:0/task:0/device:GPU:0,4.0,0.004
m8AT57wBYK,BiasAdd,/job:localhost/replica:0/task:0/device:GPU:0,4.0,0.004
wCTpyoHtM8,BiasAdd,/job:localhost/replica:0/task:0/device:GPU:0,4.0,0.004
5Ainet97S2,Log,/job:localhost/replica:0/task:0/device:GPU:0,4.0,0.004
2PkcvMmT1y,RealDiv,/job:localhost/replica:0/task:0/device:GPU:0,4.0,0.004
wShfj0oHvV,Add,/job:localhost/replica:0/task:0/device:GPU:0,4.0,0.004
jTb8ZJLU4w,Add,/job:localhost/replica:0/task:0/device:GPU:0,4.0,0.004
pYe7v2ZtJi,Sub,/job:localhost/replica:0/task:0/device:GPU:0,4.0,0.004
EHIypoNXW5,AddV2,/job:localhost/replica:0/task:0/device:GPU:0,4.0,0.004
QKYuzlInd0,AddV2,/job:localhost/replica:0/task:0/device:GPU:0,4.0,0.004
YzNVeKysfd,Add,/job:localhost/replica:0/task:0/device:GPU:0,4.0,0.004
tTPmLjlnA6,Split,/job:localhost/replica:0/task:0/device:GPU:0,4.0,0.004
6EwhprTi5K,BiasAdd,/job:localhost/replica:0/task:0/device:GPU:0,4.0,0.004
Fa2uAN5Ump,BiasAdd,/job:localhost/replica:0/task:0/device:GPU:0,4.0,0.004
WRyx1bCKoP,BiasAdd,/job:localhost/replica:0/task:0/device:GPU:0,4.0,0.004
zO01YiNBFs,BiasAdd,/job:localhost/replica:0/task:0/device:GPU:0,4.0,0.004
9lpc1h5Q4o,BiasAdd,/job:localhost/replica:0/task:0/device:GPU:0,4.0,0.004
zJ80FuHCqN,BiasAdd,/job:localhost/replica:0/task:0/device:GPU:0,4.0,0.004
s1HOkAMzVo,BiasAdd,/job:localhost/replica:0/task:0/device:GPU:0,4.0,0.004
15ZGD0FXEc,BiasAdd,/job:localhost/replica:0/task:0/device:GPU:0,4.0,0.004
XiYgJh4vSN,BiasAdd,/job:localhost/replica:0/task:0/device:GPU:0,4.0,0.004
CaFiUQlJWX,BiasAdd,/job:localhost/replica:0/task:0/device:GPU:0,4.0,0.004
G35AMpR47S,Log,/job:localhost/replica:0/task:0/device:GPU:0,4.0,0.004
7oDiNAghmJ,Rsqrt,/job:localhost/replica:0/task:0/device:GPU:0,4.0,0.004
T5BMDLAlQF,Log,/job:localhost/replica:0/task:0/device:GPU:0,4.0,0.004
wNnL0b6aAU,Rsqrt,/job:localhost/replica:0/task:0/device:GPU:0,4.0,0.004
JLlcDSgXkW,Rsqrt,/job:localhost/replica:0/task:0/device:GPU:0,4.0,0.004
fnrOCJzyTE,Rsqrt,/job:localhost/replica:0/task:0/device:GPU:0,4.0,0.004
aqpVIJ1RYU,Log,/job:localhost/replica:0/task:0/device:GPU:0,4.0,0.004
YyF0pt5Gkx,Rsqrt,/job:localhost/replica:0/task:0/device:GPU:0,4.0,0.004
gtEPJ3U2LY,Tanh,/job:localhost/replica:0/task:0/device:GPU:0,4.0,0.004
d5pUok3awP,Log,/job:localhost/replica:0/task:0/device:GPU:0,4.0,0.004
Gon9j8xPTC,RealDiv,/job:localhost/replica:0/task:0/device:GPU:0,4.0,0.004
PekmrxoHps,RealDiv,/job:localhost/replica:0/task:0/device:GPU:0,4.0,0.004
dUGczKABnu,Pow,/job:localhost/replica:0/task:0/device:GPU:0,4.0,0.004
WOGgdyvSuj,Add,/job:localhost/replica:0/task:0/device:GPU:0,4.0,0.004
n32bUsqLPi,RealDiv,/job:localhost/replica:0/task:0/device:GPU:0,4.0,0.004
zME8IKA2SP,Add,/job:localhost/replica:0/task:0/device:GPU:0,4.0,0.004
6meagsFRr1,Pow,/job:localhost/replica:0/task:0/device:GPU:0,4.0,0.004
FTRziLBCwS,AddV2,/job:localhost/replica:0/task:0/device:GPU:0,4.0,0.004
Cq5B9D1RMp,BiasAdd,/job:localhost/replica:0/task:0/device:GPU:0,4.0,0.004
JVu3ol9QCz,BiasAdd,/job:localhost/replica:0/task:0/device:GPU:0,4.0,0.004
3Kkiq4S1Js,BiasAdd,/job:localhost/replica:0/task:0/device:GPU:0,4.0,0.004
tY6IVlod8h,BiasAdd,/job:localhost/replica:0/task:0/device:GPU:0,4.0,0.004
oaUR85HO0e,BiasAdd,/job:localhost/replica:0/task:0/device:GPU:0,4.0,0.004
b1QlqmHywo,Shape,/job:localhost/replica:0/task:0/device:GPU:0,4.0,0.004
iP91CvOfsp,BiasAdd,/job:localhost/replica:0/task:0/device:GPU:0,4.0,0.004
q1NSWK0bns,BiasAdd,/job:localhost/replica:0/task:0/device:GPU:0,4.0,0.004
ad6okhOZwG,Relu,/job:localhost/replica:0/task:0/device:GPU:0,4.0,0.004
YhPmEJtWbz,Relu,/job:localhost/replica:0/task:0/device:GPU:0,4.0,0.004
e7B4IJmtpO,Relu,/job:localhost/replica:0/task:0/device:GPU:0,4.0,0.004
4R2orhHYBt,Relu,/job:localhost/replica:0/task:0/device:GPU:0,4.0,0.004
1CoDkeK3z6,Relu,/job:localhost/replica:0/task:0/device:GPU:0,4.0,0.004
yWL7NXRYFH,Relu,/job:localhost/replica:0/task:0/device:GPU:0,4.0,0.004
NAJG4Xgq1e,Relu,/job:localhost/replica:0/task:0/device:GPU:0,4.0,0.004
MOWfTLvIlb,Relu,/job:localhost/replica:0/task:0/device:GPU:0,4.0,0.004
SqcPtMdEh3,Relu,/job:localhost/replica:0/task:0/device:GPU:0,4.0,0.004
kvJAi3HerD,Relu,/job:localhost/replica:0/task:0/device:GPU:0,4.0,0.004
IbDeSc92R6,BiasAdd,/job:localhost/replica:0/task:0/device:GPU:0,4.0,0.004
fi6vtw85QX,BiasAdd,/job:localhost/replica:0/task:0/device:GPU:0,4.0,0.004
J4Cc8PNTLg,BiasAdd,/job:localhost/replica:0/task:0/device:GPU:0,4.0,0.004
qBSjCagZvd,BiasAdd,/job:localhost/replica:0/task:0/device:GPU:0,4.0,0.004
znXReG2ST5,BiasAdd,/job:localhost/replica:0/task:0/device:GPU:0,4.0,0.004
mKoiJ0la4W,BiasAdd,/job:localhost/replica:0/task:0/device:GPU:0,4.0,0.004
LD2zpjna5x,BiasAdd,/job:localhost/replica:0/task:0/device:GPU:0,4.0,0.004
biCqIzLj2A,BiasAdd,/job:localhost/replica:0/task:0/device:GPU:0,4.0,0.004
H3z0RybJ1v,BiasAdd,/job:localhost/replica:0/task:0/device:GPU:0,4.0,0.004
AjeCbH0NGW,BiasAdd,/job:localhost/replica:0/task:0/device:GPU:0,4.0,0.004
wADZFvnIKQ,BiasAdd,/job:localhost/replica:0/task:0/device:GPU:0,4.0,0.004
fGeQMYDdzu,BiasAdd,/job:localhost/replica:0/task:0/device:GPU:0,4.0,0.004
3Mrnm9ha8s,Pow,/job:localhost/replica:0/task:0/device:GPU:0,4.0,0.004
aFPLud2bUK,BiasAdd,/job:localhost/replica:0/task:0/device:GPU:0,4.0,0.004
pAm230r1PK,BiasAdd,/job:localhost/replica:0/task:0/device:GPU:0,4.0,0.004
Pf5EcGVqQz,Relu,/job:localhost/replica:0/task:0/device:GPU:0,4.0,0.004
4JsIX7lTZM,Relu,/job:localhost/replica:0/task:0/device:GPU:0,4.0,0.004
yuf5ldxX8g,Relu,/job:localhost/replica:0/task:0/device:GPU:0,4.0,0.004
8wQEDXsbij,BiasAdd,/job:localhost/replica:0/task:0/device:GPU:0,4.0,0.004
rp2FqoMIYE,BiasAdd,/job:localhost/replica:0/task:0/device:GPU:0,4.0,0.004
gUCoN8BIGF,BiasAdd,/job:localhost/replica:0/task:0/device:GPU:0,4.0,0.004
cfp3eD08H7,BiasAdd,/job:localhost/replica:0/task:0/device:GPU:0,4.0,0.004
69QICq7Zwx,BiasAdd,/job:localhost/replica:0/task:0/device:GPU:0,4.0,0.004
b1GavqBkpK,BiasAdd,/job:localhost/replica:0/task:0/device:GPU:0,4.0,0.004
ZgKhLYFyVm,BiasAdd,/job:localhost/replica:0/task:0/device:GPU:0,4.0,0.004
iXD7lSHjAT,BiasAdd,/job:localhost/replica:0/task:0/device:GPU:0,4.0,0.004
Wvd0Ds9bjM,BiasAdd,/job:localhost/replica:0/task:0/device:GPU:0,4.0,0.004
eHtSQ8cYzx,BiasAdd,/job:localhost/replica:0/task:0/device:GPU:0,4.0,0.004
borNpyXaEI,BiasAdd,/job:localhost/replica:0/task:0/device:GPU:0,4.0,0.004
KDiJ5Id2jT,BiasAdd,/job:localhost/replica:0/task:0/device:GPU:0,4.0,0.004
zkcD0moxtd,BiasAdd,/job:localhost/replica:0/task:0/device:GPU:0,4.0,0.004
erPm2I8DqE,Relu,/job:localhost/replica:0/task:0/device:GPU:0,4.0,0.004
1XtjLQ7ETw,Relu,/job:localhost/replica:0/task:0/device:GPU:0,4.0,0.004
nrxRI41QDb,Relu,/job:localhost/replica:0/task:0/device:GPU:0,4.0,0.004
FvsLAIftEu,Relu,/job:localhost/replica:0/task:0/device:GPU:0,4.0,0.004
jUSxrkWtVR,Relu,/job:localhost/replica:0/task:0/device:GPU:0,4.0,0.004
o4TVIDMnug,Relu,/job:localhost/replica:0/task:0/device:GPU:0,4.0,0.004
NbnDXvVG5Q,Relu,/job:localhost/replica:0/task:0/device:GPU:0,4.0,0.004
6RZ5p2MmCH,Relu,/job:localhost/replica:0/task:0/device:GPU:0,4.0,0.004
i78rXPzWyM,Relu,/job:localhost/replica:0/task:0/device:GPU:0,4.0,0.004
RkYKuL5BgF,Relu,/job:localhost/replica:0/task:0/device:GPU:0,4.0,0.004
HkNVrDXfU7,Relu,/job:localhost/replica:0/task:0/device:GPU:0,4.0,0.004
gnzy7Eew3L,BiasAdd,/job:localhost/replica:0/task:0/device:GPU:0,4.0,0.004
zcFQkG4s0T,BiasAdd,/job:localhost/replica:0/task:0/device:GPU:0,4.0,0.004
3Xpd06zAaG,BiasAdd,/job:localhost/replica:0/task:0/device:GPU:0,4.0,0.004
NlBrMne0jm,BiasAdd,/job:localhost/replica:0/task:0/device:GPU:0,4.0,0.004
fB8TVSI9iA,BiasAdd,/job:localhost/replica:0/task:0/device:GPU:0,4.0,0.004
RaA7HKdeGu,BiasAdd,/job:localhost/replica:0/task:0/device:GPU:0,4.0,0.004
MF51RqsCxO,BiasAdd,/job:localhost/replica:0/task:0/device:GPU:0,4.0,0.004
mGU8B0iAf6,BiasAdd,/job:localhost/replica:0/task:0/device:GPU:0,4.0,0.004
hds1iUTbVQ,BiasAdd,/job:localhost/replica:0/task:0/device:GPU:0,4.0,0.004
NnUepitgau,BiasAdd,/job:localhost/replica:0/task:0/device:GPU:0,4.0,0.004
KlpqcLdsHo,BiasAdd,/job:localhost/replica:0/task:0/device:GPU:0,4.0,0.004
G5dkOewi0T,BiasAdd,/job:localhost/replica:0/task:0/device:GPU:0,4.0,0.004
ye085vqD3z,BiasAdd,/job:localhost/replica:0/task:0/device:GPU:0,4.0,0.004
cdP6GpV37S,BiasAdd,/job:localhost/replica:0/task:0/device:GPU:0,4.0,0.004
O9Sbw1uELP,Mul,/job:localhost/replica:0/task:0/device:GPU:0,4.0,0.004
ZUygMltF5c,BiasAdd,/job:localhost/replica:0/task:0/device:GPU:0,4.0,0.004
yj1zosmWep,Pow,/job:localhost/replica:0/task:0/device:GPU:0,4.0,0.004
q8jG4VBefA,Sub,/job:localhost/replica:0/task:0/device:GPU:0,4.0,0.004
F3hbPBHVKd,Add,/job:localhost/replica:0/task:0/device:GPU:0,4.0,0.004
vfwthL7Dc1,Neg,/job:localhost/replica:0/task:0/device:GPU:0,4.0,0.004
UPRtonKWlZ,AddV2,/job:localhost/replica:0/task:0/device:GPU:0,4.0,0.004
Kx0VvjpNDF,Pow,/job:localhost/replica:0/task:0/device:GPU:0,4.0,0.004
pNHxGjBnlq,Sub,/job:localhost/replica:0/task:0/device:GPU:0,4.0,0.004
8nsvPp6fkx,Neg,/job:localhost/replica:0/task:0/device:GPU:0,4.0,0.004
voDHAJK8gf,BiasAdd,/job:localhost/replica:0/task:0/device:GPU:0,4.0,0.004
RWCq3mAFv8,BiasAdd,/job:localhost/replica:0/task:0/device:GPU:0,4.0,0.004
7Ecp4qL2dU,Add,/job:localhost/replica:0/task:0/device:GPU:0,4.0,0.004
usphmIjBlG,Neg,/job:localhost/replica:0/task:0/device:GPU:0,4.0,0.004
1pYtmEU4RD,Log,/job:localhost/replica:0/task:0/device:GPU:0,4.0,0.004
pudJzbWiZP,AddV2,/job:localhost/replica:0/task:0/device:GPU:0,4.0,0.004
xvp45BE8jR,AddV2,/job:localhost/replica:0/task:0/device:GPU:0,4.0,0.004
Pl7IWZvzas,RealDiv,/job:localhost/replica:0/task:0/device:GPU:0,4.0,0.004
NF8wS9MpKm,BiasAdd,/job:localhost/replica:0/task:0/device:GPU:0,4.0,0.004
piv215AMbB,Add,/job:localhost/replica:0/task:0/device:GPU:0,4.0,0.004
ZiIlMXhRpk,Sub,/job:localhost/replica:0/task:0/device:GPU:0,4.0,0.004
1H4K0FTRPg,Sub,/job:localhost/replica:0/task:0/device:GPU:0,4.0,0.004
rNl2FIhfP3,Rsqrt,/job:localhost/replica:0/task:0/device:GPU:0,4.0,0.004
7bNKaQtIXG,Add,/job:localhost/replica:0/task:0/device:GPU:0,4.0,0.004
BNe8C1Tabx,Log,/job:localhost/replica:0/task:0/device:GPU:0,4.0,0.004
6Jx8C5XQhk,BiasAdd,/job:localhost/replica:0/task:0/device:GPU:0,4.0,0.004
pfyOkHE2FJ,BiasAdd,/job:localhost/replica:0/task:0/device:GPU:0,4.0,0.004
teJrafOXW8,AddV2,/job:localhost/replica:0/task:0/device:GPU:0,4.0,0.004
QKb67HvYjy,Pow,/job:localhost/replica:0/task:0/device:GPU:0,4.0,0.004
upZX5IYafw,BiasAdd,/job:localhost/replica:0/task:0/device:GPU:0,4.0,0.004
6Iqig9awbB,BiasAdd,/job:localhost/replica:0/task:0/device:GPU:0,4.0,0.004
1BkbjQoCT0,BiasAdd,/job:localhost/replica:0/task:0/device:GPU:0,4.0,0.004
_arg_StHFqj5edV_0_162,Placeholder,/job:localhost/replica:0/task:0/device:CPU:0,4.0,0.004
_arg_KOJcBD1Cxa_0_122,Placeholder,/job:localhost/replica:0/task:0/device:CPU:0,4.0,0.004
_arg_ujOA5LQW7M_0_345,Placeholder,/job:localhost/replica:0/task:0/device:CPU:0,4.0,0.004
6R49PNJChS,Const,/job:localhost/replica:0/task:0/device:GPU:0,3.0,0.003
cay2nNMCGU,Const,/job:localhost/replica:0/task:0/device:GPU:0,3.0,0.003
Wl1ejYdDvJ,Const,/job:localhost/replica:0/task:0/device:GPU:0,3.0,0.003
BYOSeUmpQ9,Const,/job:localhost/replica:0/task:0/device:GPU:0,3.0,0.003
0AFVIH8SgG,Const,/job:localhost/replica:0/task:0/device:GPU:0,3.0,0.003
xU3dQ26SDc,Const,/job:localhost/replica:0/task:0/device:GPU:0,3.0,0.003
bKD3z8dTXB,Const,/job:localhost/replica:0/task:0/device:GPU:0,3.0,0.003
ZekaCTQoKy,Const,/job:localhost/replica:0/task:0/device:GPU:0,3.0,0.003
6VtGbolNeZ,Const,/job:localhost/replica:0/task:0/device:GPU:0,3.0,0.003
REvB6W3K5z,Const,/job:localhost/replica:0/task:0/device:GPU:0,3.0,0.003
68JlqBVkHv,Const,/job:localhost/replica:0/task:0/device:GPU:0,3.0,0.003
U5MdTaFXep,Const,/job:localhost/replica:0/task:0/device:GPU:0,3.0,0.003
6fyxP1IniO,Const,/job:localhost/replica:0/task:0/device:GPU:0,3.0,0.003
B80JNgsxMe,Const,/job:localhost/replica:0/task:0/device:GPU:0,3.0,0.003
BfXG1rSjwu,Const,/job:localhost/replica:0/task:0/device:GPU:0,3.0,0.003
lBM9JWoi1I,Const,/job:localhost/replica:0/task:0/device:GPU:0,3.0,0.003
M6ubhEfAWm,Const,/job:localhost/replica:0/task:0/device:GPU:0,3.0,0.003
GrpyJiDNoT,Const,/job:localhost/replica:0/task:0/device:GPU:0,3.0,0.003
FlEsDnqfZH,Const,/job:localhost/replica:0/task:0/device:GPU:0,3.0,0.003
RiyqLUIcSD,Const,/job:localhost/replica:0/task:0/device:GPU:0,3.0,0.003
0uQdi43BKF,Const,/job:localhost/replica:0/task:0/device:GPU:0,3.0,0.003
qCTFE8OYZP,Const,/job:localhost/replica:0/task:0/device:GPU:0,3.0,0.003
OyrP6beWlI,Const,/job:localhost/replica:0/task:0/device:GPU:0,3.0,0.003
oNpwOsb0HJ,Const,/job:localhost/replica:0/task:0/device:GPU:0,3.0,0.003
YLSsrf3QKc,Const,/job:localhost/replica:0/task:0/device:GPU:0,3.0,0.003
mZRXcABfdM,Const,/job:localhost/replica:0/task:0/device:GPU:0,3.0,0.003
7YODW5Uqy4,Const,/job:localhost/replica:0/task:0/device:GPU:0,3.0,0.003
KlhZH5iNcz/_10__cf__10,Sigmoid,/job:localhost/replica:0/task:0/device:GPU:0,3.0,0.003
UfBiao378n,Const,/job:localhost/replica:0/task:0/device:GPU:0,3.0,0.003
jhC0AenLkB,Const,/job:localhost/replica:0/task:0/device:GPU:0,3.0,0.003
rwdASfpmD9,Const,/job:localhost/replica:0/task:0/device:GPU:0,3.0,0.003
1IbCmlcXOS,Const,/job:localhost/replica:0/task:0/device:GPU:0,3.0,0.003
Pw2lhYVDrp/_13__cf__13,ExpandDims,/job:localhost/replica:0/task:0/device:GPU:0,3.0,0.003
9yt3QkuqGw,Const,/job:localhost/replica:0/task:0/device:GPU:0,3.0,0.003
6HtonOR10Z,Const,/job:localhost/replica:0/task:0/device:GPU:0,3.0,0.003
ZH2mp5PvEO,Const,/job:localhost/replica:0/task:0/device:GPU:0,3.0,0.003
GTZcCyU6aj,Const,/job:localhost/replica:0/task:0/device:GPU:0,3.0,0.003
4Ofi8FqXIx,Const,/job:localhost/replica:0/task:0/device:GPU:0,3.0,0.003
rkSgbKpfMO,Const,/job:localhost/replica:0/task:0/device:GPU:0,3.0,0.003
YINxaAcJRV,Const,/job:localhost/replica:0/task:0/device:GPU:0,3.0,0.003
RCySG53JzV,Const,/job:localhost/replica:0/task:0/device:GPU:0,3.0,0.003
Xim12rqydG,Const,/job:localhost/replica:0/task:0/device:GPU:0,3.0,0.003
T5fWv4yJUY,Const,/job:localhost/replica:0/task:0/device:GPU:0,3.0,0.003
U2TZopPEMJ,Const,/job:localhost/replica:0/task:0/device:GPU:0,3.0,0.003
6biZIYL3am,Const,/job:localhost/replica:0/task:0/device:GPU:0,3.0,0.003
PhjoOYNgT8,Const,/job:localhost/replica:0/task:0/device:GPU:0,3.0,0.003
nrAoaxRikG,Const,/job:localhost/replica:0/task:0/device:GPU:0,3.0,0.003
w3dDC4Hp0k,ExpandDims,/job:localhost/replica:0/task:0/device:GPU:0,3.0,0.003
kzW5x1F2oa,Const,/job:localhost/replica:0/task:0/device:GPU:0,3.0,0.003
UuvRyJi3NY,Const,/job:localhost/replica:0/task:0/device:GPU:0,3.0,0.003
buGWtmxver,Const,/job:localhost/replica:0/task:0/device:GPU:0,3.0,0.003
b0JicyfvZD,Const,/job:localhost/replica:0/task:0/device:GPU:0,3.0,0.003
5MdyJPWkRY,StopGradient,/job:localhost/replica:0/task:0/device:GPU:0,3.0,0.003
XJO86NL9DK,Const,/job:localhost/replica:0/task:0/device:GPU:0,3.0,0.003
d2x6lwg4bk,Const,/job:localhost/replica:0/task:0/device:GPU:0,3.0,0.003
XBEM5hayWQ,Const,/job:localhost/replica:0/task:0/device:GPU:0,3.0,0.003
wfqhgmceZi,Reshape,/job:localhost/replica:0/task:0/device:GPU:0,3.0,0.003
KYiqVRFa7E,Const,/job:localhost/replica:0/task:0/device:GPU:0,3.0,0.003
6wnVxAaRjf,Const,/job:localhost/replica:0/task:0/device:GPU:0,3.0,0.003
kQa5fRMJiv,Const,/job:localhost/replica:0/task:0/device:GPU:0,3.0,0.003
zh4aKlEAWM,ExpandDims,/job:localhost/replica:0/task:0/device:GPU:0,3.0,0.003
ZYVD1RPKoN,Reshape,/job:localhost/replica:0/task:0/device:GPU:0,3.0,0.003
TRryPaG9MJ,Const,/job:localhost/replica:0/task:0/device:GPU:0,3.0,0.003
YmkrqTjIz0,Const,/job:localhost/replica:0/task:0/device:GPU:0,3.0,0.003
RMjf1IF0lo,Const,/job:localhost/replica:0/task:0/device:GPU:0,3.0,0.003
1irHB8pmcg,ExpandDims,/job:localhost/replica:0/task:0/device:GPU:0,3.0,0.003
bHidSF7Whx,Const,/job:localhost/replica:0/task:0/device:GPU:0,3.0,0.003
WaNyMXCAhI,Const,/job:localhost/replica:0/task:0/device:GPU:0,3.0,0.003
KASjdM1qZB,Transpose,/job:localhost/replica:0/task:0/device:GPU:0,3.0,0.003
eFElx8Dwvn,Const,/job:localhost/replica:0/task:0/device:GPU:0,3.0,0.003
m4GQLTROSw,ExpandDims,/job:localhost/replica:0/task:0/device:GPU:0,3.0,0.003
NgQjvGlX32,ExpandDims,/job:localhost/replica:0/task:0/device:GPU:0,3.0,0.003
tT2OiUS7el,ExpandDims,/job:localhost/replica:0/task:0/device:GPU:0,3.0,0.003
OS8QasCkPm,ConcatV2,/job:localhost/replica:0/task:0/device:GPU:0,3.0,0.003
XWG4JdOuYR,Prod,/job:localhost/replica:0/task:0/device:GPU:0,3.0,0.003
0mMHjTZIX3,Split,/job:localhost/replica:0/task:0/device:GPU:0,3.0,0.003
fZhPuLAzVE,Pack,/job:localhost/replica:0/task:0/device:GPU:0,3.0,0.003
UpBuVoj2zh,Reshape,/job:localhost/replica:0/task:0/device:GPU:0,3.0,0.003
8rCuIzJZSc,ExpandDims,/job:localhost/replica:0/task:0/device:GPU:0,3.0,0.003
VbqE2YoiIF,Transpose,/job:localhost/replica:0/task:0/device:GPU:0,3.0,0.003
ujvf3l1ZNx,BiasAdd,/job:localhost/replica:0/task:0/device:GPU:0,3.0,0.003
tpoRd1xVhN,BiasAdd,/job:localhost/replica:0/task:0/device:GPU:0,3.0,0.003
St4oP5XCZE,BiasAdd,/job:localhost/replica:0/task:0/device:GPU:0,3.0,0.003
Uv6xG0qzsg,BiasAdd,/job:localhost/replica:0/task:0/device:GPU:0,3.0,0.003
qCYcAQmI6z,Reshape,/job:localhost/replica:0/task:0/device:GPU:0,3.0,0.003
FRdfjyxaH0,ConcatV2,/job:localhost/replica:0/task:0/device:GPU:0,3.0,0.003
wZimjoHhRe,ConcatV2,/job:localhost/replica:0/task:0/device:GPU:0,3.0,0.003
7C39Uuz2D8,Reshape,/job:localhost/replica:0/task:0/device:GPU:0,3.0,0.003
CSOjFEhzwB,Reshape,/job:localhost/replica:0/task:0/device:GPU:0,3.0,0.003
uQAxEN3Oz0,ConcatV2,/job:localhost/replica:0/task:0/device:GPU:0,3.0,0.003
bAxFTJQX2M,ConcatV2,/job:localhost/replica:0/task:0/device:GPU:0,3.0,0.003
VOl4XUQTma,Prod,/job:localhost/replica:0/task:0/device:GPU:0,3.0,0.003
jbskFN7SXa,Prod,/job:localhost/replica:0/task:0/device:GPU:0,3.0,0.003
HPkYaedI2U,Reshape,/job:localhost/replica:0/task:0/device:GPU:0,3.0,0.003
yP1OgR86bo,Reshape,/job:localhost/replica:0/task:0/device:GPU:0,3.0,0.003
fzku2XeLhC,Pack,/job:localhost/replica:0/task:0/device:GPU:0,3.0,0.003
zGgWvrDI4T,Pack,/job:localhost/replica:0/task:0/device:GPU:0,3.0,0.003
hptiDxlGu6,ConcatV2,/job:localhost/replica:0/task:0/device:GPU:0,3.0,0.003
P7TDOQcAGN,Reshape,/job:localhost/replica:0/task:0/device:GPU:0,3.0,0.003
Hd9b2fOEz1,Reshape,/job:localhost/replica:0/task:0/device:GPU:0,3.0,0.003
gqM4PHcTl9,Prod,/job:localhost/replica:0/task:0/device:GPU:0,3.0,0.003
V7zT1ux8os,Prod,/job:localhost/replica:0/task:0/device:GPU:0,3.0,0.003
DUrdBFm8qh,Reshape,/job:localhost/replica:0/task:0/device:GPU:0,3.0,0.003
lNEo9FqJpW,Pack,/job:localhost/replica:0/task:0/device:GPU:0,3.0,0.003
FDeRmrKwdc,Reshape,/job:localhost/replica:0/task:0/device:GPU:0,3.0,0.003
2tYWvdeoG0,Prod,/job:localhost/replica:0/task:0/device:GPU:0,3.0,0.003
1Mi5zKgL4O,Transpose,/job:localhost/replica:0/task:0/device:GPU:0,3.0,0.003
uoTDYKth2g,Reshape,/job:localhost/replica:0/task:0/device:GPU:0,3.0,0.003
Dflbgo8QEv,Reshape,/job:localhost/replica:0/task:0/device:GPU:0,3.0,0.003
cGgSiyp8CE,Split,/job:localhost/replica:0/task:0/device:GPU:0,3.0,0.003
New6iT51az,Reshape,/job:localhost/replica:0/task:0/device:GPU:0,3.0,0.003
NsinzloQcM,Transpose,/job:localhost/replica:0/task:0/device:GPU:0,3.0,0.003
2JHLO53UuA,Reshape,/job:localhost/replica:0/task:0/device:GPU:0,3.0,0.003
qGniDeo0tZ,Reshape,/job:localhost/replica:0/task:0/device:GPU:0,3.0,0.003
0QqSp8Hbi1,Reshape,/job:localhost/replica:0/task:0/device:GPU:0,3.0,0.003
HKl1UvFwem,Prod,/job:localhost/replica:0/task:0/device:GPU:0,3.0,0.003
C7F0Ps59hg,ConcatV2,/job:localhost/replica:0/task:0/device:GPU:0,3.0,0.003
cYdPL0DIBG,Pack,/job:localhost/replica:0/task:0/device:GPU:0,3.0,0.003
iZp3eaYB8G,RealDiv,/job:localhost/replica:0/task:0/device:GPU:0,3.0,0.003
y5DBWc79ZF,BiasAdd,/job:localhost/replica:0/task:0/device:GPU:0,3.0,0.003
lk5K2yE3Aj,Rsqrt,/job:localhost/replica:0/task:0/device:GPU:0,3.0,0.003
p2mWCxRDYX,Add,/job:localhost/replica:0/task:0/device:GPU:0,3.0,0.003
tZ4OlE1YAp,ExpandDims,/job:localhost/replica:0/task:0/device:GPU:0,3.0,0.003
AHyzthbJ3X,Prod,/job:localhost/replica:0/task:0/device:GPU:0,3.0,0.003
9Sm5kvj1TZ,Pack,/job:localhost/replica:0/task:0/device:GPU:0,3.0,0.003
mMXUjhPa0e,Pack,/job:localhost/replica:0/task:0/device:GPU:0,3.0,0.003
rKU59wIQEj,Reshape,/job:localhost/replica:0/task:0/device:GPU:0,3.0,0.003
x4ae0KXF7A,Reshape,/job:localhost/replica:0/task:0/device:GPU:0,3.0,0.003
pqX7m4bdSH,Reshape,/job:localhost/replica:0/task:0/device:GPU:0,3.0,0.003
zH2NFPZs13,BiasAdd,/job:localhost/replica:0/task:0/device:GPU:0,3.0,0.003
iyCToRE24A,Relu,/job:localhost/replica:0/task:0/device:GPU:0,3.0,0.003
rPJ6VTAl4L,Relu,/job:localhost/replica:0/task:0/device:GPU:0,3.0,0.003
IBJhK5R9Zm,Relu,/job:localhost/replica:0/task:0/device:GPU:0,3.0,0.003
uZIR7PFCwh,Relu,/job:localhost/replica:0/task:0/device:GPU:0,3.0,0.003
pCe3VZSM6w,Relu,/job:localhost/replica:0/task:0/device:GPU:0,3.0,0.003
Itflrqd71J,BiasAdd,/job:localhost/replica:0/task:0/device:GPU:0,3.0,0.003
nZsEwQSIFR,BiasAdd,/job:localhost/replica:0/task:0/device:GPU:0,3.0,0.003
x2iPsAzqk4,BiasAdd,/job:localhost/replica:0/task:0/device:GPU:0,3.0,0.003
j7sTca3UeR,BiasAdd,/job:localhost/replica:0/task:0/device:GPU:0,3.0,0.003
hIw9edY5mg,Split,/job:localhost/replica:0/task:0/device:GPU:0,3.0,0.003
nK6jIEBZYF,BiasAdd,/job:localhost/replica:0/task:0/device:GPU:0,3.0,0.003
G8Q2BVrNg9,BiasAdd,/job:localhost/replica:0/task:0/device:GPU:0,3.0,0.003
JUFzAPBpRN,Relu,/job:localhost/replica:0/task:0/device:GPU:0,3.0,0.003
eO1oqalwXU,Relu,/job:localhost/replica:0/task:0/device:GPU:0,3.0,0.003
aJCunWDlmL,Relu,/job:localhost/replica:0/task:0/device:GPU:0,3.0,0.003
fkvnm3rU4P,BiasAdd,/job:localhost/replica:0/task:0/device:GPU:0,3.0,0.003
19NhJmKyOU,BiasAdd,/job:localhost/replica:0/task:0/device:GPU:0,3.0,0.003
CWBDu3jh49,BiasAdd,/job:localhost/replica:0/task:0/device:GPU:0,3.0,0.003
_arg_zX6xKOWG9S_0_374,Placeholder,/job:localhost/replica:0/task:0/device:CPU:0,3.0,0.003
_arg_4dtfMgk7Ni_0_27,Placeholder,/job:localhost/replica:0/task:0/device:CPU:0,3.0,0.003
_arg_5cO3meIa4V_0_33,Placeholder,/job:localhost/replica:0/task:0/device:CPU:0,3.0,0.003
_arg_89nc05gQza_0_46,Placeholder,/job:localhost/replica:0/task:0/device:CPU:0,3.0,0.003
_arg_BYyjkPCX0m_0_64,Placeholder,/job:localhost/replica:0/task:0/device:CPU:0,3.0,0.003
_arg_JSWhLK4Agx_0_113,Placeholder,/job:localhost/replica:0/task:0/device:CPU:0,3.0,0.003
_arg_EsROupwkSG_0_81,Placeholder,/job:localhost/replica:0/task:0/device:CPU:0,3.0,0.003
_arg_JKWg9U1qmT_0_111,Placeholder,/job:localhost/replica:0/task:0/device:CPU:0,3.0,0.003
_arg_NFBzi76hoK_0_133,Placeholder,/job:localhost/replica:0/task:0/device:CPU:0,3.0,0.003
_arg_S3KJ2tl1VG_0_157,Placeholder,/job:localhost/replica:0/task:0/device:CPU:0,3.0,0.003
_arg_I5iNBsTtoe_0_101,Placeholder,/job:localhost/replica:0/task:0/device:CPU:0,3.0,0.003
_arg_9N1KUX0DZ5_0_53,Placeholder,/job:localhost/replica:0/task:0/device:CPU:0,3.0,0.003
_arg_KBG8U2uYOC_0_116,Placeholder,/job:localhost/replica:0/task:0/device:CPU:0,3.0,0.003
_arg_ad9BJGx5jl_0_217,Placeholder,/job:localhost/replica:0/task:0/device:CPU:0,3.0,0.003
_arg_rlh04eiWzL_0_329,Placeholder,/job:localhost/replica:0/task:0/device:CPU:0,3.0,0.003
_arg_isCn4mEOSt_0_274,Placeholder,/job:localhost/replica:0/task:0/device:CPU:0,3.0,0.003
_arg_sXCjeM94Zu_0_332,Placeholder,/job:localhost/replica:0/task:0/device:CPU:0,3.0,0.003
_arg_jznORDJr0N_0_276,Placeholder,/job:localhost/replica:0/task:0/device:CPU:0,3.0,0.003
_arg_sjKQJGby31_0_335,Placeholder,/job:localhost/replica:0/task:0/device:CPU:0,3.0,0.003
_arg_zOu1aQKy4V_0_373,Placeholder,/job:localhost/replica:0/task:0/device:CPU:0,3.0,0.003
QUMTldgjr9,Const,/job:localhost/replica:0/task:0/device:GPU:0,2.0,0.002
zVPUvGeHqA,Const,/job:localhost/replica:0/task:0/device:GPU:0,2.0,0.002
IhwHOFc6BZ,Const,/job:localhost/replica:0/task:0/device:GPU:0,2.0,0.002
mEHtGlYusg,Const,/job:localhost/replica:0/task:0/device:GPU:0,2.0,0.002
v3mfJj4ArY,Const,/job:localhost/replica:0/task:0/device:GPU:0,2.0,0.002
kZB5XW0Pls,Const,/job:localhost/replica:0/task:0/device:GPU:0,2.0,0.002
WVGCXu5FgM,Const,/job:localhost/replica:0/task:0/device:GPU:0,2.0,0.002
SAUGnWJvB9,Const,/job:localhost/replica:0/task:0/device:GPU:0,2.0,0.002
CZJXNwpiTr,Const,/job:localhost/replica:0/task:0/device:GPU:0,2.0,0.002
qAdvxb3net,Const,/job:localhost/replica:0/task:0/device:GPU:0,2.0,0.002
rG7Aevt0CR,Const,/job:localhost/replica:0/task:0/device:GPU:0,2.0,0.002
KkCn3D6rSm,Const,/job:localhost/replica:0/task:0/device:GPU:0,2.0,0.002
NRq4JdFBGk,Const,/job:localhost/replica:0/task:0/device:GPU:0,2.0,0.002
nAk5oLcHDa,Const,/job:localhost/replica:0/task:0/device:GPU:0,2.0,0.002
hmpzGn4VSo,Const,/job:localhost/replica:0/task:0/device:GPU:0,2.0,0.002
6ZKLegESI7,Const,/job:localhost/replica:0/task:0/device:GPU:0,2.0,0.002
ma8LEyl75F,Const,/job:localhost/replica:0/task:0/device:GPU:0,2.0,0.002
02YT1dgmvE,Const,/job:localhost/replica:0/task:0/device:GPU:0,2.0,0.002
rWXMZnPKNR,Const,/job:localhost/replica:0/task:0/device:GPU:0,2.0,0.002
2D8GnLvZhp,Const,/job:localhost/replica:0/task:0/device:GPU:0,2.0,0.002
cv4Xr2DphE,Const,/job:localhost/replica:0/task:0/device:GPU:0,2.0,0.002
ZuYK5zdbPc,Const,/job:localhost/replica:0/task:0/device:GPU:0,2.0,0.002
C5pv8A37PZ,Const,/job:localhost/replica:0/task:0/device:GPU:0,2.0,0.002
5mBneQC7F9,Const,/job:localhost/replica:0/task:0/device:GPU:0,2.0,0.002
759hpfLZu2,Const,/job:localhost/replica:0/task:0/device:GPU:0,2.0,0.002
acG8AnyCoW,Const,/job:localhost/replica:0/task:0/device:GPU:0,2.0,0.002
iMmTLgWdrc,Const,/job:localhost/replica:0/task:0/device:GPU:0,2.0,0.002
7W29SZ5Jro,Const,/job:localhost/replica:0/task:0/device:GPU:0,2.0,0.002
JYMGZPiNUH,Const,/job:localhost/replica:0/task:0/device:GPU:0,2.0,0.002
GfCLerSFQ8,Const,/job:localhost/replica:0/task:0/device:GPU:0,2.0,0.002
43R9jdwJBh,Const,/job:localhost/replica:0/task:0/device:GPU:0,2.0,0.002
b0Ho5RuBdE,Const,/job:localhost/replica:0/task:0/device:GPU:0,2.0,0.002
AWPZbeEQRU,Const,/job:localhost/replica:0/task:0/device:GPU:0,2.0,0.002
MVIzgPZS06,Const,/job:localhost/replica:0/task:0/device:GPU:0,2.0,0.002
5aEKSVPoLJ,Const,/job:localhost/replica:0/task:0/device:GPU:0,2.0,0.002
5JN1TzkROo,Const,/job:localhost/replica:0/task:0/device:GPU:0,2.0,0.002
Dw9tfIOo8k,Const,/job:localhost/replica:0/task:0/device:GPU:0,2.0,0.002
oOYDH6awI5,Const,/job:localhost/replica:0/task:0/device:GPU:0,2.0,0.002
1bLp0aM7Wl,Const,/job:localhost/replica:0/task:0/device:GPU:0,2.0,0.002
7uT8O1DeMl,Const,/job:localhost/replica:0/task:0/device:GPU:0,2.0,0.002
s1SEA7TM4Y,Const,/job:localhost/replica:0/task:0/device:GPU:0,2.0,0.002
tNgDKV83q1,Const,/job:localhost/replica:0/task:0/device:GPU:0,2.0,0.002
kz0uoL71eg,Const,/job:localhost/replica:0/task:0/device:GPU:0,2.0,0.002
aMm4nG6gSP,Const,/job:localhost/replica:0/task:0/device:GPU:0,2.0,0.002
FUxlP1Ysb4,Const,/job:localhost/replica:0/task:0/device:GPU:0,2.0,0.002
blJGUL5tDT,Const,/job:localhost/replica:0/task:0/device:GPU:0,2.0,0.002
sIj6xnJEfB,Const,/job:localhost/replica:0/task:0/device:GPU:0,2.0,0.002
32WfDPnROS,Const,/job:localhost/replica:0/task:0/device:GPU:0,2.0,0.002
eYtaR7GWjr,Const,/job:localhost/replica:0/task:0/device:GPU:0,2.0,0.002
fcpUrTzGyn,Const,/job:localhost/replica:0/task:0/device:GPU:0,2.0,0.002
KIlqFdoWmf,Const,/job:localhost/replica:0/task:0/device:GPU:0,2.0,0.002
wNcsLh36rt,Const,/job:localhost/replica:0/task:0/device:GPU:0,2.0,0.002
MbNGc8DzBC,Const,/job:localhost/replica:0/task:0/device:GPU:0,2.0,0.002
9dX6kpjTg3,Const,/job:localhost/replica:0/task:0/device:GPU:0,2.0,0.002
fr7vDCK8XU,Const,/job:localhost/replica:0/task:0/device:GPU:0,2.0,0.002
wFr4bYC7zg,Const,/job:localhost/replica:0/task:0/device:GPU:0,2.0,0.002
MILEUsTSxm,Const,/job:localhost/replica:0/task:0/device:GPU:0,2.0,0.002
8ReIlyadQ0,Const,/job:localhost/replica:0/task:0/device:GPU:0,2.0,0.002
u9m5zPs4Uh,Const,/job:localhost/replica:0/task:0/device:GPU:0,2.0,0.002
S3zFYDV5aI,Const,/job:localhost/replica:0/task:0/device:GPU:0,2.0,0.002
FscWTu1Z0E,Const,/job:localhost/replica:0/task:0/device:GPU:0,2.0,0.002
MjzJm56QH8,Const,/job:localhost/replica:0/task:0/device:GPU:0,2.0,0.002
o7VNM9y8qb,Const,/job:localhost/replica:0/task:0/device:GPU:0,2.0,0.002
1NRMLig7c5,Const,/job:localhost/replica:0/task:0/device:GPU:0,2.0,0.002
9Df1RSrunj,Const,/job:localhost/replica:0/task:0/device:GPU:0,2.0,0.002
CVIwzQfEYJ,Const,/job:localhost/replica:0/task:0/device:GPU:0,2.0,0.002
IYt8UWGwQ9,Const,/job:localhost/replica:0/task:0/device:GPU:0,2.0,0.002
ld2Y04pDhL,Const,/job:localhost/replica:0/task:0/device:GPU:0,2.0,0.002
o0GyAB1bxr,Const,/job:localhost/replica:0/task:0/device:GPU:0,2.0,0.002
6snPKH1NYF,Const,/job:localhost/replica:0/task:0/device:GPU:0,2.0,0.002
U2lKv7RXFp,Const,/job:localhost/replica:0/task:0/device:GPU:0,2.0,0.002
ziT8pqof6j,Const,/job:localhost/replica:0/task:0/device:GPU:0,2.0,0.002
iUdWt4nZBm,Const,/job:localhost/replica:0/task:0/device:GPU:0,2.0,0.002
NjxuZhJyr3,Const,/job:localhost/replica:0/task:0/device:GPU:0,2.0,0.002
p7LsMuynjh,Const,/job:localhost/replica:0/task:0/device:GPU:0,2.0,0.002
EOVFrviG4D,Const,/job:localhost/replica:0/task:0/device:GPU:0,2.0,0.002
xDsELl2ROq,Const,/job:localhost/replica:0/task:0/device:GPU:0,2.0,0.002
pF4dgEij0U,Const,/job:localhost/replica:0/task:0/device:GPU:0,2.0,0.002
sWJaktnLop,Const,/job:localhost/replica:0/task:0/device:GPU:0,2.0,0.002
3MoPOEglid,Const,/job:localhost/replica:0/task:0/device:GPU:0,2.0,0.002
EOBwl104WR,Const,/job:localhost/replica:0/task:0/device:GPU:0,2.0,0.002
75ZeiYO6XD,Const,/job:localhost/replica:0/task:0/device:GPU:0,2.0,0.002
Gx68aPCZJV,Const,/job:localhost/replica:0/task:0/device:GPU:0,2.0,0.002
69FfxgTUSI,ExpandDims,/job:localhost/replica:0/task:0/device:GPU:0,2.0,0.002
ToHpWYBa3i,Const,/job:localhost/replica:0/task:0/device:GPU:0,2.0,0.002
AXloQ0b5ds,Const,/job:localhost/replica:0/task:0/device:GPU:0,2.0,0.002
5GwIOk4Moe,Const,/job:localhost/replica:0/task:0/device:GPU:0,2.0,0.002
ljPpU7BoWu,Const,/job:localhost/replica:0/task:0/device:GPU:0,2.0,0.002
6BNlVEgDST,Const,/job:localhost/replica:0/task:0/device:GPU:0,2.0,0.002
4QzigTG0hj,Const,/job:localhost/replica:0/task:0/device:GPU:0,2.0,0.002
OB4pVKsjRw,Const,/job:localhost/replica:0/task:0/device:GPU:0,2.0,0.002
85hbgZflKo,Const,/job:localhost/replica:0/task:0/device:GPU:0,2.0,0.002
BMaIQdlJqO,Const,/job:localhost/replica:0/task:0/device:GPU:0,2.0,0.002
ZIT4dpaFhx,Const,/job:localhost/replica:0/task:0/device:GPU:0,2.0,0.002
MJLqSYvd3D,Const,/job:localhost/replica:0/task:0/device:GPU:0,2.0,0.002
p4yfeqiXKN,Const,/job:localhost/replica:0/task:0/device:GPU:0,2.0,0.002
OHz3Q9R6gs,Const,/job:localhost/replica:0/task:0/device:GPU:0,2.0,0.002
4SR0QCl8Xb,Const,/job:localhost/replica:0/task:0/device:GPU:0,2.0,0.002
Th9RStwMza,Const,/job:localhost/replica:0/task:0/device:GPU:0,2.0,0.002
g0UtW1O5nF,Const,/job:localhost/replica:0/task:0/device:GPU:0,2.0,0.002
akWUNIJq8s,Const,/job:localhost/replica:0/task:0/device:GPU:0,2.0,0.002
8iRS9JVlYj,ExpandDims,/job:localhost/replica:0/task:0/device:GPU:0,2.0,0.002
ZWH5LYO6cD,Const,/job:localhost/replica:0/task:0/device:GPU:0,2.0,0.002
4fEH3ZuLUw,ExpandDims,/job:localhost/replica:0/task:0/device:GPU:0,2.0,0.002
oAnUyr763D,Const,/job:localhost/replica:0/task:0/device:GPU:0,2.0,0.002
XQEF9NTL5A,Const,/job:localhost/replica:0/task:0/device:GPU:0,2.0,0.002
64HbevN7Yf,Const,/job:localhost/replica:0/task:0/device:GPU:0,2.0,0.002
xmEzlbLwdq,Const,/job:localhost/replica:0/task:0/device:GPU:0,2.0,0.002
ePqmjpB5ZT,Const,/job:localhost/replica:0/task:0/device:GPU:0,2.0,0.002
glBZzmdkHy,Const,/job:localhost/replica:0/task:0/device:GPU:0,2.0,0.002
MZeY8sLpHX,Const,/job:localhost/replica:0/task:0/device:GPU:0,2.0,0.002
X2HskSNvLG,Const,/job:localhost/replica:0/task:0/device:GPU:0,2.0,0.002
zP7fQJrWsx,Const,/job:localhost/replica:0/task:0/device:GPU:0,2.0,0.002
mu1SR8eXzb,Const,/job:localhost/replica:0/task:0/device:GPU:0,2.0,0.002
tzjyQrovHP,Const,/job:localhost/replica:0/task:0/device:GPU:0,2.0,0.002
IdqRgVY4zS,Reshape,/job:localhost/replica:0/task:0/device:GPU:0,2.0,0.002
425jozerhT,Const,/job:localhost/replica:0/task:0/device:GPU:0,2.0,0.002
wMxlFLXsvB,Const,/job:localhost/replica:0/task:0/device:GPU:0,2.0,0.002
e6BLOYaR9Q,ExpandDims,/job:localhost/replica:0/task:0/device:GPU:0,2.0,0.002
cZtCBzvwkl,Const,/job:localhost/replica:0/task:0/device:GPU:0,2.0,0.002
l27URKqLb6,Const,/job:localhost/replica:0/task:0/device:GPU:0,2.0,0.002
G2OCTZ8NFg,Const,/job:localhost/replica:0/task:0/device:GPU:0,2.0,0.002
7PLqaDdHlK,Reshape,/job:localhost/replica:0/task:0/device:GPU:0,2.0,0.002
iPSfZCrpcN,Const,/job:localhost/replica:0/task:0/device:GPU:0,2.0,0.002
1Gd4vIAwOj,Const,/job:localhost/replica:0/task:0/device:GPU:0,2.0,0.002
PxmawzjSC7,Const,/job:localhost/replica:0/task:0/device:GPU:0,2.0,0.002
4wQyvYuTOm,Const,/job:localhost/replica:0/task:0/device:GPU:0,2.0,0.002
6sxgQ2inqO,Const,/job:localhost/replica:0/task:0/device:GPU:0,2.0,0.002
LK4BU21MNv,Const,/job:localhost/replica:0/task:0/device:GPU:0,2.0,0.002
H1PJMAXBg4,Const,/job:localhost/replica:0/task:0/device:GPU:0,2.0,0.002
UC5FnZeiGA,ExpandDims,/job:localhost/replica:0/task:0/device:GPU:0,2.0,0.002
csZza2XbwT,ExpandDims,/job:localhost/replica:0/task:0/device:GPU:0,2.0,0.002
kxwTrYMuPO,Const,/job:localhost/replica:0/task:0/device:GPU:0,2.0,0.002
hZCjNomIac,Const,/job:localhost/replica:0/task:0/device:GPU:0,2.0,0.002
7OZPQW5NKw,Const,/job:localhost/replica:0/task:0/device:GPU:0,2.0,0.002
CNJSuzU9fa,Reshape,/job:localhost/replica:0/task:0/device:GPU:0,2.0,0.002
4v8xJjlmbG,Reshape,/job:localhost/replica:0/task:0/device:GPU:0,2.0,0.002
MvhPqTAm0Z,Const,/job:localhost/replica:0/task:0/device:GPU:0,2.0,0.002
ktn4ehjQPG,Const,/job:localhost/replica:0/task:0/device:GPU:0,2.0,0.002
3f8SQ0FU4j,Const,/job:localhost/replica:0/task:0/device:GPU:0,2.0,0.002
NWdGnsEYrF,Const,/job:localhost/replica:0/task:0/device:GPU:0,2.0,0.002
SdChUkjtwM,Const,/job:localhost/replica:0/task:0/device:GPU:0,2.0,0.002
3a6HFjB4xl,Const,/job:localhost/replica:0/task:0/device:GPU:0,2.0,0.002
U9TR1OBAr0,Const,/job:localhost/replica:0/task:0/device:GPU:0,2.0,0.002
DcABhpTUZO,ExpandDims,/job:localhost/replica:0/task:0/device:GPU:0,2.0,0.002
EP9IM1WRG8,Const,/job:localhost/replica:0/task:0/device:GPU:0,2.0,0.002
8MjSWeN9K3,Const,/job:localhost/replica:0/task:0/device:GPU:0,2.0,0.002
itEhcvBeoC,Const,/job:localhost/replica:0/task:0/device:GPU:0,2.0,0.002
QxFi8ryedJ,Const,/job:localhost/replica:0/task:0/device:GPU:0,2.0,0.002
pkcHG4m2Bj,Reshape,/job:localhost/replica:0/task:0/device:GPU:0,2.0,0.002
9aqs3CFtnI,Reshape,/job:localhost/replica:0/task:0/device:GPU:0,2.0,0.002
ai5E6SzXKT,Slice,/job:localhost/replica:0/task:0/device:GPU:0,2.0,0.002
1CAh6YrE03,Slice,/job:localhost/replica:0/task:0/device:GPU:0,2.0,0.002
N9H7CFojky,Slice,/job:localhost/replica:0/task:0/device:GPU:0,2.0,0.002
eu3wz4cD28,Slice,/job:localhost/replica:0/task:0/device:GPU:0,2.0,0.002
G38DaUK7yJ,ExpandDims,/job:localhost/replica:0/task:0/device:GPU:0,2.0,0.002
68sdWKgV0i,Prod,/job:localhost/replica:0/task:0/device:GPU:0,2.0,0.002
RpPhUmAs7w,Reshape,/job:localhost/replica:0/task:0/device:GPU:0,2.0,0.002
wIkuNmrfRB,Reshape,/job:localhost/replica:0/task:0/device:GPU:0,2.0,0.002
DS5cJ0erpy,Pack,/job:localhost/replica:0/task:0/device:GPU:0,2.0,0.002
1hMLKIVRUb,Prod,/job:localhost/replica:0/task:0/device:GPU:0,2.0,0.002
KB4YdV3aOX,Prod,/job:localhost/replica:0/task:0/device:GPU:0,2.0,0.002
mlFs912Xvw,Reshape,/job:localhost/replica:0/task:0/device:GPU:0,2.0,0.002
pyVSgJkZNn,Reshape,/job:localhost/replica:0/task:0/device:GPU:0,2.0,0.002
nLyfNX9zsa,Reshape,/job:localhost/replica:0/task:0/device:GPU:0,2.0,0.002
KAkxYtwlDX,Split,/job:localhost/replica:0/task:0/device:GPU:0,2.0,0.002
RrKEBokeA8,Pack,/job:localhost/replica:0/task:0/device:GPU:0,2.0,0.002
1f4NvoLShW,Reshape,/job:localhost/replica:0/task:0/device:GPU:0,2.0,0.002
bOVjyqcu4K,Reshape,/job:localhost/replica:0/task:0/device:GPU:0,2.0,0.002
mX48osuLlr,Split,/job:localhost/replica:0/task:0/device:GPU:0,2.0,0.002
STRFz0ZsYu,Pack,/job:localhost/replica:0/task:0/device:GPU:0,2.0,0.002
JuoIhlA8DP,Reshape,/job:localhost/replica:0/task:0/device:GPU:0,2.0,0.002
lbuiRmseDf,Split,/job:localhost/replica:0/task:0/device:GPU:0,2.0,0.002
M31XraLntT,Pack,/job:localhost/replica:0/task:0/device:GPU:0,2.0,0.002
LC5DcTRyXK,Reshape,/job:localhost/replica:0/task:0/device:GPU:0,2.0,0.002
Aq4MOi35EB,Reshape,/job:localhost/replica:0/task:0/device:GPU:0,2.0,0.002
cnzsrMPT1k,Shape,/job:localhost/replica:0/task:0/device:GPU:0,2.0,0.002
DO8MPw0cuI,Reshape,/job:localhost/replica:0/task:0/device:GPU:0,2.0,0.002
wDPfFE7l4v,Reshape,/job:localhost/replica:0/task:0/device:GPU:0,2.0,0.002
4DcWguXvIG,Shape,/job:localhost/replica:0/task:0/device:GPU:0,2.0,0.002
sLaTjZy3Mk,Shape,/job:localhost/replica:0/task:0/device:GPU:0,2.0,0.002
X43weAc0xF,Transpose,/job:localhost/replica:0/task:0/device:GPU:0,2.0,0.002
L5OFbJ3yxK,Shape,/job:localhost/replica:0/task:0/device:GPU:0,2.0,0.002
V4XSojwCab,ExpandDims,/job:localhost/replica:0/task:0/device:GPU:0,2.0,0.002
cH5q7vQR3r,Shape,/job:localhost/replica:0/task:0/device:GPU:0,2.0,0.002
hoVgXajr4P,Transpose,/job:localhost/replica:0/task:0/device:GPU:0,2.0,0.002
qrlEDMb501,Transpose,/job:localhost/replica:0/task:0/device:GPU:0,2.0,0.002
9O5oHsUjGi,Shape,/job:localhost/replica:0/task:0/device:GPU:0,2.0,0.002
CMemfPhWzU,Transpose,/job:localhost/replica:0/task:0/device:GPU:0,2.0,0.002
h2YW9PeRBw,Shape,/job:localhost/replica:0/task:0/device:GPU:0,2.0,0.002
QSEtcpTa5l,Shape,/job:localhost/replica:0/task:0/device:GPU:0,2.0,0.002
dvslG6X90q,Transpose,/job:localhost/replica:0/task:0/device:GPU:0,2.0,0.002
03btXcMhx4,Prod,/job:localhost/replica:0/task:0/device:GPU:0,2.0,0.002
t5U6hGLOKn,Prod,/job:localhost/replica:0/task:0/device:GPU:0,2.0,0.002
hLiJawuSTM,Reshape,/job:localhost/replica:0/task:0/device:GPU:0,2.0,0.002
PwXEDRQgMK,Pack,/job:localhost/replica:0/task:0/device:GPU:0,2.0,0.002
ZqHs2ub0XC,Prod,/job:localhost/replica:0/task:0/device:GPU:0,2.0,0.002
1EQqbzkoKu,Reshape,/job:localhost/replica:0/task:0/device:GPU:0,2.0,0.002
Dj2niTKurB,Reshape,/job:localhost/replica:0/task:0/device:GPU:0,2.0,0.002
tebOpyHoxR,Reshape,/job:localhost/replica:0/task:0/device:GPU:0,2.0,0.002
SgHJOFPcXM,Split,/job:localhost/replica:0/task:0/device:GPU:0,2.0,0.002
l15matp4BZ,Pack,/job:localhost/replica:0/task:0/device:GPU:0,2.0,0.002
EU53gWi0xL,Reshape,/job:localhost/replica:0/task:0/device:GPU:0,2.0,0.002
za6gEKIyuP,Reshape,/job:localhost/replica:0/task:0/device:GPU:0,2.0,0.002
pmleSWDc6s,Prod,/job:localhost/replica:0/task:0/device:GPU:0,2.0,0.002
cZv13mNUsW,Reshape,/job:localhost/replica:0/task:0/device:GPU:0,2.0,0.002
OwEUWK6SYs,Reshape,/job:localhost/replica:0/task:0/device:GPU:0,2.0,0.002
WhZGtOIQT3,Prod,/job:localhost/replica:0/task:0/device:GPU:0,2.0,0.002
XF9DBk4QzH,Split,/job:localhost/replica:0/task:0/device:GPU:0,2.0,0.002
PBuqenTDrQ,Reshape,/job:localhost/replica:0/task:0/device:GPU:0,2.0,0.002
1rybIEqt8m,Reshape,/job:localhost/replica:0/task:0/device:GPU:0,2.0,0.002
FqIn5bSNeH,Split,/job:localhost/replica:0/task:0/device:GPU:0,2.0,0.002
C04V561stH,Reshape,/job:localhost/replica:0/task:0/device:GPU:0,2.0,0.002
5NnPcO06RH,Reshape,/job:localhost/replica:0/task:0/device:GPU:0,2.0,0.002
MQ14rIEAyc,Split,/job:localhost/replica:0/task:0/device:GPU:0,2.0,0.002
XuyMiwDUTC,Reshape,/job:localhost/replica:0/task:0/device:GPU:0,2.0,0.002
R5KUoDwMya,Pack,/job:localhost/replica:0/task:0/device:GPU:0,2.0,0.002
8NgeQZBOvG,Reshape,/job:localhost/replica:0/task:0/device:GPU:0,2.0,0.002
iO0AVbek9S,Reshape,/job:localhost/replica:0/task:0/device:GPU:0,2.0,0.002
29rVNl15Gh,Split,/job:localhost/replica:0/task:0/device:GPU:0,2.0,0.002
1dQ6CfpmZr,Transpose,/job:localhost/replica:0/task:0/device:GPU:0,2.0,0.002
yFfk53EnZm,Reshape,/job:localhost/replica:0/task:0/device:GPU:0,2.0,0.002
VzyLxsgfHn,Prod,/job:localhost/replica:0/task:0/device:GPU:0,2.0,0.002
FtVP7hpERT,Reshape,/job:localhost/replica:0/task:0/device:GPU:0,2.0,0.002
Hkt7mP5C8i,Reshape,/job:localhost/replica:0/task:0/device:GPU:0,2.0,0.002
4bWOFsRhtT,Prod,/job:localhost/replica:0/task:0/device:GPU:0,2.0,0.002
UmoeFjzukQ,Prod,/job:localhost/replica:0/task:0/device:GPU:0,2.0,0.002
crIzEuDM0P,Reshape,/job:localhost/replica:0/task:0/device:GPU:0,2.0,0.002
7IVwa5y6YP,Reshape,/job:localhost/replica:0/task:0/device:GPU:0,2.0,0.002
SLkc1BOEJn,Prod,/job:localhost/replica:0/task:0/device:GPU:0,2.0,0.002
CDxvMp5lA6,Reshape,/job:localhost/replica:0/task:0/device:GPU:0,2.0,0.002
gUShdMKaHO,Reshape,/job:localhost/replica:0/task:0/device:GPU:0,2.0,0.002
gJMPtxhQiA,Split,/job:localhost/replica:0/task:0/device:GPU:0,2.0,0.002
SWJKQTs89H,Reshape,/job:localhost/replica:0/task:0/device:GPU:0,2.0,0.002
mwY32PcXEV,Reshape,/job:localhost/replica:0/task:0/device:GPU:0,2.0,0.002
8YIsl61LAa,Prod,/job:localhost/replica:0/task:0/device:GPU:0,2.0,0.002
cwMpoWES6k,Reshape,/job:localhost/replica:0/task:0/device:GPU:0,2.0,0.002
JOAl0gMaUN,Reshape,/job:localhost/replica:0/task:0/device:GPU:0,2.0,0.002
8D63ejNAaX,Split,/job:localhost/replica:0/task:0/device:GPU:0,2.0,0.002
sPUWNRmrJQ,Pack,/job:localhost/replica:0/task:0/device:GPU:0,2.0,0.002
IhEJ29LfGl,Reshape,/job:localhost/replica:0/task:0/device:GPU:0,2.0,0.002
2tvHXmRZaC,Split,/job:localhost/replica:0/task:0/device:GPU:0,2.0,0.002
bDAXmSJZpW,Split,/job:localhost/replica:0/task:0/device:GPU:0,2.0,0.002
S135kzBaKZ,Pack,/job:localhost/replica:0/task:0/device:GPU:0,2.0,0.002
YEaweV1df8,Transpose,/job:localhost/replica:0/task:0/device:GPU:0,2.0,0.002
RHXhdvfygF,Transpose,/job:localhost/replica:0/task:0/device:GPU:0,2.0,0.002
HXxnNodlsz,Reshape,/job:localhost/replica:0/task:0/device:GPU:0,2.0,0.002
K8WThdBRCw,Transpose,/job:localhost/replica:0/task:0/device:GPU:0,2.0,0.002
idREh4nMFw,Shape,/job:localhost/replica:0/task:0/device:GPU:0,2.0,0.002
ZvhEA6Prtm,Transpose,/job:localhost/replica:0/task:0/device:GPU:0,2.0,0.002
v9ziR46l0w,Shape,/job:localhost/replica:0/task:0/device:GPU:0,2.0,0.002
5bNyfxFqa8,Transpose,/job:localhost/replica:0/task:0/device:GPU:0,2.0,0.002
Of8h693vxA,Reshape,/job:localhost/replica:0/task:0/device:GPU:0,2.0,0.002
xpzWbVeCgT,Reshape,/job:localhost/replica:0/task:0/device:GPU:0,2.0,0.002
qVErS5lmQf,Reshape,/job:localhost/replica:0/task:0/device:GPU:0,2.0,0.002
EziDCxS1b5,Reshape,/job:localhost/replica:0/task:0/device:GPU:0,2.0,0.002
tkH8Evuixf,Reshape,/job:localhost/replica:0/task:0/device:GPU:0,2.0,0.002
eDYwJSBthm,Reshape,/job:localhost/replica:0/task:0/device:GPU:0,2.0,0.002
jOq6f3SdDF,Reshape,/job:localhost/replica:0/task:0/device:GPU:0,2.0,0.002
ZFaquGobIQ,Reshape,/job:localhost/replica:0/task:0/device:GPU:0,2.0,0.002
YpQrj4JuK5,Reshape,/job:localhost/replica:0/task:0/device:GPU:0,2.0,0.002
CQlOB5G7ND,ExpandDims,/job:localhost/replica:0/task:0/device:GPU:0,2.0,0.002
jH5fI4aPu6,Prod,/job:localhost/replica:0/task:0/device:GPU:0,2.0,0.002
liaZy3QWIu,Reshape,/job:localhost/replica:0/task:0/device:GPU:0,2.0,0.002
YRnVP324jr,Reshape,/job:localhost/replica:0/task:0/device:GPU:0,2.0,0.002
k3PGBRpbYO,Reshape,/job:localhost/replica:0/task:0/device:GPU:0,2.0,0.002
1hDupKWGHT,Prod,/job:localhost/replica:0/task:0/device:GPU:0,2.0,0.002
_arg_vF46yONhri_0_350,Placeholder,/job:localhost/replica:0/task:0/device:CPU:0,2.0,0.002
_arg_4gFa5o2YsJ_0_28,Placeholder,/job:localhost/replica:0/task:0/device:CPU:0,2.0,0.002
_arg_6HSQqXdJzb_0_36,Placeholder,/job:localhost/replica:0/task:0/device:CPU:0,2.0,0.002
_arg_IRem4MiFDP_0_105,Placeholder,/job:localhost/replica:0/task:0/device:CPU:0,2.0,0.002
_arg_9rDQhGZo18_0_58,Placeholder,/job:localhost/replica:0/task:0/device:CPU:0,2.0,0.002
_arg_CYnW83Np9f_0_66,Placeholder,/job:localhost/replica:0/task:0/device:CPU:0,2.0,0.002
_arg_EJxze1pkRu_0_76,Placeholder,/job:localhost/replica:0/task:0/device:CPU:0,2.0,0.002
_arg_FWhBxj4Tun_0_86,Placeholder,/job:localhost/replica:0/task:0/device:CPU:0,2.0,0.002
_arg_8vM5p4RzXd_0_50,Placeholder,/job:localhost/replica:0/task:0/device:CPU:0,2.0,0.002
_arg_O5aJeUQh2G_0_141,Placeholder,/job:localhost/replica:0/task:0/device:CPU:0,2.0,0.002
_arg_PnxiROp9zw_0_146,Placeholder,/job:localhost/replica:0/task:0/device:CPU:0,2.0,0.002
_arg_U6GqhP8k7I_0_173,Placeholder,/job:localhost/replica:0/task:0/device:CPU:0,2.0,0.002
_arg_OfNJgEDtw2_0_143,Placeholder,/job:localhost/replica:0/task:0/device:CPU:0,2.0,0.002
_arg_UTzDZk1RS4_0_176,Placeholder,/job:localhost/replica:0/task:0/device:CPU:0,2.0,0.002
_arg_Uc42tiuavR_0_179,Placeholder,/job:localhost/replica:0/task:0/device:CPU:0,2.0,0.002
_arg_V84toiBOPm_0_182,Placeholder,/job:localhost/replica:0/task:0/device:CPU:0,2.0,0.002
_arg_Tg4u0GfnFb_0_168,Placeholder,/job:localhost/replica:0/task:0/device:CPU:0,2.0,0.002
_arg_2srtUfGvja_0_18,Placeholder,/job:localhost/replica:0/task:0/device:CPU:0,2.0,0.002
_arg_3VED7WSJ1b_0_20,Placeholder,/job:localhost/replica:0/task:0/device:CPU:0,2.0,0.002
_arg_FkwYpLOMG4_0_88,Placeholder,/job:localhost/replica:0/task:0/device:CPU:0,2.0,0.002
_arg_1f2xpcXgdE_0_11,Placeholder,/job:localhost/replica:0/task:0/device:CPU:0,2.0,0.002
_arg_H6VFcpqaB0_0_90,Placeholder,/job:localhost/replica:0/task:0/device:CPU:0,2.0,0.002
_arg_ZyQ5FrpI6t_0_213,Placeholder,/job:localhost/replica:0/task:0/device:CPU:0,2.0,0.002
_arg_F6DhiS9CN5_0_84,Placeholder,/job:localhost/replica:0/task:0/device:CPU:0,2.0,0.002
_arg_YMxBt9210u_0_205,Placeholder,/job:localhost/replica:0/task:0/device:CPU:0,2.0,0.002
_arg_TidKGrnobI_0_169,Placeholder,/job:localhost/replica:0/task:0/device:CPU:0,2.0,0.002
_arg_cNgUKoOFB1_0_233,Placeholder,/job:localhost/replica:0/task:0/device:CPU:0,2.0,0.002
_arg_fMiQsYNnet_0_249,Placeholder,/job:localhost/replica:0/task:0/device:CPU:0,2.0,0.002
_arg_HKq2ZSlA3D_0_92,Placeholder,/job:localhost/replica:0/task:0/device:CPU:0,2.0,0.002
_arg_Kanv8c4Yl7_0_124,Placeholder,/job:localhost/replica:0/task:0/device:CPU:0,2.0,0.002
_arg_ecPTQUALkq_0_246,Placeholder,/job:localhost/replica:0/task:0/device:CPU:0,2.0,0.002
_arg_fQkYLvqDjr_0_250,Placeholder,/job:localhost/replica:0/task:0/device:CPU:0,2.0,0.002
_arg_aHGpDUJj9f_0_215,Placeholder,/job:localhost/replica:0/task:0/device:CPU:0,2.0,0.002
_arg_cEDTxpPUfb_0_230,Placeholder,/job:localhost/replica:0/task:0/device:CPU:0,2.0,0.002
_arg_eQI8ikEMgP_0_243,Placeholder,/job:localhost/replica:0/task:0/device:CPU:0,2.0,0.002
_arg_mQnuwGeC8a_0_296,Placeholder,/job:localhost/replica:0/task:0/device:CPU:0,2.0,0.002
_arg_l4bReWtsMB_0_281,Placeholder,/job:localhost/replica:0/task:0/device:CPU:0,2.0,0.002
_arg_nP9Yv1iZ8f_0_306,Placeholder,/job:localhost/replica:0/task:0/device:CPU:0,2.0,0.002
_arg_v3TAQfOsga_0_347,Placeholder,/job:localhost/replica:0/task:0/device:CPU:0,2.0,0.002
_arg_mNgQ4ohWqU_0_295,Placeholder,/job:localhost/replica:0/task:0/device:CPU:0,2.0,0.002
_arg_sfqQKWXEgN_0_334,Placeholder,/job:localhost/replica:0/task:0/device:CPU:0,2.0,0.002
_arg_vZDAiUHErW_0_353,Placeholder,/job:localhost/replica:0/task:0/device:CPU:0,2.0,0.002
_arg_vyDGpmRhC3_0_356,Placeholder,/job:localhost/replica:0/task:0/device:CPU:0,2.0,0.002
6EWsLvNbwd,Const,/job:localhost/replica:0/task:0/device:GPU:0,1.0,0.001
yxRScU8KoV,Const,/job:localhost/replica:0/task:0/device:GPU:0,1.0,0.001
UPADmvXWhw,Const,/job:localhost/replica:0/task:0/device:GPU:0,1.0,0.001
JIdgol07fT,Const,/job:localhost/replica:0/task:0/device:GPU:0,1.0,0.001
GkdCXDIRh6,Const,/job:localhost/replica:0/task:0/device:GPU:0,1.0,0.001
07vgNCarFy,Const,/job:localhost/replica:0/task:0/device:GPU:0,1.0,0.001
SpOzs6YCKZ,Const,/job:localhost/replica:0/task:0/device:GPU:0,1.0,0.001
VMtN9Luj03,Const,/job:localhost/replica:0/task:0/device:GPU:0,1.0,0.001
HZJa83iPuB,Const,/job:localhost/replica:0/task:0/device:GPU:0,1.0,0.001
wXUHgG1JM3,Const,/job:localhost/replica:0/task:0/device:GPU:0,1.0,0.001
Fjn24g17dW,Const,/job:localhost/replica:0/task:0/device:GPU:0,1.0,0.001
UDwx7SdGti,Const,/job:localhost/replica:0/task:0/device:GPU:0,1.0,0.001
CBFoD4XTiz,Const,/job:localhost/replica:0/task:0/device:GPU:0,1.0,0.001
9U7cgGrYsL,Const,/job:localhost/replica:0/task:0/device:GPU:0,1.0,0.001
QgzJjfpqF5,Const,/job:localhost/replica:0/task:0/device:GPU:0,1.0,0.001
tDQoGHizRr,Const,/job:localhost/replica:0/task:0/device:GPU:0,1.0,0.001
VcTaA9KpG1,Const,/job:localhost/replica:0/task:0/device:GPU:0,1.0,0.001
Ufy7JjsCGg,Const,/job:localhost/replica:0/task:0/device:GPU:0,1.0,0.001
aH8YntFhbP,Const,/job:localhost/replica:0/task:0/device:GPU:0,1.0,0.001
fLzDa9NvG3,Const,/job:localhost/replica:0/task:0/device:GPU:0,1.0,0.001
YOGK23kWqy,Const,/job:localhost/replica:0/task:0/device:GPU:0,1.0,0.001
gLGRtPipC2,Const,/job:localhost/replica:0/task:0/device:GPU:0,1.0,0.001
gAHhfNmKsT,Const,/job:localhost/replica:0/task:0/device:GPU:0,1.0,0.001
BHVE6dKuC2,Const,/job:localhost/replica:0/task:0/device:GPU:0,1.0,0.001
KeOh0GrmFH,Const,/job:localhost/replica:0/task:0/device:GPU:0,1.0,0.001
96lZyaTzKX,Const,/job:localhost/replica:0/task:0/device:GPU:0,1.0,0.001
c1t5EoCPvK,Const,/job:localhost/replica:0/task:0/device:GPU:0,1.0,0.001
Bu9r3pbhfq,Const,/job:localhost/replica:0/task:0/device:GPU:0,1.0,0.001
ajLZ3xqzvc,Const,/job:localhost/replica:0/task:0/device:GPU:0,1.0,0.001
K9mSLuDbrz,Const,/job:localhost/replica:0/task:0/device:GPU:0,1.0,0.001
pP1KBIcjN6,Const,/job:localhost/replica:0/task:0/device:GPU:0,1.0,0.001
ai0EGI4qnS,Const,/job:localhost/replica:0/task:0/device:GPU:0,1.0,0.001
jdfzc5qeaP,Const,/job:localhost/replica:0/task:0/device:GPU:0,1.0,0.001
xCn6usp3KS/_33__cf__33,ConcatV2,/job:localhost/replica:0/task:0/device:GPU:0,1.0,0.001
zpYyTtf8ck,Const,/job:localhost/replica:0/task:0/device:GPU:0,1.0,0.001
CIwQ6OlJ9F,Const,/job:localhost/replica:0/task:0/device:GPU:0,1.0,0.001
V8sTyLRwYC,Const,/job:localhost/replica:0/task:0/device:GPU:0,1.0,0.001
UmtEBQgXHM,Const,/job:localhost/replica:0/task:0/device:GPU:0,1.0,0.001
b0fTnOzFqP,Const,/job:localhost/replica:0/task:0/device:GPU:0,1.0,0.001
1Mx7wTUcQd,Const,/job:localhost/replica:0/task:0/device:GPU:0,1.0,0.001
VyZ6KSQlnI,Const,/job:localhost/replica:0/task:0/device:GPU:0,1.0,0.001
iOD2AZ4Ezw,Const,/job:localhost/replica:0/task:0/device:GPU:0,1.0,0.001
DKedxcQagv,Const,/job:localhost/replica:0/task:0/device:GPU:0,1.0,0.001
CHYfe28gDm,Const,/job:localhost/replica:0/task:0/device:GPU:0,1.0,0.001
Bu19iKRlQE,Const,/job:localhost/replica:0/task:0/device:GPU:0,1.0,0.001
svQMUt9ryd,Const,/job:localhost/replica:0/task:0/device:GPU:0,1.0,0.001
LDxq4WzGik,Const,/job:localhost/replica:0/task:0/device:GPU:0,1.0,0.001
Y46bxchm2X,Const,/job:localhost/replica:0/task:0/device:GPU:0,1.0,0.001
3dhLAPXnJY,Const,/job:localhost/replica:0/task:0/device:GPU:0,1.0,0.001
Rxr8V4cv2l,Const,/job:localhost/replica:0/task:0/device:GPU:0,1.0,0.001
BHi76Ugf0O,Const,/job:localhost/replica:0/task:0/device:GPU:0,1.0,0.001
7VoywXvLtG,Const,/job:localhost/replica:0/task:0/device:GPU:0,1.0,0.001
IF2Ua0cVWA,Const,/job:localhost/replica:0/task:0/device:GPU:0,1.0,0.001
QOdk43SiBf,Const,/job:localhost/replica:0/task:0/device:GPU:0,1.0,0.001
04NkMtXBLw,Const,/job:localhost/replica:0/task:0/device:GPU:0,1.0,0.001
RHJ6AzEOa1,Const,/job:localhost/replica:0/task:0/device:GPU:0,1.0,0.001
o89eSCRc1d,Const,/job:localhost/replica:0/task:0/device:GPU:0,1.0,0.001
cLtpabuNDe,Const,/job:localhost/replica:0/task:0/device:GPU:0,1.0,0.001
le6vNSXE9t,Const,/job:localhost/replica:0/task:0/device:GPU:0,1.0,0.001
tgXWhembH2,Const,/job:localhost/replica:0/task:0/device:GPU:0,1.0,0.001
8j3cySk6qr,Const,/job:localhost/replica:0/task:0/device:GPU:0,1.0,0.001
rMfHZwkXJa,Const,/job:localhost/replica:0/task:0/device:GPU:0,1.0,0.001
ylUftQe0DK,Const,/job:localhost/replica:0/task:0/device:GPU:0,1.0,0.001
40xKPaAesk,Const,/job:localhost/replica:0/task:0/device:GPU:0,1.0,0.001
8YZ0PIqjKl,Const,/job:localhost/replica:0/task:0/device:GPU:0,1.0,0.001
X7Q1kutLGq,Const,/job:localhost/replica:0/task:0/device:GPU:0,1.0,0.001
n8GvkAhd7c,Const,/job:localhost/replica:0/task:0/device:GPU:0,1.0,0.001
wkZgFmo2MT,Const,/job:localhost/replica:0/task:0/device:GPU:0,1.0,0.001
bwP6fMixeV,Const,/job:localhost/replica:0/task:0/device:GPU:0,1.0,0.001
ePCiFKqN2E,Const,/job:localhost/replica:0/task:0/device:GPU:0,1.0,0.001
qzUGB8aifZ,Const,/job:localhost/replica:0/task:0/device:GPU:0,1.0,0.001
LgD9SsR6CF,Const,/job:localhost/replica:0/task:0/device:GPU:0,1.0,0.001
3GD0QXNf7b,Const,/job:localhost/replica:0/task:0/device:GPU:0,1.0,0.001
xhbta8E3em,Const,/job:localhost/replica:0/task:0/device:GPU:0,1.0,0.001
tCvXAMPlFm,Const,/job:localhost/replica:0/task:0/device:GPU:0,1.0,0.001
Mkw0Pjr6vt,Const,/job:localhost/replica:0/task:0/device:GPU:0,1.0,0.001
ES81Jgi5w4,Const,/job:localhost/replica:0/task:0/device:GPU:0,1.0,0.001
8JB0qvcAnr,Const,/job:localhost/replica:0/task:0/device:GPU:0,1.0,0.001
ItBQ5deS7s,Const,/job:localhost/replica:0/task:0/device:GPU:0,1.0,0.001
m6Fqea8yu1,Const,/job:localhost/replica:0/task:0/device:GPU:0,1.0,0.001
pVx05elrL7,Const,/job:localhost/replica:0/task:0/device:GPU:0,1.0,0.001
WSGLV4ke0O,Const,/job:localhost/replica:0/task:0/device:GPU:0,1.0,0.001
kzsQVdJ3Up,Const,/job:localhost/replica:0/task:0/device:GPU:0,1.0,0.001
W4kJ53pIXU,Slice,/job:localhost/replica:0/task:0/device:GPU:0,1.0,0.001
YQaRx13JlN,Const,/job:localhost/replica:0/task:0/device:GPU:0,1.0,0.001
GqF8drV063,Const,/job:localhost/replica:0/task:0/device:GPU:0,1.0,0.001
S04dzhoYIK,Const,/job:localhost/replica:0/task:0/device:GPU:0,1.0,0.001
kJszn7WFgL,Const,/job:localhost/replica:0/task:0/device:GPU:0,1.0,0.001
Pv2R8MofJY,Const,/job:localhost/replica:0/task:0/device:GPU:0,1.0,0.001
17KkroGHsS,Const,/job:localhost/replica:0/task:0/device:GPU:0,1.0,0.001
MfXgN8d9lH,Const,/job:localhost/replica:0/task:0/device:GPU:0,1.0,0.001
iF0adScmrQ,Const,/job:localhost/replica:0/task:0/device:GPU:0,1.0,0.001
AQremRU4CT,Const,/job:localhost/replica:0/task:0/device:GPU:0,1.0,0.001
cVl85C0owv,Const,/job:localhost/replica:0/task:0/device:GPU:0,1.0,0.001
luLB3CyUeX,Const,/job:localhost/replica:0/task:0/device:GPU:0,1.0,0.001
NsHuv75lFG,Const,/job:localhost/replica:0/task:0/device:GPU:0,1.0,0.001
S1EgQX280o,Const,/job:localhost/replica:0/task:0/device:GPU:0,1.0,0.001
qzK3rcILHQ,Const,/job:localhost/replica:0/task:0/device:GPU:0,1.0,0.001
ZNYysDtjfM,Const,/job:localhost/replica:0/task:0/device:GPU:0,1.0,0.001
Qvh0Y5zuI6,Const,/job:localhost/replica:0/task:0/device:GPU:0,1.0,0.001
kntmK7MIWX,Const,/job:localhost/replica:0/task:0/device:GPU:0,1.0,0.001
4EuHM1OkUx,Const,/job:localhost/replica:0/task:0/device:GPU:0,1.0,0.001
JSFPO4Kgzn,Const,/job:localhost/replica:0/task:0/device:GPU:0,1.0,0.001
2NVb7Timlr,Const,/job:localhost/replica:0/task:0/device:GPU:0,1.0,0.001
0pjNAxt3zE,Const,/job:localhost/replica:0/task:0/device:GPU:0,1.0,0.001
3gS4bWK6dP,Const,/job:localhost/replica:0/task:0/device:GPU:0,1.0,0.001
k2H5U4apf7,Const,/job:localhost/replica:0/task:0/device:GPU:0,1.0,0.001
hwgnfjuTyo,Const,/job:localhost/replica:0/task:0/device:GPU:0,1.0,0.001
9vHL2kADfC,Const,/job:localhost/replica:0/task:0/device:GPU:0,1.0,0.001
waef5UoMdp,Const,/job:localhost/replica:0/task:0/device:GPU:0,1.0,0.001
5FrkeYCZDW,Const,/job:localhost/replica:0/task:0/device:GPU:0,1.0,0.001
ghyA3TM19c,Const,/job:localhost/replica:0/task:0/device:GPU:0,1.0,0.001
MQd3zoTxwr,Const,/job:localhost/replica:0/task:0/device:GPU:0,1.0,0.001
rXchVATEaB,Const,/job:localhost/replica:0/task:0/device:GPU:0,1.0,0.001
HgVE2rbCZ5,Const,/job:localhost/replica:0/task:0/device:GPU:0,1.0,0.001
hAQ1UGdKwe,Const,/job:localhost/replica:0/task:0/device:GPU:0,1.0,0.001
IVnjhogUKJ,Const,/job:localhost/replica:0/task:0/device:GPU:0,1.0,0.001
BTsGzUl4HI,Const,/job:localhost/replica:0/task:0/device:GPU:0,1.0,0.001
GNUOcxJe5d,Const,/job:localhost/replica:0/task:0/device:GPU:0,1.0,0.001
3gaudcYoje,Const,/job:localhost/replica:0/task:0/device:GPU:0,1.0,0.001
BPuKERCaYr,Const,/job:localhost/replica:0/task:0/device:GPU:0,1.0,0.001
8LXKzaxQd9,Const,/job:localhost/replica:0/task:0/device:GPU:0,1.0,0.001
Dy7Ra32o5e,Const,/job:localhost/replica:0/task:0/device:GPU:0,1.0,0.001
pY0dQVTvjM,Const,/job:localhost/replica:0/task:0/device:GPU:0,1.0,0.001
S06dr7Clsf,Const,/job:localhost/replica:0/task:0/device:GPU:0,1.0,0.001
LWG6czpPFV,Const,/job:localhost/replica:0/task:0/device:GPU:0,1.0,0.001
KLmoG7nX2M,Const,/job:localhost/replica:0/task:0/device:GPU:0,1.0,0.001
KCz4WfAuRE,Const,/job:localhost/replica:0/task:0/device:GPU:0,1.0,0.001
AIcqG8zmbk,Const,/job:localhost/replica:0/task:0/device:GPU:0,1.0,0.001
wGhediK6o7,Const,/job:localhost/replica:0/task:0/device:GPU:0,1.0,0.001
XEdu4yh0m2,Const,/job:localhost/replica:0/task:0/device:GPU:0,1.0,0.001
nGKsCdeXy8,Const,/job:localhost/replica:0/task:0/device:GPU:0,1.0,0.001
sGnZlY20ST,Const,/job:localhost/replica:0/task:0/device:GPU:0,1.0,0.001
LJeIKxhzrt,Const,/job:localhost/replica:0/task:0/device:GPU:0,1.0,0.001
kBgAO7lrdG,Const,/job:localhost/replica:0/task:0/device:GPU:0,1.0,0.001
J5Ualbwsv2,Const,/job:localhost/replica:0/task:0/device:GPU:0,1.0,0.001
fU19X85WGK,Const,/job:localhost/replica:0/task:0/device:GPU:0,1.0,0.001
lA3rhUIMyQ,Const,/job:localhost/replica:0/task:0/device:GPU:0,1.0,0.001
Dt1UM0XS23,Const,/job:localhost/replica:0/task:0/device:GPU:0,1.0,0.001
A8BvLFJngE,Const,/job:localhost/replica:0/task:0/device:GPU:0,1.0,0.001
KRlGjeg6mA,Const,/job:localhost/replica:0/task:0/device:GPU:0,1.0,0.001
uOih3J5MeS,Const,/job:localhost/replica:0/task:0/device:GPU:0,1.0,0.001
QMlSC1NGZP,Const,/job:localhost/replica:0/task:0/device:GPU:0,1.0,0.001
12KuJ8Utwq,Const,/job:localhost/replica:0/task:0/device:GPU:0,1.0,0.001
x92s3KgHmF,Const,/job:localhost/replica:0/task:0/device:GPU:0,1.0,0.001
grqx0iBmjN,ExpandDims,/job:localhost/replica:0/task:0/device:GPU:0,1.0,0.001
F30cgCOM7s,ExpandDims,/job:localhost/replica:0/task:0/device:GPU:0,1.0,0.001
wDoSt3PkX5,ExpandDims,/job:localhost/replica:0/task:0/device:GPU:0,1.0,0.001
raT7qZpzhx,ExpandDims,/job:localhost/replica:0/task:0/device:GPU:0,1.0,0.001
IUZmL8x9Qo,ExpandDims,/job:localhost/replica:0/task:0/device:GPU:0,1.0,0.001
TnHZmrUwxu,Slice,/job:localhost/replica:0/task:0/device:GPU:0,1.0,0.001
XLDkH6jr7O,Slice,/job:localhost/replica:0/task:0/device:GPU:0,1.0,0.001
S7R4QHh5ef,Slice,/job:localhost/replica:0/task:0/device:GPU:0,1.0,0.001
pY8dk4ercv,Slice,/job:localhost/replica:0/task:0/device:GPU:0,1.0,0.001
ivhqOH62Bf,Slice,/job:localhost/replica:0/task:0/device:GPU:0,1.0,0.001
ieRC9l01G4,Slice,/job:localhost/replica:0/task:0/device:GPU:0,1.0,0.001
rOvNZRIP9F,Slice,/job:localhost/replica:0/task:0/device:GPU:0,1.0,0.001
gInolMradR,Slice,/job:localhost/replica:0/task:0/device:GPU:0,1.0,0.001
EzpOU2bK6s,Slice,/job:localhost/replica:0/task:0/device:GPU:0,1.0,0.001
QGgZX78URe,Slice,/job:localhost/replica:0/task:0/device:GPU:0,1.0,0.001
5EnZN8gc1f,Slice,/job:localhost/replica:0/task:0/device:GPU:0,1.0,0.001
RGCJtaXA4s,Slice,/job:localhost/replica:0/task:0/device:GPU:0,1.0,0.001
kAMYmvsCWT,Slice,/job:localhost/replica:0/task:0/device:GPU:0,1.0,0.001
Sgu3qmOrvj,Slice,/job:localhost/replica:0/task:0/device:GPU:0,1.0,0.001
nvmQy5rwV9,Slice,/job:localhost/replica:0/task:0/device:GPU:0,1.0,0.001
rA54YbduTP,Slice,/job:localhost/replica:0/task:0/device:GPU:0,1.0,0.001
bB1poJiLXt,Split,/job:localhost/replica:0/task:0/device:GPU:0,1.0,0.001
6x17gyDnw3,Reshape,/job:localhost/replica:0/task:0/device:GPU:0,1.0,0.001
W3n4kpXl9z,Reshape,/job:localhost/replica:0/task:0/device:GPU:0,1.0,0.001
5SFB4PjC1J,Split,/job:localhost/replica:0/task:0/device:GPU:0,1.0,0.001
XTg8kQCK3W,Pack,/job:localhost/replica:0/task:0/device:GPU:0,1.0,0.001
7gQZELkxY5,Shape,/job:localhost/replica:0/task:0/device:GPU:0,1.0,0.001
0LZqoR9lwS,Transpose,/job:localhost/replica:0/task:0/device:GPU:0,1.0,0.001
GAXhPiCp1y,ExpandDims,/job:localhost/replica:0/task:0/device:GPU:0,1.0,0.001
LQ4g5ByNKu,Transpose,/job:localhost/replica:0/task:0/device:GPU:0,1.0,0.001
O4KTe8uJXW,Shape,/job:localhost/replica:0/task:0/device:GPU:0,1.0,0.001
hXQFyYUO3R,Transpose,/job:localhost/replica:0/task:0/device:GPU:0,1.0,0.001
f6rkgaQe7p,Transpose,/job:localhost/replica:0/task:0/device:GPU:0,1.0,0.001
T3mPpuHKEs,ExpandDims,/job:localhost/replica:0/task:0/device:GPU:0,1.0,0.001
6EipkbM2aY,ExpandDims,/job:localhost/replica:0/task:0/device:GPU:0,1.0,0.001
enYkxGa5rz,ExpandDims,/job:localhost/replica:0/task:0/device:GPU:0,1.0,0.001
WRbK84YDyV,Transpose,/job:localhost/replica:0/task:0/device:GPU:0,1.0,0.001
oZUkn45Kdw,Shape,/job:localhost/replica:0/task:0/device:GPU:0,1.0,0.001
qrB1gaLE3i,Transpose,/job:localhost/replica:0/task:0/device:GPU:0,1.0,0.001
HSwjZO7RCA,Reshape,/job:localhost/replica:0/task:0/device:GPU:0,1.0,0.001
ZbEjpQ1gBC,Reshape,/job:localhost/replica:0/task:0/device:GPU:0,1.0,0.001
YbP48S2iZ5,Split,/job:localhost/replica:0/task:0/device:GPU:0,1.0,0.001
We8vCInTgd,Reshape,/job:localhost/replica:0/task:0/device:GPU:0,1.0,0.001
i8nJ4XEMGK,Prod,/job:localhost/replica:0/task:0/device:GPU:0,1.0,0.001
5dmgQeG3o8,Reshape,/job:localhost/replica:0/task:0/device:GPU:0,1.0,0.001
ezLMX7SNbD,Pack,/job:localhost/replica:0/task:0/device:GPU:0,1.0,0.001
59prz36GHN,Reshape,/job:localhost/replica:0/task:0/device:GPU:0,1.0,0.001
mar0juyv7f,Pack,/job:localhost/replica:0/task:0/device:GPU:0,1.0,0.001
3XBhajOKrY,Reshape,/job:localhost/replica:0/task:0/device:GPU:0,1.0,0.001
dCefpWTLBu,Split,/job:localhost/replica:0/task:0/device:GPU:0,1.0,0.001
1bXivWxrTy,Pack,/job:localhost/replica:0/task:0/device:GPU:0,1.0,0.001
qXvBWen5bD,Reshape,/job:localhost/replica:0/task:0/device:GPU:0,1.0,0.001
Jq7Qeicpzx,Reshape,/job:localhost/replica:0/task:0/device:GPU:0,1.0,0.001
x8CGaByt5J,Reshape,/job:localhost/replica:0/task:0/device:GPU:0,1.0,0.001
pXSbiaG43s,Pack,/job:localhost/replica:0/task:0/device:GPU:0,1.0,0.001
8ymvf50uE4,Reshape,/job:localhost/replica:0/task:0/device:GPU:0,1.0,0.001
AkUIh1sidw,Reshape,/job:localhost/replica:0/task:0/device:GPU:0,1.0,0.001
jwTdBogaSc,Pack,/job:localhost/replica:0/task:0/device:GPU:0,1.0,0.001
tNeMwhfzmc,Reshape,/job:localhost/replica:0/task:0/device:GPU:0,1.0,0.001
seEuVOZ6gG,Reshape,/job:localhost/replica:0/task:0/device:GPU:0,1.0,0.001
kL9tX7wrbp,StopGradient,/job:localhost/replica:0/task:0/device:GPU:0,1.0,0.001
H4KyujpS7D,ExpandDims,/job:localhost/replica:0/task:0/device:GPU:0,1.0,0.001
osn3ywXrvY,ExpandDims,/job:localhost/replica:0/task:0/device:GPU:0,1.0,0.001
yRtOCdNA4E,ExpandDims,/job:localhost/replica:0/task:0/device:GPU:0,1.0,0.001
s5Ch1PkiUR,ExpandDims,/job:localhost/replica:0/task:0/device:GPU:0,1.0,0.001
ozhelfbc2Z,ExpandDims,/job:localhost/replica:0/task:0/device:GPU:0,1.0,0.001
1ABw0sqVf4,ExpandDims,/job:localhost/replica:0/task:0/device:GPU:0,1.0,0.001
iZ9znKHN5O,ExpandDims,/job:localhost/replica:0/task:0/device:GPU:0,1.0,0.001
LkaAY6bmeu,ExpandDims,/job:localhost/replica:0/task:0/device:GPU:0,1.0,0.001
C2O91KwoYP,ExpandDims,/job:localhost/replica:0/task:0/device:GPU:0,1.0,0.001
PCeh8Xqxbg,ExpandDims,/job:localhost/replica:0/task:0/device:GPU:0,1.0,0.001
eWzlb37mNX,ExpandDims,/job:localhost/replica:0/task:0/device:GPU:0,1.0,0.001
p3hYM6B7Wx,ExpandDims,/job:localhost/replica:0/task:0/device:GPU:0,1.0,0.001
QHj10ghG4B,Transpose,/job:localhost/replica:0/task:0/device:GPU:0,1.0,0.001
tXusSQClqT,Reshape,/job:localhost/replica:0/task:0/device:GPU:0,1.0,0.001
vPBUELftZg,Reshape,/job:localhost/replica:0/task:0/device:GPU:0,1.0,0.001
n4JNHsb8F5,StopGradient,/job:localhost/replica:0/task:0/device:GPU:0,1.0,0.001
lgfbd4me0N,Reshape,/job:localhost/replica:0/task:0/device:GPU:0,1.0,0.001
27dLmRATtV,Reshape,/job:localhost/replica:0/task:0/device:GPU:0,1.0,0.001
GefsKyE2WN,Reshape,/job:localhost/replica:0/task:0/device:GPU:0,1.0,0.001
V7ULQkFmGc,Reshape,/job:localhost/replica:0/task:0/device:GPU:0,1.0,0.001
l7yoq1mLgM,StopGradient,/job:localhost/replica:0/task:0/device:GPU:0,1.0,0.001
H5bJd1Oarv,StopGradient,/job:localhost/replica:0/task:0/device:GPU:0,1.0,0.001
_arg_vi7GCYp4FT_0_354,Placeholder,/job:localhost/replica:0/task:0/device:CPU:0,1.0,0.001
_arg_xGCyW9icVP_0_362,Placeholder,/job:localhost/replica:0/task:0/device:CPU:0,1.0,0.001
_arg_xymEBUMS25_0_365,Placeholder,/job:localhost/replica:0/task:0/device:CPU:0,1.0,0.001
_arg_y3bafuwnEk_0_366,Placeholder,/job:localhost/replica:0/task:0/device:CPU:0,1.0,0.001
_arg_09zp4EDXTh_0_2,Placeholder,/job:localhost/replica:0/task:0/device:CPU:0,1.0,0.001
_arg_0pnqc4Em1y_0_5,Placeholder,/job:localhost/replica:0/task:0/device:CPU:0,1.0,0.001
_arg_1QWFmJ96aB_0_8,Placeholder,/job:localhost/replica:0/task:0/device:CPU:0,1.0,0.001
_arg_0sDBrPmfS9_0_6,Placeholder,/job:localhost/replica:0/task:0/device:CPU:0,1.0,0.001
_arg_3mk8BKjDey_0_22,Placeholder,/job:localhost/replica:0/task:0/device:CPU:0,1.0,0.001
_arg_4M92ryD8ux_0_23,Placeholder,/job:localhost/replica:0/task:0/device:CPU:0,1.0,0.001
_arg_6eQEnYsRTi_0_39,Placeholder,/job:localhost/replica:0/task:0/device:CPU:0,1.0,0.001
_arg_7XiFOysrpI_0_43,Placeholder,/job:localhost/replica:0/task:0/device:CPU:0,1.0,0.001
_arg_6Wh2Jm7GHC_0_37,Placeholder,/job:localhost/replica:0/task:0/device:CPU:0,1.0,0.001
_arg_6hbLUlYs1H_0_40,Placeholder,/job:localhost/replica:0/task:0/device:CPU:0,1.0,0.001
_arg_6XMrIsBjLY_0_38,Placeholder,/job:localhost/replica:0/task:0/device:CPU:0,1.0,0.001
_arg_4Rg0WA19ot_0_24,Placeholder,/job:localhost/replica:0/task:0/device:CPU:0,1.0,0.001
_arg_4luvCw32jf_0_29,Placeholder,/job:localhost/replica:0/task:0/device:CPU:0,1.0,0.001
_arg_AvlwbHMnuE_0_62,Placeholder,/job:localhost/replica:0/task:0/device:CPU:0,1.0,0.001
_arg_72zWmh93Bo_0_41,Placeholder,/job:localhost/replica:0/task:0/device:CPU:0,1.0,0.001
_arg_7tFB8mLWUr_0_44,Placeholder,/job:localhost/replica:0/task:0/device:CPU:0,1.0,0.001
_arg_HmATr3gKsW_0_97,Placeholder,/job:localhost/replica:0/task:0/device:CPU:0,1.0,0.001
_arg_74jZTbEdLU_0_42,Placeholder,/job:localhost/replica:0/task:0/device:CPU:0,1.0,0.001
_arg_8Dv01FAoNM_0_47,Placeholder,/job:localhost/replica:0/task:0/device:CPU:0,1.0,0.001
_arg_D0gn7y6swk_0_70,Placeholder,/job:localhost/replica:0/task:0/device:CPU:0,1.0,0.001
_arg_E1ZkVIXqS5_0_74,Placeholder,/job:localhost/replica:0/task:0/device:CPU:0,1.0,0.001
_arg_1qyHnroO6I_0_12,Placeholder,/job:localhost/replica:0/task:0/device:CPU:0,1.0,0.001
_arg_86KRkhYbW4_0_45,Placeholder,/job:localhost/replica:0/task:0/device:CPU:0,1.0,0.001
_arg_MtvajoSCeD_0_132,Placeholder,/job:localhost/replica:0/task:0/device:CPU:0,1.0,0.001
_arg_NJBt1ubXFW_0_135,Placeholder,/job:localhost/replica:0/task:0/device:CPU:0,1.0,0.001
_arg_Nb9eDKFYZp_0_139,Placeholder,/job:localhost/replica:0/task:0/device:CPU:0,1.0,0.001
_arg_NoPO6DfgwG_0_140,Placeholder,/job:localhost/replica:0/task:0/device:CPU:0,1.0,0.001
_arg_NKT10PBtly_0_136,Placeholder,/job:localhost/replica:0/task:0/device:CPU:0,1.0,0.001
_arg_DW8PcmTVkC_0_71,Placeholder,/job:localhost/replica:0/task:0/device:CPU:0,1.0,0.001
_arg_3Laj620MSn_0_19,Placeholder,/job:localhost/replica:0/task:0/device:CPU:0,1.0,0.001
_arg_01E2VTipRX_0_0,Placeholder,/job:localhost/replica:0/task:0/device:CPU:0,1.0,0.001
_arg_DilwT5jYf7_0_72,Placeholder,/job:localhost/replica:0/task:0/device:CPU:0,1.0,0.001
_arg_EClzvVLqMP_0_75,Placeholder,/job:localhost/replica:0/task:0/device:CPU:0,1.0,0.001
_arg_EUciqFuptg_0_78,Placeholder,/job:localhost/replica:0/task:0/device:CPU:0,1.0,0.001
_arg_2Yy3zxNGBC_0_16,Placeholder,/job:localhost/replica:0/task:0/device:CPU:0,1.0,0.001
_arg_9NcxXsmyqf_0_54,Placeholder,/job:localhost/replica:0/task:0/device:CPU:0,1.0,0.001
_arg_4U3hVYNn2F_0_26,Placeholder,/job:localhost/replica:0/task:0/device:CPU:0,1.0,0.001
_arg_CedNyHXqE1_0_67,Placeholder,/job:localhost/replica:0/task:0/device:CPU:0,1.0,0.001
_arg_Dy3rwVmn1A_0_73,Placeholder,/job:localhost/replica:0/task:0/device:CPU:0,1.0,0.001
_arg_EZBIAqn6LS_0_79,Placeholder,/job:localhost/replica:0/task:0/device:CPU:0,1.0,0.001
_arg_2lVXMZgJfO_0_17,Placeholder,/job:localhost/replica:0/task:0/device:CPU:0,1.0,0.001
_arg_AB6lekmMxa_0_59,Placeholder,/job:localhost/replica:0/task:0/device:CPU:0,1.0,0.001
_arg_CHAYRkBvIo_0_65,Placeholder,/job:localhost/replica:0/task:0/device:CPU:0,1.0,0.001
_arg_CrB2gE9Adp_0_68,Placeholder,/job:localhost/replica:0/task:0/device:CPU:0,1.0,0.001
_arg_5JHUPChra8_0_31,Placeholder,/job:localhost/replica:0/task:0/device:CPU:0,1.0,0.001
_arg_EhUjmCTaGW_0_80,Placeholder,/job:localhost/replica:0/task:0/device:CPU:0,1.0,0.001
_arg_EyFb0qo6VX_0_82,Placeholder,/job:localhost/replica:0/task:0/device:CPU:0,1.0,0.001
_arg_FcmWLZhDgE_0_87,Placeholder,/job:localhost/replica:0/task:0/device:CPU:0,1.0,0.001
_arg_1u5yIsHTXE_0_13,Placeholder,/job:localhost/replica:0/task:0/device:CPU:0,1.0,0.001
_arg_AVLcBpWeuo_0_60,Placeholder,/job:localhost/replica:0/task:0/device:CPU:0,1.0,0.001
_arg_IFQJaVMDS5_0_102,Placeholder,/job:localhost/replica:0/task:0/device:CPU:0,1.0,0.001
_arg_F5awZuD1c2_0_83,Placeholder,/job:localhost/replica:0/task:0/device:CPU:0,1.0,0.001
_arg_Pu1O5qFxY6_0_147,Placeholder,/job:localhost/replica:0/task:0/device:CPU:0,1.0,0.001
_arg_RNGK6g4bmu_0_154,Placeholder,/job:localhost/replica:0/task:0/device:CPU:0,1.0,0.001
_arg_S4PeIw3K1X_0_158,Placeholder,/job:localhost/replica:0/task:0/device:CPU:0,1.0,0.001
_arg_TSqGwrHeo4_0_165,Placeholder,/job:localhost/replica:0/task:0/device:CPU:0,1.0,0.001
_arg_TkHQvxKeD6_0_170,Placeholder,/job:localhost/replica:0/task:0/device:CPU:0,1.0,0.001
_arg_S5AzoJmqUC_0_159,Placeholder,/job:localhost/replica:0/task:0/device:CPU:0,1.0,0.001
_arg_UMO0o14RuI_0_174,Placeholder,/job:localhost/replica:0/task:0/device:CPU:0,1.0,0.001
_arg_QMjOWELyPk_0_150,Placeholder,/job:localhost/replica:0/task:0/device:CPU:0,1.0,0.001
_arg_T1FVGiDRMg_0_163,Placeholder,/job:localhost/replica:0/task:0/device:CPU:0,1.0,0.001
_arg_ToDLE1sRI6_0_171,Placeholder,/job:localhost/replica:0/task:0/device:CPU:0,1.0,0.001
_arg_VvUalZIQHK_0_189,Placeholder,/job:localhost/replica:0/task:0/device:CPU:0,1.0,0.001
_arg_Uc35C1q4oy_0_178,Placeholder,/job:localhost/replica:0/task:0/device:CPU:0,1.0,0.001
_arg_VX8uEBNndW_0_185,Placeholder,/job:localhost/replica:0/task:0/device:CPU:0,1.0,0.001
_arg_PxhmZizCI5_0_148,Placeholder,/job:localhost/replica:0/task:0/device:CPU:0,1.0,0.001
_arg_RpITWntAji_0_156,Placeholder,/job:localhost/replica:0/task:0/device:CPU:0,1.0,0.001
_arg_T3LHlorDnM_0_164,Placeholder,/job:localhost/replica:0/task:0/device:CPU:0,1.0,0.001
_arg_Tej5M3O6As_0_167,Placeholder,/job:localhost/replica:0/task:0/device:CPU:0,1.0,0.001
_arg_WixXdEln2I_0_193,Placeholder,/job:localhost/replica:0/task:0/device:CPU:0,1.0,0.001
_arg_Ouh1XpPZaj_0_144,Placeholder,/job:localhost/replica:0/task:0/device:CPU:0,1.0,0.001
_arg_RF5h8lytsu_0_152,Placeholder,/job:localhost/replica:0/task:0/device:CPU:0,1.0,0.001
_arg_WDLoyKsiA7_0_191,Placeholder,/job:localhost/replica:0/task:0/device:CPU:0,1.0,0.001
_arg_WjNeBZroCJ_0_194,Placeholder,/job:localhost/replica:0/task:0/device:CPU:0,1.0,0.001
_arg_VP35W0GOCc_0_183,Placeholder,/job:localhost/replica:0/task:0/device:CPU:0,1.0,0.001
_arg_Vi28Dy4Ll5_0_188,Placeholder,/job:localhost/replica:0/task:0/device:CPU:0,1.0,0.001
_arg_WqeN5KGIv9_0_195,Placeholder,/job:localhost/replica:0/task:0/device:CPU:0,1.0,0.001
_arg_WycVU13dfZ_0_197,Placeholder,/job:localhost/replica:0/task:0/device:CPU:0,1.0,0.001
_arg_6DYAlXkjub_0_35,Placeholder,/job:localhost/replica:0/task:0/device:CPU:0,1.0,0.001
_arg_Hnjq487SIY_0_98,Placeholder,/job:localhost/replica:0/task:0/device:CPU:0,1.0,0.001
_arg_IMdFk7D16X_0_103,Placeholder,/job:localhost/replica:0/task:0/device:CPU:0,1.0,0.001
_arg_IYWQSCjynR_0_106,Placeholder,/job:localhost/replica:0/task:0/device:CPU:0,1.0,0.001
_arg_9YqhflbMKe_0_55,Placeholder,/job:localhost/replica:0/task:0/device:CPU:0,1.0,0.001
_arg_X29iyIeu8L_0_198,Placeholder,/job:localhost/replica:0/task:0/device:CPU:0,1.0,0.001
_arg_1WNvHElUG7_0_9,Placeholder,/job:localhost/replica:0/task:0/device:CPU:0,1.0,0.001
_arg_2CnSyUBzm0_0_14,Placeholder,/job:localhost/replica:0/task:0/device:CPU:0,1.0,0.001
_arg_XPcHGKbop2_0_199,Placeholder,/job:localhost/replica:0/task:0/device:CPU:0,1.0,0.001
_arg_JCVMzpWyri_0_110,Placeholder,/job:localhost/replica:0/task:0/device:CPU:0,1.0,0.001
_arg_KCNfS4GlpP_0_117,Placeholder,/job:localhost/replica:0/task:0/device:CPU:0,1.0,0.001
_arg_KasFvpq4IG_0_125,Placeholder,/job:localhost/replica:0/task:0/device:CPU:0,1.0,0.001
_arg_LjbB2i31Wu_0_129,Placeholder,/job:localhost/replica:0/task:0/device:CPU:0,1.0,0.001
_arg_0MZVmrKeC6_0_3,Placeholder,/job:localhost/replica:0/task:0/device:CPU:0,1.0,0.001
_arg_1PJsBhDaCK_0_7,Placeholder,/job:localhost/replica:0/task:0/device:CPU:0,1.0,0.001
_arg_2RDXZrx9GA_0_15,Placeholder,/job:localhost/replica:0/task:0/device:CPU:0,1.0,0.001
_arg_XPpbueLMOZ_0_200,Placeholder,/job:localhost/replica:0/task:0/device:CPU:0,1.0,0.001
_arg_Hj2GwToc7U_0_96,Placeholder,/job:localhost/replica:0/task:0/device:CPU:0,1.0,0.001
_arg_HzcyUlm8Yj_0_100,Placeholder,/job:localhost/replica:0/task:0/device:CPU:0,1.0,0.001
_arg_IxpbBg7JTO_0_107,Placeholder,/job:localhost/replica:0/task:0/device:CPU:0,1.0,0.001
_arg_JaHTUxB6zL_0_114,Placeholder,/job:localhost/replica:0/task:0/device:CPU:0,1.0,0.001
_arg_9dgeU4bKka_0_56,Placeholder,/job:localhost/replica:0/task:0/device:CPU:0,1.0,0.001
_arg_KgZXYMNz6P_0_126,Placeholder,/job:localhost/replica:0/task:0/device:CPU:0,1.0,0.001
_arg_M4pau3Zg7l_0_130,Placeholder,/job:localhost/replica:0/task:0/device:CPU:0,1.0,0.001
_arg_NLt5JnRMjG_0_137,Placeholder,/job:localhost/replica:0/task:0/device:CPU:0,1.0,0.001
_arg_0cjwsL5ldh_0_4,Placeholder,/job:localhost/replica:0/task:0/device:CPU:0,1.0,0.001
_arg_FrTLGaKo7c_0_89,Placeholder,/job:localhost/replica:0/task:0/device:CPU:0,1.0,0.001
_arg_3kdi0vsSZG_0_21,Placeholder,/job:localhost/replica:0/task:0/device:CPU:0,1.0,0.001
_arg_HZ0l3MmcPY_0_95,Placeholder,/job:localhost/replica:0/task:0/device:CPU:0,1.0,0.001
_arg_IztrlRfWQU_0_108,Placeholder,/job:localhost/replica:0/task:0/device:CPU:0,1.0,0.001
_arg_JSPsGophtx_0_112,Placeholder,/job:localhost/replica:0/task:0/device:CPU:0,1.0,0.001
_arg_JjyOIxALzM_0_115,Placeholder,/job:localhost/replica:0/task:0/device:CPU:0,1.0,0.001
_arg_KFhBukd7EV_0_118,Placeholder,/job:localhost/replica:0/task:0/device:CPU:0,1.0,0.001
_arg_RHo9Jz6KpI_0_153,Placeholder,/job:localhost/replica:0/task:0/device:CPU:0,1.0,0.001
_arg_NG35MnhTIF_0_134,Placeholder,/job:localhost/replica:0/task:0/device:CPU:0,1.0,0.001
_arg_NXOSdQVPs0_0_138,Placeholder,/job:localhost/replica:0/task:0/device:CPU:0,1.0,0.001
_arg_alvtrHJ95G_0_220,Placeholder,/job:localhost/replica:0/task:0/device:CPU:0,1.0,0.001
_arg_06AyS2QTzo_0_1,Placeholder,/job:localhost/replica:0/task:0/device:CPU:0,1.0,0.001
_arg_eQquakfWBY_0_244,Placeholder,/job:localhost/replica:0/task:0/device:CPU:0,1.0,0.001
_arg_fpcFBPsTyk_0_252,Placeholder,/job:localhost/replica:0/task:0/device:CPU:0,1.0,0.001
_arg_XevLAmJgSy_0_202,Placeholder,/job:localhost/replica:0/task:0/device:CPU:0,1.0,0.001
_arg_KGspl1Fzg0_0_119,Placeholder,/job:localhost/replica:0/task:0/device:CPU:0,1.0,0.001
_arg_KOdpo5kqsI_0_123,Placeholder,/job:localhost/replica:0/task:0/device:CPU:0,1.0,0.001
_arg_LKAvFme9ZS_0_127,Placeholder,/job:localhost/replica:0/task:0/device:CPU:0,1.0,0.001
_arg_MQb6fHVndu_0_131,Placeholder,/job:localhost/replica:0/task:0/device:CPU:0,1.0,0.001
_arg_dXvEYVC4st_0_240,Placeholder,/job:localhost/replica:0/task:0/device:CPU:0,1.0,0.001
_arg_ebEFYOy65u_0_245,Placeholder,/job:localhost/replica:0/task:0/device:CPU:0,1.0,0.001
_arg_fqAX8l29PG_0_253,Placeholder,/job:localhost/replica:0/task:0/device:CPU:0,1.0,0.001
_arg_gHPTxdcQWX_0_256,Placeholder,/job:localhost/replica:0/task:0/device:CPU:0,1.0,0.001
_arg_Ya2E8PbliH_0_206,Placeholder,/job:localhost/replica:0/task:0/device:CPU:0,1.0,0.001
_arg_Z9QLFGO2Su_0_209,Placeholder,/job:localhost/replica:0/task:0/device:CPU:0,1.0,0.001
_arg_aKmfBy1Mhi_0_216,Placeholder,/job:localhost/replica:0/task:0/device:CPU:0,1.0,0.001
_arg_aocCEyfXIS_0_221,Placeholder,/job:localhost/replica:0/task:0/device:CPU:0,1.0,0.001
_arg_SKG7aiAo3m_0_161,Placeholder,/job:localhost/replica:0/task:0/device:CPU:0,1.0,0.001
_arg_KH4GEDx8pO_0_120,Placeholder,/job:localhost/replica:0/task:0/device:CPU:0,1.0,0.001
_arg_LMobYAd5ru_0_128,Placeholder,/job:localhost/replica:0/task:0/device:CPU:0,1.0,0.001
_arg_fsm0Ck1QGl_0_254,Placeholder,/job:localhost/replica:0/task:0/device:CPU:0,1.0,0.001
_arg_gqk5byC8aJ_0_260,Placeholder,/job:localhost/replica:0/task:0/device:CPU:0,1.0,0.001
_arg_XxirNgB98u_0_203,Placeholder,/job:localhost/replica:0/task:0/device:CPU:0,1.0,0.001
_arg_YbIVz8l1un_0_207,Placeholder,/job:localhost/replica:0/task:0/device:CPU:0,1.0,0.001
_arg_ZRYNFfjSez_0_210,Placeholder,/job:localhost/replica:0/task:0/device:CPU:0,1.0,0.001
_arg_HLQJSVgFyi_0_93,Placeholder,/job:localhost/replica:0/task:0/device:CPU:0,1.0,0.001
_arg_aqMQBgb3hf_0_222,Placeholder,/job:localhost/replica:0/task:0/device:CPU:0,1.0,0.001
_arg_bJxY1IhSVn_0_224,Placeholder,/job:localhost/replica:0/task:0/device:CPU:0,1.0,0.001
_arg_c2MuYjWE3S_0_229,Placeholder,/job:localhost/replica:0/task:0/device:CPU:0,1.0,0.001
_arg_ceq9LkmQA5_0_234,Placeholder,/job:localhost/replica:0/task:0/device:CPU:0,1.0,0.001
_arg_dz1saATctE_0_242,Placeholder,/job:localhost/replica:0/task:0/device:CPU:0,1.0,0.001
_arg_fFjVmAbhCX_0_247,Placeholder,/job:localhost/replica:0/task:0/device:CPU:0,1.0,0.001
_arg_fZhaL2tCm6_0_251,Placeholder,/job:localhost/replica:0/task:0/device:CPU:0,1.0,0.001
_arg_fvGJwyjlm4_0_255,Placeholder,/job:localhost/replica:0/task:0/device:CPU:0,1.0,0.001
_arg_gdck97AK4w_0_258,Placeholder,/job:localhost/replica:0/task:0/device:CPU:0,1.0,0.001
_arg_gsP96ZTbn0_0_261,Placeholder,/job:localhost/replica:0/task:0/device:CPU:0,1.0,0.001
_arg_hEoRIXiSF0_0_264,Placeholder,/job:localhost/replica:0/task:0/device:CPU:0,1.0,0.001
_arg_YK10Jin6ca_0_204,Placeholder,/job:localhost/replica:0/task:0/device:CPU:0,1.0,0.001
_arg_ZcWERoz0h6_0_211,Placeholder,/job:localhost/replica:0/task:0/device:CPU:0,1.0,0.001
_arg_oQ5OcjZJe8_0_312,Placeholder,/job:localhost/replica:0/task:0/device:CPU:0,1.0,0.001
_arg_bTeX85HPmJ_0_225,Placeholder,/job:localhost/replica:0/task:0/device:CPU:0,1.0,0.001
_arg_d1ExPaGqMN_0_235,Placeholder,/job:localhost/replica:0/task:0/device:CPU:0,1.0,0.001
_arg_dR9G1bayok_0_239,Placeholder,/job:localhost/replica:0/task:0/device:CPU:0,1.0,0.001
_arg_loNH8y6bTn_0_288,Placeholder,/job:localhost/replica:0/task:0/device:CPU:0,1.0,0.001
_arg_m5MfQhR1Bp_0_292,Placeholder,/job:localhost/replica:0/task:0/device:CPU:0,1.0,0.001
_arg_gwNpMszEo3_0_262,Placeholder,/job:localhost/replica:0/task:0/device:CPU:0,1.0,0.001
_arg_hGtXM6ZJUv_0_265,Placeholder,/job:localhost/replica:0/task:0/device:CPU:0,1.0,0.001
_arg_pIb4NdDSn5_0_316,Placeholder,/job:localhost/replica:0/task:0/device:CPU:0,1.0,0.001
_arg_pjwGhTSAys_0_320,Placeholder,/job:localhost/replica:0/task:0/device:CPU:0,1.0,0.001
_arg_ZebaMGw6vA_0_212,Placeholder,/job:localhost/replica:0/task:0/device:CPU:0,1.0,0.001
_arg_agDiJj8lLK_0_218,Placeholder,/job:localhost/replica:0/task:0/device:CPU:0,1.0,0.001
_arg_kJg5ca1rqS_0_277,Placeholder,/job:localhost/replica:0/task:0/device:CPU:0,1.0,0.001
_arg_bX19AmYnBL_0_226,Placeholder,/job:localhost/replica:0/task:0/device:CPU:0,1.0,0.001
_arg_lqOmNvz5fj_0_289,Placeholder,/job:localhost/replica:0/task:0/device:CPU:0,1.0,0.001
_arg_mDpoFQLqWK_0_293,Placeholder,/job:localhost/replica:0/task:0/device:CPU:0,1.0,0.001
_arg_nEuw2U7mFR_0_304,Placeholder,/job:localhost/replica:0/task:0/device:CPU:0,1.0,0.001
_arg_nltbg9ZWQX_0_308,Placeholder,/job:localhost/replica:0/task:0/device:CPU:0,1.0,0.001
_arg_omr2g4XaH5_0_313,Placeholder,/job:localhost/replica:0/task:0/device:CPU:0,1.0,0.001
_arg_hADUwpE6P7_0_263,Placeholder,/job:localhost/replica:0/task:0/device:CPU:0,1.0,0.001
_arg_hKxguEQn94_0_266,Placeholder,/job:localhost/replica:0/task:0/device:CPU:0,1.0,0.001
_arg_qxzgXpiLdl_0_324,Placeholder,/job:localhost/replica:0/task:0/device:CPU:0,1.0,0.001
_arg_r8QjI5SCed_0_328,Placeholder,/job:localhost/replica:0/task:0/device:CPU:0,1.0,0.001
_arg_iUEBSr6gOG_0_270,Placeholder,/job:localhost/replica:0/task:0/device:CPU:0,1.0,0.001
_arg_ihcEmsYo9g_0_273,Placeholder,/job:localhost/replica:0/task:0/device:CPU:0,1.0,0.001
_arg_kX6xhVY7bJ_0_278,Placeholder,/job:localhost/replica:0/task:0/device:CPU:0,1.0,0.001
_arg_kw7Kzgp1JD_0_280,Placeholder,/job:localhost/replica:0/task:0/device:CPU:0,1.0,0.001
_arg_ahAlEtBvzo_0_219,Placeholder,/job:localhost/replica:0/task:0/device:CPU:0,1.0,0.001
_arg_lyiDxfzZg3_0_290,Placeholder,/job:localhost/replica:0/task:0/device:CPU:0,1.0,0.001
_arg_bhuXRdz0E5_0_227,Placeholder,/job:localhost/replica:0/task:0/device:CPU:0,1.0,0.001
_arg_magwfJSnUu_0_298,Placeholder,/job:localhost/replica:0/task:0/device:CPU:0,1.0,0.001
_arg_nIJL1FUMdk_0_305,Placeholder,/job:localhost/replica:0/task:0/device:CPU:0,1.0,0.001
_arg_pH5srbufJ1_0_314,Placeholder,/job:localhost/replica:0/task:0/device:CPU:0,1.0,0.001
_arg_pQsi1GNxvj_0_317,Placeholder,/job:localhost/replica:0/task:0/device:CPU:0,1.0,0.001
_arg_qd1komWTn4_0_321,Placeholder,/job:localhost/replica:0/task:0/device:CPU:0,1.0,0.001
_arg_hzqb8Cpfc1_0_267,Placeholder,/job:localhost/replica:0/task:0/device:CPU:0,1.0,0.001
_arg_ifP6Ceko5T_0_271,Placeholder,/job:localhost/replica:0/task:0/device:CPU:0,1.0,0.001
_arg_m2YscaoDjP_0_291,Placeholder,/job:localhost/replica:0/task:0/device:CPU:0,1.0,0.001
_arg_mgnGNH4Mz3_0_299,Placeholder,/job:localhost/replica:0/task:0/device:CPU:0,1.0,0.001
_arg_mxUaAp0CV8_0_302,Placeholder,/job:localhost/replica:0/task:0/device:CPU:0,1.0,0.001
_arg_pHflUqMEaX_0_315,Placeholder,/job:localhost/replica:0/task:0/device:CPU:0,1.0,0.001
_arg_r1GsND0okc_0_326,Placeholder,/job:localhost/replica:0/task:0/device:CPU:0,1.0,0.001
_arg_ry2xad1vc9_0_330,Placeholder,/job:localhost/replica:0/task:0/device:CPU:0,1.0,0.001
_arg_ihKZd8ANk7_0_272,Placeholder,/job:localhost/replica:0/task:0/device:CPU:0,1.0,0.001
_arg_j25yTFI0eZ_0_275,Placeholder,/job:localhost/replica:0/task:0/device:CPU:0,1.0,0.001
_arg_l5WSX3VvMK_0_282,Placeholder,/job:localhost/replica:0/task:0/device:CPU:0,1.0,0.001
_arg_waXyDlz530_0_359,Placeholder,/job:localhost/replica:0/task:0/device:CPU:0,1.0,0.001
_arg_y5fPVEH2j4_0_367,Placeholder,/job:localhost/replica:0/task:0/device:CPU:0,1.0,0.001
_arg_n4iptOVFwE_0_303,Placeholder,/job:localhost/replica:0/task:0/device:CPU:0,1.0,0.001
_arg_nPUSZFm74Y_0_307,Placeholder,/job:localhost/replica:0/task:0/device:CPU:0,1.0,0.001
_arg_o74vNAnXxy_0_311,Placeholder,/job:localhost/replica:0/task:0/device:CPU:0,1.0,0.001
_arg_pYw7fMVoQg_0_319,Placeholder,/job:localhost/replica:0/task:0/device:CPU:0,1.0,0.001
_arg_qfwYOHde3u_0_323,Placeholder,/job:localhost/replica:0/task:0/device:CPU:0,1.0,0.001
_arg_r1WGP7Xe9H_0_327,Placeholder,/job:localhost/replica:0/task:0/device:CPU:0,1.0,0.001
_arg_sOz8pkBZ5n_0_331,Placeholder,/job:localhost/replica:0/task:0/device:CPU:0,1.0,0.001
_arg_sZdFJI9nwg_0_333,Placeholder,/job:localhost/replica:0/task:0/device:CPU:0,1.0,0.001
_arg_tWcngAq7hV_0_337,Placeholder,/job:localhost/replica:0/task:0/device:CPU:0,1.0,0.001
_arg_uFSOc5Chp2_0_340,Placeholder,/job:localhost/replica:0/task:0/device:CPU:0,1.0,0.001
_arg_uVm4kOBe8l_0_343,Placeholder,/job:localhost/replica:0/task:0/device:CPU:0,1.0,0.001
_arg_vOI1hWzBDK_0_351,Placeholder,/job:localhost/replica:0/task:0/device:CPU:0,1.0,0.001
_arg_lDIuWZ8VFU_0_283,Placeholder,/job:localhost/replica:0/task:0/device:CPU:0,1.0,0.001
_arg_lhbKMrO1my_0_286,Placeholder,/job:localhost/replica:0/task:0/device:CPU:0,1.0,0.001
_arg_z3lqgZM8WU_0_371,Placeholder,/job:localhost/replica:0/task:0/device:CPU:0,1.0,0.001
_arg_zZHaVOckpw_0_375,Placeholder,/job:localhost/replica:0/task:0/device:CPU:0,1.0,0.001
_arg_uGCZaoYr3L_0_341,Placeholder,/job:localhost/replica:0/task:0/device:CPU:0,1.0,0.001
_arg_uhcrWfUe6M_0_344,Placeholder,/job:localhost/replica:0/task:0/device:CPU:0,1.0,0.001
_arg_v4fNptDqcL_0_348,Placeholder,/job:localhost/replica:0/task:0/device:CPU:0,1.0,0.001
_arg_vPaCFg3sAl_0_352,Placeholder,/job:localhost/replica:0/task:0/device:CPU:0,1.0,0.001
_arg_vtIF8HqRG6_0_355,Placeholder,/job:localhost/replica:0/task:0/device:CPU:0,1.0,0.001
_arg_yFeB2xg6sO_0_369,Placeholder,/job:localhost/replica:0/task:0/device:CPU:0,1.0,0.001
_arg_zIoqYe9cRb_0_372,Placeholder,/job:localhost/replica:0/task:0/device:CPU:0,1.0,0.001
_arg_zvFYW45wMr_0_376,Placeholder,/job:localhost/replica:0/task:0/device:CPU:0,1.0,0.001
_arg_uM7aDfZz1t_0_342,Placeholder,/job:localhost/replica:0/task:0/device:CPU:0,1.0,0.001
_arg_xVErSbJ0hg_0_364,Placeholder,/job:localhost/replica:0/task:0/device:CPU:0,1.0,0.001
_arg_yVxKAL4U5G_0_370,Placeholder,/job:localhost/replica:0/task:0/device:CPU:0,1.0,0.001
_retval_cKmhIV07rZ_0_3,RealDiv,/job:localhost/replica:0/task:0/device:CPU:0,1.0,0.001
_retval_MAH6wlfRTW_0_0,Sub,/job:localhost/replica:0/task:0/device:CPU:0,1.0,0.001
_retval_xTIzY3WDHK_0_4,Tanh,/job:localhost/replica:0/task:0/device:CPU:0,1.0,0.001
_SOURCE,Unknown,/job:localhost/replica:0/task:0/device:GPU:0,0.0,0.0
VUdkXpaZP5,ExpandDims,/job:localhost/replica:0/task:0/device:GPU:0,0.0,0.0
_SOURCE,Unknown,/job:localhost/replica:0/task:0/device:CPU:0,0.0,0.0
_arg_w04Keh2FJu_0_357,Placeholder,/job:localhost/replica:0/task:0/device:CPU:0,0.0,0.0
_arg_w27LgiJW6P_0_358,Placeholder,/job:localhost/replica:0/task:0/device:CPU:0,0.0,0.0
_arg_1aXQU27NrD_0_10,Placeholder,/job:localhost/replica:0/task:0/device:CPU:0,0.0,0.0
_arg_5bcvLlI6HE_0_32,Placeholder,/job:localhost/replica:0/task:0/device:CPU:0,0.0,0.0
_arg_5yColzZ8K3_0_34,Placeholder,/job:localhost/replica:0/task:0/device:CPU:0,0.0,0.0
_arg_8KRQILP469_0_48,Placeholder,/job:localhost/replica:0/task:0/device:CPU:0,0.0,0.0
_arg_4RjhYVIfz6_0_25,Placeholder,/job:localhost/replica:0/task:0/device:CPU:0,0.0,0.0
_arg_50ovs1NnYh_0_30,Placeholder,/job:localhost/replica:0/task:0/device:CPU:0,0.0,0.0
_arg_BQHyb3DGCE_0_63,Placeholder,/job:localhost/replica:0/task:0/device:CPU:0,0.0,0.0
_arg_8iOST90kWM_0_49,Placeholder,/job:localhost/replica:0/task:0/device:CPU:0,0.0,0.0
_arg_EKpP4xMXu8_0_77,Placeholder,/job:localhost/replica:0/task:0/device:CPU:0,0.0,0.0
_arg_Cw59eOo7M1_0_69,Placeholder,/job:localhost/replica:0/task:0/device:CPU:0,0.0,0.0
_arg_J3H2EjAXt8_0_109,Placeholder,/job:localhost/replica:0/task:0/device:CPU:0,0.0,0.0
_arg_ObZQkfyaKG_0_142,Placeholder,/job:localhost/replica:0/task:0/device:CPU:0,0.0,0.0
_arg_UaC5MZd8qb_0_177,Placeholder,/job:localhost/replica:0/task:0/device:CPU:0,0.0,0.0
_arg_RPGvVrZMak_0_155,Placeholder,/job:localhost/replica:0/task:0/device:CPU:0,0.0,0.0
_arg_URVDgNGoIx_0_175,Placeholder,/job:localhost/replica:0/task:0/device:CPU:0,0.0,0.0
_arg_TWPHfwn7r5_0_166,Placeholder,/job:localhost/replica:0/task:0/device:CPU:0,0.0,0.0
_arg_UrTfLOxlV3_0_181,Placeholder,/job:localhost/replica:0/task:0/device:CPU:0,0.0,0.0
_arg_Qp3K1PHvte_0_151,Placeholder,/job:localhost/replica:0/task:0/device:CPU:0,0.0,0.0
_arg_S5D6WGIXMd_0_160,Placeholder,/job:localhost/replica:0/task:0/device:CPU:0,0.0,0.0
_arg_Vbv2Om3ptd_0_186,Placeholder,/job:localhost/replica:0/task:0/device:CPU:0,0.0,0.0
_arg_W3KAtTdC92_0_190,Placeholder,/job:localhost/replica:0/task:0/device:CPU:0,0.0,0.0
_arg_TxEdCcekGS_0_172,Placeholder,/job:localhost/replica:0/task:0/device:CPU:0,0.0,0.0
_arg_Q2Om7B1nhU_0_149,Placeholder,/job:localhost/replica:0/task:0/device:CPU:0,0.0,0.0
_arg_VfFM90O7LN_0_187,Placeholder,/job:localhost/replica:0/task:0/device:CPU:0,0.0,0.0
_arg_XRvxjULC7M_0_201,Placeholder,/job:localhost/replica:0/task:0/device:CPU:0,0.0,0.0
_arg_KN13IWXZSu_0_121,Placeholder,/job:localhost/replica:0/task:0/device:CPU:0,0.0,0.0
_arg_UpWkNPIeJO_0_180,Placeholder,/job:localhost/replica:0/task:0/device:CPU:0,0.0,0.0
_arg_Wiks0GPJMQ_0_192,Placeholder,/job:localhost/replica:0/task:0/device:CPU:0,0.0,0.0
_arg_Ouj93S4aWb_0_145,Placeholder,/job:localhost/replica:0/task:0/device:CPU:0,0.0,0.0
_arg_AfxiFXbSj3_0_61,Placeholder,/job:localhost/replica:0/task:0/device:CPU:0,0.0,0.0
_arg_WsiwEgbYlT_0_196,Placeholder,/job:localhost/replica:0/task:0/device:CPU:0,0.0,0.0
_arg_VUqfdN5Fzv_0_184,Placeholder,/job:localhost/replica:0/task:0/device:CPU:0,0.0,0.0
_arg_HRGzlnEkXQ_0_94,Placeholder,/job:localhost/replica:0/task:0/device:CPU:0,0.0,0.0
_arg_HyzMmXUNAP_0_99,Placeholder,/job:localhost/replica:0/task:0/device:CPU:0,0.0,0.0
_arg_IQawVv9sqx_0_104,Placeholder,/job:localhost/replica:0/task:0/device:CPU:0,0.0,0.0
_arg_92MwiALCHX_0_51,Placeholder,/job:localhost/replica:0/task:0/device:CPU:0,0.0,0.0
_arg_985IRiY0X6_0_52,Placeholder,/job:localhost/replica:0/task:0/device:CPU:0,0.0,0.0
_arg_cN2JSTnFOu_0_232,Placeholder,/job:localhost/replica:0/task:0/device:CPU:0,0.0,0.0
_arg_9mfMQZIXVH_0_57,Placeholder,/job:localhost/replica:0/task:0/device:CPU:0,0.0,0.0
_arg_bsFqHW5i6g_0_228,Placeholder,/job:localhost/replica:0/task:0/device:CPU:0,0.0,0.0
_arg_FTIMrcfako_0_85,Placeholder,/job:localhost/replica:0/task:0/device:CPU:0,0.0,0.0
_arg_d8RoEzG52p_0_236,Placeholder,/job:localhost/replica:0/task:0/device:CPU:0,0.0,0.0
_arg_HFesjVwyB6_0_91,Placeholder,/job:localhost/replica:0/task:0/device:CPU:0,0.0,0.0
_arg_fKsuaR6OE2_0_248,Placeholder,/job:localhost/replica:0/task:0/device:CPU:0,0.0,0.0
_arg_dAFYcGrfEl_0_237,Placeholder,/job:localhost/replica:0/task:0/device:CPU:0,0.0,0.0
_arg_a5QhOKE1Yc_0_214,Placeholder,/job:localhost/replica:0/task:0/device:CPU:0,0.0,0.0
_arg_duyRoIEkH8_0_241,Placeholder,/job:localhost/replica:0/task:0/device:CPU:0,0.0,0.0
_arg_gU9SoiHyRO_0_257,Placeholder,/job:localhost/replica:0/task:0/device:CPU:0,0.0,0.0
_arg_dMO2bknDYA_0_238,Placeholder,/job:localhost/replica:0/task:0/device:CPU:0,0.0,0.0
_arg_YsGAJ1iRPS_0_208,Placeholder,/job:localhost/replica:0/task:0/device:CPU:0,0.0,0.0
_arg_bJsIAzhYc3_0_223,Placeholder,/job:localhost/replica:0/task:0/device:CPU:0,0.0,0.0
_arg_gkGLzseUSO_0_259,Placeholder,/job:localhost/replica:0/task:0/device:CPU:0,0.0,0.0
_arg_iCbkMrmXBh_0_268,Placeholder,/job:localhost/replica:0/task:0/device:CPU:0,0.0,0.0
_arg_iE352qtAOx_0_269,Placeholder,/job:localhost/replica:0/task:0/device:CPU:0,0.0,0.0
_arg_cHzIDJm6us_0_231,Placeholder,/job:localhost/replica:0/task:0/device:CPU:0,0.0,0.0
_arg_mTMtDEo3r8_0_297,Placeholder,/job:localhost/replica:0/task:0/device:CPU:0,0.0,0.0
_arg_msiPzSBKMj_0_300,Placeholder,/job:localhost/replica:0/task:0/device:CPU:0,0.0,0.0
_arg_mt0cODHoal_0_301,Placeholder,/job:localhost/replica:0/task:0/device:CPU:0,0.0,0.0
_arg_nv2tzWRf1I_0_309,Placeholder,/job:localhost/replica:0/task:0/device:CPU:0,0.0,0.0
_arg_qzd23aNGIT_0_325,Placeholder,/job:localhost/replica:0/task:0/device:CPU:0,0.0,0.0
_arg_lDhFNYzbxR_0_284,Placeholder,/job:localhost/replica:0/task:0/device:CPU:0,0.0,0.0
_arg_pY0t1rI5WU_0_318,Placeholder,/job:localhost/replica:0/task:0/device:CPU:0,0.0,0.0
_arg_qeZ76Hc03v_0_322,Placeholder,/job:localhost/replica:0/task:0/device:CPU:0,0.0,0.0
_arg_tIGjbcEuDd_0_336,Placeholder,/job:localhost/replica:0/task:0/device:CPU:0,0.0,0.0
_arg_lQmygxs5aD_0_285,Placeholder,/job:localhost/replica:0/task:0/device:CPU:0,0.0,0.0
_arg_xT9FhjM1Uu_0_363,Placeholder,/job:localhost/replica:0/task:0/device:CPU:0,0.0,0.0
_arg_yDES0Cj7Td_0_368,Placeholder,/job:localhost/replica:0/task:0/device:CPU:0,0.0,0.0
_arg_tZOFD39jRS_0_338,Placeholder,/job:localhost/replica:0/task:0/device:CPU:0,0.0,0.0
_arg_u2OJ7kfglD_0_339,Placeholder,/job:localhost/replica:0/task:0/device:CPU:0,0.0,0.0
_arg_vAbKepTjQg_0_349,Placeholder,/job:localhost/replica:0/task:0/device:CPU:0,0.0,0.0
_arg_whRnWGgf0Q_0_361,Placeholder,/job:localhost/replica:0/task:0/device:CPU:0,0.0,0.0
